requested_node=aias-compute-4 requested_gpu=2x4090
running_node=aias-compute-4 allocated_cuda_visible_devices=0,1
SOURCE_FILES_JSON={"CIARD.py": "29494b84b2085aea750c3fc960196b6d4a3d209d99187615fa2584787c5e8467", "attack_eval.py": "277e1f93759be6acc064b7a7d93c116278a854f9623b183d052aa8ec5b832439", "awp_consistency.py": "cc29d33d2b660ae60734333f68d0ca833a931e496a05dc8685042a7cd9408d0d", "check_eval_log.py": "580308176d927d32e7727b4e15896088676d0d9a4f58f23c6670d80a4125306f", "check_train_complete.py": "012e6549beff5b794f59b3a0105da71668c662112b6da39cb2462eebb870d290", "cifar100_teacher.py": "c2b8410fd6b5ef7eec02f2bdda3e5e01e3f620418f02425cff687e769ddbdf6e", "cifar10_models/__init__.py": "ef2b254322a9e73e4ed52cfb4bc7e03d450990f029e7ae45caad0c8eb983b01c", "cifar10_models/mobilenet_v2.py": "e1e58da5605b4afa1a5df2c103a745bbdd55b30ec634b3ea302ad061eb95f0ca", "cifar10_models/resnet.py": "e5ea91dd4c5fc3c7d1c485637bda2ea155c1e785bc7af34436f64ef47254ecb3", "cifar10_models/wideresnet.py": "497de9f2c8033f83b887ba725e093cd15a7cab149959bdccb0de8d575e345fac", "cifar10_nat_teacher_models/__init__.py": "91f40ae8ba797235d84271cc2b37ae191a79deb2b7b89346cdb328f8a42bc437", "cifar10_nat_teacher_models/mobilenetv2.py": "a603d2eaa3893fbc331d218330af511a28e5be6c417e1928718ba8e6164df3ce", "cifar10_nat_teacher_models/repvgg.py": "b885b78c5b20fea68bbe22f1839d1910e732a9be25afb8571fc4f1f6348a3c15", "cifar10_nat_teacher_models/resnet.py": "52842491e5e57836e73f3fc36ad7bede6e3c5d040b033dd46cdc3ae66937ba98", "cifar10_nat_teacher_models/shufflenetv2.py": "8a85b853456879c0032a6ecba0b716e6ab41f8997e708bb8b3f5d980ea42319e", "cifar10_nat_teacher_models/vgg.py": "1a98f70547f6734bf576d0a89ef2ef8aaa5af59f1133de0da72e852526659ec2", "cifar10_nat_teacher_models/vit.py": "4f8b80a8b79b57e787293c88ed9d9a04afce14354f55ccd0388ddbbdcf622fa4", "convert_rb_teacher.py": "3d8dca5139b7791318ceaed8b34f55daf463ed458f0d9e291e3c5ec06126e85d", "fast_eval.py": "b37e1aaf01e52f6dd3927984549df40dcd15acdadf22f81765b8b889ae2c29c2", "mtard_loss.py": "07ec022c626fc4b1c87170a280ed0ef360d5c064a79f26b47ee258374da2528d", "run_checks.py": "0c1840229fefa5cc18f5a2e214c45f36216d17c4c16f91390365642f441dead3", "split_target_mix.py": "ef059f02861714aba63ff7ad4a4125c8d2823cde332cda0106067e2604e3fbf4", "train_teacher.py": "50d6b578936b61191afd4016cea625291a14b15ac9f30e244245ef99feac93c6", "validate_ciardpp.py": "21cefa0017e669ba29b77ce30ea6ec32a0936657859bc6d097f06f495bf1b886"}
preflight_torch=1.10.0+cu113 torchvision=0.11.1+cu113 cuda_build=11.3
teacher=WRN-70-16 checkpoint=/mnt/beegfs/home/lixidong25/mycode/CIARD_Expansion/models/cifar100_linf_wrn70-16_without.pt bytes=1067932403 sha256=3114df6b9d5adf9f275e8fea5a91b71c61df78a568ad31544b6950807d595c8c shape=(100, 1024) input=raw model_internal_normalization=CIFAR100
teacher=WRN-22-6 checkpoint=/mnt/beegfs/home/lixidong25/mycode/CIARD_Expansion/models/nat_teacher_checkpoint/cifar100_wrn_22_6.pth bytes=38845779 sha256=c91c5bf8b5f6c74c427d9a88815c00f98b73a4d1109fb4508b985ae86919e935 shape=(100, 384) input=raw model_internal_normalization=CIFAR100
preflight_dataset=CIFAR100 classes=100 samples=train:50000 test:10000
preflight_gpu=0 name=NVIDIA GeForce RTX 4090
preflight_gpu=1 name=NVIDIA GeForce RTX 4090
PRECHECK_OK mode=cuda
Files already downloaded and verified
Files already downloaded and verified
2026-09-14 21:17:26.956 | INFO     | __main__:<module>:445 - 
CIARD-Safe+ (IJCV extension)
Default: original CIARD objective + student EMA evaluation/checkpointing.
Strong CIARD++ components remain available through CFG, but are disabled by
default because the latest full-metric run showed systematic regression.
Lr stage decay, epoch = 300 coslr

2026-09-14 21:17:26.956 | INFO     | __main__:<module>:452 - CIARD resolved train config:
variant: mobilenetv2_cifar100_natorig_awp0p002_cr0p50
prefix: Cifar100_MobileNetV2_0914v1_natorig_awp0p002_cr0p50
dataset: CIFAR100 train_samples=50000 test_samples=10000
student: MobileNetV2 num_classes=100
epochs: 300
batch_size: 128 (global; 64 per device for full training batches)
training_gpus: 2 (DataParallel)
teacher_input: raw [0,1]; model-internal CIFAR100 normalization
train_epsilon: 0.03137254901960784
train_pgd_steps: 10
train_pgd_step_size: 2/255
training_seed: 0
selection_protocol: historical_50k_train_test_loader_selection
robust_teacher_checkpoint: models/cifar100_linf_wrn70-16_without.pt
natural_teacher_checkpoint: models/nat_teacher_checkpoint/cifar100_wrn_22_6.pth
USE_CIARDPP: True
CIARD_SAFE_PLUS: True
CFG:
  adaptive_weight: False
  adv_ce_weight: 0.0
  adv_margin_kappa: 0.0
  adv_margin_start: 120
  adv_margin_warmup: 80
  adv_margin_weight: 0.0
  adv_weight_floor: 0.35
  attack_teacher_alpha: 0.0
  awp_gamma: 0.002
  capacity_aware: False
  capacity_floor: 0.5
  capacity_start: 60
  capacity_xi: 1.0
  ce_start: 120
  ce_warmup: 80
  clean_ce_gate_floor: 0.0
  clean_ce_gate_tau: 2.0
  clean_ce_robust_gate: True
  clean_ce_weight: 0.05
  consistency_temperature: 0.5
  consistency_weight: 0.5
  ema_decay: 0.99
  ema_itt: False
  ema_use_start: 70
  eval_student_ema: True
  method_start: 120
  method_warmup: 40
  proj_dim: 128
  push_T: 5.0
  push_eta: 0.3
  push_feature: False
  push_gamma: 4.0
  push_lambda: 0.05
  push_require_robust_correct: True
  push_soft: True
  push_warmup: 80
  resnet_teacher_margin_start: 180
  resnet_teacher_margin_warmup: 80
  resnet_teacher_margin_weight: 0.005
  robust_kd_floor: 0.5
  robust_kd_reliable: False
  save_ema_as_student: True
  student_arch_adaptive_margin: False
  student_ema: True
  student_ema_decay: 0.999
  teacher_margin_adv_floor: 0.0
  teacher_margin_adv_gate: False
  teacher_margin_adv_tau: 1.0
  teacher_margin_cap: 2.0
  teacher_margin_clean_floor: 0.0
  teacher_margin_clean_gate: False
  teacher_margin_clean_tau: 1.0
  teacher_margin_conflict_floor: 0.0
  teacher_margin_conflict_gate: False
  teacher_margin_conflict_threshold: 0.0
  teacher_margin_per_sample_conflict: False
  teacher_margin_per_sample_floor: 0.0
  teacher_margin_per_sample_tau: 1.0
  teacher_margin_start: 140
  teacher_margin_tau: 2.0
  teacher_margin_warmup: 80
  teacher_margin_weight: 0.01
  teacher_warmup: 50
  training_views: 2

2026-09-14 21:17:26.957 | INFO     | __main__:<module>:482 - METHOD epoch=1 views=1 awp_gamma=0.0 consistency_weight=0.0
2026-09-14 21:17:26.957 | INFO     | __main__:<module>:485 - the 1th epoch 
2026-09-14 21:17:32.545 | INFO     | __main__:<module>:872 - lr:0.1 weight_nat: 0.5, nat_loss: 0.04596371576189995, weight_adv: 0.5, adv_loss: 0.02998449094593525 weight-klloss3 0.0006250000000000001 Loss3: 0.0018550469540059566 clean_ce: 1.9848220348358154, adv_ce: 4.647055149078369, adv_margin: 0.5795366764068604, clean_gate: 0.4284202754497528, teacher_margin: 1.6276769638061523, teacher_margin_gate: 0.6991093158721924, teacher_clean_gate: 1.0, teacher_adv_gate: 1.0, tm_grad_cos: 1.0, tm_scale: 1.0, tm_ps_scale: 1.0
2026-09-14 21:18:53.208 | INFO     | __main__:<module>:872 - lr:0.1 weight_nat: 0.4892364946423545, nat_loss: 0.04443323612213135, weight_adv: 0.5107635053576455, adv_loss: 0.02995459735393524 weight-klloss3 0.0006250000000000001 Loss3: 0.0003396953106857836 clean_ce: 1.9248912334442139, adv_ce: 4.74818754196167, adv_margin: 0.6242357492446899, clean_gate: 0.42570698261260986, teacher_margin: 1.6703945398330688, teacher_margin_gate: 0.6975947618484497, teacher_clean_gate: 1.0, teacher_adv_gate: 1.0, tm_grad_cos: 1.0, tm_scale: 1.0, tm_ps_scale: 1.0
2026-09-14 21:20:13.388 | INFO     | __main__:<module>:872 - lr:0.1 weight_nat: 0.48768683486317566, nat_loss: 0.04228933900594711, weight_adv: 0.5123131651368245, adv_loss: 0.029452499002218246 weight-klloss3 0.0006250000000000001 Loss3: 0.00067339331144467 clean_ce: 1.872391939163208, adv_ce: 4.612733840942383, adv_margin: 0.5952315330505371, clean_gate: 0.4291442632675171, teacher_margin: 1.6011176109313965, teacher_margin_gate: 0.6788144707679749, teacher_clean_gate: 1.0, teacher_adv_gate: 1.0, tm_grad_cos: 1.0, tm_scale: 1.0, tm_ps_scale: 1.0
2026-09-14 21:21:31.300 | INFO     | __main__:<module>:872 - lr:0.1 weight_nat: 0.4808076405354589, nat_loss: 0.040662117302417755, weight_adv: 0.5191923594645411, adv_loss: 0.02851775661110878 weight-klloss3 0.0006250000000000001 Loss3: 0.000766939134337008 clean_ce: 1.6839219331741333, adv_ce: 4.618818759918213, adv_margin: 0.8737492561340332, clean_gate: 0.3981306850910187, teacher_margin: 1.7154290676116943, teacher_margin_gate: 0.6659159064292908, teacher_clean_gate: 1.0, teacher_adv_gate: 1.0, tm_grad_cos: 1.0, tm_scale: 1.0, tm_ps_scale: 1.0
2026-09-14 21:22:41.909 | INFO     | __main__:<module>:875 - TRAIN_EPOCH_RESOURCE epoch=1 seconds=314.9524006359279 peak_allocated_bytes=19396831744
2026-09-14 21:23:41.973 | INFO     | __main__:<module>:934 - student robust acc 0.0100, teacher robust acc 0.5824, nat teacher robust acc 0.5334
2026-09-14 21:24:00.167 | INFO     | __main__:<module>:1007 - best accuracy:0.01
2026-09-14 21:24:00.167 | INFO     | __main__:<module>:1010 - student natural acc 0.0100, adv teacher natural acc 0.5829, nat teacher natural acc 0.7650
2026-09-14 21:24:00.169 | INFO     | __main__:<module>:482 - METHOD epoch=2 views=1 awp_gamma=0.0 consistency_weight=0.0
2026-09-14 21:24:00.169 | INFO     | __main__:<module>:485 - the 2th epoch 
2026-09-14 21:24:00.959 | INFO     | __main__:<module>:872 - lr:0.1 weight_nat: 0.47636149798143657, nat_loss: 0.03933502733707428, weight_adv: 0.5236385020185635, adv_loss: 0.02876165509223938 weight-klloss3 0.0012500000000000002 Loss3: 0.0010640306863933802 clean_ce: 1.5541841983795166, adv_ce: 4.584112644195557, adv_margin: 1.0305018424987793, clean_gate: 0.38152366876602173, teacher_margin: 1.9562703371047974, teacher_margin_gate: 0.7091882228851318, teacher_clean_gate: 1.0, teacher_adv_gate: 1.0, tm_grad_cos: 1.0, tm_scale: 1.0, tm_ps_scale: 1.0
2026-09-14 21:25:21.466 | INFO     | __main__:<module>:872 - lr:0.1 weight_nat: 0.4741198840926457, nat_loss: 0.03880603611469269, weight_adv: 0.5258801159073544, adv_loss: 0.02730896696448326 weight-klloss3 0.0012500000000000002 Loss3: 0.0005915685323998332 clean_ce: 1.5467227697372437, adv_ce: 4.474170684814453, adv_margin: 1.0068964958190918, clean_gate: 0.3821536898612976, teacher_margin: 1.8211863040924072, teacher_margin_gate: 0.6861121654510498, teacher_clean_gate: 1.0, teacher_adv_gate: 1.0, tm_grad_cos: 1.0, tm_scale: 1.0, tm_ps_scale: 1.0
2026-09-14 21:26:42.595 | INFO     | __main__:<module>:872 - lr:0.1 weight_nat: 0.47418723123558953, nat_loss: 0.036858946084976196, weight_adv: 0.5258127687644104, adv_loss: 0.025213725864887238 weight-klloss3 0.0012500000000000002 Loss3: 0.0008308868855237961 clean_ce: 1.486391544342041, adv_ce: 4.362303733825684, adv_margin: 1.028412103652954, clean_gate: 0.3799026906490326, teacher_margin: 1.7175312042236328, teacher_margin_gate: 0.643808126449585, teacher_clean_gate: 1.0, teacher_adv_gate: 1.0, tm_grad_cos: 1.0, tm_scale: 1.0, tm_ps_scale: 1.0
2026-09-14 21:28:03.456 | INFO     | __main__:<module>:872 - lr:0.1 weight_nat: 0.4699276467145238, nat_loss: 0.03494104743003845, weight_adv: 0.5300723532854762, adv_loss: 0.025741135701537132 weight-klloss3 0.0012500000000000002 Loss3: 0.0010800028685480356 clean_ce: 1.4087393283843994, adv_ce: 4.337505340576172, adv_margin: 1.1322563886642456, clean_gate: 0.3695608973503113, teacher_margin: 1.8511371612548828, teacher_margin_gate: 0.6647776961326599, teacher_clean_gate: 1.0, teacher_adv_gate: 1.0, tm_grad_cos: 1.0, tm_scale: 1.0, tm_ps_scale: 1.0
2026-09-14 21:29:15.954 | INFO     | __main__:<module>:875 - TRAIN_EPOCH_RESOURCE epoch=2 seconds=315.78427439555526 peak_allocated_bytes=19400391680
2026-09-14 21:29:15.954 | INFO     | __main__:<module>:482 - METHOD epoch=3 views=1 awp_gamma=0.0 consistency_weight=0.0
2026-09-14 21:29:15.954 | INFO     | __main__:<module>:485 - the 3th epoch 
2026-09-14 21:29:16.759 | INFO     | __main__:<module>:872 - lr:0.1 weight_nat: 0.46534863992717407, nat_loss: 0.03468802198767662, weight_adv: 0.5346513600728259, adv_loss: 0.025308091193437576 weight-klloss3 0.001875 Loss3: 0.0010932774748653173 clean_ce: 1.3858239650726318, adv_ce: 4.45326042175293, adv_margin: 1.243261456489563, clean_gate: 0.35925692319869995, teacher_margin: 1.892683982849121, teacher_margin_gate: 0.6510666608810425, teacher_clean_gate: 1.0, teacher_adv_gate: 1.0, tm_grad_cos: 1.0, tm_scale: 1.0, tm_ps_scale: 1.0
2026-09-14 21:30:37.068 | INFO     | __main__:<module>:872 - lr:0.1 weight_nat: 0.46058379482692285, nat_loss: 0.033652354031801224, weight_adv: 0.5394162051730771, adv_loss: 0.02649962157011032 weight-klloss3 0.001875 Loss3: 0.0010577678913250566 clean_ce: 1.3566391468048096, adv_ce: 4.490449905395508, adv_margin: 1.3558449745178223, clean_gate: 0.35255974531173706, teacher_margin: 1.9632337093353271, teacher_margin_gate: 0.6708598732948303, teacher_clean_gate: 1.0, teacher_adv_gate: 1.0, tm_grad_cos: 1.0, tm_scale: 1.0, tm_ps_scale: 1.0
2026-09-14 21:31:57.392 | INFO     | __main__:<module>:872 - lr:0.1 weight_nat: 0.4541911545205906, nat_loss: 0.033052943646907806, weight_adv: 0.5458088454794094, adv_loss: 0.025157269090414047 weight-klloss3 0.001875 Loss3: 0.0010388841619715095 clean_ce: 1.3512548208236694, adv_ce: 4.40340518951416, adv_margin: 1.3378658294677734, clean_gate: 0.3496801257133484, teacher_margin: 1.9804291725158691, teacher_margin_gate: 0.6732131838798523, teacher_clean_gate: 1.0, teacher_adv_gate: 1.0, tm_grad_cos: 1.0, tm_scale: 1.0, tm_ps_scale: 1.0
2026-09-14 21:33:16.039 | INFO     | __main__:<module>:872 - lr:0.1 weight_nat: 0.44592068430676995, nat_loss: 0.03103059157729149, weight_adv: 0.5540793156932301, adv_loss: 0.025645513087511063 weight-klloss3 0.001875 Loss3: 0.0006939070881344378 clean_ce: 1.306668758392334, adv_ce: 4.2579345703125, adv_margin: 1.2685232162475586, clean_gate: 0.3559322953224182, teacher_margin: 1.9304972887039185, teacher_margin_gate: 0.6606834530830383, teacher_clean_gate: 1.0, teacher_adv_gate: 1.0, tm_grad_cos: 1.0, tm_scale: 1.0, tm_ps_scale: 1.0
2026-09-14 21:34:25.507 | INFO     | __main__:<module>:875 - TRAIN_EPOCH_RESOURCE epoch=3 seconds=309.5527543760836 peak_allocated_bytes=19403537408
2026-09-14 21:34:25.507 | INFO     | __main__:<module>:482 - METHOD epoch=4 views=1 awp_gamma=0.0 consistency_weight=0.0
2026-09-14 21:34:25.507 | INFO     | __main__:<module>:485 - the 4th epoch 
2026-09-14 21:34:26.269 | INFO     | __main__:<module>:872 - lr:0.1 weight_nat: 0.438335304528939, nat_loss: 0.028674697503447533, weight_adv: 0.5616646954710611, adv_loss: 0.024016354233026505 weight-klloss3 0.0025000000000000005 Loss3: 0.0014466146240010858 clean_ce: 1.2963495254516602, adv_ce: 4.258157253265381, adv_margin: 1.2812323570251465, clean_gate: 0.3550397753715515, teacher_margin: 1.8849759101867676, teacher_margin_gate: 0.6737527251243591, teacher_clean_gate: 1.0, teacher_adv_gate: 1.0, tm_grad_cos: 1.0, tm_scale: 1.0, tm_ps_scale: 1.0
2026-09-14 21:35:45.705 | INFO     | __main__:<module>:872 - lr:0.1 weight_nat: 0.43065069247747123, nat_loss: 0.027516024187207222, weight_adv: 0.5693493075225288, adv_loss: 0.024577118456363678 weight-klloss3 0.0025000000000000005 Loss3: 0.0014794168528169394 clean_ce: 1.2920968532562256, adv_ce: 4.272567272186279, adv_margin: 1.2684844732284546, clean_gate: 0.35564619302749634, teacher_margin: 1.8909578323364258, teacher_margin_gate: 0.658400297164917, teacher_clean_gate: 1.0, teacher_adv_gate: 1.0, tm_grad_cos: 1.0, tm_scale: 1.0, tm_ps_scale: 1.0
2026-09-14 21:37:03.498 | INFO     | __main__:<module>:872 - lr:0.1 weight_nat: 0.41870384096786545, nat_loss: 0.02713378332555294, weight_adv: 0.5812961590321345, adv_loss: 0.02618418261408806 weight-klloss3 0.0025000000000000005 Loss3: 0.0010512199951335788 clean_ce: 1.270988941192627, adv_ce: 4.25371789932251, adv_margin: 1.3707020282745361, clean_gate: 0.3440273404121399, teacher_margin: 2.1398861408233643, teacher_margin_gate: 0.7094647288322449, teacher_clean_gate: 1.0, teacher_adv_gate: 1.0, tm_grad_cos: 1.0, tm_scale: 1.0, tm_ps_scale: 1.0
2026-09-14 21:38:21.402 | INFO     | __main__:<module>:872 - lr:0.1 weight_nat: 0.41167800593369497, nat_loss: 0.02474755235016346, weight_adv: 0.5883219940663051, adv_loss: 0.022443123161792755 weight-klloss3 0.0025000000000000005 Loss3: 0.0011660620803013444 clean_ce: 1.293745517730713, adv_ce: 4.0626540184021, adv_margin: 1.1201558113098145, clean_gate: 0.37583982944488525, teacher_margin: 1.7267670631408691, teacher_margin_gate: 0.661381721496582, teacher_clean_gate: 1.0, teacher_adv_gate: 1.0, tm_grad_cos: 1.0, tm_scale: 1.0, tm_ps_scale: 1.0
2026-09-14 21:39:33.049 | INFO     | __main__:<module>:875 - TRAIN_EPOCH_RESOURCE epoch=4 seconds=307.54226434230804 peak_allocated_bytes=19400981504
2026-09-14 21:39:33.050 | INFO     | __main__:<module>:482 - METHOD epoch=5 views=1 awp_gamma=0.0 consistency_weight=0.0
2026-09-14 21:39:33.050 | INFO     | __main__:<module>:485 - the 5th epoch 
2026-09-14 21:39:33.853 | INFO     | __main__:<module>:872 - lr:0.1 weight_nat: 0.4013862013184736, nat_loss: 0.02291962318122387, weight_adv: 0.5986137986815265, adv_loss: 0.02496437355875969 weight-klloss3 0.003125 Loss3: 0.000641902326606214 clean_ce: 1.2684564590454102, adv_ce: 4.2162861824035645, adv_margin: 1.318351149559021, clean_gate: 0.3496769666671753, teacher_margin: 1.9936168193817139, teacher_margin_gate: 0.6763310432434082, teacher_clean_gate: 1.0, teacher_adv_gate: 1.0, tm_grad_cos: 1.0, tm_scale: 1.0, tm_ps_scale: 1.0
2026-09-14 21:40:54.846 | INFO     | __main__:<module>:872 - lr:0.1 weight_nat: 0.39381566041480276, nat_loss: 0.024416303262114525, weight_adv: 0.6061843395851972, adv_loss: 0.023525295779109 weight-klloss3 0.003125 Loss3: 0.0009134378633461893 clean_ce: 1.2359613180160522, adv_ce: 4.271719932556152, adv_margin: 1.4085917472839355, clean_gate: 0.34276193380355835, teacher_margin: 2.030388593673706, teacher_margin_gate: 0.653728723526001, teacher_clean_gate: 1.0, teacher_adv_gate: 1.0, tm_grad_cos: 1.0, tm_scale: 1.0, tm_ps_scale: 1.0
2026-09-14 21:42:16.025 | INFO     | __main__:<module>:872 - lr:0.1 weight_nat: 0.3881963214640242, nat_loss: 0.023391762748360634, weight_adv: 0.6118036785359757, adv_loss: 0.024881556630134583 weight-klloss3 0.003125 Loss3: 0.0008681230247020721 clean_ce: 1.2526497840881348, adv_ce: 4.324686050415039, adv_margin: 1.433526873588562, clean_gate: 0.3390856087207794, teacher_margin: 2.0420114994049072, teacher_margin_gate: 0.6715404391288757, teacher_clean_gate: 1.0, teacher_adv_gate: 1.0, tm_grad_cos: 1.0, tm_scale: 1.0, tm_ps_scale: 1.0
2026-09-14 21:43:36.429 | INFO     | __main__:<module>:872 - lr:0.1 weight_nat: 0.38779041479775783, nat_loss: 0.022465232759714127, weight_adv: 0.6122095852022422, adv_loss: 0.022076547145843506 weight-klloss3 0.003125 Loss3: 0.0008494156063534319 clean_ce: 1.3054018020629883, adv_ce: 4.152011871337891, adv_margin: 1.2223114967346191, clean_gate: 0.36587288975715637, teacher_margin: 1.7717748880386353, teacher_margin_gate: 0.6404895782470703, teacher_clean_gate: 1.0, teacher_adv_gate: 1.0, tm_grad_cos: 1.0, tm_scale: 1.0, tm_ps_scale: 1.0
2026-09-14 21:44:47.124 | INFO     | __main__:<module>:875 - TRAIN_EPOCH_RESOURCE epoch=5 seconds=314.07440324500203 peak_allocated_bytes=19402734592
2026-09-14 21:44:47.125 | INFO     | __main__:<module>:482 - METHOD epoch=6 views=1 awp_gamma=0.0 consistency_weight=0.0
2026-09-14 21:44:47.125 | INFO     | __main__:<module>:485 - the 6th epoch 
2026-09-14 21:44:47.880 | INFO     | __main__:<module>:872 - lr:0.1 weight_nat: 0.3873746613610084, nat_loss: 0.022203611209988594, weight_adv: 0.6126253386389917, adv_loss: 0.02150355651974678 weight-klloss3 0.00375 Loss3: 0.0008258538437075913 clean_ce: 1.255171537399292, adv_ce: 4.2223381996154785, adv_margin: 1.303269863128662, clean_gate: 0.35492950677871704, teacher_margin: 1.7878553867340088, teacher_margin_gate: 0.6405402421951294, teacher_clean_gate: 1.0, teacher_adv_gate: 1.0, tm_grad_cos: 1.0, tm_scale: 1.0, tm_ps_scale: 1.0
2026-09-14 21:46:04.322 | INFO     | __main__:<module>:872 - lr:0.1 weight_nat: 0.38910031579329035, nat_loss: 0.02318457141518593, weight_adv: 0.6108996842067097, adv_loss: 0.022891690954566002 weight-klloss3 0.00375 Loss3: 0.0010947783011943102 clean_ce: 1.2448959350585938, adv_ce: 4.135020732879639, adv_margin: 1.3204305171966553, clean_gate: 0.3527621924877167, teacher_margin: 1.8858973979949951, teacher_margin_gate: 0.6588006615638733, teacher_clean_gate: 1.0, teacher_adv_gate: 1.0, tm_grad_cos: 1.0, tm_scale: 1.0, tm_ps_scale: 1.0
2026-09-14 21:47:21.237 | INFO     | __main__:<module>:872 - lr:0.1 weight_nat: 0.3862614101571583, nat_loss: 0.02061249129474163, weight_adv: 0.6137385898428417, adv_loss: 0.02348024770617485 weight-klloss3 0.00375 Loss3: 0.0008164648897945881 clean_ce: 1.2385385036468506, adv_ce: 4.034621238708496, adv_margin: 1.193239688873291, clean_gate: 0.366186261177063, teacher_margin: 1.9951069355010986, teacher_margin_gate: 0.6921131014823914, teacher_clean_gate: 1.0, teacher_adv_gate: 1.0, tm_grad_cos: 1.0, tm_scale: 1.0, tm_ps_scale: 1.0
2026-09-14 21:48:38.010 | INFO     | __main__:<module>:872 - lr:0.1 weight_nat: 0.3881967165829564, nat_loss: 0.021292580291628838, weight_adv: 0.6118032834170436, adv_loss: 0.02131764590740204 weight-klloss3 0.00375 Loss3: 0.0012815832160413265 clean_ce: 1.2135095596313477, adv_ce: 4.186206340789795, adv_margin: 1.4047950506210327, clean_gate: 0.344603955745697, teacher_margin: 1.7998802661895752, teacher_margin_gate: 0.6290081739425659, teacher_clean_gate: 1.0, teacher_adv_gate: 1.0, tm_grad_cos: 1.0, tm_scale: 1.0, tm_ps_scale: 1.0
2026-09-14 21:49:47.040 | INFO     | __main__:<module>:875 - TRAIN_EPOCH_RESOURCE epoch=6 seconds=299.91567412391305 peak_allocated_bytes=19402423296
2026-09-14 21:49:47.041 | INFO     | __main__:<module>:482 - METHOD epoch=7 views=1 awp_gamma=0.0 consistency_weight=0.0
2026-09-14 21:49:47.041 | INFO     | __main__:<module>:485 - the 7th epoch 
2026-09-14 21:49:47.904 | INFO     | __main__:<module>:872 - lr:0.1 weight_nat: 0.3890237994819766, nat_loss: 0.021935496479272842, weight_adv: 0.6109762005180234, adv_loss: 0.02318008989095688 weight-klloss3 0.0043749999999999995 Loss3: 0.0002858121006283909 clean_ce: 1.2186710834503174, adv_ce: 4.003637313842773, adv_margin: 1.2368876934051514, clean_gate: 0.36478424072265625, teacher_margin: 2.005098819732666, teacher_margin_gate: 0.6952090859413147, teacher_clean_gate: 1.0, teacher_adv_gate: 1.0, tm_grad_cos: 1.0, tm_scale: 1.0, tm_ps_scale: 1.0
2026-09-14 21:51:05.118 | INFO     | __main__:<module>:872 - lr:0.1 weight_nat: 0.38775046264279606, nat_loss: 0.02126438170671463, weight_adv: 0.612249537357204, adv_loss: 0.022968318313360214 weight-klloss3 0.0043749999999999995 Loss3: 0.000889603397808969 clean_ce: 1.1756356954574585, adv_ce: 4.224078178405762, adv_margin: 1.4919946193695068, clean_gate: 0.33865654468536377, teacher_margin: 1.981733798980713, teacher_margin_gate: 0.6534260511398315, teacher_clean_gate: 1.0, teacher_adv_gate: 1.0, tm_grad_cos: 1.0, tm_scale: 1.0, tm_ps_scale: 1.0
2026-09-14 21:52:22.382 | INFO     | __main__:<module>:872 - lr:0.1 weight_nat: 0.38684541053920585, nat_loss: 0.022350486367940903, weight_adv: 0.6131545894607943, adv_loss: 0.02273406833410263 weight-klloss3 0.0043749999999999995 Loss3: 0.0008287114906124771 clean_ce: 1.2160652875900269, adv_ce: 4.145028591156006, adv_margin: 1.339266061782837, clean_gate: 0.349382221698761, teacher_margin: 1.9542927742004395, teacher_margin_gate: 0.6532970666885376, teacher_clean_gate: 1.0, teacher_adv_gate: 1.0, tm_grad_cos: 1.0, tm_scale: 1.0, tm_ps_scale: 1.0
2026-09-14 21:53:39.731 | INFO     | __main__:<module>:872 - lr:0.1 weight_nat: 0.38701831534159686, nat_loss: 0.021919114515185356, weight_adv: 0.6129816846584032, adv_loss: 0.02121787890791893 weight-klloss3 0.0043749999999999995 Loss3: 0.0007319673895835876 clean_ce: 1.1677271127700806, adv_ce: 4.229506969451904, adv_margin: 1.4855494499206543, clean_gate: 0.3375183045864105, teacher_margin: 1.9112167358398438, teacher_margin_gate: 0.6517317295074463, teacher_clean_gate: 1.0, teacher_adv_gate: 1.0, tm_grad_cos: 1.0, tm_scale: 1.0, tm_ps_scale: 1.0
2026-09-14 21:54:49.035 | INFO     | __main__:<module>:875 - TRAIN_EPOCH_RESOURCE epoch=7 seconds=301.99404450133443 peak_allocated_bytes=19402734592
2026-09-14 21:54:49.035 | INFO     | __main__:<module>:482 - METHOD epoch=8 views=1 awp_gamma=0.0 consistency_weight=0.0
2026-09-14 21:54:49.035 | INFO     | __main__:<module>:485 - the 8th epoch 
2026-09-14 21:54:49.808 | INFO     | __main__:<module>:872 - lr:0.1 weight_nat: 0.3883445167088224, nat_loss: 0.02250046283006668, weight_adv: 0.6116554832911776, adv_loss: 0.023188412189483643 weight-klloss3 0.005000000000000001 Loss3: 0.0008231077226810157 clean_ce: 1.1999999284744263, adv_ce: 4.277922630310059, adv_margin: 1.5065351724624634, clean_gate: 0.3322499990463257, teacher_margin: 2.067290782928467, teacher_margin_gate: 0.6679636836051941, teacher_clean_gate: 1.0, teacher_adv_gate: 1.0, tm_grad_cos: 1.0, tm_scale: 1.0, tm_ps_scale: 1.0
2026-09-14 21:56:06.960 | INFO     | __main__:<module>:872 - lr:0.1 weight_nat: 0.3882999843294313, nat_loss: 0.022356539964675903, weight_adv: 0.6117000156705686, adv_loss: 0.02203971892595291 weight-klloss3 0.005000000000000001 Loss3: 0.0008376236073672771 clean_ce: 1.161567211151123, adv_ce: 4.230125904083252, adv_margin: 1.5131919384002686, clean_gate: 0.33137547969818115, teacher_margin: 2.0003433227539062, teacher_margin_gate: 0.6428971290588379, teacher_clean_gate: 1.0, teacher_adv_gate: 1.0, tm_grad_cos: 1.0, tm_scale: 1.0, tm_ps_scale: 1.0
2026-09-14 21:57:23.872 | INFO     | __main__:<module>:872 - lr:0.1 weight_nat: 0.3869728089897294, nat_loss: 0.019911782816052437, weight_adv: 0.6130271910102707, adv_loss: 0.02019408717751503 weight-klloss3 0.005000000000000001 Loss3: 0.001445269794203341 clean_ce: 1.1627880334854126, adv_ce: 4.057140827178955, adv_margin: 1.4072422981262207, clean_gate: 0.3497233986854553, teacher_margin: 1.8518283367156982, teacher_margin_gate: 0.656880259513855, teacher_clean_gate: 1.0, teacher_adv_gate: 1.0, tm_grad_cos: 1.0, tm_scale: 1.0, tm_ps_scale: 1.0
2026-09-14 21:58:40.812 | INFO     | __main__:<module>:872 - lr:0.1 weight_nat: 0.38637783106978163, nat_loss: 0.022361192852258682, weight_adv: 0.6136221689302185, adv_loss: 0.022204307839274406 weight-klloss3 0.005000000000000001 Loss3: 0.0003711660101544112 clean_ce: 1.143807291984558, adv_ce: 4.097972393035889, adv_margin: 1.4431047439575195, clean_gate: 0.3424888849258423, teacher_margin: 1.9779973030090332, teacher_margin_gate: 0.6651925444602966, teacher_clean_gate: 1.0, teacher_adv_gate: 1.0, tm_grad_cos: 1.0, tm_scale: 1.0, tm_ps_scale: 1.0
2026-09-14 21:59:50.275 | INFO     | __main__:<module>:875 - TRAIN_EPOCH_RESOURCE epoch=8 seconds=301.2401516325772 peak_allocated_bytes=19402423296
2026-09-14 21:59:50.276 | INFO     | __main__:<module>:482 - METHOD epoch=9 views=1 awp_gamma=0.0 consistency_weight=0.0
2026-09-14 21:59:50.276 | INFO     | __main__:<module>:485 - the 9th epoch 
2026-09-14 21:59:51.040 | INFO     | __main__:<module>:872 - lr:0.1 weight_nat: 0.3860281353250294, nat_loss: 0.02118181809782982, weight_adv: 0.6139718646749706, adv_loss: 0.022516142576932907 weight-klloss3 0.005625000000000001 Loss3: 0.0009324477869085968 clean_ce: 1.1625934839248657, adv_ce: 4.177628993988037, adv_margin: 1.4795304536819458, clean_gate: 0.340374231338501, teacher_margin: 2.0714235305786133, teacher_margin_gate: 0.6836954355239868, teacher_clean_gate: 1.0, teacher_adv_gate: 1.0, tm_grad_cos: 1.0, tm_scale: 1.0, tm_ps_scale: 1.0
2026-09-14 22:01:08.214 | INFO     | __main__:<module>:872 - lr:0.1 weight_nat: 0.3872390712304866, nat_loss: 0.020667510107159615, weight_adv: 0.6127609287695135, adv_loss: 0.02063477411866188 weight-klloss3 0.005625000000000001 Loss3: 0.0008686601067893207 clean_ce: 1.1172263622283936, adv_ce: 3.948270797729492, adv_margin: 1.38352632522583, clean_gate: 0.3560391068458557, teacher_margin: 1.851768970489502, teacher_margin_gate: 0.6623518466949463, teacher_clean_gate: 1.0, teacher_adv_gate: 1.0, tm_grad_cos: 1.0, tm_scale: 1.0, tm_ps_scale: 1.0
2026-09-14 22:02:25.760 | INFO     | __main__:<module>:872 - lr:0.1 weight_nat: 0.3864781620328589, nat_loss: 0.019523510709404945, weight_adv: 0.6135218379671411, adv_loss: 0.021872948855161667 weight-klloss3 0.005625000000000001 Loss3: 0.000709631247445941 clean_ce: 1.1398727893829346, adv_ce: 3.867868423461914, adv_margin: 1.2151687145233154, clean_gate: 0.3672995865345001, teacher_margin: 1.9469940662384033, teacher_margin_gate: 0.6883481740951538, teacher_clean_gate: 1.0, teacher_adv_gate: 1.0, tm_grad_cos: 1.0, tm_scale: 1.0, tm_ps_scale: 1.0
2026-09-14 22:03:42.400 | INFO     | __main__:<module>:872 - lr:0.1 weight_nat: 0.3871164531681882, nat_loss: 0.018690185621380806, weight_adv: 0.6128835468318119, adv_loss: 0.02016148343682289 weight-klloss3 0.005625000000000001 Loss3: 0.0006220820941962302 clean_ce: 1.1305160522460938, adv_ce: 3.8595709800720215, adv_margin: 1.2244300842285156, clean_gate: 0.37076377868652344, teacher_margin: 1.7303838729858398, teacher_margin_gate: 0.6343985199928284, teacher_clean_gate: 1.0, teacher_adv_gate: 1.0, tm_grad_cos: 1.0, tm_scale: 1.0, tm_ps_scale: 1.0
2026-09-14 22:04:51.401 | INFO     | __main__:<module>:875 - TRAIN_EPOCH_RESOURCE epoch=9 seconds=301.1254701279104 peak_allocated_bytes=19402734592
2026-09-14 22:04:51.401 | INFO     | __main__:<module>:482 - METHOD epoch=10 views=1 awp_gamma=0.0 consistency_weight=0.0
2026-09-14 22:04:51.401 | INFO     | __main__:<module>:485 - the 10th epoch 
2026-09-14 22:04:52.171 | INFO     | __main__:<module>:872 - lr:0.1 weight_nat: 0.38668742118700844, nat_loss: 0.020400485023856163, weight_adv: 0.6133125788129916, adv_loss: 0.023495402187108994 weight-klloss3 0.00625 Loss3: 0.0006065043271519244 clean_ce: 1.1268484592437744, adv_ce: 4.039608955383301, adv_margin: 1.4589259624481201, clean_gate: 0.3427368700504303, teacher_margin: 2.089460849761963, teacher_margin_gate: 0.6993991136550903, teacher_clean_gate: 1.0, teacher_adv_gate: 1.0, tm_grad_cos: 1.0, tm_scale: 1.0, tm_ps_scale: 1.0
2026-09-14 22:06:08.986 | INFO     | __main__:<module>:872 - lr:0.1 weight_nat: 0.38785291783193016, nat_loss: 0.02036406472325325, weight_adv: 0.6121470821680698, adv_loss: 0.020931825041770935 weight-klloss3 0.00625 Loss3: 0.00050231849309057 clean_ce: 1.1154322624206543, adv_ce: 4.036929130554199, adv_margin: 1.4135186672210693, clean_gate: 0.3509708046913147, teacher_margin: 1.983205795288086, teacher_margin_gate: 0.6673533320426941, teacher_clean_gate: 1.0, teacher_adv_gate: 1.0, tm_grad_cos: 1.0, tm_scale: 1.0, tm_ps_scale: 1.0
2026-09-14 22:07:25.603 | INFO     | __main__:<module>:872 - lr:0.1 weight_nat: 0.38666279035031836, nat_loss: 0.020190510898828506, weight_adv: 0.6133372096496816, adv_loss: 0.021906916052103043 weight-klloss3 0.00625 Loss3: 0.0005847330903634429 clean_ce: 1.1393868923187256, adv_ce: 4.009521484375, adv_margin: 1.3833719491958618, clean_gate: 0.3482295870780945, teacher_margin: 1.9952647686004639, teacher_margin_gate: 0.6673265695571899, teacher_clean_gate: 1.0, teacher_adv_gate: 1.0, tm_grad_cos: 1.0, tm_scale: 1.0, tm_ps_scale: 1.0
2026-09-14 22:08:42.414 | INFO     | __main__:<module>:872 - lr:0.1 weight_nat: 0.3845435314395807, nat_loss: 0.01796960085630417, weight_adv: 0.6154564685604194, adv_loss: 0.01924755796790123 weight-klloss3 0.00625 Loss3: 0.0008540184935554862 clean_ce: 1.1281371116638184, adv_ce: 3.7543678283691406, adv_margin: 1.1932979822158813, clean_gate: 0.37958717346191406, teacher_margin: 1.762617826461792, teacher_margin_gate: 0.6595600843429565, teacher_clean_gate: 1.0, teacher_adv_gate: 1.0, tm_grad_cos: 1.0, tm_scale: 1.0, tm_ps_scale: 1.0
2026-09-14 22:09:51.821 | INFO     | __main__:<module>:875 - TRAIN_EPOCH_RESOURCE epoch=10 seconds=300.4191528595984 peak_allocated_bytes=19402423296
2026-09-14 22:10:49.882 | INFO     | __main__:<module>:934 - student robust acc 0.0100, teacher robust acc 0.5679, nat teacher robust acc 0.6384
2026-09-14 22:11:05.681 | INFO     | __main__:<module>:1010 - student natural acc 0.0100, adv teacher natural acc 0.5832, nat teacher natural acc 0.7650
2026-09-14 22:11:05.683 | INFO     | __main__:<module>:482 - METHOD epoch=11 views=1 awp_gamma=0.0 consistency_weight=0.0
2026-09-14 22:11:05.683 | INFO     | __main__:<module>:485 - the 11th epoch 
2026-09-14 22:11:06.455 | INFO     | __main__:<module>:872 - lr:0.1 weight_nat: 0.38783644985593974, nat_loss: 0.020081467926502228, weight_adv: 0.6121635501440602, adv_loss: 0.019920259714126587 weight-klloss3 0.006875000000000001 Loss3: 0.0002417003270238638 clean_ce: 1.1581108570098877, adv_ce: 3.768899917602539, adv_margin: 1.1298184394836426, clean_gate: 0.37729358673095703, teacher_margin: 1.7311513423919678, teacher_margin_gate: 0.6794394850730896, teacher_clean_gate: 1.0, teacher_adv_gate: 1.0, tm_grad_cos: 1.0, tm_scale: 1.0, tm_ps_scale: 1.0
2026-09-14 22:12:23.537 | INFO     | __main__:<module>:872 - lr:0.1 weight_nat: 0.3868971568892683, nat_loss: 0.019890133291482925, weight_adv: 0.6131028431107318, adv_loss: 0.019500013440847397 weight-klloss3 0.006875000000000001 Loss3: 0.0011678423034027219 clean_ce: 1.1037144660949707, adv_ce: 3.901132106781006, adv_margin: 1.3667995929718018, clean_gate: 0.35894304513931274, teacher_margin: 1.8582838773727417, teacher_margin_gate: 0.658755362033844, teacher_clean_gate: 1.0, teacher_adv_gate: 1.0, tm_grad_cos: 1.0, tm_scale: 1.0, tm_ps_scale: 1.0
2026-09-14 22:13:40.999 | INFO     | __main__:<module>:872 - lr:0.1 weight_nat: 0.3874357270460654, nat_loss: 0.01987793669104576, weight_adv: 0.6125642729539347, adv_loss: 0.021360643208026886 weight-klloss3 0.006875000000000001 Loss3: 0.0005560331046581268 clean_ce: 1.1211228370666504, adv_ce: 3.9310736656188965, adv_margin: 1.3548412322998047, clean_gate: 0.35401618480682373, teacher_margin: 1.9517046213150024, teacher_margin_gate: 0.6675919890403748, teacher_clean_gate: 1.0, teacher_adv_gate: 1.0, tm_grad_cos: 1.0, tm_scale: 1.0, tm_ps_scale: 1.0
2026-09-14 22:14:58.132 | INFO     | __main__:<module>:872 - lr:0.1 weight_nat: 0.38588017426907945, nat_loss: 0.0207186508923769, weight_adv: 0.6141198257309206, adv_loss: 0.020030109211802483 weight-klloss3 0.006875000000000001 Loss3: 0.0006968422094359994 clean_ce: 1.080234408378601, adv_ce: 4.030332565307617, adv_margin: 1.489579439163208, clean_gate: 0.3423243761062622, teacher_margin: 1.947188377380371, teacher_margin_gate: 0.6588135361671448, teacher_clean_gate: 1.0, teacher_adv_gate: 1.0, tm_grad_cos: 1.0, tm_scale: 1.0, tm_ps_scale: 1.0
2026-09-14 22:16:07.782 | INFO     | __main__:<module>:875 - TRAIN_EPOCH_RESOURCE epoch=11 seconds=302.0987187884748 peak_allocated_bytes=19402734592
2026-09-14 22:16:07.782 | INFO     | __main__:<module>:482 - METHOD epoch=12 views=1 awp_gamma=0.0 consistency_weight=0.0
2026-09-14 22:16:07.783 | INFO     | __main__:<module>:485 - the 12th epoch 
2026-09-14 22:16:08.589 | INFO     | __main__:<module>:872 - lr:0.1 weight_nat: 0.3849195127509366, nat_loss: 0.020016741007566452, weight_adv: 0.6150804872490635, adv_loss: 0.02053530514240265 weight-klloss3 0.0075 Loss3: 0.0007918609771877527 clean_ce: 1.1294318437576294, adv_ce: 3.8906030654907227, adv_margin: 1.3227424621582031, clean_gate: 0.3592047095298767, teacher_margin: 1.7877901792526245, teacher_margin_gate: 0.6393464207649231, teacher_clean_gate: 1.0, teacher_adv_gate: 1.0, tm_grad_cos: 1.0, tm_scale: 1.0, tm_ps_scale: 1.0
2026-09-14 22:17:26.190 | INFO     | __main__:<module>:872 - lr:0.1 weight_nat: 0.38760705449580596, nat_loss: 0.018754007294774055, weight_adv: 0.612392945504194, adv_loss: 0.018785987049341202 weight-klloss3 0.0075 Loss3: 0.0007845189538784325 clean_ce: 1.095109224319458, adv_ce: 4.046060085296631, adv_margin: 1.4836938381195068, clean_gate: 0.3409804701805115, teacher_margin: 1.7550163269042969, teacher_margin_gate: 0.6163893938064575, teacher_clean_gate: 1.0, teacher_adv_gate: 1.0, tm_grad_cos: 1.0, tm_scale: 1.0, tm_ps_scale: 1.0
2026-09-14 22:18:42.955 | INFO     | __main__:<module>:872 - lr:0.1 weight_nat: 0.38547200936899856, nat_loss: 0.01979398913681507, weight_adv: 0.6145279906310015, adv_loss: 0.021548088639974594 weight-klloss3 0.0075 Loss3: 0.0005491543561220169 clean_ce: 1.111332654953003, adv_ce: 3.8872129917144775, adv_margin: 1.3161146640777588, clean_gate: 0.3559170663356781, teacher_margin: 1.9051711559295654, teacher_margin_gate: 0.6800248622894287, teacher_clean_gate: 1.0, teacher_adv_gate: 1.0, tm_grad_cos: 1.0, tm_scale: 1.0, tm_ps_scale: 1.0
2026-09-14 22:20:00.040 | INFO     | __main__:<module>:872 - lr:0.1 weight_nat: 0.38445247021709444, nat_loss: 0.020425910130143166, weight_adv: 0.6155475297829055, adv_loss: 0.020969966426491737 weight-klloss3 0.0075 Loss3: 0.001051407540217042 clean_ce: 1.070133924484253, adv_ce: 4.0459489822387695, adv_margin: 1.469847321510315, clean_gate: 0.34057503938674927, teacher_margin: 1.9377515316009521, teacher_margin_gate: 0.6550480127334595, teacher_clean_gate: 1.0, teacher_adv_gate: 1.0, tm_grad_cos: 1.0, tm_scale: 1.0, tm_ps_scale: 1.0
2026-09-14 22:21:10.363 | INFO     | __main__:<module>:875 - TRAIN_EPOCH_RESOURCE epoch=12 seconds=302.58076586201787 peak_allocated_bytes=19402423296
2026-09-14 22:21:10.364 | INFO     | __main__:<module>:482 - METHOD epoch=13 views=1 awp_gamma=0.0 consistency_weight=0.0
2026-09-14 22:21:10.364 | INFO     | __main__:<module>:485 - the 13th epoch 
2026-09-14 22:21:11.138 | INFO     | __main__:<module>:872 - lr:0.1 weight_nat: 0.38445421634480653, nat_loss: 0.01911858096718788, weight_adv: 0.6155457836551935, adv_loss: 0.01962236687541008 weight-klloss3 0.008125 Loss3: 0.0008718952885828912 clean_ce: 1.0773981809616089, adv_ce: 3.997570037841797, adv_margin: 1.4546668529510498, clean_gate: 0.34846019744873047, teacher_margin: 1.879024624824524, teacher_margin_gate: 0.661121129989624, teacher_clean_gate: 1.0, teacher_adv_gate: 1.0, tm_grad_cos: 1.0, tm_scale: 1.0, tm_ps_scale: 1.0
2026-09-14 22:22:28.338 | INFO     | __main__:<module>:872 - lr:0.1 weight_nat: 0.3868553948790221, nat_loss: 0.01776466704905033, weight_adv: 0.613144605120978, adv_loss: 0.018912680447101593 weight-klloss3 0.008125 Loss3: 0.00033525697654113173 clean_ce: 1.0880815982818604, adv_ce: 3.831674575805664, adv_margin: 1.3122375011444092, clean_gate: 0.36457136273384094, teacher_margin: 1.72494375705719, teacher_margin_gate: 0.6563076972961426, teacher_clean_gate: 1.0, teacher_adv_gate: 1.0, tm_grad_cos: 1.0, tm_scale: 1.0, tm_ps_scale: 1.0
2026-09-14 22:23:45.539 | INFO     | __main__:<module>:872 - lr:0.1 weight_nat: 0.3867189447382058, nat_loss: 0.017355382442474365, weight_adv: 0.6132810552617942, adv_loss: 0.01913446933031082 weight-klloss3 0.008125 Loss3: 0.0009618895128369331 clean_ce: 1.0836538076400757, adv_ce: 3.8261353969573975, adv_margin: 1.3025180101394653, clean_gate: 0.3647344708442688, teacher_margin: 1.7398945093154907, teacher_margin_gate: 0.6542151570320129, teacher_clean_gate: 1.0, teacher_adv_gate: 1.0, tm_grad_cos: 1.0, tm_scale: 1.0, tm_ps_scale: 1.0
2026-09-14 22:25:02.997 | INFO     | __main__:<module>:872 - lr:0.1 weight_nat: 0.38520089265316737, nat_loss: 0.019042551517486572, weight_adv: 0.6147991073468326, adv_loss: 0.0185990110039711 weight-klloss3 0.008125 Loss3: 0.0006426296895369887 clean_ce: 1.0789424180984497, adv_ce: 3.901656150817871, adv_margin: 1.3868050575256348, clean_gate: 0.35368582606315613, teacher_margin: 1.7507789134979248, teacher_margin_gate: 0.6324581503868103, teacher_clean_gate: 1.0, teacher_adv_gate: 1.0, tm_grad_cos: 1.0, tm_scale: 1.0, tm_ps_scale: 1.0
2026-09-14 22:26:12.276 | INFO     | __main__:<module>:875 - TRAIN_EPOCH_RESOURCE epoch=13 seconds=301.9123208671808 peak_allocated_bytes=19402734592
2026-09-14 22:26:12.276 | INFO     | __main__:<module>:482 - METHOD epoch=14 views=1 awp_gamma=0.0 consistency_weight=0.0
2026-09-14 22:26:12.276 | INFO     | __main__:<module>:485 - the 14th epoch 
2026-09-14 22:26:13.084 | INFO     | __main__:<module>:872 - lr:0.1 weight_nat: 0.38653753411018466, nat_loss: 0.01962357386946678, weight_adv: 0.6134624658898153, adv_loss: 0.019381679594516754 weight-klloss3 0.008749999999999999 Loss3: 0.0006075225537642837 clean_ce: 1.0862174034118652, adv_ce: 3.8965768814086914, adv_margin: 1.3909939527511597, clean_gate: 0.3484902083873749, teacher_margin: 1.8164379596710205, teacher_margin_gate: 0.609710693359375, teacher_clean_gate: 1.0, teacher_adv_gate: 1.0, tm_grad_cos: 1.0, tm_scale: 1.0, tm_ps_scale: 1.0
2026-09-14 22:27:30.666 | INFO     | __main__:<module>:872 - lr:0.1 weight_nat: 0.38565610207768186, nat_loss: 0.01867438480257988, weight_adv: 0.6143438979223182, adv_loss: 0.019587252289056778 weight-klloss3 0.008749999999999999 Loss3: 0.000770574260968715 clean_ce: 1.0488271713256836, adv_ce: 3.8857388496398926, adv_margin: 1.376270055770874, clean_gate: 0.35287123918533325, teacher_margin: 1.895552635192871, teacher_margin_gate: 0.6585585474967957, teacher_clean_gate: 1.0, teacher_adv_gate: 1.0, tm_grad_cos: 1.0, tm_scale: 1.0, tm_ps_scale: 1.0
2026-09-14 22:28:47.779 | INFO     | __main__:<module>:872 - lr:0.1 weight_nat: 0.38313319031787685, nat_loss: 0.017897771671414375, weight_adv: 0.6168668096821233, adv_loss: 0.018619835376739502 weight-klloss3 0.008749999999999999 Loss3: 0.0008411357994191349 clean_ce: 1.065359354019165, adv_ce: 3.8821728229522705, adv_margin: 1.3650405406951904, clean_gate: 0.3526548147201538, teacher_margin: 1.7712631225585938, teacher_margin_gate: 0.6392316818237305, teacher_clean_gate: 1.0, teacher_adv_gate: 1.0, tm_grad_cos: 1.0, tm_scale: 1.0, tm_ps_scale: 1.0
2026-09-14 22:30:04.836 | INFO     | __main__:<module>:872 - lr:0.1 weight_nat: 0.3846110436856365, nat_loss: 0.01761077344417572, weight_adv: 0.6153889563143635, adv_loss: 0.02027709037065506 weight-klloss3 0.008749999999999999 Loss3: 0.0002727423852775246 clean_ce: 1.074081301689148, adv_ce: 3.7959814071655273, adv_margin: 1.2722653150558472, clean_gate: 0.36067795753479004, teacher_margin: 1.8099641799926758, teacher_margin_gate: 0.6322932243347168, teacher_clean_gate: 1.0, teacher_adv_gate: 1.0, tm_grad_cos: 1.0, tm_scale: 1.0, tm_ps_scale: 1.0
2026-09-14 22:31:14.307 | INFO     | __main__:<module>:875 - TRAIN_EPOCH_RESOURCE epoch=14 seconds=302.03055496513844 peak_allocated_bytes=19402423296
2026-09-14 22:31:14.307 | INFO     | __main__:<module>:482 - METHOD epoch=15 views=1 awp_gamma=0.0 consistency_weight=0.0
2026-09-14 22:31:14.307 | INFO     | __main__:<module>:485 - the 15th epoch 
2026-09-14 22:31:15.083 | INFO     | __main__:<module>:872 - lr:0.1 weight_nat: 0.38232540463860204, nat_loss: 0.019235074520111084, weight_adv: 0.617674595361398, adv_loss: 0.020664766430854797 weight-klloss3 0.009375000000000001 Loss3: 0.0004315755795687437 clean_ce: 1.0633400678634644, adv_ce: 4.058687686920166, adv_margin: 1.5329232215881348, clean_gate: 0.33231502771377563, teacher_margin: 2.0192525386810303, teacher_margin_gate: 0.6570478081703186, teacher_clean_gate: 1.0, teacher_adv_gate: 1.0, tm_grad_cos: 1.0, tm_scale: 1.0, tm_ps_scale: 1.0
2026-09-14 22:32:33.234 | INFO     | __main__:<module>:872 - lr:0.1 weight_nat: 0.3841501442304092, nat_loss: 0.018876295536756516, weight_adv: 0.6158498557695908, adv_loss: 0.018784699961543083 weight-klloss3 0.009375000000000001 Loss3: 0.0008071510237641633 clean_ce: 1.0535821914672852, adv_ce: 3.9199934005737305, adv_margin: 1.4490582942962646, clean_gate: 0.3486069440841675, teacher_margin: 1.7729239463806152, teacher_margin_gate: 0.61255943775177, teacher_clean_gate: 1.0, teacher_adv_gate: 1.0, tm_grad_cos: 1.0, tm_scale: 1.0, tm_ps_scale: 1.0
2026-09-14 22:33:51.561 | INFO     | __main__:<module>:872 - lr:0.1 weight_nat: 0.3839816990529572, nat_loss: 0.01807830110192299, weight_adv: 0.6160183009470428, adv_loss: 0.018947342410683632 weight-klloss3 0.009375000000000001 Loss3: 0.0007062741788104177 clean_ce: 1.0648325681686401, adv_ce: 3.79036021232605, adv_margin: 1.272735834121704, clean_gate: 0.3720034956932068, teacher_margin: 1.6993408203125, teacher_margin_gate: 0.6600697040557861, teacher_clean_gate: 1.0, teacher_adv_gate: 1.0, tm_grad_cos: 1.0, tm_scale: 1.0, tm_ps_scale: 1.0
2026-09-14 22:35:08.588 | INFO     | __main__:<module>:872 - lr:0.1 weight_nat: 0.38202751992706213, nat_loss: 0.018200775608420372, weight_adv: 0.6179724800729378, adv_loss: 0.019612804055213928 weight-klloss3 0.009375000000000001 Loss3: 0.0007362236501649022 clean_ce: 1.0372581481933594, adv_ce: 3.736098051071167, adv_margin: 1.3298102617263794, clean_gate: 0.36280393600463867, teacher_margin: 1.8512588739395142, teacher_margin_gate: 0.6637606620788574, teacher_clean_gate: 1.0, teacher_adv_gate: 1.0, tm_grad_cos: 1.0, tm_scale: 1.0, tm_ps_scale: 1.0
2026-09-14 22:36:19.522 | INFO     | __main__:<module>:875 - TRAIN_EPOCH_RESOURCE epoch=15 seconds=305.21504107117653 peak_allocated_bytes=19402734592
2026-09-14 22:36:19.523 | INFO     | __main__:<module>:482 - METHOD epoch=16 views=1 awp_gamma=0.0 consistency_weight=0.0
2026-09-14 22:36:19.523 | INFO     | __main__:<module>:485 - the 16th epoch 
2026-09-14 22:36:20.389 | INFO     | __main__:<module>:872 - lr:0.1 weight_nat: 0.38364687622566657, nat_loss: 0.018363699316978455, weight_adv: 0.6163531237743334, adv_loss: 0.018711626529693604 weight-klloss3 0.010000000000000002 Loss3: 0.0010846401564776897 clean_ce: 1.0570486783981323, adv_ce: 3.775937080383301, adv_margin: 1.3005659580230713, clean_gate: 0.35780099034309387, teacher_margin: 1.801328182220459, teacher_margin_gate: 0.6407392024993896, teacher_clean_gate: 1.0, teacher_adv_gate: 1.0, tm_grad_cos: 1.0, tm_scale: 1.0, tm_ps_scale: 1.0
2026-09-14 22:37:42.550 | INFO     | __main__:<module>:872 - lr:0.1 weight_nat: 0.37885734730337234, nat_loss: 0.018581943586468697, weight_adv: 0.6211426526966277, adv_loss: 0.019656207412481308 weight-klloss3 0.010000000000000002 Loss3: 0.0009982825722545385 clean_ce: 1.0498180389404297, adv_ce: 3.871992588043213, adv_margin: 1.3368191719055176, clean_gate: 0.35931193828582764, teacher_margin: 1.8344109058380127, teacher_margin_gate: 0.663555920124054, teacher_clean_gate: 1.0, teacher_adv_gate: 1.0, tm_grad_cos: 1.0, tm_scale: 1.0, tm_ps_scale: 1.0
2026-09-14 22:39:03.169 | INFO     | __main__:<module>:872 - lr:0.1 weight_nat: 0.38359443830590667, nat_loss: 0.017937054857611656, weight_adv: 0.6164055616940934, adv_loss: 0.01933898776769638 weight-klloss3 0.010000000000000002 Loss3: 0.0007976756896823645 clean_ce: 1.0197155475616455, adv_ce: 3.7358436584472656, adv_margin: 1.3635585308074951, clean_gate: 0.36605072021484375, teacher_margin: 1.8151475191116333, teacher_margin_gate: 0.6765283942222595, teacher_clean_gate: 1.0, teacher_adv_gate: 1.0, tm_grad_cos: 1.0, tm_scale: 1.0, tm_ps_scale: 1.0
2026-09-14 22:40:27.023 | INFO     | __main__:<module>:872 - lr:0.1 weight_nat: 0.38202445280550973, nat_loss: 0.01816723868250847, weight_adv: 0.6179755471944903, adv_loss: 0.01906600221991539 weight-klloss3 0.010000000000000002 Loss3: 0.0006834946107119322 clean_ce: 1.038023591041565, adv_ce: 3.7575104236602783, adv_margin: 1.3306009769439697, clean_gate: 0.3630879521369934, teacher_margin: 1.8355224132537842, teacher_margin_gate: 0.663182258605957, teacher_clean_gate: 1.0, teacher_adv_gate: 1.0, tm_grad_cos: 1.0, tm_scale: 1.0, tm_ps_scale: 1.0
2026-09-14 22:41:41.577 | INFO     | __main__:<module>:875 - TRAIN_EPOCH_RESOURCE epoch=16 seconds=322.0538495518267 peak_allocated_bytes=19402423296
2026-09-14 22:41:41.577 | INFO     | __main__:<module>:482 - METHOD epoch=17 views=1 awp_gamma=0.0 consistency_weight=0.0
2026-09-14 22:41:41.577 | INFO     | __main__:<module>:485 - the 17th epoch 
2026-09-14 22:41:42.396 | INFO     | __main__:<module>:872 - lr:0.1 weight_nat: 0.38188480019255255, nat_loss: 0.017500314861536026, weight_adv: 0.6181151998074474, adv_loss: 0.018668297678232193 weight-klloss3 0.010625 Loss3: 0.0008455412462353706 clean_ce: 1.0672926902770996, adv_ce: 3.6944427490234375, adv_margin: 1.1953799724578857, clean_gate: 0.37712231278419495, teacher_margin: 1.6893763542175293, teacher_margin_gate: 0.6485021710395813, teacher_clean_gate: 1.0, teacher_adv_gate: 1.0, tm_grad_cos: 1.0, tm_scale: 1.0, tm_ps_scale: 1.0
2026-09-14 22:43:04.878 | INFO     | __main__:<module>:872 - lr:0.1 weight_nat: 0.38212589761803145, nat_loss: 0.018387889489531517, weight_adv: 0.6178741023819686, adv_loss: 0.019671641290187836 weight-klloss3 0.010625 Loss3: 0.0005825543776154518 clean_ce: 1.0492477416992188, adv_ce: 3.8554677963256836, adv_margin: 1.3533296585083008, clean_gate: 0.3538096845149994, teacher_margin: 1.8893592357635498, teacher_margin_gate: 0.672460675239563, teacher_clean_gate: 1.0, teacher_adv_gate: 1.0, tm_grad_cos: 1.0, tm_scale: 1.0, tm_ps_scale: 1.0
2026-09-14 22:44:27.835 | INFO     | __main__:<module>:872 - lr:0.1 weight_nat: 0.3791721749062591, nat_loss: 0.017278866842389107, weight_adv: 0.620827825093741, adv_loss: 0.018620233982801437 weight-klloss3 0.010625 Loss3: 0.000567316310480237 clean_ce: 1.0186662673950195, adv_ce: 3.810365915298462, adv_margin: 1.3330461978912354, clean_gate: 0.3661558926105499, teacher_margin: 1.820396065711975, teacher_margin_gate: 0.6799967288970947, teacher_clean_gate: 1.0, teacher_adv_gate: 1.0, tm_grad_cos: 1.0, tm_scale: 1.0, tm_ps_scale: 1.0
2026-09-14 22:45:50.786 | INFO     | __main__:<module>:872 - lr:0.1 weight_nat: 0.3806389393004933, nat_loss: 0.017543969675898552, weight_adv: 0.6193610606995068, adv_loss: 0.018428834155201912 weight-klloss3 0.010625 Loss3: 0.0011820371728390455 clean_ce: 1.0411067008972168, adv_ce: 3.879481554031372, adv_margin: 1.34089994430542, clean_gate: 0.359611839056015, teacher_margin: 1.7498149871826172, teacher_margin_gate: 0.6584798097610474, teacher_clean_gate: 1.0, teacher_adv_gate: 1.0, tm_grad_cos: 1.0, tm_scale: 1.0, tm_ps_scale: 1.0
2026-09-14 22:47:04.903 | INFO     | __main__:<module>:875 - TRAIN_EPOCH_RESOURCE epoch=17 seconds=323.32594525069 peak_allocated_bytes=19402734592
2026-09-14 22:47:04.903 | INFO     | __main__:<module>:482 - METHOD epoch=18 views=1 awp_gamma=0.0 consistency_weight=0.0
2026-09-14 22:47:04.904 | INFO     | __main__:<module>:485 - the 18th epoch 
2026-09-14 22:47:05.738 | INFO     | __main__:<module>:872 - lr:0.1 weight_nat: 0.3813143336049389, nat_loss: 0.01846296526491642, weight_adv: 0.6186856663950611, adv_loss: 0.019004259258508682 weight-klloss3 0.011250000000000001 Loss3: 0.00047769371303729713 clean_ce: 1.0224740505218506, adv_ce: 3.8440756797790527, adv_margin: 1.4122728109359741, clean_gate: 0.35633644461631775, teacher_margin: 1.8265684843063354, teacher_margin_gate: 0.6572259068489075, teacher_clean_gate: 1.0, teacher_adv_gate: 1.0, tm_grad_cos: 1.0, tm_scale: 1.0, tm_ps_scale: 1.0
2026-09-14 22:48:27.308 | INFO     | __main__:<module>:872 - lr:0.1 weight_nat: 0.38124026448706444, nat_loss: 0.015859050676226616, weight_adv: 0.6187597355129355, adv_loss: 0.016597941517829895 weight-klloss3 0.011250000000000001 Loss3: 0.0011652795365080237 clean_ce: 1.0370852947235107, adv_ce: 3.564483404159546, adv_margin: 1.1029839515686035, clean_gate: 0.38878440856933594, teacher_margin: 1.5295166969299316, teacher_margin_gate: 0.622546911239624, teacher_clean_gate: 1.0, teacher_adv_gate: 1.0, tm_grad_cos: 1.0, tm_scale: 1.0, tm_ps_scale: 1.0
2026-09-14 22:49:50.060 | INFO     | __main__:<module>:872 - lr:0.1 weight_nat: 0.3799906103554696, nat_loss: 0.01679147034883499, weight_adv: 0.6200093896445303, adv_loss: 0.01777758076786995 weight-klloss3 0.011250000000000001 Loss3: 0.0007253735675476491 clean_ce: 1.0261366367340088, adv_ce: 3.647223472595215, adv_margin: 1.1967544555664062, clean_gate: 0.3801886737346649, teacher_margin: 1.5989670753479004, teacher_margin_gate: 0.6496998071670532, teacher_clean_gate: 1.0, teacher_adv_gate: 1.0, tm_grad_cos: 1.0, tm_scale: 1.0, tm_ps_scale: 1.0
2026-09-14 22:51:12.804 | INFO     | __main__:<module>:872 - lr:0.1 weight_nat: 0.37992012472656034, nat_loss: 0.017114846035838127, weight_adv: 0.6200798752734398, adv_loss: 0.017873691394925117 weight-klloss3 0.011250000000000001 Loss3: 0.0007870660629123449 clean_ce: 1.0100581645965576, adv_ce: 3.932471752166748, adv_margin: 1.4912604093551636, clean_gate: 0.3456697463989258, teacher_margin: 1.7878305912017822, teacher_margin_gate: 0.6205976009368896, teacher_clean_gate: 1.0, teacher_adv_gate: 1.0, tm_grad_cos: 1.0, tm_scale: 1.0, tm_ps_scale: 1.0
2026-09-14 22:52:27.542 | INFO     | __main__:<module>:875 - TRAIN_EPOCH_RESOURCE epoch=18 seconds=322.63877871260047 peak_allocated_bytes=19402423296
2026-09-14 22:52:27.543 | INFO     | __main__:<module>:482 - METHOD epoch=19 views=1 awp_gamma=0.0 consistency_weight=0.0
2026-09-14 22:52:27.543 | INFO     | __main__:<module>:485 - the 19th epoch 
2026-09-14 22:52:28.375 | INFO     | __main__:<module>:872 - lr:0.1 weight_nat: 0.3800228191928365, nat_loss: 0.01765233650803566, weight_adv: 0.6199771808071635, adv_loss: 0.017504077404737473 weight-klloss3 0.011875 Loss3: 0.0006767289014533162 clean_ce: 1.036090612411499, adv_ce: 3.7637031078338623, adv_margin: 1.2860403060913086, clean_gate: 0.36814093589782715, teacher_margin: 1.6599018573760986, teacher_margin_gate: 0.6283887624740601, teacher_clean_gate: 1.0, teacher_adv_gate: 1.0, tm_grad_cos: 1.0, tm_scale: 1.0, tm_ps_scale: 1.0
2026-09-14 22:53:50.670 | INFO     | __main__:<module>:872 - lr:0.1 weight_nat: 0.3778762443337662, nat_loss: 0.01868341863155365, weight_adv: 0.6221237556662338, adv_loss: 0.018185365945100784 weight-klloss3 0.011875 Loss3: 0.0009449018398299813 clean_ce: 0.9846844673156738, adv_ce: 3.9322385787963867, adv_margin: 1.5161242485046387, clean_gate: 0.34835338592529297, teacher_margin: 1.754214882850647, teacher_margin_gate: 0.629025936126709, teacher_clean_gate: 1.0, teacher_adv_gate: 1.0, tm_grad_cos: 1.0, tm_scale: 1.0, tm_ps_scale: 1.0
2026-09-14 22:55:13.985 | INFO     | __main__:<module>:872 - lr:0.1 weight_nat: 0.37873646622731144, nat_loss: 0.016990022733807564, weight_adv: 0.6212635337726886, adv_loss: 0.017031844705343246 weight-klloss3 0.011875 Loss3: 0.0009664313402026892 clean_ce: 0.9976584911346436, adv_ce: 3.7995100021362305, adv_margin: 1.3522884845733643, clean_gate: 0.3594072759151459, teacher_margin: 1.6797966957092285, teacher_margin_gate: 0.6218618154525757, teacher_clean_gate: 1.0, teacher_adv_gate: 1.0, tm_grad_cos: 1.0, tm_scale: 1.0, tm_ps_scale: 1.0
2026-09-14 22:56:35.565 | INFO     | __main__:<module>:872 - lr:0.1 weight_nat: 0.378083915423077, nat_loss: 0.01699971593916416, weight_adv: 0.621916084576923, adv_loss: 0.01814064383506775 weight-klloss3 0.011875 Loss3: 0.0011104859877377748 clean_ce: 1.0287446975708008, adv_ce: 3.6936187744140625, adv_margin: 1.2380642890930176, clean_gate: 0.37382811307907104, teacher_margin: 1.707709550857544, teacher_margin_gate: 0.6528024673461914, teacher_clean_gate: 1.0, teacher_adv_gate: 1.0, tm_grad_cos: 1.0, tm_scale: 1.0, tm_ps_scale: 1.0
2026-09-14 22:57:48.605 | INFO     | __main__:<module>:875 - TRAIN_EPOCH_RESOURCE epoch=19 seconds=321.0626864656806 peak_allocated_bytes=19402734592
2026-09-14 22:57:48.606 | INFO     | __main__:<module>:482 - METHOD epoch=20 views=1 awp_gamma=0.0 consistency_weight=0.0
2026-09-14 22:57:48.606 | INFO     | __main__:<module>:485 - the 20th epoch 
2026-09-14 22:57:49.490 | INFO     | __main__:<module>:872 - lr:0.1 weight_nat: 0.37669416181548754, nat_loss: 0.01680224947631359, weight_adv: 0.6233058381845126, adv_loss: 0.01876184716820717 weight-klloss3 0.0125 Loss3: 0.00121422135271132 clean_ce: 0.9923520684242249, adv_ce: 3.781136989593506, adv_margin: 1.3570688962936401, clean_gate: 0.3600108027458191, teacher_margin: 1.8132667541503906, teacher_margin_gate: 0.6502032279968262, teacher_clean_gate: 1.0, teacher_adv_gate: 1.0, tm_grad_cos: 1.0, tm_scale: 1.0, tm_ps_scale: 1.0
2026-09-14 22:59:14.095 | INFO     | __main__:<module>:872 - lr:0.1 weight_nat: 0.3789247162349116, nat_loss: 0.015479094348847866, weight_adv: 0.6210752837650884, adv_loss: 0.017672596499323845 weight-klloss3 0.0125 Loss3: 0.0007677479879930615 clean_ce: 0.9987766742706299, adv_ce: 3.600646495819092, adv_margin: 1.1738163232803345, clean_gate: 0.38542360067367554, teacher_margin: 1.6606189012527466, teacher_margin_gate: 0.6699678897857666, teacher_clean_gate: 1.0, teacher_adv_gate: 1.0, tm_grad_cos: 1.0, tm_scale: 1.0, tm_ps_scale: 1.0
2026-09-14 23:00:36.378 | INFO     | __main__:<module>:872 - lr:0.1 weight_nat: 0.3793839086733867, nat_loss: 0.017354730516672134, weight_adv: 0.6206160913266133, adv_loss: 0.019021153450012207 weight-klloss3 0.0125 Loss3: 0.0009834771044552326 clean_ce: 0.977155327796936, adv_ce: 3.856971025466919, adv_margin: 1.4134435653686523, clean_gate: 0.3552361726760864, teacher_margin: 1.7798395156860352, teacher_margin_gate: 0.6373134851455688, teacher_clean_gate: 1.0, teacher_adv_gate: 1.0, tm_grad_cos: 1.0, tm_scale: 1.0, tm_ps_scale: 1.0
2026-09-14 23:01:57.049 | INFO     | __main__:<module>:872 - lr:0.1 weight_nat: 0.37748423890761634, nat_loss: 0.017013389617204666, weight_adv: 0.6225157610923836, adv_loss: 0.016956225037574768 weight-klloss3 0.0125 Loss3: 0.0008900028769858181 clean_ce: 0.9962528944015503, adv_ce: 3.799741744995117, adv_margin: 1.3406363725662231, clean_gate: 0.3635287284851074, teacher_margin: 1.6823399066925049, teacher_margin_gate: 0.6458070874214172, teacher_clean_gate: 1.0, teacher_adv_gate: 1.0, tm_grad_cos: 1.0, tm_scale: 1.0, tm_ps_scale: 1.0
2026-09-14 23:03:11.415 | INFO     | __main__:<module>:875 - TRAIN_EPOCH_RESOURCE epoch=20 seconds=322.808718085289 peak_allocated_bytes=19402423296
2026-09-14 23:04:13.471 | INFO     | __main__:<module>:934 - student robust acc 0.0100, teacher robust acc 0.5522, nat teacher robust acc 0.6798
2026-09-14 23:04:30.293 | INFO     | __main__:<module>:1010 - student natural acc 0.0100, adv teacher natural acc 0.5834, nat teacher natural acc 0.7650
2026-09-14 23:04:30.295 | INFO     | __main__:<module>:482 - METHOD epoch=21 views=1 awp_gamma=0.0 consistency_weight=0.0
2026-09-14 23:04:30.295 | INFO     | __main__:<module>:485 - the 21th epoch 
2026-09-14 23:04:31.116 | INFO     | __main__:<module>:872 - lr:0.1 weight_nat: 0.3750620007531836, nat_loss: 0.015889715403318405, weight_adv: 0.6249379992468164, adv_loss: 0.01829439401626587 weight-klloss3 0.013125000000000001 Loss3: 0.001592039130628109 clean_ce: 1.0080256462097168, adv_ce: 3.7518413066864014, adv_margin: 1.3185124397277832, clean_gate: 0.3624643087387085, teacher_margin: 1.838244915008545, teacher_margin_gate: 0.6757330298423767, teacher_clean_gate: 1.0, teacher_adv_gate: 1.0, tm_grad_cos: 1.0, tm_scale: 1.0, tm_ps_scale: 1.0
2026-09-14 23:05:53.284 | INFO     | __main__:<module>:872 - lr:0.1 weight_nat: 0.37710564597835916, nat_loss: 0.016367953270673752, weight_adv: 0.622894354021641, adv_loss: 0.016716498881578445 weight-klloss3 0.013125000000000001 Loss3: 0.0007258270052261651 clean_ce: 0.9499790668487549, adv_ce: 3.768484592437744, adv_margin: 1.3999969959259033, clean_gate: 0.36019888520240784, teacher_margin: 1.718811273574829, teacher_margin_gate: 0.6450338363647461, teacher_clean_gate: 1.0, teacher_adv_gate: 1.0, tm_grad_cos: 1.0, tm_scale: 1.0, tm_ps_scale: 1.0
2026-09-14 23:07:16.977 | INFO     | __main__:<module>:872 - lr:0.1 weight_nat: 0.37525819697553897, nat_loss: 0.015730200335383415, weight_adv: 0.6247418030244611, adv_loss: 0.017868639901280403 weight-klloss3 0.013125000000000001 Loss3: 0.0016921444330364466 clean_ce: 0.957118809223175, adv_ce: 3.8373775482177734, adv_margin: 1.4225132465362549, clean_gate: 0.3552132248878479, teacher_margin: 1.8254568576812744, teacher_margin_gate: 0.6582865715026855, teacher_clean_gate: 1.0, teacher_adv_gate: 1.0, tm_grad_cos: 1.0, tm_scale: 1.0, tm_ps_scale: 1.0
2026-09-14 23:08:39.587 | INFO     | __main__:<module>:872 - lr:0.1 weight_nat: 0.37401045145050205, nat_loss: 0.015875428915023804, weight_adv: 0.625989548549498, adv_loss: 0.01856307126581669 weight-klloss3 0.013125000000000001 Loss3: 0.0006584199145436287 clean_ce: 0.9475080966949463, adv_ce: 3.7135863304138184, adv_margin: 1.3579390048980713, clean_gate: 0.3639678657054901, teacher_margin: 1.8387123346328735, teacher_margin_gate: 0.6602803468704224, teacher_clean_gate: 1.0, teacher_adv_gate: 1.0, tm_grad_cos: 1.0, tm_scale: 1.0, tm_ps_scale: 1.0
2026-09-14 23:09:52.500 | INFO     | __main__:<module>:875 - TRAIN_EPOCH_RESOURCE epoch=21 seconds=322.2056387104094 peak_allocated_bytes=19402734592
2026-09-14 23:09:52.501 | INFO     | __main__:<module>:482 - METHOD epoch=22 views=1 awp_gamma=0.0 consistency_weight=0.0
2026-09-14 23:09:52.501 | INFO     | __main__:<module>:485 - the 22th epoch 
2026-09-14 23:09:53.333 | INFO     | __main__:<module>:872 - lr:0.1 weight_nat: 0.3727820616699663, nat_loss: 0.015472302213311195, weight_adv: 0.6272179383300337, adv_loss: 0.017164576798677444 weight-klloss3 0.013750000000000002 Loss3: 0.0009393176296725869 clean_ce: 0.9635533094406128, adv_ce: 3.845717430114746, adv_margin: 1.4377950429916382, clean_gate: 0.35273873805999756, teacher_margin: 1.7721035480499268, teacher_margin_gate: 0.6462148427963257, teacher_clean_gate: 1.0, teacher_adv_gate: 1.0, tm_grad_cos: 1.0, tm_scale: 1.0, tm_ps_scale: 1.0
2026-09-14 23:11:15.788 | INFO     | __main__:<module>:872 - lr:0.1 weight_nat: 0.3757025340473036, nat_loss: 0.01598626747727394, weight_adv: 0.6242974659526964, adv_loss: 0.018222853541374207 weight-klloss3 0.013750000000000002 Loss3: 0.001245028804987669 clean_ce: 0.970807671546936, adv_ce: 3.909071207046509, adv_margin: 1.484519600868225, clean_gate: 0.346796452999115, teacher_margin: 1.7818121910095215, teacher_margin_gate: 0.629776120185852, teacher_clean_gate: 1.0, teacher_adv_gate: 1.0, tm_grad_cos: 1.0, tm_scale: 1.0, tm_ps_scale: 1.0
2026-09-14 23:12:35.987 | INFO     | __main__:<module>:872 - lr:0.1 weight_nat: 0.374206162428481, nat_loss: 0.016499113291502, weight_adv: 0.6257938375715191, adv_loss: 0.0193667970597744 weight-klloss3 0.013750000000000002 Loss3: 0.001395912142470479 clean_ce: 0.974310040473938, adv_ce: 3.8790676593780518, adv_margin: 1.501439094543457, clean_gate: 0.34791386127471924, teacher_margin: 1.8995634317398071, teacher_margin_gate: 0.6471068859100342, teacher_clean_gate: 1.0, teacher_adv_gate: 1.0, tm_grad_cos: 1.0, tm_scale: 1.0, tm_ps_scale: 1.0
2026-09-14 23:13:57.798 | INFO     | __main__:<module>:872 - lr:0.1 weight_nat: 0.3721075975035846, nat_loss: 0.016465114429593086, weight_adv: 0.6278924024964154, adv_loss: 0.018666289746761322 weight-klloss3 0.013750000000000002 Loss3: 0.0017480975948274136 clean_ce: 0.9428935647010803, adv_ce: 3.6968564987182617, adv_margin: 1.3701045513153076, clean_gate: 0.3618971109390259, teacher_margin: 1.8630430698394775, teacher_margin_gate: 0.6732449531555176, teacher_clean_gate: 1.0, teacher_adv_gate: 1.0, tm_grad_cos: 1.0, tm_scale: 1.0, tm_ps_scale: 1.0
2026-09-14 23:15:13.036 | INFO     | __main__:<module>:875 - TRAIN_EPOCH_RESOURCE epoch=22 seconds=320.5350569933653 peak_allocated_bytes=19402423296
2026-09-14 23:15:13.036 | INFO     | __main__:<module>:482 - METHOD epoch=23 views=1 awp_gamma=0.0 consistency_weight=0.0
2026-09-14 23:15:13.036 | INFO     | __main__:<module>:485 - the 23th epoch 
2026-09-14 23:15:13.873 | INFO     | __main__:<module>:872 - lr:0.1 weight_nat: 0.37380722854257087, nat_loss: 0.014819719828665257, weight_adv: 0.6261927714574291, adv_loss: 0.017080513760447502 weight-klloss3 0.014374999999999999 Loss3: 0.0010950069408863783 clean_ce: 0.9322773814201355, adv_ce: 3.612405300140381, adv_margin: 1.2616329193115234, clean_gate: 0.37929365038871765, teacher_margin: 1.648425579071045, teacher_margin_gate: 0.6592012643814087, teacher_clean_gate: 1.0, teacher_adv_gate: 1.0, tm_grad_cos: 1.0, tm_scale: 1.0, tm_ps_scale: 1.0
2026-09-14 23:16:36.362 | INFO     | __main__:<module>:872 - lr:0.1 weight_nat: 0.3746896081540756, nat_loss: 0.015036315657198429, weight_adv: 0.6253103918459244, adv_loss: 0.01870095729827881 weight-klloss3 0.014374999999999999 Loss3: 0.001006030011922121 clean_ce: 0.9352745413780212, adv_ce: 3.648024559020996, adv_margin: 1.352819800376892, clean_gate: 0.3703380525112152, teacher_margin: 1.8420510292053223, teacher_margin_gate: 0.6803592443466187, teacher_clean_gate: 1.0, teacher_adv_gate: 1.0, tm_grad_cos: 1.0, tm_scale: 1.0, tm_ps_scale: 1.0
2026-09-14 23:17:58.113 | INFO     | __main__:<module>:872 - lr:0.1 weight_nat: 0.3733503960155829, nat_loss: 0.015619330108165741, weight_adv: 0.626649603984417, adv_loss: 0.017400143668055534 weight-klloss3 0.014374999999999999 Loss3: 0.0015136543661355972 clean_ce: 0.9264646768569946, adv_ce: 3.7224135398864746, adv_margin: 1.3934686183929443, clean_gate: 0.35574448108673096, teacher_margin: 1.804984450340271, teacher_margin_gate: 0.6543206572532654, teacher_clean_gate: 1.0, teacher_adv_gate: 1.0, tm_grad_cos: 1.0, tm_scale: 1.0, tm_ps_scale: 1.0
2026-09-14 23:19:18.542 | INFO     | __main__:<module>:872 - lr:0.1 weight_nat: 0.3726296695591362, nat_loss: 0.01639939658343792, weight_adv: 0.6273703304408639, adv_loss: 0.017428308725357056 weight-klloss3 0.014374999999999999 Loss3: 0.0016882771160453558 clean_ce: 0.9270385503768921, adv_ce: 3.7579500675201416, adv_margin: 1.4320933818817139, clean_gate: 0.36067700386047363, teacher_margin: 1.8116552829742432, teacher_margin_gate: 0.6660423874855042, teacher_clean_gate: 1.0, teacher_adv_gate: 1.0, tm_grad_cos: 1.0, tm_scale: 1.0, tm_ps_scale: 1.0
2026-09-14 23:20:30.232 | INFO     | __main__:<module>:875 - TRAIN_EPOCH_RESOURCE epoch=23 seconds=317.1959696188569 peak_allocated_bytes=19402734592
2026-09-14 23:20:30.232 | INFO     | __main__:<module>:482 - METHOD epoch=24 views=1 awp_gamma=0.0 consistency_weight=0.0
2026-09-14 23:20:30.233 | INFO     | __main__:<module>:485 - the 24th epoch 
2026-09-14 23:20:31.051 | INFO     | __main__:<module>:872 - lr:0.1 weight_nat: 0.371715446217854, nat_loss: 0.015277743339538574, weight_adv: 0.628284553782146, adv_loss: 0.015314240008592606 weight-klloss3 0.015 Loss3: 0.0007581597310490906 clean_ce: 0.9220393896102905, adv_ce: 3.7041428089141846, adv_margin: 1.406998872756958, clean_gate: 0.36159747838974, teacher_margin: 1.4008090496063232, teacher_margin_gate: 0.5821778774261475, teacher_clean_gate: 1.0, teacher_adv_gate: 1.0, tm_grad_cos: 1.0, tm_scale: 1.0, tm_ps_scale: 1.0
2026-09-14 23:21:52.887 | INFO     | __main__:<module>:872 - lr:0.1 weight_nat: 0.37074532617293376, nat_loss: 0.014747096225619316, weight_adv: 0.6292546738270662, adv_loss: 0.016889140009880066 weight-klloss3 0.015 Loss3: 0.0017022594111040235 clean_ce: 0.9259721040725708, adv_ce: 3.6185953617095947, adv_margin: 1.2751734256744385, clean_gate: 0.3816509246826172, teacher_margin: 1.6490403413772583, teacher_margin_gate: 0.6615936756134033, teacher_clean_gate: 1.0, teacher_adv_gate: 1.0, tm_grad_cos: 1.0, tm_scale: 1.0, tm_ps_scale: 1.0
2026-09-14 23:23:14.835 | INFO     | __main__:<module>:872 - lr:0.1 weight_nat: 0.37134421815622837, nat_loss: 0.015295376069843769, weight_adv: 0.6286557818437717, adv_loss: 0.015854455530643463 weight-klloss3 0.015 Loss3: 0.0017136968672275543 clean_ce: 0.9327791929244995, adv_ce: 3.6675055027008057, adv_margin: 1.3480671644210815, clean_gate: 0.3692399561405182, teacher_margin: 1.528665542602539, teacher_margin_gate: 0.6111644506454468, teacher_clean_gate: 1.0, teacher_adv_gate: 1.0, tm_grad_cos: 1.0, tm_scale: 1.0, tm_ps_scale: 1.0
2026-09-14 23:24:34.056 | INFO     | __main__:<module>:872 - lr:0.1 weight_nat: 0.37310973227335004, nat_loss: 0.01500957366079092, weight_adv: 0.62689026772665, adv_loss: 0.015393715351819992 weight-klloss3 0.015 Loss3: 0.0016798166325315833 clean_ce: 0.9315199851989746, adv_ce: 3.665367364883423, adv_margin: 1.3181952238082886, clean_gate: 0.3771146535873413, teacher_margin: 1.5441713333129883, teacher_margin_gate: 0.6335123777389526, teacher_clean_gate: 1.0, teacher_adv_gate: 1.0, tm_grad_cos: 1.0, tm_scale: 1.0, tm_ps_scale: 1.0
2026-09-14 23:25:47.185 | INFO     | __main__:<module>:875 - TRAIN_EPOCH_RESOURCE epoch=24 seconds=316.9522943869233 peak_allocated_bytes=19402423296
2026-09-14 23:25:47.185 | INFO     | __main__:<module>:482 - METHOD epoch=25 views=1 awp_gamma=0.0 consistency_weight=0.0
2026-09-14 23:25:47.185 | INFO     | __main__:<module>:485 - the 25th epoch 
2026-09-14 23:25:47.977 | INFO     | __main__:<module>:872 - lr:0.1 weight_nat: 0.3695052262877342, nat_loss: 0.014980454929172993, weight_adv: 0.6304947737122659, adv_loss: 0.017226308584213257 weight-klloss3 0.015625 Loss3: 0.0020639922004193068 clean_ce: 0.9362874627113342, adv_ce: 3.614602565765381, adv_margin: 1.261612892150879, clean_gate: 0.3707978427410126, teacher_margin: 1.6702725887298584, teacher_margin_gate: 0.6373884677886963, teacher_clean_gate: 1.0, teacher_adv_gate: 1.0, tm_grad_cos: 1.0, tm_scale: 1.0, tm_ps_scale: 1.0
2026-09-14 23:27:09.217 | INFO     | __main__:<module>:872 - lr:0.1 weight_nat: 0.3698197996468745, nat_loss: 0.016350720077753067, weight_adv: 0.6301802003531255, adv_loss: 0.01799648255109787 weight-klloss3 0.015625 Loss3: 0.0016104611568152905 clean_ce: 0.9255356788635254, adv_ce: 3.748812675476074, adv_margin: 1.3775734901428223, clean_gate: 0.36329129338264465, teacher_margin: 1.738716721534729, teacher_margin_gate: 0.6475280523300171, teacher_clean_gate: 1.0, teacher_adv_gate: 1.0, tm_grad_cos: 1.0, tm_scale: 1.0, tm_ps_scale: 1.0
2026-09-14 23:28:29.857 | INFO     | __main__:<module>:872 - lr:0.1 weight_nat: 0.3718055278022053, nat_loss: 0.016194595023989677, weight_adv: 0.6281944721977947, adv_loss: 0.017081748694181442 weight-klloss3 0.015625 Loss3: 0.0009128387318924069 clean_ce: 0.9264792203903198, adv_ce: 3.640413522720337, adv_margin: 1.35038161277771, clean_gate: 0.3677489757537842, teacher_margin: 1.6308631896972656, teacher_margin_gate: 0.6130967736244202, teacher_clean_gate: 1.0, teacher_adv_gate: 1.0, tm_grad_cos: 1.0, tm_scale: 1.0, tm_ps_scale: 1.0
2026-09-14 23:29:52.001 | INFO     | __main__:<module>:872 - lr:0.1 weight_nat: 0.37405834623630674, nat_loss: 0.015452058985829353, weight_adv: 0.6259416537636933, adv_loss: 0.017630841583013535 weight-klloss3 0.015625 Loss3: 0.001937623368576169 clean_ce: 0.9079337120056152, adv_ce: 3.640617609024048, adv_margin: 1.3776023387908936, clean_gate: 0.36185991764068604, teacher_margin: 1.7681396007537842, teacher_margin_gate: 0.6438398361206055, teacher_clean_gate: 1.0, teacher_adv_gate: 1.0, tm_grad_cos: 1.0, tm_scale: 1.0, tm_ps_scale: 1.0
2026-09-14 23:31:04.880 | INFO     | __main__:<module>:875 - TRAIN_EPOCH_RESOURCE epoch=25 seconds=317.6950877569616 peak_allocated_bytes=19402734592
2026-09-14 23:31:04.881 | INFO     | __main__:<module>:482 - METHOD epoch=26 views=1 awp_gamma=0.0 consistency_weight=0.0
2026-09-14 23:31:04.881 | INFO     | __main__:<module>:485 - the 26th epoch 
2026-09-14 23:31:05.663 | INFO     | __main__:<module>:872 - lr:0.1 weight_nat: 0.37061168619573215, nat_loss: 0.014394727535545826, weight_adv: 0.6293883138042679, adv_loss: 0.01858793944120407 weight-klloss3 0.01625 Loss3: 0.0016396156279370189 clean_ce: 0.9440010786056519, adv_ce: 3.3674826622009277, adv_margin: 1.0618796348571777, clean_gate: 0.3977818191051483, teacher_margin: 1.83529794216156, teacher_margin_gate: 0.712552011013031, teacher_clean_gate: 1.0, teacher_adv_gate: 1.0, tm_grad_cos: 1.0, tm_scale: 1.0, tm_ps_scale: 1.0
2026-09-14 23:32:25.090 | INFO     | __main__:<module>:872 - lr:0.1 weight_nat: 0.36960486782037427, nat_loss: 0.013392660766839981, weight_adv: 0.6303951321796257, adv_loss: 0.016642920672893524 weight-klloss3 0.01625 Loss3: 0.0016791336238384247 clean_ce: 0.9030964374542236, adv_ce: 3.6457858085632324, adv_margin: 1.3453606367111206, clean_gate: 0.3684297204017639, teacher_margin: 1.634223461151123, teacher_margin_gate: 0.6379225850105286, teacher_clean_gate: 1.0, teacher_adv_gate: 1.0, tm_grad_cos: 1.0, tm_scale: 1.0, tm_ps_scale: 1.0
2026-09-14 23:33:43.430 | INFO     | __main__:<module>:872 - lr:0.1 weight_nat: 0.36647938217031545, nat_loss: 0.015387322753667831, weight_adv: 0.6335206178296846, adv_loss: 0.015532903373241425 weight-klloss3 0.01625 Loss3: 0.0015326442662626505 clean_ce: 0.8799248933792114, adv_ce: 3.8317933082580566, adv_margin: 1.534589171409607, clean_gate: 0.3466576933860779, teacher_margin: 1.5361213684082031, teacher_margin_gate: 0.5796725749969482, teacher_clean_gate: 1.0, teacher_adv_gate: 1.0, tm_grad_cos: 1.0, tm_scale: 1.0, tm_ps_scale: 1.0
2026-09-14 23:35:04.283 | INFO     | __main__:<module>:872 - lr:0.1 weight_nat: 0.3677851776079616, nat_loss: 0.014640825800597668, weight_adv: 0.6322148223920385, adv_loss: 0.01668141409754753 weight-klloss3 0.01625 Loss3: 0.0014940554974600673 clean_ce: 0.9067184925079346, adv_ce: 3.626420736312866, adv_margin: 1.3596357107162476, clean_gate: 0.3700999319553375, teacher_margin: 1.6292754411697388, teacher_margin_gate: 0.634790301322937, teacher_clean_gate: 1.0, teacher_adv_gate: 1.0, tm_grad_cos: 1.0, tm_scale: 1.0, tm_ps_scale: 1.0
2026-09-14 23:36:16.218 | INFO     | __main__:<module>:875 - TRAIN_EPOCH_RESOURCE epoch=26 seconds=311.3372057080269 peak_allocated_bytes=19402423296
2026-09-14 23:36:16.218 | INFO     | __main__:<module>:482 - METHOD epoch=27 views=1 awp_gamma=0.0 consistency_weight=0.0
2026-09-14 23:36:16.218 | INFO     | __main__:<module>:485 - the 27th epoch 
2026-09-14 23:36:17.012 | INFO     | __main__:<module>:872 - lr:0.1 weight_nat: 0.36760085818449756, nat_loss: 0.013799838721752167, weight_adv: 0.6323991418155025, adv_loss: 0.015956658869981766 weight-klloss3 0.016875 Loss3: 0.0009788105962798 clean_ce: 0.8752727508544922, adv_ce: 3.4755842685699463, adv_margin: 1.2670798301696777, clean_gate: 0.38197755813598633, teacher_margin: 1.5321338176727295, teacher_margin_gate: 0.6320476531982422, teacher_clean_gate: 1.0, teacher_adv_gate: 1.0, tm_grad_cos: 1.0, tm_scale: 1.0, tm_ps_scale: 1.0
2026-09-14 23:37:37.846 | INFO     | __main__:<module>:872 - lr:0.1 weight_nat: 0.3671520809142641, nat_loss: 0.01361435279250145, weight_adv: 0.6328479190857359, adv_loss: 0.01501920074224472 weight-klloss3 0.016875 Loss3: 0.0019934403244405985 clean_ce: 0.8767356872558594, adv_ce: 3.559842824935913, adv_margin: 1.3248425722122192, clean_gate: 0.373462438583374, teacher_margin: 1.4489628076553345, teacher_margin_gate: 0.5910452008247375, teacher_clean_gate: 1.0, teacher_adv_gate: 1.0, tm_grad_cos: 1.0, tm_scale: 1.0, tm_ps_scale: 1.0
2026-09-14 23:38:57.017 | INFO     | __main__:<module>:872 - lr:0.1 weight_nat: 0.3684810933740577, nat_loss: 0.015155255794525146, weight_adv: 0.6315189066259422, adv_loss: 0.016398487612605095 weight-klloss3 0.016875 Loss3: 0.001848521176725626 clean_ce: 0.8917111158370972, adv_ce: 3.6267926692962646, adv_margin: 1.347325086593628, clean_gate: 0.3752163052558899, teacher_margin: 1.5943645238876343, teacher_margin_gate: 0.6271041631698608, teacher_clean_gate: 1.0, teacher_adv_gate: 1.0, tm_grad_cos: 1.0, tm_scale: 1.0, tm_ps_scale: 1.0
2026-09-14 23:40:16.705 | INFO     | __main__:<module>:872 - lr:0.1 weight_nat: 0.3692008872297555, nat_loss: 0.014313532039523125, weight_adv: 0.6307991127702446, adv_loss: 0.01717989519238472 weight-klloss3 0.016875 Loss3: 0.0015728091821074486 clean_ce: 0.8875685930252075, adv_ce: 3.7087621688842773, adv_margin: 1.4477453231811523, clean_gate: 0.3649123013019562, teacher_margin: 1.801073670387268, teacher_margin_gate: 0.6758997440338135, teacher_clean_gate: 1.0, teacher_adv_gate: 1.0, tm_grad_cos: 1.0, tm_scale: 1.0, tm_ps_scale: 1.0
2026-09-14 23:41:26.854 | INFO     | __main__:<module>:875 - TRAIN_EPOCH_RESOURCE epoch=27 seconds=310.635923858732 peak_allocated_bytes=19402734592
2026-09-14 23:41:26.855 | INFO     | __main__:<module>:482 - METHOD epoch=28 views=1 awp_gamma=0.0 consistency_weight=0.0
2026-09-14 23:41:26.855 | INFO     | __main__:<module>:485 - the 28th epoch 
2026-09-14 23:41:27.622 | INFO     | __main__:<module>:872 - lr:0.1 weight_nat: 0.3658749952965793, nat_loss: 0.014018826186656952, weight_adv: 0.6341250047034207, adv_loss: 0.016012195497751236 weight-klloss3 0.017499999999999998 Loss3: 0.000826581846922636 clean_ce: 0.8781925439834595, adv_ce: 3.569801092147827, adv_margin: 1.3178277015686035, clean_gate: 0.3721257448196411, teacher_margin: 1.5506031513214111, teacher_margin_gate: 0.6084542870521545, teacher_clean_gate: 1.0, teacher_adv_gate: 1.0, tm_grad_cos: 1.0, tm_scale: 1.0, tm_ps_scale: 1.0
2026-09-14 23:42:47.919 | INFO     | __main__:<module>:872 - lr:0.1 weight_nat: 0.3695736157434435, nat_loss: 0.014599199406802654, weight_adv: 0.6304263842565566, adv_loss: 0.015354262664914131 weight-klloss3 0.017499999999999998 Loss3: 0.0017058743396773934 clean_ce: 0.9013546109199524, adv_ce: 3.505610942840576, adv_margin: 1.2787790298461914, clean_gate: 0.37809252738952637, teacher_margin: 1.4985873699188232, teacher_margin_gate: 0.6152819395065308, teacher_clean_gate: 1.0, teacher_adv_gate: 1.0, tm_grad_cos: 1.0, tm_scale: 1.0, tm_ps_scale: 1.0
2026-09-14 23:44:09.530 | INFO     | __main__:<module>:872 - lr:0.1 weight_nat: 0.36815547868427606, nat_loss: 0.01499633863568306, weight_adv: 0.631844521315724, adv_loss: 0.016855411231517792 weight-klloss3 0.017499999999999998 Loss3: 0.001937302527949214 clean_ce: 0.8654496669769287, adv_ce: 3.658615827560425, adv_margin: 1.4858765602111816, clean_gate: 0.3545896112918854, teacher_margin: 1.7898861169815063, teacher_margin_gate: 0.6434146165847778, teacher_clean_gate: 1.0, teacher_adv_gate: 1.0, tm_grad_cos: 1.0, tm_scale: 1.0, tm_ps_scale: 1.0
2026-09-14 23:45:33.663 | INFO     | __main__:<module>:872 - lr:0.1 weight_nat: 0.3662748162964666, nat_loss: 0.014305987395346165, weight_adv: 0.6337251837035334, adv_loss: 0.01629503443837166 weight-klloss3 0.017499999999999998 Loss3: 0.0017159946728497744 clean_ce: 0.8766229152679443, adv_ce: 3.6329541206359863, adv_margin: 1.365126132965088, clean_gate: 0.3704339563846588, teacher_margin: 1.6656522750854492, teacher_margin_gate: 0.6445589661598206, teacher_clean_gate: 1.0, teacher_adv_gate: 1.0, tm_grad_cos: 1.0, tm_scale: 1.0, tm_ps_scale: 1.0
2026-09-14 23:46:45.951 | INFO     | __main__:<module>:875 - TRAIN_EPOCH_RESOURCE epoch=28 seconds=319.09651803970337 peak_allocated_bytes=19402423296
2026-09-14 23:46:45.952 | INFO     | __main__:<module>:482 - METHOD epoch=29 views=1 awp_gamma=0.0 consistency_weight=0.0
2026-09-14 23:46:45.952 | INFO     | __main__:<module>:485 - the 29th epoch 
2026-09-14 23:46:46.772 | INFO     | __main__:<module>:872 - lr:0.1 weight_nat: 0.3665620812819232, nat_loss: 0.013791607692837715, weight_adv: 0.6334379187180769, adv_loss: 0.01603335328400135 weight-klloss3 0.018125 Loss3: 0.0021292120218276978 clean_ce: 0.868201494216919, adv_ce: 3.4539976119995117, adv_margin: 1.2539844512939453, clean_gate: 0.39058059453964233, teacher_margin: 1.5535638332366943, teacher_margin_gate: 0.6562591791152954, teacher_clean_gate: 1.0, teacher_adv_gate: 1.0, tm_grad_cos: 1.0, tm_scale: 1.0, tm_ps_scale: 1.0
2026-09-14 23:48:06.720 | INFO     | __main__:<module>:872 - lr:0.1 weight_nat: 0.3663883710999912, nat_loss: 0.013518682681024075, weight_adv: 0.6336116289000089, adv_loss: 0.01598764955997467 weight-klloss3 0.018125 Loss3: 0.0020585055463016033 clean_ce: 0.8293194770812988, adv_ce: 3.776646137237549, adv_margin: 1.5339159965515137, clean_gate: 0.35246413946151733, teacher_margin: 1.6976110935211182, teacher_margin_gate: 0.6264634132385254, teacher_clean_gate: 1.0, teacher_adv_gate: 1.0, tm_grad_cos: 1.0, tm_scale: 1.0, tm_ps_scale: 1.0
2026-09-14 23:49:26.784 | INFO     | __main__:<module>:872 - lr:0.1 weight_nat: 0.3673736396591992, nat_loss: 0.014504949562251568, weight_adv: 0.6326263603408008, adv_loss: 0.016150768846273422 weight-klloss3 0.018125 Loss3: 0.0022298209369182587 clean_ce: 0.8828872442245483, adv_ce: 3.5042014122009277, adv_margin: 1.2776068449020386, clean_gate: 0.3768407106399536, teacher_margin: 1.7046000957489014, teacher_margin_gate: 0.669354259967804, teacher_clean_gate: 1.0, teacher_adv_gate: 1.0, tm_grad_cos: 1.0, tm_scale: 1.0, tm_ps_scale: 1.0
2026-09-14 23:50:47.563 | INFO     | __main__:<module>:872 - lr:0.1 weight_nat: 0.36420364026647223, nat_loss: 0.014576348476111889, weight_adv: 0.6357963597335278, adv_loss: 0.016435036435723305 weight-klloss3 0.018125 Loss3: 0.001722003798931837 clean_ce: 0.870328426361084, adv_ce: 3.9030795097351074, adv_margin: 1.6087082624435425, clean_gate: 0.3375973701477051, teacher_margin: 1.6502866744995117, teacher_margin_gate: 0.5924325585365295, teacher_clean_gate: 1.0, teacher_adv_gate: 1.0, tm_grad_cos: 1.0, tm_scale: 1.0, tm_ps_scale: 1.0
2026-09-14 23:52:01.917 | INFO     | __main__:<module>:875 - TRAIN_EPOCH_RESOURCE epoch=29 seconds=315.9656641893089 peak_allocated_bytes=19402734592
2026-09-14 23:52:01.918 | INFO     | __main__:<module>:482 - METHOD epoch=30 views=1 awp_gamma=0.0 consistency_weight=0.0
2026-09-14 23:52:01.918 | INFO     | __main__:<module>:485 - the 30th epoch 
2026-09-14 23:52:02.734 | INFO     | __main__:<module>:872 - lr:0.1 weight_nat: 0.36642953055242894, nat_loss: 0.014389418065547943, weight_adv: 0.6335704694475711, adv_loss: 0.014818809926509857 weight-klloss3 0.018750000000000003 Loss3: 0.0014617067063227296 clean_ce: 0.8687087893486023, adv_ce: 3.6291253566741943, adv_margin: 1.3988388776779175, clean_gate: 0.36860960721969604, teacher_margin: 1.473010540008545, teacher_margin_gate: 0.5976486206054688, teacher_clean_gate: 1.0, teacher_adv_gate: 1.0, tm_grad_cos: 1.0, tm_scale: 1.0, tm_ps_scale: 1.0
2026-09-14 23:53:23.830 | INFO     | __main__:<module>:872 - lr:0.1 weight_nat: 0.3647661120755241, nat_loss: 0.014469151385128498, weight_adv: 0.6352338879244759, adv_loss: 0.01597357541322708 weight-klloss3 0.018750000000000003 Loss3: 0.001471176976338029 clean_ce: 0.8393438458442688, adv_ce: 3.7747597694396973, adv_margin: 1.5299549102783203, clean_gate: 0.35151755809783936, teacher_margin: 1.6241495609283447, teacher_margin_gate: 0.6043024063110352, teacher_clean_gate: 1.0, teacher_adv_gate: 1.0, tm_grad_cos: 1.0, tm_scale: 1.0, tm_ps_scale: 1.0
2026-09-14 23:54:42.436 | INFO     | __main__:<module>:872 - lr:0.1 weight_nat: 0.36436969211872733, nat_loss: 0.014116968959569931, weight_adv: 0.6356303078812727, adv_loss: 0.015441285446286201 weight-klloss3 0.018750000000000003 Loss3: 0.0014044786803424358 clean_ce: 0.8351863622665405, adv_ce: 3.5448224544525146, adv_margin: 1.3603594303131104, clean_gate: 0.37840068340301514, teacher_margin: 1.6551417112350464, teacher_margin_gate: 0.6326379776000977, teacher_clean_gate: 1.0, teacher_adv_gate: 1.0, tm_grad_cos: 1.0, tm_scale: 1.0, tm_ps_scale: 1.0
2026-09-14 23:56:01.234 | INFO     | __main__:<module>:872 - lr:0.1 weight_nat: 0.36465744702929054, nat_loss: 0.013938946649432182, weight_adv: 0.6353425529707094, adv_loss: 0.015373526141047478 weight-klloss3 0.018750000000000003 Loss3: 0.0021008094772696495 clean_ce: 0.7753885388374329, adv_ce: 3.5211639404296875, adv_margin: 1.4763094186782837, clean_gate: 0.3639008402824402, teacher_margin: 1.6031434535980225, teacher_margin_gate: 0.6350375413894653, teacher_clean_gate: 1.0, teacher_adv_gate: 1.0, tm_grad_cos: 1.0, tm_scale: 1.0, tm_ps_scale: 1.0
2026-09-14 23:57:09.832 | INFO     | __main__:<module>:875 - TRAIN_EPOCH_RESOURCE epoch=30 seconds=307.9136978983879 peak_allocated_bytes=19402423296
2026-09-14 23:58:07.222 | INFO     | __main__:<module>:934 - student robust acc 0.0108, teacher robust acc 0.5386, nat teacher robust acc 0.6463
2026-09-14 23:58:25.507 | INFO     | __main__:<module>:1007 - best accuracy:0.014150000000000001
2026-09-14 23:58:25.507 | INFO     | __main__:<module>:1010 - student natural acc 0.0175, adv teacher natural acc 0.5852, nat teacher natural acc 0.7650
2026-09-14 23:58:25.509 | INFO     | __main__:<module>:482 - METHOD epoch=31 views=1 awp_gamma=0.0 consistency_weight=0.0
2026-09-14 23:58:25.509 | INFO     | __main__:<module>:485 - the 31th epoch 
2026-09-14 23:58:26.268 | INFO     | __main__:<module>:872 - lr:0.1 weight_nat: 0.3658004507201073, nat_loss: 0.013936405070126057, weight_adv: 0.6341995492798927, adv_loss: 0.015785353258252144 weight-klloss3 0.019375000000000003 Loss3: 0.0027660687919706106 clean_ce: 0.8557729721069336, adv_ce: 3.673614501953125, adv_margin: 1.4512574672698975, clean_gate: 0.36493998765945435, teacher_margin: 1.6519811153411865, teacher_margin_gate: 0.6445786952972412, teacher_clean_gate: 1.0, teacher_adv_gate: 1.0, tm_grad_cos: 1.0, tm_scale: 1.0, tm_ps_scale: 1.0
2026-09-14 23:59:45.466 | INFO     | __main__:<module>:872 - lr:0.1 weight_nat: 0.3641598128214494, nat_loss: 0.01309118140488863, weight_adv: 0.6358401871785506, adv_loss: 0.015582304447889328 weight-klloss3 0.019375000000000003 Loss3: 0.002088497392833233 clean_ce: 0.8758935928344727, adv_ce: 3.5860705375671387, adv_margin: 1.3184056282043457, clean_gate: 0.3679504990577698, teacher_margin: 1.5503013134002686, teacher_margin_gate: 0.6114063262939453, teacher_clean_gate: 1.0, teacher_adv_gate: 1.0, tm_grad_cos: 1.0, tm_scale: 1.0, tm_ps_scale: 1.0
2026-09-15 00:01:05.074 | INFO     | __main__:<module>:872 - lr:0.1 weight_nat: 0.36352333647779356, nat_loss: 0.013308403082191944, weight_adv: 0.6364766635222066, adv_loss: 0.015570214949548244 weight-klloss3 0.019375000000000003 Loss3: 0.002248828997835517 clean_ce: 0.8502578735351562, adv_ce: 3.4933035373687744, adv_margin: 1.2807066440582275, clean_gate: 0.3754294812679291, teacher_margin: 1.5982376337051392, teacher_margin_gate: 0.6498879194259644, teacher_clean_gate: 1.0, teacher_adv_gate: 1.0, tm_grad_cos: 1.0, tm_scale: 1.0, tm_ps_scale: 1.0
2026-09-15 00:02:23.225 | INFO     | __main__:<module>:872 - lr:0.1 weight_nat: 0.36258740648564225, nat_loss: 0.015091928653419018, weight_adv: 0.6374125935143579, adv_loss: 0.014248671010136604 weight-klloss3 0.019375000000000003 Loss3: 0.0021715713664889336 clean_ce: 0.8172602653503418, adv_ce: 3.6301896572113037, adv_margin: 1.4850661754608154, clean_gate: 0.3688132166862488, teacher_margin: 1.5622727870941162, teacher_margin_gate: 0.6230601072311401, teacher_clean_gate: 1.0, teacher_adv_gate: 1.0, tm_grad_cos: 1.0, tm_scale: 1.0, tm_ps_scale: 1.0
2026-09-15 00:03:34.383 | INFO     | __main__:<module>:875 - TRAIN_EPOCH_RESOURCE epoch=31 seconds=308.87360213696957 peak_allocated_bytes=19402734592
2026-09-15 00:03:34.383 | INFO     | __main__:<module>:482 - METHOD epoch=32 views=1 awp_gamma=0.0 consistency_weight=0.0
2026-09-15 00:03:34.383 | INFO     | __main__:<module>:485 - the 32th epoch 
2026-09-15 00:03:35.165 | INFO     | __main__:<module>:872 - lr:0.1 weight_nat: 0.36292395754926415, nat_loss: 0.013014922849833965, weight_adv: 0.6370760424507359, adv_loss: 0.015748606994748116 weight-klloss3 0.020000000000000004 Loss3: 0.00207308167591691 clean_ce: 0.8205603361129761, adv_ce: 3.477998733520508, adv_margin: 1.3244519233703613, clean_gate: 0.3842163383960724, teacher_margin: 1.5860168933868408, teacher_margin_gate: 0.6426199674606323, teacher_clean_gate: 1.0, teacher_adv_gate: 1.0, tm_grad_cos: 1.0, tm_scale: 1.0, tm_ps_scale: 1.0
2026-09-15 00:04:53.253 | INFO     | __main__:<module>:872 - lr:0.1 weight_nat: 0.365663181772158, nat_loss: 0.01295518595725298, weight_adv: 0.6343368182278419, adv_loss: 0.01502358540892601 weight-klloss3 0.020000000000000004 Loss3: 0.0019912254065275192 clean_ce: 0.835146963596344, adv_ce: 3.5288164615631104, adv_margin: 1.3760244846343994, clean_gate: 0.37569668889045715, teacher_margin: 1.571474313735962, teacher_margin_gate: 0.6385186314582825, teacher_clean_gate: 1.0, teacher_adv_gate: 1.0, tm_grad_cos: 1.0, tm_scale: 1.0, tm_ps_scale: 1.0
2026-09-15 00:06:09.745 | INFO     | __main__:<module>:872 - lr:0.1 weight_nat: 0.3608341262393097, nat_loss: 0.012612491846084595, weight_adv: 0.6391658737606903, adv_loss: 0.014801455661654472 weight-klloss3 0.020000000000000004 Loss3: 0.0027430555783212185 clean_ce: 0.8327229022979736, adv_ce: 3.4438788890838623, adv_margin: 1.2689294815063477, clean_gate: 0.38772082328796387, teacher_margin: 1.377094030380249, teacher_margin_gate: 0.6191900372505188, teacher_clean_gate: 1.0, teacher_adv_gate: 1.0, tm_grad_cos: 1.0, tm_scale: 1.0, tm_ps_scale: 1.0
2026-09-15 00:07:28.391 | INFO     | __main__:<module>:872 - lr:0.1 weight_nat: 0.36213625533713345, nat_loss: 0.012952389195561409, weight_adv: 0.6378637446628665, adv_loss: 0.013709742575883865 weight-klloss3 0.020000000000000004 Loss3: 0.002214436884969473 clean_ce: 0.836170494556427, adv_ce: 3.5105223655700684, adv_margin: 1.3424861431121826, clean_gate: 0.37833529710769653, teacher_margin: 1.3960075378417969, teacher_margin_gate: 0.5942232608795166, teacher_clean_gate: 1.0, teacher_adv_gate: 1.0, tm_grad_cos: 1.0, tm_scale: 1.0, tm_ps_scale: 1.0
2026-09-15 00:08:38.893 | INFO     | __main__:<module>:875 - TRAIN_EPOCH_RESOURCE epoch=32 seconds=304.5100424475968 peak_allocated_bytes=19402423296
2026-09-15 00:08:38.894 | INFO     | __main__:<module>:482 - METHOD epoch=33 views=1 awp_gamma=0.0 consistency_weight=0.0
2026-09-15 00:08:38.894 | INFO     | __main__:<module>:485 - the 33th epoch 
2026-09-15 00:08:39.660 | INFO     | __main__:<module>:872 - lr:0.1 weight_nat: 0.36401045783713676, nat_loss: 0.013098512776196003, weight_adv: 0.6359895421628633, adv_loss: 0.016085917130112648 weight-klloss3 0.020625 Loss3: 0.0016607287107035518 clean_ce: 0.8153555393218994, adv_ce: 3.5255370140075684, adv_margin: 1.342869758605957, clean_gate: 0.38262230157852173, teacher_margin: 1.615131139755249, teacher_margin_gate: 0.6570442318916321, teacher_clean_gate: 1.0, teacher_adv_gate: 1.0, tm_grad_cos: 1.0, tm_scale: 1.0, tm_ps_scale: 1.0
2026-09-15 00:09:56.690 | INFO     | __main__:<module>:872 - lr:0.1 weight_nat: 0.3627166893428377, nat_loss: 0.013430933468043804, weight_adv: 0.6372833106571624, adv_loss: 0.015145701356232166 weight-klloss3 0.020625 Loss3: 0.0013642350677400827 clean_ce: 0.8481845855712891, adv_ce: 3.5621888637542725, adv_margin: 1.3791121244430542, clean_gate: 0.3686133325099945, teacher_margin: 1.502966284751892, teacher_margin_gate: 0.6004276275634766, teacher_clean_gate: 1.0, teacher_adv_gate: 1.0, tm_grad_cos: 1.0, tm_scale: 1.0, tm_ps_scale: 1.0
2026-09-15 00:11:14.660 | INFO     | __main__:<module>:872 - lr:0.1 weight_nat: 0.36052595942161764, nat_loss: 0.012077256105840206, weight_adv: 0.6394740405783823, adv_loss: 0.016121631488204002 weight-klloss3 0.020625 Loss3: 0.001786378095857799 clean_ce: 0.8212933540344238, adv_ce: 3.327786445617676, adv_margin: 1.2272346019744873, clean_gate: 0.39387938380241394, teacher_margin: 1.5279440879821777, teacher_margin_gate: 0.6434951424598694, teacher_clean_gate: 1.0, teacher_adv_gate: 1.0, tm_grad_cos: 1.0, tm_scale: 1.0, tm_ps_scale: 1.0
2026-09-15 00:12:32.286 | INFO     | __main__:<module>:872 - lr:0.1 weight_nat: 0.36069443956876224, nat_loss: 0.012673254124820232, weight_adv: 0.6393055604312379, adv_loss: 0.015176815912127495 weight-klloss3 0.020625 Loss3: 0.0023480853997170925 clean_ce: 0.7963199019432068, adv_ce: 3.493079900741577, adv_margin: 1.3381006717681885, clean_gate: 0.3780655860900879, teacher_margin: 1.5875909328460693, teacher_margin_gate: 0.6474997997283936, teacher_clean_gate: 1.0, teacher_adv_gate: 1.0, tm_grad_cos: 1.0, tm_scale: 1.0, tm_ps_scale: 1.0
2026-09-15 00:13:42.201 | INFO     | __main__:<module>:875 - TRAIN_EPOCH_RESOURCE epoch=33 seconds=303.3075967691839 peak_allocated_bytes=19402734592
2026-09-15 00:13:42.202 | INFO     | __main__:<module>:482 - METHOD epoch=34 views=1 awp_gamma=0.0 consistency_weight=0.0
2026-09-15 00:13:42.202 | INFO     | __main__:<module>:485 - the 34th epoch 
2026-09-15 00:13:42.993 | INFO     | __main__:<module>:872 - lr:0.1 weight_nat: 0.36131564491102075, nat_loss: 0.012632409110665321, weight_adv: 0.6386843550889792, adv_loss: 0.013973234221339226 weight-klloss3 0.02125 Loss3: 0.002617324236780405 clean_ce: 0.8039411902427673, adv_ce: 3.307264804840088, adv_margin: 1.1993118524551392, clean_gate: 0.40182167291641235, teacher_margin: 1.3377797603607178, teacher_margin_gate: 0.6188175678253174, teacher_clean_gate: 1.0, teacher_adv_gate: 1.0, tm_grad_cos: 1.0, tm_scale: 1.0, tm_ps_scale: 1.0
2026-09-15 00:15:02.383 | INFO     | __main__:<module>:872 - lr:0.1 weight_nat: 0.3609799317980893, nat_loss: 0.013026469387114048, weight_adv: 0.6390200682019108, adv_loss: 0.015353609807789326 weight-klloss3 0.02125 Loss3: 0.001993870362639427 clean_ce: 0.8222993612289429, adv_ce: 3.5855398178100586, adv_margin: 1.4312095642089844, clean_gate: 0.3612377643585205, teacher_margin: 1.654632806777954, teacher_margin_gate: 0.6232768893241882, teacher_clean_gate: 1.0, teacher_adv_gate: 1.0, tm_grad_cos: 1.0, tm_scale: 1.0, tm_ps_scale: 1.0
2026-09-15 00:16:20.438 | INFO     | __main__:<module>:872 - lr:0.1 weight_nat: 0.36249177725714926, nat_loss: 0.012836814858019352, weight_adv: 0.6375082227428508, adv_loss: 0.015588520094752312 weight-klloss3 0.02125 Loss3: 0.002890608739107847 clean_ce: 0.8213770389556885, adv_ce: 3.504009246826172, adv_margin: 1.3405892848968506, clean_gate: 0.37118977308273315, teacher_margin: 1.7324233055114746, teacher_margin_gate: 0.6748243570327759, teacher_clean_gate: 1.0, teacher_adv_gate: 1.0, tm_grad_cos: 1.0, tm_scale: 1.0, tm_ps_scale: 1.0
2026-09-15 00:17:36.971 | INFO     | __main__:<module>:872 - lr:0.1 weight_nat: 0.3587715336297276, nat_loss: 0.01250549964606762, weight_adv: 0.6412284663702725, adv_loss: 0.015914689749479294 weight-klloss3 0.02125 Loss3: 0.002212154446169734 clean_ce: 0.8260529041290283, adv_ce: 3.556959629058838, adv_margin: 1.3597480058670044, clean_gate: 0.36720216274261475, teacher_margin: 1.6181411743164062, teacher_margin_gate: 0.6172800064086914, teacher_clean_gate: 1.0, teacher_adv_gate: 1.0, tm_grad_cos: 1.0, tm_scale: 1.0, tm_ps_scale: 1.0
2026-09-15 00:18:47.037 | INFO     | __main__:<module>:875 - TRAIN_EPOCH_RESOURCE epoch=34 seconds=304.834735583514 peak_allocated_bytes=19402423296
2026-09-15 00:18:47.037 | INFO     | __main__:<module>:482 - METHOD epoch=35 views=1 awp_gamma=0.0 consistency_weight=0.0
2026-09-15 00:18:47.037 | INFO     | __main__:<module>:485 - the 35th epoch 
2026-09-15 00:18:47.924 | INFO     | __main__:<module>:872 - lr:0.1 weight_nat: 0.36098031921781576, nat_loss: 0.011557115241885185, weight_adv: 0.6390196807821843, adv_loss: 0.014605135656893253 weight-klloss3 0.021875000000000002 Loss3: 0.003172069787979126 clean_ce: 0.8262256383895874, adv_ce: 3.2999584674835205, adv_margin: 1.1781562566757202, clean_gate: 0.39342743158340454, teacher_margin: 1.4556303024291992, teacher_margin_gate: 0.6211375594139099, teacher_clean_gate: 1.0, teacher_adv_gate: 1.0, tm_grad_cos: 1.0, tm_scale: 1.0, tm_ps_scale: 1.0
2026-09-15 00:20:07.466 | INFO     | __main__:<module>:872 - lr:0.1 weight_nat: 0.35975440494017813, nat_loss: 0.011700405739247799, weight_adv: 0.6402455950598219, adv_loss: 0.01538870483636856 weight-klloss3 0.021875000000000002 Loss3: 0.002771641593426466 clean_ce: 0.8086692094802856, adv_ce: 3.6022565364837646, adv_margin: 1.4213780164718628, clean_gate: 0.36438608169555664, teacher_margin: 1.6354503631591797, teacher_margin_gate: 0.6253250241279602, teacher_clean_gate: 1.0, teacher_adv_gate: 1.0, tm_grad_cos: 1.0, tm_scale: 1.0, tm_ps_scale: 1.0
2026-09-15 00:21:28.805 | INFO     | __main__:<module>:872 - lr:0.1 weight_nat: 0.36143863444499086, nat_loss: 0.013266457244753838, weight_adv: 0.6385613655550091, adv_loss: 0.014944421127438545 weight-klloss3 0.021875000000000002 Loss3: 0.0020503923296928406 clean_ce: 0.8435388803482056, adv_ce: 3.4405975341796875, adv_margin: 1.2742767333984375, clean_gate: 0.38189202547073364, teacher_margin: 1.6311914920806885, teacher_margin_gate: 0.6544584631919861, teacher_clean_gate: 1.0, teacher_adv_gate: 1.0, tm_grad_cos: 1.0, tm_scale: 1.0, tm_ps_scale: 1.0
2026-09-15 00:22:50.307 | INFO     | __main__:<module>:872 - lr:0.1 weight_nat: 0.3578901469499237, nat_loss: 0.012524282559752464, weight_adv: 0.6421098530500763, adv_loss: 0.014444325119256973 weight-klloss3 0.021875000000000002 Loss3: 0.0028900904580950737 clean_ce: 0.7734977602958679, adv_ce: 3.6342222690582275, adv_margin: 1.5087840557098389, clean_gate: 0.3590947985649109, teacher_margin: 1.3935742378234863, teacher_margin_gate: 0.5711337327957153, teacher_clean_gate: 1.0, teacher_adv_gate: 1.0, tm_grad_cos: 1.0, tm_scale: 1.0, tm_ps_scale: 1.0
2026-09-15 00:24:03.385 | INFO     | __main__:<module>:875 - TRAIN_EPOCH_RESOURCE epoch=35 seconds=316.34782925620675 peak_allocated_bytes=19402734592
2026-09-15 00:24:03.385 | INFO     | __main__:<module>:482 - METHOD epoch=36 views=1 awp_gamma=0.0 consistency_weight=0.0
2026-09-15 00:24:03.386 | INFO     | __main__:<module>:485 - the 36th epoch 
2026-09-15 00:24:04.162 | INFO     | __main__:<module>:872 - lr:0.1 weight_nat: 0.35925245608262824, nat_loss: 0.012877832166850567, weight_adv: 0.6407475439173718, adv_loss: 0.01465906947851181 weight-klloss3 0.022500000000000003 Loss3: 0.0024030962958931923 clean_ce: 0.7925698757171631, adv_ce: 3.5002641677856445, adv_margin: 1.422067403793335, clean_gate: 0.3729250431060791, teacher_margin: 1.6237199306488037, teacher_margin_gate: 0.6378113627433777, teacher_clean_gate: 1.0, teacher_adv_gate: 1.0, tm_grad_cos: 1.0, tm_scale: 1.0, tm_ps_scale: 1.0
2026-09-15 00:25:25.489 | INFO     | __main__:<module>:872 - lr:0.1 weight_nat: 0.3609653581958419, nat_loss: 0.012206013314425945, weight_adv: 0.639034641804158, adv_loss: 0.01416606642305851 weight-klloss3 0.022500000000000003 Loss3: 0.002602384425699711 clean_ce: 0.7949599623680115, adv_ce: 3.283414602279663, adv_margin: 1.161026954650879, clean_gate: 0.3974367380142212, teacher_margin: 1.3633573055267334, teacher_margin_gate: 0.6232890486717224, teacher_clean_gate: 1.0, teacher_adv_gate: 1.0, tm_grad_cos: 1.0, tm_scale: 1.0, tm_ps_scale: 1.0
2026-09-15 00:26:45.841 | INFO     | __main__:<module>:872 - lr:0.1 weight_nat: 0.35752145515451333, nat_loss: 0.012336143292486668, weight_adv: 0.6424785448454867, adv_loss: 0.015889618545770645 weight-klloss3 0.022500000000000003 Loss3: 0.0030748038552701473 clean_ce: 0.7944724559783936, adv_ce: 3.42343807220459, adv_margin: 1.2939090728759766, clean_gate: 0.3862657845020294, teacher_margin: 1.6563719511032104, teacher_margin_gate: 0.6569105386734009, teacher_clean_gate: 1.0, teacher_adv_gate: 1.0, tm_grad_cos: 1.0, tm_scale: 1.0, tm_ps_scale: 1.0
2026-09-15 00:28:06.840 | INFO     | __main__:<module>:872 - lr:0.1 weight_nat: 0.3591110395838397, nat_loss: 0.01294134370982647, weight_adv: 0.6408889604161603, adv_loss: 0.014575738459825516 weight-klloss3 0.022500000000000003 Loss3: 0.002356942743062973 clean_ce: 0.7860747575759888, adv_ce: 3.541011095046997, adv_margin: 1.5072574615478516, clean_gate: 0.36319997906684875, teacher_margin: 1.6001875400543213, teacher_margin_gate: 0.6285979151725769, teacher_clean_gate: 1.0, teacher_adv_gate: 1.0, tm_grad_cos: 1.0, tm_scale: 1.0, tm_ps_scale: 1.0
2026-09-15 00:29:23.466 | INFO     | __main__:<module>:875 - TRAIN_EPOCH_RESOURCE epoch=36 seconds=320.0803984552622 peak_allocated_bytes=19402423296
2026-09-15 00:29:23.466 | INFO     | __main__:<module>:482 - METHOD epoch=37 views=1 awp_gamma=0.0 consistency_weight=0.0
2026-09-15 00:29:23.466 | INFO     | __main__:<module>:485 - the 37th epoch 
2026-09-15 00:29:24.291 | INFO     | __main__:<module>:872 - lr:0.1 weight_nat: 0.3583598816803733, nat_loss: 0.01220953930169344, weight_adv: 0.6416401183196268, adv_loss: 0.0132967010140419 weight-klloss3 0.023125000000000003 Loss3: 0.002050212351605296 clean_ce: 0.7920637130737305, adv_ce: 3.5047528743743896, adv_margin: 1.3157329559326172, clean_gate: 0.3777227997779846, teacher_margin: 1.4696205854415894, teacher_margin_gate: 0.6204731464385986, teacher_clean_gate: 1.0, teacher_adv_gate: 1.0, tm_grad_cos: 1.0, tm_scale: 1.0, tm_ps_scale: 1.0
2026-09-15 00:30:47.554 | INFO     | __main__:<module>:872 - lr:0.1 weight_nat: 0.3597766152890982, nat_loss: 0.013475894927978516, weight_adv: 0.6402233847109018, adv_loss: 0.014776952564716339 weight-klloss3 0.023125000000000003 Loss3: 0.001838504453189671 clean_ce: 0.7823714017868042, adv_ce: 3.4998552799224854, adv_margin: 1.3996331691741943, clean_gate: 0.36951667070388794, teacher_margin: 1.552207589149475, teacher_margin_gate: 0.6180324554443359, teacher_clean_gate: 1.0, teacher_adv_gate: 1.0, tm_grad_cos: 1.0, tm_scale: 1.0, tm_ps_scale: 1.0
2026-09-15 00:32:12.849 | INFO     | __main__:<module>:872 - lr:0.1 weight_nat: 0.3595077052627937, nat_loss: 0.011603374034166336, weight_adv: 0.6404922947372064, adv_loss: 0.014313338324427605 weight-klloss3 0.023125000000000003 Loss3: 0.002176318783313036 clean_ce: 0.8006473779678345, adv_ce: 3.4123780727386475, adv_margin: 1.2980685234069824, clean_gate: 0.383889377117157, teacher_margin: 1.5414574146270752, teacher_margin_gate: 0.6424174308776855, teacher_clean_gate: 1.0, teacher_adv_gate: 1.0, tm_grad_cos: 1.0, tm_scale: 1.0, tm_ps_scale: 1.0
2026-09-15 00:33:36.582 | INFO     | __main__:<module>:872 - lr:0.1 weight_nat: 0.36090331343110094, nat_loss: 0.01291724294424057, weight_adv: 0.6390966865688991, adv_loss: 0.014437245205044746 weight-klloss3 0.023125000000000003 Loss3: 0.0025165542028844357 clean_ce: 0.8053919076919556, adv_ce: 3.452981948852539, adv_margin: 1.2932156324386597, clean_gate: 0.39087632298469543, teacher_margin: 1.4952669143676758, teacher_margin_gate: 0.6318414211273193, teacher_clean_gate: 1.0, teacher_adv_gate: 1.0, tm_grad_cos: 1.0, tm_scale: 1.0, tm_ps_scale: 1.0
2026-09-15 00:34:48.680 | INFO     | __main__:<module>:875 - TRAIN_EPOCH_RESOURCE epoch=37 seconds=325.2138765640557 peak_allocated_bytes=19402734592
2026-09-15 00:34:48.681 | INFO     | __main__:<module>:482 - METHOD epoch=38 views=1 awp_gamma=0.0 consistency_weight=0.0
2026-09-15 00:34:48.681 | INFO     | __main__:<module>:485 - the 38th epoch 
2026-09-15 00:34:49.471 | INFO     | __main__:<module>:872 - lr:0.1 weight_nat: 0.35747292300692535, nat_loss: 0.012749516405165195, weight_adv: 0.6425270769930747, adv_loss: 0.015249974094331264 weight-klloss3 0.02375 Loss3: 0.0029733343981206417 clean_ce: 0.7912728786468506, adv_ce: 3.6482622623443604, adv_margin: 1.5038001537322998, clean_gate: 0.35485824942588806, teacher_margin: 1.6224740743637085, teacher_margin_gate: 0.612679123878479, teacher_clean_gate: 1.0, teacher_adv_gate: 1.0, tm_grad_cos: 1.0, tm_scale: 1.0, tm_ps_scale: 1.0
2026-09-15 00:36:09.282 | INFO     | __main__:<module>:872 - lr:0.1 weight_nat: 0.35999413050193446, nat_loss: 0.012605873867869377, weight_adv: 0.6400058694980656, adv_loss: 0.013473080471158028 weight-klloss3 0.02375 Loss3: 0.0024747694842517376 clean_ce: 0.7228959798812866, adv_ce: 3.571322441101074, adv_margin: 1.5288633108139038, clean_gate: 0.36553096771240234, teacher_margin: 1.495238184928894, teacher_margin_gate: 0.6230155229568481, teacher_clean_gate: 1.0, teacher_adv_gate: 1.0, tm_grad_cos: 1.0, tm_scale: 1.0, tm_ps_scale: 1.0
2026-09-15 00:37:29.840 | INFO     | __main__:<module>:872 - lr:0.1 weight_nat: 0.35894852780035413, nat_loss: 0.011526184156537056, weight_adv: 0.6410514721996459, adv_loss: 0.01467173546552658 weight-klloss3 0.02375 Loss3: 0.002953388262540102 clean_ce: 0.7732992172241211, adv_ce: 3.4111955165863037, adv_margin: 1.3564579486846924, clean_gate: 0.3705557882785797, teacher_margin: 1.552924633026123, teacher_margin_gate: 0.6138499975204468, teacher_clean_gate: 1.0, teacher_adv_gate: 1.0, tm_grad_cos: 1.0, tm_scale: 1.0, tm_ps_scale: 1.0
2026-09-15 00:38:52.990 | INFO     | __main__:<module>:872 - lr:0.1 weight_nat: 0.3573776950309603, nat_loss: 0.013240343891084194, weight_adv: 0.6426223049690397, adv_loss: 0.01452888548374176 weight-klloss3 0.02375 Loss3: 0.0016131268348544836 clean_ce: 0.8270843625068665, adv_ce: 3.5701119899749756, adv_margin: 1.4786105155944824, clean_gate: 0.3515474200248718, teacher_margin: 1.6035139560699463, teacher_margin_gate: 0.5859115123748779, teacher_clean_gate: 1.0, teacher_adv_gate: 1.0, tm_grad_cos: 1.0, tm_scale: 1.0, tm_ps_scale: 1.0
2026-09-15 00:40:06.810 | INFO     | __main__:<module>:875 - TRAIN_EPOCH_RESOURCE epoch=38 seconds=318.1289242506027 peak_allocated_bytes=19402423296
2026-09-15 00:40:06.810 | INFO     | __main__:<module>:482 - METHOD epoch=39 views=1 awp_gamma=0.0 consistency_weight=0.0
2026-09-15 00:40:06.810 | INFO     | __main__:<module>:485 - the 39th epoch 
2026-09-15 00:40:07.639 | INFO     | __main__:<module>:872 - lr:0.1 weight_nat: 0.35956555134154883, nat_loss: 0.014142663218080997, weight_adv: 0.6404344486584512, adv_loss: 0.01566467061638832 weight-klloss3 0.024375 Loss3: 0.0028236163780093193 clean_ce: 0.7877069711685181, adv_ce: 3.4630706310272217, adv_margin: 1.4333196878433228, clean_gate: 0.3775831162929535, teacher_margin: 1.7007222175598145, teacher_margin_gate: 0.6752300262451172, teacher_clean_gate: 1.0, teacher_adv_gate: 1.0, tm_grad_cos: 1.0, tm_scale: 1.0, tm_ps_scale: 1.0
2026-09-15 00:41:30.235 | INFO     | __main__:<module>:872 - lr:0.1 weight_nat: 0.3583591729172396, nat_loss: 0.01287749968469143, weight_adv: 0.6416408270827604, adv_loss: 0.013102483935654163 weight-klloss3 0.024375 Loss3: 0.0029753651469945908 clean_ce: 0.787551760673523, adv_ce: 3.4344825744628906, adv_margin: 1.4329026937484741, clean_gate: 0.3693452477455139, teacher_margin: 1.294152021408081, teacher_margin_gate: 0.5546574592590332, teacher_clean_gate: 1.0, teacher_adv_gate: 1.0, tm_grad_cos: 1.0, tm_scale: 1.0, tm_ps_scale: 1.0
2026-09-15 00:42:52.395 | INFO     | __main__:<module>:872 - lr:0.1 weight_nat: 0.35614387542552195, nat_loss: 0.011893476359546185, weight_adv: 0.643856124574478, adv_loss: 0.013988091610372066 weight-klloss3 0.024375 Loss3: 0.003278395626693964 clean_ce: 0.7703901529312134, adv_ce: 3.4826548099517822, adv_margin: 1.3958499431610107, clean_gate: 0.37441667914390564, teacher_margin: 1.5715491771697998, teacher_margin_gate: 0.6278483867645264, teacher_clean_gate: 1.0, teacher_adv_gate: 1.0, tm_grad_cos: 1.0, tm_scale: 1.0, tm_ps_scale: 1.0
2026-09-15 00:44:12.503 | INFO     | __main__:<module>:872 - lr:0.1 weight_nat: 0.35526598659030995, nat_loss: 0.01330582145601511, weight_adv: 0.6447340134096902, adv_loss: 0.015915844589471817 weight-klloss3 0.024375 Loss3: 0.0031253136694431305 clean_ce: 0.7888915538787842, adv_ce: 3.7665727138519287, adv_margin: 1.6581315994262695, clean_gate: 0.3386446535587311, teacher_margin: 1.6804955005645752, teacher_margin_gate: 0.6011466383934021, teacher_clean_gate: 1.0, teacher_adv_gate: 1.0, tm_grad_cos: 1.0, tm_scale: 1.0, tm_ps_scale: 1.0
2026-09-15 00:45:26.269 | INFO     | __main__:<module>:875 - TRAIN_EPOCH_RESOURCE epoch=39 seconds=319.45856630429626 peak_allocated_bytes=19402734592
2026-09-15 00:45:26.269 | INFO     | __main__:<module>:482 - METHOD epoch=40 views=1 awp_gamma=0.0 consistency_weight=0.0
2026-09-15 00:45:26.269 | INFO     | __main__:<module>:485 - the 40th epoch 
2026-09-15 00:45:27.095 | INFO     | __main__:<module>:872 - lr:0.1 weight_nat: 0.3558978993314756, nat_loss: 0.011462118476629257, weight_adv: 0.6441021006685244, adv_loss: 0.014367740601301193 weight-klloss3 0.025 Loss3: 0.0022685343865305185 clean_ce: 0.7592946290969849, adv_ce: 3.4615838527679443, adv_margin: 1.3781794309616089, clean_gate: 0.375309556722641, teacher_margin: 1.5633149147033691, teacher_margin_gate: 0.6287232637405396, teacher_clean_gate: 1.0, teacher_adv_gate: 1.0, tm_grad_cos: 1.0, tm_scale: 1.0, tm_ps_scale: 1.0
2026-09-15 00:46:49.526 | INFO     | __main__:<module>:872 - lr:0.1 weight_nat: 0.35889035230397953, nat_loss: 0.013233563862740993, weight_adv: 0.6411096476960205, adv_loss: 0.015152301639318466 weight-klloss3 0.025 Loss3: 0.002526356838643551 clean_ce: 0.7659924030303955, adv_ce: 3.68908953666687, adv_margin: 1.598333477973938, clean_gate: 0.34569987654685974, teacher_margin: 1.6043462753295898, teacher_margin_gate: 0.5965719819068909, teacher_clean_gate: 1.0, teacher_adv_gate: 1.0, tm_grad_cos: 1.0, tm_scale: 1.0, tm_ps_scale: 1.0
2026-09-15 00:48:10.648 | INFO     | __main__:<module>:872 - lr:0.1 weight_nat: 0.35571319451300715, nat_loss: 0.011949095875024796, weight_adv: 0.6442868054869928, adv_loss: 0.013099675998091698 weight-klloss3 0.025 Loss3: 0.0032329033128917217 clean_ce: 0.7504482269287109, adv_ce: 3.467845916748047, adv_margin: 1.4109348058700562, clean_gate: 0.37407439947128296, teacher_margin: 1.3955230712890625, teacher_margin_gate: 0.6076867580413818, teacher_clean_gate: 1.0, teacher_adv_gate: 1.0, tm_grad_cos: 1.0, tm_scale: 1.0, tm_ps_scale: 1.0
2026-09-15 00:49:34.022 | INFO     | __main__:<module>:872 - lr:0.1 weight_nat: 0.3587119977390278, nat_loss: 0.011676753871142864, weight_adv: 0.6412880022609723, adv_loss: 0.013677079230546951 weight-klloss3 0.025 Loss3: 0.00261071533896029 clean_ce: 0.7978551983833313, adv_ce: 3.470566749572754, adv_margin: 1.3680357933044434, clean_gate: 0.3815896213054657, teacher_margin: 1.4420043230056763, teacher_margin_gate: 0.617566704750061, teacher_clean_gate: 1.0, teacher_adv_gate: 1.0, tm_grad_cos: 1.0, tm_scale: 1.0, tm_ps_scale: 1.0
2026-09-15 00:50:49.176 | INFO     | __main__:<module>:875 - TRAIN_EPOCH_RESOURCE epoch=40 seconds=322.9070463590324 peak_allocated_bytes=19402423296
2026-09-15 00:51:52.765 | INFO     | __main__:<module>:934 - student robust acc 0.0302, teacher robust acc 0.5105, nat teacher robust acc 0.5508
2026-09-15 00:52:12.999 | INFO     | __main__:<module>:1007 - best accuracy:0.0405
2026-09-15 00:52:13.000 | INFO     | __main__:<module>:1010 - student natural acc 0.0508, adv teacher natural acc 0.5818, nat teacher natural acc 0.7650
2026-09-15 00:52:13.001 | INFO     | __main__:<module>:482 - METHOD epoch=41 views=1 awp_gamma=0.0 consistency_weight=0.0
2026-09-15 00:52:13.001 | INFO     | __main__:<module>:485 - the 41th epoch 
2026-09-15 00:52:13.892 | INFO     | __main__:<module>:872 - lr:0.1 weight_nat: 0.3605910456935796, nat_loss: 0.011461246758699417, weight_adv: 0.6394089543064205, adv_loss: 0.013264141045510769 weight-klloss3 0.025625 Loss3: 0.0028077098540961742 clean_ce: 0.8024309873580933, adv_ce: 3.3893604278564453, adv_margin: 1.2695988416671753, clean_gate: 0.39221101999282837, teacher_margin: 1.3434877395629883, teacher_margin_gate: 0.6155843734741211, teacher_clean_gate: 1.0, teacher_adv_gate: 1.0, tm_grad_cos: 1.0, tm_scale: 1.0, tm_ps_scale: 1.0
2026-09-15 00:53:36.868 | INFO     | __main__:<module>:872 - lr:0.1 weight_nat: 0.35901983660642106, nat_loss: 0.01255681924521923, weight_adv: 0.640980163393579, adv_loss: 0.014324523508548737 weight-klloss3 0.025625 Loss3: 0.002449586521834135 clean_ce: 0.7641375064849854, adv_ce: 3.5218212604522705, adv_margin: 1.400864839553833, clean_gate: 0.3714088797569275, teacher_margin: 1.5327389240264893, teacher_margin_gate: 0.6196120977401733, teacher_clean_gate: 1.0, teacher_adv_gate: 1.0, tm_grad_cos: 1.0, tm_scale: 1.0, tm_ps_scale: 1.0
2026-09-15 00:54:58.458 | INFO     | __main__:<module>:872 - lr:0.1 weight_nat: 0.3552662722218181, nat_loss: 0.011680040508508682, weight_adv: 0.6447337277781819, adv_loss: 0.014878314919769764 weight-klloss3 0.025625 Loss3: 0.0024439292028546333 clean_ce: 0.725965678691864, adv_ce: 3.395047187805176, adv_margin: 1.4534834623336792, clean_gate: 0.38021689653396606, teacher_margin: 1.5462565422058105, teacher_margin_gate: 0.6313754320144653, teacher_clean_gate: 1.0, teacher_adv_gate: 1.0, tm_grad_cos: 1.0, tm_scale: 1.0, tm_ps_scale: 1.0
2026-09-15 00:56:19.520 | INFO     | __main__:<module>:872 - lr:0.1 weight_nat: 0.35942800657351337, nat_loss: 0.012651422061026096, weight_adv: 0.6405719934264867, adv_loss: 0.012970332987606525 weight-klloss3 0.025625 Loss3: 0.002168091246858239 clean_ce: 0.7609940767288208, adv_ce: 3.494296073913574, adv_margin: 1.3733973503112793, clean_gate: 0.36847391724586487, teacher_margin: 1.4206507205963135, teacher_margin_gate: 0.5840563178062439, teacher_clean_gate: 1.0, teacher_adv_gate: 1.0, tm_grad_cos: 1.0, tm_scale: 1.0, tm_ps_scale: 1.0
2026-09-15 00:57:33.087 | INFO     | __main__:<module>:875 - TRAIN_EPOCH_RESOURCE epoch=41 seconds=320.0851441062987 peak_allocated_bytes=19402734592
2026-09-15 00:57:33.087 | INFO     | __main__:<module>:482 - METHOD epoch=42 views=1 awp_gamma=0.0 consistency_weight=0.0
2026-09-15 00:57:33.087 | INFO     | __main__:<module>:485 - the 42th epoch 
2026-09-15 00:57:33.917 | INFO     | __main__:<module>:872 - lr:0.1 weight_nat: 0.35855239877051814, nat_loss: 0.012738611549139023, weight_adv: 0.6414476012294819, adv_loss: 0.013317427597939968 weight-klloss3 0.026250000000000002 Loss3: 0.002153082750737667 clean_ce: 0.7448185682296753, adv_ce: 3.531529188156128, adv_margin: 1.5323970317840576, clean_gate: 0.3677631616592407, teacher_margin: 1.3852529525756836, teacher_margin_gate: 0.5820729732513428, teacher_clean_gate: 1.0, teacher_adv_gate: 1.0, tm_grad_cos: 1.0, tm_scale: 1.0, tm_ps_scale: 1.0
2026-09-15 00:58:55.925 | INFO     | __main__:<module>:872 - lr:0.1 weight_nat: 0.35671775830527286, nat_loss: 0.012103259563446045, weight_adv: 0.6432822416947271, adv_loss: 0.014091992750763893 weight-klloss3 0.026250000000000002 Loss3: 0.0032704616896808147 clean_ce: 0.7679919004440308, adv_ce: 3.483994960784912, adv_margin: 1.3893965482711792, clean_gate: 0.37999412417411804, teacher_margin: 1.5065186023712158, teacher_margin_gate: 0.6217578649520874, teacher_clean_gate: 1.0, teacher_adv_gate: 1.0, tm_grad_cos: 1.0, tm_scale: 1.0, tm_ps_scale: 1.0
2026-09-15 01:00:18.446 | INFO     | __main__:<module>:872 - lr:0.1 weight_nat: 0.3571377822224642, nat_loss: 0.011691274121403694, weight_adv: 0.6428622177775358, adv_loss: 0.015543497167527676 weight-klloss3 0.026250000000000002 Loss3: 0.003769777249544859 clean_ce: 0.7810177803039551, adv_ce: 3.446338176727295, adv_margin: 1.3293129205703735, clean_gate: 0.378665566444397, teacher_margin: 1.6587245464324951, teacher_margin_gate: 0.6663023829460144, teacher_clean_gate: 1.0, teacher_adv_gate: 1.0, tm_grad_cos: 1.0, tm_scale: 1.0, tm_ps_scale: 1.0
2026-09-15 01:01:40.546 | INFO     | __main__:<module>:872 - lr:0.1 weight_nat: 0.3530783306885309, nat_loss: 0.01052048522979021, weight_adv: 0.6469216693114691, adv_loss: 0.013750769197940826 weight-klloss3 0.026250000000000002 Loss3: 0.003052904736250639 clean_ce: 0.7720947861671448, adv_ce: 3.281935930252075, adv_margin: 1.2395915985107422, clean_gate: 0.40125155448913574, teacher_margin: 1.5129857063293457, teacher_margin_gate: 0.6567639112472534, teacher_clean_gate: 1.0, teacher_adv_gate: 1.0, tm_grad_cos: 1.0, tm_scale: 1.0, tm_ps_scale: 1.0
2026-09-15 01:02:53.853 | INFO     | __main__:<module>:875 - TRAIN_EPOCH_RESOURCE epoch=42 seconds=320.7654799297452 peak_allocated_bytes=19402423296
2026-09-15 01:02:53.853 | INFO     | __main__:<module>:482 - METHOD epoch=43 views=1 awp_gamma=0.0 consistency_weight=0.0
2026-09-15 01:02:53.853 | INFO     | __main__:<module>:485 - the 43th epoch 
2026-09-15 01:02:54.669 | INFO     | __main__:<module>:872 - lr:0.1 weight_nat: 0.35699892933147626, nat_loss: 0.012494491413235664, weight_adv: 0.6430010706685237, adv_loss: 0.013696189969778061 weight-klloss3 0.026875 Loss3: 0.003107428317889571 clean_ce: 0.7521026730537415, adv_ce: 3.47177791595459, adv_margin: 1.4142192602157593, clean_gate: 0.3746722638607025, teacher_margin: 1.4942423105239868, teacher_margin_gate: 0.6131794452667236, teacher_clean_gate: 1.0, teacher_adv_gate: 1.0, tm_grad_cos: 1.0, tm_scale: 1.0, tm_ps_scale: 1.0
2026-09-15 01:04:14.100 | INFO     | __main__:<module>:872 - lr:0.1 weight_nat: 0.35780759031389886, nat_loss: 0.010335611179471016, weight_adv: 0.6421924096861011, adv_loss: 0.013317381963133812 weight-klloss3 0.026875 Loss3: 0.002949284389615059 clean_ce: 0.7297067046165466, adv_ce: 3.4027111530303955, adv_margin: 1.4136141538619995, clean_gate: 0.37454599142074585, teacher_margin: 1.5620956420898438, teacher_margin_gate: 0.6347119212150574, teacher_clean_gate: 1.0, teacher_adv_gate: 1.0, tm_grad_cos: 1.0, tm_scale: 1.0, tm_ps_scale: 1.0
2026-09-15 01:05:33.957 | INFO     | __main__:<module>:872 - lr:0.1 weight_nat: 0.3546013732903426, nat_loss: 0.011344220489263535, weight_adv: 0.6453986267096574, adv_loss: 0.01366211287677288 weight-klloss3 0.026875 Loss3: 0.0023284838534891605 clean_ce: 0.718575656414032, adv_ce: 3.4013559818267822, adv_margin: 1.4111874103546143, clean_gate: 0.3789879083633423, teacher_margin: 1.3852229118347168, teacher_margin_gate: 0.5934229493141174, teacher_clean_gate: 1.0, teacher_adv_gate: 1.0, tm_grad_cos: 1.0, tm_scale: 1.0, tm_ps_scale: 1.0
2026-09-15 01:06:53.446 | INFO     | __main__:<module>:872 - lr:0.1 weight_nat: 0.3554607118838755, nat_loss: 0.012684464454650879, weight_adv: 0.6445392881161245, adv_loss: 0.014062164351344109 weight-klloss3 0.026875 Loss3: 0.0024558648001402617 clean_ce: 0.7668753862380981, adv_ce: 3.589254140853882, adv_margin: 1.5038392543792725, clean_gate: 0.3587912321090698, teacher_margin: 1.5332155227661133, teacher_margin_gate: 0.5975134372711182, teacher_clean_gate: 1.0, teacher_adv_gate: 1.0, tm_grad_cos: 1.0, tm_scale: 1.0, tm_ps_scale: 1.0
2026-09-15 01:08:08.174 | INFO     | __main__:<module>:875 - TRAIN_EPOCH_RESOURCE epoch=43 seconds=314.3210793212056 peak_allocated_bytes=19402734592
2026-09-15 01:08:08.174 | INFO     | __main__:<module>:482 - METHOD epoch=44 views=1 awp_gamma=0.0 consistency_weight=0.0
2026-09-15 01:08:08.174 | INFO     | __main__:<module>:485 - the 44th epoch 
2026-09-15 01:08:09.018 | INFO     | __main__:<module>:872 - lr:0.1 weight_nat: 0.35794046512471417, nat_loss: 0.012211540713906288, weight_adv: 0.6420595348752858, adv_loss: 0.012802761048078537 weight-klloss3 0.027500000000000004 Loss3: 0.0024449173361063004 clean_ce: 0.7181887626647949, adv_ce: 3.4920754432678223, adv_margin: 1.504115104675293, clean_gate: 0.36255037784576416, teacher_margin: 1.4384217262268066, teacher_margin_gate: 0.5830256342887878, teacher_clean_gate: 1.0, teacher_adv_gate: 1.0, tm_grad_cos: 1.0, tm_scale: 1.0, tm_ps_scale: 1.0
2026-09-15 01:09:31.536 | INFO     | __main__:<module>:872 - lr:0.1 weight_nat: 0.355011597506918, nat_loss: 0.011692497879266739, weight_adv: 0.6449884024930821, adv_loss: 0.013456943444907665 weight-klloss3 0.027500000000000004 Loss3: 0.0025804389733821154 clean_ce: 0.7524850368499756, adv_ce: 3.252274990081787, adv_margin: 1.2557045221328735, clean_gate: 0.39756324887275696, teacher_margin: 1.4505858421325684, teacher_margin_gate: 0.6389878988265991, teacher_clean_gate: 1.0, teacher_adv_gate: 1.0, tm_grad_cos: 1.0, tm_scale: 1.0, tm_ps_scale: 1.0
2026-09-15 01:10:52.106 | INFO     | __main__:<module>:872 - lr:0.1 weight_nat: 0.3593530993818614, nat_loss: 0.012119042687118053, weight_adv: 0.6406469006181387, adv_loss: 0.013810880482196808 weight-klloss3 0.027500000000000004 Loss3: 0.0022461581975221634 clean_ce: 0.7665622234344482, adv_ce: 3.3123180866241455, adv_margin: 1.2674274444580078, clean_gate: 0.38665103912353516, teacher_margin: 1.5446646213531494, teacher_margin_gate: 0.6435929536819458, teacher_clean_gate: 1.0, teacher_adv_gate: 1.0, tm_grad_cos: 1.0, tm_scale: 1.0, tm_ps_scale: 1.0
2026-09-15 01:12:12.599 | INFO     | __main__:<module>:872 - lr:0.1 weight_nat: 0.35365450098443607, nat_loss: 0.011883110739290714, weight_adv: 0.6463454990155639, adv_loss: 0.01429166179150343 weight-klloss3 0.027500000000000004 Loss3: 0.0036595738492906094 clean_ce: 0.7239639759063721, adv_ce: 3.3352468013763428, adv_margin: 1.2999465465545654, clean_gate: 0.38874557614326477, teacher_margin: 1.4940814971923828, teacher_margin_gate: 0.6389415860176086, teacher_clean_gate: 1.0, teacher_adv_gate: 1.0, tm_grad_cos: 1.0, tm_scale: 1.0, tm_ps_scale: 1.0
2026-09-15 01:13:24.778 | INFO     | __main__:<module>:875 - TRAIN_EPOCH_RESOURCE epoch=44 seconds=316.60354351624846 peak_allocated_bytes=19402423296
2026-09-15 01:13:24.778 | INFO     | __main__:<module>:482 - METHOD epoch=45 views=1 awp_gamma=0.0 consistency_weight=0.0
2026-09-15 01:13:24.778 | INFO     | __main__:<module>:485 - the 45th epoch 
2026-09-15 01:13:25.599 | INFO     | __main__:<module>:872 - lr:0.1 weight_nat: 0.3586935748842273, nat_loss: 0.011359189637005329, weight_adv: 0.6413064251157726, adv_loss: 0.013382925651967525 weight-klloss3 0.028125 Loss3: 0.0029566714074462652 clean_ce: 0.740027666091919, adv_ce: 3.4178528785705566, adv_margin: 1.4169926643371582, clean_gate: 0.37833625078201294, teacher_margin: 1.5218725204467773, teacher_margin_gate: 0.6303272247314453, teacher_clean_gate: 1.0, teacher_adv_gate: 1.0, tm_grad_cos: 1.0, tm_scale: 1.0, tm_ps_scale: 1.0
2026-09-15 01:14:45.306 | INFO     | __main__:<module>:872 - lr:0.1 weight_nat: 0.35622917784593294, nat_loss: 0.011258449405431747, weight_adv: 0.643770822154067, adv_loss: 0.013020589016377926 weight-klloss3 0.028125 Loss3: 0.0025852317921817303 clean_ce: 0.7548650503158569, adv_ce: 3.3548007011413574, adv_margin: 1.3436890840530396, clean_gate: 0.3852481245994568, teacher_margin: 1.281669020652771, teacher_margin_gate: 0.5740495324134827, teacher_clean_gate: 1.0, teacher_adv_gate: 1.0, tm_grad_cos: 1.0, tm_scale: 1.0, tm_ps_scale: 1.0
2026-09-15 01:16:04.976 | INFO     | __main__:<module>:872 - lr:0.1 weight_nat: 0.3541019014460665, nat_loss: 0.012233760207891464, weight_adv: 0.6458980985539334, adv_loss: 0.013878249563276768 weight-klloss3 0.028125 Loss3: 0.003147508017718792 clean_ce: 0.7457834482192993, adv_ce: 3.354881525039673, adv_margin: 1.291153073310852, clean_gate: 0.3894117474555969, teacher_margin: 1.5495243072509766, teacher_margin_gate: 0.6580157279968262, teacher_clean_gate: 1.0, teacher_adv_gate: 1.0, tm_grad_cos: 1.0, tm_scale: 1.0, tm_ps_scale: 1.0
2026-09-15 01:17:26.320 | INFO     | __main__:<module>:872 - lr:0.1 weight_nat: 0.35557736344250007, nat_loss: 0.012150885537266731, weight_adv: 0.6444226365575, adv_loss: 0.014419777318835258 weight-klloss3 0.028125 Loss3: 0.002705192659050226 clean_ce: 0.7526117563247681, adv_ce: 3.4612789154052734, adv_margin: 1.3923919200897217, clean_gate: 0.3680116534233093, teacher_margin: 1.5804142951965332, teacher_margin_gate: 0.6276784539222717, teacher_clean_gate: 1.0, teacher_adv_gate: 1.0, tm_grad_cos: 1.0, tm_scale: 1.0, tm_ps_scale: 1.0
2026-09-15 01:18:39.692 | INFO     | __main__:<module>:875 - TRAIN_EPOCH_RESOURCE epoch=45 seconds=314.91332234814763 peak_allocated_bytes=19402734592
2026-09-15 01:18:39.692 | INFO     | __main__:<module>:482 - METHOD epoch=46 views=1 awp_gamma=0.0 consistency_weight=0.0
2026-09-15 01:18:39.692 | INFO     | __main__:<module>:485 - the 46th epoch 
2026-09-15 01:18:40.531 | INFO     | __main__:<module>:872 - lr:0.1 weight_nat: 0.3570483189431353, nat_loss: 0.010770597495138645, weight_adv: 0.6429516810568647, adv_loss: 0.013988608494400978 weight-klloss3 0.028749999999999998 Loss3: 0.00285610044375062 clean_ce: 0.7161835432052612, adv_ce: 3.475722312927246, adv_margin: 1.4658215045928955, clean_gate: 0.3665422201156616, teacher_margin: 1.4889674186706543, teacher_margin_gate: 0.6051745414733887, teacher_clean_gate: 1.0, teacher_adv_gate: 1.0, tm_grad_cos: 1.0, tm_scale: 1.0, tm_ps_scale: 1.0
2026-09-15 01:20:01.934 | INFO     | __main__:<module>:872 - lr:0.1 weight_nat: 0.35549198140105054, nat_loss: 0.011580271646380424, weight_adv: 0.6445080185989496, adv_loss: 0.01284753903746605 weight-klloss3 0.028749999999999998 Loss3: 0.002650973852723837 clean_ce: 0.7337061166763306, adv_ce: 3.4348208904266357, adv_margin: 1.4308116436004639, clean_gate: 0.38122159242630005, teacher_margin: 1.359116792678833, teacher_margin_gate: 0.600440502166748, teacher_clean_gate: 1.0, teacher_adv_gate: 1.0, tm_grad_cos: 1.0, tm_scale: 1.0, tm_ps_scale: 1.0
2026-09-15 01:21:21.448 | INFO     | __main__:<module>:872 - lr:0.1 weight_nat: 0.3556591759409045, nat_loss: 0.010839924216270447, weight_adv: 0.6443408240590954, adv_loss: 0.013194375671446323 weight-klloss3 0.028749999999999998 Loss3: 0.0030506954062730074 clean_ce: 0.7286776304244995, adv_ce: 3.374317169189453, adv_margin: 1.3754760026931763, clean_gate: 0.3833269774913788, teacher_margin: 1.4848577976226807, teacher_margin_gate: 0.62340247631073, teacher_clean_gate: 1.0, teacher_adv_gate: 1.0, tm_grad_cos: 1.0, tm_scale: 1.0, tm_ps_scale: 1.0
2026-09-15 01:22:40.765 | INFO     | __main__:<module>:872 - lr:0.1 weight_nat: 0.35669817632881856, nat_loss: 0.011299088597297668, weight_adv: 0.6433018236711815, adv_loss: 0.013773234561085701 weight-klloss3 0.028749999999999998 Loss3: 0.0035919598303735256 clean_ce: 0.7015241384506226, adv_ce: 3.4890050888061523, adv_margin: 1.4961546659469604, clean_gate: 0.3662590980529785, teacher_margin: 1.5676168203353882, teacher_margin_gate: 0.6251037120819092, teacher_clean_gate: 1.0, teacher_adv_gate: 1.0, tm_grad_cos: 1.0, tm_scale: 1.0, tm_ps_scale: 1.0
2026-09-15 01:23:52.779 | INFO     | __main__:<module>:875 - TRAIN_EPOCH_RESOURCE epoch=46 seconds=313.0870245471597 peak_allocated_bytes=19402423296
2026-09-15 01:23:52.779 | INFO     | __main__:<module>:482 - METHOD epoch=47 views=1 awp_gamma=0.0 consistency_weight=0.0
2026-09-15 01:23:52.779 | INFO     | __main__:<module>:485 - the 47th epoch 
2026-09-15 01:23:53.616 | INFO     | __main__:<module>:872 - lr:0.1 weight_nat: 0.3553535605853395, nat_loss: 0.011529353447258472, weight_adv: 0.6446464394146605, adv_loss: 0.01398254930973053 weight-klloss3 0.029375000000000002 Loss3: 0.0033390861935913563 clean_ce: 0.7419266700744629, adv_ce: 3.494668483734131, adv_margin: 1.4440126419067383, clean_gate: 0.3730195462703705, teacher_margin: 1.494781255722046, teacher_margin_gate: 0.6049498319625854, teacher_clean_gate: 1.0, teacher_adv_gate: 1.0, tm_grad_cos: 1.0, tm_scale: 1.0, tm_ps_scale: 1.0
2026-09-15 01:25:14.145 | INFO     | __main__:<module>:872 - lr:0.1 weight_nat: 0.355174259938169, nat_loss: 0.011678666807711124, weight_adv: 0.644825740061831, adv_loss: 0.013738746754825115 weight-klloss3 0.029375000000000002 Loss3: 0.0029546183068305254 clean_ce: 0.7192925810813904, adv_ce: 3.4264426231384277, adv_margin: 1.4496854543685913, clean_gate: 0.38293567299842834, teacher_margin: 1.5186514854431152, teacher_margin_gate: 0.623702347278595, teacher_clean_gate: 1.0, teacher_adv_gate: 1.0, tm_grad_cos: 1.0, tm_scale: 1.0, tm_ps_scale: 1.0
2026-09-15 01:26:35.137 | INFO     | __main__:<module>:872 - lr:0.1 weight_nat: 0.3563247599715813, nat_loss: 0.011346504092216492, weight_adv: 0.6436752400284187, adv_loss: 0.01286254357546568 weight-klloss3 0.029375000000000002 Loss3: 0.0026289094239473343 clean_ce: 0.7568731904029846, adv_ce: 3.3673629760742188, adv_margin: 1.3181132078170776, clean_gate: 0.38119351863861084, teacher_margin: 1.317781686782837, teacher_margin_gate: 0.5792639851570129, teacher_clean_gate: 1.0, teacher_adv_gate: 1.0, tm_grad_cos: 1.0, tm_scale: 1.0, tm_ps_scale: 1.0
2026-09-15 01:27:58.157 | INFO     | __main__:<module>:872 - lr:0.1 weight_nat: 0.35567804201721864, nat_loss: 0.011754009872674942, weight_adv: 0.6443219579827815, adv_loss: 0.013111603446304798 weight-klloss3 0.029375000000000002 Loss3: 0.004044226370751858 clean_ce: 0.7240005731582642, adv_ce: 3.4442973136901855, adv_margin: 1.4380874633789062, clean_gate: 0.37843406200408936, teacher_margin: 1.353532075881958, teacher_margin_gate: 0.5966731309890747, teacher_clean_gate: 1.0, teacher_adv_gate: 1.0, tm_grad_cos: 1.0, tm_scale: 1.0, tm_ps_scale: 1.0
2026-09-15 01:29:13.123 | INFO     | __main__:<module>:875 - TRAIN_EPOCH_RESOURCE epoch=47 seconds=320.3436898291111 peak_allocated_bytes=19402734592
2026-09-15 01:29:13.123 | INFO     | __main__:<module>:482 - METHOD epoch=48 views=1 awp_gamma=0.0 consistency_weight=0.0
2026-09-15 01:29:13.124 | INFO     | __main__:<module>:485 - the 48th epoch 
2026-09-15 01:29:13.921 | INFO     | __main__:<module>:872 - lr:0.1 weight_nat: 0.35232903087677814, nat_loss: 0.011748405173420906, weight_adv: 0.6476709691232219, adv_loss: 0.01357846800237894 weight-klloss3 0.03 Loss3: 0.003615723690018058 clean_ce: 0.7266342639923096, adv_ce: 3.4458582401275635, adv_margin: 1.4526710510253906, clean_gate: 0.3661493957042694, teacher_margin: 1.5494449138641357, teacher_margin_gate: 0.6136854290962219, teacher_clean_gate: 1.0, teacher_adv_gate: 1.0, tm_grad_cos: 1.0, tm_scale: 1.0, tm_ps_scale: 1.0
2026-09-15 01:30:35.229 | INFO     | __main__:<module>:872 - lr:0.1 weight_nat: 0.3524206290421741, nat_loss: 0.011287311092019081, weight_adv: 0.6475793709578259, adv_loss: 0.013819444924592972 weight-klloss3 0.03 Loss3: 0.0031981614883989096 clean_ce: 0.7127071619033813, adv_ce: 3.5842208862304688, adv_margin: 1.586172342300415, clean_gate: 0.3576151728630066, teacher_margin: 1.5351958274841309, teacher_margin_gate: 0.5995420217514038, teacher_clean_gate: 1.0, teacher_adv_gate: 1.0, tm_grad_cos: 1.0, tm_scale: 1.0, tm_ps_scale: 1.0
2026-09-15 01:31:57.369 | INFO     | __main__:<module>:872 - lr:0.1 weight_nat: 0.35839507502360923, nat_loss: 0.010938448831439018, weight_adv: 0.6416049249763909, adv_loss: 0.012768009677529335 weight-klloss3 0.03 Loss3: 0.0034011430107057095 clean_ce: 0.6818503141403198, adv_ce: 3.471924066543579, adv_margin: 1.6226162910461426, clean_gate: 0.35697275400161743, teacher_margin: 1.4525898694992065, teacher_margin_gate: 0.5845480561256409, teacher_clean_gate: 1.0, teacher_adv_gate: 1.0, tm_grad_cos: 1.0, tm_scale: 1.0, tm_ps_scale: 1.0
2026-09-15 01:33:17.688 | INFO     | __main__:<module>:872 - lr:0.1 weight_nat: 0.35532384211313983, nat_loss: 0.011600272729992867, weight_adv: 0.6446761578868602, adv_loss: 0.013846486806869507 weight-klloss3 0.03 Loss3: 0.0031121084466576576 clean_ce: 0.7448439598083496, adv_ce: 3.2991604804992676, adv_margin: 1.2942155599594116, clean_gate: 0.3883622884750366, teacher_margin: 1.40176260471344, teacher_margin_gate: 0.611922562122345, teacher_clean_gate: 1.0, teacher_adv_gate: 1.0, tm_grad_cos: 1.0, tm_scale: 1.0, tm_ps_scale: 1.0
2026-09-15 01:34:29.546 | INFO     | __main__:<module>:875 - TRAIN_EPOCH_RESOURCE epoch=48 seconds=316.42272007092834 peak_allocated_bytes=19402423296
2026-09-15 01:34:29.547 | INFO     | __main__:<module>:482 - METHOD epoch=49 views=1 awp_gamma=0.0 consistency_weight=0.0
2026-09-15 01:34:29.547 | INFO     | __main__:<module>:485 - the 49th epoch 
2026-09-15 01:34:30.343 | INFO     | __main__:<module>:872 - lr:0.1 weight_nat: 0.35304387685844657, nat_loss: 0.01112050749361515, weight_adv: 0.6469561231415535, adv_loss: 0.013429194688796997 weight-klloss3 0.030625000000000003 Loss3: 0.0029382086358964443 clean_ce: 0.7266367077827454, adv_ce: 3.395888566970825, adv_margin: 1.3871209621429443, clean_gate: 0.3840112090110779, teacher_margin: 1.5929536819458008, teacher_margin_gate: 0.6587395071983337, teacher_clean_gate: 1.0, teacher_adv_gate: 1.0, tm_grad_cos: 1.0, tm_scale: 1.0, tm_ps_scale: 1.0
2026-09-15 01:35:50.823 | INFO     | __main__:<module>:872 - lr:0.1 weight_nat: 0.3577881741194984, nat_loss: 0.012079743668437004, weight_adv: 0.6422118258805016, adv_loss: 0.012424109503626823 weight-klloss3 0.030625000000000003 Loss3: 0.0028739087283611298 clean_ce: 0.6815267205238342, adv_ce: 3.5193965435028076, adv_margin: 1.585900068283081, clean_gate: 0.3620980381965637, teacher_margin: 1.4362601041793823, teacher_margin_gate: 0.5791757106781006, teacher_clean_gate: 1.0, teacher_adv_gate: 1.0, tm_grad_cos: 1.0, tm_scale: 1.0, tm_ps_scale: 1.0
2026-09-15 01:37:11.169 | INFO     | __main__:<module>:872 - lr:0.1 weight_nat: 0.35633038137049555, nat_loss: 0.011409003287553787, weight_adv: 0.6436696186295044, adv_loss: 0.012924960814416409 weight-klloss3 0.030625000000000003 Loss3: 0.0029865747783333063 clean_ce: 0.7482422590255737, adv_ce: 3.2687721252441406, adv_margin: 1.285829782485962, clean_gate: 0.40046247839927673, teacher_margin: 1.4454424381256104, teacher_margin_gate: 0.6516688466072083, teacher_clean_gate: 1.0, teacher_adv_gate: 1.0, tm_grad_cos: 1.0, tm_scale: 1.0, tm_ps_scale: 1.0
2026-09-15 01:38:31.252 | INFO     | __main__:<module>:872 - lr:0.1 weight_nat: 0.3541456425000039, nat_loss: 0.011896087788045406, weight_adv: 0.6458543574999961, adv_loss: 0.01308880839496851 weight-klloss3 0.030625000000000003 Loss3: 0.003537714248523116 clean_ce: 0.7442909479141235, adv_ce: 3.395662307739258, adv_margin: 1.3751862049102783, clean_gate: 0.37744686007499695, teacher_margin: 1.5537521839141846, teacher_margin_gate: 0.6500277519226074, teacher_clean_gate: 1.0, teacher_adv_gate: 1.0, tm_grad_cos: 1.0, tm_scale: 1.0, tm_ps_scale: 1.0
2026-09-15 01:39:42.891 | INFO     | __main__:<module>:875 - TRAIN_EPOCH_RESOURCE epoch=49 seconds=313.3441966660321 peak_allocated_bytes=19402734592
2026-09-15 01:39:42.891 | INFO     | __main__:<module>:482 - METHOD epoch=50 views=1 awp_gamma=0.0 consistency_weight=0.0
2026-09-15 01:39:42.891 | INFO     | __main__:<module>:485 - the 50th epoch 
2026-09-15 01:39:43.649 | INFO     | __main__:<module>:872 - lr:0.1 weight_nat: 0.3551899113267623, nat_loss: 0.012025093659758568, weight_adv: 0.6448100886732377, adv_loss: 0.01259526051580906 weight-klloss3 0.03125 Loss3: 0.0035129759926348925 clean_ce: 0.7479139566421509, adv_ce: 3.395475149154663, adv_margin: 1.3503484725952148, clean_gate: 0.38685694336891174, teacher_margin: 1.3593999147415161, teacher_margin_gate: 0.6042818427085876, teacher_clean_gate: 1.0, teacher_adv_gate: 1.0, tm_grad_cos: 1.0, tm_scale: 1.0, tm_ps_scale: 1.0
2026-09-15 01:41:03.964 | INFO     | __main__:<module>:872 - lr:0.1 weight_nat: 0.3514723860152177, nat_loss: 0.01081625185906887, weight_adv: 0.6485276139847824, adv_loss: 0.01311176922172308 weight-klloss3 0.03125 Loss3: 0.002868121489882469 clean_ce: 0.7366518378257751, adv_ce: 3.319469928741455, adv_margin: 1.3562750816345215, clean_gate: 0.3790339529514313, teacher_margin: 1.3987705707550049, teacher_margin_gate: 0.5949838757514954, teacher_clean_gate: 1.0, teacher_adv_gate: 1.0, tm_grad_cos: 1.0, tm_scale: 1.0, tm_ps_scale: 1.0
2026-09-15 01:42:23.926 | INFO     | __main__:<module>:872 - lr:0.1 weight_nat: 0.3554982457393556, nat_loss: 0.010818283073604107, weight_adv: 0.6445017542606445, adv_loss: 0.013410929590463638 weight-klloss3 0.03125 Loss3: 0.003210456809028983 clean_ce: 0.699600100517273, adv_ce: 3.357536792755127, adv_margin: 1.3548625707626343, clean_gate: 0.3800061345100403, teacher_margin: 1.4717366695404053, teacher_margin_gate: 0.6140658855438232, teacher_clean_gate: 1.0, teacher_adv_gate: 1.0, tm_grad_cos: 1.0, tm_scale: 1.0, tm_ps_scale: 1.0
2026-09-15 01:43:45.431 | INFO     | __main__:<module>:872 - lr:0.1 weight_nat: 0.3574458757385876, nat_loss: 0.011103593744337559, weight_adv: 0.6425541242614123, adv_loss: 0.012997636571526527 weight-klloss3 0.03125 Loss3: 0.002702676458284259 clean_ce: 0.7359914183616638, adv_ce: 3.4178874492645264, adv_margin: 1.3925633430480957, clean_gate: 0.3792862296104431, teacher_margin: 1.4139604568481445, teacher_margin_gate: 0.5974211096763611, teacher_clean_gate: 1.0, teacher_adv_gate: 1.0, tm_grad_cos: 1.0, tm_scale: 1.0, tm_ps_scale: 1.0
2026-09-15 01:45:00.032 | INFO     | __main__:<module>:875 - TRAIN_EPOCH_RESOURCE epoch=50 seconds=317.14046394079924 peak_allocated_bytes=19402423296
2026-09-15 01:46:01.022 | INFO     | __main__:<module>:934 - student robust acc 0.2541, teacher robust acc 0.4598, nat teacher robust acc 0.4011
2026-09-15 01:46:23.334 | INFO     | __main__:<module>:1007 - best accuracy:0.38035
2026-09-15 01:46:23.335 | INFO     | __main__:<module>:1010 - student natural acc 0.5066, adv teacher natural acc 0.5827, nat teacher natural acc 0.7650
2026-09-15 01:46:23.336 | INFO     | __main__:<module>:482 - METHOD epoch=51 views=1 awp_gamma=0.0 consistency_weight=0.0
2026-09-15 01:46:23.336 | INFO     | __main__:<module>:485 - the 51th epoch 
2026-09-15 01:46:24.779 | INFO     | __main__:<module>:872 - lr:0.1 weight_nat: 0.3518784472837052, nat_loss: 0.01210122462362051, weight_adv: 0.6481215527162949, adv_loss: 0.012578208930790424 weight-klloss3 0.031875 Loss3: 0.002743873745203018 clean_ce: 0.6946784257888794, adv_ce: 3.4309043884277344, adv_margin: 1.482398509979248, clean_gate: 0.3718392252922058, teacher_margin: 1.4974515438079834, teacher_margin_gate: 0.616732120513916, teacher_clean_gate: 1.0, teacher_adv_gate: 1.0, tm_grad_cos: 1.0, tm_scale: 1.0, tm_ps_scale: 1.0
2026-09-15 01:48:17.344 | INFO     | __main__:<module>:872 - lr:0.1 weight_nat: 0.35276633856466805, nat_loss: 0.010809019207954407, weight_adv: 0.647233661435332, adv_loss: 0.012445125728845596 weight-klloss3 0.031875 Loss3: 0.002669020090252161 clean_ce: 0.6941983103752136, adv_ce: 3.316627264022827, adv_margin: 1.3505412340164185, clean_gate: 0.3894460201263428, teacher_margin: 1.4156880378723145, teacher_margin_gate: 0.6187654137611389, teacher_clean_gate: 1.0, teacher_adv_gate: 1.0, tm_grad_cos: 1.0, tm_scale: 1.0, tm_ps_scale: 1.0
2026-09-15 01:50:08.411 | INFO     | __main__:<module>:872 - lr:0.1 weight_nat: 0.35086486748052664, nat_loss: 0.011210138909518719, weight_adv: 0.6491351325194733, adv_loss: 0.013435453176498413 weight-klloss3 0.031875 Loss3: 0.0022021778859198093 clean_ce: 0.7171564102172852, adv_ce: 3.4277215003967285, adv_margin: 1.4773870706558228, clean_gate: 0.3653295636177063, teacher_margin: 1.577061653137207, teacher_margin_gate: 0.6293721199035645, teacher_clean_gate: 1.0, teacher_adv_gate: 1.0, tm_grad_cos: 1.0, tm_scale: 1.0, tm_ps_scale: 1.0
2026-09-15 01:52:00.154 | INFO     | __main__:<module>:872 - lr:0.1 weight_nat: 0.35157452355484164, nat_loss: 0.010373094119131565, weight_adv: 0.6484254764451584, adv_loss: 0.013798972591757774 weight-klloss3 0.031875 Loss3: 0.004025566857308149 clean_ce: 0.7037245631217957, adv_ce: 3.3809046745300293, adv_margin: 1.3727957010269165, clean_gate: 0.3784365952014923, teacher_margin: 1.4784866571426392, teacher_margin_gate: 0.607353687286377, teacher_clean_gate: 1.0, teacher_adv_gate: 1.0, tm_grad_cos: 1.0, tm_scale: 1.0, tm_ps_scale: 1.0
2026-09-15 01:53:40.129 | INFO     | __main__:<module>:875 - TRAIN_EPOCH_RESOURCE epoch=51 seconds=436.79252268746495 peak_allocated_bytes=16353402880
2026-09-15 01:53:40.129 | INFO     | __main__:<module>:482 - METHOD epoch=52 views=1 awp_gamma=0.0 consistency_weight=0.0
2026-09-15 01:53:40.129 | INFO     | __main__:<module>:485 - the 52th epoch 
2026-09-15 01:53:41.248 | INFO     | __main__:<module>:872 - lr:0.1 weight_nat: 0.34782205954131956, nat_loss: 0.011554176919162273, weight_adv: 0.6521779404586804, adv_loss: 0.012604864314198494 weight-klloss3 0.0325 Loss3: 0.004053263925015926 clean_ce: 0.740215539932251, adv_ce: 3.192549228668213, adv_margin: 1.244018793106079, clean_gate: 0.39895203709602356, teacher_margin: 1.3201576471328735, teacher_margin_gate: 0.6066170930862427, teacher_clean_gate: 1.0, teacher_adv_gate: 1.0, tm_grad_cos: 1.0, tm_scale: 1.0, tm_ps_scale: 1.0
2026-09-15 01:55:31.739 | INFO     | __main__:<module>:872 - lr:0.1 weight_nat: 0.3508168640463, nat_loss: 0.010608861222863197, weight_adv: 0.6491831359537, adv_loss: 0.01372852735221386 weight-klloss3 0.0325 Loss3: 0.0032348250970244408 clean_ce: 0.7405141592025757, adv_ce: 3.1799874305725098, adv_margin: 1.24468994140625, clean_gate: 0.402556836605072, teacher_margin: 1.5517823696136475, teacher_margin_gate: 0.6689541339874268, teacher_clean_gate: 1.0, teacher_adv_gate: 1.0, tm_grad_cos: 1.0, tm_scale: 1.0, tm_ps_scale: 1.0
2026-09-15 01:57:23.062 | INFO     | __main__:<module>:872 - lr:0.1 weight_nat: 0.35037022850081584, nat_loss: 0.010216178372502327, weight_adv: 0.6496297714991842, adv_loss: 0.014494795352220535 weight-klloss3 0.0325 Loss3: 0.004007338546216488 clean_ce: 0.6780402660369873, adv_ce: 3.2964115142822266, adv_margin: 1.2987678050994873, clean_gate: 0.3899613916873932, teacher_margin: 1.6405655145645142, teacher_margin_gate: 0.6629454493522644, teacher_clean_gate: 1.0, teacher_adv_gate: 1.0, tm_grad_cos: 1.0, tm_scale: 1.0, tm_ps_scale: 1.0
2026-09-15 01:59:15.823 | INFO     | __main__:<module>:872 - lr:0.1 weight_nat: 0.34732532327397586, nat_loss: 0.010084046050906181, weight_adv: 0.6526746767260241, adv_loss: 0.013615167699754238 weight-klloss3 0.0325 Loss3: 0.0032465853728353977 clean_ce: 0.7278209924697876, adv_ce: 3.1503567695617676, adv_margin: 1.1805689334869385, clean_gate: 0.4013637900352478, teacher_margin: 1.4550273418426514, teacher_margin_gate: 0.6411401629447937, teacher_clean_gate: 1.0, teacher_adv_gate: 1.0, tm_grad_cos: 1.0, tm_scale: 1.0, tm_ps_scale: 1.0
2026-09-15 02:00:57.808 | INFO     | __main__:<module>:875 - TRAIN_EPOCH_RESOURCE epoch=52 seconds=437.6783125028014 peak_allocated_bytes=13380866560
2026-09-15 02:00:57.808 | INFO     | __main__:<module>:482 - METHOD epoch=53 views=1 awp_gamma=0.0 consistency_weight=0.0
2026-09-15 02:00:57.808 | INFO     | __main__:<module>:485 - the 53th epoch 
2026-09-15 02:00:58.997 | INFO     | __main__:<module>:872 - lr:0.1 weight_nat: 0.3498940848025715, nat_loss: 0.01106309611350298, weight_adv: 0.6501059151974286, adv_loss: 0.013497059233486652 weight-klloss3 0.033125 Loss3: 0.003444995731115341 clean_ce: 0.724084734916687, adv_ce: 3.3092212677001953, adv_margin: 1.2559033632278442, clean_gate: 0.3881499469280243, teacher_margin: 1.521148681640625, teacher_margin_gate: 0.6493330001831055, teacher_clean_gate: 1.0, teacher_adv_gate: 1.0, tm_grad_cos: 1.0, tm_scale: 1.0, tm_ps_scale: 1.0
2026-09-15 02:02:54.428 | INFO     | __main__:<module>:872 - lr:0.1 weight_nat: 0.3485614028088875, nat_loss: 0.010930820368230343, weight_adv: 0.6514385971911125, adv_loss: 0.013802370056509972 weight-klloss3 0.033125 Loss3: 0.002466623904183507 clean_ce: 0.7010498046875, adv_ce: 3.2510762214660645, adv_margin: 1.3229129314422607, clean_gate: 0.3957432508468628, teacher_margin: 1.4711772203445435, teacher_margin_gate: 0.6418718099594116, teacher_clean_gate: 1.0, teacher_adv_gate: 1.0, tm_grad_cos: 1.0, tm_scale: 1.0, tm_ps_scale: 1.0
2026-09-15 02:04:49.900 | INFO     | __main__:<module>:872 - lr:0.1 weight_nat: 0.3442053439086554, nat_loss: 0.013255558907985687, weight_adv: 0.6557946560913446, adv_loss: 0.01478959433734417 weight-klloss3 0.033125 Loss3: 0.0032373752910643816 clean_ce: 0.7299401760101318, adv_ce: 3.550842523574829, adv_margin: 1.5150880813598633, clean_gate: 0.3573218584060669, teacher_margin: 1.7608115673065186, teacher_margin_gate: 0.639094352722168, teacher_clean_gate: 1.0, teacher_adv_gate: 1.0, tm_grad_cos: 1.0, tm_scale: 1.0, tm_ps_scale: 1.0
2026-09-15 02:06:42.785 | INFO     | __main__:<module>:872 - lr:0.1 weight_nat: 0.34682201407572166, nat_loss: 0.011709120124578476, weight_adv: 0.6531779859242783, adv_loss: 0.014025241136550903 weight-klloss3 0.033125 Loss3: 0.004614956211298704 clean_ce: 0.7239294052124023, adv_ce: 3.3535454273223877, adv_margin: 1.3894613981246948, clean_gate: 0.3778883218765259, teacher_margin: 1.6325316429138184, teacher_margin_gate: 0.651303768157959, teacher_clean_gate: 1.0, teacher_adv_gate: 1.0, tm_grad_cos: 1.0, tm_scale: 1.0, tm_ps_scale: 1.0
2026-09-15 02:08:25.243 | INFO     | __main__:<module>:875 - TRAIN_EPOCH_RESOURCE epoch=53 seconds=447.43464070931077 peak_allocated_bytes=13380866560
2026-09-15 02:08:25.243 | INFO     | __main__:<module>:482 - METHOD epoch=54 views=1 awp_gamma=0.0 consistency_weight=0.0
2026-09-15 02:08:25.243 | INFO     | __main__:<module>:485 - the 54th epoch 
2026-09-15 02:08:26.431 | INFO     | __main__:<module>:872 - lr:0.1 weight_nat: 0.34507411151705103, nat_loss: 0.010089040733873844, weight_adv: 0.654925888482949, adv_loss: 0.01239093765616417 weight-klloss3 0.03375 Loss3: 0.002919149585068226 clean_ce: 0.7407728433609009, adv_ce: 3.1062769889831543, adv_margin: 1.0815739631652832, clean_gate: 0.41634252667427063, teacher_margin: 1.2835566997528076, teacher_margin_gate: 0.6289992928504944, teacher_clean_gate: 1.0, teacher_adv_gate: 1.0, tm_grad_cos: 1.0, tm_scale: 1.0, tm_ps_scale: 1.0
2026-09-15 02:10:21.945 | INFO     | __main__:<module>:872 - lr:0.1 weight_nat: 0.3427799445672179, nat_loss: 0.010960065759718418, weight_adv: 0.6572200554327822, adv_loss: 0.014649637043476105 weight-klloss3 0.03375 Loss3: 0.0032441846560686827 clean_ce: 0.6815183162689209, adv_ce: 3.5162994861602783, adv_margin: 1.5437793731689453, clean_gate: 0.35826998949050903, teacher_margin: 1.6802864074707031, teacher_margin_gate: 0.6098306179046631, teacher_clean_gate: 1.0, teacher_adv_gate: 1.0, tm_grad_cos: 1.0, tm_scale: 1.0, tm_ps_scale: 1.0
2026-09-15 02:12:16.865 | INFO     | __main__:<module>:872 - lr:0.1 weight_nat: 0.345067723832485, nat_loss: 0.010215125046670437, weight_adv: 0.654932276167515, adv_loss: 0.014058709144592285 weight-klloss3 0.03375 Loss3: 0.003044464159756899 clean_ce: 0.6942785978317261, adv_ce: 3.139050006866455, adv_margin: 1.2271431684494019, clean_gate: 0.4015706479549408, teacher_margin: 1.629610300064087, teacher_margin_gate: 0.6846304535865784, teacher_clean_gate: 1.0, teacher_adv_gate: 1.0, tm_grad_cos: 1.0, tm_scale: 1.0, tm_ps_scale: 1.0
2026-09-15 02:14:12.227 | INFO     | __main__:<module>:872 - lr:0.1 weight_nat: 0.3486340322131242, nat_loss: 0.010518976487219334, weight_adv: 0.6513659677868758, adv_loss: 0.013229424133896828 weight-klloss3 0.03375 Loss3: 0.00320632616057992 clean_ce: 0.7108312845230103, adv_ce: 3.2598628997802734, adv_margin: 1.2562110424041748, clean_gate: 0.39266031980514526, teacher_margin: 1.4746885299682617, teacher_margin_gate: 0.6408048868179321, teacher_clean_gate: 1.0, teacher_adv_gate: 1.0, tm_grad_cos: 1.0, tm_scale: 1.0, tm_ps_scale: 1.0
2026-09-15 02:15:53.956 | INFO     | __main__:<module>:875 - TRAIN_EPOCH_RESOURCE epoch=54 seconds=448.71293667703867 peak_allocated_bytes=13380866560
2026-09-15 02:15:53.957 | INFO     | __main__:<module>:482 - METHOD epoch=55 views=1 awp_gamma=0.0 consistency_weight=0.0
2026-09-15 02:15:53.957 | INFO     | __main__:<module>:485 - the 55th epoch 
2026-09-15 02:15:55.121 | INFO     | __main__:<module>:872 - lr:0.1 weight_nat: 0.3460643682169543, nat_loss: 0.010657633654773235, weight_adv: 0.6539356317830457, adv_loss: 0.012192908674478531 weight-klloss3 0.034375 Loss3: 0.00352551625110209 clean_ce: 0.7020249366760254, adv_ce: 3.42028546333313, adv_margin: 1.426570177078247, clean_gate: 0.3709239959716797, teacher_margin: 1.4572820663452148, teacher_margin_gate: 0.6078174710273743, teacher_clean_gate: 1.0, teacher_adv_gate: 1.0, tm_grad_cos: 1.0, tm_scale: 1.0, tm_ps_scale: 1.0
2026-09-15 02:17:49.560 | INFO     | __main__:<module>:872 - lr:0.1 weight_nat: 0.3423799739021498, nat_loss: 0.01174914836883545, weight_adv: 0.6576200260978503, adv_loss: 0.014605249278247356 weight-klloss3 0.034375 Loss3: 0.004106056410819292 clean_ce: 0.665493369102478, adv_ce: 3.5960779190063477, adv_margin: 1.6444505453109741, clean_gate: 0.3534819185733795, teacher_margin: 1.7200548648834229, teacher_margin_gate: 0.6332124471664429, teacher_clean_gate: 1.0, teacher_adv_gate: 1.0, tm_grad_cos: 1.0, tm_scale: 1.0, tm_ps_scale: 1.0
2026-09-15 02:19:40.860 | INFO     | __main__:<module>:872 - lr:0.1 weight_nat: 0.34458353001214553, nat_loss: 0.0107162119820714, weight_adv: 0.6554164699878545, adv_loss: 0.013185515999794006 weight-klloss3 0.034375 Loss3: 0.004217992536723614 clean_ce: 0.7072062492370605, adv_ce: 3.268394947052002, adv_margin: 1.2900817394256592, clean_gate: 0.3889586925506592, teacher_margin: 1.478010892868042, teacher_margin_gate: 0.6229016780853271, teacher_clean_gate: 1.0, teacher_adv_gate: 1.0, tm_grad_cos: 1.0, tm_scale: 1.0, tm_ps_scale: 1.0
2026-09-15 02:21:31.703 | INFO     | __main__:<module>:872 - lr:0.1 weight_nat: 0.34072691152811696, nat_loss: 0.0114938635379076, weight_adv: 0.6592730884718832, adv_loss: 0.014617436565458775 weight-klloss3 0.034375 Loss3: 0.0030938368290662766 clean_ce: 0.6940912008285522, adv_ce: 3.5444254875183105, adv_margin: 1.5534104108810425, clean_gate: 0.35868024826049805, teacher_margin: 1.6833348274230957, teacher_margin_gate: 0.6237102746963501, teacher_clean_gate: 1.0, teacher_adv_gate: 1.0, tm_grad_cos: 1.0, tm_scale: 1.0, tm_ps_scale: 1.0
2026-09-15 02:23:11.031 | INFO     | __main__:<module>:875 - TRAIN_EPOCH_RESOURCE epoch=55 seconds=437.0738412104547 peak_allocated_bytes=13380866560
2026-09-15 02:23:11.031 | INFO     | __main__:<module>:482 - METHOD epoch=56 views=1 awp_gamma=0.0 consistency_weight=0.0
2026-09-15 02:23:11.031 | INFO     | __main__:<module>:485 - the 56th epoch 
2026-09-15 02:23:12.128 | INFO     | __main__:<module>:872 - lr:0.1 weight_nat: 0.34255493630401684, nat_loss: 0.009995357133448124, weight_adv: 0.6574450636959832, adv_loss: 0.013983985409140587 weight-klloss3 0.034999999999999996 Loss3: 0.0031004485208541155 clean_ce: 0.7054716348648071, adv_ce: 3.139948844909668, adv_margin: 1.2225457429885864, clean_gate: 0.4002596139907837, teacher_margin: 1.588144063949585, teacher_margin_gate: 0.6776422262191772, teacher_clean_gate: 1.0, teacher_adv_gate: 1.0, tm_grad_cos: 1.0, tm_scale: 1.0, tm_ps_scale: 1.0
2026-09-15 02:25:03.048 | INFO     | __main__:<module>:872 - lr:0.1 weight_nat: 0.34023669478662144, nat_loss: 0.010813097469508648, weight_adv: 0.6597633052133786, adv_loss: 0.013972058892250061 weight-klloss3 0.034999999999999996 Loss3: 0.004264867398887873 clean_ce: 0.7055037021636963, adv_ce: 3.399948835372925, adv_margin: 1.4121040105819702, clean_gate: 0.3730067014694214, teacher_margin: 1.5363706350326538, teacher_margin_gate: 0.6261765956878662, teacher_clean_gate: 1.0, teacher_adv_gate: 1.0, tm_grad_cos: 1.0, tm_scale: 1.0, tm_ps_scale: 1.0
2026-09-15 02:26:54.250 | INFO     | __main__:<module>:872 - lr:0.1 weight_nat: 0.34151382564216176, nat_loss: 0.01138317584991455, weight_adv: 0.6584861743578383, adv_loss: 0.014380374923348427 weight-klloss3 0.034999999999999996 Loss3: 0.003390272380784154 clean_ce: 0.6992270350456238, adv_ce: 3.442539691925049, adv_margin: 1.4538195133209229, clean_gate: 0.37388381361961365, teacher_margin: 1.5754001140594482, teacher_margin_gate: 0.6443421244621277, teacher_clean_gate: 1.0, teacher_adv_gate: 1.0, tm_grad_cos: 1.0, tm_scale: 1.0, tm_ps_scale: 1.0
2026-09-15 02:28:43.694 | INFO     | __main__:<module>:872 - lr:0.1 weight_nat: 0.3397730886434934, nat_loss: 0.010838889516890049, weight_adv: 0.6602269113565066, adv_loss: 0.014226597733795643 weight-klloss3 0.034999999999999996 Loss3: 0.0038120632525533438 clean_ce: 0.7087148427963257, adv_ce: 3.414496660232544, adv_margin: 1.4072980880737305, clean_gate: 0.3742750585079193, teacher_margin: 1.6507444381713867, teacher_margin_gate: 0.6493716239929199, teacher_clean_gate: 1.0, teacher_adv_gate: 1.0, tm_grad_cos: 1.0, tm_scale: 1.0, tm_ps_scale: 1.0
2026-09-15 02:30:22.508 | INFO     | __main__:<module>:875 - TRAIN_EPOCH_RESOURCE epoch=56 seconds=431.4769497141242 peak_allocated_bytes=13380866560
2026-09-15 02:30:22.508 | INFO     | __main__:<module>:482 - METHOD epoch=57 views=1 awp_gamma=0.0 consistency_weight=0.0
2026-09-15 02:30:22.508 | INFO     | __main__:<module>:485 - the 57th epoch 
2026-09-15 02:30:23.624 | INFO     | __main__:<module>:872 - lr:0.1 weight_nat: 0.3401574035348501, nat_loss: 0.010474440641701221, weight_adv: 0.65984259646515, adv_loss: 0.01385996863245964 weight-klloss3 0.035625000000000004 Loss3: 0.0028781271539628506 clean_ce: 0.6891969442367554, adv_ce: 3.306425094604492, adv_margin: 1.3818411827087402, clean_gate: 0.3905169367790222, teacher_margin: 1.504845142364502, teacher_margin_gate: 0.6445083618164062, teacher_clean_gate: 1.0, teacher_adv_gate: 1.0, tm_grad_cos: 1.0, tm_scale: 1.0, tm_ps_scale: 1.0
2026-09-15 02:32:14.155 | INFO     | __main__:<module>:872 - lr:0.1 weight_nat: 0.3415070463940753, nat_loss: 0.01086877565830946, weight_adv: 0.6584929536059247, adv_loss: 0.013462943956255913 weight-klloss3 0.035625000000000004 Loss3: 0.0022728615440428257 clean_ce: 0.7033538818359375, adv_ce: 3.23988938331604, adv_margin: 1.3415790796279907, clean_gate: 0.3868942856788635, teacher_margin: 1.5001578330993652, teacher_margin_gate: 0.6319319009780884, teacher_clean_gate: 1.0, teacher_adv_gate: 1.0, tm_grad_cos: 1.0, tm_scale: 1.0, tm_ps_scale: 1.0
2026-09-15 02:34:05.340 | INFO     | __main__:<module>:872 - lr:0.1 weight_nat: 0.3407427206269963, nat_loss: 0.0101301409304142, weight_adv: 0.6592572793730037, adv_loss: 0.013938309624791145 weight-klloss3 0.035625000000000004 Loss3: 0.003230828559026122 clean_ce: 0.7029169797897339, adv_ce: 3.3220295906066895, adv_margin: 1.381255865097046, clean_gate: 0.3828028440475464, teacher_margin: 1.5922815799713135, teacher_margin_gate: 0.6346693634986877, teacher_clean_gate: 1.0, teacher_adv_gate: 1.0, tm_grad_cos: 1.0, tm_scale: 1.0, tm_ps_scale: 1.0
2026-09-15 02:35:55.939 | INFO     | __main__:<module>:872 - lr:0.1 weight_nat: 0.3387442673778811, nat_loss: 0.010696103796362877, weight_adv: 0.6612557326221189, adv_loss: 0.014568161219358444 weight-klloss3 0.035625000000000004 Loss3: 0.004821166396141052 clean_ce: 0.6795778274536133, adv_ce: 3.3742849826812744, adv_margin: 1.3923654556274414, clean_gate: 0.38764435052871704, teacher_margin: 1.739801287651062, teacher_margin_gate: 0.6858607530593872, teacher_clean_gate: 1.0, teacher_adv_gate: 1.0, tm_grad_cos: 1.0, tm_scale: 1.0, tm_ps_scale: 1.0
2026-09-15 02:37:34.850 | INFO     | __main__:<module>:875 - TRAIN_EPOCH_RESOURCE epoch=57 seconds=432.3417978659272 peak_allocated_bytes=13380866560
2026-09-15 02:37:34.850 | INFO     | __main__:<module>:482 - METHOD epoch=58 views=1 awp_gamma=0.0 consistency_weight=0.0
2026-09-15 02:37:34.850 | INFO     | __main__:<module>:485 - the 58th epoch 
2026-09-15 02:37:36.001 | INFO     | __main__:<module>:872 - lr:0.1 weight_nat: 0.34111026756527063, nat_loss: 0.009884720668196678, weight_adv: 0.6588897324347294, adv_loss: 0.012808261439204216 weight-klloss3 0.03625 Loss3: 0.00357430730946362 clean_ce: 0.7015131711959839, adv_ce: 3.075568199157715, adv_margin: 1.2217700481414795, clean_gate: 0.40693169832229614, teacher_margin: 1.4057800769805908, teacher_margin_gate: 0.6334562301635742, teacher_clean_gate: 1.0, teacher_adv_gate: 1.0, tm_grad_cos: 1.0, tm_scale: 1.0, tm_ps_scale: 1.0
2026-09-15 02:39:26.848 | INFO     | __main__:<module>:872 - lr:0.1 weight_nat: 0.337852868424025, nat_loss: 0.010698807425796986, weight_adv: 0.6621471315759749, adv_loss: 0.013072861358523369 weight-klloss3 0.03625 Loss3: 0.0027286424301564693 clean_ce: 0.6808822154998779, adv_ce: 3.260662794113159, adv_margin: 1.3850972652435303, clean_gate: 0.39106273651123047, teacher_margin: 1.5178825855255127, teacher_margin_gate: 0.6578421592712402, teacher_clean_gate: 1.0, teacher_adv_gate: 1.0, tm_grad_cos: 1.0, tm_scale: 1.0, tm_ps_scale: 1.0
2026-09-15 02:41:17.337 | INFO     | __main__:<module>:872 - lr:0.1 weight_nat: 0.340503682419568, nat_loss: 0.010519466362893581, weight_adv: 0.659496317580432, adv_loss: 0.013043861836194992 weight-klloss3 0.03625 Loss3: 0.003618575632572174 clean_ce: 0.6742576360702515, adv_ce: 3.3946409225463867, adv_margin: 1.4498088359832764, clean_gate: 0.381134033203125, teacher_margin: 1.500533103942871, teacher_margin_gate: 0.6239672899246216, teacher_clean_gate: 1.0, teacher_adv_gate: 1.0, tm_grad_cos: 1.0, tm_scale: 1.0, tm_ps_scale: 1.0
2026-09-15 02:43:09.477 | INFO     | __main__:<module>:872 - lr:0.1 weight_nat: 0.34086524785551753, nat_loss: 0.010950467549264431, weight_adv: 0.6591347521444825, adv_loss: 0.013350632041692734 weight-klloss3 0.03625 Loss3: 0.0026033141184598207 clean_ce: 0.698717474937439, adv_ce: 3.118997573852539, adv_margin: 1.195693016052246, clean_gate: 0.4117700755596161, teacher_margin: 1.4228817224502563, teacher_margin_gate: 0.6628355979919434, teacher_clean_gate: 1.0, teacher_adv_gate: 1.0, tm_grad_cos: 1.0, tm_scale: 1.0, tm_ps_scale: 1.0
2026-09-15 02:44:53.014 | INFO     | __main__:<module>:875 - TRAIN_EPOCH_RESOURCE epoch=58 seconds=438.16387951001525 peak_allocated_bytes=13380866560
2026-09-15 02:44:53.015 | INFO     | __main__:<module>:482 - METHOD epoch=59 views=1 awp_gamma=0.0 consistency_weight=0.0
2026-09-15 02:44:53.015 | INFO     | __main__:<module>:485 - the 59th epoch 
2026-09-15 02:44:54.169 | INFO     | __main__:<module>:872 - lr:0.1 weight_nat: 0.34057637541902464, nat_loss: 0.011365105397999287, weight_adv: 0.6594236245809755, adv_loss: 0.012441033497452736 weight-klloss3 0.036875000000000005 Loss3: 0.0024321035016328096 clean_ce: 0.685305118560791, adv_ce: 3.2319514751434326, adv_margin: 1.3045333623886108, clean_gate: 0.3972361087799072, teacher_margin: 1.3916127681732178, teacher_margin_gate: 0.6379468441009521, teacher_clean_gate: 1.0, teacher_adv_gate: 1.0, tm_grad_cos: 1.0, tm_scale: 1.0, tm_ps_scale: 1.0
2026-09-15 02:46:46.881 | INFO     | __main__:<module>:872 - lr:0.1 weight_nat: 0.34005410517064455, nat_loss: 0.011034230701625347, weight_adv: 0.6599458948293555, adv_loss: 0.013922774232923985 weight-klloss3 0.036875000000000005 Loss3: 0.0033003450371325016 clean_ce: 0.6710888147354126, adv_ce: 3.3216395378112793, adv_margin: 1.3762093782424927, clean_gate: 0.38702112436294556, teacher_margin: 1.6625549793243408, teacher_margin_gate: 0.6694127917289734, teacher_clean_gate: 1.0, teacher_adv_gate: 1.0, tm_grad_cos: 1.0, tm_scale: 1.0, tm_ps_scale: 1.0
2026-09-15 02:48:38.260 | INFO     | __main__:<module>:872 - lr:0.1 weight_nat: 0.33570400240604475, nat_loss: 0.010034062899649143, weight_adv: 0.6642959975939553, adv_loss: 0.013971664942800999 weight-klloss3 0.036875000000000005 Loss3: 0.004364226013422012 clean_ce: 0.6377832889556885, adv_ce: 3.3168041706085205, adv_margin: 1.4087269306182861, clean_gate: 0.3816031515598297, teacher_margin: 1.7296524047851562, teacher_margin_gate: 0.6730512380599976, teacher_clean_gate: 1.0, teacher_adv_gate: 1.0, tm_grad_cos: 1.0, tm_scale: 1.0, tm_ps_scale: 1.0
2026-09-15 02:50:29.298 | INFO     | __main__:<module>:872 - lr:0.1 weight_nat: 0.3360154116627288, nat_loss: 0.00988078210502863, weight_adv: 0.6639845883372713, adv_loss: 0.012976846657693386 weight-klloss3 0.036875000000000005 Loss3: 0.002933607902377844 clean_ce: 0.686774492263794, adv_ce: 3.165343761444092, adv_margin: 1.2620317935943604, clean_gate: 0.397041916847229, teacher_margin: 1.6224770545959473, teacher_margin_gate: 0.6862257719039917, teacher_clean_gate: 1.0, teacher_adv_gate: 1.0, tm_grad_cos: 1.0, tm_scale: 1.0, tm_ps_scale: 1.0
2026-09-15 02:52:09.806 | INFO     | __main__:<module>:875 - TRAIN_EPOCH_RESOURCE epoch=59 seconds=436.7909129410982 peak_allocated_bytes=13380866560
2026-09-15 02:52:09.806 | INFO     | __main__:<module>:482 - METHOD epoch=60 views=1 awp_gamma=0.0 consistency_weight=0.0
2026-09-15 02:52:09.806 | INFO     | __main__:<module>:485 - the 60th epoch 
2026-09-15 02:52:10.938 | INFO     | __main__:<module>:872 - lr:0.1 weight_nat: 0.33691302616752206, nat_loss: 0.011350816115736961, weight_adv: 0.663086973832478, adv_loss: 0.013457203283905983 weight-klloss3 0.037500000000000006 Loss3: 0.0029364386573433876 clean_ce: 0.6980423927307129, adv_ce: 3.302629232406616, adv_margin: 1.4056777954101562, clean_gate: 0.381972074508667, teacher_margin: 1.6672351360321045, teacher_margin_gate: 0.6715308427810669, teacher_clean_gate: 1.0, teacher_adv_gate: 1.0, tm_grad_cos: 1.0, tm_scale: 1.0, tm_ps_scale: 1.0
2026-09-15 02:54:03.145 | INFO     | __main__:<module>:872 - lr:0.1 weight_nat: 0.3368708591775967, nat_loss: 0.010669516399502754, weight_adv: 0.6631291408224033, adv_loss: 0.0132387550547719 weight-klloss3 0.037500000000000006 Loss3: 0.0036282383371144533 clean_ce: 0.6920311450958252, adv_ce: 3.176558017730713, adv_margin: 1.2850735187530518, clean_gate: 0.3945552110671997, teacher_margin: 1.608952283859253, teacher_margin_gate: 0.667655348777771, teacher_clean_gate: 1.0, teacher_adv_gate: 1.0, tm_grad_cos: 1.0, tm_scale: 1.0, tm_ps_scale: 1.0
2026-09-15 02:55:52.807 | INFO     | __main__:<module>:872 - lr:0.1 weight_nat: 0.33593978649798006, nat_loss: 0.010900473222136497, weight_adv: 0.66406021350202, adv_loss: 0.013544613495469093 weight-klloss3 0.037500000000000006 Loss3: 0.003656214103102684 clean_ce: 0.6943309903144836, adv_ce: 3.214006185531616, adv_margin: 1.3252620697021484, clean_gate: 0.3830190598964691, teacher_margin: 1.6253933906555176, teacher_margin_gate: 0.6698235869407654, teacher_clean_gate: 1.0, teacher_adv_gate: 1.0, tm_grad_cos: 1.0, tm_scale: 1.0, tm_ps_scale: 1.0
2026-09-15 02:57:43.640 | INFO     | __main__:<module>:872 - lr:0.1 weight_nat: 0.3370325148669295, nat_loss: 0.011773558333516121, weight_adv: 0.6629674851330705, adv_loss: 0.015664387494325638 weight-klloss3 0.037500000000000006 Loss3: 0.0044841039925813675 clean_ce: 0.709945797920227, adv_ce: 3.3671979904174805, adv_margin: 1.4297449588775635, clean_gate: 0.3735544681549072, teacher_margin: 1.8750274181365967, teacher_margin_gate: 0.699177622795105, teacher_clean_gate: 1.0, teacher_adv_gate: 1.0, tm_grad_cos: 1.0, tm_scale: 1.0, tm_ps_scale: 1.0
2026-09-15 02:59:22.788 | INFO     | __main__:<module>:875 - TRAIN_EPOCH_RESOURCE epoch=60 seconds=432.9821845591068 peak_allocated_bytes=13380866560
2026-09-15 03:00:21.264 | INFO     | __main__:<module>:934 - student robust acc 0.2639, teacher robust acc 0.4779, nat teacher robust acc 0.3873
2026-09-15 03:00:42.573 | INFO     | __main__:<module>:1007 - best accuracy:0.40075
2026-09-15 03:00:42.573 | INFO     | __main__:<module>:1010 - student natural acc 0.5376, adv teacher natural acc 0.6111, nat teacher natural acc 0.7650
2026-09-15 03:00:42.575 | INFO     | __main__:<module>:482 - METHOD epoch=61 views=1 awp_gamma=0.0 consistency_weight=0.0
2026-09-15 03:00:42.575 | INFO     | __main__:<module>:485 - the 61th epoch 
2026-09-15 03:00:43.687 | INFO     | __main__:<module>:872 - lr:0.1 weight_nat: 0.3377558520048895, nat_loss: 0.011155452579259872, weight_adv: 0.6622441479951106, adv_loss: 0.013825416564941406 weight-klloss3 0.038125 Loss3: 0.0036419967655092478 clean_ce: 0.7160503268241882, adv_ce: 3.4419314861297607, adv_margin: 1.4504916667938232, clean_gate: 0.3742237687110901, teacher_margin: 1.5841810703277588, teacher_margin_gate: 0.6313193440437317, teacher_clean_gate: 1.0, teacher_adv_gate: 1.0, tm_grad_cos: 1.0, tm_scale: 1.0, tm_ps_scale: 1.0
2026-09-15 03:02:34.641 | INFO     | __main__:<module>:872 - lr:0.1 weight_nat: 0.3381631682006408, nat_loss: 0.0103371050208807, weight_adv: 0.6618368317993593, adv_loss: 0.01342647522687912 weight-klloss3 0.038125 Loss3: 0.0036107036285102367 clean_ce: 0.6940475106239319, adv_ce: 3.1373543739318848, adv_margin: 1.191808819770813, clean_gate: 0.4034203290939331, teacher_margin: 1.5037918090820312, teacher_margin_gate: 0.6570473313331604, teacher_clean_gate: 1.0, teacher_adv_gate: 1.0, tm_grad_cos: 1.0, tm_scale: 1.0, tm_ps_scale: 1.0
2026-09-15 03:04:26.443 | INFO     | __main__:<module>:872 - lr:0.1 weight_nat: 0.33707920677251796, nat_loss: 0.010679570958018303, weight_adv: 0.6629207932274821, adv_loss: 0.013523614965379238 weight-klloss3 0.038125 Loss3: 0.0045793019235134125 clean_ce: 0.6995749473571777, adv_ce: 3.150620937347412, adv_margin: 1.212334394454956, clean_gate: 0.40408772230148315, teacher_margin: 1.5933912992477417, teacher_margin_gate: 0.6867149472236633, teacher_clean_gate: 1.0, teacher_adv_gate: 1.0, tm_grad_cos: 1.0, tm_scale: 1.0, tm_ps_scale: 1.0
2026-09-15 03:06:17.739 | INFO     | __main__:<module>:872 - lr:0.1 weight_nat: 0.33556441551420024, nat_loss: 0.01053827814757824, weight_adv: 0.6644355844857999, adv_loss: 0.014308065176010132 weight-klloss3 0.038125 Loss3: 0.0035584832075983286 clean_ce: 0.6817111968994141, adv_ce: 3.203375816345215, adv_margin: 1.2805917263031006, clean_gate: 0.4026693105697632, teacher_margin: 1.597324013710022, teacher_margin_gate: 0.6707394123077393, teacher_clean_gate: 1.0, teacher_adv_gate: 1.0, tm_grad_cos: 1.0, tm_scale: 1.0, tm_ps_scale: 1.0
2026-09-15 03:07:57.807 | INFO     | __main__:<module>:875 - TRAIN_EPOCH_RESOURCE epoch=61 seconds=435.23129277303815 peak_allocated_bytes=13380866560
2026-09-15 03:07:57.807 | INFO     | __main__:<module>:482 - METHOD epoch=62 views=1 awp_gamma=0.0 consistency_weight=0.0
2026-09-15 03:07:57.807 | INFO     | __main__:<module>:485 - the 62th epoch 
2026-09-15 03:07:58.938 | INFO     | __main__:<module>:872 - lr:0.1 weight_nat: 0.33339957416492627, nat_loss: 0.010295229032635689, weight_adv: 0.6666004258350738, adv_loss: 0.013803388923406601 weight-klloss3 0.03875000000000001 Loss3: 0.0036444689612835646 clean_ce: 0.6641926765441895, adv_ce: 3.222938060760498, adv_margin: 1.3240177631378174, clean_gate: 0.39142224192619324, teacher_margin: 1.624874234199524, teacher_margin_gate: 0.6529518365859985, teacher_clean_gate: 1.0, teacher_adv_gate: 1.0, tm_grad_cos: 1.0, tm_scale: 1.0, tm_ps_scale: 1.0
2026-09-15 03:09:50.564 | INFO     | __main__:<module>:872 - lr:0.1 weight_nat: 0.3363396930421446, nat_loss: 0.01054663397371769, weight_adv: 0.6636603069578554, adv_loss: 0.013660595752298832 weight-klloss3 0.03875000000000001 Loss3: 0.0033725048415362835 clean_ce: 0.6702550053596497, adv_ce: 3.1438281536102295, adv_margin: 1.238701343536377, clean_gate: 0.40462884306907654, teacher_margin: 1.5340228080749512, teacher_margin_gate: 0.6619195342063904, teacher_clean_gate: 1.0, teacher_adv_gate: 1.0, tm_grad_cos: 1.0, tm_scale: 1.0, tm_ps_scale: 1.0
2026-09-15 03:11:41.979 | INFO     | __main__:<module>:872 - lr:0.1 weight_nat: 0.3329051356947514, nat_loss: 0.011898948810994625, weight_adv: 0.6670948643052487, adv_loss: 0.014265070669353008 weight-klloss3 0.03875000000000001 Loss3: 0.0035107345320284367 clean_ce: 0.6755132079124451, adv_ce: 3.353811264038086, adv_margin: 1.4516606330871582, clean_gate: 0.3820473551750183, teacher_margin: 1.6355589628219604, teacher_margin_gate: 0.6638087034225464, teacher_clean_gate: 1.0, teacher_adv_gate: 1.0, tm_grad_cos: 1.0, tm_scale: 1.0, tm_ps_scale: 1.0
2026-09-15 03:13:34.349 | INFO     | __main__:<module>:872 - lr:0.1 weight_nat: 0.33433881401840543, nat_loss: 0.01054987870156765, weight_adv: 0.6656611859815945, adv_loss: 0.014105170965194702 weight-klloss3 0.03875000000000001 Loss3: 0.003616400994360447 clean_ce: 0.6647730469703674, adv_ce: 3.307232618331909, adv_margin: 1.4167230129241943, clean_gate: 0.37857672572135925, teacher_margin: 1.572513222694397, teacher_margin_gate: 0.6309804916381836, teacher_clean_gate: 1.0, teacher_adv_gate: 1.0, tm_grad_cos: 1.0, tm_scale: 1.0, tm_ps_scale: 1.0
2026-09-15 03:15:14.338 | INFO     | __main__:<module>:875 - TRAIN_EPOCH_RESOURCE epoch=62 seconds=436.53074979037046 peak_allocated_bytes=13380866560
2026-09-15 03:15:14.338 | INFO     | __main__:<module>:482 - METHOD epoch=63 views=1 awp_gamma=0.0 consistency_weight=0.0
2026-09-15 03:15:14.338 | INFO     | __main__:<module>:485 - the 63th epoch 
2026-09-15 03:15:15.456 | INFO     | __main__:<module>:872 - lr:0.1 weight_nat: 0.3348701505795163, nat_loss: 0.009465325623750687, weight_adv: 0.6651298494204837, adv_loss: 0.012757803313434124 weight-klloss3 0.039375 Loss3: 0.0029237165581434965 clean_ce: 0.6920632123947144, adv_ce: 3.1435649394989014, adv_margin: 1.2367717027664185, clean_gate: 0.4103902578353882, teacher_margin: 1.521287441253662, teacher_margin_gate: 0.6827651262283325, teacher_clean_gate: 1.0, teacher_adv_gate: 1.0, tm_grad_cos: 1.0, tm_scale: 1.0, tm_ps_scale: 1.0
2026-09-15 03:17:05.966 | INFO     | __main__:<module>:872 - lr:0.1 weight_nat: 0.3332798139428478, nat_loss: 0.010343566536903381, weight_adv: 0.6667201860571522, adv_loss: 0.016169732436537743 weight-klloss3 0.039375 Loss3: 0.003313126740977168 clean_ce: 0.6805095672607422, adv_ce: 3.427198886871338, adv_margin: 1.4392659664154053, clean_gate: 0.36734455823898315, teacher_margin: 1.9044597148895264, teacher_margin_gate: 0.6785788536071777, teacher_clean_gate: 1.0, teacher_adv_gate: 1.0, tm_grad_cos: 1.0, tm_scale: 1.0, tm_ps_scale: 1.0
2026-09-15 03:18:58.003 | INFO     | __main__:<module>:872 - lr:0.1 weight_nat: 0.3331318390094336, nat_loss: 0.011308090761303902, weight_adv: 0.6668681609905664, adv_loss: 0.015910960733890533 weight-klloss3 0.039375 Loss3: 0.0025730766355991364 clean_ce: 0.6830151081085205, adv_ce: 3.4463510513305664, adv_margin: 1.4838942289352417, clean_gate: 0.36165422201156616, teacher_margin: 1.9173941612243652, teacher_margin_gate: 0.6898648738861084, teacher_clean_gate: 1.0, teacher_adv_gate: 1.0, tm_grad_cos: 1.0, tm_scale: 1.0, tm_ps_scale: 1.0
2026-09-15 03:20:50.667 | INFO     | __main__:<module>:872 - lr:0.1 weight_nat: 0.3313010264852534, nat_loss: 0.009479793719947338, weight_adv: 0.6686989735147467, adv_loss: 0.01528520230203867 weight-klloss3 0.039375 Loss3: 0.003651152364909649 clean_ce: 0.6898467540740967, adv_ce: 3.1214077472686768, adv_margin: 1.1781232357025146, clean_gate: 0.4035891890525818, teacher_margin: 1.7641584873199463, teacher_margin_gate: 0.732515275478363, teacher_clean_gate: 1.0, teacher_adv_gate: 1.0, tm_grad_cos: 1.0, tm_scale: 1.0, tm_ps_scale: 1.0
2026-09-15 03:22:31.098 | INFO     | __main__:<module>:875 - TRAIN_EPOCH_RESOURCE epoch=63 seconds=436.75938494876027 peak_allocated_bytes=13380866560
2026-09-15 03:22:31.098 | INFO     | __main__:<module>:482 - METHOD epoch=64 views=1 awp_gamma=0.0 consistency_weight=0.0
2026-09-15 03:22:31.098 | INFO     | __main__:<module>:485 - the 64th epoch 
2026-09-15 03:22:32.228 | INFO     | __main__:<module>:872 - lr:0.1 weight_nat: 0.33390999180339187, nat_loss: 0.010098419152200222, weight_adv: 0.6660900081966082, adv_loss: 0.013009924441576004 weight-klloss3 0.04000000000000001 Loss3: 0.003785662120208144 clean_ce: 0.6968114376068115, adv_ce: 3.110281229019165, adv_margin: 1.1975771188735962, clean_gate: 0.40553224086761475, teacher_margin: 1.4813748598098755, teacher_margin_gate: 0.6597142219543457, teacher_clean_gate: 1.0, teacher_adv_gate: 1.0, tm_grad_cos: 1.0, tm_scale: 1.0, tm_ps_scale: 1.0
2026-09-15 03:24:24.643 | INFO     | __main__:<module>:872 - lr:0.1 weight_nat: 0.3307065695929512, nat_loss: 0.010126445442438126, weight_adv: 0.6692934304070488, adv_loss: 0.014006471261382103 weight-klloss3 0.04000000000000001 Loss3: 0.003995017148554325 clean_ce: 0.6594026684761047, adv_ce: 3.4354989528656006, adv_margin: 1.5304782390594482, clean_gate: 0.365648090839386, teacher_margin: 1.8010677099227905, teacher_margin_gate: 0.6698461771011353, teacher_clean_gate: 1.0, teacher_adv_gate: 1.0, tm_grad_cos: 1.0, tm_scale: 1.0, tm_ps_scale: 1.0
2026-09-15 03:26:16.825 | INFO     | __main__:<module>:872 - lr:0.1 weight_nat: 0.3341261154085346, nat_loss: 0.010313057340681553, weight_adv: 0.6658738845914653, adv_loss: 0.012903174385428429 weight-klloss3 0.04000000000000001 Loss3: 0.004677746910601854 clean_ce: 0.6459760069847107, adv_ce: 3.340458393096924, adv_margin: 1.4316153526306152, clean_gate: 0.37795692682266235, teacher_margin: 1.538063406944275, teacher_margin_gate: 0.6358250379562378, teacher_clean_gate: 1.0, teacher_adv_gate: 1.0, tm_grad_cos: 1.0, tm_scale: 1.0, tm_ps_scale: 1.0
2026-09-15 03:28:09.720 | INFO     | __main__:<module>:872 - lr:0.1 weight_nat: 0.330523762948254, nat_loss: 0.009940112009644508, weight_adv: 0.669476237051746, adv_loss: 0.015219448134303093 weight-klloss3 0.04000000000000001 Loss3: 0.004098842851817608 clean_ce: 0.68980872631073, adv_ce: 3.345360040664673, adv_margin: 1.3950600624084473, clean_gate: 0.3721001148223877, teacher_margin: 1.7086055278778076, teacher_margin_gate: 0.6560952067375183, teacher_clean_gate: 1.0, teacher_adv_gate: 1.0, tm_grad_cos: 1.0, tm_scale: 1.0, tm_ps_scale: 1.0
2026-09-15 03:29:50.644 | INFO     | __main__:<module>:875 - TRAIN_EPOCH_RESOURCE epoch=64 seconds=439.5462495982647 peak_allocated_bytes=13380866560
2026-09-15 03:29:50.644 | INFO     | __main__:<module>:482 - METHOD epoch=65 views=1 awp_gamma=0.0 consistency_weight=0.0
2026-09-15 03:29:50.644 | INFO     | __main__:<module>:485 - the 65th epoch 
2026-09-15 03:29:51.745 | INFO     | __main__:<module>:872 - lr:0.1 weight_nat: 0.33108286467707243, nat_loss: 0.009767173789441586, weight_adv: 0.6689171353229276, adv_loss: 0.012936752289533615 weight-klloss3 0.040625 Loss3: 0.003712786128744483 clean_ce: 0.7064121961593628, adv_ce: 3.068132162094116, adv_margin: 1.1661405563354492, clean_gate: 0.41939035058021545, teacher_margin: 1.4690039157867432, teacher_margin_gate: 0.6698333024978638, teacher_clean_gate: 1.0, teacher_adv_gate: 1.0, tm_grad_cos: 1.0, tm_scale: 1.0, tm_ps_scale: 1.0
2026-09-15 03:31:43.293 | INFO     | __main__:<module>:872 - lr:0.1 weight_nat: 0.3297500387264527, nat_loss: 0.01066423486918211, weight_adv: 0.6702499612735474, adv_loss: 0.013461231254041195 weight-klloss3 0.040625 Loss3: 0.004658243153244257 clean_ce: 0.6539654731750488, adv_ce: 3.400282621383667, adv_margin: 1.481154441833496, clean_gate: 0.3752654194831848, teacher_margin: 1.5770201683044434, teacher_margin_gate: 0.6368557214736938, teacher_clean_gate: 1.0, teacher_adv_gate: 1.0, tm_grad_cos: 1.0, tm_scale: 1.0, tm_ps_scale: 1.0
2026-09-15 03:33:35.120 | INFO     | __main__:<module>:872 - lr:0.1 weight_nat: 0.33299381260021593, nat_loss: 0.010522880591452122, weight_adv: 0.6670061873997841, adv_loss: 0.012565724551677704 weight-klloss3 0.040625 Loss3: 0.0036074412055313587 clean_ce: 0.6868976354598999, adv_ce: 3.1499626636505127, adv_margin: 1.2417935132980347, clean_gate: 0.40798938274383545, teacher_margin: 1.445934534072876, teacher_margin_gate: 0.6484426259994507, teacher_clean_gate: 1.0, teacher_adv_gate: 1.0, tm_grad_cos: 1.0, tm_scale: 1.0, tm_ps_scale: 1.0
2026-09-15 03:35:31.002 | INFO     | __main__:<module>:872 - lr:0.1 weight_nat: 0.32933707634450715, nat_loss: 0.009703433141112328, weight_adv: 0.670662923655493, adv_loss: 0.014701362699270248 weight-klloss3 0.040625 Loss3: 0.0041264682076871395 clean_ce: 0.6415430307388306, adv_ce: 3.233762264251709, adv_margin: 1.3801264762878418, clean_gate: 0.3979552984237671, teacher_margin: 1.6316895484924316, teacher_margin_gate: 0.6865919828414917, teacher_clean_gate: 1.0, teacher_adv_gate: 1.0, tm_grad_cos: 1.0, tm_scale: 1.0, tm_ps_scale: 1.0
2026-09-15 03:37:16.158 | INFO     | __main__:<module>:875 - TRAIN_EPOCH_RESOURCE epoch=65 seconds=445.51367643103004 peak_allocated_bytes=13380866560
2026-09-15 03:37:16.159 | INFO     | __main__:<module>:482 - METHOD epoch=66 views=1 awp_gamma=0.0 consistency_weight=0.0
2026-09-15 03:37:16.159 | INFO     | __main__:<module>:485 - the 66th epoch 
2026-09-15 03:37:17.333 | INFO     | __main__:<module>:872 - lr:0.1 weight_nat: 0.3305044146269035, nat_loss: 0.010097802616655827, weight_adv: 0.6694955853730966, adv_loss: 0.014319262467324734 weight-klloss3 0.04125 Loss3: 0.003276029834523797 clean_ce: 0.6818726062774658, adv_ce: 3.2386374473571777, adv_margin: 1.2781339883804321, clean_gate: 0.4012787938117981, teacher_margin: 1.649278163909912, teacher_margin_gate: 0.6835848689079285, teacher_clean_gate: 1.0, teacher_adv_gate: 1.0, tm_grad_cos: 1.0, tm_scale: 1.0, tm_ps_scale: 1.0
2026-09-15 03:39:12.359 | INFO     | __main__:<module>:872 - lr:0.1 weight_nat: 0.3311946651001051, nat_loss: 0.010029733180999756, weight_adv: 0.668805334899895, adv_loss: 0.0146402046084404 weight-klloss3 0.04125 Loss3: 0.004096039570868015 clean_ce: 0.6603413224220276, adv_ce: 3.4451920986175537, adv_margin: 1.5354197025299072, clean_gate: 0.35625356435775757, teacher_margin: 1.789472222328186, teacher_margin_gate: 0.6492156386375427, teacher_clean_gate: 1.0, teacher_adv_gate: 1.0, tm_grad_cos: 1.0, tm_scale: 1.0, tm_ps_scale: 1.0
2026-09-15 03:41:06.379 | INFO     | __main__:<module>:872 - lr:0.1 weight_nat: 0.32876467607706145, nat_loss: 0.00959597248584032, weight_adv: 0.6712353239229385, adv_loss: 0.01431390643119812 weight-klloss3 0.04125 Loss3: 0.0038328643422573805 clean_ce: 0.7041498422622681, adv_ce: 3.1461145877838135, adv_margin: 1.2540483474731445, clean_gate: 0.399960994720459, teacher_margin: 1.5849710702896118, teacher_margin_gate: 0.6782039403915405, teacher_clean_gate: 1.0, teacher_adv_gate: 1.0, tm_grad_cos: 1.0, tm_scale: 1.0, tm_ps_scale: 1.0
2026-09-15 03:43:02.113 | INFO     | __main__:<module>:872 - lr:0.1 weight_nat: 0.3305608627158683, nat_loss: 0.010663289576768875, weight_adv: 0.6694391372841316, adv_loss: 0.015920622274279594 weight-klloss3 0.04125 Loss3: 0.0029707816429436207 clean_ce: 0.6872650384902954, adv_ce: 3.209514856338501, adv_margin: 1.3283720016479492, clean_gate: 0.40234577655792236, teacher_margin: 1.6943379640579224, teacher_margin_gate: 0.6897015571594238, teacher_clean_gate: 1.0, teacher_adv_gate: 1.0, tm_grad_cos: 1.0, tm_scale: 1.0, tm_ps_scale: 1.0
2026-09-15 03:44:43.919 | INFO     | __main__:<module>:875 - TRAIN_EPOCH_RESOURCE epoch=66 seconds=447.7600792683661 peak_allocated_bytes=13380866560
2026-09-15 03:44:43.919 | INFO     | __main__:<module>:482 - METHOD epoch=67 views=1 awp_gamma=0.0 consistency_weight=0.0
2026-09-15 03:44:43.919 | INFO     | __main__:<module>:485 - the 67th epoch 
2026-09-15 03:44:45.035 | INFO     | __main__:<module>:872 - lr:0.1 weight_nat: 0.3297066133307374, nat_loss: 0.010316943749785423, weight_adv: 0.6702933866692626, adv_loss: 0.012976536527276039 weight-klloss3 0.041875 Loss3: 0.003728832583874464 clean_ce: 0.6770061254501343, adv_ce: 3.184597969055176, adv_margin: 1.2889914512634277, clean_gate: 0.41031503677368164, teacher_margin: 1.3522179126739502, teacher_margin_gate: 0.6355856657028198, teacher_clean_gate: 1.0, teacher_adv_gate: 1.0, tm_grad_cos: 1.0, tm_scale: 1.0, tm_ps_scale: 1.0
2026-09-15 03:46:39.347 | INFO     | __main__:<module>:872 - lr:0.1 weight_nat: 0.32981601772462454, nat_loss: 0.009487713687121868, weight_adv: 0.6701839822753755, adv_loss: 0.01300620473921299 weight-klloss3 0.041875 Loss3: 0.003594221780076623 clean_ce: 0.6929385662078857, adv_ce: 2.8817055225372314, adv_margin: 1.0595452785491943, clean_gate: 0.4439048767089844, teacher_margin: 1.391922950744629, teacher_margin_gate: 0.6929020285606384, teacher_clean_gate: 1.0, teacher_adv_gate: 1.0, tm_grad_cos: 1.0, tm_scale: 1.0, tm_ps_scale: 1.0
2026-09-15 03:48:34.683 | INFO     | __main__:<module>:872 - lr:0.1 weight_nat: 0.32675432173582447, nat_loss: 0.011413385160267353, weight_adv: 0.6732456782641756, adv_loss: 0.015360728837549686 weight-klloss3 0.041875 Loss3: 0.0036846231669187546 clean_ce: 0.6748685836791992, adv_ce: 3.4266510009765625, adv_margin: 1.409648060798645, clean_gate: 0.3643307685852051, teacher_margin: 1.855459213256836, teacher_margin_gate: 0.6765710115432739, teacher_clean_gate: 1.0, teacher_adv_gate: 1.0, tm_grad_cos: 1.0, tm_scale: 1.0, tm_ps_scale: 1.0
2026-09-15 03:50:30.306 | INFO     | __main__:<module>:872 - lr:0.1 weight_nat: 0.33008764082233666, nat_loss: 0.009269656613469124, weight_adv: 0.6699123591776633, adv_loss: 0.013114293105900288 weight-klloss3 0.041875 Loss3: 0.003949719946831465 clean_ce: 0.6587740182876587, adv_ce: 3.1983039379119873, adv_margin: 1.3127373456954956, clean_gate: 0.3982408344745636, teacher_margin: 1.562190294265747, teacher_margin_gate: 0.66692054271698, teacher_clean_gate: 1.0, teacher_adv_gate: 1.0, tm_grad_cos: 1.0, tm_scale: 1.0, tm_ps_scale: 1.0
2026-09-15 03:52:13.316 | INFO     | __main__:<module>:875 - TRAIN_EPOCH_RESOURCE epoch=67 seconds=449.3972371034324 peak_allocated_bytes=13380866560
2026-09-15 03:52:13.317 | INFO     | __main__:<module>:482 - METHOD epoch=68 views=1 awp_gamma=0.0 consistency_weight=0.0
2026-09-15 03:52:13.317 | INFO     | __main__:<module>:485 - the 68th epoch 
2026-09-15 03:52:14.451 | INFO     | __main__:<module>:872 - lr:0.1 weight_nat: 0.3267551113597312, nat_loss: 0.010909095406532288, weight_adv: 0.6732448886402688, adv_loss: 0.013106929138302803 weight-klloss3 0.0425 Loss3: 0.0037025592755526304 clean_ce: 0.6914540529251099, adv_ce: 3.2641420364379883, adv_margin: 1.3429468870162964, clean_gate: 0.390951544046402, teacher_margin: 1.6136606931686401, teacher_margin_gate: 0.6573715209960938, teacher_clean_gate: 1.0, teacher_adv_gate: 1.0, tm_grad_cos: 1.0, tm_scale: 1.0, tm_ps_scale: 1.0
2026-09-15 03:54:08.646 | INFO     | __main__:<module>:872 - lr:0.1 weight_nat: 0.3287858372755788, nat_loss: 0.00989328883588314, weight_adv: 0.6712141627244212, adv_loss: 0.013548977673053741 weight-klloss3 0.0425 Loss3: 0.0037496709264814854 clean_ce: 0.685666024684906, adv_ce: 3.091229200363159, adv_margin: 1.201649785041809, clean_gate: 0.4075060784816742, teacher_margin: 1.635015845298767, teacher_margin_gate: 0.6972072720527649, teacher_clean_gate: 1.0, teacher_adv_gate: 1.0, tm_grad_cos: 1.0, tm_scale: 1.0, tm_ps_scale: 1.0
2026-09-15 03:56:03.173 | INFO     | __main__:<module>:872 - lr:0.1 weight_nat: 0.32836411119916736, nat_loss: 0.010362166911363602, weight_adv: 0.6716358888008326, adv_loss: 0.014554670080542564 weight-klloss3 0.0425 Loss3: 0.004109234549105167 clean_ce: 0.6782032251358032, adv_ce: 3.1606714725494385, adv_margin: 1.2515876293182373, clean_gate: 0.4042831063270569, teacher_margin: 1.6336090564727783, teacher_margin_gate: 0.6829664707183838, teacher_clean_gate: 1.0, teacher_adv_gate: 1.0, tm_grad_cos: 1.0, tm_scale: 1.0, tm_ps_scale: 1.0
2026-09-15 03:57:57.726 | INFO     | __main__:<module>:872 - lr:0.1 weight_nat: 0.32709782330172993, nat_loss: 0.011234425008296967, weight_adv: 0.6729021766982701, adv_loss: 0.014538360759615898 weight-klloss3 0.0425 Loss3: 0.004023491404950619 clean_ce: 0.6831122636795044, adv_ce: 3.5022451877593994, adv_margin: 1.5561729669570923, clean_gate: 0.3556820750236511, teacher_margin: 1.749953031539917, teacher_margin_gate: 0.6335932612419128, teacher_clean_gate: 1.0, teacher_adv_gate: 1.0, tm_grad_cos: 1.0, tm_scale: 1.0, tm_ps_scale: 1.0
2026-09-15 03:59:41.227 | INFO     | __main__:<module>:875 - TRAIN_EPOCH_RESOURCE epoch=68 seconds=447.9105179719627 peak_allocated_bytes=13380866560
2026-09-15 03:59:41.228 | INFO     | __main__:<module>:482 - METHOD epoch=69 views=1 awp_gamma=0.0 consistency_weight=0.0
2026-09-15 03:59:41.228 | INFO     | __main__:<module>:485 - the 69th epoch 
2026-09-15 03:59:42.388 | INFO     | __main__:<module>:872 - lr:0.1 weight_nat: 0.33087039097261006, nat_loss: 0.010225627571344376, weight_adv: 0.66912960902739, adv_loss: 0.013210533186793327 weight-klloss3 0.043125000000000004 Loss3: 0.005253288429230452 clean_ce: 0.715622067451477, adv_ce: 3.103667736053467, adv_margin: 1.1627901792526245, clean_gate: 0.4119824767112732, teacher_margin: 1.5824187994003296, teacher_margin_gate: 0.6995651125907898, teacher_clean_gate: 1.0, teacher_adv_gate: 1.0, tm_grad_cos: 1.0, tm_scale: 1.0, tm_ps_scale: 1.0
2026-09-15 04:01:36.653 | INFO     | __main__:<module>:872 - lr:0.1 weight_nat: 0.32870737234382885, nat_loss: 0.009621916338801384, weight_adv: 0.6712926276561711, adv_loss: 0.014662038534879684 weight-klloss3 0.043125000000000004 Loss3: 0.004450427368283272 clean_ce: 0.6565775275230408, adv_ce: 3.2836506366729736, adv_margin: 1.3799858093261719, clean_gate: 0.3845974802970886, teacher_margin: 1.7151435613632202, teacher_margin_gate: 0.6788057684898376, teacher_clean_gate: 1.0, teacher_adv_gate: 1.0, tm_grad_cos: 1.0, tm_scale: 1.0, tm_ps_scale: 1.0
2026-09-15 04:03:30.387 | INFO     | __main__:<module>:872 - lr:0.1 weight_nat: 0.3289616822509136, nat_loss: 0.011136391200125217, weight_adv: 0.6710383177490864, adv_loss: 0.01502654142677784 weight-klloss3 0.043125000000000004 Loss3: 0.0038667498156428337 clean_ce: 0.6511949896812439, adv_ce: 3.1597740650177, adv_margin: 1.3394091129302979, clean_gate: 0.3972407579421997, teacher_margin: 1.7706942558288574, teacher_margin_gate: 0.7146967649459839, teacher_clean_gate: 1.0, teacher_adv_gate: 1.0, tm_grad_cos: 1.0, tm_scale: 1.0, tm_ps_scale: 1.0
2026-09-15 04:05:24.020 | INFO     | __main__:<module>:872 - lr:0.1 weight_nat: 0.3284368927075172, nat_loss: 0.010818163864314556, weight_adv: 0.6715631072924828, adv_loss: 0.014030706137418747 weight-klloss3 0.043125000000000004 Loss3: 0.00366417714394629 clean_ce: 0.6872557401657104, adv_ce: 3.321246862411499, adv_margin: 1.394492745399475, clean_gate: 0.381820410490036, teacher_margin: 1.6278009414672852, teacher_margin_gate: 0.6586481332778931, teacher_clean_gate: 1.0, teacher_adv_gate: 1.0, tm_grad_cos: 1.0, tm_scale: 1.0, tm_ps_scale: 1.0
2026-09-15 04:07:06.062 | INFO     | __main__:<module>:875 - TRAIN_EPOCH_RESOURCE epoch=69 seconds=444.8338567726314 peak_allocated_bytes=13380866560
2026-09-15 04:07:06.062 | INFO     | __main__:<module>:482 - METHOD epoch=70 views=1 awp_gamma=0.0 consistency_weight=0.0
2026-09-15 04:07:06.062 | INFO     | __main__:<module>:485 - the 70th epoch 
2026-09-15 04:07:07.185 | INFO     | __main__:<module>:872 - lr:0.1 weight_nat: 0.32707319479363905, nat_loss: 0.0096123106777668, weight_adv: 0.672926805206361, adv_loss: 0.014259127900004387 weight-klloss3 0.043750000000000004 Loss3: 0.0033250744454562664 clean_ce: 0.6506677865982056, adv_ce: 3.330550193786621, adv_margin: 1.4499995708465576, clean_gate: 0.38212889432907104, teacher_margin: 1.7840527296066284, teacher_margin_gate: 0.6794074773788452, teacher_clean_gate: 1.0, teacher_adv_gate: 1.0, tm_grad_cos: 1.0, tm_scale: 1.0, tm_ps_scale: 1.0
2026-09-15 04:08:59.829 | INFO     | __main__:<module>:872 - lr:0.1 weight_nat: 0.3288681355454742, nat_loss: 0.009985609911382198, weight_adv: 0.6711318644545259, adv_loss: 0.012796824797987938 weight-klloss3 0.043750000000000004 Loss3: 0.004453443922102451 clean_ce: 0.6710411310195923, adv_ce: 3.0812692642211914, adv_margin: 1.2429167032241821, clean_gate: 0.4061845541000366, teacher_margin: 1.5254921913146973, teacher_margin_gate: 0.6701267957687378, teacher_clean_gate: 1.0, teacher_adv_gate: 1.0, tm_grad_cos: 1.0, tm_scale: 1.0, tm_ps_scale: 1.0
2026-09-15 04:10:51.254 | INFO     | __main__:<module>:872 - lr:0.1 weight_nat: 0.3299499391885041, nat_loss: 0.011380565352737904, weight_adv: 0.670050060811496, adv_loss: 0.014077505096793175 weight-klloss3 0.043750000000000004 Loss3: 0.0019875771831721067 clean_ce: 0.6927825212478638, adv_ce: 3.2945480346679688, adv_margin: 1.3589375019073486, clean_gate: 0.3955286145210266, teacher_margin: 1.639267086982727, teacher_margin_gate: 0.6757017374038696, teacher_clean_gate: 1.0, teacher_adv_gate: 1.0, tm_grad_cos: 1.0, tm_scale: 1.0, tm_ps_scale: 1.0
2026-09-15 04:12:43.942 | INFO     | __main__:<module>:872 - lr:0.1 weight_nat: 0.329690793170909, nat_loss: 0.010416905395686626, weight_adv: 0.6703092068290911, adv_loss: 0.013904488645493984 weight-klloss3 0.043750000000000004 Loss3: 0.0035290580708533525 clean_ce: 0.6427891850471497, adv_ce: 3.162299871444702, adv_margin: 1.4103786945343018, clean_gate: 0.3869393765926361, teacher_margin: 1.6269279718399048, teacher_margin_gate: 0.6537017226219177, teacher_clean_gate: 1.0, teacher_adv_gate: 1.0, tm_grad_cos: 1.0, tm_scale: 1.0, tm_ps_scale: 1.0
2026-09-15 04:14:25.342 | INFO     | __main__:<module>:875 - TRAIN_EPOCH_RESOURCE epoch=70 seconds=439.279650375247 peak_allocated_bytes=13380866560
2026-09-15 04:15:25.475 | INFO     | __main__:<module>:934 - student robust acc 0.2713, teacher robust acc 0.4783, nat teacher robust acc 0.3835
2026-09-15 04:15:46.945 | INFO     | __main__:<module>:1007 - best accuracy:0.41465
2026-09-15 04:15:46.945 | INFO     | __main__:<module>:1010 - student natural acc 0.5580, adv teacher natural acc 0.6175, nat teacher natural acc 0.7650
2026-09-15 04:15:46.947 | INFO     | __main__:<module>:482 - METHOD epoch=71 views=1 awp_gamma=0.0 consistency_weight=0.0
2026-09-15 04:15:46.947 | INFO     | __main__:<module>:485 - the 71th epoch 
2026-09-15 04:15:48.080 | INFO     | __main__:<module>:872 - lr:0.1 weight_nat: 0.32799098808254123, nat_loss: 0.01117683295160532, weight_adv: 0.6720090119174588, adv_loss: 0.012437328696250916 weight-klloss3 0.044375 Loss3: 0.003438818035647273 clean_ce: 0.6615394353866577, adv_ce: 3.2899515628814697, adv_margin: 1.5097755193710327, clean_gate: 0.37287160754203796, teacher_margin: 1.5228338241577148, teacher_margin_gate: 0.6181787848472595, teacher_clean_gate: 1.0, teacher_adv_gate: 1.0, tm_grad_cos: 1.0, tm_scale: 1.0, tm_ps_scale: 1.0
2026-09-15 04:17:38.116 | INFO     | __main__:<module>:872 - lr:0.1 weight_nat: 0.3239231541527782, nat_loss: 0.010507836006581783, weight_adv: 0.6760768458472218, adv_loss: 0.014341077767312527 weight-klloss3 0.044375 Loss3: 0.0023431507870554924 clean_ce: 0.6418217420578003, adv_ce: 3.200273036956787, adv_margin: 1.3842601776123047, clean_gate: 0.3825709819793701, teacher_margin: 1.7575149536132812, teacher_margin_gate: 0.682681679725647, teacher_clean_gate: 1.0, teacher_adv_gate: 1.0, tm_grad_cos: 1.0, tm_scale: 1.0, tm_ps_scale: 1.0
2026-09-15 04:19:29.034 | INFO     | __main__:<module>:872 - lr:0.1 weight_nat: 0.3250579635816016, nat_loss: 0.010643062181770802, weight_adv: 0.6749420364183984, adv_loss: 0.014398053288459778 weight-klloss3 0.044375 Loss3: 0.003688985016196966 clean_ce: 0.6372134685516357, adv_ce: 3.3397772312164307, adv_margin: 1.4654533863067627, clean_gate: 0.3725769519805908, teacher_margin: 1.7802419662475586, teacher_margin_gate: 0.6733618974685669, teacher_clean_gate: 1.0, teacher_adv_gate: 1.0, tm_grad_cos: 1.0, tm_scale: 1.0, tm_ps_scale: 1.0
2026-09-15 04:21:19.732 | INFO     | __main__:<module>:872 - lr:0.1 weight_nat: 0.3290282062246858, nat_loss: 0.011093320325016975, weight_adv: 0.6709717937753142, adv_loss: 0.014199736528098583 weight-klloss3 0.044375 Loss3: 0.004667232278734446 clean_ce: 0.6711238622665405, adv_ce: 3.420011043548584, adv_margin: 1.4744670391082764, clean_gate: 0.3807242512702942, teacher_margin: 1.6486320495605469, teacher_margin_gate: 0.6584636569023132, teacher_clean_gate: 1.0, teacher_adv_gate: 1.0, tm_grad_cos: 1.0, tm_scale: 1.0, tm_ps_scale: 1.0
2026-09-15 04:23:02.485 | INFO     | __main__:<module>:875 - TRAIN_EPOCH_RESOURCE epoch=71 seconds=435.5381259769201 peak_allocated_bytes=13380866560
2026-09-15 04:23:02.486 | INFO     | __main__:<module>:482 - METHOD epoch=72 views=1 awp_gamma=0.0 consistency_weight=0.0
2026-09-15 04:23:02.486 | INFO     | __main__:<module>:485 - the 72th epoch 
2026-09-15 04:23:03.635 | INFO     | __main__:<module>:872 - lr:0.1 weight_nat: 0.32842650018143615, nat_loss: 0.010843340307474136, weight_adv: 0.671573499818564, adv_loss: 0.014111410826444626 weight-klloss3 0.045000000000000005 Loss3: 0.004272934980690479 clean_ce: 0.6719415783882141, adv_ce: 3.367128372192383, adv_margin: 1.4315446615219116, clean_gate: 0.3799591660499573, teacher_margin: 1.8455690145492554, teacher_margin_gate: 0.6920556426048279, teacher_clean_gate: 1.0, teacher_adv_gate: 1.0, tm_grad_cos: 1.0, tm_scale: 1.0, tm_ps_scale: 1.0
2026-09-15 04:24:57.066 | INFO     | __main__:<module>:872 - lr:0.1 weight_nat: 0.32727998294285615, nat_loss: 0.01085455622524023, weight_adv: 0.6727200170571439, adv_loss: 0.015048697590827942 weight-klloss3 0.045000000000000005 Loss3: 0.003351873718202114 clean_ce: 0.6774548888206482, adv_ce: 3.2425694465637207, adv_margin: 1.3375440835952759, clean_gate: 0.3973592519760132, teacher_margin: 1.709208369255066, teacher_margin_gate: 0.6944433450698853, teacher_clean_gate: 1.0, teacher_adv_gate: 1.0, tm_grad_cos: 1.0, tm_scale: 1.0, tm_ps_scale: 1.0
2026-09-15 04:26:50.091 | INFO     | __main__:<module>:872 - lr:0.1 weight_nat: 0.32676376930397943, nat_loss: 0.009616575203835964, weight_adv: 0.6732362306960206, adv_loss: 0.014113394543528557 weight-klloss3 0.045000000000000005 Loss3: 0.004883534274995327 clean_ce: 0.6599303483963013, adv_ce: 3.3833789825439453, adv_margin: 1.4343923330307007, clean_gate: 0.37951353192329407, teacher_margin: 1.7558311223983765, teacher_margin_gate: 0.6888788938522339, teacher_clean_gate: 1.0, teacher_adv_gate: 1.0, tm_grad_cos: 1.0, tm_scale: 1.0, tm_ps_scale: 1.0
2026-09-15 04:28:43.891 | INFO     | __main__:<module>:872 - lr:0.1 weight_nat: 0.32324325473843724, nat_loss: 0.010026886127889156, weight_adv: 0.6767567452615628, adv_loss: 0.013658108189702034 weight-klloss3 0.045000000000000005 Loss3: 0.0039155250415205956 clean_ce: 0.6736561059951782, adv_ce: 3.1920313835144043, adv_margin: 1.3478522300720215, clean_gate: 0.388313889503479, teacher_margin: 1.6852481365203857, teacher_margin_gate: 0.6908140778541565, teacher_clean_gate: 1.0, teacher_adv_gate: 1.0, tm_grad_cos: 1.0, tm_scale: 1.0, tm_ps_scale: 1.0
2026-09-15 04:30:25.540 | INFO     | __main__:<module>:875 - TRAIN_EPOCH_RESOURCE epoch=72 seconds=443.05440629273653 peak_allocated_bytes=13380866560
2026-09-15 04:30:25.540 | INFO     | __main__:<module>:482 - METHOD epoch=73 views=1 awp_gamma=0.0 consistency_weight=0.0
2026-09-15 04:30:25.541 | INFO     | __main__:<module>:485 - the 73th epoch 
2026-09-15 04:30:26.667 | INFO     | __main__:<module>:872 - lr:0.1 weight_nat: 0.32652572651988976, nat_loss: 0.009550871327519417, weight_adv: 0.6734742734801102, adv_loss: 0.013094402849674225 weight-klloss3 0.045625 Loss3: 0.003628524485975504 clean_ce: 0.6800938844680786, adv_ce: 2.9753472805023193, adv_margin: 1.2057955265045166, clean_gate: 0.4152432382106781, teacher_margin: 1.4986364841461182, teacher_margin_gate: 0.6841135025024414, teacher_clean_gate: 1.0, teacher_adv_gate: 1.0, tm_grad_cos: 1.0, tm_scale: 1.0, tm_ps_scale: 1.0
2026-09-15 04:32:20.607 | INFO     | __main__:<module>:872 - lr:0.1 weight_nat: 0.32689871661638936, nat_loss: 0.010045826435089111, weight_adv: 0.6731012833836106, adv_loss: 0.012417096644639969 weight-klloss3 0.045625 Loss3: 0.004606551956385374 clean_ce: 0.6600385904312134, adv_ce: 3.3748817443847656, adv_margin: 1.4060819149017334, clean_gate: 0.3792666792869568, teacher_margin: 1.495605230331421, teacher_margin_gate: 0.6223363876342773, teacher_clean_gate: 1.0, teacher_adv_gate: 1.0, tm_grad_cos: 1.0, tm_scale: 1.0, tm_ps_scale: 1.0
2026-09-15 04:34:13.449 | INFO     | __main__:<module>:872 - lr:0.1 weight_nat: 0.3232084759092632, nat_loss: 0.010184621438384056, weight_adv: 0.6767915240907367, adv_loss: 0.015191305428743362 weight-klloss3 0.045625 Loss3: 0.00363437132909894 clean_ce: 0.630589485168457, adv_ce: 3.1944968700408936, adv_margin: 1.394343614578247, clean_gate: 0.38654565811157227, teacher_margin: 1.7483599185943604, teacher_margin_gate: 0.6793582439422607, teacher_clean_gate: 1.0, teacher_adv_gate: 1.0, tm_grad_cos: 1.0, tm_scale: 1.0, tm_ps_scale: 1.0
2026-09-15 04:36:08.084 | INFO     | __main__:<module>:872 - lr:0.1 weight_nat: 0.32634780826975707, nat_loss: 0.010339412838220596, weight_adv: 0.6736521917302429, adv_loss: 0.013617774471640587 weight-klloss3 0.045625 Loss3: 0.0038471717853099108 clean_ce: 0.6751404404640198, adv_ce: 3.171424388885498, adv_margin: 1.227567195892334, clean_gate: 0.40584200620651245, teacher_margin: 1.6466981172561646, teacher_margin_gate: 0.6991256475448608, teacher_clean_gate: 1.0, teacher_adv_gate: 1.0, tm_grad_cos: 1.0, tm_scale: 1.0, tm_ps_scale: 1.0
2026-09-15 04:37:49.762 | INFO     | __main__:<module>:875 - TRAIN_EPOCH_RESOURCE epoch=73 seconds=444.22155967727304 peak_allocated_bytes=13380866560
2026-09-15 04:37:49.762 | INFO     | __main__:<module>:482 - METHOD epoch=74 views=1 awp_gamma=0.0 consistency_weight=0.0
2026-09-15 04:37:49.763 | INFO     | __main__:<module>:485 - the 74th epoch 
2026-09-15 04:37:50.917 | INFO     | __main__:<module>:872 - lr:0.1 weight_nat: 0.32627087404294697, nat_loss: 0.011297383345663548, weight_adv: 0.673729125957053, adv_loss: 0.013707398436963558 weight-klloss3 0.046250000000000006 Loss3: 0.0037678268272429705 clean_ce: 0.6520465612411499, adv_ce: 3.1719090938568115, adv_margin: 1.3283119201660156, clean_gate: 0.3998343348503113, teacher_margin: 1.7145614624023438, teacher_margin_gate: 0.6937375068664551, teacher_clean_gate: 1.0, teacher_adv_gate: 1.0, tm_grad_cos: 1.0, tm_scale: 1.0, tm_ps_scale: 1.0
2026-09-15 04:39:44.628 | INFO     | __main__:<module>:872 - lr:0.1 weight_nat: 0.32520197369278747, nat_loss: 0.009616455063223839, weight_adv: 0.6747980263072126, adv_loss: 0.013712754473090172 weight-klloss3 0.046250000000000006 Loss3: 0.004023374989628792 clean_ce: 0.6269229054450989, adv_ce: 3.123311996459961, adv_margin: 1.3180967569351196, clean_gate: 0.40094882249832153, teacher_margin: 1.6775037050247192, teacher_margin_gate: 0.7029811143875122, teacher_clean_gate: 1.0, teacher_adv_gate: 1.0, tm_grad_cos: 1.0, tm_scale: 1.0, tm_ps_scale: 1.0
2026-09-15 04:41:37.254 | INFO     | __main__:<module>:872 - lr:0.1 weight_nat: 0.325288863558405, nat_loss: 0.010143575258553028, weight_adv: 0.6747111364415951, adv_loss: 0.01509661041200161 weight-klloss3 0.046250000000000006 Loss3: 0.003511957358568907 clean_ce: 0.6457661390304565, adv_ce: 3.0428850650787354, adv_margin: 1.2465088367462158, clean_gate: 0.4151042699813843, teacher_margin: 1.7685319185256958, teacher_margin_gate: 0.73841792345047, teacher_clean_gate: 1.0, teacher_adv_gate: 1.0, tm_grad_cos: 1.0, tm_scale: 1.0, tm_ps_scale: 1.0
2026-09-15 04:43:31.508 | INFO     | __main__:<module>:872 - lr:0.1 weight_nat: 0.3208912603756713, nat_loss: 0.010495658963918686, weight_adv: 0.6791087396243287, adv_loss: 0.014343906193971634 weight-klloss3 0.046250000000000006 Loss3: 0.003634668653830886 clean_ce: 0.6591598987579346, adv_ce: 3.3044040203094482, adv_margin: 1.4149188995361328, clean_gate: 0.3786371350288391, teacher_margin: 1.8535161018371582, teacher_margin_gate: 0.6984806060791016, teacher_clean_gate: 1.0, teacher_adv_gate: 1.0, tm_grad_cos: 1.0, tm_scale: 1.0, tm_ps_scale: 1.0
2026-09-15 04:45:14.133 | INFO     | __main__:<module>:875 - TRAIN_EPOCH_RESOURCE epoch=74 seconds=444.3699904344976 peak_allocated_bytes=13380866560
2026-09-15 04:45:14.133 | INFO     | __main__:<module>:482 - METHOD epoch=75 views=1 awp_gamma=0.0 consistency_weight=0.0
2026-09-15 04:45:14.133 | INFO     | __main__:<module>:485 - the 75th epoch 
2026-09-15 04:45:15.361 | INFO     | __main__:<module>:872 - lr:0.1 weight_nat: 0.3207601513705199, nat_loss: 0.009832112118601799, weight_adv: 0.6792398486294802, adv_loss: 0.014119882136583328 weight-klloss3 0.046875 Loss3: 0.004316141828894615 clean_ce: 0.668292760848999, adv_ce: 3.2534074783325195, adv_margin: 1.3555772304534912, clean_gate: 0.3927520513534546, teacher_margin: 1.7176026105880737, teacher_margin_gate: 0.6896370053291321, teacher_clean_gate: 1.0, teacher_adv_gate: 1.0, tm_grad_cos: 1.0, tm_scale: 1.0, tm_ps_scale: 1.0
2026-09-15 04:47:09.249 | INFO     | __main__:<module>:872 - lr:0.1 weight_nat: 0.3219799873422501, nat_loss: 0.009643439203500748, weight_adv: 0.6780200126577499, adv_loss: 0.015300829894840717 weight-klloss3 0.046875 Loss3: 0.0054543595761060715 clean_ce: 0.6230154633522034, adv_ce: 3.2978503704071045, adv_margin: 1.4053122997283936, clean_gate: 0.37691307067871094, teacher_margin: 1.937659502029419, teacher_margin_gate: 0.7102173566818237, teacher_clean_gate: 1.0, teacher_adv_gate: 1.0, tm_grad_cos: 1.0, tm_scale: 1.0, tm_ps_scale: 1.0
2026-09-15 04:49:02.914 | INFO     | __main__:<module>:872 - lr:0.1 weight_nat: 0.32478726651625583, nat_loss: 0.01055312529206276, weight_adv: 0.6752127334837442, adv_loss: 0.013885578140616417 weight-klloss3 0.046875 Loss3: 0.0037773028016090393 clean_ce: 0.616168200969696, adv_ce: 3.332977294921875, adv_margin: 1.5663671493530273, clean_gate: 0.3764333128929138, teacher_margin: 1.7398196458816528, teacher_margin_gate: 0.6731633543968201, teacher_clean_gate: 1.0, teacher_adv_gate: 1.0, tm_grad_cos: 1.0, tm_scale: 1.0, tm_ps_scale: 1.0
2026-09-15 04:50:54.912 | INFO     | __main__:<module>:872 - lr:0.1 weight_nat: 0.3237451290333652, nat_loss: 0.011310311034321785, weight_adv: 0.6762548709666348, adv_loss: 0.01439567282795906 weight-klloss3 0.046875 Loss3: 0.0035417124163359404 clean_ce: 0.7267570495605469, adv_ce: 3.281205654144287, adv_margin: 1.2929011583328247, clean_gate: 0.3973785638809204, teacher_margin: 1.6679614782333374, teacher_margin_gate: 0.6834354400634766, teacher_clean_gate: 1.0, teacher_adv_gate: 1.0, tm_grad_cos: 1.0, tm_scale: 1.0, tm_ps_scale: 1.0
2026-09-15 04:52:36.940 | INFO     | __main__:<module>:875 - TRAIN_EPOCH_RESOURCE epoch=75 seconds=442.8072794228792 peak_allocated_bytes=13380866560
2026-09-15 04:52:36.941 | INFO     | __main__:<module>:482 - METHOD epoch=76 views=1 awp_gamma=0.0 consistency_weight=0.0
2026-09-15 04:52:36.941 | INFO     | __main__:<module>:485 - the 76th epoch 
2026-09-15 04:52:38.074 | INFO     | __main__:<module>:872 - lr:0.1 weight_nat: 0.32342651544660433, nat_loss: 0.009688764810562134, weight_adv: 0.6765734845533957, adv_loss: 0.01364587526768446 weight-klloss3 0.0475 Loss3: 0.0030794355552643538 clean_ce: 0.6594663858413696, adv_ce: 3.009472131729126, adv_margin: 1.2032928466796875, clean_gate: 0.4105980396270752, teacher_margin: 1.6354624032974243, teacher_margin_gate: 0.6978389620780945, teacher_clean_gate: 1.0, teacher_adv_gate: 1.0, tm_grad_cos: 1.0, tm_scale: 1.0, tm_ps_scale: 1.0
2026-09-15 04:54:31.359 | INFO     | __main__:<module>:872 - lr:0.1 weight_nat: 0.3235253861907818, nat_loss: 0.009222679771482944, weight_adv: 0.6764746138092183, adv_loss: 0.01389385387301445 weight-klloss3 0.0475 Loss3: 0.0036445986479520798 clean_ce: 0.6557880640029907, adv_ce: 2.9832139015197754, adv_margin: 1.1559643745422363, clean_gate: 0.41666746139526367, teacher_margin: 1.6884119510650635, teacher_margin_gate: 0.7199349403381348, teacher_clean_gate: 1.0, teacher_adv_gate: 1.0, tm_grad_cos: 1.0, tm_scale: 1.0, tm_ps_scale: 1.0
2026-09-15 04:56:25.179 | INFO     | __main__:<module>:872 - lr:0.1 weight_nat: 0.32106534784585244, nat_loss: 0.010351886972784996, weight_adv: 0.6789346521541476, adv_loss: 0.014381224289536476 weight-klloss3 0.0475 Loss3: 0.003877718932926655 clean_ce: 0.6713536977767944, adv_ce: 3.217712879180908, adv_margin: 1.2817387580871582, clean_gate: 0.3888415992259979, teacher_margin: 1.7535459995269775, teacher_margin_gate: 0.6872457265853882, teacher_clean_gate: 1.0, teacher_adv_gate: 1.0, tm_grad_cos: 1.0, tm_scale: 1.0, tm_ps_scale: 1.0
2026-09-15 04:58:18.711 | INFO     | __main__:<module>:872 - lr:0.1 weight_nat: 0.3232366848490427, nat_loss: 0.011191925965249538, weight_adv: 0.6767633151509573, adv_loss: 0.014489218592643738 weight-klloss3 0.0475 Loss3: 0.004536368418484926 clean_ce: 0.6470531821250916, adv_ce: 3.2964985370635986, adv_margin: 1.5368397235870361, clean_gate: 0.38072794675827026, teacher_margin: 1.6987518072128296, teacher_margin_gate: 0.6661989688873291, teacher_clean_gate: 1.0, teacher_adv_gate: 1.0, tm_grad_cos: 1.0, tm_scale: 1.0, tm_ps_scale: 1.0
2026-09-15 05:00:00.739 | INFO     | __main__:<module>:875 - TRAIN_EPOCH_RESOURCE epoch=76 seconds=443.7978520952165 peak_allocated_bytes=13380866560
2026-09-15 05:00:00.739 | INFO     | __main__:<module>:482 - METHOD epoch=77 views=1 awp_gamma=0.0 consistency_weight=0.0
2026-09-15 05:00:00.739 | INFO     | __main__:<module>:485 - the 77th epoch 
2026-09-15 05:00:01.892 | INFO     | __main__:<module>:872 - lr:0.1 weight_nat: 0.323843765024239, nat_loss: 0.011475682258605957, weight_adv: 0.676156234975761, adv_loss: 0.014081671833992004 weight-klloss3 0.048125 Loss3: 0.004273083060979843 clean_ce: 0.66274094581604, adv_ce: 3.3535966873168945, adv_margin: 1.510084629058838, clean_gate: 0.37054961919784546, teacher_margin: 1.7176120281219482, teacher_margin_gate: 0.6568392515182495, teacher_clean_gate: 1.0, teacher_adv_gate: 1.0, tm_grad_cos: 1.0, tm_scale: 1.0, tm_ps_scale: 1.0
2026-09-15 05:01:56.917 | INFO     | __main__:<module>:872 - lr:0.1 weight_nat: 0.3189867872597926, nat_loss: 0.009350446052849293, weight_adv: 0.6810132127402074, adv_loss: 0.014321639202535152 weight-klloss3 0.048125 Loss3: 0.004949794616550207 clean_ce: 0.6384071111679077, adv_ce: 3.275238513946533, adv_margin: 1.4080839157104492, clean_gate: 0.37966522574424744, teacher_margin: 1.8146597146987915, teacher_margin_gate: 0.697002112865448, teacher_clean_gate: 1.0, teacher_adv_gate: 1.0, tm_grad_cos: 1.0, tm_scale: 1.0, tm_ps_scale: 1.0
2026-09-15 05:03:52.102 | INFO     | __main__:<module>:872 - lr:0.1 weight_nat: 0.32258323757471635, nat_loss: 0.009361344389617443, weight_adv: 0.6774167624252837, adv_loss: 0.012964456342160702 weight-klloss3 0.048125 Loss3: 0.002681091660633683 clean_ce: 0.669910192489624, adv_ce: 2.832415819168091, adv_margin: 1.036003589630127, clean_gate: 0.44648075103759766, teacher_margin: 1.480426549911499, teacher_margin_gate: 0.716994047164917, teacher_clean_gate: 1.0, teacher_adv_gate: 1.0, tm_grad_cos: 1.0, tm_scale: 1.0, tm_ps_scale: 1.0
2026-09-15 05:05:45.539 | INFO     | __main__:<module>:872 - lr:0.1 weight_nat: 0.32268389089562627, nat_loss: 0.01059663761407137, weight_adv: 0.6773161091043738, adv_loss: 0.014561908319592476 weight-klloss3 0.048125 Loss3: 0.004812382161617279 clean_ce: 0.6262791156768799, adv_ce: 3.4272031784057617, adv_margin: 1.5646992921829224, clean_gate: 0.36026129126548767, teacher_margin: 1.7932708263397217, teacher_margin_gate: 0.6560572385787964, teacher_clean_gate: 1.0, teacher_adv_gate: 1.0, tm_grad_cos: 1.0, tm_scale: 1.0, tm_ps_scale: 1.0
2026-09-15 05:07:29.057 | INFO     | __main__:<module>:875 - TRAIN_EPOCH_RESOURCE epoch=77 seconds=448.3180150948465 peak_allocated_bytes=13380866560
2026-09-15 05:07:29.057 | INFO     | __main__:<module>:482 - METHOD epoch=78 views=1 awp_gamma=0.0 consistency_weight=0.0
2026-09-15 05:07:29.057 | INFO     | __main__:<module>:485 - the 78th epoch 
2026-09-15 05:07:30.202 | INFO     | __main__:<module>:872 - lr:0.1 weight_nat: 0.3240635700152882, nat_loss: 0.00908608641475439, weight_adv: 0.6759364299847118, adv_loss: 0.011921556666493416 weight-klloss3 0.04875 Loss3: 0.003653967520222068 clean_ce: 0.6459462642669678, adv_ce: 2.9138920307159424, adv_margin: 1.105891227722168, clean_gate: 0.4339618980884552, teacher_margin: 1.3656601905822754, teacher_margin_gate: 0.6811087131500244, teacher_clean_gate: 1.0, teacher_adv_gate: 1.0, tm_grad_cos: 1.0, tm_scale: 1.0, tm_ps_scale: 1.0
2026-09-15 05:09:24.573 | INFO     | __main__:<module>:872 - lr:0.1 weight_nat: 0.32158299089428827, nat_loss: 0.010181443765759468, weight_adv: 0.6784170091057118, adv_loss: 0.01379643939435482 weight-klloss3 0.04875 Loss3: 0.00338743650354445 clean_ce: 0.6471419334411621, adv_ce: 3.214362859725952, adv_margin: 1.378133773803711, clean_gate: 0.39411020278930664, teacher_margin: 1.5970497131347656, teacher_margin_gate: 0.662848711013794, teacher_clean_gate: 1.0, teacher_adv_gate: 1.0, tm_grad_cos: 1.0, tm_scale: 1.0, tm_ps_scale: 1.0
2026-09-15 05:11:18.253 | INFO     | __main__:<module>:872 - lr:0.1 weight_nat: 0.31731348641587, nat_loss: 0.011070044711232185, weight_adv: 0.6826865135841301, adv_loss: 0.01597529463469982 weight-klloss3 0.04875 Loss3: 0.003267947817221284 clean_ce: 0.6477655172348022, adv_ce: 3.3651771545410156, adv_margin: 1.4509315490722656, clean_gate: 0.37874525785446167, teacher_margin: 1.9334169626235962, teacher_margin_gate: 0.7178292870521545, teacher_clean_gate: 1.0, teacher_adv_gate: 1.0, tm_grad_cos: 1.0, tm_scale: 1.0, tm_ps_scale: 1.0
2026-09-15 05:13:12.949 | INFO     | __main__:<module>:872 - lr:0.1 weight_nat: 0.31969074839202144, nat_loss: 0.009048450738191605, weight_adv: 0.6803092516079786, adv_loss: 0.013606738299131393 weight-klloss3 0.04875 Loss3: 0.0036374726332724094 clean_ce: 0.6413396000862122, adv_ce: 3.103644371032715, adv_margin: 1.239621639251709, clean_gate: 0.3975988030433655, teacher_margin: 1.6572990417480469, teacher_margin_gate: 0.6865350008010864, teacher_clean_gate: 1.0, teacher_adv_gate: 1.0, tm_grad_cos: 1.0, tm_scale: 1.0, tm_ps_scale: 1.0
2026-09-15 05:14:56.985 | INFO     | __main__:<module>:875 - TRAIN_EPOCH_RESOURCE epoch=78 seconds=447.92714336887 peak_allocated_bytes=13380866560
2026-09-15 05:14:56.985 | INFO     | __main__:<module>:482 - METHOD epoch=79 views=1 awp_gamma=0.0 consistency_weight=0.0
2026-09-15 05:14:56.985 | INFO     | __main__:<module>:485 - the 79th epoch 
2026-09-15 05:14:58.120 | INFO     | __main__:<module>:872 - lr:0.1 weight_nat: 0.32175532717236405, nat_loss: 0.010451442562043667, weight_adv: 0.678244672827636, adv_loss: 0.014398938976228237 weight-klloss3 0.049375 Loss3: 0.004481327719986439 clean_ce: 0.6415673494338989, adv_ce: 3.031536340713501, adv_margin: 1.1706655025482178, clean_gate: 0.41703325510025024, teacher_margin: 1.7019153833389282, teacher_margin_gate: 0.7180831432342529, teacher_clean_gate: 1.0, teacher_adv_gate: 1.0, tm_grad_cos: 1.0, tm_scale: 1.0, tm_ps_scale: 1.0
2026-09-15 05:16:52.531 | INFO     | __main__:<module>:872 - lr:0.1 weight_nat: 0.31865773105429646, nat_loss: 0.009061547927558422, weight_adv: 0.6813422689457035, adv_loss: 0.015348503366112709 weight-klloss3 0.049375 Loss3: 0.004570140037685633 clean_ce: 0.6023702025413513, adv_ce: 3.1763739585876465, adv_margin: 1.3184635639190674, clean_gate: 0.40882250666618347, teacher_margin: 1.9306409358978271, teacher_margin_gate: 0.7576338052749634, teacher_clean_gate: 1.0, teacher_adv_gate: 1.0, tm_grad_cos: 1.0, tm_scale: 1.0, tm_ps_scale: 1.0
2026-09-15 05:18:47.339 | INFO     | __main__:<module>:872 - lr:0.1 weight_nat: 0.3213700400491085, nat_loss: 0.009933369234204292, weight_adv: 0.6786299599508916, adv_loss: 0.0137094184756279 weight-klloss3 0.049375 Loss3: 0.0052689420990645885 clean_ce: 0.6394129395484924, adv_ce: 3.1509764194488525, adv_margin: 1.3068301677703857, clean_gate: 0.39266473054885864, teacher_margin: 1.890668272972107, teacher_margin_gate: 0.7318225502967834, teacher_clean_gate: 1.0, teacher_adv_gate: 1.0, tm_grad_cos: 1.0, tm_scale: 1.0, tm_ps_scale: 1.0
2026-09-15 05:20:41.228 | INFO     | __main__:<module>:872 - lr:0.1 weight_nat: 0.31762407123789577, nat_loss: 0.010165615007281303, weight_adv: 0.6823759287621042, adv_loss: 0.01472080871462822 weight-klloss3 0.049375 Loss3: 0.003923457581549883 clean_ce: 0.6547678112983704, adv_ce: 3.2978436946868896, adv_margin: 1.4127336740493774, clean_gate: 0.3753757178783417, teacher_margin: 1.9011753797531128, teacher_margin_gate: 0.6938920021057129, teacher_clean_gate: 1.0, teacher_adv_gate: 1.0, tm_grad_cos: 1.0, tm_scale: 1.0, tm_ps_scale: 1.0
2026-09-15 05:22:23.637 | INFO     | __main__:<module>:875 - TRAIN_EPOCH_RESOURCE epoch=79 seconds=446.6516087241471 peak_allocated_bytes=13380866560
2026-09-15 05:22:23.637 | INFO     | __main__:<module>:482 - METHOD epoch=80 views=1 awp_gamma=0.0 consistency_weight=0.0
2026-09-15 05:22:23.637 | INFO     | __main__:<module>:485 - the 80th epoch 
2026-09-15 05:22:24.752 | INFO     | __main__:<module>:872 - lr:0.1 weight_nat: 0.3214211730882806, nat_loss: 0.010303390212357044, weight_adv: 0.6785788269117194, adv_loss: 0.014407928101718426 weight-klloss3 0.05 Loss3: 0.004752665292471647 clean_ce: 0.6436527967453003, adv_ce: 3.076953887939453, adv_margin: 1.2322810888290405, clean_gate: 0.41177988052368164, teacher_margin: 1.7118890285491943, teacher_margin_gate: 0.6941710710525513, teacher_clean_gate: 1.0, teacher_adv_gate: 1.0, tm_grad_cos: 1.0, tm_scale: 1.0, tm_ps_scale: 1.0
2026-09-15 05:24:15.489 | INFO     | __main__:<module>:872 - lr:0.1 weight_nat: 0.31802263720634444, nat_loss: 0.011231550015509129, weight_adv: 0.6819773627936556, adv_loss: 0.015349307097494602 weight-klloss3 0.05 Loss3: 0.00334241334348917 clean_ce: 0.6460295915603638, adv_ce: 3.391400098800659, adv_margin: 1.5855430364608765, clean_gate: 0.37029093503952026, teacher_margin: 1.8907711505889893, teacher_margin_gate: 0.6890798807144165, teacher_clean_gate: 1.0, teacher_adv_gate: 1.0, tm_grad_cos: 1.0, tm_scale: 1.0, tm_ps_scale: 1.0
2026-09-15 05:26:07.535 | INFO     | __main__:<module>:872 - lr:0.1 weight_nat: 0.3202606408071866, nat_loss: 0.009659784846007824, weight_adv: 0.6797393591928135, adv_loss: 0.015394437126815319 weight-klloss3 0.05 Loss3: 0.004374480806291103 clean_ce: 0.6573920845985413, adv_ce: 3.270141124725342, adv_margin: 1.3854405879974365, clean_gate: 0.38505038619041443, teacher_margin: 1.8500351905822754, teacher_margin_gate: 0.690963864326477, teacher_clean_gate: 1.0, teacher_adv_gate: 1.0, tm_grad_cos: 1.0, tm_scale: 1.0, tm_ps_scale: 1.0
2026-09-15 05:27:59.497 | INFO     | __main__:<module>:872 - lr:0.1 weight_nat: 0.31853266851585343, nat_loss: 0.009949025698006153, weight_adv: 0.6814673314841466, adv_loss: 0.014704212546348572 weight-klloss3 0.05 Loss3: 0.004219758789986372 clean_ce: 0.6179980635643005, adv_ce: 3.2308614253997803, adv_margin: 1.429100751876831, clean_gate: 0.38713720440864563, teacher_margin: 1.8404961824417114, teacher_margin_gate: 0.7081902027130127, teacher_clean_gate: 1.0, teacher_adv_gate: 1.0, tm_grad_cos: 1.0, tm_scale: 1.0, tm_ps_scale: 1.0
2026-09-15 05:29:39.498 | INFO     | __main__:<module>:875 - TRAIN_EPOCH_RESOURCE epoch=80 seconds=435.8607953079045 peak_allocated_bytes=13380866560
2026-09-15 05:30:38.823 | INFO     | __main__:<module>:934 - student robust acc 0.2777, teacher robust acc 0.4784, nat teacher robust acc 0.3749
2026-09-15 05:31:00.807 | INFO     | __main__:<module>:1007 - best accuracy:0.42669999999999997
2026-09-15 05:31:00.808 | INFO     | __main__:<module>:1010 - student natural acc 0.5757, adv teacher natural acc 0.6214, nat teacher natural acc 0.7650
2026-09-15 05:31:00.809 | INFO     | __main__:<module>:482 - METHOD epoch=81 views=1 awp_gamma=0.0 consistency_weight=0.0
2026-09-15 05:31:00.809 | INFO     | __main__:<module>:485 - the 81th epoch 
2026-09-15 05:31:01.957 | INFO     | __main__:<module>:872 - lr:0.1 weight_nat: 0.3196465816653429, nat_loss: 0.00948486290872097, weight_adv: 0.6803534183346571, adv_loss: 0.014717110432684422 weight-klloss3 0.05 Loss3: 0.0034103807993233204 clean_ce: 0.6068863868713379, adv_ce: 3.2107832431793213, adv_margin: 1.418044090270996, clean_gate: 0.3844107389450073, teacher_margin: 1.730919599533081, teacher_margin_gate: 0.6850285530090332, teacher_clean_gate: 1.0, teacher_adv_gate: 1.0, tm_grad_cos: 1.0, tm_scale: 1.0, tm_ps_scale: 1.0
2026-09-15 05:32:55.227 | INFO     | __main__:<module>:872 - lr:0.1 weight_nat: 0.3200994223774602, nat_loss: 0.010321212001144886, weight_adv: 0.6799005776225397, adv_loss: 0.013690175488591194 weight-klloss3 0.05 Loss3: 0.003225452732294798 clean_ce: 0.6612788438796997, adv_ce: 3.0695455074310303, adv_margin: 1.263812780380249, clean_gate: 0.40955299139022827, teacher_margin: 1.7083818912506104, teacher_margin_gate: 0.7081221342086792, teacher_clean_gate: 1.0, teacher_adv_gate: 1.0, tm_grad_cos: 1.0, tm_scale: 1.0, tm_ps_scale: 1.0
2026-09-15 05:34:46.915 | INFO     | __main__:<module>:872 - lr:0.1 weight_nat: 0.3230365575529237, nat_loss: 0.01024519745260477, weight_adv: 0.6769634424470764, adv_loss: 0.0137417521327734 weight-klloss3 0.05 Loss3: 0.004024530295282602 clean_ce: 0.6246248483657837, adv_ce: 3.2175941467285156, adv_margin: 1.4299570322036743, clean_gate: 0.38307511806488037, teacher_margin: 1.7076677083969116, teacher_margin_gate: 0.6826006174087524, teacher_clean_gate: 1.0, teacher_adv_gate: 1.0, tm_grad_cos: 1.0, tm_scale: 1.0, tm_ps_scale: 1.0
2026-09-15 05:36:36.723 | INFO     | __main__:<module>:872 - lr:0.1 weight_nat: 0.31823265331476636, nat_loss: 0.009480125270783901, weight_adv: 0.6817673466852336, adv_loss: 0.014170072972774506 weight-klloss3 0.05 Loss3: 0.003929225727915764 clean_ce: 0.6740065813064575, adv_ce: 3.2199032306671143, adv_margin: 1.3163783550262451, clean_gate: 0.38677898049354553, teacher_margin: 1.6893733739852905, teacher_margin_gate: 0.6850661635398865, teacher_clean_gate: 1.0, teacher_adv_gate: 1.0, tm_grad_cos: 1.0, tm_scale: 1.0, tm_ps_scale: 1.0
2026-09-15 05:38:15.796 | INFO     | __main__:<module>:875 - TRAIN_EPOCH_RESOURCE epoch=81 seconds=434.9869292937219 peak_allocated_bytes=13380866560
2026-09-15 05:38:15.797 | INFO     | __main__:<module>:482 - METHOD epoch=82 views=1 awp_gamma=0.0 consistency_weight=0.0
2026-09-15 05:38:15.797 | INFO     | __main__:<module>:485 - the 82th epoch 
2026-09-15 05:38:16.902 | INFO     | __main__:<module>:872 - lr:0.1 weight_nat: 0.3189953668827261, nat_loss: 0.010107926093041897, weight_adv: 0.6810046331172739, adv_loss: 0.013763180002570152 weight-klloss3 0.05 Loss3: 0.003465373069047928 clean_ce: 0.6390352845191956, adv_ce: 3.261147975921631, adv_margin: 1.3374440670013428, clean_gate: 0.3853895664215088, teacher_margin: 1.6395909786224365, teacher_margin_gate: 0.6704437732696533, teacher_clean_gate: 1.0, teacher_adv_gate: 1.0, tm_grad_cos: 1.0, tm_scale: 1.0, tm_ps_scale: 1.0
2026-09-15 05:40:06.834 | INFO     | __main__:<module>:872 - lr:0.1 weight_nat: 0.31779977787956376, nat_loss: 0.010320572182536125, weight_adv: 0.6822002221204362, adv_loss: 0.012948816642165184 weight-klloss3 0.05 Loss3: 0.003796716220676899 clean_ce: 0.628991961479187, adv_ce: 3.0566279888153076, adv_margin: 1.262467861175537, clean_gate: 0.4074159860610962, teacher_margin: 1.5622224807739258, teacher_margin_gate: 0.6837830543518066, teacher_clean_gate: 1.0, teacher_adv_gate: 1.0, tm_grad_cos: 1.0, tm_scale: 1.0, tm_ps_scale: 1.0
2026-09-15 05:41:56.790 | INFO     | __main__:<module>:872 - lr:0.1 weight_nat: 0.3201069307309132, nat_loss: 0.010530097410082817, weight_adv: 0.6798930692690869, adv_loss: 0.016252778470516205 weight-klloss3 0.05 Loss3: 0.004808580968528986 clean_ce: 0.628388524055481, adv_ce: 3.2939932346343994, adv_margin: 1.466964602470398, clean_gate: 0.3820251226425171, teacher_margin: 1.9538363218307495, teacher_margin_gate: 0.7225993275642395, teacher_clean_gate: 1.0, teacher_adv_gate: 1.0, tm_grad_cos: 1.0, tm_scale: 1.0, tm_ps_scale: 1.0
2026-09-15 05:43:46.261 | INFO     | __main__:<module>:872 - lr:0.1 weight_nat: 0.316806692713773, nat_loss: 0.009579013101756573, weight_adv: 0.683193307286227, adv_loss: 0.013635888695716858 weight-klloss3 0.05 Loss3: 0.004017917439341545 clean_ce: 0.6247183084487915, adv_ce: 2.9542975425720215, adv_margin: 1.2220609188079834, clean_gate: 0.4309648275375366, teacher_margin: 1.6283786296844482, teacher_margin_gate: 0.7234961986541748, teacher_clean_gate: 1.0, teacher_adv_gate: 1.0, tm_grad_cos: 1.0, tm_scale: 1.0, tm_ps_scale: 1.0
2026-09-15 05:45:27.457 | INFO     | __main__:<module>:875 - TRAIN_EPOCH_RESOURCE epoch=82 seconds=431.66041619330645 peak_allocated_bytes=13380866560
2026-09-15 05:45:27.458 | INFO     | __main__:<module>:482 - METHOD epoch=83 views=1 awp_gamma=0.0 consistency_weight=0.0
2026-09-15 05:45:27.458 | INFO     | __main__:<module>:485 - the 83th epoch 
2026-09-15 05:45:28.578 | INFO     | __main__:<module>:872 - lr:0.1 weight_nat: 0.31994585975149314, nat_loss: 0.010229898616671562, weight_adv: 0.6800541402485069, adv_loss: 0.012751299887895584 weight-klloss3 0.05 Loss3: 0.0032867533154785633 clean_ce: 0.6295734643936157, adv_ce: 3.1506781578063965, adv_margin: 1.3333806991577148, clean_gate: 0.4084523618221283, teacher_margin: 1.4714179039001465, teacher_margin_gate: 0.6623088121414185, teacher_clean_gate: 1.0, teacher_adv_gate: 1.0, tm_grad_cos: 1.0, tm_scale: 1.0, tm_ps_scale: 1.0
2026-09-15 05:47:19.808 | INFO     | __main__:<module>:872 - lr:0.1 weight_nat: 0.3187982037435709, nat_loss: 0.009820226579904556, weight_adv: 0.6812017962564291, adv_loss: 0.014119263738393784 weight-klloss3 0.05 Loss3: 0.0029611261561512947 clean_ce: 0.6449258327484131, adv_ce: 3.1829888820648193, adv_margin: 1.3554985523223877, clean_gate: 0.4004552364349365, teacher_margin: 1.6556042432785034, teacher_margin_gate: 0.6918330192565918, teacher_clean_gate: 1.0, teacher_adv_gate: 1.0, tm_grad_cos: 1.0, tm_scale: 1.0, tm_ps_scale: 1.0
2026-09-15 05:49:10.122 | INFO     | __main__:<module>:872 - lr:0.1 weight_nat: 0.3181300557920968, nat_loss: 0.010298950597643852, weight_adv: 0.6818699442079033, adv_loss: 0.015303347259759903 weight-klloss3 0.05 Loss3: 0.0036859067622572184 clean_ce: 0.6328120231628418, adv_ce: 3.3690335750579834, adv_margin: 1.5518699884414673, clean_gate: 0.37820929288864136, teacher_margin: 1.8050943613052368, teacher_margin_gate: 0.6878566741943359, teacher_clean_gate: 1.0, teacher_adv_gate: 1.0, tm_grad_cos: 1.0, tm_scale: 1.0, tm_ps_scale: 1.0
2026-09-15 05:51:00.483 | INFO     | __main__:<module>:872 - lr:0.1 weight_nat: 0.3147361915118592, nat_loss: 0.010073142126202583, weight_adv: 0.6852638084881408, adv_loss: 0.015025888569653034 weight-klloss3 0.05 Loss3: 0.004780851304531097 clean_ce: 0.6191943883895874, adv_ce: 3.158477306365967, adv_margin: 1.3834177255630493, clean_gate: 0.3996446132659912, teacher_margin: 1.8515410423278809, teacher_margin_gate: 0.7278311252593994, teacher_clean_gate: 1.0, teacher_adv_gate: 1.0, tm_grad_cos: 1.0, tm_scale: 1.0, tm_ps_scale: 1.0
2026-09-15 05:52:40.079 | INFO     | __main__:<module>:875 - TRAIN_EPOCH_RESOURCE epoch=83 seconds=432.6211142204702 peak_allocated_bytes=13380866560
2026-09-15 05:52:40.079 | INFO     | __main__:<module>:482 - METHOD epoch=84 views=1 awp_gamma=0.0 consistency_weight=0.0
2026-09-15 05:52:40.079 | INFO     | __main__:<module>:485 - the 84th epoch 
2026-09-15 05:52:41.192 | INFO     | __main__:<module>:872 - lr:0.1 weight_nat: 0.31623477344929113, nat_loss: 0.009774386882781982, weight_adv: 0.6837652265507088, adv_loss: 0.014958582818508148 weight-klloss3 0.05 Loss3: 0.004479021765291691 clean_ce: 0.5912717580795288, adv_ce: 3.396311044692993, adv_margin: 1.5186434984207153, clean_gate: 0.36745399236679077, teacher_margin: 1.8496568202972412, teacher_margin_gate: 0.6731013059616089, teacher_clean_gate: 1.0, teacher_adv_gate: 1.0, tm_grad_cos: 1.0, tm_scale: 1.0, tm_ps_scale: 1.0
2026-09-15 05:54:30.773 | INFO     | __main__:<module>:872 - lr:0.1 weight_nat: 0.3154940760963652, nat_loss: 0.009480380453169346, weight_adv: 0.6845059239036348, adv_loss: 0.01439877413213253 weight-klloss3 0.05 Loss3: 0.004655798431485891 clean_ce: 0.6567815542221069, adv_ce: 2.9544694423675537, adv_margin: 1.1376473903656006, clean_gate: 0.42757856845855713, teacher_margin: 1.5763347148895264, teacher_margin_gate: 0.719673216342926, teacher_clean_gate: 1.0, teacher_adv_gate: 1.0, tm_grad_cos: 1.0, tm_scale: 1.0, tm_ps_scale: 1.0
2026-09-15 05:56:20.898 | INFO     | __main__:<module>:872 - lr:0.1 weight_nat: 0.31893677596078973, nat_loss: 0.010670023038983345, weight_adv: 0.6810632240392103, adv_loss: 0.014449559152126312 weight-klloss3 0.05 Loss3: 0.0043337238021194935 clean_ce: 0.623748779296875, adv_ce: 3.4476397037506104, adv_margin: 1.580533504486084, clean_gate: 0.3703392744064331, teacher_margin: 1.8015942573547363, teacher_margin_gate: 0.6924195885658264, teacher_clean_gate: 1.0, teacher_adv_gate: 1.0, tm_grad_cos: 1.0, tm_scale: 1.0, tm_ps_scale: 1.0
2026-09-15 05:58:12.530 | INFO     | __main__:<module>:872 - lr:0.1 weight_nat: 0.3201071451783023, nat_loss: 0.01167516689747572, weight_adv: 0.6798928548216978, adv_loss: 0.014136608690023422 weight-klloss3 0.05 Loss3: 0.004601358436048031 clean_ce: 0.6175869703292847, adv_ce: 3.405996084213257, adv_margin: 1.600704550743103, clean_gate: 0.36036092042922974, teacher_margin: 1.7439594268798828, teacher_margin_gate: 0.6543494462966919, teacher_clean_gate: 1.0, teacher_adv_gate: 1.0, tm_grad_cos: 1.0, tm_scale: 1.0, tm_ps_scale: 1.0
2026-09-15 05:59:52.733 | INFO     | __main__:<module>:875 - TRAIN_EPOCH_RESOURCE epoch=84 seconds=432.653570253402 peak_allocated_bytes=13380866560
2026-09-15 05:59:52.733 | INFO     | __main__:<module>:482 - METHOD epoch=85 views=1 awp_gamma=0.0 consistency_weight=0.0
2026-09-15 05:59:52.733 | INFO     | __main__:<module>:485 - the 85th epoch 
2026-09-15 05:59:53.839 | INFO     | __main__:<module>:872 - lr:0.1 weight_nat: 0.3188728432459007, nat_loss: 0.010657989419996738, weight_adv: 0.6811271567540993, adv_loss: 0.014278392307460308 weight-klloss3 0.05 Loss3: 0.0036655934527516365 clean_ce: 0.6279095411300659, adv_ce: 3.196488380432129, adv_margin: 1.3496062755584717, clean_gate: 0.38864362239837646, teacher_margin: 1.7896552085876465, teacher_margin_gate: 0.6899507641792297, teacher_clean_gate: 1.0, teacher_adv_gate: 1.0, tm_grad_cos: 1.0, tm_scale: 1.0, tm_ps_scale: 1.0
2026-09-15 06:01:44.893 | INFO     | __main__:<module>:872 - lr:0.1 weight_nat: 0.3158958624486, nat_loss: 0.010757138952612877, weight_adv: 0.6841041375514001, adv_loss: 0.013922210782766342 weight-klloss3 0.05 Loss3: 0.002862755209207535 clean_ce: 0.6437851190567017, adv_ce: 2.8377599716186523, adv_margin: 1.086055040359497, clean_gate: 0.42885246872901917, teacher_margin: 1.6972222328186035, teacher_margin_gate: 0.7472996115684509, teacher_clean_gate: 1.0, teacher_adv_gate: 1.0, tm_grad_cos: 1.0, tm_scale: 1.0, tm_ps_scale: 1.0
2026-09-15 06:03:35.907 | INFO     | __main__:<module>:872 - lr:0.1 weight_nat: 0.3184148827423165, nat_loss: 0.010137772187590599, weight_adv: 0.6815851172576836, adv_loss: 0.013993354514241219 weight-klloss3 0.05 Loss3: 0.004465814679861069 clean_ce: 0.6385422945022583, adv_ce: 3.1581673622131348, adv_margin: 1.3754496574401855, clean_gate: 0.4037927985191345, teacher_margin: 1.686936616897583, teacher_margin_gate: 0.698158860206604, teacher_clean_gate: 1.0, teacher_adv_gate: 1.0, tm_grad_cos: 1.0, tm_scale: 1.0, tm_ps_scale: 1.0
2026-09-15 06:05:26.477 | INFO     | __main__:<module>:872 - lr:0.1 weight_nat: 0.31311908971496316, nat_loss: 0.01067506056278944, weight_adv: 0.6868809102850368, adv_loss: 0.013687988743185997 weight-klloss3 0.05 Loss3: 0.003963951021432877 clean_ce: 0.6027594804763794, adv_ce: 3.346212148666382, adv_margin: 1.5843851566314697, clean_gate: 0.37303775548934937, teacher_margin: 1.7098071575164795, teacher_margin_gate: 0.6567317247390747, teacher_clean_gate: 1.0, teacher_adv_gate: 1.0, tm_grad_cos: 1.0, tm_scale: 1.0, tm_ps_scale: 1.0
2026-09-15 06:07:04.113 | INFO     | __main__:<module>:875 - TRAIN_EPOCH_RESOURCE epoch=85 seconds=431.37970983982086 peak_allocated_bytes=13380866560
2026-09-15 06:07:04.113 | INFO     | __main__:<module>:482 - METHOD epoch=86 views=1 awp_gamma=0.0 consistency_weight=0.0
2026-09-15 06:07:04.113 | INFO     | __main__:<module>:485 - the 86th epoch 
2026-09-15 06:07:05.206 | INFO     | __main__:<module>:872 - lr:0.1 weight_nat: 0.31574956182473624, nat_loss: 0.009920700453221798, weight_adv: 0.6842504381752639, adv_loss: 0.014008506201207638 weight-klloss3 0.05 Loss3: 0.003828825429081917 clean_ce: 0.6505393981933594, adv_ce: 3.136378526687622, adv_margin: 1.2900065183639526, clean_gate: 0.4036567807197571, teacher_margin: 1.6871676445007324, teacher_margin_gate: 0.702598512172699, teacher_clean_gate: 1.0, teacher_adv_gate: 1.0, tm_grad_cos: 1.0, tm_scale: 1.0, tm_ps_scale: 1.0
2026-09-15 06:08:57.329 | INFO     | __main__:<module>:872 - lr:0.1 weight_nat: 0.3184853094538546, nat_loss: 0.011664127930998802, weight_adv: 0.6815146905461454, adv_loss: 0.013584181666374207 weight-klloss3 0.05 Loss3: 0.004841875284910202 clean_ce: 0.6462429165840149, adv_ce: 3.347101926803589, adv_margin: 1.480682611465454, clean_gate: 0.3769153356552124, teacher_margin: 1.739477276802063, teacher_margin_gate: 0.6683133840560913, teacher_clean_gate: 1.0, teacher_adv_gate: 1.0, tm_grad_cos: 1.0, tm_scale: 1.0, tm_ps_scale: 1.0
2026-09-15 06:10:48.163 | INFO     | __main__:<module>:872 - lr:0.1 weight_nat: 0.31695468639383684, nat_loss: 0.010326161049306393, weight_adv: 0.6830453136061632, adv_loss: 0.014069690369069576 weight-klloss3 0.05 Loss3: 0.00434710830450058 clean_ce: 0.6175565719604492, adv_ce: 3.183192253112793, adv_margin: 1.3643765449523926, clean_gate: 0.3901926875114441, teacher_margin: 1.8015233278274536, teacher_margin_gate: 0.7055965065956116, teacher_clean_gate: 1.0, teacher_adv_gate: 1.0, tm_grad_cos: 1.0, tm_scale: 1.0, tm_ps_scale: 1.0
2026-09-15 06:12:38.626 | INFO     | __main__:<module>:872 - lr:0.1 weight_nat: 0.31621723353993997, nat_loss: 0.010872342623770237, weight_adv: 0.6837827664600601, adv_loss: 0.01408859807997942 weight-klloss3 0.05 Loss3: 0.00369801907800138 clean_ce: 0.6368805766105652, adv_ce: 3.248204231262207, adv_margin: 1.4273903369903564, clean_gate: 0.3859063982963562, teacher_margin: 1.670304298400879, teacher_margin_gate: 0.664147675037384, teacher_clean_gate: 1.0, teacher_adv_gate: 1.0, tm_grad_cos: 1.0, tm_scale: 1.0, tm_ps_scale: 1.0
2026-09-15 06:14:17.654 | INFO     | __main__:<module>:875 - TRAIN_EPOCH_RESOURCE epoch=86 seconds=433.54064535722136 peak_allocated_bytes=13380866560
2026-09-15 06:14:17.654 | INFO     | __main__:<module>:482 - METHOD epoch=87 views=1 awp_gamma=0.0 consistency_weight=0.0
2026-09-15 06:14:17.655 | INFO     | __main__:<module>:485 - the 87th epoch 
2026-09-15 06:14:18.731 | INFO     | __main__:<module>:872 - lr:0.1 weight_nat: 0.31306424394863885, nat_loss: 0.010872337967157364, weight_adv: 0.6869357560513611, adv_loss: 0.014061512425541878 weight-klloss3 0.05 Loss3: 0.003958465531468391 clean_ce: 0.6791415810585022, adv_ce: 3.1218016147613525, adv_margin: 1.2878137826919556, clean_gate: 0.3923252820968628, teacher_margin: 1.7988718748092651, teacher_margin_gate: 0.7034997344017029, teacher_clean_gate: 1.0, teacher_adv_gate: 1.0, tm_grad_cos: 1.0, tm_scale: 1.0, tm_ps_scale: 1.0
2026-09-15 06:16:08.983 | INFO     | __main__:<module>:872 - lr:0.1 weight_nat: 0.3184657870310514, nat_loss: 0.010145692154765129, weight_adv: 0.6815342129689486, adv_loss: 0.014210822060704231 weight-klloss3 0.05 Loss3: 0.00442687701433897 clean_ce: 0.6253694891929626, adv_ce: 3.1919105052948, adv_margin: 1.4073503017425537, clean_gate: 0.3742268681526184, teacher_margin: 1.7653579711914062, teacher_margin_gate: 0.6636844873428345, teacher_clean_gate: 1.0, teacher_adv_gate: 1.0, tm_grad_cos: 1.0, tm_scale: 1.0, tm_ps_scale: 1.0
2026-09-15 06:17:58.413 | INFO     | __main__:<module>:872 - lr:0.1 weight_nat: 0.31519767580969943, nat_loss: 0.009285381995141506, weight_adv: 0.6848023241903005, adv_loss: 0.01325438916683197 weight-klloss3 0.05 Loss3: 0.004714449401944876 clean_ce: 0.6440910696983337, adv_ce: 2.9891483783721924, adv_margin: 1.1700849533081055, clean_gate: 0.42341485619544983, teacher_margin: 1.6498850584030151, teacher_margin_gate: 0.7255920171737671, teacher_clean_gate: 1.0, teacher_adv_gate: 1.0, tm_grad_cos: 1.0, tm_scale: 1.0, tm_ps_scale: 1.0
2026-09-15 06:19:50.566 | INFO     | __main__:<module>:872 - lr:0.1 weight_nat: 0.3153408643056852, nat_loss: 0.010074574500322342, weight_adv: 0.6846591356943149, adv_loss: 0.013861473649740219 weight-klloss3 0.05 Loss3: 0.004294694401323795 clean_ce: 0.6237841844558716, adv_ce: 3.4181320667266846, adv_margin: 1.5546691417694092, clean_gate: 0.35947176814079285, teacher_margin: 1.7594053745269775, teacher_margin_gate: 0.648783266544342, teacher_clean_gate: 1.0, teacher_adv_gate: 1.0, tm_grad_cos: 1.0, tm_scale: 1.0, tm_ps_scale: 1.0
2026-09-15 06:21:32.709 | INFO     | __main__:<module>:875 - TRAIN_EPOCH_RESOURCE epoch=87 seconds=435.0544775426388 peak_allocated_bytes=13380866560
2026-09-15 06:21:32.709 | INFO     | __main__:<module>:482 - METHOD epoch=88 views=1 awp_gamma=0.0 consistency_weight=0.0
2026-09-15 06:21:32.709 | INFO     | __main__:<module>:485 - the 88th epoch 
2026-09-15 06:21:33.874 | INFO     | __main__:<module>:872 - lr:0.1 weight_nat: 0.31471606833951027, nat_loss: 0.01031273603439331, weight_adv: 0.6852839316604898, adv_loss: 0.013355795294046402 weight-klloss3 0.05 Loss3: 0.0031690646428614855 clean_ce: 0.6052387952804565, adv_ce: 3.1205925941467285, adv_margin: 1.3735483884811401, clean_gate: 0.40027421712875366, teacher_margin: 1.5881822109222412, teacher_margin_gate: 0.6757847666740417, teacher_clean_gate: 1.0, teacher_adv_gate: 1.0, tm_grad_cos: 1.0, tm_scale: 1.0, tm_ps_scale: 1.0
2026-09-15 06:23:30.603 | INFO     | __main__:<module>:872 - lr:0.1 weight_nat: 0.3149089819219527, nat_loss: 0.010166196152567863, weight_adv: 0.6850910180780474, adv_loss: 0.014722969383001328 weight-klloss3 0.05 Loss3: 0.004307074006646872 clean_ce: 0.5922073721885681, adv_ce: 3.453660249710083, adv_margin: 1.6835289001464844, clean_gate: 0.3569144904613495, teacher_margin: 1.8694267272949219, teacher_margin_gate: 0.6758841276168823, teacher_clean_gate: 1.0, teacher_adv_gate: 1.0, tm_grad_cos: 1.0, tm_scale: 1.0, tm_ps_scale: 1.0
2026-09-15 06:25:23.798 | INFO     | __main__:<module>:872 - lr:0.1 weight_nat: 0.313143578628258, nat_loss: 0.009684903547167778, weight_adv: 0.686856421371742, adv_loss: 0.014204400591552258 weight-klloss3 0.05 Loss3: 0.004596835467964411 clean_ce: 0.5831719636917114, adv_ce: 3.2967758178710938, adv_margin: 1.494074821472168, clean_gate: 0.37597429752349854, teacher_margin: 1.7517807483673096, teacher_margin_gate: 0.6604062914848328, teacher_clean_gate: 1.0, teacher_adv_gate: 1.0, tm_grad_cos: 1.0, tm_scale: 1.0, tm_ps_scale: 1.0
2026-09-15 06:27:17.473 | INFO     | __main__:<module>:872 - lr:0.1 weight_nat: 0.31719525735825915, nat_loss: 0.010763969272375107, weight_adv: 0.6828047426417408, adv_loss: 0.014529189094901085 weight-klloss3 0.05 Loss3: 0.003152372781187296 clean_ce: 0.6241193413734436, adv_ce: 3.2554409503936768, adv_margin: 1.4103734493255615, clean_gate: 0.3835412859916687, teacher_margin: 1.7460086345672607, teacher_margin_gate: 0.6725388169288635, teacher_clean_gate: 1.0, teacher_adv_gate: 1.0, tm_grad_cos: 1.0, tm_scale: 1.0, tm_ps_scale: 1.0
2026-09-15 06:28:59.266 | INFO     | __main__:<module>:875 - TRAIN_EPOCH_RESOURCE epoch=88 seconds=446.55691796168685 peak_allocated_bytes=13380866560
2026-09-15 06:28:59.267 | INFO     | __main__:<module>:482 - METHOD epoch=89 views=1 awp_gamma=0.0 consistency_weight=0.0
2026-09-15 06:28:59.267 | INFO     | __main__:<module>:485 - the 89th epoch 
2026-09-15 06:29:00.414 | INFO     | __main__:<module>:872 - lr:0.1 weight_nat: 0.3169869234197811, nat_loss: 0.009733949787914753, weight_adv: 0.6830130765802189, adv_loss: 0.014886274002492428 weight-klloss3 0.05 Loss3: 0.004572086967527866 clean_ce: 0.6345994472503662, adv_ce: 3.296609401702881, adv_margin: 1.4309378862380981, clean_gate: 0.37433987855911255, teacher_margin: 1.8364161252975464, teacher_margin_gate: 0.6715819835662842, teacher_clean_gate: 1.0, teacher_adv_gate: 1.0, tm_grad_cos: 1.0, tm_scale: 1.0, tm_ps_scale: 1.0
2026-09-15 06:30:53.578 | INFO     | __main__:<module>:872 - lr:0.1 weight_nat: 0.31420335213221967, nat_loss: 0.01068421546369791, weight_adv: 0.6857966478677804, adv_loss: 0.01456364057958126 weight-klloss3 0.05 Loss3: 0.004484768025577068 clean_ce: 0.6305574178695679, adv_ce: 3.308354377746582, adv_margin: 1.4601067304611206, clean_gate: 0.3638288378715515, teacher_margin: 1.781268835067749, teacher_margin_gate: 0.6602625846862793, teacher_clean_gate: 1.0, teacher_adv_gate: 1.0, tm_grad_cos: 1.0, tm_scale: 1.0, tm_ps_scale: 1.0
2026-09-15 06:32:45.423 | INFO     | __main__:<module>:872 - lr:0.1 weight_nat: 0.31473778403740227, nat_loss: 0.011631825007498264, weight_adv: 0.6852622159625977, adv_loss: 0.01548773329705 weight-klloss3 0.05 Loss3: 0.0049619367346167564 clean_ce: 0.6418629288673401, adv_ce: 3.2925188541412354, adv_margin: 1.4721171855926514, clean_gate: 0.3832474648952484, teacher_margin: 1.838370680809021, teacher_margin_gate: 0.7076374292373657, teacher_clean_gate: 1.0, teacher_adv_gate: 1.0, tm_grad_cos: 1.0, tm_scale: 1.0, tm_ps_scale: 1.0
2026-09-15 06:34:35.566 | INFO     | __main__:<module>:872 - lr:0.1 weight_nat: 0.3154260128205514, nat_loss: 0.010716574266552925, weight_adv: 0.6845739871794486, adv_loss: 0.014475591480731964 weight-klloss3 0.05 Loss3: 0.005049168597906828 clean_ce: 0.6010756492614746, adv_ce: 3.4050958156585693, adv_margin: 1.5894787311553955, clean_gate: 0.3643573522567749, teacher_margin: 1.8239825963974, teacher_margin_gate: 0.6837369203567505, teacher_clean_gate: 1.0, teacher_adv_gate: 1.0, tm_grad_cos: 1.0, tm_scale: 1.0, tm_ps_scale: 1.0
2026-09-15 06:36:15.992 | INFO     | __main__:<module>:875 - TRAIN_EPOCH_RESOURCE epoch=89 seconds=436.72535624727607 peak_allocated_bytes=13380866560
2026-09-15 06:36:15.992 | INFO     | __main__:<module>:482 - METHOD epoch=90 views=1 awp_gamma=0.0 consistency_weight=0.0
2026-09-15 06:36:15.993 | INFO     | __main__:<module>:485 - the 90th epoch 
2026-09-15 06:36:17.115 | INFO     | __main__:<module>:872 - lr:0.1 weight_nat: 0.31370062309645885, nat_loss: 0.009800340048968792, weight_adv: 0.6862993769035413, adv_loss: 0.013342076912522316 weight-klloss3 0.05 Loss3: 0.004307611845433712 clean_ce: 0.6409786343574524, adv_ce: 3.1679954528808594, adv_margin: 1.324393391609192, clean_gate: 0.38639795780181885, teacher_margin: 1.710702896118164, teacher_margin_gate: 0.6776313781738281, teacher_clean_gate: 1.0, teacher_adv_gate: 1.0, tm_grad_cos: 1.0, tm_scale: 1.0, tm_ps_scale: 1.0
2026-09-15 06:38:10.102 | INFO     | __main__:<module>:872 - lr:0.1 weight_nat: 0.3120221581021864, nat_loss: 0.010400555096566677, weight_adv: 0.6879778418978135, adv_loss: 0.013896084390580654 weight-klloss3 0.05 Loss3: 0.00405792985111475 clean_ce: 0.5869866609573364, adv_ce: 3.400822877883911, adv_margin: 1.618325114250183, clean_gate: 0.3657177686691284, teacher_margin: 1.8139970302581787, teacher_margin_gate: 0.6716763973236084, teacher_clean_gate: 1.0, teacher_adv_gate: 1.0, tm_grad_cos: 1.0, tm_scale: 1.0, tm_ps_scale: 1.0
2026-09-15 06:40:03.780 | INFO     | __main__:<module>:872 - lr:0.1 weight_nat: 0.31388812424910345, nat_loss: 0.009333574213087559, weight_adv: 0.6861118757508966, adv_loss: 0.013634171336889267 weight-klloss3 0.05 Loss3: 0.0038488106802105904 clean_ce: 0.6379792094230652, adv_ce: 2.8578298091888428, adv_margin: 1.150040626525879, clean_gate: 0.4304935932159424, teacher_margin: 1.6936477422714233, teacher_margin_gate: 0.7317836284637451, teacher_clean_gate: 1.0, teacher_adv_gate: 1.0, tm_grad_cos: 1.0, tm_scale: 1.0, tm_ps_scale: 1.0
2026-09-15 06:41:57.297 | INFO     | __main__:<module>:872 - lr:0.1 weight_nat: 0.3139646319399301, nat_loss: 0.009433701634407043, weight_adv: 0.6860353680600699, adv_loss: 0.014086293056607246 weight-klloss3 0.05 Loss3: 0.004557668697088957 clean_ce: 0.6208873987197876, adv_ce: 3.3626182079315186, adv_margin: 1.5226478576660156, clean_gate: 0.36806952953338623, teacher_margin: 1.7334870100021362, teacher_margin_gate: 0.653679609298706, teacher_clean_gate: 1.0, teacher_adv_gate: 1.0, tm_grad_cos: 1.0, tm_scale: 1.0, tm_ps_scale: 1.0
2026-09-15 06:43:40.117 | INFO     | __main__:<module>:875 - TRAIN_EPOCH_RESOURCE epoch=90 seconds=444.12488489598036 peak_allocated_bytes=13380866560
2026-09-15 06:44:41.404 | INFO     | __main__:<module>:934 - student robust acc 0.2815, teacher robust acc 0.4792, nat teacher robust acc 0.3725
2026-09-15 06:45:03.179 | INFO     | __main__:<module>:1007 - best accuracy:0.4356
2026-09-15 06:45:03.179 | INFO     | __main__:<module>:1010 - student natural acc 0.5897, adv teacher natural acc 0.6222, nat teacher natural acc 0.7650
2026-09-15 06:45:03.181 | INFO     | __main__:<module>:482 - METHOD epoch=91 views=1 awp_gamma=0.0 consistency_weight=0.0
2026-09-15 06:45:03.181 | INFO     | __main__:<module>:485 - the 91th epoch 
2026-09-15 06:45:04.358 | INFO     | __main__:<module>:872 - lr:0.1 weight_nat: 0.315704367129775, nat_loss: 0.009318656288087368, weight_adv: 0.684295632870225, adv_loss: 0.013842153362929821 weight-klloss3 0.05 Loss3: 0.004217070527374744 clean_ce: 0.6165474653244019, adv_ce: 3.1165027618408203, adv_margin: 1.3139410018920898, clean_gate: 0.3945639729499817, teacher_margin: 1.6152012348175049, teacher_margin_gate: 0.6696689128875732, teacher_clean_gate: 1.0, teacher_adv_gate: 1.0, tm_grad_cos: 1.0, tm_scale: 1.0, tm_ps_scale: 1.0
2026-09-15 06:46:55.324 | INFO     | __main__:<module>:872 - lr:0.1 weight_nat: 0.3138589696174181, nat_loss: 0.009831981733441353, weight_adv: 0.6861410303825819, adv_loss: 0.01347400899976492 weight-klloss3 0.05 Loss3: 0.0028927365783602 clean_ce: 0.6288144588470459, adv_ce: 3.232762336730957, adv_margin: 1.3677082061767578, clean_gate: 0.3826422393321991, teacher_margin: 1.633737325668335, teacher_margin_gate: 0.6603592038154602, teacher_clean_gate: 1.0, teacher_adv_gate: 1.0, tm_grad_cos: 1.0, tm_scale: 1.0, tm_ps_scale: 1.0
2026-09-15 06:48:44.869 | INFO     | __main__:<module>:872 - lr:0.1 weight_nat: 0.3140808791645212, nat_loss: 0.00979785155504942, weight_adv: 0.6859191208354788, adv_loss: 0.01392961572855711 weight-klloss3 0.05 Loss3: 0.003930964041501284 clean_ce: 0.6168357133865356, adv_ce: 3.1048011779785156, adv_margin: 1.3550598621368408, clean_gate: 0.39502882957458496, teacher_margin: 1.6998409032821655, teacher_margin_gate: 0.6790301203727722, teacher_clean_gate: 1.0, teacher_adv_gate: 1.0, tm_grad_cos: 1.0, tm_scale: 1.0, tm_ps_scale: 1.0
2026-09-15 06:50:36.642 | INFO     | __main__:<module>:872 - lr:0.1 weight_nat: 0.31352056914564874, nat_loss: 0.010634051635861397, weight_adv: 0.6864794308543514, adv_loss: 0.013714252039790154 weight-klloss3 0.05 Loss3: 0.004792045336216688 clean_ce: 0.6330850124359131, adv_ce: 3.3248934745788574, adv_margin: 1.526120901107788, clean_gate: 0.36952951550483704, teacher_margin: 1.7417140007019043, teacher_margin_gate: 0.6668222546577454, teacher_clean_gate: 1.0, teacher_adv_gate: 1.0, tm_grad_cos: 1.0, tm_scale: 1.0, tm_ps_scale: 1.0
2026-09-15 06:52:17.274 | INFO     | __main__:<module>:875 - TRAIN_EPOCH_RESOURCE epoch=91 seconds=434.09298123791814 peak_allocated_bytes=13380866560
2026-09-15 06:52:17.274 | INFO     | __main__:<module>:482 - METHOD epoch=92 views=1 awp_gamma=0.0 consistency_weight=0.0
2026-09-15 06:52:17.274 | INFO     | __main__:<module>:485 - the 92th epoch 
2026-09-15 06:52:18.370 | INFO     | __main__:<module>:872 - lr:0.1 weight_nat: 0.3110554886674973, nat_loss: 0.00959458015859127, weight_adv: 0.6889445113325028, adv_loss: 0.013442695140838623 weight-klloss3 0.05 Loss3: 0.004412016365677118 clean_ce: 0.6381269693374634, adv_ce: 3.1021945476531982, adv_margin: 1.3014811277389526, clean_gate: 0.40821242332458496, teacher_margin: 1.7116589546203613, teacher_margin_gate: 0.7201991677284241, teacher_clean_gate: 1.0, teacher_adv_gate: 1.0, tm_grad_cos: 1.0, tm_scale: 1.0, tm_ps_scale: 1.0
2026-09-15 06:54:08.154 | INFO     | __main__:<module>:872 - lr:0.1 weight_nat: 0.3148241840389969, nat_loss: 0.008878708817064762, weight_adv: 0.6851758159610031, adv_loss: 0.013448838144540787 weight-klloss3 0.05 Loss3: 0.004091975279152393 clean_ce: 0.6317852139472961, adv_ce: 3.0043978691101074, adv_margin: 1.2085015773773193, clean_gate: 0.41278430819511414, teacher_margin: 1.790903091430664, teacher_margin_gate: 0.7332570552825928, teacher_clean_gate: 1.0, teacher_adv_gate: 1.0, tm_grad_cos: 1.0, tm_scale: 1.0, tm_ps_scale: 1.0
2026-09-15 06:55:58.595 | INFO     | __main__:<module>:872 - lr:0.1 weight_nat: 0.3149075901765764, nat_loss: 0.010651533491909504, weight_adv: 0.6850924098234236, adv_loss: 0.013668541796505451 weight-klloss3 0.05 Loss3: 0.0034931444097310305 clean_ce: 0.6489253044128418, adv_ce: 3.1659188270568848, adv_margin: 1.4018847942352295, clean_gate: 0.39266639947891235, teacher_margin: 1.6844468116760254, teacher_margin_gate: 0.6859656572341919, teacher_clean_gate: 1.0, teacher_adv_gate: 1.0, tm_grad_cos: 1.0, tm_scale: 1.0, tm_ps_scale: 1.0
2026-09-15 06:57:48.932 | INFO     | __main__:<module>:872 - lr:0.1 weight_nat: 0.31322162028870626, nat_loss: 0.00889941118657589, weight_adv: 0.6867783797112939, adv_loss: 0.012904749251902103 weight-klloss3 0.05 Loss3: 0.005087853409349918 clean_ce: 0.6524062156677246, adv_ce: 2.987901210784912, adv_margin: 1.0632942914962769, clean_gate: 0.4199668765068054, teacher_margin: 1.5170847177505493, teacher_margin_gate: 0.6930838823318481, teacher_clean_gate: 1.0, teacher_adv_gate: 1.0, tm_grad_cos: 1.0, tm_scale: 1.0, tm_ps_scale: 1.0
2026-09-15 06:59:28.202 | INFO     | __main__:<module>:875 - TRAIN_EPOCH_RESOURCE epoch=92 seconds=430.9276418685913 peak_allocated_bytes=13380866560
2026-09-15 06:59:28.202 | INFO     | __main__:<module>:482 - METHOD epoch=93 views=1 awp_gamma=0.0 consistency_weight=0.0
2026-09-15 06:59:28.202 | INFO     | __main__:<module>:485 - the 93th epoch 
2026-09-15 06:59:29.323 | INFO     | __main__:<module>:872 - lr:0.1 weight_nat: 0.3142980542499956, nat_loss: 0.010396957397460938, weight_adv: 0.6857019457500045, adv_loss: 0.013168958947062492 weight-klloss3 0.05 Loss3: 0.0038634701631963253 clean_ce: 0.5975521802902222, adv_ce: 3.2060999870300293, adv_margin: 1.4261056184768677, clean_gate: 0.39412394165992737, teacher_margin: 1.5994582176208496, teacher_margin_gate: 0.6766153573989868, teacher_clean_gate: 1.0, teacher_adv_gate: 1.0, tm_grad_cos: 1.0, tm_scale: 1.0, tm_ps_scale: 1.0
2026-09-15 07:01:19.077 | INFO     | __main__:<module>:872 - lr:0.1 weight_nat: 0.3171063398531991, nat_loss: 0.009042933583259583, weight_adv: 0.682893660146801, adv_loss: 0.013221245259046555 weight-klloss3 0.05 Loss3: 0.004379101097583771 clean_ce: 0.6278497576713562, adv_ce: 3.0475752353668213, adv_margin: 1.21534264087677, clean_gate: 0.4133787453174591, teacher_margin: 1.6855385303497314, teacher_margin_gate: 0.7056693434715271, teacher_clean_gate: 1.0, teacher_adv_gate: 1.0, tm_grad_cos: 1.0, tm_scale: 1.0, tm_ps_scale: 1.0
2026-09-15 07:03:08.480 | INFO     | __main__:<module>:872 - lr:0.1 weight_nat: 0.3124976764492225, nat_loss: 0.00966911856085062, weight_adv: 0.6875023235507776, adv_loss: 0.01523200049996376 weight-klloss3 0.05 Loss3: 0.0034804614260792732 clean_ce: 0.6391085386276245, adv_ce: 3.1235201358795166, adv_margin: 1.2259846925735474, clean_gate: 0.4060007333755493, teacher_margin: 1.862321138381958, teacher_margin_gate: 0.7412508726119995, teacher_clean_gate: 1.0, teacher_adv_gate: 1.0, tm_grad_cos: 1.0, tm_scale: 1.0, tm_ps_scale: 1.0
2026-09-15 07:04:57.892 | INFO     | __main__:<module>:872 - lr:0.1 weight_nat: 0.31039515219939234, nat_loss: 0.010280294343829155, weight_adv: 0.6896048478006077, adv_loss: 0.014295225031673908 weight-klloss3 0.05 Loss3: 0.0038169457111507654 clean_ce: 0.6080950498580933, adv_ce: 3.166553020477295, adv_margin: 1.3522121906280518, clean_gate: 0.3928731083869934, teacher_margin: 1.7044377326965332, teacher_margin_gate: 0.6792373061180115, teacher_clean_gate: 1.0, teacher_adv_gate: 1.0, tm_grad_cos: 1.0, tm_scale: 1.0, tm_ps_scale: 1.0
2026-09-15 07:06:36.714 | INFO     | __main__:<module>:875 - TRAIN_EPOCH_RESOURCE epoch=93 seconds=428.5111760981381 peak_allocated_bytes=13380866560
2026-09-15 07:06:36.714 | INFO     | __main__:<module>:482 - METHOD epoch=94 views=1 awp_gamma=0.0 consistency_weight=0.0
2026-09-15 07:06:36.714 | INFO     | __main__:<module>:485 - the 94th epoch 
2026-09-15 07:06:37.815 | INFO     | __main__:<module>:872 - lr:0.1 weight_nat: 0.31412054293765695, nat_loss: 0.009703395888209343, weight_adv: 0.6858794570623431, adv_loss: 0.013430139049887657 weight-klloss3 0.05 Loss3: 0.005090947262942791 clean_ce: 0.6314380764961243, adv_ce: 3.221890687942505, adv_margin: 1.434788703918457, clean_gate: 0.38792550563812256, teacher_margin: 1.65971040725708, teacher_margin_gate: 0.6716338396072388, teacher_clean_gate: 1.0, teacher_adv_gate: 1.0, tm_grad_cos: 1.0, tm_scale: 1.0, tm_ps_scale: 1.0
2026-09-15 07:08:27.821 | INFO     | __main__:<module>:872 - lr:0.1 weight_nat: 0.3143414282120972, nat_loss: 0.010244069620966911, weight_adv: 0.6856585717879029, adv_loss: 0.013780685141682625 weight-klloss3 0.05 Loss3: 0.004342300817370415 clean_ce: 0.6222957372665405, adv_ce: 3.2682690620422363, adv_margin: 1.444719910621643, clean_gate: 0.3858951926231384, teacher_margin: 1.7279435396194458, teacher_margin_gate: 0.6934033632278442, teacher_clean_gate: 1.0, teacher_adv_gate: 1.0, tm_grad_cos: 1.0, tm_scale: 1.0, tm_ps_scale: 1.0
2026-09-15 07:10:20.357 | INFO     | __main__:<module>:872 - lr:0.1 weight_nat: 0.3109801151993454, nat_loss: 0.009025241248309612, weight_adv: 0.6890198848006546, adv_loss: 0.01407487504184246 weight-klloss3 0.05 Loss3: 0.00400373013690114 clean_ce: 0.6273250579833984, adv_ce: 2.95761775970459, adv_margin: 1.168093204498291, clean_gate: 0.42908596992492676, teacher_margin: 1.6717829704284668, teacher_margin_gate: 0.710939884185791, teacher_clean_gate: 1.0, teacher_adv_gate: 1.0, tm_grad_cos: 1.0, tm_scale: 1.0, tm_ps_scale: 1.0
2026-09-15 07:12:10.340 | INFO     | __main__:<module>:872 - lr:0.1 weight_nat: 0.31190363716188835, nat_loss: 0.010388175025582314, weight_adv: 0.6880963628381116, adv_loss: 0.014209093526005745 weight-klloss3 0.05 Loss3: 0.0038199317641556263 clean_ce: 0.5855974555015564, adv_ce: 3.222792625427246, adv_margin: 1.514864444732666, clean_gate: 0.3823298513889313, teacher_margin: 1.827695608139038, teacher_margin_gate: 0.702102541923523, teacher_clean_gate: 1.0, teacher_adv_gate: 1.0, tm_grad_cos: 1.0, tm_scale: 1.0, tm_ps_scale: 1.0
2026-09-15 07:13:49.520 | INFO     | __main__:<module>:875 - TRAIN_EPOCH_RESOURCE epoch=94 seconds=432.80585650354624 peak_allocated_bytes=13380866560
2026-09-15 07:13:49.520 | INFO     | __main__:<module>:482 - METHOD epoch=95 views=1 awp_gamma=0.0 consistency_weight=0.0
2026-09-15 07:13:49.520 | INFO     | __main__:<module>:485 - the 95th epoch 
2026-09-15 07:13:50.618 | INFO     | __main__:<module>:872 - lr:0.1 weight_nat: 0.31245816815531696, nat_loss: 0.01049495767802, weight_adv: 0.6875418318446831, adv_loss: 0.014416716992855072 weight-klloss3 0.05 Loss3: 0.005498894490301609 clean_ce: 0.6247208714485168, adv_ce: 3.140021562576294, adv_margin: 1.3445663452148438, clean_gate: 0.39746320247650146, teacher_margin: 1.8526482582092285, teacher_margin_gate: 0.7263238430023193, teacher_clean_gate: 1.0, teacher_adv_gate: 1.0, tm_grad_cos: 1.0, tm_scale: 1.0, tm_ps_scale: 1.0
2026-09-15 07:15:38.975 | INFO     | __main__:<module>:872 - lr:0.1 weight_nat: 0.3112679953250062, nat_loss: 0.009141244925558567, weight_adv: 0.6887320046749937, adv_loss: 0.015123018994927406 weight-klloss3 0.05 Loss3: 0.0034756942186504602 clean_ce: 0.5930694341659546, adv_ce: 2.9937283992767334, adv_margin: 1.1993993520736694, clean_gate: 0.4184480905532837, teacher_margin: 1.8831241130828857, teacher_margin_gate: 0.7558912634849548, teacher_clean_gate: 1.0, teacher_adv_gate: 1.0, tm_grad_cos: 1.0, tm_scale: 1.0, tm_ps_scale: 1.0
2026-09-15 07:17:28.250 | INFO     | __main__:<module>:872 - lr:0.1 weight_nat: 0.30967657760782175, nat_loss: 0.009480809792876244, weight_adv: 0.6903234223921783, adv_loss: 0.015453011728823185 weight-klloss3 0.05 Loss3: 0.005298209842294455 clean_ce: 0.597658634185791, adv_ce: 3.077881336212158, adv_margin: 1.3256655931472778, clean_gate: 0.40696460008621216, teacher_margin: 1.860085129737854, teacher_margin_gate: 0.7400742173194885, teacher_clean_gate: 1.0, teacher_adv_gate: 1.0, tm_grad_cos: 1.0, tm_scale: 1.0, tm_ps_scale: 1.0
2026-09-15 07:19:17.700 | INFO     | __main__:<module>:872 - lr:0.1 weight_nat: 0.3114532461714522, nat_loss: 0.010381866246461868, weight_adv: 0.6885467538285478, adv_loss: 0.015200304798781872 weight-klloss3 0.05 Loss3: 0.0031656352803111076 clean_ce: 0.6372092962265015, adv_ce: 3.1888887882232666, adv_margin: 1.3093867301940918, clean_gate: 0.4020830988883972, teacher_margin: 1.9154751300811768, teacher_margin_gate: 0.7448863983154297, teacher_clean_gate: 1.0, teacher_adv_gate: 1.0, tm_grad_cos: 1.0, tm_scale: 1.0, tm_ps_scale: 1.0
2026-09-15 07:20:55.604 | INFO     | __main__:<module>:875 - TRAIN_EPOCH_RESOURCE epoch=95 seconds=426.08363392204046 peak_allocated_bytes=13380866560
2026-09-15 07:20:55.604 | INFO     | __main__:<module>:482 - METHOD epoch=96 views=1 awp_gamma=0.0 consistency_weight=0.0
2026-09-15 07:20:55.604 | INFO     | __main__:<module>:485 - the 96th epoch 
2026-09-15 07:20:56.768 | INFO     | __main__:<module>:872 - lr:0.1 weight_nat: 0.31161457791143465, nat_loss: 0.009892989881336689, weight_adv: 0.6883854220885653, adv_loss: 0.013789094984531403 weight-klloss3 0.05 Loss3: 0.004491234198212624 clean_ce: 0.6611050367355347, adv_ce: 3.1937668323516846, adv_margin: 1.3450534343719482, clean_gate: 0.3891870975494385, teacher_margin: 1.8696928024291992, teacher_margin_gate: 0.7131843566894531, teacher_clean_gate: 1.0, teacher_adv_gate: 1.0, tm_grad_cos: 1.0, tm_scale: 1.0, tm_ps_scale: 1.0
2026-09-15 07:22:46.238 | INFO     | __main__:<module>:872 - lr:0.1 weight_nat: 0.31066643051998954, nat_loss: 0.009320690296590328, weight_adv: 0.6893335694800106, adv_loss: 0.014331331476569176 weight-klloss3 0.05 Loss3: 0.004795884247869253 clean_ce: 0.5887780785560608, adv_ce: 3.186086416244507, adv_margin: 1.4452309608459473, clean_gate: 0.39001673460006714, teacher_margin: 1.7992384433746338, teacher_margin_gate: 0.6913442611694336, teacher_clean_gate: 1.0, teacher_adv_gate: 1.0, tm_grad_cos: 1.0, tm_scale: 1.0, tm_ps_scale: 1.0
2026-09-15 07:24:35.130 | INFO     | __main__:<module>:872 - lr:0.1 weight_nat: 0.31441000297962013, nat_loss: 0.01074913702905178, weight_adv: 0.6855899970203799, adv_loss: 0.01634323224425316 weight-klloss3 0.05 Loss3: 0.003313784021884203 clean_ce: 0.6068031191825867, adv_ce: 3.5247750282287598, adv_margin: 1.7040925025939941, clean_gate: 0.35015612840652466, teacher_margin: 2.1229376792907715, teacher_margin_gate: 0.6993381977081299, teacher_clean_gate: 1.0, teacher_adv_gate: 1.0, tm_grad_cos: 1.0, tm_scale: 1.0, tm_ps_scale: 1.0
2026-09-15 07:26:24.088 | INFO     | __main__:<module>:872 - lr:0.1 weight_nat: 0.31050536103587617, nat_loss: 0.010877851396799088, weight_adv: 0.6894946389641239, adv_loss: 0.014973113313317299 weight-klloss3 0.05 Loss3: 0.0051851277239620686 clean_ce: 0.5919672250747681, adv_ce: 3.41210675239563, adv_margin: 1.6345824003219604, clean_gate: 0.3646796643733978, teacher_margin: 1.9040095806121826, teacher_margin_gate: 0.6922929883003235, teacher_clean_gate: 1.0, teacher_adv_gate: 1.0, tm_grad_cos: 1.0, tm_scale: 1.0, tm_ps_scale: 1.0
2026-09-15 07:28:02.386 | INFO     | __main__:<module>:875 - TRAIN_EPOCH_RESOURCE epoch=96 seconds=426.7810620069504 peak_allocated_bytes=13380866560
2026-09-15 07:28:02.386 | INFO     | __main__:<module>:482 - METHOD epoch=97 views=1 awp_gamma=0.0 consistency_weight=0.0
2026-09-15 07:28:02.386 | INFO     | __main__:<module>:485 - the 97th epoch 
2026-09-15 07:28:03.476 | INFO     | __main__:<module>:872 - lr:0.1 weight_nat: 0.31105029197651807, nat_loss: 0.009645408019423485, weight_adv: 0.688949708023482, adv_loss: 0.013610884547233582 weight-klloss3 0.05 Loss3: 0.004615280777215958 clean_ce: 0.5893039703369141, adv_ce: 3.2444376945495605, adv_margin: 1.4720147848129272, clean_gate: 0.3746638298034668, teacher_margin: 1.6478981971740723, teacher_margin_gate: 0.6544830799102783, teacher_clean_gate: 1.0, teacher_adv_gate: 1.0, tm_grad_cos: 1.0, tm_scale: 1.0, tm_ps_scale: 1.0
2026-09-15 07:29:52.495 | INFO     | __main__:<module>:872 - lr:0.1 weight_nat: 0.30733360189148967, nat_loss: 0.009832039475440979, weight_adv: 0.6926663981085104, adv_loss: 0.014393050223588943 weight-klloss3 0.05 Loss3: 0.004245303571224213 clean_ce: 0.58498215675354, adv_ce: 3.1902577877044678, adv_margin: 1.4250309467315674, clean_gate: 0.388070285320282, teacher_margin: 1.8417954444885254, teacher_margin_gate: 0.7183699607849121, teacher_clean_gate: 1.0, teacher_adv_gate: 1.0, tm_grad_cos: 1.0, tm_scale: 1.0, tm_ps_scale: 1.0
2026-09-15 07:31:40.984 | INFO     | __main__:<module>:872 - lr:0.1 weight_nat: 0.30992041423266814, nat_loss: 0.01029063668102026, weight_adv: 0.6900795857673319, adv_loss: 0.013905102387070656 weight-klloss3 0.05 Loss3: 0.004603227600455284 clean_ce: 0.6334167718887329, adv_ce: 3.014714479446411, adv_margin: 1.2862964868545532, clean_gate: 0.4040384888648987, teacher_margin: 1.6909618377685547, teacher_margin_gate: 0.6924784183502197, teacher_clean_gate: 1.0, teacher_adv_gate: 1.0, tm_grad_cos: 1.0, tm_scale: 1.0, tm_ps_scale: 1.0
2026-09-15 07:33:30.107 | INFO     | __main__:<module>:872 - lr:0.1 weight_nat: 0.31533269310155193, nat_loss: 0.010859315283596516, weight_adv: 0.6846673068984481, adv_loss: 0.014820436015725136 weight-klloss3 0.05 Loss3: 0.004269112832844257 clean_ce: 0.6333861351013184, adv_ce: 3.3642208576202393, adv_margin: 1.5873987674713135, clean_gate: 0.3677748441696167, teacher_margin: 1.8556091785430908, teacher_margin_gate: 0.6795241236686707, teacher_clean_gate: 1.0, teacher_adv_gate: 1.0, tm_grad_cos: 1.0, tm_scale: 1.0, tm_ps_scale: 1.0
2026-09-15 07:35:07.456 | INFO     | __main__:<module>:875 - TRAIN_EPOCH_RESOURCE epoch=97 seconds=425.0703805834055 peak_allocated_bytes=13380866560
2026-09-15 07:35:07.457 | INFO     | __main__:<module>:482 - METHOD epoch=98 views=1 awp_gamma=0.0 consistency_weight=0.0
2026-09-15 07:35:07.457 | INFO     | __main__:<module>:485 - the 98th epoch 
2026-09-15 07:35:08.543 | INFO     | __main__:<module>:872 - lr:0.1 weight_nat: 0.3139517927398412, nat_loss: 0.010517207905650139, weight_adv: 0.6860482072601588, adv_loss: 0.014765292406082153 weight-klloss3 0.05 Loss3: 0.00388001324608922 clean_ce: 0.6519962549209595, adv_ce: 3.337144374847412, adv_margin: 1.4231083393096924, clean_gate: 0.3709225654602051, teacher_margin: 1.877922773361206, teacher_margin_gate: 0.6762521266937256, teacher_clean_gate: 1.0, teacher_adv_gate: 1.0, tm_grad_cos: 1.0, tm_scale: 1.0, tm_ps_scale: 1.0
2026-09-15 07:36:57.560 | INFO     | __main__:<module>:872 - lr:0.1 weight_nat: 0.3082799130011055, nat_loss: 0.009741437621414661, weight_adv: 0.6917200869988944, adv_loss: 0.014536768198013306 weight-klloss3 0.05 Loss3: 0.0036615263670682907 clean_ce: 0.6276372671127319, adv_ce: 3.2753777503967285, adv_margin: 1.3521003723144531, clean_gate: 0.3849372863769531, teacher_margin: 1.723799705505371, teacher_margin_gate: 0.6789000630378723, teacher_clean_gate: 1.0, teacher_adv_gate: 1.0, tm_grad_cos: 1.0, tm_scale: 1.0, tm_ps_scale: 1.0
2026-09-15 07:38:45.805 | INFO     | __main__:<module>:872 - lr:0.1 weight_nat: 0.3114414877891233, nat_loss: 0.009464969858527184, weight_adv: 0.6885585122108767, adv_loss: 0.012775430455803871 weight-klloss3 0.05 Loss3: 0.003995294217020273 clean_ce: 0.6259379386901855, adv_ce: 2.911642551422119, adv_margin: 1.1520622968673706, clean_gate: 0.4326363801956177, teacher_margin: 1.5560542345046997, teacher_margin_gate: 0.7133500576019287, teacher_clean_gate: 1.0, teacher_adv_gate: 1.0, tm_grad_cos: 1.0, tm_scale: 1.0, tm_ps_scale: 1.0
2026-09-15 07:40:36.487 | INFO     | __main__:<module>:872 - lr:0.1 weight_nat: 0.3117518375519208, nat_loss: 0.010347080416977406, weight_adv: 0.6882481624480792, adv_loss: 0.015065114945173264 weight-klloss3 0.05 Loss3: 0.004486612509936094 clean_ce: 0.6005536317825317, adv_ce: 3.2570486068725586, adv_margin: 1.4968417882919312, clean_gate: 0.37725192308425903, teacher_margin: 1.9377295970916748, teacher_margin_gate: 0.7104188203811646, teacher_clean_gate: 1.0, teacher_adv_gate: 1.0, tm_grad_cos: 1.0, tm_scale: 1.0, tm_ps_scale: 1.0
2026-09-15 07:42:14.903 | INFO     | __main__:<module>:875 - TRAIN_EPOCH_RESOURCE epoch=98 seconds=427.44591504335403 peak_allocated_bytes=13380866560
2026-09-15 07:42:14.903 | INFO     | __main__:<module>:482 - METHOD epoch=99 views=1 awp_gamma=0.0 consistency_weight=0.0
2026-09-15 07:42:14.903 | INFO     | __main__:<module>:485 - the 99th epoch 
2026-09-15 07:42:16.001 | INFO     | __main__:<module>:872 - lr:0.1 weight_nat: 0.3114716783312201, nat_loss: 0.009853096678853035, weight_adv: 0.68852832166878, adv_loss: 0.01393003761768341 weight-klloss3 0.05 Loss3: 0.0034664548002183437 clean_ce: 0.6194407939910889, adv_ce: 3.1120238304138184, adv_margin: 1.3506673574447632, clean_gate: 0.402721643447876, teacher_margin: 1.6842174530029297, teacher_margin_gate: 0.6947376728057861, teacher_clean_gate: 1.0, teacher_adv_gate: 1.0, tm_grad_cos: 1.0, tm_scale: 1.0, tm_ps_scale: 1.0
2026-09-15 07:44:05.456 | INFO     | __main__:<module>:872 - lr:0.1 weight_nat: 0.31132511710685534, nat_loss: 0.010422063060104847, weight_adv: 0.6886748828931446, adv_loss: 0.013663423247635365 weight-klloss3 0.05 Loss3: 0.004217177163809538 clean_ce: 0.5650702714920044, adv_ce: 3.301220417022705, adv_margin: 1.578691005706787, clean_gate: 0.3721011281013489, teacher_margin: 1.7710249423980713, teacher_margin_gate: 0.6746546030044556, teacher_clean_gate: 1.0, teacher_adv_gate: 1.0, tm_grad_cos: 1.0, tm_scale: 1.0, tm_ps_scale: 1.0
2026-09-15 07:45:53.672 | INFO     | __main__:<module>:872 - lr:0.1 weight_nat: 0.30680766435890966, nat_loss: 0.009498745203018188, weight_adv: 0.6931923356410903, adv_loss: 0.014509085565805435 weight-klloss3 0.05 Loss3: 0.005466715898364782 clean_ce: 0.5923726558685303, adv_ce: 3.0538253784179688, adv_margin: 1.3342986106872559, clean_gate: 0.4017511010169983, teacher_margin: 1.7803125381469727, teacher_margin_gate: 0.7173789739608765, teacher_clean_gate: 1.0, teacher_adv_gate: 1.0, tm_grad_cos: 1.0, tm_scale: 1.0, tm_ps_scale: 1.0
2026-09-15 07:47:42.194 | INFO     | __main__:<module>:872 - lr:0.1 weight_nat: 0.3116660177950015, nat_loss: 0.008938804268836975, weight_adv: 0.6883339822049984, adv_loss: 0.014391355216503143 weight-klloss3 0.05 Loss3: 0.0035767359659075737 clean_ce: 0.6146215200424194, adv_ce: 3.043217658996582, adv_margin: 1.2406928539276123, clean_gate: 0.4006492495536804, teacher_margin: 1.7532110214233398, teacher_margin_gate: 0.7067409753799438, teacher_clean_gate: 1.0, teacher_adv_gate: 1.0, tm_grad_cos: 1.0, tm_scale: 1.0, tm_ps_scale: 1.0
2026-09-15 07:49:19.581 | INFO     | __main__:<module>:875 - TRAIN_EPOCH_RESOURCE epoch=99 seconds=424.6777665913105 peak_allocated_bytes=13380866560
2026-09-15 07:49:19.581 | INFO     | __main__:<module>:482 - METHOD epoch=100 views=1 awp_gamma=0.0 consistency_weight=0.0
2026-09-15 07:49:19.581 | INFO     | __main__:<module>:485 - the 100th epoch 
2026-09-15 07:49:20.686 | INFO     | __main__:<module>:872 - lr:0.1 weight_nat: 0.31154956389633975, nat_loss: 0.009434322826564312, weight_adv: 0.6884504361036603, adv_loss: 0.014277638867497444 weight-klloss3 0.05 Loss3: 0.0044112675823271275 clean_ce: 0.6313912868499756, adv_ce: 3.0188751220703125, adv_margin: 1.2182769775390625, clean_gate: 0.40297889709472656, teacher_margin: 1.7629932165145874, teacher_margin_gate: 0.7162820100784302, teacher_clean_gate: 1.0, teacher_adv_gate: 1.0, tm_grad_cos: 1.0, tm_scale: 1.0, tm_ps_scale: 1.0
2026-09-15 07:51:07.912 | INFO     | __main__:<module>:872 - lr:0.1 weight_nat: 0.30944677659960695, nat_loss: 0.008831729181110859, weight_adv: 0.6905532234003932, adv_loss: 0.013737121596932411 weight-klloss3 0.05 Loss3: 0.004145803861320019 clean_ce: 0.5979494452476501, adv_ce: 2.992718458175659, adv_margin: 1.2162550687789917, clean_gate: 0.41620975732803345, teacher_margin: 1.716581106185913, teacher_margin_gate: 0.7394586801528931, teacher_clean_gate: 1.0, teacher_adv_gate: 1.0, tm_grad_cos: 1.0, tm_scale: 1.0, tm_ps_scale: 1.0
2026-09-15 07:52:54.690 | INFO     | __main__:<module>:872 - lr:0.1 weight_nat: 0.3087678337418889, nat_loss: 0.009661100804805756, weight_adv: 0.6912321662581111, adv_loss: 0.014766765758395195 weight-klloss3 0.05 Loss3: 0.0041787466034293175 clean_ce: 0.6292665004730225, adv_ce: 3.0858616828918457, adv_margin: 1.269660234451294, clean_gate: 0.3900454044342041, teacher_margin: 1.8242512941360474, teacher_margin_gate: 0.7036663293838501, teacher_clean_gate: 1.0, teacher_adv_gate: 1.0, tm_grad_cos: 1.0, tm_scale: 1.0, tm_ps_scale: 1.0
2026-09-15 07:54:43.742 | INFO     | __main__:<module>:872 - lr:0.1 weight_nat: 0.3106334879542649, nat_loss: 0.009940112009644508, weight_adv: 0.6893665120457351, adv_loss: 0.015238079242408276 weight-klloss3 0.05 Loss3: 0.003877724055200815 clean_ce: 0.667242705821991, adv_ce: 3.043447732925415, adv_margin: 1.1899340152740479, clean_gate: 0.4144212305545807, teacher_margin: 1.8512089252471924, teacher_margin_gate: 0.7530391216278076, teacher_clean_gate: 1.0, teacher_adv_gate: 1.0, tm_grad_cos: 1.0, tm_scale: 1.0, tm_ps_scale: 1.0
2026-09-15 07:56:19.768 | INFO     | __main__:<module>:875 - TRAIN_EPOCH_RESOURCE epoch=100 seconds=420.1867245361209 peak_allocated_bytes=13380866560
2026-09-15 07:57:17.991 | INFO     | __main__:<module>:934 - student robust acc 0.2868, teacher robust acc 0.4785, nat teacher robust acc 0.3721
2026-09-15 07:57:43.487 | INFO     | __main__:<module>:1007 - best accuracy:0.44189999999999996
2026-09-15 07:57:43.488 | INFO     | __main__:<module>:1010 - student natural acc 0.5970, adv teacher natural acc 0.6228, nat teacher natural acc 0.7650
2026-09-15 07:57:43.489 | INFO     | __main__:<module>:482 - METHOD epoch=101 views=1 awp_gamma=0.0 consistency_weight=0.0
2026-09-15 07:57:43.490 | INFO     | __main__:<module>:485 - the 101th epoch 
2026-09-15 07:57:44.605 | INFO     | __main__:<module>:872 - lr:0.1 weight_nat: 0.3132518614145756, nat_loss: 0.009449371136724949, weight_adv: 0.6867481385854245, adv_loss: 0.013182276859879494 weight-klloss3 0.05 Loss3: 0.0038375845178961754 clean_ce: 0.6365387439727783, adv_ce: 2.95381498336792, adv_margin: 1.1870054006576538, clean_gate: 0.4278068542480469, teacher_margin: 1.530488133430481, teacher_margin_gate: 0.701213002204895, teacher_clean_gate: 1.0, teacher_adv_gate: 1.0, tm_grad_cos: 1.0, tm_scale: 1.0, tm_ps_scale: 1.0
2026-09-15 07:59:32.609 | INFO     | __main__:<module>:872 - lr:0.1 weight_nat: 0.3091842269673123, nat_loss: 0.010869532823562622, weight_adv: 0.6908157730326877, adv_loss: 0.014165863394737244 weight-klloss3 0.05 Loss3: 0.003534996649250388 clean_ce: 0.6015492677688599, adv_ce: 3.3422505855560303, adv_margin: 1.5759963989257812, clean_gate: 0.3699333071708679, teacher_margin: 1.85345458984375, teacher_margin_gate: 0.6733936071395874, teacher_clean_gate: 1.0, teacher_adv_gate: 1.0, tm_grad_cos: 1.0, tm_scale: 1.0, tm_ps_scale: 1.0
2026-09-15 08:01:19.891 | INFO     | __main__:<module>:872 - lr:0.1 weight_nat: 0.30722191660883996, nat_loss: 0.008961149491369724, weight_adv: 0.6927780833911601, adv_loss: 0.014982393942773342 weight-klloss3 0.05 Loss3: 0.0038550887256860733 clean_ce: 0.6034449338912964, adv_ce: 3.197072744369507, adv_margin: 1.3242547512054443, clean_gate: 0.39526379108428955, teacher_margin: 1.8371191024780273, teacher_margin_gate: 0.7101349234580994, teacher_clean_gate: 1.0, teacher_adv_gate: 1.0, tm_grad_cos: 1.0, tm_scale: 1.0, tm_ps_scale: 1.0
2026-09-15 08:03:07.666 | INFO     | __main__:<module>:872 - lr:0.1 weight_nat: 0.309089439273356, nat_loss: 0.01004159264266491, weight_adv: 0.690910560726644, adv_loss: 0.01503189466893673 weight-klloss3 0.05 Loss3: 0.002850264310836792 clean_ce: 0.5989978909492493, adv_ce: 3.132502794265747, adv_margin: 1.3960742950439453, clean_gate: 0.39519670605659485, teacher_margin: 1.7728540897369385, teacher_margin_gate: 0.6988937258720398, teacher_clean_gate: 1.0, teacher_adv_gate: 1.0, tm_grad_cos: 1.0, tm_scale: 1.0, tm_ps_scale: 1.0
2026-09-15 08:04:44.933 | INFO     | __main__:<module>:875 - TRAIN_EPOCH_RESOURCE epoch=101 seconds=421.4433280713856 peak_allocated_bytes=13380866560
2026-09-15 08:04:44.933 | INFO     | __main__:<module>:482 - METHOD epoch=102 views=1 awp_gamma=0.0 consistency_weight=0.0
2026-09-15 08:04:44.933 | INFO     | __main__:<module>:485 - the 102th epoch 
2026-09-15 08:04:46.062 | INFO     | __main__:<module>:872 - lr:0.1 weight_nat: 0.31099936492935304, nat_loss: 0.010182125493884087, weight_adv: 0.6890006350706469, adv_loss: 0.01466647069901228 weight-klloss3 0.05 Loss3: 0.0036317454650998116 clean_ce: 0.6453659534454346, adv_ce: 3.218888282775879, adv_margin: 1.355860710144043, clean_gate: 0.3960472345352173, teacher_margin: 1.7782171964645386, teacher_margin_gate: 0.7071032524108887, teacher_clean_gate: 1.0, teacher_adv_gate: 1.0, tm_grad_cos: 1.0, tm_scale: 1.0, tm_ps_scale: 1.0
2026-09-15 08:06:33.764 | INFO     | __main__:<module>:872 - lr:0.1 weight_nat: 0.31196462544482617, nat_loss: 0.010152251459658146, weight_adv: 0.6880353745551738, adv_loss: 0.014913130551576614 weight-klloss3 0.05 Loss3: 0.004125178791582584 clean_ce: 0.5888989567756653, adv_ce: 3.362011194229126, adv_margin: 1.6168184280395508, clean_gate: 0.36303430795669556, teacher_margin: 2.009345293045044, teacher_margin_gate: 0.7029947638511658, teacher_clean_gate: 1.0, teacher_adv_gate: 1.0, tm_grad_cos: 1.0, tm_scale: 1.0, tm_ps_scale: 1.0
2026-09-15 08:08:21.308 | INFO     | __main__:<module>:872 - lr:0.1 weight_nat: 0.30962252775069227, nat_loss: 0.008841863833367825, weight_adv: 0.6903774722493077, adv_loss: 0.014183588325977325 weight-klloss3 0.05 Loss3: 0.004916675388813019 clean_ce: 0.6120297908782959, adv_ce: 3.0751755237579346, adv_margin: 1.2481226921081543, clean_gate: 0.4093185067176819, teacher_margin: 1.5757317543029785, teacher_margin_gate: 0.6793457269668579, teacher_clean_gate: 1.0, teacher_adv_gate: 1.0, tm_grad_cos: 1.0, tm_scale: 1.0, tm_ps_scale: 1.0
2026-09-15 08:10:08.111 | INFO     | __main__:<module>:872 - lr:0.1 weight_nat: 0.3068127343074093, nat_loss: 0.010531477630138397, weight_adv: 0.6931872656925908, adv_loss: 0.013707933947443962 weight-klloss3 0.05 Loss3: 0.004783978685736656 clean_ce: 0.6179460287094116, adv_ce: 3.1930792331695557, adv_margin: 1.4718608856201172, clean_gate: 0.38675302267074585, teacher_margin: 1.8249995708465576, teacher_margin_gate: 0.7094892263412476, teacher_clean_gate: 1.0, teacher_adv_gate: 1.0, tm_grad_cos: 1.0, tm_scale: 1.0, tm_ps_scale: 1.0
2026-09-15 08:11:45.274 | INFO     | __main__:<module>:875 - TRAIN_EPOCH_RESOURCE epoch=102 seconds=420.3410433270037 peak_allocated_bytes=13380866560
2026-09-15 08:11:45.275 | INFO     | __main__:<module>:482 - METHOD epoch=103 views=1 awp_gamma=0.0 consistency_weight=0.0
2026-09-15 08:11:45.275 | INFO     | __main__:<module>:485 - the 103th epoch 
2026-09-15 08:11:46.359 | INFO     | __main__:<module>:872 - lr:0.1 weight_nat: 0.30797196032249746, nat_loss: 0.01024957187473774, weight_adv: 0.6920280396775025, adv_loss: 0.014511507004499435 weight-klloss3 0.05 Loss3: 0.0040277717635035515 clean_ce: 0.6212888956069946, adv_ce: 3.13189697265625, adv_margin: 1.335437297821045, clean_gate: 0.3944573700428009, teacher_margin: 1.8134511709213257, teacher_margin_gate: 0.70975661277771, teacher_clean_gate: 1.0, teacher_adv_gate: 1.0, tm_grad_cos: 1.0, tm_scale: 1.0, tm_ps_scale: 1.0
2026-09-15 08:13:32.862 | INFO     | __main__:<module>:872 - lr:0.1 weight_nat: 0.3087863584921689, nat_loss: 0.009580055251717567, weight_adv: 0.6912136415078312, adv_loss: 0.013703168369829655 weight-klloss3 0.05 Loss3: 0.003696778090670705 clean_ce: 0.5951931476593018, adv_ce: 3.0829107761383057, adv_margin: 1.3231720924377441, clean_gate: 0.40398773550987244, teacher_margin: 1.544797658920288, teacher_margin_gate: 0.666988730430603, teacher_clean_gate: 1.0, teacher_adv_gate: 1.0, tm_grad_cos: 1.0, tm_scale: 1.0, tm_ps_scale: 1.0
2026-09-15 08:15:22.166 | INFO     | __main__:<module>:872 - lr:0.1 weight_nat: 0.3074152647940895, nat_loss: 0.009987523779273033, weight_adv: 0.6925847352059106, adv_loss: 0.014333671890199184 weight-klloss3 0.05 Loss3: 0.003846266772598028 clean_ce: 0.592505156993866, adv_ce: 3.175313711166382, adv_margin: 1.5202598571777344, clean_gate: 0.37629276514053345, teacher_margin: 1.8259665966033936, teacher_margin_gate: 0.6948485970497131, teacher_clean_gate: 1.0, teacher_adv_gate: 1.0, tm_grad_cos: 1.0, tm_scale: 1.0, tm_ps_scale: 1.0
2026-09-15 08:17:14.795 | INFO     | __main__:<module>:872 - lr:0.1 weight_nat: 0.30954584661887014, nat_loss: 0.009855985641479492, weight_adv: 0.6904541533811299, adv_loss: 0.013820359483361244 weight-klloss3 0.05 Loss3: 0.004589269869029522 clean_ce: 0.6266955137252808, adv_ce: 3.0050675868988037, adv_margin: 1.2492742538452148, clean_gate: 0.41275331377983093, teacher_margin: 1.6703803539276123, teacher_margin_gate: 0.7175328135490417, teacher_clean_gate: 1.0, teacher_adv_gate: 1.0, tm_grad_cos: 1.0, tm_scale: 1.0, tm_ps_scale: 1.0
2026-09-15 08:18:51.926 | INFO     | __main__:<module>:875 - TRAIN_EPOCH_RESOURCE epoch=103 seconds=426.6507231928408 peak_allocated_bytes=13380866560
2026-09-15 08:18:51.926 | INFO     | __main__:<module>:482 - METHOD epoch=104 views=1 awp_gamma=0.0 consistency_weight=0.0
2026-09-15 08:18:51.926 | INFO     | __main__:<module>:485 - the 104th epoch 
2026-09-15 08:18:53.017 | INFO     | __main__:<module>:872 - lr:0.1 weight_nat: 0.3094830863038353, nat_loss: 0.00965118408203125, weight_adv: 0.6905169136961646, adv_loss: 0.013808353804051876 weight-klloss3 0.05 Loss3: 0.004428689368069172 clean_ce: 0.610872209072113, adv_ce: 2.990989923477173, adv_margin: 1.234045386314392, clean_gate: 0.4023782014846802, teacher_margin: 1.7052136659622192, teacher_margin_gate: 0.6871072053909302, teacher_clean_gate: 1.0, teacher_adv_gate: 1.0, tm_grad_cos: 1.0, tm_scale: 1.0, tm_ps_scale: 1.0
2026-09-15 08:20:40.558 | INFO     | __main__:<module>:872 - lr:0.1 weight_nat: 0.30940682300165273, nat_loss: 0.01062542200088501, weight_adv: 0.6905931769983473, adv_loss: 0.013572784140706062 weight-klloss3 0.05 Loss3: 0.004000389017164707 clean_ce: 0.6248084902763367, adv_ce: 3.227708578109741, adv_margin: 1.461552381515503, clean_gate: 0.3815438151359558, teacher_margin: 1.8130536079406738, teacher_margin_gate: 0.6977807283401489, teacher_clean_gate: 1.0, teacher_adv_gate: 1.0, tm_grad_cos: 1.0, tm_scale: 1.0, tm_ps_scale: 1.0
2026-09-15 08:22:28.165 | INFO     | __main__:<module>:872 - lr:0.1 weight_nat: 0.3085747056591358, nat_loss: 0.009423387236893177, weight_adv: 0.6914252943408642, adv_loss: 0.01371695101261139 weight-klloss3 0.05 Loss3: 0.004360422492027283 clean_ce: 0.5856348872184753, adv_ce: 3.1431679725646973, adv_margin: 1.4412841796875, clean_gate: 0.3838752210140228, teacher_margin: 1.779281497001648, teacher_margin_gate: 0.6929302215576172, teacher_clean_gate: 1.0, teacher_adv_gate: 1.0, tm_grad_cos: 1.0, tm_scale: 1.0, tm_ps_scale: 1.0
2026-09-15 08:24:17.587 | INFO     | __main__:<module>:872 - lr:0.1 weight_nat: 0.3060902040265351, nat_loss: 0.010298270732164383, weight_adv: 0.693909795973465, adv_loss: 0.015730034559965134 weight-klloss3 0.05 Loss3: 0.0044846488162875175 clean_ce: 0.6234654784202576, adv_ce: 3.2786362171173096, adv_margin: 1.5191067457199097, clean_gate: 0.3735637068748474, teacher_margin: 1.962976336479187, teacher_margin_gate: 0.6931346654891968, teacher_clean_gate: 1.0, teacher_adv_gate: 1.0, tm_grad_cos: 1.0, tm_scale: 1.0, tm_ps_scale: 1.0
2026-09-15 08:25:58.627 | INFO     | __main__:<module>:875 - TRAIN_EPOCH_RESOURCE epoch=104 seconds=426.7006885558367 peak_allocated_bytes=13380866560
2026-09-15 08:25:58.627 | INFO     | __main__:<module>:482 - METHOD epoch=105 views=1 awp_gamma=0.0 consistency_weight=0.0
2026-09-15 08:25:58.627 | INFO     | __main__:<module>:485 - the 105th epoch 
2026-09-15 08:25:59.771 | INFO     | __main__:<module>:872 - lr:0.1 weight_nat: 0.3093120396787433, nat_loss: 0.010285110212862492, weight_adv: 0.6906879603212568, adv_loss: 0.014050641097128391 weight-klloss3 0.05 Loss3: 0.004059643018990755 clean_ce: 0.6232784390449524, adv_ce: 3.2701058387756348, adv_margin: 1.4484336376190186, clean_gate: 0.392971932888031, teacher_margin: 1.7201015949249268, teacher_margin_gate: 0.6961815357208252, teacher_clean_gate: 1.0, teacher_adv_gate: 1.0, tm_grad_cos: 1.0, tm_scale: 1.0, tm_ps_scale: 1.0
2026-09-15 08:27:50.504 | INFO     | __main__:<module>:872 - lr:0.1 weight_nat: 0.3077706161557206, nat_loss: 0.008796390146017075, weight_adv: 0.6922293838442795, adv_loss: 0.014366856776177883 weight-klloss3 0.05 Loss3: 0.0032492433674633503 clean_ce: 0.6232306957244873, adv_ce: 3.0936741828918457, adv_margin: 1.2594584226608276, clean_gate: 0.40586403012275696, teacher_margin: 1.7335708141326904, teacher_margin_gate: 0.7159285545349121, teacher_clean_gate: 1.0, teacher_adv_gate: 1.0, tm_grad_cos: 1.0, tm_scale: 1.0, tm_ps_scale: 1.0
2026-09-15 08:29:40.405 | INFO     | __main__:<module>:872 - lr:0.1 weight_nat: 0.3093965475101752, nat_loss: 0.010202331468462944, weight_adv: 0.6906034524898248, adv_loss: 0.014844943769276142 weight-klloss3 0.05 Loss3: 0.0038850358687341213 clean_ce: 0.6262519955635071, adv_ce: 3.2846357822418213, adv_margin: 1.4164807796478271, clean_gate: 0.39337557554244995, teacher_margin: 1.864770770072937, teacher_margin_gate: 0.7250171303749084, teacher_clean_gate: 1.0, teacher_adv_gate: 1.0, tm_grad_cos: 1.0, tm_scale: 1.0, tm_ps_scale: 1.0
2026-09-15 08:31:31.282 | INFO     | __main__:<module>:872 - lr:0.1 weight_nat: 0.30349677672633046, nat_loss: 0.00890006497502327, weight_adv: 0.6965032232736695, adv_loss: 0.015386929735541344 weight-klloss3 0.05 Loss3: 0.004616511519998312 clean_ce: 0.5974162817001343, adv_ce: 3.0728447437286377, adv_margin: 1.2890297174453735, clean_gate: 0.3937641978263855, teacher_margin: 1.9812405109405518, teacher_margin_gate: 0.7488961815834045, teacher_clean_gate: 1.0, teacher_adv_gate: 1.0, tm_grad_cos: 1.0, tm_scale: 1.0, tm_ps_scale: 1.0
2026-09-15 08:33:10.261 | INFO     | __main__:<module>:875 - TRAIN_EPOCH_RESOURCE epoch=105 seconds=431.6336932592094 peak_allocated_bytes=13380866560
2026-09-15 08:33:10.261 | INFO     | __main__:<module>:482 - METHOD epoch=106 views=1 awp_gamma=0.0 consistency_weight=0.0
2026-09-15 08:33:10.261 | INFO     | __main__:<module>:485 - the 106th epoch 
2026-09-15 08:33:11.328 | INFO     | __main__:<module>:872 - lr:0.1 weight_nat: 0.30788060644408005, nat_loss: 0.009788399562239647, weight_adv: 0.69211939355592, adv_loss: 0.013558750040829182 weight-klloss3 0.05 Loss3: 0.004618392325937748 clean_ce: 0.6067531704902649, adv_ce: 3.0896756649017334, adv_margin: 1.2842755317687988, clean_gate: 0.397217333316803, teacher_margin: 1.769141435623169, teacher_margin_gate: 0.7017070055007935, teacher_clean_gate: 1.0, teacher_adv_gate: 1.0, tm_grad_cos: 1.0, tm_scale: 1.0, tm_ps_scale: 1.0
2026-09-15 08:35:00.528 | INFO     | __main__:<module>:872 - lr:0.1 weight_nat: 0.3077581548904472, nat_loss: 0.010334517806768417, weight_adv: 0.6922418451095528, adv_loss: 0.014343398623168468 weight-klloss3 0.05 Loss3: 0.003663233481347561 clean_ce: 0.6291302442550659, adv_ce: 3.3100595474243164, adv_margin: 1.4724771976470947, clean_gate: 0.38279396295547485, teacher_margin: 1.784264087677002, teacher_margin_gate: 0.6821079254150391, teacher_clean_gate: 1.0, teacher_adv_gate: 1.0, tm_grad_cos: 1.0, tm_scale: 1.0, tm_ps_scale: 1.0
2026-09-15 08:36:48.108 | INFO     | __main__:<module>:872 - lr:0.1 weight_nat: 0.30512853140658536, nat_loss: 0.009823990985751152, weight_adv: 0.6948714685934146, adv_loss: 0.01351180486381054 weight-klloss3 0.05 Loss3: 0.0028605530969798565 clean_ce: 0.6154965162277222, adv_ce: 2.787126064300537, adv_margin: 1.0019954442977905, clean_gate: 0.44254112243652344, teacher_margin: 1.5873316526412964, teacher_margin_gate: 0.7293082475662231, teacher_clean_gate: 1.0, teacher_adv_gate: 1.0, tm_grad_cos: 1.0, tm_scale: 1.0, tm_ps_scale: 1.0
2026-09-15 08:38:38.131 | INFO     | __main__:<module>:872 - lr:0.1 weight_nat: 0.3069126534398412, nat_loss: 0.008847429417073727, weight_adv: 0.6930873465601588, adv_loss: 0.014508829452097416 weight-klloss3 0.05 Loss3: 0.005435164086520672 clean_ce: 0.5953977108001709, adv_ce: 3.076554775238037, adv_margin: 1.19834303855896, clean_gate: 0.4060823321342468, teacher_margin: 1.848970651626587, teacher_margin_gate: 0.735097348690033, teacher_clean_gate: 1.0, teacher_adv_gate: 1.0, tm_grad_cos: 1.0, tm_scale: 1.0, tm_ps_scale: 1.0
2026-09-15 08:40:15.689 | INFO     | __main__:<module>:875 - TRAIN_EPOCH_RESOURCE epoch=106 seconds=425.4277189336717 peak_allocated_bytes=13380866560
2026-09-15 08:40:15.689 | INFO     | __main__:<module>:482 - METHOD epoch=107 views=1 awp_gamma=0.0 consistency_weight=0.0
2026-09-15 08:40:15.689 | INFO     | __main__:<module>:485 - the 107th epoch 
2026-09-15 08:40:16.788 | INFO     | __main__:<module>:872 - lr:0.1 weight_nat: 0.30754547863856524, nat_loss: 0.010097903199493885, weight_adv: 0.6924545213614348, adv_loss: 0.013870123773813248 weight-klloss3 0.05 Loss3: 0.005715246312320232 clean_ce: 0.5888793468475342, adv_ce: 3.169771671295166, adv_margin: 1.4393315315246582, clean_gate: 0.3785560727119446, teacher_margin: 1.8182402849197388, teacher_margin_gate: 0.68961101770401, teacher_clean_gate: 1.0, teacher_adv_gate: 1.0, tm_grad_cos: 1.0, tm_scale: 1.0, tm_ps_scale: 1.0
2026-09-15 08:42:04.527 | INFO     | __main__:<module>:872 - lr:0.1 weight_nat: 0.30865316316990393, nat_loss: 0.009834758937358856, weight_adv: 0.6913468368300961, adv_loss: 0.015007678419351578 weight-klloss3 0.05 Loss3: 0.0047332909889519215 clean_ce: 0.5610225200653076, adv_ce: 3.1691601276397705, adv_margin: 1.3946771621704102, clean_gate: 0.38948535919189453, teacher_margin: 1.9053577184677124, teacher_margin_gate: 0.7228327989578247, teacher_clean_gate: 1.0, teacher_adv_gate: 1.0, tm_grad_cos: 1.0, tm_scale: 1.0, tm_ps_scale: 1.0
2026-09-15 08:43:52.813 | INFO     | __main__:<module>:872 - lr:0.1 weight_nat: 0.30530696091482923, nat_loss: 0.009143917821347713, weight_adv: 0.6946930390851708, adv_loss: 0.014915889129042625 weight-klloss3 0.05 Loss3: 0.0038740644231438637 clean_ce: 0.6222040057182312, adv_ce: 2.9484527111053467, adv_margin: 1.1334413290023804, clean_gate: 0.4174531102180481, teacher_margin: 1.8214740753173828, teacher_margin_gate: 0.7474590539932251, teacher_clean_gate: 1.0, teacher_adv_gate: 1.0, tm_grad_cos: 1.0, tm_scale: 1.0, tm_ps_scale: 1.0
2026-09-15 08:45:43.223 | INFO     | __main__:<module>:872 - lr:0.1 weight_nat: 0.307589199160431, nat_loss: 0.009604155085980892, weight_adv: 0.6924108008395691, adv_loss: 0.015282228589057922 weight-klloss3 0.05 Loss3: 0.004676938988268375 clean_ce: 0.5746344327926636, adv_ce: 3.2228734493255615, adv_margin: 1.433236837387085, clean_gate: 0.37988269329071045, teacher_margin: 2.002448558807373, teacher_margin_gate: 0.7271033525466919, teacher_clean_gate: 1.0, teacher_adv_gate: 1.0, tm_grad_cos: 1.0, tm_scale: 1.0, tm_ps_scale: 1.0
2026-09-15 08:47:21.971 | INFO     | __main__:<module>:875 - TRAIN_EPOCH_RESOURCE epoch=107 seconds=426.2816023118794 peak_allocated_bytes=13380866560
2026-09-15 08:47:21.971 | INFO     | __main__:<module>:482 - METHOD epoch=108 views=1 awp_gamma=0.0 consistency_weight=0.0
2026-09-15 08:47:21.971 | INFO     | __main__:<module>:485 - the 108th epoch 
2026-09-15 08:47:23.114 | INFO     | __main__:<module>:872 - lr:0.1 weight_nat: 0.3061499673653909, nat_loss: 0.00989719107747078, weight_adv: 0.6938500326346092, adv_loss: 0.015030886977910995 weight-klloss3 0.05 Loss3: 0.0038656797260046005 clean_ce: 0.602627158164978, adv_ce: 3.3783247470855713, adv_margin: 1.558220386505127, clean_gate: 0.3582095801830292, teacher_margin: 1.9825305938720703, teacher_margin_gate: 0.7016843557357788, teacher_clean_gate: 1.0, teacher_adv_gate: 1.0, tm_grad_cos: 1.0, tm_scale: 1.0, tm_ps_scale: 1.0
2026-09-15 08:49:12.324 | INFO     | __main__:<module>:872 - lr:0.1 weight_nat: 0.30688501514526473, nat_loss: 0.010197162628173828, weight_adv: 0.6931149848547353, adv_loss: 0.0140394801273942 weight-klloss3 0.05 Loss3: 0.004111395217478275 clean_ce: 0.6295627355575562, adv_ce: 3.084001302719116, adv_margin: 1.3281097412109375, clean_gate: 0.3933001756668091, teacher_margin: 1.814293384552002, teacher_margin_gate: 0.7176507115364075, teacher_clean_gate: 1.0, teacher_adv_gate: 1.0, tm_grad_cos: 1.0, tm_scale: 1.0, tm_ps_scale: 1.0
2026-09-15 08:51:00.637 | INFO     | __main__:<module>:872 - lr:0.1 weight_nat: 0.30784062350247837, nat_loss: 0.009687360376119614, weight_adv: 0.6921593764975216, adv_loss: 0.015213090926408768 weight-klloss3 0.05 Loss3: 0.0037893406115472317 clean_ce: 0.616012454032898, adv_ce: 3.1017045974731445, adv_margin: 1.26131272315979, clean_gate: 0.41087377071380615, teacher_margin: 1.8801653385162354, teacher_margin_gate: 0.751483678817749, teacher_clean_gate: 1.0, teacher_adv_gate: 1.0, tm_grad_cos: 1.0, tm_scale: 1.0, tm_ps_scale: 1.0
2026-09-15 08:52:50.586 | INFO     | __main__:<module>:872 - lr:0.1 weight_nat: 0.3080504419621268, nat_loss: 0.01009256113320589, weight_adv: 0.6919495580378732, adv_loss: 0.015531075187027454 weight-klloss3 0.05 Loss3: 0.00389210251159966 clean_ce: 0.5900992155075073, adv_ce: 3.236877918243408, adv_margin: 1.505497932434082, clean_gate: 0.37803807854652405, teacher_margin: 1.953296422958374, teacher_margin_gate: 0.711196780204773, teacher_clean_gate: 1.0, teacher_adv_gate: 1.0, tm_grad_cos: 1.0, tm_scale: 1.0, tm_ps_scale: 1.0
2026-09-15 08:54:28.917 | INFO     | __main__:<module>:875 - TRAIN_EPOCH_RESOURCE epoch=108 seconds=426.94557575136423 peak_allocated_bytes=13380866560
2026-09-15 08:54:28.917 | INFO     | __main__:<module>:482 - METHOD epoch=109 views=1 awp_gamma=0.0 consistency_weight=0.0
2026-09-15 08:54:28.917 | INFO     | __main__:<module>:485 - the 109th epoch 
2026-09-15 08:54:30.037 | INFO     | __main__:<module>:872 - lr:0.1 weight_nat: 0.3082783893693301, nat_loss: 0.00979556329548359, weight_adv: 0.69172161063067, adv_loss: 0.014244146645069122 weight-klloss3 0.05 Loss3: 0.004862447269260883 clean_ce: 0.6198299527168274, adv_ce: 2.9733126163482666, adv_margin: 1.2585011720657349, clean_gate: 0.4154345393180847, teacher_margin: 1.8412210941314697, teacher_margin_gate: 0.7432899475097656, teacher_clean_gate: 1.0, teacher_adv_gate: 1.0, tm_grad_cos: 1.0, tm_scale: 1.0, tm_ps_scale: 1.0
2026-09-15 08:56:17.600 | INFO     | __main__:<module>:872 - lr:0.1 weight_nat: 0.30747721269070294, nat_loss: 0.00964046735316515, weight_adv: 0.6925227873092971, adv_loss: 0.013594330288469791 weight-klloss3 0.05 Loss3: 0.004204529337584972 clean_ce: 0.5932530760765076, adv_ce: 3.1402456760406494, adv_margin: 1.4163298606872559, clean_gate: 0.3895532190799713, teacher_margin: 1.7756967544555664, teacher_margin_gate: 0.6986987590789795, teacher_clean_gate: 1.0, teacher_adv_gate: 1.0, tm_grad_cos: 1.0, tm_scale: 1.0, tm_ps_scale: 1.0
2026-09-15 08:58:05.948 | INFO     | __main__:<module>:872 - lr:0.1 weight_nat: 0.3048780621379534, nat_loss: 0.009081550873816013, weight_adv: 0.6951219378620466, adv_loss: 0.015608614310622215 weight-klloss3 0.05 Loss3: 0.0036348470021039248 clean_ce: 0.6093785762786865, adv_ce: 3.065359592437744, adv_margin: 1.2377063035964966, clean_gate: 0.40691253542900085, teacher_margin: 1.8725836277008057, teacher_margin_gate: 0.7389851808547974, teacher_clean_gate: 1.0, teacher_adv_gate: 1.0, tm_grad_cos: 1.0, tm_scale: 1.0, tm_ps_scale: 1.0
2026-09-15 08:59:52.995 | INFO     | __main__:<module>:872 - lr:0.1 weight_nat: 0.30593701077529895, nat_loss: 0.010012609884142876, weight_adv: 0.6940629892247011, adv_loss: 0.015475771389901638 weight-klloss3 0.05 Loss3: 0.0033955746330320835 clean_ce: 0.5859588384628296, adv_ce: 3.2300937175750732, adv_margin: 1.47891104221344, clean_gate: 0.37662017345428467, teacher_margin: 1.9602429866790771, teacher_margin_gate: 0.7085618376731873, teacher_clean_gate: 1.0, teacher_adv_gate: 1.0, tm_grad_cos: 1.0, tm_scale: 1.0, tm_ps_scale: 1.0
2026-09-15 09:01:32.327 | INFO     | __main__:<module>:875 - TRAIN_EPOCH_RESOURCE epoch=109 seconds=423.4096178598702 peak_allocated_bytes=13380866560
2026-09-15 09:01:32.327 | INFO     | __main__:<module>:482 - METHOD epoch=110 views=1 awp_gamma=0.0 consistency_weight=0.0
2026-09-15 09:01:32.327 | INFO     | __main__:<module>:485 - the 110th epoch 
2026-09-15 09:01:33.421 | INFO     | __main__:<module>:872 - lr:0.1 weight_nat: 0.3026893574561612, nat_loss: 0.008879227563738823, weight_adv: 0.6973106425438389, adv_loss: 0.014130599796772003 weight-klloss3 0.05 Loss3: 0.0043515474535524845 clean_ce: 0.5806725025177002, adv_ce: 3.037924289703369, adv_margin: 1.329968810081482, clean_gate: 0.3952054977416992, teacher_margin: 1.8503673076629639, teacher_margin_gate: 0.7118508815765381, teacher_clean_gate: 1.0, teacher_adv_gate: 1.0, tm_grad_cos: 1.0, tm_scale: 1.0, tm_ps_scale: 1.0
2026-09-15 09:03:23.938 | INFO     | __main__:<module>:872 - lr:0.1 weight_nat: 0.3071185997116178, nat_loss: 0.00974122155457735, weight_adv: 0.6928814002883823, adv_loss: 0.014860675670206547 weight-klloss3 0.05 Loss3: 0.00425501074641943 clean_ce: 0.598398745059967, adv_ce: 3.217027187347412, adv_margin: 1.4419406652450562, clean_gate: 0.39086705446243286, teacher_margin: 1.8658638000488281, teacher_margin_gate: 0.7160882353782654, teacher_clean_gate: 1.0, teacher_adv_gate: 1.0, tm_grad_cos: 1.0, tm_scale: 1.0, tm_ps_scale: 1.0
2026-09-15 09:05:12.849 | INFO     | __main__:<module>:872 - lr:0.1 weight_nat: 0.3037864511805889, nat_loss: 0.0089547885581851, weight_adv: 0.6962135488194111, adv_loss: 0.015536151826381683 weight-klloss3 0.05 Loss3: 0.0031493608839809895 clean_ce: 0.6094036102294922, adv_ce: 3.0868465900421143, adv_margin: 1.2698326110839844, clean_gate: 0.40101727843284607, teacher_margin: 1.9777555465698242, teacher_margin_gate: 0.7423545122146606, teacher_clean_gate: 1.0, teacher_adv_gate: 1.0, tm_grad_cos: 1.0, tm_scale: 1.0, tm_ps_scale: 1.0
2026-09-15 09:07:00.494 | INFO     | __main__:<module>:872 - lr:0.1 weight_nat: 0.30561352035831246, nat_loss: 0.008980367332696915, weight_adv: 0.6943864796416875, adv_loss: 0.014046713709831238 weight-klloss3 0.05 Loss3: 0.004138549789786339 clean_ce: 0.599862813949585, adv_ce: 2.9204511642456055, adv_margin: 1.125515103340149, clean_gate: 0.43205326795578003, teacher_margin: 1.6191411018371582, teacher_margin_gate: 0.7361428737640381, teacher_clean_gate: 1.0, teacher_adv_gate: 1.0, tm_grad_cos: 1.0, tm_scale: 1.0, tm_ps_scale: 1.0
2026-09-15 09:08:39.461 | INFO     | __main__:<module>:875 - TRAIN_EPOCH_RESOURCE epoch=110 seconds=427.1334259547293 peak_allocated_bytes=13380866560
2026-09-15 09:09:37.612 | INFO     | __main__:<module>:934 - student robust acc 0.2922, teacher robust acc 0.4808, nat teacher robust acc 0.3650
2026-09-15 09:09:58.437 | INFO     | __main__:<module>:1007 - best accuracy:0.44835
2026-09-15 09:09:58.437 | INFO     | __main__:<module>:1010 - student natural acc 0.6045, adv teacher natural acc 0.6241, nat teacher natural acc 0.7650
2026-09-15 09:09:58.439 | INFO     | __main__:<module>:482 - METHOD epoch=111 views=1 awp_gamma=0.0 consistency_weight=0.0
2026-09-15 09:09:58.439 | INFO     | __main__:<module>:485 - the 111th epoch 
2026-09-15 09:09:59.566 | INFO     | __main__:<module>:872 - lr:0.1 weight_nat: 0.30337852008058075, nat_loss: 0.00915257167071104, weight_adv: 0.6966214799194193, adv_loss: 0.01374046504497528 weight-klloss3 0.05 Loss3: 0.003841558238491416 clean_ce: 0.5989261269569397, adv_ce: 2.962568521499634, adv_margin: 1.2196812629699707, clean_gate: 0.4085999131202698, teacher_margin: 1.7092230319976807, teacher_margin_gate: 0.7061567306518555, teacher_clean_gate: 1.0, teacher_adv_gate: 1.0, tm_grad_cos: 1.0, tm_scale: 1.0, tm_ps_scale: 1.0
2026-09-15 09:11:47.684 | INFO     | __main__:<module>:872 - lr:0.1 weight_nat: 0.30407901116653113, nat_loss: 0.00912491325289011, weight_adv: 0.6959209888334689, adv_loss: 0.014143770560622215 weight-klloss3 0.05 Loss3: 0.0039304094389081 clean_ce: 0.5932678580284119, adv_ce: 2.908926010131836, adv_margin: 1.181197166442871, clean_gate: 0.43085312843322754, teacher_margin: 1.6740446090698242, teacher_margin_gate: 0.7389935255050659, teacher_clean_gate: 1.0, teacher_adv_gate: 1.0, tm_grad_cos: 1.0, tm_scale: 1.0, tm_ps_scale: 1.0
2026-09-15 09:13:34.278 | INFO     | __main__:<module>:872 - lr:0.1 weight_nat: 0.306188696226337, nat_loss: 0.010176323354244232, weight_adv: 0.6938113037736631, adv_loss: 0.015081210061907768 weight-klloss3 0.05 Loss3: 0.004418784752488136 clean_ce: 0.6108202934265137, adv_ce: 3.1888139247894287, adv_margin: 1.4359835386276245, clean_gate: 0.38037991523742676, teacher_margin: 1.9159290790557861, teacher_margin_gate: 0.6988110542297363, teacher_clean_gate: 1.0, teacher_adv_gate: 1.0, tm_grad_cos: 1.0, tm_scale: 1.0, tm_ps_scale: 1.0
2026-09-15 09:15:23.608 | INFO     | __main__:<module>:872 - lr:0.1 weight_nat: 0.30771520654475804, nat_loss: 0.010378748178482056, weight_adv: 0.692284793455242, adv_loss: 0.014324972406029701 weight-klloss3 0.05 Loss3: 0.00295451981946826 clean_ce: 0.6176062226295471, adv_ce: 3.1874115467071533, adv_margin: 1.3901703357696533, clean_gate: 0.3910350799560547, teacher_margin: 1.7187448740005493, teacher_margin_gate: 0.6774259805679321, teacher_clean_gate: 1.0, teacher_adv_gate: 1.0, tm_grad_cos: 1.0, tm_scale: 1.0, tm_ps_scale: 1.0
2026-09-15 09:17:01.565 | INFO     | __main__:<module>:875 - TRAIN_EPOCH_RESOURCE epoch=111 seconds=423.12592865526676 peak_allocated_bytes=13380866560
2026-09-15 09:17:01.565 | INFO     | __main__:<module>:482 - METHOD epoch=112 views=1 awp_gamma=0.0 consistency_weight=0.0
2026-09-15 09:17:01.565 | INFO     | __main__:<module>:485 - the 112th epoch 
2026-09-15 09:17:02.704 | INFO     | __main__:<module>:872 - lr:0.1 weight_nat: 0.3076253720732102, nat_loss: 0.010088518261909485, weight_adv: 0.6923746279267898, adv_loss: 0.014180821366608143 weight-klloss3 0.05 Loss3: 0.0033905524760484695 clean_ce: 0.610668420791626, adv_ce: 3.1648924350738525, adv_margin: 1.4145481586456299, clean_gate: 0.3934784531593323, teacher_margin: 1.679213523864746, teacher_margin_gate: 0.6800156235694885, teacher_clean_gate: 1.0, teacher_adv_gate: 1.0, tm_grad_cos: 1.0, tm_scale: 1.0, tm_ps_scale: 1.0
2026-09-15 09:18:50.870 | INFO     | __main__:<module>:872 - lr:0.1 weight_nat: 0.30285285331483186, nat_loss: 0.01019752211868763, weight_adv: 0.6971471466851682, adv_loss: 0.014937017112970352 weight-klloss3 0.05 Loss3: 0.00365904881618917 clean_ce: 0.5721105933189392, adv_ce: 3.2640373706817627, adv_margin: 1.5420277118682861, clean_gate: 0.3795085549354553, teacher_margin: 1.958999752998352, teacher_margin_gate: 0.7182885408401489, teacher_clean_gate: 1.0, teacher_adv_gate: 1.0, tm_grad_cos: 1.0, tm_scale: 1.0, tm_ps_scale: 1.0
2026-09-15 09:20:39.314 | INFO     | __main__:<module>:872 - lr:0.1 weight_nat: 0.3033903854577465, nat_loss: 0.009611674584448338, weight_adv: 0.6966096145422536, adv_loss: 0.014212757349014282 weight-klloss3 0.05 Loss3: 0.00493371207267046 clean_ce: 0.6090967655181885, adv_ce: 3.2447688579559326, adv_margin: 1.4510968923568726, clean_gate: 0.38337650895118713, teacher_margin: 1.8496932983398438, teacher_margin_gate: 0.7088682055473328, teacher_clean_gate: 1.0, teacher_adv_gate: 1.0, tm_grad_cos: 1.0, tm_scale: 1.0, tm_ps_scale: 1.0
2026-09-15 09:22:30.565 | INFO     | __main__:<module>:872 - lr:0.1 weight_nat: 0.3050989277494157, nat_loss: 0.00906370673328638, weight_adv: 0.6949010722505844, adv_loss: 0.014028406701982021 weight-klloss3 0.05 Loss3: 0.004924215376377106 clean_ce: 0.6043172478675842, adv_ce: 3.166792631149292, adv_margin: 1.3744897842407227, clean_gate: 0.39444515109062195, teacher_margin: 1.8451467752456665, teacher_margin_gate: 0.722753643989563, teacher_clean_gate: 1.0, teacher_adv_gate: 1.0, tm_grad_cos: 1.0, tm_scale: 1.0, tm_ps_scale: 1.0
2026-09-15 09:24:11.512 | INFO     | __main__:<module>:875 - TRAIN_EPOCH_RESOURCE epoch=112 seconds=429.94605112448335 peak_allocated_bytes=13380866560
2026-09-15 09:24:11.512 | INFO     | __main__:<module>:482 - METHOD epoch=113 views=1 awp_gamma=0.0 consistency_weight=0.0
2026-09-15 09:24:11.512 | INFO     | __main__:<module>:485 - the 113th epoch 
2026-09-15 09:24:12.781 | INFO     | __main__:<module>:872 - lr:0.1 weight_nat: 0.304651952937211, nat_loss: 0.009587598964571953, weight_adv: 0.6953480470627891, adv_loss: 0.015215466730296612 weight-klloss3 0.05 Loss3: 0.003354388289153576 clean_ce: 0.606175422668457, adv_ce: 3.09354829788208, adv_margin: 1.3230514526367188, clean_gate: 0.3958738148212433, teacher_margin: 1.9265285730361938, teacher_margin_gate: 0.7403877377510071, teacher_clean_gate: 1.0, teacher_adv_gate: 1.0, tm_grad_cos: 1.0, tm_scale: 1.0, tm_ps_scale: 1.0
2026-09-15 09:26:03.613 | INFO     | __main__:<module>:872 - lr:0.1 weight_nat: 0.30439499348194327, nat_loss: 0.00991076696664095, weight_adv: 0.6956050065180568, adv_loss: 0.015736320987343788 weight-klloss3 0.05 Loss3: 0.004959628917276859 clean_ce: 0.6318111419677734, adv_ce: 3.1507248878479004, adv_margin: 1.3855054378509521, clean_gate: 0.3871243894100189, teacher_margin: 1.9497371912002563, teacher_margin_gate: 0.7332417964935303, teacher_clean_gate: 1.0, teacher_adv_gate: 1.0, tm_grad_cos: 1.0, tm_scale: 1.0, tm_ps_scale: 1.0
2026-09-15 09:27:52.197 | INFO     | __main__:<module>:872 - lr:0.1 weight_nat: 0.3014185488137053, nat_loss: 0.009964542463421822, weight_adv: 0.6985814511862948, adv_loss: 0.014852756634354591 weight-klloss3 0.05 Loss3: 0.004656781442463398 clean_ce: 0.5896111726760864, adv_ce: 3.3774991035461426, adv_margin: 1.6148673295974731, clean_gate: 0.3615759015083313, teacher_margin: 1.9794659614562988, teacher_margin_gate: 0.6849108934402466, teacher_clean_gate: 1.0, teacher_adv_gate: 1.0, tm_grad_cos: 1.0, tm_scale: 1.0, tm_ps_scale: 1.0
2026-09-15 09:29:39.776 | INFO     | __main__:<module>:872 - lr:0.1 weight_nat: 0.3042294114159772, nat_loss: 0.009069304913282394, weight_adv: 0.6957705885840229, adv_loss: 0.01571069285273552 weight-klloss3 0.05 Loss3: 0.003259766846895218 clean_ce: 0.5699489116668701, adv_ce: 3.0529870986938477, adv_margin: 1.3278388977050781, clean_gate: 0.3999742865562439, teacher_margin: 1.9554879665374756, teacher_margin_gate: 0.7518734931945801, teacher_clean_gate: 1.0, teacher_adv_gate: 1.0, tm_grad_cos: 1.0, tm_scale: 1.0, tm_ps_scale: 1.0
2026-09-15 09:31:18.998 | INFO     | __main__:<module>:875 - TRAIN_EPOCH_RESOURCE epoch=113 seconds=427.4862982816994 peak_allocated_bytes=13380866560
2026-09-15 09:31:18.999 | INFO     | __main__:<module>:482 - METHOD epoch=114 views=1 awp_gamma=0.0 consistency_weight=0.0
2026-09-15 09:31:18.999 | INFO     | __main__:<module>:485 - the 114th epoch 
2026-09-15 09:31:20.135 | INFO     | __main__:<module>:872 - lr:0.1 weight_nat: 0.3067759651974124, nat_loss: 0.008743718266487122, weight_adv: 0.6932240348025877, adv_loss: 0.013209300115704536 weight-klloss3 0.05 Loss3: 0.00416200328618288 clean_ce: 0.6009892821311951, adv_ce: 2.8802247047424316, adv_margin: 1.1510374546051025, clean_gate: 0.42205849289894104, teacher_margin: 1.6252453327178955, teacher_margin_gate: 0.7179982662200928, teacher_clean_gate: 1.0, teacher_adv_gate: 1.0, tm_grad_cos: 1.0, tm_scale: 1.0, tm_ps_scale: 1.0
2026-09-15 09:33:08.698 | INFO     | __main__:<module>:872 - lr:0.1 weight_nat: 0.3037745358693338, nat_loss: 0.009295365773141384, weight_adv: 0.6962254641306663, adv_loss: 0.01297627855092287 weight-klloss3 0.05 Loss3: 0.004538059234619141 clean_ce: 0.5837391018867493, adv_ce: 3.298689842224121, adv_margin: 1.5022218227386475, clean_gate: 0.37779489159584045, teacher_margin: 1.6833733320236206, teacher_margin_gate: 0.6672409772872925, teacher_clean_gate: 1.0, teacher_adv_gate: 1.0, tm_grad_cos: 1.0, tm_scale: 1.0, tm_ps_scale: 1.0
2026-09-15 09:34:56.796 | INFO     | __main__:<module>:872 - lr:0.1 weight_nat: 0.30435098599052746, nat_loss: 0.009865500032901764, weight_adv: 0.6956490140094725, adv_loss: 0.01436524000018835 weight-klloss3 0.05 Loss3: 0.0036864602006971836 clean_ce: 0.610142707824707, adv_ce: 3.1652772426605225, adv_margin: 1.3960870504379272, clean_gate: 0.38970598578453064, teacher_margin: 1.8248891830444336, teacher_margin_gate: 0.7045702338218689, teacher_clean_gate: 1.0, teacher_adv_gate: 1.0, tm_grad_cos: 1.0, tm_scale: 1.0, tm_ps_scale: 1.0
2026-09-15 09:36:45.901 | INFO     | __main__:<module>:872 - lr:0.1 weight_nat: 0.30393900895478704, nat_loss: 0.00907543208450079, weight_adv: 0.696060991045213, adv_loss: 0.014246929436922073 weight-klloss3 0.05 Loss3: 0.004313414916396141 clean_ce: 0.6030676364898682, adv_ce: 3.0353944301605225, adv_margin: 1.2380200624465942, clean_gate: 0.4058580994606018, teacher_margin: 1.7231858968734741, teacher_margin_gate: 0.7048618793487549, teacher_clean_gate: 1.0, teacher_adv_gate: 1.0, tm_grad_cos: 1.0, tm_scale: 1.0, tm_ps_scale: 1.0
2026-09-15 09:38:25.941 | INFO     | __main__:<module>:875 - TRAIN_EPOCH_RESOURCE epoch=114 seconds=426.94267900660634 peak_allocated_bytes=13380866560
2026-09-15 09:38:25.942 | INFO     | __main__:<module>:482 - METHOD epoch=115 views=1 awp_gamma=0.0 consistency_weight=0.0
2026-09-15 09:38:25.942 | INFO     | __main__:<module>:485 - the 115th epoch 
2026-09-15 09:38:27.074 | INFO     | __main__:<module>:872 - lr:0.1 weight_nat: 0.30395632686321233, nat_loss: 0.010241249576210976, weight_adv: 0.6960436731367876, adv_loss: 0.014291958883404732 weight-klloss3 0.05 Loss3: 0.0032175355590879917 clean_ce: 0.6042969226837158, adv_ce: 3.1263039112091064, adv_margin: 1.3942588567733765, clean_gate: 0.39504221081733704, teacher_margin: 1.80013108253479, teacher_margin_gate: 0.7049217224121094, teacher_clean_gate: 1.0, teacher_adv_gate: 1.0, tm_grad_cos: 1.0, tm_scale: 1.0, tm_ps_scale: 1.0
2026-09-15 09:40:16.099 | INFO     | __main__:<module>:872 - lr:0.1 weight_nat: 0.301923725520385, nat_loss: 0.009701795876026154, weight_adv: 0.6980762744796151, adv_loss: 0.014557801187038422 weight-klloss3 0.05 Loss3: 0.003440516535192728 clean_ce: 0.6022763252258301, adv_ce: 2.9750847816467285, adv_margin: 1.239485740661621, clean_gate: 0.4172589182853699, teacher_margin: 1.756006121635437, teacher_margin_gate: 0.7336709499359131, teacher_clean_gate: 1.0, teacher_adv_gate: 1.0, tm_grad_cos: 1.0, tm_scale: 1.0, tm_ps_scale: 1.0
2026-09-15 09:42:03.557 | INFO     | __main__:<module>:872 - lr:0.1 weight_nat: 0.30611726780267595, nat_loss: 0.010168667882680893, weight_adv: 0.6938827321973241, adv_loss: 0.013531461358070374 weight-klloss3 0.05 Loss3: 0.0043760035187006 clean_ce: 0.5961304306983948, adv_ce: 3.1936941146850586, adv_margin: 1.4736515283584595, clean_gate: 0.38601648807525635, teacher_margin: 1.7204198837280273, teacher_margin_gate: 0.6908760070800781, teacher_clean_gate: 1.0, teacher_adv_gate: 1.0, tm_grad_cos: 1.0, tm_scale: 1.0, tm_ps_scale: 1.0
2026-09-15 09:43:53.433 | INFO     | __main__:<module>:872 - lr:0.1 weight_nat: 0.30504525425627993, nat_loss: 0.00897874217480421, weight_adv: 0.6949547457437202, adv_loss: 0.014206456020474434 weight-klloss3 0.05 Loss3: 0.003704384434968233 clean_ce: 0.6084640026092529, adv_ce: 2.9798312187194824, adv_margin: 1.2333163022994995, clean_gate: 0.4157482087612152, teacher_margin: 1.6591111421585083, teacher_margin_gate: 0.7277579307556152, teacher_clean_gate: 1.0, teacher_adv_gate: 1.0, tm_grad_cos: 1.0, tm_scale: 1.0, tm_ps_scale: 1.0
2026-09-15 09:45:33.365 | INFO     | __main__:<module>:875 - TRAIN_EPOCH_RESOURCE epoch=115 seconds=427.42298997193575 peak_allocated_bytes=13380866560
2026-09-15 09:45:33.365 | INFO     | __main__:<module>:482 - METHOD epoch=116 views=1 awp_gamma=0.0 consistency_weight=0.0
2026-09-15 09:45:33.365 | INFO     | __main__:<module>:485 - the 116th epoch 
2026-09-15 09:45:34.555 | INFO     | __main__:<module>:872 - lr:0.1 weight_nat: 0.3033128853347006, nat_loss: 0.009062618017196655, weight_adv: 0.6966871146652994, adv_loss: 0.013548832386732101 weight-klloss3 0.05 Loss3: 0.005682452581822872 clean_ce: 0.6015722751617432, adv_ce: 3.027960777282715, adv_margin: 1.2254518270492554, clean_gate: 0.40732476115226746, teacher_margin: 1.721803069114685, teacher_margin_gate: 0.6987817287445068, teacher_clean_gate: 1.0, teacher_adv_gate: 1.0, tm_grad_cos: 1.0, tm_scale: 1.0, tm_ps_scale: 1.0
2026-09-15 09:47:25.809 | INFO     | __main__:<module>:872 - lr:0.1 weight_nat: 0.30682901559012155, nat_loss: 0.010247686877846718, weight_adv: 0.6931709844098785, adv_loss: 0.013681625947356224 weight-klloss3 0.05 Loss3: 0.004683879669755697 clean_ce: 0.5904918909072876, adv_ce: 3.135099172592163, adv_margin: 1.3960721492767334, clean_gate: 0.4063259959220886, teacher_margin: 1.7540687322616577, teacher_margin_gate: 0.7171249985694885, teacher_clean_gate: 1.0, teacher_adv_gate: 1.0, tm_grad_cos: 1.0, tm_scale: 1.0, tm_ps_scale: 1.0
2026-09-15 09:49:14.437 | INFO     | __main__:<module>:872 - lr:0.1 weight_nat: 0.30437374899649894, nat_loss: 0.009831922128796577, weight_adv: 0.6956262510035011, adv_loss: 0.013346011750400066 weight-klloss3 0.05 Loss3: 0.004312292672693729 clean_ce: 0.6089914441108704, adv_ce: 3.1517064571380615, adv_margin: 1.3736798763275146, clean_gate: 0.3926829695701599, teacher_margin: 1.7924590110778809, teacher_margin_gate: 0.6993610262870789, teacher_clean_gate: 1.0, teacher_adv_gate: 1.0, tm_grad_cos: 1.0, tm_scale: 1.0, tm_ps_scale: 1.0
2026-09-15 09:51:01.322 | INFO     | __main__:<module>:872 - lr:0.1 weight_nat: 0.30420477278183045, nat_loss: 0.00900222361087799, weight_adv: 0.6957952272181696, adv_loss: 0.015838148072361946 weight-klloss3 0.05 Loss3: 0.004368720576167107 clean_ce: 0.5989936590194702, adv_ce: 3.173611640930176, adv_margin: 1.3797723054885864, clean_gate: 0.38528063893318176, teacher_margin: 1.9622710943222046, teacher_margin_gate: 0.7322295904159546, teacher_clean_gate: 1.0, teacher_adv_gate: 1.0, tm_grad_cos: 1.0, tm_scale: 1.0, tm_ps_scale: 1.0
2026-09-15 09:52:38.156 | INFO     | __main__:<module>:875 - TRAIN_EPOCH_RESOURCE epoch=116 seconds=424.79093788564205 peak_allocated_bytes=13380866560
2026-09-15 09:52:38.157 | INFO     | __main__:<module>:482 - METHOD epoch=117 views=1 awp_gamma=0.0 consistency_weight=0.0
2026-09-15 09:52:38.157 | INFO     | __main__:<module>:485 - the 117th epoch 
2026-09-15 09:52:39.252 | INFO     | __main__:<module>:872 - lr:0.1 weight_nat: 0.3041869711502797, nat_loss: 0.010374290868639946, weight_adv: 0.6958130288497203, adv_loss: 0.013831133022904396 weight-klloss3 0.05 Loss3: 0.0042144907638430595 clean_ce: 0.6035544872283936, adv_ce: 3.218442440032959, adv_margin: 1.4810963869094849, clean_gate: 0.381661057472229, teacher_margin: 1.8154284954071045, teacher_margin_gate: 0.7091394662857056, teacher_clean_gate: 1.0, teacher_adv_gate: 1.0, tm_grad_cos: 1.0, tm_scale: 1.0, tm_ps_scale: 1.0
2026-09-15 09:54:29.923 | INFO     | __main__:<module>:872 - lr:0.1 weight_nat: 0.30263980946739405, nat_loss: 0.009452581405639648, weight_adv: 0.697360190532606, adv_loss: 0.013926796615123749 weight-klloss3 0.05 Loss3: 0.00511972839012742 clean_ce: 0.6020415425300598, adv_ce: 3.03383731842041, adv_margin: 1.2422001361846924, clean_gate: 0.4145163893699646, teacher_margin: 1.7016122341156006, teacher_margin_gate: 0.7187294960021973, teacher_clean_gate: 1.0, teacher_adv_gate: 1.0, tm_grad_cos: 1.0, tm_scale: 1.0, tm_ps_scale: 1.0
2026-09-15 09:56:21.536 | INFO     | __main__:<module>:872 - lr:0.1 weight_nat: 0.30244619376669984, nat_loss: 0.010110659524798393, weight_adv: 0.6975538062333002, adv_loss: 0.014314377680420876 weight-klloss3 0.05 Loss3: 0.0037989458069205284 clean_ce: 0.5921696424484253, adv_ce: 3.155219554901123, adv_margin: 1.379413366317749, clean_gate: 0.39094817638397217, teacher_margin: 1.8959623575210571, teacher_margin_gate: 0.7297205328941345, teacher_clean_gate: 1.0, teacher_adv_gate: 1.0, tm_grad_cos: 1.0, tm_scale: 1.0, tm_ps_scale: 1.0
2026-09-15 09:58:12.804 | INFO     | __main__:<module>:872 - lr:0.1 weight_nat: 0.3031825183992929, nat_loss: 0.009885764680802822, weight_adv: 0.6968174816007071, adv_loss: 0.013587381690740585 weight-klloss3 0.05 Loss3: 0.0046259695664048195 clean_ce: 0.6181422472000122, adv_ce: 3.098841428756714, adv_margin: 1.3992409706115723, clean_gate: 0.4015238881111145, teacher_margin: 1.7340099811553955, teacher_margin_gate: 0.7041243314743042, teacher_clean_gate: 1.0, teacher_adv_gate: 1.0, tm_grad_cos: 1.0, tm_scale: 1.0, tm_ps_scale: 1.0
2026-09-15 09:59:54.931 | INFO     | __main__:<module>:875 - TRAIN_EPOCH_RESOURCE epoch=117 seconds=436.77377070486546 peak_allocated_bytes=13380866560
2026-09-15 09:59:54.931 | INFO     | __main__:<module>:482 - METHOD epoch=118 views=1 awp_gamma=0.0 consistency_weight=0.0
2026-09-15 09:59:54.931 | INFO     | __main__:<module>:485 - the 118th epoch 
2026-09-15 09:59:56.079 | INFO     | __main__:<module>:872 - lr:0.1 weight_nat: 0.304679815940295, nat_loss: 0.009350404143333435, weight_adv: 0.6953201840597051, adv_loss: 0.01306137815117836 weight-klloss3 0.05 Loss3: 0.005413430742919445 clean_ce: 0.5903043746948242, adv_ce: 2.9776148796081543, adv_margin: 1.2449402809143066, clean_gate: 0.41190388798713684, teacher_margin: 1.6203547716140747, teacher_margin_gate: 0.70827317237854, teacher_clean_gate: 1.0, teacher_adv_gate: 1.0, tm_grad_cos: 1.0, tm_scale: 1.0, tm_ps_scale: 1.0
2026-09-15 10:01:49.265 | INFO     | __main__:<module>:872 - lr:0.1 weight_nat: 0.30346173676431615, nat_loss: 0.008319013752043247, weight_adv: 0.6965382632356838, adv_loss: 0.014103062450885773 weight-klloss3 0.05 Loss3: 0.004244701936841011 clean_ce: 0.5919903516769409, adv_ce: 2.8808605670928955, adv_margin: 1.2199647426605225, clean_gate: 0.41883325576782227, teacher_margin: 1.6863644123077393, teacher_margin_gate: 0.723177433013916, teacher_clean_gate: 1.0, teacher_adv_gate: 1.0, tm_grad_cos: 1.0, tm_scale: 1.0, tm_ps_scale: 1.0
2026-09-15 10:03:41.467 | INFO     | __main__:<module>:872 - lr:0.1 weight_nat: 0.30359297315957995, nat_loss: 0.009758793748915195, weight_adv: 0.6964070268404201, adv_loss: 0.013855013065040112 weight-klloss3 0.05 Loss3: 0.004107994958758354 clean_ce: 0.5874290466308594, adv_ce: 3.1636576652526855, adv_margin: 1.3961477279663086, clean_gate: 0.39359521865844727, teacher_margin: 1.7170937061309814, teacher_margin_gate: 0.6983758807182312, teacher_clean_gate: 1.0, teacher_adv_gate: 1.0, tm_grad_cos: 1.0, tm_scale: 1.0, tm_ps_scale: 1.0
2026-09-15 10:05:32.679 | INFO     | __main__:<module>:872 - lr:0.1 weight_nat: 0.3027433202247319, nat_loss: 0.009392795152962208, weight_adv: 0.6972566797752682, adv_loss: 0.01438795868307352 weight-klloss3 0.05 Loss3: 0.005208917427808046 clean_ce: 0.5836414098739624, adv_ce: 3.1427390575408936, adv_margin: 1.4439082145690918, clean_gate: 0.3858586549758911, teacher_margin: 1.860817551612854, teacher_margin_gate: 0.7104010581970215, teacher_clean_gate: 1.0, teacher_adv_gate: 1.0, tm_grad_cos: 1.0, tm_scale: 1.0, tm_ps_scale: 1.0
2026-09-15 10:07:14.479 | INFO     | __main__:<module>:875 - TRAIN_EPOCH_RESOURCE epoch=118 seconds=439.54785834625363 peak_allocated_bytes=13380866560
2026-09-15 10:07:14.479 | INFO     | __main__:<module>:482 - METHOD epoch=119 views=1 awp_gamma=0.0 consistency_weight=0.0
2026-09-15 10:07:14.479 | INFO     | __main__:<module>:485 - the 119th epoch 
2026-09-15 10:07:15.645 | INFO     | __main__:<module>:872 - lr:0.1 weight_nat: 0.3035588538735468, nat_loss: 0.009463143534958363, weight_adv: 0.6964411461264532, adv_loss: 0.01441062893718481 weight-klloss3 0.05 Loss3: 0.0034674094058573246 clean_ce: 0.5852075219154358, adv_ce: 3.1526641845703125, adv_margin: 1.3956551551818848, clean_gate: 0.39059245586395264, teacher_margin: 1.8276135921478271, teacher_margin_gate: 0.7104026079177856, teacher_clean_gate: 1.0, teacher_adv_gate: 1.0, tm_grad_cos: 1.0, tm_scale: 1.0, tm_ps_scale: 1.0
2026-09-15 10:09:11.242 | INFO     | __main__:<module>:872 - lr:0.1 weight_nat: 0.3019632489798736, nat_loss: 0.01030441652983427, weight_adv: 0.6980367510201264, adv_loss: 0.014985064044594765 weight-klloss3 0.05 Loss3: 0.005737398751080036 clean_ce: 0.6083072423934937, adv_ce: 3.098888397216797, adv_margin: 1.3814804553985596, clean_gate: 0.39572274684906006, teacher_margin: 1.8641884326934814, teacher_margin_gate: 0.7235158085823059, teacher_clean_gate: 1.0, teacher_adv_gate: 1.0, tm_grad_cos: 1.0, tm_scale: 1.0, tm_ps_scale: 1.0
2026-09-15 10:11:04.336 | INFO     | __main__:<module>:872 - lr:0.1 weight_nat: 0.303596415488685, nat_loss: 0.009679640643298626, weight_adv: 0.696403584511315, adv_loss: 0.013661989942193031 weight-klloss3 0.05 Loss3: 0.003801761195063591 clean_ce: 0.5671817064285278, adv_ce: 2.979984998703003, adv_margin: 1.2910544872283936, clean_gate: 0.41083529591560364, teacher_margin: 1.67531418800354, teacher_margin_gate: 0.7184914946556091, teacher_clean_gate: 1.0, teacher_adv_gate: 1.0, tm_grad_cos: 1.0, tm_scale: 1.0, tm_ps_scale: 1.0
2026-09-15 10:12:54.839 | INFO     | __main__:<module>:872 - lr:0.1 weight_nat: 0.30248354574672537, nat_loss: 0.009757548570632935, weight_adv: 0.6975164542532747, adv_loss: 0.015306375920772552 weight-klloss3 0.05 Loss3: 0.004228011704981327 clean_ce: 0.6086786985397339, adv_ce: 3.076608896255493, adv_margin: 1.2478322982788086, clean_gate: 0.40001678466796875, teacher_margin: 1.9461231231689453, teacher_margin_gate: 0.7592377662658691, teacher_clean_gate: 1.0, teacher_adv_gate: 1.0, tm_grad_cos: 1.0, tm_scale: 1.0, tm_ps_scale: 1.0
2026-09-15 10:14:33.300 | INFO     | __main__:<module>:875 - TRAIN_EPOCH_RESOURCE epoch=119 seconds=438.8207347802818 peak_allocated_bytes=13380866560
2026-09-15 10:14:33.300 | INFO     | __main__:<module>:482 - METHOD epoch=120 views=1 awp_gamma=0.0 consistency_weight=0.0
2026-09-15 10:14:33.300 | INFO     | __main__:<module>:485 - the 120th epoch 
2026-09-15 10:14:34.418 | INFO     | __main__:<module>:872 - lr:0.1 weight_nat: 0.30101728412723516, nat_loss: 0.008855581283569336, weight_adv: 0.6989827158727648, adv_loss: 0.013753950595855713 weight-klloss3 0.05 Loss3: 0.003962412476539612 clean_ce: 0.6062328815460205, adv_ce: 2.9322705268859863, adv_margin: 1.1718645095825195, clean_gate: 0.41823089122772217, teacher_margin: 1.660971999168396, teacher_margin_gate: 0.7070080637931824, teacher_clean_gate: 1.0, teacher_adv_gate: 1.0, tm_grad_cos: 1.0, tm_scale: 1.0, tm_ps_scale: 1.0
2026-09-15 10:16:28.959 | INFO     | __main__:<module>:872 - lr:0.1 weight_nat: 0.3007394049236428, nat_loss: 0.00953061692416668, weight_adv: 0.6992605950763573, adv_loss: 0.015120664611458778 weight-klloss3 0.05 Loss3: 0.004721852019429207 clean_ce: 0.6324870586395264, adv_ce: 3.1105761528015137, adv_margin: 1.2786636352539062, clean_gate: 0.40054744482040405, teacher_margin: 1.9491443634033203, teacher_margin_gate: 0.7320206165313721, teacher_clean_gate: 1.0, teacher_adv_gate: 1.0, tm_grad_cos: 1.0, tm_scale: 1.0, tm_ps_scale: 1.0
2026-09-15 10:18:22.357 | INFO     | __main__:<module>:872 - lr:0.1 weight_nat: 0.3012736506554443, nat_loss: 0.009867954067885876, weight_adv: 0.6987263493445557, adv_loss: 0.015221886336803436 weight-klloss3 0.05 Loss3: 0.004901486448943615 clean_ce: 0.5994629263877869, adv_ce: 3.1131768226623535, adv_margin: 1.3507111072540283, clean_gate: 0.39253371953964233, teacher_margin: 1.9752724170684814, teacher_margin_gate: 0.7625799179077148, teacher_clean_gate: 1.0, teacher_adv_gate: 1.0, tm_grad_cos: 1.0, tm_scale: 1.0, tm_ps_scale: 1.0
2026-09-15 10:20:15.830 | INFO     | __main__:<module>:872 - lr:0.1 weight_nat: 0.3030114631249758, nat_loss: 0.00950984563678503, weight_adv: 0.6969885368750243, adv_loss: 0.01479532290250063 weight-klloss3 0.05 Loss3: 0.005141064524650574 clean_ce: 0.5518956184387207, adv_ce: 3.080777406692505, adv_margin: 1.3921549320220947, clean_gate: 0.39043128490448, teacher_margin: 1.8581857681274414, teacher_margin_gate: 0.7176961302757263, teacher_clean_gate: 1.0, teacher_adv_gate: 1.0, tm_grad_cos: 1.0, tm_scale: 1.0, tm_ps_scale: 1.0
2026-09-15 10:21:56.813 | INFO     | __main__:<module>:875 - TRAIN_EPOCH_RESOURCE epoch=120 seconds=443.5125963538885 peak_allocated_bytes=13380866560
2026-09-15 10:22:58.260 | INFO     | __main__:<module>:934 - student robust acc 0.2930, teacher robust acc 0.4806, nat teacher robust acc 0.3670
2026-09-15 10:23:20.265 | INFO     | __main__:<module>:1007 - best accuracy:0.4515
2026-09-15 10:23:20.266 | INFO     | __main__:<module>:1010 - student natural acc 0.6100, adv teacher natural acc 0.6238, nat teacher natural acc 0.7650
2026-09-15 10:23:20.268 | INFO     | __main__:<module>:482 - METHOD epoch=121 views=2 awp_gamma=5e-05 consistency_weight=0.0125
2026-09-15 10:23:20.268 | INFO     | __main__:<module>:485 - the 121th epoch 
2026-09-15 10:23:23.009 | INFO     | __main__:<module>:497 - METHOD_BATCH epoch=121 step=0 adv_kd=0.014143593609333038 awp_gamma=5e-05 awp_relative_norm_max=5.000000601285137e-05 clean_ce=0.5915312767028809 clean_ce_term=0.00036970703513361514 consistency_term=9.736748324939981e-06 consistency_weight=0.0125 js_raw=0.07789398729801178 lr=0.1 nat_kd=0.010192136280238628 pcgrad_conflicts=0 push=0.004885273054242134 push_term=0.00024426367599517107 student_updates=1 teacher_ce=0.5752663314342499 teacher_lr=8.13189529921204e-05 teacher_margin=1.7701334953308105 teacher_margin_term=0.0 teacher_updates=1 temp_adv=1.1559999999999828 temp_nat=2.63499999999982 temperature_updates=1 total_loss=0.024959435686469078 views=2
2026-09-15 10:27:36.985 | INFO     | __main__:<module>:497 - METHOD_BATCH epoch=121 step=100 adv_kd=0.015102837234735489 awp_gamma=5e-05 awp_relative_norm_max=5.000000601285137e-05 clean_ce=0.5897495150566101 clean_ce_term=0.00036859343526884913 consistency_term=9.025357940117829e-06 consistency_weight=0.0125 js_raw=0.07220286875963211 lr=0.1 nat_kd=0.009017376229166985 pcgrad_conflicts=0 push=0.004903072491288185 push_term=0.00024515364202670753 student_updates=1 teacher_ce=0.41754426062107086 teacher_lr=8.13189529921204e-05 teacher_margin=1.8312699794769287 teacher_margin_term=0.0 teacher_updates=1 temp_adv=1.1579999999999826 temp_nat=2.63299999999982 temperature_updates=1 total_loss=0.024742985144257545 views=2
2026-09-15 10:31:51.973 | INFO     | __main__:<module>:497 - METHOD_BATCH epoch=121 step=200 adv_kd=0.014682971872389317 awp_gamma=5e-05 awp_relative_norm_max=5.0000002374872565e-05 clean_ce=0.5662502646446228 clean_ce_term=0.0003539064200595021 consistency_term=1.1665525562420953e-05 consistency_weight=0.0125 js_raw=0.0933241993188858 lr=0.1 nat_kd=0.010085802525281906 pcgrad_conflicts=0 push=0.006324652582406998 push_term=0.00031623264658264816 student_updates=1 teacher_ce=0.5162410140037537 teacher_lr=8.13189529921204e-05 teacher_margin=1.8246996402740479 teacher_margin_term=0.0 teacher_updates=1 temp_adv=1.1559999999999828 temp_nat=2.63499999999982 temperature_updates=1 total_loss=0.025450577959418297 views=2
2026-09-15 10:36:04.246 | INFO     | __main__:<module>:497 - METHOD_BATCH epoch=121 step=300 adv_kd=0.013838629238307476 awp_gamma=5e-05 awp_relative_norm_max=5.000000601285137e-05 clean_ce=0.5903657674789429 clean_ce_term=0.00036897859536111355 consistency_term=9.386307283421047e-06 consistency_weight=0.0125 js_raw=0.07509046047925949 lr=0.1 nat_kd=0.009816911071538925 pcgrad_conflicts=0 push=0.0042664604261517525 push_term=0.00021332301548682153 student_updates=1 teacher_ce=0.495170533657074 teacher_lr=8.13189529921204e-05 teacher_margin=1.743445634841919 teacher_margin_term=0.0 teacher_updates=1 temp_adv=1.1559999999999828 temp_nat=2.63499999999982 temperature_updates=1 total_loss=0.024247227236628532 views=2
2026-09-15 10:39:50.571 | INFO     | __main__:<module>:875 - TRAIN_EPOCH_RESOURCE epoch=121 seconds=990.3029701635242 peak_allocated_bytes=11589042688
2026-09-15 10:39:50.571 | INFO     | __main__:<module>:482 - METHOD epoch=122 views=2 awp_gamma=0.0001 consistency_weight=0.025
2026-09-15 10:39:50.571 | INFO     | __main__:<module>:485 - the 122th epoch 
2026-09-15 10:39:53.138 | INFO     | __main__:<module>:497 - METHOD_BATCH epoch=122 step=0 adv_kd=0.013294832780957222 awp_gamma=0.0001 awp_relative_norm_max=0.00010000000474974513 clean_ce=0.5696204304695129 clean_ce_term=0.0007120255031622946 consistency_term=2.1883448425796814e-05 consistency_weight=0.025 js_raw=0.08753379434347153 lr=0.1 nat_kd=0.009602994658052921 pcgrad_conflicts=0 push=0.005079805850982666 push_term=0.0002539902925491333 student_updates=1 teacher_ce=0.5384350717067719 teacher_lr=8.08259125989517e-05 teacher_margin=1.7486419677734375 teacher_margin_term=0.0 teacher_updates=1 temp_adv=1.1569999999999827 temp_nat=2.63399999999982 temperature_updates=1 total_loss=0.023885726928710938 views=2
2026-09-15 10:44:04.250 | INFO     | __main__:<module>:497 - METHOD_BATCH epoch=122 step=100 adv_kd=0.013964304700493813 awp_gamma=0.0001 awp_relative_norm_max=0.00010000000474974513 clean_ce=0.5599007606506348 clean_ce_term=0.0006998758763074875 consistency_term=2.2102916773292236e-05 consistency_weight=0.025 js_raw=0.08841166645288467 lr=0.1 nat_kd=0.008994843810796738 pcgrad_conflicts=0 push=0.004460320342332125 push_term=0.00022301601711660624 student_updates=1 teacher_ce=0.5535693764686584 teacher_lr=8.08259125989517e-05 teacher_margin=1.8115813732147217 teacher_margin_term=0.0 teacher_updates=1 temp_adv=1.1529999999999831 temp_nat=2.6379999999998196 temperature_updates=1 total_loss=0.023904142901301384 views=2
2026-09-15 10:48:16.783 | INFO     | __main__:<module>:497 - METHOD_BATCH epoch=122 step=200 adv_kd=0.013515328988432884 awp_gamma=0.0001 awp_relative_norm_max=0.00010000001202570274 clean_ce=0.5621848106384277 clean_ce_term=0.000702731020282954 consistency_term=2.119563396263402e-05 consistency_weight=0.025 js_raw=0.08478254079818726 lr=0.1 nat_kd=0.008636126294732094 pcgrad_conflicts=0 push=0.00430020596832037 push_term=0.0002150102809537202 student_updates=1 teacher_ce=0.5094273686408997 teacher_lr=8.08259125989517e-05 teacher_margin=1.7206168174743652 teacher_margin_term=0.0 teacher_updates=1 temp_adv=1.1569999999999827 temp_nat=2.63399999999982 temperature_updates=1 total_loss=0.023090392351150513 views=2
2026-09-15 10:52:30.131 | INFO     | __main__:<module>:497 - METHOD_BATCH epoch=122 step=300 adv_kd=0.015872903168201447 awp_gamma=0.0001 awp_relative_norm_max=0.00010000001202570274 clean_ce=0.5636434555053711 clean_ce_term=0.0007045542588457465 consistency_term=1.900210918392986e-05 consistency_weight=0.025 js_raw=0.07600843906402588 lr=0.1 nat_kd=0.01043405756354332 pcgrad_conflicts=0 push=0.005227529909461737 push_term=0.00026137649547308683 student_updates=1 teacher_ce=0.528563380241394 teacher_lr=8.08259125989517e-05 teacher_margin=1.9543344974517822 teacher_margin_term=0.0 teacher_updates=1 temp_adv=1.162999999999982 temp_nat=2.6279999999998207 temperature_updates=1 total_loss=0.02729189395904541 views=2
2026-09-15 10:56:18.251 | INFO     | __main__:<module>:875 - TRAIN_EPOCH_RESOURCE epoch=122 seconds=987.6795543581247 peak_allocated_bytes=11589042688
2026-09-15 10:56:18.251 | INFO     | __main__:<module>:482 - METHOD epoch=123 views=2 awp_gamma=0.00015 consistency_weight=0.0375
2026-09-15 10:56:18.251 | INFO     | __main__:<module>:485 - the 123th epoch 
2026-09-15 10:56:20.751 | INFO     | __main__:<module>:497 - METHOD_BATCH epoch=123 step=0 adv_kd=0.01368679665029049 awp_gamma=0.00015 awp_relative_norm_max=0.00015000003622844815 clean_ce=0.5650148391723633 clean_ce_term=0.001059402828104794 consistency_term=3.323726195958443e-05 consistency_weight=0.0375 js_raw=0.08863269537687302 lr=0.1 nat_kd=0.00912557914853096 pcgrad_conflicts=0 push=0.003528428263962269 push_term=0.0001764214102877304 student_updates=1 teacher_ce=0.49858930706977844 teacher_lr=8.032799481590585e-05 teacher_margin=1.7525049448013306 teacher_margin_term=0.0 teacher_updates=1 temp_adv=1.1599999999999824 temp_nat=2.6309999999998204 temperature_updates=1 total_loss=0.024081436917185783 views=2
2026-09-15 11:00:30.472 | INFO     | __main__:<module>:497 - METHOD_BATCH epoch=123 step=100 adv_kd=0.014758460223674774 awp_gamma=0.00015 awp_relative_norm_max=0.00015000002167653292 clean_ce=0.5526269674301147 clean_ce_term=0.0010361755266785622 consistency_term=2.9118291422491893e-05 consistency_weight=0.0375 js_raw=0.07764877378940582 lr=0.1 nat_kd=0.009368205443024635 pcgrad_conflicts=0 push=0.004360940307378769 push_term=0.0002180470182793215 student_updates=1 teacher_ce=0.4935754984617233 teacher_lr=8.032799481590585e-05 teacher_margin=1.8994677066802979 teacher_margin_term=0.0 teacher_updates=1 temp_adv=1.1599999999999824 temp_nat=2.6309999999998204 temperature_updates=1 total_loss=0.025410005822777748 views=2
2026-09-15 11:04:40.856 | INFO     | __main__:<module>:497 - METHOD_BATCH epoch=123 step=200 adv_kd=0.014916632324457169 awp_gamma=0.00015 awp_relative_norm_max=0.00015000002167653292 clean_ce=0.553189754486084 clean_ce_term=0.0010372308315709233 consistency_term=3.433025995036587e-05 consistency_weight=0.0375 js_raw=0.09154735505580902 lr=0.1 nat_kd=0.009804540313780308 pcgrad_conflicts=0 push=0.005190256983041763 push_term=0.00025951286079362035 student_updates=1 teacher_ce=0.5221693813800812 teacher_lr=8.032799481590585e-05 teacher_margin=1.9173810482025146 teacher_margin_term=0.0 teacher_updates=1 temp_adv=1.1699999999999813 temp_nat=2.6209999999998215 temperature_updates=1 total_loss=0.026052245870232582 views=2
2026-09-15 11:08:56.173 | INFO     | __main__:<module>:497 - METHOD_BATCH epoch=123 step=300 adv_kd=0.01472748164087534 awp_gamma=0.00015 awp_relative_norm_max=0.00015000002167653292 clean_ce=0.5360091924667358 clean_ce_term=0.0010050171986222267 consistency_term=3.1805473554413766e-05 consistency_weight=0.0375 js_raw=0.08481459319591522 lr=0.1 nat_kd=0.009664010256528854 pcgrad_conflicts=0 push=0.0049453917890787125 push_term=0.0002472696069162339 student_updates=1 teacher_ce=0.5854383707046509 teacher_lr=8.032799481590585e-05 teacher_margin=1.961766004562378 teacher_margin_term=0.0 teacher_updates=1 temp_adv=1.1599999999999824 temp_nat=2.6309999999998204 temperature_updates=1 total_loss=0.025675581768155098 views=2
2026-09-15 11:12:43.289 | INFO     | __main__:<module>:875 - TRAIN_EPOCH_RESOURCE epoch=123 seconds=985.0380226559937 peak_allocated_bytes=11589042688
2026-09-15 11:12:43.290 | INFO     | __main__:<module>:482 - METHOD epoch=124 views=2 awp_gamma=0.0002 consistency_weight=0.05
2026-09-15 11:12:43.290 | INFO     | __main__:<module>:485 - the 124th epoch 
2026-09-15 11:12:45.770 | INFO     | __main__:<module>:497 - METHOD_BATCH epoch=124 step=0 adv_kd=0.013548005372285843 awp_gamma=0.0002 awp_relative_norm_max=0.0002000000240514055 clean_ce=0.5469138622283936 clean_ce_term=0.0013672846835106611 consistency_term=3.366303280927241e-05 consistency_weight=0.05 js_raw=0.06732606887817383 lr=0.1 nat_kd=0.009870022535324097 pcgrad_conflicts=0 push=0.00436696782708168 push_term=0.0002183484029956162 student_updates=1 teacher_ce=0.5024270862340927 teacher_lr=7.982527878847149e-05 teacher_margin=1.715848445892334 teacher_margin_term=0.0 teacher_updates=1 temp_adv=1.154999999999983 temp_nat=2.63599999999982 temperature_updates=1 total_loss=0.02503732405602932 views=2
2026-09-15 11:16:54.089 | INFO     | __main__:<module>:497 - METHOD_BATCH epoch=124 step=100 adv_kd=0.015246964991092682 awp_gamma=0.0002 awp_relative_norm_max=0.00020000000949949026 clean_ce=0.5636110305786133 clean_ce_term=0.0014090274926275015 consistency_term=4.3760508560808375e-05 consistency_weight=0.05 js_raw=0.0875210165977478 lr=0.1 nat_kd=0.008566297590732574 pcgrad_conflicts=0 push=0.0043970271944999695 push_term=0.00021985135390423238 student_updates=1 teacher_ce=0.44393429160118103 teacher_lr=7.982527878847149e-05 teacher_margin=1.9000643491744995 teacher_margin_term=0.0 teacher_updates=1 temp_adv=1.1649999999999818 temp_nat=2.625999999999821 temperature_updates=1 total_loss=0.025485903024673462 views=2
2026-09-15 11:21:04.689 | INFO     | __main__:<module>:497 - METHOD_BATCH epoch=124 step=200 adv_kd=0.013947101309895515 awp_gamma=0.0002 awp_relative_norm_max=0.0002000000240514055 clean_ce=0.5724155306816101 clean_ce_term=0.001431038836017251 consistency_term=3.922482574125752e-05 consistency_weight=0.05 js_raw=0.07844964414834976 lr=0.1 nat_kd=0.008891692385077477 pcgrad_conflicts=0 push=0.003959036897867918 push_term=0.00019795185653492808 student_updates=1 teacher_ce=0.5254189968109131 teacher_lr=7.982527878847149e-05 teacher_margin=1.767957329750061 teacher_margin_term=0.0 teacher_updates=1 temp_adv=1.1649999999999818 temp_nat=2.625999999999821 temperature_updates=1 total_loss=0.024507008492946625 views=2
2026-09-15 11:25:12.280 | INFO     | __main__:<module>:497 - METHOD_BATCH epoch=124 step=300 adv_kd=0.014666564762592316 awp_gamma=0.0002 awp_relative_norm_max=0.0002000000240514055 clean_ce=0.5460891723632812 clean_ce_term=0.0013652228517457843 consistency_term=3.6022487620357424e-05 consistency_weight=0.05 js_raw=0.0720449760556221 lr=0.1 nat_kd=0.01018253993242979 pcgrad_conflicts=0 push=0.0042471494525671005 push_term=0.00021235746680758893 student_updates=1 teacher_ce=0.5718855261802673 teacher_lr=7.982527878847149e-05 teacher_margin=1.9100134372711182 teacher_margin_term=0.0 teacher_updates=1 temp_adv=1.1649999999999818 temp_nat=2.625999999999821 temperature_updates=1 total_loss=0.026462705805897713 views=2
2026-09-15 11:28:57.828 | INFO     | __main__:<module>:875 - TRAIN_EPOCH_RESOURCE epoch=124 seconds=974.5377905219793 peak_allocated_bytes=11589042688
2026-09-15 11:28:57.828 | INFO     | __main__:<module>:482 - METHOD epoch=125 views=2 awp_gamma=0.00025 consistency_weight=0.0625
2026-09-15 11:28:57.828 | INFO     | __main__:<module>:485 - the 125th epoch 
2026-09-15 11:29:00.328 | INFO     | __main__:<module>:497 - METHOD_BATCH epoch=125 step=0 adv_kd=0.013674326241016388 awp_gamma=0.00025 awp_relative_norm_max=0.0002500000409781933 clean_ce=0.5508736371994019 clean_ce_term=0.0017214801628142595 consistency_term=5.963425064692274e-05 consistency_weight=0.0625 js_raw=0.09541480243206024 lr=0.1 nat_kd=0.008962875232100487 pcgrad_conflicts=0 push=0.004676819778978825 push_term=0.00023384098312817514 student_updates=1 teacher_ce=0.5590405464172363 teacher_lr=7.931784442127823e-05 teacher_margin=1.7287395000457764 teacher_margin_term=0.0 teacher_updates=1 temp_adv=1.1679999999999815 temp_nat=2.6229999999998213 temperature_updates=1 total_loss=0.024652156978845596 views=2
2026-09-15 11:33:14.380 | INFO     | __main__:<module>:497 - METHOD_BATCH epoch=125 step=100 adv_kd=0.014516920782625675 awp_gamma=0.00025 awp_relative_norm_max=0.0002500000409781933 clean_ce=0.5372086763381958 clean_ce_term=0.0016787770437076688 consistency_term=5.305905870045535e-05 consistency_weight=0.0625 js_raw=0.08489449322223663 lr=0.1 nat_kd=0.008607059717178345 pcgrad_conflicts=0 push=0.004977689124643803 push_term=0.0002488844620529562 student_updates=1 teacher_ce=0.44858571887016296 teacher_lr=7.931784442127823e-05 teacher_margin=1.9146708250045776 teacher_margin_term=0.0 teacher_updates=1 temp_adv=1.1659999999999817 temp_nat=2.624999999999821 temperature_updates=1 total_loss=0.02510470151901245 views=2
2026-09-15 11:37:26.472 | INFO     | __main__:<module>:497 - METHOD_BATCH epoch=125 step=200 adv_kd=0.01634243130683899 awp_gamma=0.00025 awp_relative_norm_max=0.0002500000409781933 clean_ce=0.543155312538147 clean_ce_term=0.0016973603051155806 consistency_term=5.0751594244502485e-05 consistency_weight=0.0625 js_raw=0.08120255172252655 lr=0.1 nat_kd=0.009214630350470543 pcgrad_conflicts=0 push=0.004677339922636747 push_term=0.00023386700195260346 student_updates=1 teacher_ce=0.4503704011440277 teacher_lr=7.931784442127823e-05 teacher_margin=2.1572470664978027 teacher_margin_term=0.0 teacher_updates=1 temp_adv=1.1659999999999817 temp_nat=2.624999999999821 temperature_updates=1 total_loss=0.02753903903067112 views=2
2026-09-15 11:41:42.233 | INFO     | __main__:<module>:497 - METHOD_BATCH epoch=125 step=300 adv_kd=0.014188732020556927 awp_gamma=0.00025 awp_relative_norm_max=0.0002500000409781933 clean_ce=0.5529606938362122 clean_ce_term=0.0017280022148042917 consistency_term=3.853897942462936e-05 consistency_weight=0.0625 js_raw=0.06166236847639084 lr=0.1 nat_kd=0.008624842390418053 pcgrad_conflicts=0 push=0.004135610535740852 push_term=0.0002067805326078087 student_updates=1 teacher_ce=0.46180032193660736 teacher_lr=7.931784442127823e-05 teacher_margin=1.7561103105545044 teacher_margin_term=0.0 teacher_updates=1 temp_adv=1.1679999999999815 temp_nat=2.6229999999998213 temperature_updates=1 total_loss=0.024786893278360367 views=2
2026-09-15 11:45:25.755 | INFO     | __main__:<module>:875 - TRAIN_EPOCH_RESOURCE epoch=125 seconds=987.9268953800201 peak_allocated_bytes=11589042688
2026-09-15 11:45:25.755 | INFO     | __main__:<module>:482 - METHOD epoch=126 views=2 awp_gamma=0.0003 consistency_weight=0.075
2026-09-15 11:45:25.755 | INFO     | __main__:<module>:485 - the 126th epoch 
2026-09-15 11:45:28.197 | INFO     | __main__:<module>:497 - METHOD_BATCH epoch=126 step=0 adv_kd=0.013019606471061707 awp_gamma=0.0003 awp_relative_norm_max=0.0003000000724568963 clean_ce=0.5811139941215515 clean_ce_term=0.002179177477955818 consistency_term=6.003366070217453e-05 consistency_weight=0.075 js_raw=0.08004488050937653 lr=0.1 nat_kd=0.008722633123397827 pcgrad_conflicts=0 push=0.0031811953522264957 push_term=0.0001590597676113248 student_updates=1 teacher_ce=0.5960508286952972 teacher_lr=7.88057723652648e-05 teacher_margin=1.5660980939865112 teacher_margin_term=0.0 teacher_updates=1 temp_adv=1.1649999999999818 temp_nat=2.625999999999821 temperature_updates=1 total_loss=0.024140510708093643 views=2
2026-09-15 11:49:37.483 | INFO     | __main__:<module>:497 - METHOD_BATCH epoch=126 step=100 adv_kd=0.014052817597985268 awp_gamma=0.0003 awp_relative_norm_max=0.00030000004335306585 clean_ce=0.5430495738983154 clean_ce_term=0.0020364357624202967 consistency_term=7.646454469067976e-05 consistency_weight=0.075 js_raw=0.10195272415876389 lr=0.1 nat_kd=0.008933544158935547 pcgrad_conflicts=0 push=0.0045890891924500465 push_term=0.00022945445380173624 student_updates=1 teacher_ce=0.45464539527893066 teacher_lr=7.88057723652648e-05 teacher_margin=1.731767177581787 teacher_margin_term=0.0 teacher_updates=1 temp_adv=1.1609999999999823 temp_nat=2.6299999999998205 temperature_updates=1 total_loss=0.02532871626317501 views=2
2026-09-15 11:53:46.719 | INFO     | __main__:<module>:497 - METHOD_BATCH epoch=126 step=200 adv_kd=0.015132910571992397 awp_gamma=0.0003 awp_relative_norm_max=0.00030000004335306585 clean_ce=0.536240816116333 clean_ce_term=0.0020109028555452824 consistency_term=6.040632433723658e-05 consistency_weight=0.075 js_raw=0.08054176717996597 lr=0.1 nat_kd=0.009427998214960098 pcgrad_conflicts=0 push=0.005736035294830799 push_term=0.00028680177638307214 student_updates=1 teacher_ce=0.507814422249794 teacher_lr=7.88057723652648e-05 teacher_margin=2.0043740272521973 teacher_margin_term=0.0 teacher_updates=1 temp_adv=1.1689999999999814 temp_nat=2.6219999999998214 temperature_updates=1 total_loss=0.026919018477201462 views=2
2026-09-15 11:57:56.980 | INFO     | __main__:<module>:497 - METHOD_BATCH epoch=126 step=300 adv_kd=0.01491174753755331 awp_gamma=0.0003 awp_relative_norm_max=0.00030000004335306585 clean_ce=0.5492091178894043 clean_ce_term=0.002059534192085266 consistency_term=5.7019446103367954e-05 consistency_weight=0.075 js_raw=0.07602592557668686 lr=0.1 nat_kd=0.009874379262328148 pcgrad_conflicts=0 push=0.0043500084429979324 push_term=0.00021750040468759835 student_updates=1 teacher_ce=0.5102193653583527 teacher_lr=7.88057723652648e-05 teacher_margin=1.8857513666152954 teacher_margin_term=0.0 teacher_updates=1 temp_adv=1.1709999999999812 temp_nat=2.6199999999998216 temperature_updates=1 total_loss=0.027120180428028107 views=2
2026-09-15 12:01:41.376 | INFO     | __main__:<module>:875 - TRAIN_EPOCH_RESOURCE epoch=126 seconds=975.620860490948 peak_allocated_bytes=11589042688
2026-09-15 12:01:41.377 | INFO     | __main__:<module>:482 - METHOD epoch=127 views=2 awp_gamma=0.00035 consistency_weight=0.0875
2026-09-15 12:01:41.377 | INFO     | __main__:<module>:485 - the 127th epoch 
2026-09-15 12:01:43.827 | INFO     | __main__:<module>:497 - METHOD_BATCH epoch=127 step=0 adv_kd=0.01421168353408575 awp_gamma=0.00035 awp_relative_norm_max=0.0003500000457279384 clean_ce=0.5841797590255737 clean_ce_term=0.0025557863991707563 consistency_term=7.287776679731905e-05 consistency_weight=0.0875 js_raw=0.08328887820243835 lr=0.1 nat_kd=0.00843785423785448 pcgrad_conflicts=0 push=0.004449330270290375 push_term=0.00022246652224566787 student_updates=1 teacher_ce=0.4357758015394211 teacher_lr=7.828914400472826e-05 teacher_margin=1.7515629529953003 teacher_margin_term=0.0 teacher_updates=1 temp_adv=1.163999999999982 temp_nat=2.626999999999821 temperature_updates=1 total_loss=0.025500668212771416 views=2
2026-09-15 12:05:53.494 | INFO     | __main__:<module>:497 - METHOD_BATCH epoch=127 step=100 adv_kd=0.014394056983292103 awp_gamma=0.00035 awp_relative_norm_max=0.0003500000457279384 clean_ce=0.5371403694152832 clean_ce_term=0.0023499890230596066 consistency_term=6.419699639081955e-05 consistency_weight=0.0875 js_raw=0.07336799800395966 lr=0.1 nat_kd=0.008767781779170036 pcgrad_conflicts=0 push=0.004596835467964411 push_term=0.00022984176757745445 student_updates=1 teacher_ce=0.3856443911790848 teacher_lr=7.828914400472826e-05 teacher_margin=1.9209556579589844 teacher_margin_term=0.0 teacher_updates=1 temp_adv=1.171999999999981 temp_nat=2.6189999999998217 temperature_updates=1 total_loss=0.025805868208408356 views=2
2026-09-15 12:10:02.018 | INFO     | __main__:<module>:497 - METHOD_BATCH epoch=127 step=200 adv_kd=0.015452560968697071 awp_gamma=0.00035 awp_relative_norm_max=0.0003500000457279384 clean_ce=0.5564910769462585 clean_ce_term=0.00243464857339859 consistency_term=6.116049917181954e-05 consistency_weight=0.0875 js_raw=0.06989771872758865 lr=0.1 nat_kd=0.009365623816847801 pcgrad_conflicts=0 push=0.004320323932915926 push_term=0.0002160161966457963 student_updates=1 teacher_ce=0.41514861583709717 teacher_lr=7.828914400472826e-05 teacher_margin=2.021932601928711 teacher_margin_term=0.0 teacher_updates=1 temp_adv=1.1679999999999815 temp_nat=2.6229999999998213 temperature_updates=1 total_loss=0.027530008926987648 views=2
2026-09-15 12:14:10.867 | INFO     | __main__:<module>:497 - METHOD_BATCH epoch=127 step=300 adv_kd=0.015313075855374336 awp_gamma=0.00035 awp_relative_norm_max=0.0003500000457279384 clean_ce=0.49933597445487976 clean_ce_term=0.0021845949813723564 consistency_term=7.400840695481747e-05 consistency_weight=0.0875 js_raw=0.08458103984594345 lr=0.1 nat_kd=0.009277095086872578 pcgrad_conflicts=0 push=0.005711583886295557 push_term=0.00028557918267324567 student_updates=1 teacher_ce=0.5409363806247711 teacher_lr=7.828914400472826e-05 teacher_margin=2.0060887336730957 teacher_margin_term=0.0 teacher_updates=1 temp_adv=1.1699999999999813 temp_nat=2.6209999999998215 temperature_updates=1 total_loss=0.027134353294968605 views=2
2026-09-15 12:17:55.329 | INFO     | __main__:<module>:875 - TRAIN_EPOCH_RESOURCE epoch=127 seconds=973.9518649205565 peak_allocated_bytes=11589042688
2026-09-15 12:17:55.329 | INFO     | __main__:<module>:482 - METHOD epoch=128 views=2 awp_gamma=0.0004 consistency_weight=0.1
2026-09-15 12:17:55.329 | INFO     | __main__:<module>:485 - the 128th epoch 
2026-09-15 12:17:57.896 | INFO     | __main__:<module>:497 - METHOD_BATCH epoch=128 step=0 adv_kd=0.012999452650547028 awp_gamma=0.0004 awp_relative_norm_max=0.000400000048102811 clean_ce=0.5589732527732849 clean_ce_term=0.002794866217300296 consistency_term=6.849463534308597e-05 consistency_weight=0.1 js_raw=0.06849463284015656 lr=0.1 nat_kd=0.00845634937286377 pcgrad_conflicts=0 push=0.004375189542770386 push_term=0.00021875948004890233 student_updates=1 teacher_ce=0.49352988600730896 teacher_lr=7.776804144425558e-05 teacher_margin=1.5993350744247437 teacher_margin_term=0.0 teacher_updates=1 temp_adv=1.1709999999999812 temp_nat=2.6199999999998216 temperature_updates=1 total_loss=0.02453792281448841 views=2
2026-09-15 12:22:07.591 | INFO     | __main__:<module>:497 - METHOD_BATCH epoch=128 step=100 adv_kd=0.015329303219914436 awp_gamma=0.0004 awp_relative_norm_max=0.000400000048102811 clean_ce=0.5241645574569702 clean_ce_term=0.002620822750031948 consistency_term=9.83782738330774e-05 consistency_weight=0.1 js_raw=0.0983782708644867 lr=0.1 nat_kd=0.008950237184762955 pcgrad_conflicts=0 push=0.004437563940882683 push_term=0.00022187820286490023 student_updates=1 teacher_ce=0.5078713446855545 teacher_lr=7.776804144425558e-05 teacher_margin=1.9967939853668213 teacher_margin_term=0.0 teacher_updates=1 temp_adv=1.1689999999999814 temp_nat=2.6219999999998214 temperature_updates=1 total_loss=0.02722061797976494 views=2
2026-09-15 12:26:18.703 | INFO     | __main__:<module>:497 - METHOD_BATCH epoch=128 step=200 adv_kd=0.015341760590672493 awp_gamma=0.0004 awp_relative_norm_max=0.0004000000189989805 clean_ce=0.5176777839660645 clean_ce_term=0.0025883885100483894 consistency_term=9.275587945012376e-05 consistency_weight=0.1 js_raw=0.09275588393211365 lr=0.1 nat_kd=0.009934499859809875 pcgrad_conflicts=0 push=0.004148736596107483 push_term=0.00020743682398460805 student_updates=1 teacher_ce=0.6099459230899811 teacher_lr=7.776804144425558e-05 teacher_margin=2.1040024757385254 teacher_margin_term=0.0 teacher_updates=1 temp_adv=1.1689999999999814 temp_nat=2.6219999999998214 temperature_updates=1 total_loss=0.02816484123468399 views=2
2026-09-15 12:30:28.240 | INFO     | __main__:<module>:497 - METHOD_BATCH epoch=128 step=300 adv_kd=0.014527270570397377 awp_gamma=0.0004 awp_relative_norm_max=0.000400000048102811 clean_ce=0.5296961665153503 clean_ce_term=0.0026484807021915913 consistency_term=9.213648445438594e-05 consistency_weight=0.1 js_raw=0.09213648736476898 lr=0.1 nat_kd=0.009460385888814926 pcgrad_conflicts=0 push=0.005157456733286381 push_term=0.00025787283084355295 student_updates=1 teacher_ce=0.5910341441631317 teacher_lr=7.776804144425558e-05 teacher_margin=1.8904197216033936 teacher_margin_term=0.0 teacher_updates=1 temp_adv=1.1709999999999812 temp_nat=2.6199999999998216 temperature_updates=1 total_loss=0.026986144483089447 views=2
2026-09-15 12:34:17.643 | INFO     | __main__:<module>:875 - TRAIN_EPOCH_RESOURCE epoch=128 seconds=982.3135720342398 peak_allocated_bytes=11589042688
2026-09-15 12:34:17.643 | INFO     | __main__:<module>:482 - METHOD epoch=129 views=2 awp_gamma=0.00045000000000000004 consistency_weight=0.1125
2026-09-15 12:34:17.643 | INFO     | __main__:<module>:485 - the 129th epoch 
2026-09-15 12:34:20.147 | INFO     | __main__:<module>:497 - METHOD_BATCH epoch=129 step=0 adv_kd=0.014916584827005863 awp_gamma=0.00045000000000000004 awp_relative_norm_max=0.000450000079581514 clean_ce=0.5382511615753174 clean_ce_term=0.0030276631005108356 consistency_term=0.00013073900481685996 consistency_weight=0.1125 js_raw=0.11621245741844177 lr=0.1 nat_kd=0.00931859202682972 pcgrad_conflicts=0 push=0.004125922918319702 push_term=0.00020629612845368683 student_updates=1 teacher_ce=0.4642910659313202 teacher_lr=7.724254749554032e-05 teacher_margin=2.019822597503662 teacher_margin_term=0.0 teacher_updates=1 temp_adv=1.1679999999999815 temp_nat=2.6229999999998213 temperature_updates=1 total_loss=0.027599874883890152 views=2
2026-09-15 12:38:28.692 | INFO     | __main__:<module>:497 - METHOD_BATCH epoch=129 step=100 adv_kd=0.013323747552931309 awp_gamma=0.00045000000000000004 awp_relative_norm_max=0.000450000079581514 clean_ce=0.5474917888641357 clean_ce_term=0.0030796416103839874 consistency_term=9.991281694965437e-05 consistency_weight=0.1125 js_raw=0.08881139755249023 lr=0.1 nat_kd=0.009051039814949036 pcgrad_conflicts=0 push=0.003813432063907385 push_term=0.0001906716061057523 student_updates=1 teacher_ce=0.5831808745861053 teacher_lr=7.724254749554032e-05 teacher_margin=1.6151297092437744 teacher_margin_term=0.0 teacher_updates=1 temp_adv=1.1679999999999815 temp_nat=2.6229999999998213 temperature_updates=1 total_loss=0.02574501372873783 views=2
2026-09-15 12:42:40.664 | INFO     | __main__:<module>:497 - METHOD_BATCH epoch=129 step=200 adv_kd=0.014827451668679714 awp_gamma=0.00045000000000000004 awp_relative_norm_max=0.00045000005047768354 clean_ce=0.525924563407898 clean_ce_term=0.0029583259020000696 consistency_term=0.00010032653517555445 consistency_weight=0.1125 js_raw=0.0891791507601738 lr=0.1 nat_kd=0.009304720908403397 pcgrad_conflicts=0 push=0.0059190066531300545 push_term=0.0002959503617603332 student_updates=1 teacher_ce=0.4686089754104614 teacher_lr=7.724254749554032e-05 teacher_margin=1.9325175285339355 teacher_margin_term=0.0 teacher_updates=1 temp_adv=1.1679999999999815 temp_nat=2.6229999999998213 temperature_updates=1 total_loss=0.02748677507042885 views=2
2026-09-15 12:46:48.493 | INFO     | __main__:<module>:497 - METHOD_BATCH epoch=129 step=300 adv_kd=0.013727212324738503 awp_gamma=0.00045000000000000004 awp_relative_norm_max=0.00045000005047768354 clean_ce=0.5249594449996948 clean_ce_term=0.0029528969898819923 consistency_term=9.205508104059845e-05 consistency_weight=0.1125 js_raw=0.08182673901319504 lr=0.1 nat_kd=0.009595876559615135 pcgrad_conflicts=0 push=0.004236508626490831 push_term=0.00021182543423492461 student_updates=1 teacher_ce=0.4760485589504242 teacher_lr=7.724254749554032e-05 teacher_margin=1.8963515758514404 teacher_margin_term=0.0 teacher_updates=1 temp_adv=1.1659999999999817 temp_nat=2.624999999999821 temperature_updates=1 total_loss=0.02657986804842949 views=2
2026-09-15 12:50:32.154 | INFO     | __main__:<module>:875 - TRAIN_EPOCH_RESOURCE epoch=129 seconds=974.5104931630194 peak_allocated_bytes=11589042688
2026-09-15 12:50:32.154 | INFO     | __main__:<module>:482 - METHOD epoch=130 views=2 awp_gamma=0.0005 consistency_weight=0.125
2026-09-15 12:50:32.154 | INFO     | __main__:<module>:485 - the 130th epoch 
2026-09-15 12:50:34.722 | INFO     | __main__:<module>:497 - METHOD_BATCH epoch=130 step=0 adv_kd=0.014745408669114113 awp_gamma=0.0005 awp_relative_norm_max=0.0005000000819563866 clean_ce=0.547283947467804 clean_ce_term=0.003420524764806032 consistency_term=0.0001065801625372842 consistency_weight=0.125 js_raw=0.08526413142681122 lr=0.1 nat_kd=0.00980323925614357 pcgrad_conflicts=0 push=0.004079996608197689 push_term=0.00020399982167873532 student_updates=1 teacher_ce=0.560398280620575 teacher_lr=7.671274566408601e-05 teacher_margin=1.8693902492523193 teacher_margin_term=0.0 teacher_updates=1 temp_adv=1.1689999999999814 temp_nat=2.6219999999998214 temperature_updates=1 total_loss=0.028279751539230347 views=2
2026-09-15 12:54:44.422 | INFO     | __main__:<module>:497 - METHOD_BATCH epoch=130 step=100 adv_kd=0.014148557558655739 awp_gamma=0.0005 awp_relative_norm_max=0.0005000000819563866 clean_ce=0.5320976972579956 clean_ce_term=0.0033256104215979576 consistency_term=0.00010211227345280349 consistency_weight=0.125 js_raw=0.08168981969356537 lr=0.1 nat_kd=0.009588206186890602 pcgrad_conflicts=0 push=0.0043809739872813225 push_term=0.00021904871391598135 student_updates=1 teacher_ce=0.43396657705307007 teacher_lr=7.671274566408601e-05 teacher_margin=2.0237927436828613 teacher_margin_term=0.0 teacher_updates=1 temp_adv=1.1789999999999803 temp_nat=2.6119999999998225 temperature_updates=1 total_loss=0.027383534237742424 views=2
2026-09-15 12:58:58.019 | INFO     | __main__:<module>:497 - METHOD_BATCH epoch=130 step=200 adv_kd=0.01442586537450552 awp_gamma=0.0005 awp_relative_norm_max=0.0005000000819563866 clean_ce=0.514068603515625 clean_ce_term=0.0032129287719726562 consistency_term=0.0001392036210745573 consistency_weight=0.125 js_raw=0.11136290431022644 lr=0.1 nat_kd=0.008992565795779228 pcgrad_conflicts=0 push=0.00489061139523983 push_term=0.0002445305581204593 student_updates=1 teacher_ce=0.5380760431289673 teacher_lr=7.671274566408601e-05 teacher_margin=1.9301600456237793 teacher_margin_term=0.0 teacher_updates=1 temp_adv=1.1649999999999818 temp_nat=2.625999999999821 temperature_updates=1 total_loss=0.027015093713998795 views=2
2026-09-15 13:03:07.265 | INFO     | __main__:<module>:497 - METHOD_BATCH epoch=130 step=300 adv_kd=0.015394262969493866 awp_gamma=0.0005 awp_relative_norm_max=0.0005000000819563866 clean_ce=0.48946064710617065 clean_ce_term=0.0030591292306780815 consistency_term=0.00011423095565987751 consistency_weight=0.125 js_raw=0.09138476848602295 lr=0.1 nat_kd=0.009525846689939499 pcgrad_conflicts=0 push=0.004859471693634987 push_term=0.00024297359050251544 student_updates=1 teacher_ce=0.4407980591058731 teacher_lr=7.671274566408601e-05 teacher_margin=2.0219614505767822 teacher_margin_term=0.0 teacher_updates=1 temp_adv=1.1669999999999816 temp_nat=2.623999999999821 temperature_updates=1 total_loss=0.02833644114434719 views=2
2026-09-15 13:06:52.780 | INFO     | __main__:<module>:875 - TRAIN_EPOCH_RESOURCE epoch=130 seconds=980.625528305769 peak_allocated_bytes=11589042688
2026-09-15 13:07:52.688 | INFO     | __main__:<module>:934 - student robust acc 0.2929, teacher robust acc 0.4765, nat teacher robust acc 0.3540
2026-09-15 13:08:14.715 | INFO     | __main__:<module>:1007 - best accuracy:0.45785
2026-09-15 13:08:14.715 | INFO     | __main__:<module>:1010 - student natural acc 0.6228, adv teacher natural acc 0.6185, nat teacher natural acc 0.7650
2026-09-15 13:08:14.717 | INFO     | __main__:<module>:482 - METHOD epoch=131 views=2 awp_gamma=0.00055 consistency_weight=0.1375
2026-09-15 13:08:14.717 | INFO     | __main__:<module>:485 - the 131th epoch 
2026-09-15 13:08:17.250 | INFO     | __main__:<module>:497 - METHOD_BATCH epoch=131 step=0 adv_kd=0.014489546418190002 awp_gamma=0.00055 awp_relative_norm_max=0.0005500000552274287 clean_ce=0.5288363695144653 clean_ce_term=0.003635749686509371 consistency_term=0.00014733162242919207 consistency_weight=0.1375 js_raw=0.10715027153491974 lr=0.1 nat_kd=0.009652363136410713 pcgrad_conflicts=0 push=0.004685361869633198 push_term=0.00023426809639204293 student_updates=1 teacher_ce=0.5268116593360901 teacher_lr=7.61787201357989e-05 teacher_margin=1.9565753936767578 teacher_margin_term=0.0 teacher_updates=1 temp_adv=1.1739999999999808 temp_nat=2.616999999999822 temperature_updates=1 total_loss=0.028159258887171745 views=2
2026-09-15 13:12:27.009 | INFO     | __main__:<module>:497 - METHOD_BATCH epoch=131 step=100 adv_kd=0.015734519809484482 awp_gamma=0.00055 awp_relative_norm_max=0.0005500000552274287 clean_ce=0.49381229281425476 clean_ce_term=0.00339495949447155 consistency_term=0.00013126886915415525 consistency_weight=0.1375 js_raw=0.09546826779842377 lr=0.1 nat_kd=0.008330648764967918 pcgrad_conflicts=0 push=0.005273465067148209 push_term=0.00026367325335741043 student_updates=1 teacher_ce=0.4141426682472229 teacher_lr=7.61787201357989e-05 teacher_margin=1.9939513206481934 teacher_margin_term=0.0 teacher_updates=1 temp_adv=1.1679999999999815 temp_nat=2.6229999999998213 temperature_updates=1 total_loss=0.027855070307850838 views=2
2026-09-15 13:16:34.761 | INFO     | __main__:<module>:497 - METHOD_BATCH epoch=131 step=200 adv_kd=0.01478166040033102 awp_gamma=0.00055 awp_relative_norm_max=0.0005500000552274287 clean_ce=0.5173366665840149 clean_ce_term=0.003556689713150263 consistency_term=0.00012038273416692391 consistency_weight=0.1375 js_raw=0.08755107969045639 lr=0.1 nat_kd=0.00844939798116684 pcgrad_conflicts=0 push=0.004772208631038666 push_term=0.0002386104315519333 student_updates=1 teacher_ce=0.4222823530435562 teacher_lr=7.61787201357989e-05 teacher_margin=2.080112934112549 teacher_margin_term=0.0 teacher_updates=1 temp_adv=1.1759999999999806 temp_nat=2.614999999999822 temperature_updates=1 total_loss=0.02714674174785614 views=2
2026-09-15 13:20:45.834 | INFO     | __main__:<module>:497 - METHOD_BATCH epoch=131 step=300 adv_kd=0.015521756373345852 awp_gamma=0.00055 awp_relative_norm_max=0.0005500000552274287 clean_ce=0.5082987546920776 clean_ce_term=0.0034945541992783546 consistency_term=0.00014036500942893326 consistency_weight=0.1375 js_raw=0.10208363831043243 lr=0.1 nat_kd=0.009231192991137505 pcgrad_conflicts=0 push=0.006117800250649452 push_term=0.00030589004745706916 student_updates=1 teacher_ce=0.433454692363739 teacher_lr=7.61787201357989e-05 teacher_margin=2.0223207473754883 teacher_margin_term=0.0 teacher_updates=1 temp_adv=1.1779999999999804 temp_nat=2.6129999999998224 temperature_updates=1 total_loss=0.028693757951259613 views=2
2026-09-15 13:24:28.754 | INFO     | __main__:<module>:875 - TRAIN_EPOCH_RESOURCE epoch=131 seconds=974.036622364074 peak_allocated_bytes=11589042688
2026-09-15 13:24:28.754 | INFO     | __main__:<module>:482 - METHOD epoch=132 views=2 awp_gamma=0.0006 consistency_weight=0.15
2026-09-15 13:24:28.754 | INFO     | __main__:<module>:485 - the 132th epoch 
2026-09-15 13:24:31.254 | INFO     | __main__:<module>:497 - METHOD_BATCH epoch=132 step=0 adv_kd=0.013792449608445168 awp_gamma=0.0006 awp_relative_norm_max=0.0006000000867061317 clean_ce=0.504392683506012 clean_ce_term=0.0037829449865967035 consistency_term=0.00013583542022388428 consistency_weight=0.15 js_raw=0.09055694192647934 lr=0.1 nat_kd=0.00859839841723442 pcgrad_conflicts=0 push=0.005213846918195486 push_term=0.0002606923517305404 student_updates=1 teacher_ce=0.44207610189914703 teacher_lr=7.564055576347172e-05 teacher_margin=1.9216091632843018 teacher_margin_term=0.0 teacher_updates=1 temp_adv=1.1789999999999803 temp_nat=2.6119999999998225 temperature_updates=1 total_loss=0.02657032012939453 views=2
2026-09-15 13:28:41.851 | INFO     | __main__:<module>:497 - METHOD_BATCH epoch=132 step=100 adv_kd=0.014840960502624512 awp_gamma=0.0006 awp_relative_norm_max=0.0006000001449137926 clean_ce=0.5235316753387451 clean_ce_term=0.003926487639546394 consistency_term=0.0001732032687868923 consistency_weight=0.15 js_raw=0.11546884477138519 lr=0.1 nat_kd=0.008865561336278915 pcgrad_conflicts=0 push=0.005581540986895561 push_term=0.0002790770377032459 student_updates=1 teacher_ce=0.44800540804862976 teacher_lr=7.564055576347172e-05 teacher_margin=2.0205554962158203 teacher_margin_term=0.0 teacher_updates=1 temp_adv=1.1789999999999803 temp_nat=2.6119999999998225 temperature_updates=1 total_loss=0.028085291385650635 views=2
2026-09-15 13:32:54.964 | INFO     | __main__:<module>:497 - METHOD_BATCH epoch=132 step=200 adv_kd=0.015505535528063774 awp_gamma=0.0006 awp_relative_norm_max=0.0006000001449137926 clean_ce=0.48114845156669617 clean_ce_term=0.0036086132749915123 consistency_term=0.000163393619004637 consistency_weight=0.15 js_raw=0.10892907530069351 lr=0.1 nat_kd=0.009936148300766945 pcgrad_conflicts=0 push=0.0069945938885211945 push_term=0.00034972972935065627 student_updates=1 teacher_ce=0.48738835752010345 teacher_lr=7.564055576347172e-05 teacher_margin=2.217121124267578 teacher_margin_term=0.0 teacher_updates=1 temp_adv=1.1689999999999814 temp_nat=2.6219999999998214 temperature_updates=1 total_loss=0.02956341952085495 views=2
2026-09-15 13:37:07.820 | INFO     | __main__:<module>:497 - METHOD_BATCH epoch=132 step=300 adv_kd=0.016261026263237 awp_gamma=0.0006 awp_relative_norm_max=0.0006000000867061317 clean_ce=0.4865007996559143 clean_ce_term=0.0036487558390945196 consistency_term=0.00014301485498435795 consistency_weight=0.15 js_raw=0.09534323215484619 lr=0.1 nat_kd=0.00816335529088974 pcgrad_conflicts=0 push=0.004473515786230564 push_term=0.0002236758009530604 student_updates=1 teacher_ce=0.454982727766037 teacher_lr=7.564055576347172e-05 teacher_margin=2.012237071990967 teacher_margin_term=0.0 teacher_updates=1 temp_adv=1.172999999999981 temp_nat=2.617999999999822 temperature_updates=1 total_loss=0.028439829126000404 views=2
2026-09-15 13:40:50.938 | INFO     | __main__:<module>:875 - TRAIN_EPOCH_RESOURCE epoch=132 seconds=982.1835229471326 peak_allocated_bytes=11589042688
2026-09-15 13:40:50.938 | INFO     | __main__:<module>:482 - METHOD epoch=133 views=2 awp_gamma=0.0006500000000000001 consistency_weight=0.1625
2026-09-15 13:40:50.938 | INFO     | __main__:<module>:485 - the 133th epoch 
2026-09-15 13:40:53.428 | INFO     | __main__:<module>:497 - METHOD_BATCH epoch=133 step=0 adv_kd=0.014490807428956032 awp_gamma=0.0006500000000000001 awp_relative_norm_max=0.0006500000599771738 clean_ce=0.49615734815597534 clean_ce_term=0.004031278192996979 consistency_term=0.0001597545197000727 consistency_weight=0.1625 js_raw=0.09831048548221588 lr=0.1 nat_kd=0.0095573291182518 pcgrad_conflicts=0 push=0.004948360845446587 push_term=0.0002474180655553937 student_updates=1 teacher_ce=0.5497882962226868 teacher_lr=7.509833805316117e-05 teacher_margin=1.884232521057129 teacher_margin_term=0.0 teacher_updates=1 temp_adv=1.1699999999999813 temp_nat=2.6209999999998215 temperature_updates=1 total_loss=0.02848658710718155 views=2
2026-09-15 13:45:06.118 | INFO     | __main__:<module>:497 - METHOD_BATCH epoch=133 step=100 adv_kd=0.01568668521940708 awp_gamma=0.0006500000000000001 awp_relative_norm_max=0.0006500001181848347 clean_ce=0.4650590419769287 clean_ce_term=0.0037786047905683517 consistency_term=0.00016756358672864735 consistency_weight=0.1625 js_raw=0.10311605781316757 lr=0.1 nat_kd=0.008697815239429474 pcgrad_conflicts=0 push=0.005735776387155056 push_term=0.0002867888251785189 student_updates=1 teacher_ce=0.49851392209529877 teacher_lr=7.509833805316117e-05 teacher_margin=2.1499099731445312 teacher_margin_term=0.0 teacher_updates=1 temp_adv=1.1739999999999808 temp_nat=2.616999999999822 temperature_updates=1 total_loss=0.028617456555366516 views=2
2026-09-15 13:49:15.304 | INFO     | __main__:<module>:497 - METHOD_BATCH epoch=133 step=200 adv_kd=0.01562116201967001 awp_gamma=0.0006500000000000001 awp_relative_norm_max=0.0006500000599771738 clean_ce=0.5080767869949341 clean_ce_term=0.004128124099224806 consistency_term=0.0001416127779521048 consistency_weight=0.1625 js_raw=0.0871463268995285 lr=0.1 nat_kd=0.009202109649777412 pcgrad_conflicts=0 push=0.004935747478157282 push_term=0.0002467873855493963 student_updates=1 teacher_ce=0.45980404317379 teacher_lr=7.509833805316117e-05 teacher_margin=1.953981637954712 teacher_margin_term=0.0 teacher_updates=1 temp_adv=1.1759999999999806 temp_nat=2.614999999999822 temperature_updates=1 total_loss=0.02933979593217373 views=2
2026-09-15 13:53:26.277 | INFO     | __main__:<module>:497 - METHOD_BATCH epoch=133 step=300 adv_kd=0.016073571518063545 awp_gamma=0.0006500000000000001 awp_relative_norm_max=0.0006500001181848347 clean_ce=0.4992262125015259 clean_ce_term=0.004056212957948446 consistency_term=0.00011572352377697825 consistency_weight=0.1625 js_raw=0.07121448218822479 lr=0.1 nat_kd=0.009432580322027206 pcgrad_conflicts=0 push=0.0058405655436217785 push_term=0.0002920283004641533 student_updates=1 teacher_ce=0.46299198269844055 teacher_lr=7.509833805316117e-05 teacher_margin=2.122866630554199 teacher_margin_term=0.0 teacher_updates=1 temp_adv=1.171999999999981 temp_nat=2.6189999999998217 temperature_updates=1 total_loss=0.029970116913318634 views=2
2026-09-15 13:57:09.587 | INFO     | __main__:<module>:875 - TRAIN_EPOCH_RESOURCE epoch=133 seconds=978.648709025234 peak_allocated_bytes=11589042688
2026-09-15 13:57:09.587 | INFO     | __main__:<module>:482 - METHOD epoch=134 views=2 awp_gamma=0.0007 consistency_weight=0.175
2026-09-15 13:57:09.587 | INFO     | __main__:<module>:485 - the 134th epoch 
2026-09-15 13:57:12.138 | INFO     | __main__:<module>:497 - METHOD_BATCH epoch=134 step=0 adv_kd=0.0143586415797472 awp_gamma=0.0007 awp_relative_norm_max=0.0007000000332482159 clean_ce=0.501179039478302 clean_ce_term=0.0043853167444467545 consistency_term=0.0001347863581031561 consistency_weight=0.175 js_raw=0.07702077925205231 lr=0.1 nat_kd=0.00945974513888359 pcgrad_conflicts=0 push=0.005086354911327362 push_term=0.000254317739745602 student_updates=1 teacher_ce=0.4893094599246979 teacher_lr=7.455215315046091e-05 teacher_margin=2.020859956741333 teacher_margin_term=0.0 teacher_updates=1 temp_adv=1.18099999999998 temp_nat=2.6099999999998227 temperature_updates=1 total_loss=0.028592808172106743 views=2
2026-09-15 14:01:26.408 | INFO     | __main__:<module>:497 - METHOD_BATCH epoch=134 step=100 adv_kd=0.01452009566128254 awp_gamma=0.0007 awp_relative_norm_max=0.0007000000332482159 clean_ce=0.4867546558380127 clean_ce_term=0.00425910297781229 consistency_term=0.00021675099560525268 consistency_weight=0.175 js_raw=0.12385772168636322 lr=0.1 nat_kd=0.009256545454263687 pcgrad_conflicts=0 push=0.005504248198121786 push_term=0.0002752123982645571 student_updates=1 teacher_ce=0.545859307050705 teacher_lr=7.455215315046091e-05 teacher_margin=1.9740633964538574 teacher_margin_term=0.0 teacher_updates=1 temp_adv=1.1789999999999803 temp_nat=2.6119999999998225 temperature_updates=1 total_loss=0.02852770872414112 views=2
2026-09-15 14:05:35.866 | INFO     | __main__:<module>:497 - METHOD_BATCH epoch=134 step=200 adv_kd=0.015300719067454338 awp_gamma=0.0007 awp_relative_norm_max=0.0007000000332482159 clean_ce=0.4606562852859497 clean_ce_term=0.004030742682516575 consistency_term=0.00014930842735338956 consistency_weight=0.175 js_raw=0.08531910181045532 lr=0.1 nat_kd=0.009685410186648369 pcgrad_conflicts=0 push=0.005366967990994453 push_term=0.00026834840537048876 student_updates=1 teacher_ce=0.5558102130889893 teacher_lr=7.455215315046091e-05 teacher_margin=1.9806339740753174 teacher_margin_term=0.0 teacher_updates=1 temp_adv=1.1749999999999807 temp_nat=2.615999999999822 temperature_updates=1 total_loss=0.029434526339173317 views=2
2026-09-15 14:09:46.419 | INFO     | __main__:<module>:497 - METHOD_BATCH epoch=134 step=300 adv_kd=0.01578233763575554 awp_gamma=0.0007 awp_relative_norm_max=0.0007000000332482159 clean_ce=0.500344455242157 clean_ce_term=0.0043780142441391945 consistency_term=0.00016895291628316045 consistency_weight=0.175 js_raw=0.0965445339679718 lr=0.1 nat_kd=0.008852665312588215 pcgrad_conflicts=0 push=0.004794423934072256 push_term=0.000239721208345145 student_updates=1 teacher_ce=0.39667272567749023 teacher_lr=7.455215315046091e-05 teacher_margin=2.1550168991088867 teacher_margin_term=0.0 teacher_updates=1 temp_adv=1.1789999999999803 temp_nat=2.6119999999998225 temperature_updates=1 total_loss=0.029421690851449966 views=2
2026-09-15 14:13:32.591 | INFO     | __main__:<module>:875 - TRAIN_EPOCH_RESOURCE epoch=134 seconds=983.0035334900022 peak_allocated_bytes=11589042688
2026-09-15 14:13:32.591 | INFO     | __main__:<module>:482 - METHOD epoch=135 views=2 awp_gamma=0.00075 consistency_weight=0.1875
2026-09-15 14:13:32.592 | INFO     | __main__:<module>:485 - the 135th epoch 
2026-09-15 14:13:35.205 | INFO     | __main__:<module>:497 - METHOD_BATCH epoch=135 step=0 adv_kd=0.014409514144062996 awp_gamma=0.00075 awp_relative_norm_max=0.0007500000647269189 clean_ce=0.524949312210083 clean_ce_term=0.00492140045389533 consistency_term=0.0001616940280655399 consistency_weight=0.1875 js_raw=0.08623681962490082 lr=0.1 nat_kd=0.0096617192029953 pcgrad_conflicts=0 push=0.006208410486578941 push_term=0.00031042052432894707 student_updates=1 teacher_ce=0.551214724779129 teacher_lr=7.400208782667249e-05 teacher_margin=1.875996470451355 teacher_margin_term=0.0 teacher_updates=1 temp_adv=1.1739999999999808 temp_nat=2.616999999999822 temperature_updates=1 total_loss=0.02946474961936474 views=2
2026-09-15 14:17:48.005 | INFO     | __main__:<module>:497 - METHOD_BATCH epoch=135 step=100 adv_kd=0.014069555327296257 awp_gamma=0.00075 awp_relative_norm_max=0.0007500001229345798 clean_ce=0.46846944093704224 clean_ce_term=0.004391901195049286 consistency_term=0.00019417493604123592 consistency_weight=0.1875 js_raw=0.10355997085571289 lr=0.1 nat_kd=0.009012171998620033 pcgrad_conflicts=0 push=0.005633256863802671 push_term=0.00028166285483166575 student_updates=1 teacher_ce=0.573064774274826 teacher_lr=7.400208782667249e-05 teacher_margin=2.0656039714813232 teacher_margin_term=0.0 teacher_updates=1 temp_adv=1.1799999999999802 temp_nat=2.6109999999998226 temperature_updates=1 total_loss=0.027949465438723564 views=2
2026-09-15 14:21:59.357 | INFO     | __main__:<module>:497 - METHOD_BATCH epoch=135 step=200 adv_kd=0.01546002272516489 awp_gamma=0.00075 awp_relative_norm_max=0.0007500001229345798 clean_ce=0.46964961290359497 clean_ce_term=0.004402965307235718 consistency_term=0.00017599284183233976 consistency_weight=0.1875 js_raw=0.09386284649372101 lr=0.1 nat_kd=0.00840519368648529 pcgrad_conflicts=0 push=0.004657496698200703 push_term=0.0002328748523723334 student_updates=1 teacher_ce=0.3647027164697647 teacher_lr=7.400208782667249e-05 teacher_margin=2.1352219581604004 teacher_margin_term=0.0 teacher_updates=1 temp_adv=1.1739999999999808 temp_nat=2.616999999999822 temperature_updates=1 total_loss=0.028677048161625862 views=2
2026-09-15 14:26:10.751 | INFO     | __main__:<module>:497 - METHOD_BATCH epoch=135 step=300 adv_kd=0.016828153282403946 awp_gamma=0.00075 awp_relative_norm_max=0.0007500000647269189 clean_ce=0.46709632873535156 clean_ce_term=0.0043790279887616634 consistency_term=0.0001412597921444103 consistency_weight=0.1875 js_raw=0.07533855736255646 lr=0.1 nat_kd=0.010213589295744896 pcgrad_conflicts=0 push=0.006066245958209038 push_term=0.00030331232119351625 student_updates=1 teacher_ce=0.4265073388814926 teacher_lr=7.400208782667249e-05 teacher_margin=2.2913994789123535 teacher_margin_term=0.0 teacher_updates=1 temp_adv=1.1779999999999804 temp_nat=2.6129999999998224 temperature_updates=1 total_loss=0.03186533972620964 views=2
2026-09-15 14:29:54.820 | INFO     | __main__:<module>:875 - TRAIN_EPOCH_RESOURCE epoch=135 seconds=982.2287408858538 peak_allocated_bytes=11589042688
2026-09-15 14:29:54.821 | INFO     | __main__:<module>:482 - METHOD epoch=136 views=2 awp_gamma=0.0008 consistency_weight=0.2
2026-09-15 14:29:54.821 | INFO     | __main__:<module>:485 - the 136th epoch 
2026-09-15 14:29:57.307 | INFO     | __main__:<module>:497 - METHOD_BATCH epoch=136 step=0 adv_kd=0.014465863816440105 awp_gamma=0.0008 awp_relative_norm_max=0.000800000037997961 clean_ce=0.4960428476333618 clean_ce_term=0.004960427992045879 consistency_term=0.0002045316359726712 consistency_weight=0.2 js_raw=0.10226581990718842 lr=0.1 nat_kd=0.008278386667370796 pcgrad_conflicts=0 push=0.005088254809379578 push_term=0.00025441276375204325 student_updates=1 teacher_ce=0.46268945932388306 teacher_lr=7.344822946487632e-05 teacher_margin=1.919727087020874 teacher_margin_term=0.0 teacher_updates=1 temp_adv=1.1829999999999798 temp_nat=2.607999999999823 temperature_updates=1 total_loss=0.028163623064756393 views=2
2026-09-15 14:34:05.975 | INFO     | __main__:<module>:497 - METHOD_BATCH epoch=136 step=100 adv_kd=0.015277759172022343 awp_gamma=0.0008 awp_relative_norm_max=0.000800000096205622 clean_ce=0.4635206162929535 clean_ce_term=0.004635206423699856 consistency_term=0.0001406724622938782 consistency_weight=0.2 js_raw=0.0703362300992012 lr=0.1 nat_kd=0.008920174092054367 pcgrad_conflicts=0 push=0.00589012261480093 push_term=0.0002945061423815787 student_updates=1 teacher_ce=0.4421718418598175 teacher_lr=7.344822946487632e-05 teacher_margin=2.0215706825256348 teacher_margin_term=0.0 teacher_updates=1 temp_adv=1.18099999999998 temp_nat=2.6099999999998227 temperature_updates=1 total_loss=0.02926831878721714 views=2
2026-09-15 14:38:19.229 | INFO     | __main__:<module>:497 - METHOD_BATCH epoch=136 step=200 adv_kd=0.014942693524062634 awp_gamma=0.0008 awp_relative_norm_max=0.000800000096205622 clean_ce=0.46570494771003723 clean_ce_term=0.004657049663364887 consistency_term=0.0002022643748205155 consistency_weight=0.2 js_raw=0.10113218426704407 lr=0.1 nat_kd=0.009610367938876152 pcgrad_conflicts=0 push=0.004802282899618149 push_term=0.00024011413916014135 student_updates=1 teacher_ce=0.6310708522796631 teacher_lr=7.344822946487632e-05 teacher_margin=2.019955635070801 teacher_margin_term=0.0 teacher_updates=1 temp_adv=1.18099999999998 temp_nat=2.6099999999998227 temperature_updates=1 total_loss=0.029652487486600876 views=2
2026-09-15 14:42:29.567 | INFO     | __main__:<module>:497 - METHOD_BATCH epoch=136 step=300 adv_kd=0.014566550962626934 awp_gamma=0.0008 awp_relative_norm_max=0.000800000096205622 clean_ce=0.48542559146881104 clean_ce_term=0.004854255355894566 consistency_term=0.0002000877575483173 consistency_weight=0.2 js_raw=0.1000438779592514 lr=0.1 nat_kd=0.008475500158965588 pcgrad_conflicts=0 push=0.003918907605111599 push_term=0.00019594538025557995 student_updates=1 teacher_ce=0.4742123782634735 teacher_lr=7.344822946487632e-05 teacher_margin=2.017618179321289 teacher_margin_term=0.0 teacher_updates=1 temp_adv=1.1789999999999803 temp_nat=2.6119999999998225 temperature_updates=1 total_loss=0.02829233929514885 views=2
2026-09-15 14:46:14.903 | INFO     | __main__:<module>:875 - TRAIN_EPOCH_RESOURCE epoch=136 seconds=980.0820468217134 peak_allocated_bytes=11589042688
2026-09-15 14:46:14.903 | INFO     | __main__:<module>:482 - METHOD epoch=137 views=2 awp_gamma=0.00085 consistency_weight=0.2125
2026-09-15 14:46:14.903 | INFO     | __main__:<module>:485 - the 137th epoch 
2026-09-15 14:46:17.373 | INFO     | __main__:<module>:497 - METHOD_BATCH epoch=137 step=0 adv_kd=0.014810863882303238 awp_gamma=0.00085 awp_relative_norm_max=0.000850000127684325 clean_ce=0.49855875968933105 clean_ce_term=0.0052971867844462395 consistency_term=0.00014560217096004635 consistency_weight=0.2125 js_raw=0.06851866841316223 lr=0.1 nat_kd=0.009183082729578018 pcgrad_conflicts=0 push=0.004945856519043446 push_term=0.00024729283177293837 student_updates=1 teacher_ce=0.37088096141815186 teacher_lr=7.289066604590528e-05 teacher_margin=1.9906411170959473 teacher_margin_term=0.0 teacher_updates=1 temp_adv=1.1799999999999802 temp_nat=2.6109999999998226 temperature_updates=1 total_loss=0.029684029519557953 views=2
2026-09-15 14:50:26.158 | INFO     | __main__:<module>:497 - METHOD_BATCH epoch=137 step=100 adv_kd=0.015235956758260727 awp_gamma=0.00085 awp_relative_norm_max=0.000850000127684325 clean_ce=0.4654919505119324 clean_ce_term=0.0049458518624305725 consistency_term=0.00019882729975506663 consistency_weight=0.2125 js_raw=0.09356579184532166 lr=0.1 nat_kd=0.00778935244306922 pcgrad_conflicts=0 push=0.005603344179689884 push_term=0.0002801672089844942 student_updates=1 teacher_ce=0.38198915123939514 teacher_lr=7.289066604590528e-05 teacher_margin=2.135291576385498 teacher_margin_term=0.0 teacher_updates=1 temp_adv=1.1779999999999804 temp_nat=2.6129999999998224 temperature_updates=1 total_loss=0.02845015563070774 views=2
2026-09-15 14:54:37.614 | INFO     | __main__:<module>:497 - METHOD_BATCH epoch=137 step=200 adv_kd=0.014555667527019978 awp_gamma=0.00085 awp_relative_norm_max=0.000850000127684325 clean_ce=0.5008306503295898 clean_ce_term=0.005321325734257698 consistency_term=0.0002029890165431425 consistency_weight=0.2125 js_raw=0.09552424401044846 lr=0.1 nat_kd=0.008240737020969391 pcgrad_conflicts=0 push=0.005911096464842558 push_term=0.0002955548116005957 student_updates=1 teacher_ce=0.46986645460128784 teacher_lr=7.289066604590528e-05 teacher_margin=1.8007144927978516 teacher_margin_term=0.0 teacher_updates=1 temp_adv=1.18199999999998 temp_nat=2.608999999999823 temperature_updates=1 total_loss=0.028616273775696754 views=2
2026-09-15 14:58:49.039 | INFO     | __main__:<module>:497 - METHOD_BATCH epoch=137 step=300 adv_kd=0.016598861664533615 awp_gamma=0.00085 awp_relative_norm_max=0.000850000127684325 clean_ce=0.4800218939781189 clean_ce_term=0.005100232549011707 consistency_term=0.0001789491652743891 consistency_weight=0.2125 js_raw=0.08421136438846588 lr=0.1 nat_kd=0.00932864099740982 pcgrad_conflicts=0 push=0.005538471974432468 push_term=0.0002769236161839217 student_updates=1 teacher_ce=0.4504867196083069 teacher_lr=7.289066604590528e-05 teacher_margin=2.2618141174316406 teacher_margin_term=0.0 teacher_updates=1 temp_adv=1.1859999999999795 temp_nat=2.6049999999998232 temperature_updates=1 total_loss=0.03148360550403595 views=2
2026-09-15 15:02:41.796 | INFO     | __main__:<module>:875 - TRAIN_EPOCH_RESOURCE epoch=137 seconds=986.8922205604613 peak_allocated_bytes=11589042688
2026-09-15 15:02:41.796 | INFO     | __main__:<module>:482 - METHOD epoch=138 views=2 awp_gamma=0.0009000000000000001 consistency_weight=0.225
2026-09-15 15:02:41.796 | INFO     | __main__:<module>:485 - the 138th epoch 
2026-09-15 15:02:44.477 | INFO     | __main__:<module>:497 - METHOD_BATCH epoch=138 step=0 adv_kd=0.014374487102031708 awp_gamma=0.0009000000000000001 awp_relative_norm_max=0.0009000001009553671 clean_ce=0.4859378933906555 clean_ce_term=0.005466801580041647 consistency_term=0.0001861193304648623 consistency_weight=0.225 js_raw=0.08271970599889755 lr=0.1 nat_kd=0.00930587388575077 pcgrad_conflicts=0 push=0.005082540214061737 push_term=0.0002541269932407886 student_updates=1 teacher_ce=0.4503164142370224 teacher_lr=7.232948613422267e-05 teacher_margin=2.029301643371582 teacher_margin_term=0.0 teacher_updates=1 temp_adv=1.1789999999999803 temp_nat=2.6119999999998225 temperature_updates=1 total_loss=0.029587410390377045 views=2
2026-09-15 15:07:01.950 | INFO     | __main__:<module>:497 - METHOD_BATCH epoch=138 step=100 adv_kd=0.014790011569857597 awp_gamma=0.0009000000000000001 awp_relative_norm_max=0.0009000001009553671 clean_ce=0.47176235914230347 clean_ce_term=0.0053073265589773655 consistency_term=0.00020143033179920167 consistency_weight=0.225 js_raw=0.08952459692955017 lr=0.1 nat_kd=0.009211497381329536 pcgrad_conflicts=0 push=0.004367629066109657 push_term=0.00021838145039509982 student_updates=1 teacher_ce=0.5478606522083282 teacher_lr=7.232948613422267e-05 teacher_margin=1.9897565841674805 teacher_margin_term=0.0 teacher_updates=1 temp_adv=1.1869999999999794 temp_nat=2.6039999999998233 temperature_updates=1 total_loss=0.02972864732146263 views=2
2026-09-15 15:11:18.278 | INFO     | __main__:<module>:497 - METHOD_BATCH epoch=138 step=200 adv_kd=0.015293926931917667 awp_gamma=0.0009000000000000001 awp_relative_norm_max=0.0009000001009553671 clean_ce=0.4450240731239319 clean_ce_term=0.005006521008908749 consistency_term=0.00024739711079746485 consistency_weight=0.225 js_raw=0.10995428264141083 lr=0.1 nat_kd=0.007871726527810097 pcgrad_conflicts=0 push=0.006798752583563328 push_term=0.0003399376291781664 student_updates=1 teacher_ce=0.46841640770435333 teacher_lr=7.232948613422267e-05 teacher_margin=2.0419416427612305 teacher_margin_term=0.0 teacher_updates=1 temp_adv=1.1889999999999792 temp_nat=2.6019999999998236 temperature_updates=1 total_loss=0.028759509325027466 views=2
2026-09-15 15:15:37.028 | INFO     | __main__:<module>:497 - METHOD_BATCH epoch=138 step=300 adv_kd=0.015760060399770737 awp_gamma=0.0009000000000000001 awp_relative_norm_max=0.0009000001009553671 clean_ce=0.45507365465164185 clean_ce_term=0.005119578447192907 consistency_term=0.000268076139036566 consistency_weight=0.225 js_raw=0.11914496123790741 lr=0.1 nat_kd=0.008833631873130798 pcgrad_conflicts=0 push=0.004830486606806517 push_term=0.00024152433616109192 student_updates=1 teacher_ce=0.4058726876974106 teacher_lr=7.232948613422267e-05 teacher_margin=2.129584312438965 teacher_margin_term=0.0 teacher_updates=1 temp_adv=1.1689999999999814 temp_nat=2.6219999999998214 temperature_updates=1 total_loss=0.030222870409488678 views=2
2026-09-15 15:19:29.236 | INFO     | __main__:<module>:875 - TRAIN_EPOCH_RESOURCE epoch=138 seconds=1007.4399967975914 peak_allocated_bytes=11589042688
2026-09-15 15:19:29.237 | INFO     | __main__:<module>:482 - METHOD epoch=139 views=2 awp_gamma=0.00095 consistency_weight=0.2375
2026-09-15 15:19:29.237 | INFO     | __main__:<module>:485 - the 139th epoch 
2026-09-15 15:19:31.768 | INFO     | __main__:<module>:497 - METHOD_BATCH epoch=139 step=0 adv_kd=0.013665338978171349 awp_gamma=0.00095 awp_relative_norm_max=0.0009500001324340701 clean_ce=0.4738501310348511 clean_ce_term=0.00562696997076273 consistency_term=0.0001950039732037112 consistency_weight=0.2375 js_raw=0.08210693299770355 lr=0.1 nat_kd=0.007630272768437862 pcgrad_conflicts=0 push=0.005278238095343113 push_term=0.0002639119338709861 student_updates=1 teacher_ce=0.4897189438343048 teacher_lr=7.176477886370735e-05 teacher_margin=1.9212915897369385 teacher_margin_term=0.0 teacher_updates=1 temp_adv=1.1799999999999802 temp_nat=2.6109999999998226 temperature_updates=1 total_loss=0.027381498366594315 views=2
2026-09-15 15:23:51.042 | INFO     | __main__:<module>:497 - METHOD_BATCH epoch=139 step=100 adv_kd=0.015569722279906273 awp_gamma=0.00095 awp_relative_norm_max=0.0009500001324340701 clean_ce=0.4496060609817505 clean_ce_term=0.005339072085916996 consistency_term=0.00021059351274743676 consistency_weight=0.2375 js_raw=0.08867095410823822 lr=0.1 nat_kd=0.008855551481246948 pcgrad_conflicts=0 push=0.004748857580125332 push_term=0.00023744290228933096 student_updates=1 teacher_ce=0.46921131014823914 teacher_lr=7.176477886370735e-05 teacher_margin=2.0066590309143066 teacher_margin_term=0.0 teacher_updates=1 temp_adv=1.1879999999999793 temp_nat=2.6029999999998235 temperature_updates=1 total_loss=0.030212383717298508 views=2
2026-09-15 15:28:06.962 | INFO     | __main__:<module>:497 - METHOD_BATCH epoch=139 step=200 adv_kd=0.016561292111873627 awp_gamma=0.00095 awp_relative_norm_max=0.0009500001324340701 clean_ce=0.4707821011543274 clean_ce_term=0.005590537562966347 consistency_term=0.000269894691882655 consistency_weight=0.2375 js_raw=0.11363987624645233 lr=0.1 nat_kd=0.010064302012324333 pcgrad_conflicts=0 push=0.006357953883707523 push_term=0.00031789770582690835 student_updates=1 teacher_ce=0.47484417259693146 teacher_lr=7.176477886370735e-05 teacher_margin=2.360086679458618 teacher_margin_term=0.0 teacher_updates=1 temp_adv=1.1779999999999804 temp_nat=2.6129999999998224 temperature_updates=1 total_loss=0.03280392289161682 views=2
2026-09-15 15:32:24.070 | INFO     | __main__:<module>:497 - METHOD_BATCH epoch=139 step=300 adv_kd=0.014840394258499146 awp_gamma=0.00095 awp_relative_norm_max=0.0009500001324340701 clean_ce=0.48323750495910645 clean_ce_term=0.005738445557653904 consistency_term=0.00024036418471951038 consistency_weight=0.2375 js_raw=0.101205974817276 lr=0.1 nat_kd=0.009191513992846012 pcgrad_conflicts=0 push=0.004561617970466614 push_term=0.00022808091307524592 student_updates=1 teacher_ce=0.4923306256532669 teacher_lr=7.176477886370735e-05 teacher_margin=2.0396080017089844 teacher_margin_term=0.0 teacher_updates=1 temp_adv=1.18199999999998 temp_nat=2.608999999999823 temperature_updates=1 total_loss=0.030238797888159752 views=2
2026-09-15 15:36:08.027 | INFO     | __main__:<module>:875 - TRAIN_EPOCH_RESOURCE epoch=139 seconds=998.7897877953947 peak_allocated_bytes=11589042688
2026-09-15 15:36:08.027 | INFO     | __main__:<module>:482 - METHOD epoch=140 views=2 awp_gamma=0.001 consistency_weight=0.25
2026-09-15 15:36:08.027 | INFO     | __main__:<module>:485 - the 140th epoch 
2026-09-15 15:36:10.455 | INFO     | __main__:<module>:497 - METHOD_BATCH epoch=140 step=0 adv_kd=0.014626365154981613 awp_gamma=0.001 awp_relative_norm_max=0.0010000001639127731 clean_ce=0.49961400032043457 clean_ce_term=0.006245175376534462 consistency_term=0.000223780152737163 consistency_weight=0.25 js_raw=0.08951206505298615 lr=0.1 nat_kd=0.007895701564848423 pcgrad_conflicts=0 push=0.006236262619495392 push_term=0.0003118131426163018 student_updates=1 teacher_ce=0.4885620027780533 teacher_lr=7.119663392334794e-05 teacher_margin=2.0579819679260254 teacher_margin_term=0.0 teacher_updates=1 temp_adv=1.1849999999999796 temp_nat=2.605999999999823 temperature_updates=1 total_loss=0.02930283360183239 views=2
2026-09-15 15:40:22.884 | INFO     | __main__:<module>:497 - METHOD_BATCH epoch=140 step=100 adv_kd=0.014123497530817986 awp_gamma=0.001 awp_relative_norm_max=0.0010000001639127731 clean_ce=0.43035730719566345 clean_ce_term=0.005379466339945793 consistency_term=0.00028848720830865204 consistency_weight=0.25 js_raw=0.11539489030838013 lr=0.1 nat_kd=0.008420491591095924 pcgrad_conflicts=0 push=0.005282074213027954 push_term=0.0002641036990098655 student_updates=1 teacher_ce=0.4497448354959488 teacher_lr=7.119663392334794e-05 teacher_margin=2.047055959701538 teacher_margin_term=0.0 teacher_updates=1 temp_adv=1.1829999999999798 temp_nat=2.607999999999823 temperature_updates=1 total_loss=0.028476044535636902 views=2
2026-09-15 15:44:33.090 | INFO     | __main__:<module>:497 - METHOD_BATCH epoch=140 step=200 adv_kd=0.01636163517832756 awp_gamma=0.001 awp_relative_norm_max=0.0010000001639127731 clean_ce=0.42416808009147644 clean_ce_term=0.005302101373672485 consistency_term=0.0002168357459595427 consistency_weight=0.25 js_raw=0.08673430234193802 lr=0.1 nat_kd=0.008772384375333786 pcgrad_conflicts=0 push=0.005190696567296982 push_term=0.00025953486328944564 student_updates=1 teacher_ce=0.4801531285047531 teacher_lr=7.119663392334794e-05 teacher_margin=2.195361614227295 teacher_margin_term=0.0 teacher_updates=1 temp_adv=1.18099999999998 temp_nat=2.6099999999998227 temperature_updates=1 total_loss=0.0309124905616045 views=2
2026-09-15 15:48:43.628 | INFO     | __main__:<module>:497 - METHOD_BATCH epoch=140 step=300 adv_kd=0.014850940555334091 awp_gamma=0.001 awp_relative_norm_max=0.0010000001639127731 clean_ce=0.46613970398902893 clean_ce_term=0.005826746113598347 consistency_term=0.00022509149857796729 consistency_weight=0.25 js_raw=0.09003660082817078 lr=0.1 nat_kd=0.00920564029365778 pcgrad_conflicts=0 push=0.005768247880041599 push_term=0.0002884123823605478 student_updates=1 teacher_ce=0.4978999197483063 teacher_lr=7.119663392334794e-05 teacher_margin=2.111966133117676 teacher_margin_term=0.0 teacher_updates=1 temp_adv=1.1849999999999796 temp_nat=2.605999999999823 temperature_updates=1 total_loss=0.030396830290555954 views=2
2026-09-15 15:52:28.820 | INFO     | __main__:<module>:875 - TRAIN_EPOCH_RESOURCE epoch=140 seconds=980.7931816130877 peak_allocated_bytes=11589042688
2026-09-15 15:53:26.680 | INFO     | __main__:<module>:934 - student robust acc 0.2913, teacher robust acc 0.4770, nat teacher robust acc 0.3399
2026-09-15 15:53:48.222 | INFO     | __main__:<module>:1007 - best accuracy:0.4632
2026-09-15 15:53:48.222 | INFO     | __main__:<module>:1010 - student natural acc 0.6351, adv teacher natural acc 0.6186, nat teacher natural acc 0.7650
2026-09-15 15:53:48.224 | INFO     | __main__:<module>:482 - METHOD epoch=141 views=2 awp_gamma=0.0010500000000000002 consistency_weight=0.2625
2026-09-15 15:53:48.224 | INFO     | __main__:<module>:485 - the 141th epoch 
2026-09-15 15:53:50.735 | INFO     | __main__:<module>:497 - METHOD_BATCH epoch=141 step=0 adv_kd=0.013273398391902447 awp_gamma=0.0010500000000000002 awp_relative_norm_max=0.0010500000789761543 clean_ce=0.4828169643878937 clean_ce_term=0.006336972117424011 consistency_term=0.0002488357713446021 consistency_weight=0.2625 js_raw=0.09479458630084991 lr=0.1 nat_kd=0.008655410259962082 pcgrad_conflicts=0 push=0.0044382791966199875 push_term=0.0002219139423687011 student_updates=1 teacher_ce=0.47222118079662323 teacher_lr=7.062514154284863e-05 teacher_margin=1.711381196975708 teacher_margin_term=0.00021392265625763685 teacher_updates=1 temp_adv=1.1859999999999795 temp_nat=2.6049999999998232 temperature_updates=1 total_loss=0.02895045466721058 views=2
2026-09-15 15:57:58.417 | INFO     | __main__:<module>:497 - METHOD_BATCH epoch=141 step=100 adv_kd=0.014253702946007252 awp_gamma=0.0010500000000000002 awp_relative_norm_max=0.0010500000789761543 clean_ce=0.44439345598220825 clean_ce_term=0.0058326637372374535 consistency_term=0.00025542484945617616 consistency_weight=0.2625 js_raw=0.09730470925569534 lr=0.1 nat_kd=0.007915347814559937 pcgrad_conflicts=0 push=0.0053406087681651115 push_term=0.0002670304384082556 student_updates=1 teacher_ce=0.3909647911787033 teacher_lr=7.062514154284863e-05 teacher_margin=1.9303414821624756 teacher_margin_term=0.00024129269877448678 teacher_updates=1 temp_adv=1.1799999999999802 temp_nat=2.6109999999998226 temperature_updates=1 total_loss=0.028765462338924408 views=2
2026-09-15 16:02:07.916 | INFO     | __main__:<module>:497 - METHOD_BATCH epoch=141 step=200 adv_kd=0.014591886661946774 awp_gamma=0.0010500000000000002 awp_relative_norm_max=0.0010500000789761543 clean_ce=0.47158628702163696 clean_ce_term=0.00618956983089447 consistency_term=0.00023301136388909072 consistency_weight=0.2625 js_raw=0.08876623958349228 lr=0.1 nat_kd=0.00927505549043417 pcgrad_conflicts=0 push=0.004794304259121418 push_term=0.0002397152129560709 student_updates=1 teacher_ce=0.4940151274204254 teacher_lr=7.062514154284863e-05 teacher_margin=1.9049893617630005 teacher_margin_term=0.00023812366998754442 teacher_updates=1 temp_adv=1.1839999999999797 temp_nat=2.606999999999823 temperature_updates=1 total_loss=0.03076736070215702 views=2
2026-09-15 16:06:14.714 | INFO     | __main__:<module>:497 - METHOD_BATCH epoch=141 step=300 adv_kd=0.016288386657834053 awp_gamma=0.0010500000000000002 awp_relative_norm_max=0.0010500000789761543 clean_ce=0.42107146978378296 clean_ce_term=0.005526562221348286 consistency_term=0.00026016970514319837 consistency_weight=0.2625 js_raw=0.09911227226257324 lr=0.1 nat_kd=0.009888846427202225 pcgrad_conflicts=0 push=0.006351605523377657 push_term=0.0003175802994519472 student_updates=1 teacher_ce=0.5192336440086365 teacher_lr=7.062514154284863e-05 teacher_margin=2.3042261600494385 teacher_margin_term=0.0002880282700061798 teacher_updates=1 temp_adv=1.189999999999979 temp_nat=2.6009999999998237 temperature_updates=1 total_loss=0.03256957605481148 views=2
2026-09-15 16:09:57.577 | INFO     | __main__:<module>:875 - TRAIN_EPOCH_RESOURCE epoch=141 seconds=969.3524389304221 peak_allocated_bytes=11589042688
2026-09-15 16:09:57.577 | INFO     | __main__:<module>:482 - METHOD epoch=142 views=2 awp_gamma=0.0011 consistency_weight=0.275
2026-09-15 16:09:57.577 | INFO     | __main__:<module>:485 - the 142th epoch 
2026-09-15 16:10:00.056 | INFO     | __main__:<module>:497 - METHOD_BATCH epoch=142 step=0 adv_kd=0.014755437150597572 awp_gamma=0.0011 awp_relative_norm_max=0.0011000001104548573 clean_ce=0.45868319272994995 clean_ce_term=0.00630689412355423 consistency_term=0.00022723633446730673 consistency_weight=0.275 js_raw=0.08263139426708221 lr=0.1 nat_kd=0.007724502123892307 pcgrad_conflicts=0 push=0.00534189585596323 push_term=0.00026709481608122587 student_updates=1 teacher_ce=0.4685971885919571 teacher_lr=7.005039247814891e-05 teacher_margin=1.9995460510253906 teacher_margin_term=0.0004998865770176053 teacher_updates=1 temp_adv=1.1829999999999798 temp_nat=2.607999999999823 temperature_updates=1 total_loss=0.029781052842736244 views=2
2026-09-15 16:14:09.949 | INFO     | __main__:<module>:497 - METHOD_BATCH epoch=142 step=100 adv_kd=0.01605081371963024 awp_gamma=0.0011 awp_relative_norm_max=0.0011000001104548573 clean_ce=0.46286100149154663 clean_ce_term=0.006364339031279087 consistency_term=0.0002577629638835788 consistency_weight=0.275 js_raw=0.09373198449611664 lr=0.1 nat_kd=0.008829193189740181 pcgrad_conflicts=0 push=0.005607386585325003 push_term=0.0002803693350870162 student_updates=1 teacher_ce=0.3724384605884552 teacher_lr=7.005039247814891e-05 teacher_margin=2.24643874168396 teacher_margin_term=0.0005616097478196025 teacher_updates=1 temp_adv=1.1849999999999796 temp_nat=2.605999999999823 temperature_updates=1 total_loss=0.032344087958335876 views=2
2026-09-15 16:18:26.628 | INFO     | __main__:<module>:497 - METHOD_BATCH epoch=142 step=200 adv_kd=0.014616760425269604 awp_gamma=0.0011 awp_relative_norm_max=0.0011000001104548573 clean_ce=0.45954054594039917 clean_ce_term=0.006318682339042425 consistency_term=0.00026797535247169435 consistency_weight=0.275 js_raw=0.09744558483362198 lr=0.1 nat_kd=0.008827591314911842 pcgrad_conflicts=0 push=0.006154286675155163 push_term=0.00030771433375775814 student_updates=1 teacher_ce=0.43217650055885315 teacher_lr=7.005039247814891e-05 teacher_margin=2.0939395427703857 teacher_margin_term=0.0005234848940744996 teacher_updates=1 temp_adv=1.1849999999999796 temp_nat=2.605999999999823 temperature_updates=1 total_loss=0.03086220845580101 views=2
2026-09-15 16:22:46.152 | INFO     | __main__:<module>:497 - METHOD_BATCH epoch=142 step=300 adv_kd=0.01565670035779476 awp_gamma=0.0011 awp_relative_norm_max=0.0011000001104548573 clean_ce=0.4380604922771454 clean_ce_term=0.006023331545293331 consistency_term=0.00029873495805077255 consistency_weight=0.275 js_raw=0.10863089561462402 lr=0.1 nat_kd=0.008772647939622402 pcgrad_conflicts=0 push=0.005714755039662123 push_term=0.00028573774034157395 student_updates=1 teacher_ce=0.4759790450334549 teacher_lr=7.005039247814891e-05 teacher_margin=2.0640017986297607 teacher_margin_term=0.0005160004948265851 teacher_updates=1 temp_adv=1.1849999999999796 temp_nat=2.605999999999823 temperature_updates=1 total_loss=0.031553152948617935 views=2
2026-09-15 16:26:33.535 | INFO     | __main__:<module>:875 - TRAIN_EPOCH_RESOURCE epoch=142 seconds=995.9579802975059 peak_allocated_bytes=11589042688
2026-09-15 16:26:33.535 | INFO     | __main__:<module>:482 - METHOD epoch=143 views=2 awp_gamma=0.00115 consistency_weight=0.2875
2026-09-15 16:26:33.535 | INFO     | __main__:<module>:485 - the 143th epoch 
2026-09-15 16:26:36.212 | INFO     | __main__:<module>:497 - METHOD_BATCH epoch=143 step=0 adv_kd=0.01428460143506527 awp_gamma=0.00115 awp_relative_norm_max=0.0011500001419335604 clean_ce=0.4569433927536011 clean_ce_term=0.006568561308085918 consistency_term=0.00026712019462138414 consistency_weight=0.2875 js_raw=0.09291137009859085 lr=0.1 nat_kd=0.007742603309452534 pcgrad_conflicts=0 push=0.004956610966473818 push_term=0.000247830554144457 student_updates=1 teacher_ce=0.4973387122154236 teacher_lr=6.947247799685952e-05 teacher_margin=1.8798549175262451 teacher_margin_term=0.0007049455889500678 teacher_updates=1 temp_adv=1.189999999999979 temp_nat=2.6009999999998237 temperature_updates=1 total_loss=0.029815664514899254 views=2
2026-09-15 16:30:45.853 | INFO     | __main__:<module>:497 - METHOD_BATCH epoch=143 step=100 adv_kd=0.015757465735077858 awp_gamma=0.00115 awp_relative_norm_max=0.0011500001419335604 clean_ce=0.4567294120788574 clean_ce_term=0.006565485615283251 consistency_term=0.00028335052775219083 consistency_weight=0.2875 js_raw=0.09855671226978302 lr=0.1 nat_kd=0.008517654612660408 pcgrad_conflicts=0 push=0.005725223571062088 push_term=0.00028626120183616877 student_updates=1 teacher_ce=0.42950454354286194 teacher_lr=6.947247799685952e-05 teacher_margin=2.2122340202331543 teacher_margin_term=0.0008295878069475293 teacher_updates=1 temp_adv=1.189999999999979 temp_nat=2.6009999999998237 temperature_updates=1 total_loss=0.03223980590701103 views=2
2026-09-15 16:34:56.582 | INFO     | __main__:<module>:497 - METHOD_BATCH epoch=143 step=200 adv_kd=0.015843980014324188 awp_gamma=0.00115 awp_relative_norm_max=0.0011500001419335604 clean_ce=0.4467920660972595 clean_ce_term=0.0064226360991597176 consistency_term=0.00033433391945436597 consistency_weight=0.2875 js_raw=0.11629006266593933 lr=0.1 nat_kd=0.00980998296290636 pcgrad_conflicts=0 push=0.005474517121911049 push_term=0.0002737258328124881 student_updates=1 teacher_ce=0.526710718870163 teacher_lr=6.947247799685952e-05 teacher_margin=1.9889813661575317 teacher_margin_term=0.0007458680192939937 teacher_updates=1 temp_adv=1.18199999999998 temp_nat=2.608999999999823 temperature_updates=1 total_loss=0.033430520445108414 views=2
2026-09-15 16:39:07.177 | INFO     | __main__:<module>:497 - METHOD_BATCH epoch=143 step=300 adv_kd=0.01632354035973549 awp_gamma=0.00115 awp_relative_norm_max=0.0011500001419335604 clean_ce=0.4560306966304779 clean_ce_term=0.00655544176697731 consistency_term=0.0002776199544314295 consistency_weight=0.2875 js_raw=0.09656346589326859 lr=0.1 nat_kd=0.010142593644559383 pcgrad_conflicts=0 push=0.0064165289513766766 push_term=0.0003208264533895999 student_updates=1 teacher_ce=0.6121045351028442 teacher_lr=6.947247799685952e-05 teacher_margin=2.3051373958587646 teacher_margin_term=0.0008644265471957624 teacher_updates=1 temp_adv=1.1959999999999784 temp_nat=2.5949999999998243 temperature_updates=1 total_loss=0.03448444977402687 views=2
2026-09-15 16:42:50.049 | INFO     | __main__:<module>:875 - TRAIN_EPOCH_RESOURCE epoch=143 seconds=976.5136640183628 peak_allocated_bytes=11589042688
2026-09-15 16:42:50.050 | INFO     | __main__:<module>:482 - METHOD epoch=144 views=2 awp_gamma=0.0012 consistency_weight=0.3
2026-09-15 16:42:50.050 | INFO     | __main__:<module>:485 - the 144th epoch 
2026-09-15 16:42:52.541 | INFO     | __main__:<module>:497 - METHOD_BATCH epoch=144 step=0 adv_kd=0.01398264616727829 awp_gamma=0.0012 awp_relative_norm_max=0.0012000001734122634 clean_ce=0.44743531942367554 clean_ce_term=0.006711529567837715 consistency_term=0.0002567009360063821 consistency_weight=0.3 js_raw=0.08556697517633438 lr=0.1 nat_kd=0.008744115009903908 pcgrad_conflicts=0 push=0.004901820793747902 push_term=0.0002450910396873951 student_updates=1 teacher_ce=0.49012400209903717 teacher_lr=6.889148986361689e-05 teacher_margin=1.9019865989685059 teacher_margin_term=0.0009509933879598975 teacher_updates=1 temp_adv=1.1849999999999796 temp_nat=2.605999999999823 temperature_updates=1 total_loss=0.03089107573032379 views=2
2026-09-15 16:47:01.173 | INFO     | __main__:<module>:497 - METHOD_BATCH epoch=144 step=100 adv_kd=0.016057012602686882 awp_gamma=0.0012 awp_relative_norm_max=0.0012000002898275852 clean_ce=0.4453207850456238 clean_ce_term=0.006679811514914036 consistency_term=0.000340539583703503 consistency_weight=0.3 js_raw=0.11351318657398224 lr=0.1 nat_kd=0.008299365639686584 pcgrad_conflicts=0 push=0.006379753351211548 push_term=0.00031898770248517394 student_updates=1 teacher_ce=0.4023507535457611 teacher_lr=6.889148986361689e-05 teacher_margin=2.1950783729553223 teacher_margin_term=0.0010975392069667578 teacher_updates=1 temp_adv=1.1869999999999794 temp_nat=2.6039999999998233 temperature_updates=1 total_loss=0.032793257385492325 views=2
2026-09-15 16:51:13.988 | INFO     | __main__:<module>:497 - METHOD_BATCH epoch=144 step=200 adv_kd=0.015036322176456451 awp_gamma=0.0012 awp_relative_norm_max=0.0012000002898275852 clean_ce=0.48582085967063904 clean_ce_term=0.007287312764674425 consistency_term=0.00019221183902118355 consistency_weight=0.3 js_raw=0.06407061219215393 lr=0.1 nat_kd=0.009549638256430626 pcgrad_conflicts=0 push=0.004639395512640476 push_term=0.0002319697814527899 student_updates=1 teacher_ce=0.4338615983724594 teacher_lr=6.889148986361689e-05 teacher_margin=2.045286178588867 teacher_margin_term=0.0010226431768387556 teacher_updates=1 temp_adv=1.1949999999999785 temp_nat=2.5959999999998242 temperature_updates=1 total_loss=0.033320099115371704 views=2
2026-09-15 16:55:26.720 | INFO     | __main__:<module>:497 - METHOD_BATCH epoch=144 step=300 adv_kd=0.015044482424855232 awp_gamma=0.0012 awp_relative_norm_max=0.0012000001734122634 clean_ce=0.45074498653411865 clean_ce_term=0.006761174649000168 consistency_term=0.0003231917507946491 consistency_weight=0.3 js_raw=0.10773058235645294 lr=0.1 nat_kd=0.009403236210346222 pcgrad_conflicts=0 push=0.0063379080966115 push_term=0.00031689542811363935 student_updates=1 teacher_ce=0.5102626383304596 teacher_lr=6.889148986361689e-05 teacher_margin=2.1812260150909424 teacher_margin_term=0.0010906130773946643 teacher_updates=1 temp_adv=1.1829999999999798 temp_nat=2.607999999999823 temperature_updates=1 total_loss=0.03293959051370621 views=2
2026-09-15 16:59:09.565 | INFO     | __main__:<module>:875 - TRAIN_EPOCH_RESOURCE epoch=144 seconds=979.5156277306378 peak_allocated_bytes=11589042688
2026-09-15 16:59:09.566 | INFO     | __main__:<module>:482 - METHOD epoch=145 views=2 awp_gamma=0.00125 consistency_weight=0.3125
2026-09-15 16:59:09.566 | INFO     | __main__:<module>:485 - the 145th epoch 
2026-09-15 16:59:12.115 | INFO     | __main__:<module>:497 - METHOD_BATCH epoch=145 step=0 adv_kd=0.015026133507490158 awp_gamma=0.00125 awp_relative_norm_max=0.0012500000884756446 clean_ce=0.42794153094291687 clean_ce_term=0.006686586420983076 consistency_term=0.00023875634360592812 consistency_weight=0.3125 js_raw=0.07640203088521957 lr=0.1 nat_kd=0.00900760106742382 pcgrad_conflicts=0 push=0.004494679160416126 push_term=0.00022473397257272154 student_updates=1 teacher_ce=0.4110323041677475 teacher_lr=6.830752032535859e-05 teacher_margin=2.1040544509887695 teacher_margin_term=0.0013150341110303998 teacher_updates=1 temp_adv=1.1879999999999793 temp_nat=2.6029999999998235 temperature_updates=1 total_loss=0.03249884769320488 views=2
2026-09-15 17:03:21.083 | INFO     | __main__:<module>:497 - METHOD_BATCH epoch=145 step=100 adv_kd=0.014583202078938484 awp_gamma=0.00125 awp_relative_norm_max=0.0012500000884756446 clean_ce=0.47559744119644165 clean_ce_term=0.007431210018694401 consistency_term=0.00030804044217802584 consistency_weight=0.3125 js_raw=0.09857294708490372 lr=0.1 nat_kd=0.008541589602828026 pcgrad_conflicts=0 push=0.006116506177932024 push_term=0.0003058253205381334 student_updates=1 teacher_ce=0.46393148601055145 teacher_lr=6.830752032535859e-05 teacher_margin=1.9567056894302368 teacher_margin_term=0.001222941093146801 teacher_updates=1 temp_adv=1.1919999999999789 temp_nat=2.598999999999824 temperature_updates=1 total_loss=0.03239280730485916 views=2
2026-09-15 17:07:32.589 | INFO     | __main__:<module>:497 - METHOD_BATCH epoch=145 step=200 adv_kd=0.015287956222891808 awp_gamma=0.00125 awp_relative_norm_max=0.0012500000884756446 clean_ce=0.4521906077861786 clean_ce_term=0.0070654782466590405 consistency_term=0.0003309118328616023 consistency_weight=0.3125 js_raw=0.10589178651571274 lr=0.1 nat_kd=0.007659735158085823 pcgrad_conflicts=0 push=0.0050300126895308495 push_term=0.00025150066358037293 student_updates=1 teacher_ce=0.3865925520658493 teacher_lr=6.830752032535859e-05 teacher_margin=2.012007236480713 teacher_margin_term=0.0012575044529512525 teacher_updates=1 temp_adv=1.1879999999999793 temp_nat=2.6029999999998235 temperature_updates=1 total_loss=0.0318530835211277 views=2
2026-09-15 17:11:42.541 | INFO     | __main__:<module>:497 - METHOD_BATCH epoch=145 step=300 adv_kd=0.014843008480966091 awp_gamma=0.00125 awp_relative_norm_max=0.0012500000884756446 clean_ce=0.41415050625801086 clean_ce_term=0.00647110166028142 consistency_term=0.00027824530843645334 consistency_weight=0.3125 js_raw=0.08903850615024567 lr=0.1 nat_kd=0.008873010985553265 pcgrad_conflicts=0 push=0.0066069685854017735 push_term=0.00033034844091162086 student_updates=1 teacher_ce=0.4714384078979492 teacher_lr=6.830752032535859e-05 teacher_margin=2.1376843452453613 teacher_margin_term=0.001336052780970931 teacher_updates=1 temp_adv=1.1919999999999789 temp_nat=2.598999999999824 temperature_updates=1 total_loss=0.03213176876306534 views=2
2026-09-15 17:15:26.676 | INFO     | __main__:<module>:875 - TRAIN_EPOCH_RESOURCE epoch=145 seconds=977.1101823039353 peak_allocated_bytes=11589042688
2026-09-15 17:15:26.676 | INFO     | __main__:<module>:482 - METHOD epoch=146 views=2 awp_gamma=0.0013000000000000002 consistency_weight=0.325
2026-09-15 17:15:26.677 | INFO     | __main__:<module>:485 - the 146th epoch 
2026-09-15 17:15:29.169 | INFO     | __main__:<module>:497 - METHOD_BATCH epoch=146 step=0 adv_kd=0.01481032744050026 awp_gamma=0.0013000000000000002 awp_relative_norm_max=0.0013000002363696694 clean_ce=0.42746806144714355 clean_ce_term=0.006946356035768986 consistency_term=0.00031432308605872095 consistency_weight=0.325 js_raw=0.0967148020863533 lr=0.1 nat_kd=0.00833578035235405 pcgrad_conflicts=0 push=0.005557284224778414 push_term=0.00027786422288045287 student_updates=1 teacher_ce=0.35865552723407745 teacher_lr=6.772066209652216e-05 teacher_margin=2.028907299041748 teacher_margin_term=0.0015216803876683116 teacher_updates=1 temp_adv=1.1929999999999787 temp_nat=2.597999999999824 temperature_updates=1 total_loss=0.03220633044838905 views=2
2026-09-15 17:19:38.367 | INFO     | __main__:<module>:497 - METHOD_BATCH epoch=146 step=100 adv_kd=0.016081340610980988 awp_gamma=0.0013000000000000002 awp_relative_norm_max=0.0013000001199543476 clean_ce=0.4472735822200775 clean_ce_term=0.007268195040524006 consistency_term=0.00022559118224307895 consistency_weight=0.325 js_raw=0.06941267848014832 lr=0.1 nat_kd=0.008698435500264168 pcgrad_conflicts=0 push=0.006518577691167593 push_term=0.000325928907841444 student_updates=1 teacher_ce=0.43755048513412476 teacher_lr=6.772066209652216e-05 teacher_margin=2.205069065093994 teacher_margin_term=0.0016538017662242055 teacher_updates=1 temp_adv=1.1929999999999787 temp_nat=2.597999999999824 temperature_updates=1 total_loss=0.03425329178571701 views=2
2026-09-15 17:23:51.222 | INFO     | __main__:<module>:497 - METHOD_BATCH epoch=146 step=200 adv_kd=0.015520143322646618 awp_gamma=0.0013000000000000002 awp_relative_norm_max=0.0013000001199543476 clean_ce=0.46869248151779175 clean_ce_term=0.007616252172738314 consistency_term=0.0003722854016814381 consistency_weight=0.325 js_raw=0.11454935371875763 lr=0.1 nat_kd=0.009575258940458298 pcgrad_conflicts=0 push=0.004765229299664497 push_term=0.0002382614475209266 student_updates=1 teacher_ce=0.5373410582542419 teacher_lr=6.772066209652216e-05 teacher_margin=2.123706579208374 teacher_margin_term=0.0015927799977362156 teacher_updates=1 temp_adv=1.1929999999999787 temp_nat=2.597999999999824 temperature_updates=1 total_loss=0.034914981573820114 views=2
2026-09-15 17:27:57.912 | INFO     | __main__:<module>:497 - METHOD_BATCH epoch=146 step=300 adv_kd=0.014964373782277107 awp_gamma=0.0013000000000000002 awp_relative_norm_max=0.0013000001199543476 clean_ce=0.45725342631340027 clean_ce_term=0.007430368103086948 consistency_term=0.00032016984187066555 consistency_weight=0.325 js_raw=0.09851380437612534 lr=0.1 nat_kd=0.009141058661043644 pcgrad_conflicts=0 push=0.005489588249474764 push_term=0.0002744794182945043 student_updates=1 teacher_ce=0.47462671995162964 teacher_lr=6.772066209652216e-05 teacher_margin=2.0646679401397705 teacher_margin_term=0.0015485009644180536 teacher_updates=1 temp_adv=1.190999999999979 temp_nat=2.599999999999824 temperature_updates=1 total_loss=0.03367895260453224 views=2
2026-09-15 17:31:41.027 | INFO     | __main__:<module>:875 - TRAIN_EPOCH_RESOURCE epoch=146 seconds=974.3498392812908 peak_allocated_bytes=11589042688
2026-09-15 17:31:41.027 | INFO     | __main__:<module>:482 - METHOD epoch=147 views=2 awp_gamma=0.00135 consistency_weight=0.3375
2026-09-15 17:31:41.027 | INFO     | __main__:<module>:485 - the 147th epoch 
2026-09-15 17:31:43.473 | INFO     | __main__:<module>:497 - METHOD_BATCH epoch=147 step=0 adv_kd=0.015458250418305397 awp_gamma=0.00135 awp_relative_norm_max=0.0013500001514330506 clean_ce=0.469346284866333 clean_ce_term=0.007920218631625175 consistency_term=0.0003684856928884983 consistency_weight=0.3375 js_raw=0.10918094962835312 lr=0.1 nat_kd=0.009304381906986237 pcgrad_conflicts=0 push=0.004749767016619444 push_term=0.00023748834792058915 student_updates=1 teacher_ce=0.5095161646604538 teacher_lr=6.713100834416958e-05 teacher_margin=2.1257174015045166 teacher_margin_term=0.0018600027542561293 teacher_updates=1 temp_adv=1.1879999999999793 temp_nat=2.6029999999998235 temperature_updates=1 total_loss=0.03514883294701576 views=2
2026-09-15 17:35:47.395 | INFO     | __main__:<module>:497 - METHOD_BATCH epoch=147 step=100 adv_kd=0.01719200797379017 awp_gamma=0.00135 awp_relative_norm_max=0.0013500001514330506 clean_ce=0.44337278604507446 clean_ce_term=0.0074819158762693405 consistency_term=0.00035221638972871006 consistency_weight=0.3375 js_raw=0.1043604165315628 lr=0.1 nat_kd=0.009392524138092995 pcgrad_conflicts=0 push=0.006294826045632362 push_term=0.00031474127899855375 student_updates=1 teacher_ce=0.4682260900735855 teacher_lr=6.713100834416958e-05 teacher_margin=2.475250482559204 teacher_margin_term=0.0021658441983163357 teacher_updates=1 temp_adv=1.1919999999999789 temp_nat=2.598999999999824 temperature_updates=1 total_loss=0.036899250000715256 views=2
2026-09-15 17:39:54.004 | INFO     | __main__:<module>:497 - METHOD_BATCH epoch=147 step=200 adv_kd=0.016809390857815742 awp_gamma=0.00135 awp_relative_norm_max=0.0013500002678483725 clean_ce=0.42613959312438965 clean_ce_term=0.007191105745732784 consistency_term=0.0003179853374604136 consistency_weight=0.3375 js_raw=0.09421787410974503 lr=0.1 nat_kd=0.008605636656284332 pcgrad_conflicts=0 push=0.007082558702677488 push_term=0.0003541279293131083 student_updates=1 teacher_ce=0.3243565112352371 teacher_lr=6.713100834416958e-05 teacher_margin=2.3799469470977783 teacher_margin_term=0.0020824535749852657 teacher_updates=1 temp_adv=1.1939999999999786 temp_nat=2.596999999999824 temperature_updates=1 total_loss=0.03536070138216019 views=2
2026-09-15 17:43:59.367 | INFO     | __main__:<module>:497 - METHOD_BATCH epoch=147 step=300 adv_kd=0.015518974512815475 awp_gamma=0.00135 awp_relative_norm_max=0.0013500002678483725 clean_ce=0.43827855587005615 clean_ce_term=0.007395951077342033 consistency_term=0.000319796527037397 consistency_weight=0.3375 js_raw=0.09475453197956085 lr=0.1 nat_kd=0.0093388007953763 pcgrad_conflicts=0 push=0.00563791673630476 push_term=0.0002818958309944719 student_updates=1 teacher_ce=0.506076991558075 teacher_lr=6.713100834416958e-05 teacher_margin=2.1044254302978516 teacher_margin_term=0.001841372111812234 teacher_updates=1 temp_adv=1.189999999999979 temp_nat=2.6009999999998237 temperature_updates=1 total_loss=0.0346967913210392 views=2
2026-09-15 17:47:36.965 | INFO     | __main__:<module>:875 - TRAIN_EPOCH_RESOURCE epoch=147 seconds=955.938236027956 peak_allocated_bytes=11589042688
2026-09-15 17:47:36.966 | INFO     | __main__:<module>:482 - METHOD epoch=148 views=2 awp_gamma=0.0014 consistency_weight=0.35
2026-09-15 17:47:36.966 | INFO     | __main__:<module>:485 - the 148th epoch 
2026-09-15 17:47:39.402 | INFO     | __main__:<module>:497 - METHOD_BATCH epoch=148 step=0 adv_kd=0.015387948602437973 awp_gamma=0.0014 awp_relative_norm_max=0.0014000001829117537 clean_ce=0.44664067029953003 clean_ce_term=0.007816212251782417 consistency_term=0.0003844333114102483 consistency_weight=0.35 js_raw=0.1098380908370018 lr=0.1 nat_kd=0.009828053414821625 pcgrad_conflicts=0 push=0.006931968033313751 push_term=0.0003465983900241554 student_updates=1 teacher_ce=0.4852078706026077 teacher_lr=6.653865267303979e-05 teacher_margin=2.244525909423828 teacher_margin_term=0.002244525821879506 teacher_updates=1 temp_adv=1.1929999999999787 temp_nat=2.597999999999824 temperature_updates=1 total_loss=0.036007773131132126 views=2
2026-09-15 17:51:46.439 | INFO     | __main__:<module>:497 - METHOD_BATCH epoch=148 step=100 adv_kd=0.017692716792225838 awp_gamma=0.0014 awp_relative_norm_max=0.0014000000664964318 clean_ce=0.41136544942855835 clean_ce_term=0.007198895327746868 consistency_term=0.0004555655177682638 consistency_weight=0.35 js_raw=0.1301615834236145 lr=0.1 nat_kd=0.00862773135304451 pcgrad_conflicts=0 push=0.004841695539653301 push_term=0.00024208478862419724 student_updates=1 teacher_ce=0.4870222508907318 teacher_lr=6.653865267303979e-05 teacher_margin=2.330132246017456 teacher_margin_term=0.00233013229444623 teacher_updates=1 temp_adv=1.1889999999999792 temp_nat=2.6019999999998236 temperature_updates=1 total_loss=0.03654712438583374 views=2
2026-09-15 17:55:54.104 | INFO     | __main__:<module>:497 - METHOD_BATCH epoch=148 step=200 adv_kd=0.01507679931819439 awp_gamma=0.0014 awp_relative_norm_max=0.0014000000664964318 clean_ce=0.4265293478965759 clean_ce_term=0.007464263588190079 consistency_term=0.0003872463130392134 consistency_weight=0.35 js_raw=0.11064180731773376 lr=0.1 nat_kd=0.008998649194836617 pcgrad_conflicts=0 push=0.004929437767714262 push_term=0.0002464719000272453 student_updates=1 teacher_ce=0.5002172738313675 teacher_lr=6.653865267303979e-05 teacher_margin=2.0220155715942383 teacher_margin_term=0.0020220158621668816 teacher_updates=1 temp_adv=1.1949999999999785 temp_nat=2.5959999999998242 temperature_updates=1 total_loss=0.03419544920325279 views=2
2026-09-15 18:00:00.700 | INFO     | __main__:<module>:497 - METHOD_BATCH epoch=148 step=300 adv_kd=0.016514288261532784 awp_gamma=0.0014 awp_relative_norm_max=0.0014000001829117537 clean_ce=0.4588657319545746 clean_ce_term=0.008030150085687637 consistency_term=0.00038257971755228937 consistency_weight=0.35 js_raw=0.10930849611759186 lr=0.1 nat_kd=0.00860776100307703 pcgrad_conflicts=0 push=0.006389501504600048 push_term=0.0003194750752300024 student_updates=1 teacher_ce=0.4424677789211273 teacher_lr=6.653865267303979e-05 teacher_margin=2.256646156311035 teacher_margin_term=0.0022566462866961956 teacher_updates=1 temp_adv=1.198999999999978 temp_nat=2.5919999999998247 temperature_updates=1 total_loss=0.03611090034246445 views=2
2026-09-15 18:03:40.713 | INFO     | __main__:<module>:875 - TRAIN_EPOCH_RESOURCE epoch=148 seconds=963.7471967078745 peak_allocated_bytes=11589042688
2026-09-15 18:03:40.713 | INFO     | __main__:<module>:482 - METHOD epoch=149 views=2 awp_gamma=0.00145 consistency_weight=0.3625
2026-09-15 18:03:40.713 | INFO     | __main__:<module>:485 - the 149th epoch 
2026-09-15 18:03:43.164 | INFO     | __main__:<module>:497 - METHOD_BATCH epoch=149 step=0 adv_kd=0.015292705036699772 awp_gamma=0.00145 awp_relative_norm_max=0.0014500002143904567 clean_ce=0.4268159866333008 clean_ce_term=0.007736039813607931 consistency_term=0.0003512719995342195 consistency_weight=0.3625 js_raw=0.09690261632204056 lr=0.1 nat_kd=0.007686556316912174 pcgrad_conflicts=0 push=0.0054513379000127316 push_term=0.00027256691828370094 student_updates=1 teacher_ce=0.44372233748435974 teacher_lr=6.5943689110532e-05 teacher_margin=1.97994065284729 teacher_margin_term=0.0022274330258369446 teacher_updates=1 temp_adv=1.1919999999999789 temp_nat=2.598999999999824 temperature_updates=1 total_loss=0.03356657549738884 views=2
2026-09-15 18:07:48.189 | INFO     | __main__:<module>:497 - METHOD_BATCH epoch=149 step=100 adv_kd=0.01656230352818966 awp_gamma=0.00145 awp_relative_norm_max=0.0014500000979751348 clean_ce=0.43404847383499146 clean_ce_term=0.00786712858825922 consistency_term=0.00036931451177224517 consistency_weight=0.3625 js_raw=0.10187986493110657 lr=0.1 nat_kd=0.009970330633223057 pcgrad_conflicts=0 push=0.005920850671827793 push_term=0.00029604253359138966 student_updates=1 teacher_ce=0.46512289345264435 teacher_lr=6.5943689110532e-05 teacher_margin=2.276793956756592 teacher_margin_term=0.002561393193900585 teacher_updates=1 temp_adv=1.1939999999999786 temp_nat=2.596999999999824 temperature_updates=1 total_loss=0.037626512348651886 views=2
2026-09-15 18:11:56.988 | INFO     | __main__:<module>:497 - METHOD_BATCH epoch=149 step=200 adv_kd=0.01515626534819603 awp_gamma=0.00145 awp_relative_norm_max=0.0014500000979751348 clean_ce=0.42994651198387146 clean_ce_term=0.007792780175805092 consistency_term=0.0003958015004172921 consistency_weight=0.3625 js_raw=0.10918661952018738 lr=0.1 nat_kd=0.007898110896348953 pcgrad_conflicts=0 push=0.004797397181391716 push_term=0.00023986984160728753 student_updates=1 teacher_ce=0.42898768186569214 teacher_lr=6.5943689110532e-05 teacher_margin=1.966444969177246 teacher_margin_term=0.0022122503723949194 teacher_updates=1 temp_adv=1.1939999999999786 temp_nat=2.596999999999824 temperature_updates=1 total_loss=0.03369507938623428 views=2
2026-09-15 18:16:00.230 | INFO     | __main__:<module>:497 - METHOD_BATCH epoch=149 step=300 adv_kd=0.01582304760813713 awp_gamma=0.00145 awp_relative_norm_max=0.0014500002143904567 clean_ce=0.41101711988449097 clean_ce_term=0.007449685595929623 consistency_term=0.00032411329448223114 consistency_weight=0.3625 js_raw=0.08941055834293365 lr=0.1 nat_kd=0.008872613310813904 pcgrad_conflicts=0 push=0.005783372558653355 push_term=0.000289168645394966 student_updates=1 teacher_ce=0.5625030398368835 teacher_lr=6.5943689110532e-05 teacher_margin=2.1325278282165527 teacher_margin_term=0.0023990937042981386 teacher_updates=1 temp_adv=1.189999999999979 temp_nat=2.6009999999998237 temperature_updates=1 total_loss=0.035157717764377594 views=2
2026-09-15 18:19:41.707 | INFO     | __main__:<module>:875 - TRAIN_EPOCH_RESOURCE epoch=149 seconds=960.9937654659152 peak_allocated_bytes=11589042688
2026-09-15 18:19:41.707 | INFO     | __main__:<module>:482 - METHOD epoch=150 views=2 awp_gamma=0.0015 consistency_weight=0.375
2026-09-15 18:19:41.708 | INFO     | __main__:<module>:485 - the 150th epoch 
2026-09-15 18:19:44.216 | INFO     | __main__:<module>:497 - METHOD_BATCH epoch=150 step=0 adv_kd=0.013974248431622982 awp_gamma=0.0015 awp_relative_norm_max=0.0015000002458691597 clean_ce=0.43533405661582947 clean_ce_term=0.008162513375282288 consistency_term=0.0004007226089015603 consistency_weight=0.375 js_raw=0.10685936361551285 lr=0.1 nat_kd=0.008603764697909355 pcgrad_conflicts=0 push=0.005763273686170578 push_term=0.000288163690129295 student_updates=1 teacher_ce=0.42637278139591217 teacher_lr=6.534621209162178e-05 teacher_margin=1.8963348865509033 teacher_margin_term=0.0023704185150563717 teacher_updates=1 temp_adv=1.1869999999999794 temp_nat=2.6039999999998233 temperature_updates=1 total_loss=0.033799830824136734 views=2
2026-09-15 18:23:51.824 | INFO     | __main__:<module>:497 - METHOD_BATCH epoch=150 step=100 adv_kd=0.015857592225074768 awp_gamma=0.0015 awp_relative_norm_max=0.0015000001294538379 clean_ce=0.43527448177337646 clean_ce_term=0.008161396719515324 consistency_term=0.0003194023738615215 consistency_weight=0.375 js_raw=0.08517396450042725 lr=0.1 nat_kd=0.009206639602780342 pcgrad_conflicts=0 push=0.006388882175087929 push_term=0.00031944410875439644 student_updates=1 teacher_ce=0.4672202616930008 teacher_lr=6.534621209162178e-05 teacher_margin=2.2595276832580566 teacher_margin_term=0.0028244093991816044 teacher_updates=1 temp_adv=1.1969999999999783 temp_nat=2.5939999999998244 temperature_updates=1 total_loss=0.03668888658285141 views=2
2026-09-15 18:27:58.018 | INFO     | __main__:<module>:497 - METHOD_BATCH epoch=150 step=200 adv_kd=0.015264537185430527 awp_gamma=0.0015 awp_relative_norm_max=0.0015000001294538379 clean_ce=0.42943769693374634 clean_ce_term=0.008051957935094833 consistency_term=0.00036357573117129505 consistency_weight=0.375 js_raw=0.09695352613925934 lr=0.1 nat_kd=0.008563727140426636 pcgrad_conflicts=0 push=0.005854702088981867 push_term=0.0002927351160906255 student_updates=1 teacher_ce=0.4565592408180237 teacher_lr=6.534621209162178e-05 teacher_margin=2.107996940612793 teacher_margin_term=0.0026349960826337337 teacher_updates=1 temp_adv=1.1949999999999785 temp_nat=2.5959999999998242 temperature_updates=1 total_loss=0.03517152741551399 views=2
2026-09-15 18:32:03.686 | INFO     | __main__:<module>:497 - METHOD_BATCH epoch=150 step=300 adv_kd=0.016961563378572464 awp_gamma=0.0015 awp_relative_norm_max=0.0015000002458691597 clean_ce=0.4614565372467041 clean_ce_term=0.008652310818433762 consistency_term=0.0003975836734753102 consistency_weight=0.375 js_raw=0.10602232068777084 lr=0.1 nat_kd=0.009751547127962112 pcgrad_conflicts=0 push=0.0048204087652266026 push_term=0.00024102044699247926 student_updates=1 teacher_ce=0.5510225594043732 teacher_lr=6.534621209162178e-05 teacher_margin=2.377875804901123 teacher_margin_term=0.0029723448678851128 teacher_updates=1 temp_adv=1.198999999999978 temp_nat=2.5919999999998247 temperature_updates=1 total_loss=0.03897637128829956 views=2
2026-09-15 18:35:45.767 | INFO     | __main__:<module>:875 - TRAIN_EPOCH_RESOURCE epoch=150 seconds=964.0596649907529 peak_allocated_bytes=11589042688
2026-09-15 18:36:45.892 | INFO     | __main__:<module>:934 - student robust acc 0.2925, teacher robust acc 0.4789, nat teacher robust acc 0.3345
2026-09-15 18:37:13.038 | INFO     | __main__:<module>:1007 - best accuracy:0.4664
2026-09-15 18:37:13.039 | INFO     | __main__:<module>:1010 - student natural acc 0.6403, adv teacher natural acc 0.6181, nat teacher natural acc 0.7650
2026-09-15 18:37:13.040 | INFO     | __main__:<module>:482 - METHOD epoch=151 views=2 awp_gamma=0.0015500000000000002 consistency_weight=0.3875
2026-09-15 18:37:13.041 | INFO     | __main__:<module>:485 - the 151th epoch 
2026-09-15 18:37:15.688 | INFO     | __main__:<module>:497 - METHOD_BATCH epoch=151 step=0 adv_kd=0.014687411487102509 awp_gamma=0.0015500000000000002 awp_relative_norm_max=0.001550000160932541 clean_ce=0.4537159204483032 clean_ce_term=0.008790746331214905 consistency_term=0.00037556918687187135 consistency_weight=0.3875 js_raw=0.09692108631134033 lr=0.09998898973418141 nat_kd=0.009044132195413113 pcgrad_conflicts=0 push=0.006538595072925091 push_term=0.00032692975946702063 student_updates=1 teacher_ce=0.4218931496143341 teacher_lr=6.474631644371254e-05 teacher_margin=2.0980820655822754 teacher_margin_term=0.002884862944483757 teacher_updates=1 temp_adv=1.2019999999999778 temp_nat=2.588999999999825 temperature_updates=1 total_loss=0.03610965237021446 views=2
2026-09-15 18:41:22.477 | INFO     | __main__:<module>:497 - METHOD_BATCH epoch=151 step=100 adv_kd=0.014481564052402973 awp_gamma=0.0015500000000000002 awp_relative_norm_max=0.0015500002773478627 clean_ce=0.41658055782318115 clean_ce_term=0.00807124748826027 consistency_term=0.0003508372465148568 consistency_weight=0.3875 js_raw=0.09053865075111389 lr=0.09998898973418141 nat_kd=0.008119366131722927 pcgrad_conflicts=0 push=0.006284301169216633 push_term=0.000314215081743896 student_updates=1 teacher_ce=0.405649796128273 teacher_lr=6.474631644371254e-05 teacher_margin=2.145779609680176 teacher_margin_term=0.002950446680188179 teacher_updates=1 temp_adv=1.1979999999999782 temp_nat=2.5929999999998246 temperature_updates=1 total_loss=0.03428767994046211 views=2
2026-09-15 18:45:31.204 | INFO     | __main__:<module>:497 - METHOD_BATCH epoch=151 step=200 adv_kd=0.016875486820936203 awp_gamma=0.0015500000000000002 awp_relative_norm_max=0.0015500002773478627 clean_ce=0.42420095205307007 clean_ce_term=0.00821889378130436 consistency_term=0.00037268237792886794 consistency_weight=0.3875 js_raw=0.09617610275745392 lr=0.09998898973418141 nat_kd=0.008674949407577515 pcgrad_conflicts=0 push=0.00456768274307251 push_term=0.0002283841313328594 student_updates=1 teacher_ce=0.3783501535654068 teacher_lr=6.474631644371254e-05 teacher_margin=2.1807713508605957 teacher_margin_term=0.002998560667037964 teacher_updates=1 temp_adv=1.1959999999999784 temp_nat=2.5949999999998243 temperature_updates=1 total_loss=0.037368956953287125 views=2
2026-09-15 18:49:39.716 | INFO     | __main__:<module>:497 - METHOD_BATCH epoch=151 step=300 adv_kd=0.016025405377149582 awp_gamma=0.0015500000000000002 awp_relative_norm_max=0.0015500002773478627 clean_ce=0.44638705253601074 clean_ce_term=0.008648749440908432 consistency_term=0.0004396429576445371 consistency_weight=0.3875 js_raw=0.11345624923706055 lr=0.09998898973418141 nat_kd=0.010357651859521866 pcgrad_conflicts=0 push=0.006522735580801964 push_term=0.00032613679650239646 student_updates=1 teacher_ce=0.5309869647026062 teacher_lr=6.474631644371254e-05 teacher_margin=2.312626361846924 teacher_margin_term=0.003179861232638359 teacher_updates=1 temp_adv=1.199999999999978 temp_nat=2.5909999999998248 temperature_updates=1 total_loss=0.038977451622486115 views=2
2026-09-15 18:53:20.135 | INFO     | __main__:<module>:875 - TRAIN_EPOCH_RESOURCE epoch=151 seconds=967.0941144786775 peak_allocated_bytes=11589042688
2026-09-15 18:53:20.135 | INFO     | __main__:<module>:482 - METHOD epoch=152 views=2 awp_gamma=0.0016 consistency_weight=0.4
2026-09-15 18:53:20.135 | INFO     | __main__:<module>:485 - the 152th epoch 
2026-09-15 18:53:22.581 | INFO     | __main__:<module>:497 - METHOD_BATCH epoch=152 step=0 adv_kd=0.01558686513453722 awp_gamma=0.0016 awp_relative_norm_max=0.001600000192411244 clean_ce=0.46053093671798706 clean_ce_term=0.0092106182128191 consistency_term=0.00033702864311635494 consistency_weight=0.4 js_raw=0.08425716310739517 lr=0.09995596380529374 nat_kd=0.008487123996019363 pcgrad_conflicts=0 push=0.005418495275080204 push_term=0.0002709247637540102 student_updates=1 teacher_ce=0.3570006936788559 teacher_lr=6.414409737142498e-05 teacher_margin=2.0766448974609375 teacher_margin_term=0.0031149673741310835 teacher_updates=1 temp_adv=1.2029999999999776 temp_nat=2.587999999999825 temperature_updates=1 total_loss=0.03700752928853035 views=2
2026-09-15 18:57:28.016 | INFO     | __main__:<module>:497 - METHOD_BATCH epoch=152 step=100 adv_kd=0.01487013604491949 awp_gamma=0.0016 awp_relative_norm_max=0.001600000192411244 clean_ce=0.40997201204299927 clean_ce_term=0.008199440315365791 consistency_term=0.00039661716436967254 consistency_weight=0.4 js_raw=0.0991542860865593 lr=0.09995596380529374 nat_kd=0.008891524747014046 pcgrad_conflicts=0 push=0.006088020745664835 push_term=0.00030440103728324175 student_updates=1 teacher_ce=0.5204902291297913 teacher_lr=6.414409737142498e-05 teacher_margin=2.0744659900665283 teacher_margin_term=0.003111699130386114 teacher_updates=1 temp_adv=1.198999999999978 temp_nat=2.5919999999998247 temperature_updates=1 total_loss=0.03577382117509842 views=2
2026-09-15 19:01:31.088 | INFO     | __main__:<module>:497 - METHOD_BATCH epoch=152 step=200 adv_kd=0.014743397012352943 awp_gamma=0.0016 awp_relative_norm_max=0.001600000192411244 clean_ce=0.47417154908180237 clean_ce_term=0.009483430534601212 consistency_term=0.0003796399396378547 consistency_weight=0.4 js_raw=0.09490998089313507 lr=0.09995596380529374 nat_kd=0.008265694603323936 pcgrad_conflicts=0 push=0.005129760131239891 push_term=0.00025648801238276064 student_updates=1 teacher_ce=0.3374713510274887 teacher_lr=6.414409737142498e-05 teacher_margin=1.9978296756744385 teacher_margin_term=0.0029967445880174637 teacher_updates=1 temp_adv=1.2009999999999779 temp_nat=2.589999999999825 temperature_updates=1 total_loss=0.03612539544701576 views=2
2026-09-15 19:05:39.066 | INFO     | __main__:<module>:497 - METHOD_BATCH epoch=152 step=300 adv_kd=0.015177411958575249 awp_gamma=0.0016 awp_relative_norm_max=0.001600000192411244 clean_ce=0.4456833600997925 clean_ce_term=0.008913666941225529 consistency_term=0.00044453717418946326 consistency_weight=0.4 js_raw=0.11113429069519043 lr=0.09995596380529374 nat_kd=0.009292423725128174 pcgrad_conflicts=0 push=0.0054262299090623856 push_term=0.0002713114954531193 student_updates=1 teacher_ce=0.4735568165779114 teacher_lr=6.414409737142498e-05 teacher_margin=2.137319564819336 teacher_margin_term=0.003205979708582163 teacher_updates=1 temp_adv=1.1949999999999785 temp_nat=2.5959999999998242 temperature_updates=1 total_loss=0.037305332720279694 views=2
2026-09-15 19:09:18.583 | INFO     | __main__:<module>:875 - TRAIN_EPOCH_RESOURCE epoch=152 seconds=958.4473087564111 peak_allocated_bytes=11589042688
2026-09-15 19:09:18.583 | INFO     | __main__:<module>:482 - METHOD epoch=153 views=2 awp_gamma=0.00165 consistency_weight=0.4125
2026-09-15 19:09:18.583 | INFO     | __main__:<module>:485 - the 153th epoch 
2026-09-15 19:09:21.138 | INFO     | __main__:<module>:497 - METHOD_BATCH epoch=153 step=0 adv_kd=0.013008734211325645 awp_gamma=0.00165 awp_relative_norm_max=0.001650000223889947 clean_ce=0.4662984609603882 clean_ce_term=0.009617405943572521 consistency_term=0.0003792306233663112 consistency_weight=0.4125 js_raw=0.0919347032904625 lr=0.09990093681686711 nat_kd=0.007672437932342291 pcgrad_conflicts=0 push=0.005472380667924881 push_term=0.00027361902175471187 student_updates=1 teacher_ce=0.47277094423770905 teacher_lr=6.353965044132693e-05 teacher_margin=1.7630715370178223 teacher_margin_term=0.0028649913147091866 teacher_updates=1 temp_adv=1.2059999999999773 temp_nat=2.5849999999998254 temperature_updates=1 total_loss=0.033816419541835785 views=2
2026-09-15 19:13:30.940 | INFO     | __main__:<module>:497 - METHOD_BATCH epoch=153 step=100 adv_kd=0.015805160626769066 awp_gamma=0.00165 awp_relative_norm_max=0.0016500001074746251 clean_ce=0.42463386058807373 clean_ce_term=0.008758073672652245 consistency_term=0.0004003776120953262 consistency_weight=0.4125 js_raw=0.09706124663352966 lr=0.09990093681686711 nat_kd=0.009706775657832623 pcgrad_conflicts=0 push=0.005326354410499334 push_term=0.0002663177438080311 student_updates=1 teacher_ce=0.5144362896680832 teacher_lr=6.353965044132693e-05 teacher_margin=2.252171277999878 teacher_margin_term=0.0036597782745957375 teacher_updates=1 temp_adv=1.2019999999999778 temp_nat=2.588999999999825 temperature_updates=1 total_loss=0.03859648108482361 views=2
2026-09-15 19:17:36.834 | INFO     | __main__:<module>:497 - METHOD_BATCH epoch=153 step=200 adv_kd=0.01581299491226673 awp_gamma=0.00165 awp_relative_norm_max=0.001650000223889947 clean_ce=0.42697644233703613 clean_ce_term=0.008806388825178146 consistency_term=0.00046662369277328253 consistency_weight=0.4125 js_raw=0.1131209060549736 lr=0.09990093681686711 nat_kd=0.009286362677812576 pcgrad_conflicts=0 push=0.006412409711629152 push_term=0.0003206204855814576 student_updates=1 teacher_ce=0.4497508555650711 teacher_lr=6.353965044132693e-05 teacher_margin=2.315272569656372 teacher_margin_term=0.0037623178213834763 teacher_updates=1 temp_adv=1.2019999999999778 temp_nat=2.588999999999825 temperature_updates=1 total_loss=0.038455307483673096 views=2
2026-09-15 19:21:43.382 | INFO     | __main__:<module>:497 - METHOD_BATCH epoch=153 step=300 adv_kd=0.016491301357746124 awp_gamma=0.00165 awp_relative_norm_max=0.001650000223889947 clean_ce=0.436432421207428 clean_ce_term=0.009001418948173523 consistency_term=0.00041926707490347326 consistency_weight=0.4125 js_raw=0.10164050757884979 lr=0.09990093681686711 nat_kd=0.009392516687512398 pcgrad_conflicts=0 push=0.005459551699459553 push_term=0.00027297757333144546 student_updates=1 teacher_ce=0.40019088983535767 teacher_lr=6.353965044132693e-05 teacher_margin=2.286618709564209 teacher_margin_term=0.003715755417943001 teacher_updates=1 temp_adv=1.189999999999979 temp_nat=2.6009999999998237 temperature_updates=1 total_loss=0.039293237030506134 views=2
2026-09-15 19:25:25.289 | INFO     | __main__:<module>:875 - TRAIN_EPOCH_RESOURCE epoch=153 seconds=966.7057910598814 peak_allocated_bytes=11589042688
2026-09-15 19:25:25.289 | INFO     | __main__:<module>:482 - METHOD epoch=154 views=2 awp_gamma=0.0017 consistency_weight=0.425
2026-09-15 19:25:25.289 | INFO     | __main__:<module>:485 - the 154th epoch 
2026-09-15 19:25:27.757 | INFO     | __main__:<module>:497 - METHOD_BATCH epoch=154 step=0 adv_kd=0.015011752024292946 awp_gamma=0.0017 awp_relative_norm_max=0.00170000025536865 clean_ce=0.4496796429157257 clean_ce_term=0.009555691853165627 consistency_term=0.000404809950850904 consistency_weight=0.425 js_raw=0.09524940699338913 lr=0.09982393310087144 nat_kd=0.008372518233954906 pcgrad_conflicts=0 push=0.006385268643498421 push_term=0.00031926343217492104 student_updates=1 teacher_ce=0.48910953104496 teacher_lr=6.29330715666056e-05 teacher_margin=2.049300193786621 teacher_margin_term=0.0035862752702087164 teacher_updates=1 temp_adv=1.198999999999978 temp_nat=2.5919999999998247 temperature_updates=1 total_loss=0.03725031018257141 views=2
2026-09-15 19:29:32.255 | INFO     | __main__:<module>:497 - METHOD_BATCH epoch=154 step=100 adv_kd=0.014215365052223206 awp_gamma=0.0017 awp_relative_norm_max=0.00170000025536865 clean_ce=0.46998149156570435 clean_ce_term=0.009987106546759605 consistency_term=0.0003840052231680602 consistency_weight=0.425 js_raw=0.09035417437553406 lr=0.09982393310087144 nat_kd=0.00979200191795826 pcgrad_conflicts=0 push=0.004035959020256996 push_term=0.0002017979568336159 student_updates=1 teacher_ce=0.5306169986724854 teacher_lr=6.29330715666056e-05 teacher_margin=1.9731179475784302 teacher_margin_term=0.0034529564436525106 teacher_updates=1 temp_adv=1.2029999999999776 temp_nat=2.587999999999825 temperature_updates=1 total_loss=0.03803323581814766 views=2
2026-09-15 19:33:41.667 | INFO     | __main__:<module>:497 - METHOD_BATCH epoch=154 step=200 adv_kd=0.01648854836821556 awp_gamma=0.0017 awp_relative_norm_max=0.0017000001389533281 clean_ce=0.4466823935508728 clean_ce_term=0.009492000564932823 consistency_term=0.0004204986908007413 consistency_weight=0.425 js_raw=0.09894086420536041 lr=0.09982393310087144 nat_kd=0.009341252036392689 pcgrad_conflicts=0 push=0.0062413946725428104 push_term=0.00031206972198560834 student_updates=1 teacher_ce=0.39473192393779755 teacher_lr=6.29330715666056e-05 teacher_margin=2.2333502769470215 teacher_margin_term=0.0039083631709218025 teacher_updates=1 temp_adv=1.190999999999979 temp_nat=2.599999999999824 temperature_updates=1 total_loss=0.039962731301784515 views=2
2026-09-15 19:37:50.380 | INFO     | __main__:<module>:497 - METHOD_BATCH epoch=154 step=300 adv_kd=0.01633748784661293 awp_gamma=0.0017 awp_relative_norm_max=0.00170000025536865 clean_ce=0.45280206203460693 clean_ce_term=0.009622043929994106 consistency_term=0.00036239830660633743 consistency_weight=0.425 js_raw=0.08527019619941711 lr=0.09982393310087144 nat_kd=0.010150374844670296 pcgrad_conflicts=0 push=0.005215632729232311 push_term=0.00026078164228238165 student_updates=1 teacher_ce=0.45649516582489014 teacher_lr=6.29330715666056e-05 teacher_margin=2.353461742401123 teacher_margin_term=0.004118558019399643 teacher_updates=1 temp_adv=1.1929999999999787 temp_nat=2.597999999999824 temperature_updates=1 total_loss=0.0408516451716423 views=2
2026-09-15 19:41:30.875 | INFO     | __main__:<module>:875 - TRAIN_EPOCH_RESOURCE epoch=154 seconds=965.5859401151538 peak_allocated_bytes=11589042688
2026-09-15 19:41:30.876 | INFO     | __main__:<module>:482 - METHOD epoch=155 views=2 awp_gamma=0.00175 consistency_weight=0.4375
2026-09-15 19:41:30.876 | INFO     | __main__:<module>:485 - the 155th epoch 
2026-09-15 19:41:33.428 | INFO     | __main__:<module>:497 - METHOD_BATCH epoch=155 step=0 adv_kd=0.014450271613895893 awp_gamma=0.00175 awp_relative_norm_max=0.001750000286847353 clean_ce=0.4954707622528076 clean_ce_term=0.010838422924280167 consistency_term=0.0004222179122734815 consistency_weight=0.4375 js_raw=0.09650695323944092 lr=0.09972498670684993 nat_kd=0.008104256354272366 pcgrad_conflicts=0 push=0.004924141801893711 push_term=0.0002462071133777499 student_updates=1 teacher_ce=0.33979877829551697 teacher_lr=6.232445699168567e-05 teacher_margin=1.8509714603424072 teacher_margin_term=0.0034705717116594315 teacher_updates=1 temp_adv=1.2039999999999775 temp_nat=2.586999999999825 temperature_updates=1 total_loss=0.03753194957971573 views=2
2026-09-15 19:45:36.804 | INFO     | __main__:<module>:497 - METHOD_BATCH epoch=155 step=100 adv_kd=0.01470460370182991 awp_gamma=0.00175 awp_relative_norm_max=0.001750000286847353 clean_ce=0.4663236439228058 clean_ce_term=0.010200830176472664 consistency_term=0.00039980560541152954 consistency_weight=0.4375 js_raw=0.09138414263725281 lr=0.09972498670684993 nat_kd=0.00820328202098608 pcgrad_conflicts=0 push=0.00497603602707386 push_term=0.0002488018071744591 student_updates=1 teacher_ce=0.3934551924467087 teacher_lr=6.232445699168567e-05 teacher_margin=2.0276858806610107 teacher_margin_term=0.003801911137998104 teacher_updates=1 temp_adv=1.1959999999999784 temp_nat=2.5949999999998243 temperature_updates=1 total_loss=0.037559233605861664 views=2
2026-09-15 19:49:42.917 | INFO     | __main__:<module>:497 - METHOD_BATCH epoch=155 step=200 adv_kd=0.014895672909915447 awp_gamma=0.00175 awp_relative_norm_max=0.001750000286847353 clean_ce=0.4268413782119751 clean_ce_term=0.009337155148386955 consistency_term=0.0005032511544413865 consistency_weight=0.4375 js_raw=0.11502883583307266 lr=0.09972498670684993 nat_kd=0.009352799504995346 pcgrad_conflicts=0 push=0.005866477265954018 push_term=0.0002933238574769348 student_updates=1 teacher_ce=0.4227479547262192 teacher_lr=6.232445699168567e-05 teacher_margin=2.1145825386047363 teacher_margin_term=0.003964842297136784 teacher_updates=1 temp_adv=1.2059999999999773 temp_nat=2.5849999999998254 temperature_updates=1 total_loss=0.038347043097019196 views=2
2026-09-15 19:53:51.304 | INFO     | __main__:<module>:497 - METHOD_BATCH epoch=155 step=300 adv_kd=0.015345077961683273 awp_gamma=0.00175 awp_relative_norm_max=0.001750000286847353 clean_ce=0.4575256407260895 clean_ce_term=0.01000837329775095 consistency_term=0.00048291930579580367 consistency_weight=0.4375 js_raw=0.11038155853748322 lr=0.09972498670684993 nat_kd=0.00882819201797247 pcgrad_conflicts=0 push=0.006608700379729271 push_term=0.0003304349957033992 student_updates=1 teacher_ce=0.5477575361728668 teacher_lr=6.232445699168567e-05 teacher_margin=2.0654456615448 teacher_margin_term=0.0038727105129510164 teacher_updates=1 temp_adv=1.2019999999999778 temp_nat=2.588999999999825 temperature_updates=1 total_loss=0.038867708295583725 views=2
2026-09-15 19:57:34.234 | INFO     | __main__:<module>:875 - TRAIN_EPOCH_RESOURCE epoch=155 seconds=963.3582161702216 peak_allocated_bytes=11589042688
2026-09-15 19:57:34.234 | INFO     | __main__:<module>:482 - METHOD epoch=156 views=2 awp_gamma=0.0018000000000000002 consistency_weight=0.45
2026-09-15 19:57:34.234 | INFO     | __main__:<module>:485 - the 156th epoch 
2026-09-15 19:57:36.714 | INFO     | __main__:<module>:497 - METHOD_BATCH epoch=156 step=0 adv_kd=0.014468804001808167 awp_gamma=0.0018000000000000002 awp_relative_norm_max=0.0018000002019107342 clean_ce=0.46523192524909973 clean_ce_term=0.010467719286680222 consistency_term=0.00036099087446928024 consistency_weight=0.45 js_raw=0.08022020012140274 lr=0.0996041413867123 nat_kd=0.009124262258410454 pcgrad_conflicts=0 push=0.004907288588583469 push_term=0.00024536444107070565 student_updates=1 teacher_ce=0.5000268369913101 teacher_lr=6.171390327679456e-05 teacher_margin=1.919750452041626 teacher_margin_term=0.003839501179754734 teacher_updates=1 temp_adv=1.1949999999999785 temp_nat=2.5959999999998242 temperature_updates=1 total_loss=0.0385066419839859 views=2
2026-09-15 20:01:51.452 | INFO     | __main__:<module>:497 - METHOD_BATCH epoch=156 step=100 adv_kd=0.016378603875637054 awp_gamma=0.0018000000000000002 awp_relative_norm_max=0.0018000002019107342 clean_ce=0.414483904838562 clean_ce_term=0.009325888007879257 consistency_term=0.00037193833850324154 consistency_weight=0.45 js_raw=0.0826529711484909 lr=0.0996041413867123 nat_kd=0.009128979407250881 pcgrad_conflicts=0 push=0.007241683080792427 push_term=0.00036208415986038744 student_updates=1 teacher_ce=0.48796801269054413 teacher_lr=6.171390327679456e-05 teacher_margin=2.3307127952575684 teacher_margin_term=0.004661425948143005 teacher_updates=1 temp_adv=1.2009999999999779 temp_nat=2.589999999999825 temperature_updates=1 total_loss=0.04022891819477081 views=2
2026-09-15 20:06:09.951 | INFO     | __main__:<module>:497 - METHOD_BATCH epoch=156 step=200 adv_kd=0.01682819426059723 awp_gamma=0.0018000000000000002 awp_relative_norm_max=0.0018000002019107342 clean_ce=0.40934377908706665 clean_ce_term=0.009210235439240932 consistency_term=0.000547510280739516 consistency_weight=0.45 js_raw=0.12166896462440491 lr=0.0996041413867123 nat_kd=0.008709292858839035 pcgrad_conflicts=0 push=0.007290668319910765 push_term=0.0003645334218163043 student_updates=1 teacher_ce=0.4269344359636307 teacher_lr=6.171390327679456e-05 teacher_margin=2.366955280303955 teacher_margin_term=0.004733910784125328 teacher_updates=1 temp_adv=1.208999999999977 temp_nat=2.5819999999998258 temperature_updates=1 total_loss=0.04039367660880089 views=2
2026-09-15 20:10:24.026 | INFO     | __main__:<module>:497 - METHOD_BATCH epoch=156 step=300 adv_kd=0.015873318538069725 awp_gamma=0.0018000000000000002 awp_relative_norm_max=0.0018000002019107342 clean_ce=0.4185049533843994 clean_ce_term=0.009416361339390278 consistency_term=0.0003914500994142145 consistency_weight=0.45 js_raw=0.0869889184832573 lr=0.0996041413867123 nat_kd=0.0086217587813735 pcgrad_conflicts=0 push=0.006271416787058115 push_term=0.00031357083935290575 student_updates=1 teacher_ce=0.43052855134010315 teacher_lr=6.171390327679456e-05 teacher_margin=2.1582608222961426 teacher_margin_term=0.004316521808505058 teacher_updates=1 temp_adv=1.2009999999999779 temp_nat=2.589999999999825 temperature_updates=1 total_loss=0.038932982832193375 views=2
2026-09-15 20:14:11.314 | INFO     | __main__:<module>:875 - TRAIN_EPOCH_RESOURCE epoch=156 seconds=997.0790587365627 peak_allocated_bytes=11589042688
2026-09-15 20:14:11.314 | INFO     | __main__:<module>:482 - METHOD epoch=157 views=2 awp_gamma=0.00185 consistency_weight=0.4625
2026-09-15 20:14:11.314 | INFO     | __main__:<module>:485 - the 157th epoch 
2026-09-15 20:14:13.877 | INFO     | __main__:<module>:497 - METHOD_BATCH epoch=157 step=0 adv_kd=0.01521116029471159 awp_gamma=0.00185 awp_relative_norm_max=0.0018500002333894372 clean_ce=0.43787068128585815 clean_ce_term=0.010125759057700634 consistency_term=0.000532339618075639 consistency_weight=0.4625 js_raw=0.11510045826435089 lr=0.09946145057519529 nat_kd=0.009169588796794415 pcgrad_conflicts=0 push=0.005752316676080227 push_term=0.00028761583962477744 student_updates=1 teacher_ce=0.5447601079940796 teacher_lr=6.110150728247835e-05 teacher_margin=2.0871286392211914 teacher_margin_term=0.004435149021446705 teacher_updates=1 temp_adv=1.2059999999999773 temp_nat=2.5849999999998254 temperature_updates=1 total_loss=0.03976161405444145 views=2
2026-09-15 20:18:29.021 | INFO     | __main__:<module>:497 - METHOD_BATCH epoch=157 step=100 adv_kd=0.01472028624266386 awp_gamma=0.00185 awp_relative_norm_max=0.0018500002333894372 clean_ce=0.4368461072444916 clean_ce_term=0.010102066211402416 consistency_term=0.00036484975134953856 consistency_weight=0.4625 js_raw=0.07888643443584442 lr=0.09946145057519529 nat_kd=0.008341129869222641 pcgrad_conflicts=0 push=0.00495452806353569 push_term=0.00024772639153525233 student_updates=1 teacher_ce=0.4547996073961258 teacher_lr=6.110150728247835e-05 teacher_margin=2.0769577026367188 teacher_margin_term=0.004413534887135029 teacher_updates=1 temp_adv=1.207999999999977 temp_nat=2.5829999999998257 temperature_updates=1 total_loss=0.0381895937025547 views=2
2026-09-15 20:22:47.383 | INFO     | __main__:<module>:497 - METHOD_BATCH epoch=157 step=200 adv_kd=0.014730784110724926 awp_gamma=0.00185 awp_relative_norm_max=0.0018500002333894372 clean_ce=0.4443966746330261 clean_ce_term=0.01027667336165905 consistency_term=0.0004558663640636951 consistency_weight=0.4625 js_raw=0.09856570512056351 lr=0.09946145057519529 nat_kd=0.009514644742012024 pcgrad_conflicts=0 push=0.0059265256859362125 push_term=0.0002963262959383428 student_updates=1 teacher_ce=0.5079049915075302 teacher_lr=6.110150728247835e-05 teacher_margin=2.078611373901367 teacher_margin_term=0.004417049698531628 teacher_updates=1 temp_adv=1.199999999999978 temp_nat=2.5909999999998248 temperature_updates=1 total_loss=0.039691343903541565 views=2
2026-09-15 20:27:02.381 | INFO     | __main__:<module>:497 - METHOD_BATCH epoch=157 step=300 adv_kd=0.015292832627892494 awp_gamma=0.00185 awp_relative_norm_max=0.0018500002333894372 clean_ce=0.42405104637145996 clean_ce_term=0.009806180372834206 consistency_term=0.00045742711517959833 consistency_weight=0.4625 js_raw=0.09890316426753998 lr=0.09946145057519529 nat_kd=0.00901883840560913 pcgrad_conflicts=0 push=0.005808076821267605 push_term=0.00029040384106338024 student_updates=1 teacher_ce=0.46327683329582214 teacher_lr=6.110150728247835e-05 teacher_margin=2.2015786170959473 teacher_margin_term=0.004678354598581791 teacher_updates=1 temp_adv=1.199999999999978 temp_nat=2.5909999999998248 temperature_updates=1 total_loss=0.039544038474559784 views=2
2026-09-15 20:30:47.981 | INFO     | __main__:<module>:875 - TRAIN_EPOCH_RESOURCE epoch=157 seconds=996.666965097189 peak_allocated_bytes=11589042688
2026-09-15 20:30:47.982 | INFO     | __main__:<module>:482 - METHOD epoch=158 views=2 awp_gamma=0.0019 consistency_weight=0.475
2026-09-15 20:30:47.982 | INFO     | __main__:<module>:485 - the 158th epoch 
2026-09-15 20:30:50.611 | INFO     | __main__:<module>:497 - METHOD_BATCH epoch=158 step=0 adv_kd=0.015251156874001026 awp_gamma=0.0019 awp_relative_norm_max=0.001900000381283462 clean_ce=0.4559062123298645 clean_ce_term=0.010827772319316864 consistency_term=0.0002952470676973462 consistency_weight=0.475 js_raw=0.0621572807431221 lr=0.09929697736599877 nat_kd=0.00962783396244049 pcgrad_conflicts=0 push=0.005750705488026142 push_term=0.0002875352802220732 student_updates=1 teacher_ce=0.4010375142097473 teacher_lr=6.04873661540703e-05 teacher_margin=2.1308069229125977 teacher_margin_term=0.004794314969331026 teacher_updates=1 temp_adv=1.2029999999999776 temp_nat=2.587999999999825 temperature_updates=1 total_loss=0.04108386114239693 views=2
2026-09-15 20:35:02.551 | INFO     | __main__:<module>:497 - METHOD_BATCH epoch=158 step=100 adv_kd=0.015111653134226799 awp_gamma=0.0019 awp_relative_norm_max=0.0019000002648681402 clean_ce=0.4296168088912964 clean_ce_term=0.010203399695456028 consistency_term=0.00042736827163025737 consistency_weight=0.475 js_raw=0.08997227251529694 lr=0.09929697736599877 nat_kd=0.008764106780290604 pcgrad_conflicts=0 push=0.005147143732756376 push_term=0.000257357198279351 student_updates=1 teacher_ce=0.3695717304944992 teacher_lr=6.04873661540703e-05 teacher_margin=2.058960437774658 teacher_margin_term=0.004632661119103432 teacher_updates=1 temp_adv=1.2049999999999774 temp_nat=2.5859999999998253 temperature_updates=1 total_loss=0.03939654678106308 views=2
2026-09-15 20:39:11.319 | INFO     | __main__:<module>:497 - METHOD_BATCH epoch=158 step=200 adv_kd=0.016834793612360954 awp_gamma=0.0019 awp_relative_norm_max=0.0019000002648681402 clean_ce=0.4417790174484253 clean_ce_term=0.010492251254618168 consistency_term=0.0004963019164279103 consistency_weight=0.475 js_raw=0.10448461771011353 lr=0.09929697736599877 nat_kd=0.009959634393453598 pcgrad_conflicts=0 push=0.005054549779742956 push_term=0.0002527274773456156 student_updates=1 teacher_ce=0.4373828321695328 teacher_lr=6.04873661540703e-05 teacher_margin=2.288888931274414 teacher_margin_term=0.005149999633431435 teacher_updates=1 temp_adv=1.2069999999999772 temp_nat=2.5839999999998255 temperature_updates=1 total_loss=0.04318570718169212 views=2
2026-09-15 20:43:17.304 | INFO     | __main__:<module>:497 - METHOD_BATCH epoch=158 step=300 adv_kd=0.015953529626131058 awp_gamma=0.0019 awp_relative_norm_max=0.0019000002648681402 clean_ce=0.4209826588630676 clean_ce_term=0.009998338297009468 consistency_term=0.00047999757225625217 consistency_weight=0.475 js_raw=0.10105212777853012 lr=0.09929697736599877 nat_kd=0.008651964366436005 pcgrad_conflicts=0 push=0.005826904904097319 push_term=0.00029134523356333375 student_updates=1 teacher_ce=0.37973901629447937 teacher_lr=6.04873661540703e-05 teacher_margin=2.2970316410064697 teacher_margin_term=0.005168321076780558 teacher_updates=1 temp_adv=1.208999999999977 temp_nat=2.5819999999998258 temperature_updates=1 total_loss=0.04054349660873413 views=2
2026-09-15 20:47:02.379 | INFO     | __main__:<module>:875 - TRAIN_EPOCH_RESOURCE epoch=158 seconds=974.3966788873076 peak_allocated_bytes=11589042688
2026-09-15 20:47:02.379 | INFO     | __main__:<module>:482 - METHOD epoch=159 views=2 awp_gamma=0.00195 consistency_weight=0.4875
2026-09-15 20:47:02.379 | INFO     | __main__:<module>:485 - the 159th epoch 
2026-09-15 20:47:04.853 | INFO     | __main__:<module>:497 - METHOD_BATCH epoch=159 step=0 adv_kd=0.013804074376821518 awp_gamma=0.00195 awp_relative_norm_max=0.0019500001799315214 clean_ce=0.4397081136703491 clean_ce_term=0.010717885568737984 consistency_term=0.00043327169260010123 consistency_weight=0.4875 js_raw=0.08887624740600586 lr=0.09911079448360846 nat_kd=0.008263945579528809 pcgrad_conflicts=0 push=0.00570730771869421 push_term=0.0002853653859347105 student_updates=1 teacher_ce=0.449236735701561 teacher_lr=5.9871577306114585e-05 teacher_margin=2.0447769165039062 teacher_margin_term=0.004856345243752003 teacher_updates=1 temp_adv=1.2039999999999775 temp_nat=2.586999999999825 temperature_updates=1 total_loss=0.03836089000105858 views=2
2026-09-15 20:51:14.460 | INFO     | __main__:<module>:497 - METHOD_BATCH epoch=159 step=100 adv_kd=0.015351172536611557 awp_gamma=0.00195 awp_relative_norm_max=0.0019500001799315214 clean_ce=0.425228089094162 clean_ce_term=0.010364933870732784 consistency_term=0.0004485766985453665 consistency_weight=0.4875 js_raw=0.09201572835445404 lr=0.09911079448360846 nat_kd=0.008295384235680103 pcgrad_conflicts=0 push=0.005496880505234003 push_term=0.00027484403108246624 student_updates=1 teacher_ce=0.42586831748485565 teacher_lr=5.9871577306114585e-05 teacher_margin=2.120865821838379 teacher_margin_term=0.005037056282162666 teacher_updates=1 temp_adv=1.2039999999999775 temp_nat=2.586999999999825 temperature_updates=1 total_loss=0.03977196663618088 views=2
2026-09-15 20:55:25.981 | INFO     | __main__:<module>:497 - METHOD_BATCH epoch=159 step=200 adv_kd=0.015313884243369102 awp_gamma=0.00195 awp_relative_norm_max=0.0019500001799315214 clean_ce=0.4417445957660675 clean_ce_term=0.010767524130642414 consistency_term=0.0006209936691448092 consistency_weight=0.4875 js_raw=0.12738332152366638 lr=0.09911079448360846 nat_kd=0.008820676244795322 pcgrad_conflicts=0 push=0.0053664157167077065 push_term=0.0002683207858353853 student_updates=1 teacher_ce=0.4567932188510895 teacher_lr=5.9871577306114585e-05 teacher_margin=2.16760516166687 teacher_margin_term=0.0051480624824762344 teacher_updates=1 temp_adv=1.2019999999999778 temp_nat=2.588999999999825 temperature_updates=1 total_loss=0.040939461439847946 views=2
2026-09-15 20:59:36.962 | INFO     | __main__:<module>:497 - METHOD_BATCH epoch=159 step=300 adv_kd=0.01549993734806776 awp_gamma=0.00195 awp_relative_norm_max=0.0019500001799315214 clean_ce=0.4250341057777405 clean_ce_term=0.010360205546021461 consistency_term=0.00044425076339393854 consistency_weight=0.4875 js_raw=0.09112836420536041 lr=0.09911079448360846 nat_kd=0.009086588397622108 pcgrad_conflicts=0 push=0.005508773028850555 push_term=0.00027543865144252777 student_updates=1 teacher_ce=0.45130258798599243 teacher_lr=5.9871577306114585e-05 teacher_margin=2.072445869445801 teacher_margin_term=0.004922058433294296 teacher_updates=1 temp_adv=1.2059999999999773 temp_nat=2.5849999999998254 temperature_updates=1 total_loss=0.04058848321437836 views=2
2026-09-15 21:03:23.260 | INFO     | __main__:<module>:875 - TRAIN_EPOCH_RESOURCE epoch=159 seconds=980.8801052607596 peak_allocated_bytes=11589042688
2026-09-15 21:03:23.260 | INFO     | __main__:<module>:482 - METHOD epoch=160 views=2 awp_gamma=0.002 consistency_weight=0.5
2026-09-15 21:03:23.260 | INFO     | __main__:<module>:485 - the 160th epoch 
2026-09-15 21:03:25.919 | INFO     | __main__:<module>:497 - METHOD_BATCH epoch=160 step=0 adv_kd=0.014283677563071251 awp_gamma=0.002 awp_relative_norm_max=0.0020000003278255463 clean_ce=0.41964295506477356 clean_ce_term=0.010491074062883854 consistency_term=0.0005304448422975838 consistency_weight=0.5 js_raw=0.10608896613121033 lr=0.09890298425081796 nat_kd=0.008506406098604202 pcgrad_conflicts=0 push=0.006678531877696514 push_term=0.000333926611347124 student_updates=1 teacher_ce=0.41828757524490356 teacher_lr=5.925423840674787e-05 teacher_margin=2.022796630859375 teacher_margin_term=0.005056991241872311 teacher_updates=1 temp_adv=1.2069999999999772 temp_nat=2.5839999999998255 temperature_updates=1 total_loss=0.03920251876115799 views=2
2026-09-15 21:07:38.209 | INFO     | __main__:<module>:497 - METHOD_BATCH epoch=160 step=100 adv_kd=0.016515791416168213 awp_gamma=0.002 awp_relative_norm_max=0.0020000003278255463 clean_ce=0.41908296942710876 clean_ce_term=0.010477074421942234 consistency_term=0.0005195958074182272 consistency_weight=0.5 js_raw=0.10391916334629059 lr=0.09890298425081796 nat_kd=0.00840283278375864 pcgrad_conflicts=0 push=0.004983866587281227 push_term=0.00024919334100559354 student_updates=1 teacher_ce=0.3499169647693634 teacher_lr=5.925423840674787e-05 teacher_margin=2.2239017486572266 teacher_margin_term=0.005559754092246294 teacher_updates=1 temp_adv=1.2049999999999774 temp_nat=2.5859999999998253 temperature_updates=1 total_loss=0.04172424226999283 views=2
2026-09-15 21:11:46.733 | INFO     | __main__:<module>:497 - METHOD_BATCH epoch=160 step=200 adv_kd=0.015801839530467987 awp_gamma=0.002 awp_relative_norm_max=0.0020000003278255463 clean_ce=0.42444708943367004 clean_ce_term=0.010611177422106266 consistency_term=0.0004981267265975475 consistency_weight=0.5 js_raw=0.0996253490447998 lr=0.09890298425081796 nat_kd=0.009232130832970142 pcgrad_conflicts=0 push=0.006085849832743406 push_term=0.00030429247999563813 student_updates=1 teacher_ce=0.3504687696695328 teacher_lr=5.925423840674787e-05 teacher_margin=2.308302402496338 teacher_margin_term=0.005770755931735039 teacher_updates=1 temp_adv=1.2149999999999763 temp_nat=2.5759999999998264 temperature_updates=1 total_loss=0.042218323796987534 views=2
2026-09-15 21:15:51.574 | INFO     | __main__:<module>:497 - METHOD_BATCH epoch=160 step=300 adv_kd=0.016333620995283127 awp_gamma=0.002 awp_relative_norm_max=0.0020000003278255463 clean_ce=0.4066745638847351 clean_ce_term=0.010166863910853863 consistency_term=0.00046584039228037 consistency_weight=0.5 js_raw=0.09316807985305786 lr=0.09890298425081796 nat_kd=0.009768247604370117 pcgrad_conflicts=0 push=0.006252912804484367 push_term=0.0003126456285826862 student_updates=1 teacher_ce=0.4145099073648453 teacher_lr=5.925423840674787e-05 teacher_margin=2.3038251399993896 teacher_margin_term=0.005759562365710735 teacher_updates=1 temp_adv=1.2069999999999772 temp_nat=2.5839999999998255 temperature_updates=1 total_loss=0.04280678555369377 views=2
2026-09-15 21:19:31.594 | INFO     | __main__:<module>:875 - TRAIN_EPOCH_RESOURCE epoch=160 seconds=968.3331534415483 peak_allocated_bytes=11589042688
2026-09-15 21:20:30.379 | INFO     | __main__:<module>:934 - student robust acc 0.2966, teacher robust acc 0.4787, nat teacher robust acc 0.3306
2026-09-15 21:20:51.469 | INFO     | __main__:<module>:1007 - best accuracy:0.47085
2026-09-15 21:20:51.470 | INFO     | __main__:<module>:1010 - student natural acc 0.6451, adv teacher natural acc 0.6174, nat teacher natural acc 0.7650
2026-09-15 21:20:51.491 | INFO     | __main__:<module>:482 - METHOD epoch=161 views=2 awp_gamma=0.002 consistency_weight=0.5
2026-09-15 21:20:51.491 | INFO     | __main__:<module>:485 - the 161th epoch 
2026-09-15 21:20:54.119 | INFO     | __main__:<module>:497 - METHOD_BATCH epoch=161 step=0 adv_kd=0.016110725700855255 awp_gamma=0.002 awp_relative_norm_max=0.0020000003278255463 clean_ce=0.4258173704147339 clean_ce_term=0.010911570861935616 consistency_term=0.0004809183010365814 consistency_weight=0.5 js_raw=0.0961836650967598 lr=0.09867363855196438 nat_kd=0.00795802567154169 pcgrad_conflicts=0 push=0.006012670695781708 push_term=0.00030063354643061757 student_updates=1 teacher_ce=0.3166019767522812 teacher_lr=5.863544736204129e-05 teacher_margin=2.225109100341797 teacher_margin_term=0.005840911529958248 teacher_updates=1 temp_adv=1.2059999999999773 temp_nat=2.5849999999998254 temperature_updates=1 total_loss=0.04160279035568237 views=2
2026-09-15 21:24:55.890 | INFO     | __main__:<module>:497 - METHOD_BATCH epoch=161 step=100 adv_kd=0.01715659350156784 awp_gamma=0.002 awp_relative_norm_max=0.0020000003278255463 clean_ce=0.4269667863845825 clean_ce_term=0.01094102393835783 consistency_term=0.0005363861564546824 consistency_weight=0.5 js_raw=0.10727723687887192 lr=0.09867363855196438 nat_kd=0.008541552349925041 pcgrad_conflicts=0 push=0.0050317877903580666 push_term=0.0002515894011594355 student_updates=1 teacher_ce=0.3830031603574753 teacher_lr=5.863544736204129e-05 teacher_margin=2.3919436931610107 teacher_margin_term=0.006278852000832558 teacher_updates=1 temp_adv=1.2039999999999775 temp_nat=2.586999999999825 temperature_updates=1 total_loss=0.04370599612593651 views=2
2026-09-15 21:29:02.678 | INFO     | __main__:<module>:497 - METHOD_BATCH epoch=161 step=200 adv_kd=0.016016677021980286 awp_gamma=0.002 awp_relative_norm_max=0.0020000003278255463 clean_ce=0.43337342143058777 clean_ce_term=0.011105193756520748 consistency_term=0.0005013296031393111 consistency_weight=0.5 js_raw=0.10026592016220093 lr=0.09867363855196438 nat_kd=0.009858200326561928 pcgrad_conflicts=0 push=0.006716892123222351 push_term=0.00033584461198188365 student_updates=1 teacher_ce=0.4482734501361847 teacher_lr=5.863544736204129e-05 teacher_margin=2.311393976211548 teacher_margin_term=0.0060674091801047325 teacher_updates=1 temp_adv=1.2039999999999775 temp_nat=2.586999999999825 temperature_updates=1 total_loss=0.043884653598070145 views=2
2026-09-15 21:33:04.335 | INFO     | __main__:<module>:497 - METHOD_BATCH epoch=161 step=300 adv_kd=0.015017948113381863 awp_gamma=0.002 awp_relative_norm_max=0.0020000003278255463 clean_ce=0.4627072811126709 clean_ce_term=0.011856874451041222 consistency_term=0.0005106170428916812 consistency_weight=0.5 js_raw=0.10212340950965881 lr=0.09867363855196438 nat_kd=0.009327227249741554 pcgrad_conflicts=0 push=0.005265578627586365 push_term=0.0002632789546623826 student_updates=1 teacher_ce=0.4880346655845642 teacher_lr=5.863544736204129e-05 teacher_margin=2.1556410789489746 teacher_margin_term=0.005658557638525963 teacher_updates=1 temp_adv=1.2059999999999773 temp_nat=2.5849999999998254 temperature_updates=1 total_loss=0.0426345020532608 views=2
2026-09-15 21:36:42.535 | INFO     | __main__:<module>:875 - TRAIN_EPOCH_RESOURCE epoch=161 seconds=951.043916773051 peak_allocated_bytes=11589042688
2026-09-15 21:36:42.535 | INFO     | __main__:<module>:482 - METHOD epoch=162 views=2 awp_gamma=0.002 consistency_weight=0.5
2026-09-15 21:36:42.535 | INFO     | __main__:<module>:485 - the 162th epoch 
2026-09-15 21:36:44.974 | INFO     | __main__:<module>:497 - METHOD_BATCH epoch=162 step=0 adv_kd=0.015375344082713127 awp_gamma=0.002 awp_relative_norm_max=0.0020000003278255463 clean_ce=0.4255390763282776 clean_ce_term=0.01117040030658245 consistency_term=0.0004195189685560763 consistency_weight=0.5 js_raw=0.08390379697084427 lr=0.09842285879189458 nat_kd=0.007663286291062832 pcgrad_conflicts=0 push=0.005203976295888424 push_term=0.00026019883807748556 student_updates=1 teacher_ce=0.36234286427497864 teacher_lr=5.8015302300304946e-05 teacher_margin=2.1276092529296875 teacher_margin_term=0.005850925110280514 teacher_updates=1 temp_adv=1.2029999999999776 temp_nat=2.587999999999825 temperature_updates=1 total_loss=0.040739674121141434 views=2
2026-09-15 21:40:47.316 | INFO     | __main__:<module>:497 - METHOD_BATCH epoch=162 step=100 adv_kd=0.0165826678276062 awp_gamma=0.002 awp_relative_norm_max=0.0020000003278255463 clean_ce=0.46863842010498047 clean_ce_term=0.01230175793170929 consistency_term=0.00046587406541220844 consistency_weight=0.5 js_raw=0.09317481517791748 lr=0.09842285879189458 nat_kd=0.0086121940985322 pcgrad_conflicts=0 push=0.005123474635183811 push_term=0.0002561737201176584 student_updates=1 teacher_ce=0.43008969724178314 teacher_lr=5.8015302300304946e-05 teacher_margin=2.205030918121338 teacher_margin_term=0.006063834764063358 teacher_updates=1 temp_adv=1.2009999999999779 temp_nat=2.589999999999825 temperature_updates=1 total_loss=0.04428249970078468 views=2
2026-09-15 21:44:49.592 | INFO     | __main__:<module>:497 - METHOD_BATCH epoch=162 step=200 adv_kd=0.015836771577596664 awp_gamma=0.002 awp_relative_norm_max=0.0020000003278255463 clean_ce=0.4130919277667999 clean_ce_term=0.010843662545084953 consistency_term=0.00041539667290635407 consistency_weight=0.5 js_raw=0.08307933807373047 lr=0.09842285879189458 nat_kd=0.008663326501846313 pcgrad_conflicts=0 push=0.005367600359022617 push_term=0.00026838004123419523 student_updates=1 teacher_ce=0.47813546657562256 teacher_lr=5.8015302300304946e-05 teacher_margin=2.272329092025757 teacher_margin_term=0.00624890485778451 teacher_updates=1 temp_adv=1.2049999999999774 temp_nat=2.5859999999998253 temperature_updates=1 total_loss=0.042276445776224136 views=2
2026-09-15 21:48:53.957 | INFO     | __main__:<module>:497 - METHOD_BATCH epoch=162 step=300 adv_kd=0.016652461141347885 awp_gamma=0.002 awp_relative_norm_max=0.0020000003278255463 clean_ce=0.4234097898006439 clean_ce_term=0.011114506050944328 consistency_term=0.0004808507510460913 consistency_weight=0.5 js_raw=0.09617014974355698 lr=0.09842285879189458 nat_kd=0.009020600467920303 pcgrad_conflicts=0 push=0.005176989361643791 push_term=0.00025884946808218956 student_updates=1 teacher_ce=0.3744557201862335 teacher_lr=5.8015302300304946e-05 teacher_margin=2.287773609161377 teacher_margin_term=0.006291377358138561 teacher_updates=1 temp_adv=1.2109999999999768 temp_nat=2.579999999999826 temperature_updates=1 total_loss=0.0438186451792717 views=2
2026-09-15 21:52:32.726 | INFO     | __main__:<module>:875 - TRAIN_EPOCH_RESOURCE epoch=162 seconds=950.1905716732144 peak_allocated_bytes=11589042688
2026-09-15 21:52:32.726 | INFO     | __main__:<module>:482 - METHOD epoch=163 views=2 awp_gamma=0.002 consistency_weight=0.5
2026-09-15 21:52:32.726 | INFO     | __main__:<module>:485 - the 163th epoch 
2026-09-15 21:52:35.174 | INFO     | __main__:<module>:497 - METHOD_BATCH epoch=163 step=0 adv_kd=0.01547997072339058 awp_gamma=0.002 awp_relative_norm_max=0.0020000003278255463 clean_ce=0.41789019107818604 clean_ce_term=0.011230798438191414 consistency_term=0.0006291667814366519 consistency_weight=0.5 js_raw=0.12583336234092712 lr=0.09815075585068012 nat_kd=0.009562361054122448 pcgrad_conflicts=0 push=0.0069390106946229935 push_term=0.00034695054637268186 student_updates=1 teacher_ce=0.4314640164375305 teacher_lr=5.7393901556358144e-05 teacher_margin=2.302752733230591 teacher_margin_term=0.006620414555072784 teacher_updates=1 temp_adv=1.199999999999978 temp_nat=2.5909999999998248 temperature_updates=1 total_loss=0.043869663029909134 views=2
2026-09-15 21:56:36.593 | INFO     | __main__:<module>:497 - METHOD_BATCH epoch=163 step=100 adv_kd=0.015538057312369347 awp_gamma=0.002 awp_relative_norm_max=0.0020000003278255463 clean_ce=0.433332622051239 clean_ce_term=0.011645814403891563 consistency_term=0.00043562299106270075 consistency_weight=0.5 js_raw=0.08712460100650787 lr=0.09815075585068012 nat_kd=0.00906682200729847 pcgrad_conflicts=0 push=0.005366005469113588 push_term=0.0002683002967387438 student_updates=1 teacher_ce=0.39066654443740845 teacher_lr=5.7393901556358144e-05 teacher_margin=2.0309505462646484 teacher_margin_term=0.0058389827609062195 teacher_updates=1 temp_adv=1.2139999999999764 temp_nat=2.5769999999998263 temperature_updates=1 total_loss=0.042793601751327515 views=2
2026-09-15 22:00:39.405 | INFO     | __main__:<module>:497 - METHOD_BATCH epoch=163 step=200 adv_kd=0.01667286455631256 awp_gamma=0.002 awp_relative_norm_max=0.0020000003278255463 clean_ce=0.4742722511291504 clean_ce_term=0.01274606678634882 consistency_term=0.000579238694626838 consistency_weight=0.5 js_raw=0.11584773659706116 lr=0.09815075585068012 nat_kd=0.008983341977000237 pcgrad_conflicts=0 push=0.005975064355880022 push_term=0.0002987532352562994 student_updates=1 teacher_ce=0.40365006029605865 teacher_lr=5.7393901556358144e-05 teacher_margin=2.3338584899902344 teacher_margin_term=0.0067098429426550865 teacher_updates=1 temp_adv=1.2159999999999762 temp_nat=2.5749999999998265 temperature_updates=1 total_loss=0.04599010571837425 views=2
2026-09-15 22:04:40.482 | INFO     | __main__:<module>:497 - METHOD_BATCH epoch=163 step=300 adv_kd=0.015598142519593239 awp_gamma=0.002 awp_relative_norm_max=0.0020000003278255463 clean_ce=0.44042038917541504 clean_ce_term=0.011836297810077667 consistency_term=0.0004926559049636126 consistency_weight=0.5 js_raw=0.09853118658065796 lr=0.09815075585068012 nat_kd=0.009564965963363647 pcgrad_conflicts=0 push=0.006234558764845133 push_term=0.0003117279557045549 student_updates=1 teacher_ce=0.4307910352945328 teacher_lr=5.7393901556358144e-05 teacher_margin=2.2389726638793945 teacher_margin_term=0.006437046453356743 teacher_updates=1 temp_adv=1.2119999999999767 temp_nat=2.578999999999826 temperature_updates=1 total_loss=0.04424083232879639 views=2
2026-09-15 22:08:19.085 | INFO     | __main__:<module>:875 - TRAIN_EPOCH_RESOURCE epoch=163 seconds=946.3586468920112 peak_allocated_bytes=11589042688
2026-09-15 22:08:19.085 | INFO     | __main__:<module>:482 - METHOD epoch=164 views=2 awp_gamma=0.002 consistency_weight=0.5
2026-09-15 22:08:19.086 | INFO     | __main__:<module>:485 - the 164th epoch 
2026-09-15 22:08:21.582 | INFO     | __main__:<module>:497 - METHOD_BATCH epoch=164 step=0 adv_kd=0.015377325937151909 awp_gamma=0.002 awp_relative_norm_max=0.0020000003278255463 clean_ce=0.41202133893966675 clean_ce_term=0.011330587789416313 consistency_term=0.0005222329637035728 consistency_weight=0.5 js_raw=0.10444658994674683 lr=0.09785745003410154 nat_kd=0.008245792239904404 pcgrad_conflicts=0 push=0.005946605000644922 push_term=0.0002973302616737783 student_updates=1 teacher_ce=0.408799946308136 teacher_lr=5.677134365576726e-05 teacher_margin=2.150728225708008 teacher_margin_term=0.0064521851018071175 teacher_updates=1 temp_adv=1.2009999999999779 temp_nat=2.589999999999825 temperature_updates=1 total_loss=0.04222545772790909 views=2
2026-09-15 22:12:29.973 | INFO     | __main__:<module>:497 - METHOD_BATCH epoch=164 step=100 adv_kd=0.01569356396794319 awp_gamma=0.002 awp_relative_norm_max=0.0020000003278255463 clean_ce=0.43228620290756226 clean_ce_term=0.011887870728969574 consistency_term=0.0005645474884659052 consistency_weight=0.5 js_raw=0.11290950328111649 lr=0.09785745003410154 nat_kd=0.008365003392100334 pcgrad_conflicts=0 push=0.00582607788965106 push_term=0.0002913039061240852 student_updates=1 teacher_ce=0.3172888308763504 teacher_lr=5.677134365576726e-05 teacher_margin=2.246042251586914 teacher_margin_term=0.006738126743584871 teacher_updates=1 temp_adv=1.2009999999999779 temp_nat=2.589999999999825 temperature_updates=1 total_loss=0.04354042187333107 views=2
2026-09-15 22:16:38.358 | INFO     | __main__:<module>:497 - METHOD_BATCH epoch=164 step=200 adv_kd=0.014866771176457405 awp_gamma=0.002 awp_relative_norm_max=0.0020000003278255463 clean_ce=0.4265422523021698 clean_ce_term=0.011729911901056767 consistency_term=0.00040912642725743353 consistency_weight=0.5 js_raw=0.08182528614997864 lr=0.09785745003410154 nat_kd=0.007952859625220299 pcgrad_conflicts=0 push=0.005849963985383511 push_term=0.0002924982109107077 student_updates=1 teacher_ce=0.39121079444885254 teacher_lr=5.677134365576726e-05 teacher_margin=2.0661520957946777 teacher_margin_term=0.006198456510901451 teacher_updates=1 temp_adv=1.208999999999977 temp_nat=2.5819999999998258 temperature_updates=1 total_loss=0.04144962131977081 views=2
2026-09-15 22:20:46.797 | INFO     | __main__:<module>:497 - METHOD_BATCH epoch=164 step=300 adv_kd=0.01612205058336258 awp_gamma=0.002 awp_relative_norm_max=0.0020000003278255463 clean_ce=0.43661031126976013 clean_ce_term=0.012006783857941628 consistency_term=0.0004142366524320096 consistency_weight=0.5 js_raw=0.08284733444452286 lr=0.09785745003410154 nat_kd=0.009451676160097122 pcgrad_conflicts=0 push=0.005166736431419849 push_term=0.00025833683321252465 student_updates=1 teacher_ce=0.43118372559547424 teacher_lr=5.677134365576726e-05 teacher_margin=2.2258059978485107 teacher_margin_term=0.006677418015897274 teacher_updates=1 temp_adv=1.208999999999977 temp_nat=2.5819999999998258 temperature_updates=1 total_loss=0.04493050277233124 views=2
2026-09-15 22:24:30.018 | INFO     | __main__:<module>:875 - TRAIN_EPOCH_RESOURCE epoch=164 seconds=970.9324308149517 peak_allocated_bytes=11589042688
2026-09-15 22:24:30.019 | INFO     | __main__:<module>:482 - METHOD epoch=165 views=2 awp_gamma=0.002 consistency_weight=0.5
2026-09-15 22:24:30.019 | INFO     | __main__:<module>:485 - the 165th epoch 
2026-09-15 22:24:32.540 | INFO     | __main__:<module>:497 - METHOD_BATCH epoch=165 step=0 adv_kd=0.015639659017324448 awp_gamma=0.002 awp_relative_norm_max=0.0020000003278255463 clean_ce=0.4311743378639221 clean_ce_term=0.012126777321100235 consistency_term=0.0004413201240822673 consistency_weight=0.5 js_raw=0.08826402574777603 lr=0.09754307101992409 nat_kd=0.008974498137831688 pcgrad_conflicts=0 push=0.005859445780515671 push_term=0.0002929723123088479 student_updates=1 teacher_ce=0.44450460374355316 teacher_lr=5.6147727299054216e-05 teacher_margin=2.1699700355529785 teacher_margin_term=0.006781156174838543 teacher_updates=1 temp_adv=1.2059999999999773 temp_nat=2.5849999999998254 temperature_updates=1 total_loss=0.044256385415792465 views=2
2026-09-15 22:28:42.867 | INFO     | __main__:<module>:497 - METHOD_BATCH epoch=165 step=100 adv_kd=0.015912042930722237 awp_gamma=0.002 awp_relative_norm_max=0.0020000003278255463 clean_ce=0.4062727689743042 clean_ce_term=0.01142642181366682 consistency_term=0.0006309039890766144 consistency_weight=0.5 js_raw=0.12618079781532288 lr=0.09754307101992409 nat_kd=0.007850142195820808 pcgrad_conflicts=0 push=0.005180332809686661 push_term=0.0002590166695881635 student_updates=1 teacher_ce=0.36390404403209686 teacher_lr=5.6147727299054216e-05 teacher_margin=2.048964500427246 teacher_margin_term=0.006403014063835144 teacher_updates=1 temp_adv=1.207999999999977 temp_nat=2.5829999999998257 temperature_updates=1 total_loss=0.04248154163360596 views=2
2026-09-15 22:32:52.977 | INFO     | __main__:<module>:497 - METHOD_BATCH epoch=165 step=200 adv_kd=0.016789043322205544 awp_gamma=0.002 awp_relative_norm_max=0.0020000003278255463 clean_ce=0.4557676911354065 clean_ce_term=0.012818465940654278 consistency_term=0.0005397581262513995 consistency_weight=0.5 js_raw=0.10795162618160248 lr=0.09754307101992409 nat_kd=0.009455164894461632 pcgrad_conflicts=0 push=0.005689059849828482 push_term=0.0002844529808498919 student_updates=1 teacher_ce=0.4231976270675659 teacher_lr=5.6147727299054216e-05 teacher_margin=2.2728826999664307 teacher_margin_term=0.007102758623659611 teacher_updates=1 temp_adv=1.2099999999999769 temp_nat=2.580999999999826 temperature_updates=1 total_loss=0.04698964208364487 views=2
2026-09-15 22:37:02.119 | INFO     | __main__:<module>:497 - METHOD_BATCH epoch=165 step=300 adv_kd=0.017077116295695305 awp_gamma=0.002 awp_relative_norm_max=0.0020000003278255463 clean_ce=0.4266110956668854 clean_ce_term=0.011998437345027924 consistency_term=0.00043099350295960903 consistency_weight=0.5 js_raw=0.08619870245456696 lr=0.09754307101992409 nat_kd=0.00890129990875721 pcgrad_conflicts=0 push=0.006345244124531746 push_term=0.0003172621945850551 student_updates=1 teacher_ce=0.3232824355363846 teacher_lr=5.6147727299054216e-05 teacher_margin=2.399919033050537 teacher_margin_term=0.007499747443944216 teacher_updates=1 temp_adv=1.2119999999999767 temp_nat=2.578999999999826 temperature_updates=1 total_loss=0.04622485488653183 views=2
2026-09-15 22:40:44.304 | INFO     | __main__:<module>:875 - TRAIN_EPOCH_RESOURCE epoch=165 seconds=974.2845946289599 peak_allocated_bytes=11589042688
2026-09-15 22:40:44.304 | INFO     | __main__:<module>:482 - METHOD epoch=166 views=2 awp_gamma=0.002 consistency_weight=0.5
2026-09-15 22:40:44.304 | INFO     | __main__:<module>:485 - the 166th epoch 
2026-09-15 22:40:46.787 | INFO     | __main__:<module>:497 - METHOD_BATCH epoch=166 step=0 adv_kd=0.015233621001243591 awp_gamma=0.002 awp_relative_norm_max=0.0020000003278255463 clean_ce=0.4319325089454651 clean_ce_term=0.012418060563504696 consistency_term=0.0003332399937789887 consistency_weight=0.5 js_raw=0.06664799898862839 lr=0.09720775779998915 nat_kd=0.008966591209173203 pcgrad_conflicts=0 push=0.006014087703078985 push_term=0.00030070438515394926 student_updates=1 teacher_ce=0.45337267220020294 teacher_lr=5.5523151345877925e-05 teacher_margin=2.013646125793457 teacher_margin_term=0.006544350180774927 teacher_updates=1 temp_adv=1.208999999999977 temp_nat=2.5819999999998258 temperature_updates=1 total_loss=0.043796565383672714 views=2
2026-09-15 22:44:58.877 | INFO     | __main__:<module>:497 - METHOD_BATCH epoch=166 step=100 adv_kd=0.016372762620449066 awp_gamma=0.002 awp_relative_norm_max=0.0020000003278255463 clean_ce=0.3837954103946686 clean_ce_term=0.011034118011593819 consistency_term=0.0005124018643982708 consistency_weight=0.5 js_raw=0.10248037427663803 lr=0.09720775779998915 nat_kd=0.009383173659443855 pcgrad_conflicts=0 push=0.0054115899838507175 push_term=0.00027057950501330197 student_updates=1 teacher_ce=0.4872274249792099 teacher_lr=5.5523151345877925e-05 teacher_margin=2.3474037647247314 teacher_margin_term=0.00762906251475215 teacher_updates=1 temp_adv=1.2109999999999768 temp_nat=2.579999999999826 temperature_updates=1 total_loss=0.045202095061540604 views=2
2026-09-15 22:49:08.415 | INFO     | __main__:<module>:497 - METHOD_BATCH epoch=166 step=200 adv_kd=0.016453437507152557 awp_gamma=0.002 awp_relative_norm_max=0.0020000003278255463 clean_ce=0.4150835871696472 clean_ce_term=0.011933652684092522 consistency_term=0.0005270637338981032 consistency_weight=0.5 js_raw=0.10541274398565292 lr=0.09720775779998915 nat_kd=0.008312022313475609 pcgrad_conflicts=0 push=0.006077940110117197 push_term=0.00030389701714739203 student_updates=1 teacher_ce=0.37729117274284363 teacher_lr=5.5523151345877925e-05 teacher_margin=2.2197389602661133 teacher_margin_term=0.007214151788502932 teacher_updates=1 temp_adv=1.2069999999999772 temp_nat=2.5839999999998255 temperature_updates=1 total_loss=0.04474422708153725 views=2
2026-09-15 22:53:19.407 | INFO     | __main__:<module>:497 - METHOD_BATCH epoch=166 step=300 adv_kd=0.015704669058322906 awp_gamma=0.002 awp_relative_norm_max=0.0020000003278255463 clean_ce=0.4156796336174011 clean_ce_term=0.011950790882110596 consistency_term=0.0003680850495584309 consistency_weight=0.5 js_raw=0.07361701130867004 lr=0.09720775779998915 nat_kd=0.008062930777668953 pcgrad_conflicts=0 push=0.00559407752007246 push_term=0.000279703876003623 student_updates=1 teacher_ce=0.30382271111011505 teacher_lr=5.5523151345877925e-05 teacher_margin=2.1842997074127197 teacher_margin_term=0.007098974194377661 teacher_updates=1 temp_adv=1.2109999999999768 temp_nat=2.579999999999826 temperature_updates=1 total_loss=0.04346515238285065 views=2
2026-09-15 22:57:04.156 | INFO     | __main__:<module>:875 - TRAIN_EPOCH_RESOURCE epoch=166 seconds=979.8520274758339 peak_allocated_bytes=11589042688
2026-09-15 22:57:04.157 | INFO     | __main__:<module>:482 - METHOD epoch=167 views=2 awp_gamma=0.002 consistency_weight=0.5
2026-09-15 22:57:04.157 | INFO     | __main__:<module>:485 - the 167th epoch 
2026-09-15 22:57:06.619 | INFO     | __main__:<module>:497 - METHOD_BATCH epoch=167 step=0 adv_kd=0.015128367580473423 awp_gamma=0.002 awp_relative_norm_max=0.0020000003278255463 clean_ce=0.3961504101753235 clean_ce_term=0.011636918410658836 consistency_term=0.0004459332558326423 consistency_weight=0.5 js_raw=0.0891866534948349 lr=0.09685165861814751 nat_kd=0.008344843983650208 pcgrad_conflicts=0 push=0.007369132712483406 push_term=0.0003684566472657025 student_updates=1 teacher_ce=0.4866146594285965 teacher_lr=5.489771479919126e-05 teacher_margin=2.109819173812866 teacher_margin_term=0.007120640017092228 teacher_updates=1 temp_adv=1.2119999999999767 temp_nat=2.578999999999826 temperature_updates=1 total_loss=0.04304516315460205 views=2
2026-09-15 23:01:12.121 | INFO     | __main__:<module>:497 - METHOD_BATCH epoch=167 step=100 adv_kd=0.015005631372332573 awp_gamma=0.002 awp_relative_norm_max=0.0020000003278255463 clean_ce=0.418295681476593 clean_ce_term=0.012287436053156853 consistency_term=0.0006287494325079024 consistency_weight=0.5 js_raw=0.1257498860359192 lr=0.09685165861814751 nat_kd=0.008132915012538433 pcgrad_conflicts=0 push=0.005388613324612379 push_term=0.0002694306895136833 student_updates=1 teacher_ce=0.43115945160388947 teacher_lr=5.489771479919126e-05 teacher_margin=2.0873851776123047 teacher_margin_term=0.007044925354421139 teacher_updates=1 temp_adv=1.207999999999977 temp_nat=2.5829999999998257 temperature_updates=1 total_loss=0.04336908832192421 views=2
2026-09-15 23:05:18.510 | INFO     | __main__:<module>:497 - METHOD_BATCH epoch=167 step=200 adv_kd=0.01716814748942852 awp_gamma=0.002 awp_relative_norm_max=0.0020000003278255463 clean_ce=0.4112164378166199 clean_ce_term=0.012079482898116112 consistency_term=0.0005378760397434235 consistency_weight=0.5 js_raw=0.10757521539926529 lr=0.09685165861814751 nat_kd=0.00947055034339428 pcgrad_conflicts=0 push=0.0058775655925273895 push_term=0.000293878314550966 student_updates=1 teacher_ce=0.5640947222709656 teacher_lr=5.489771479919126e-05 teacher_margin=2.460785388946533 teacher_margin_term=0.008305151015520096 teacher_updates=1 temp_adv=1.2119999999999767 temp_nat=2.578999999999826 temperature_updates=1 total_loss=0.047855082899332047 views=2
2026-09-15 23:09:23.154 | INFO     | __main__:<module>:497 - METHOD_BATCH epoch=167 step=300 adv_kd=0.015915416181087494 awp_gamma=0.002 awp_relative_norm_max=0.0020000003278255463 clean_ce=0.43527457118034363 clean_ce_term=0.012786190956830978 consistency_term=0.0004363750631455332 consistency_weight=0.5 js_raw=0.08727501332759857 lr=0.09685165861814751 nat_kd=0.008498783223330975 pcgrad_conflicts=0 push=0.005032503977417946 push_term=0.0002516251988708973 student_updates=1 teacher_ce=0.4105524718761444 teacher_lr=5.489771479919126e-05 teacher_margin=2.1848645210266113 teacher_margin_term=0.00737391784787178 teacher_updates=1 temp_adv=1.2099999999999769 temp_nat=2.580999999999826 temperature_updates=1 total_loss=0.04526231065392494 views=2
2026-09-15 23:13:03.607 | INFO     | __main__:<module>:875 - TRAIN_EPOCH_RESOURCE epoch=167 seconds=959.4503037445247 peak_allocated_bytes=11589042688
2026-09-15 23:13:03.608 | INFO     | __main__:<module>:482 - METHOD epoch=168 views=2 awp_gamma=0.002 consistency_weight=0.5
2026-09-15 23:13:03.608 | INFO     | __main__:<module>:485 - the 168th epoch 
2026-09-15 23:13:06.140 | INFO     | __main__:<module>:497 - METHOD_BATCH epoch=168 step=0 adv_kd=0.014271284453570843 awp_gamma=0.002 awp_relative_norm_max=0.0020000003278255463 clean_ce=0.4156333804130554 clean_ce_term=0.012469001114368439 consistency_term=0.0004809957754332572 consistency_weight=0.5 js_raw=0.0961991548538208 lr=0.0964749309040623 nat_kd=0.00835159420967102 pcgrad_conflicts=0 push=0.005072318017482758 push_term=0.0002536159008741379 student_updates=1 teacher_ce=0.4098474383354187 teacher_lr=5.427151678937617e-05 teacher_margin=1.9666954278945923 teacher_margin_term=0.006883434019982815 teacher_updates=1 temp_adv=1.2129999999999765 temp_nat=2.577999999999826 temperature_updates=1 total_loss=0.04270992428064346 views=2
2026-09-15 23:17:13.542 | INFO     | __main__:<module>:497 - METHOD_BATCH epoch=168 step=100 adv_kd=0.01693817973136902 awp_gamma=0.002 awp_relative_norm_max=0.0020000003278255463 clean_ce=0.42956438660621643 clean_ce_term=0.01288693118840456 consistency_term=0.0005154476384632289 consistency_weight=0.5 js_raw=0.10308952629566193 lr=0.0964749309040623 nat_kd=0.009444808587431908 pcgrad_conflicts=0 push=0.00413845619186759 push_term=0.00020692280668299645 student_updates=1 teacher_ce=0.36152343451976776 teacher_lr=5.427151678937617e-05 teacher_margin=2.365126371383667 teacher_margin_term=0.00827794335782528 teacher_updates=1 temp_adv=1.208999999999977 temp_nat=2.5819999999998258 temperature_updates=1 total_loss=0.04827023297548294 views=2
2026-09-15 23:21:20.693 | INFO     | __main__:<module>:497 - METHOD_BATCH epoch=168 step=200 adv_kd=0.015603536739945412 awp_gamma=0.002 awp_relative_norm_max=0.0020000003278255463 clean_ce=0.4217415452003479 clean_ce_term=0.012652246281504631 consistency_term=0.00038528203731402755 consistency_weight=0.5 js_raw=0.0770564079284668 lr=0.0964749309040623 nat_kd=0.008469711057841778 pcgrad_conflicts=0 push=0.006193780340254307 push_term=0.0003096890286542475 student_updates=1 teacher_ce=0.3757131099700928 teacher_lr=5.427151678937617e-05 teacher_margin=2.1868834495544434 teacher_margin_term=0.007654091808944941 teacher_updates=1 temp_adv=1.2149999999999763 temp_nat=2.5759999999998264 temperature_updates=1 total_loss=0.04507455602288246 views=2
2026-09-15 23:25:25.014 | INFO     | __main__:<module>:497 - METHOD_BATCH epoch=168 step=300 adv_kd=0.017118696123361588 awp_gamma=0.002 awp_relative_norm_max=0.0020000003278255463 clean_ce=0.4517851173877716 clean_ce_term=0.013553553260862827 consistency_term=0.0005339549970813096 consistency_weight=0.5 js_raw=0.10679100453853607 lr=0.0964749309040623 nat_kd=0.009127549827098846 pcgrad_conflicts=0 push=0.006053949240595102 push_term=0.0003026974736712873 student_updates=1 teacher_ce=0.36680570244789124 teacher_lr=5.427151678937617e-05 teacher_margin=2.388817310333252 teacher_margin_term=0.008360860869288445 teacher_updates=1 temp_adv=1.2149999999999763 temp_nat=2.5759999999998264 temperature_updates=1 total_loss=0.04899730905890465 views=2
2026-09-15 23:29:06.148 | INFO     | __main__:<module>:875 - TRAIN_EPOCH_RESOURCE epoch=168 seconds=962.5404983088374 peak_allocated_bytes=11589042688
2026-09-15 23:29:06.149 | INFO     | __main__:<module>:482 - METHOD epoch=169 views=2 awp_gamma=0.002 consistency_weight=0.5
2026-09-15 23:29:06.149 | INFO     | __main__:<module>:485 - the 169th epoch 
2026-09-15 23:29:08.617 | INFO     | __main__:<module>:497 - METHOD_BATCH epoch=169 step=0 adv_kd=0.015317380428314209 awp_gamma=0.002 awp_relative_norm_max=0.0020000003278255463 clean_ce=0.4488067030906677 clean_ce_term=0.01374470628798008 consistency_term=0.0005865966086275876 consistency_weight=0.5 js_raw=0.11731932312250137 lr=0.09607774120291135 nat_kd=0.009576118551194668 pcgrad_conflicts=0 push=0.005213488824665546 push_term=0.0002606744528748095 student_updates=1 teacher_ce=0.48125694692134857 teacher_lr=5.3644656558359475e-05 teacher_margin=2.170003890991211 teacher_margin_term=0.007866263389587402 teacher_updates=1 temp_adv=1.2059999999999773 temp_nat=2.5849999999998254 temperature_updates=1 total_loss=0.047351736575365067 views=2
2026-09-15 23:33:17.063 | INFO     | __main__:<module>:497 - METHOD_BATCH epoch=169 step=100 adv_kd=0.016377810388803482 awp_gamma=0.002 awp_relative_norm_max=0.0020000003278255463 clean_ce=0.41307464241981506 clean_ce_term=0.012650411576032639 consistency_term=0.0005651221727021039 consistency_weight=0.5 js_raw=0.11302443593740463 lr=0.09607774120291135 nat_kd=0.008345868438482285 pcgrad_conflicts=0 push=0.005422632209956646 push_term=0.00027113163378089666 student_updates=1 teacher_ce=0.3252485394477844 teacher_lr=5.3644656558359475e-05 teacher_margin=2.179196357727051 teacher_margin_term=0.007899586111307144 teacher_updates=1 temp_adv=1.2139999999999764 temp_nat=2.5769999999998263 temperature_updates=1 total_loss=0.04610992968082428 views=2
2026-09-15 23:37:24.259 | INFO     | __main__:<module>:497 - METHOD_BATCH epoch=169 step=200 adv_kd=0.015821531414985657 awp_gamma=0.002 awp_relative_norm_max=0.0020000003278255463 clean_ce=0.39162880182266235 clean_ce_term=0.011993632651865482 consistency_term=0.00043446445488370955 consistency_weight=0.5 js_raw=0.08689289540052414 lr=0.09607774120291135 nat_kd=0.008673641830682755 pcgrad_conflicts=0 push=0.004885075613856316 push_term=0.0002442537806928158 student_updates=1 teacher_ce=0.38305944204330444 teacher_lr=5.3644656558359475e-05 teacher_margin=2.1270549297332764 teacher_margin_term=0.007710574194788933 teacher_updates=1 temp_adv=1.2139999999999764 temp_nat=2.5769999999998263 temperature_updates=1 total_loss=0.04487810283899307 views=2
2026-09-15 23:41:28.046 | INFO     | __main__:<module>:497 - METHOD_BATCH epoch=169 step=300 adv_kd=0.015737678855657578 awp_gamma=0.002 awp_relative_norm_max=0.0020000003278255463 clean_ce=0.3945884108543396 clean_ce_term=0.012084269896149635 consistency_term=0.0003859490097966045 consistency_weight=0.5 js_raw=0.07718980312347412 lr=0.09607774120291135 nat_kd=0.008425479754805565 pcgrad_conflicts=0 push=0.00626023393124342 push_term=0.00031301172566600144 student_updates=1 teacher_ce=0.4406699389219284 teacher_lr=5.3644656558359475e-05 teacher_margin=2.2560958862304688 teacher_margin_term=0.008178346790373325 teacher_updates=1 temp_adv=1.2219999999999756 temp_nat=2.568999999999827 temperature_updates=1 total_loss=0.045124731957912445 views=2
2026-09-15 23:45:09.259 | INFO     | __main__:<module>:875 - TRAIN_EPOCH_RESOURCE epoch=169 seconds=963.1098395287991 peak_allocated_bytes=11589042688
2026-09-15 23:45:09.259 | INFO     | __main__:<module>:482 - METHOD epoch=170 views=2 awp_gamma=0.002 consistency_weight=0.5
2026-09-15 23:45:09.259 | INFO     | __main__:<module>:485 - the 170th epoch 
2026-09-15 23:45:11.714 | INFO     | __main__:<module>:497 - METHOD_BATCH epoch=170 step=0 adv_kd=0.016632772982120514 awp_gamma=0.002 awp_relative_norm_max=0.0020000003278255463 clean_ce=0.41897323727607727 clean_ce_term=0.013092913664877415 consistency_term=0.0004133951442781836 consistency_weight=0.5 js_raw=0.08267903327941895 lr=0.09566026510102077 nat_kd=0.008744057267904282 pcgrad_conflicts=0 push=0.00652468204498291 push_term=0.0003262340906076133 student_updates=1 teacher_ce=0.35480254888534546 teacher_lr=5.301723344371193e-05 teacher_margin=2.2841415405273438 teacher_margin_term=0.008565531112253666 teacher_updates=1 temp_adv=1.2129999999999765 temp_nat=2.577999999999826 temperature_updates=1 total_loss=0.04777490347623825 views=2
2026-09-15 23:49:16.292 | INFO     | __main__:<module>:497 - METHOD_BATCH epoch=170 step=100 adv_kd=0.015845920890569687 awp_gamma=0.002 awp_relative_norm_max=0.0020000003278255463 clean_ce=0.39425206184387207 clean_ce_term=0.012320376932621002 consistency_term=0.0005481172120198607 consistency_weight=0.5 js_raw=0.10962343961000443 lr=0.09566026510102077 nat_kd=0.007704268675297499 pcgrad_conflicts=0 push=0.005988924764096737 push_term=0.00029944622656330466 student_updates=1 teacher_ce=0.3872770518064499 teacher_lr=5.301723344371193e-05 teacher_margin=2.1655383110046387 teacher_margin_term=0.008120767772197723 teacher_updates=1 temp_adv=1.2189999999999759 temp_nat=2.571999999999827 temperature_updates=1 total_loss=0.04483889788389206 views=2
2026-09-15 23:53:20.563 | INFO     | __main__:<module>:497 - METHOD_BATCH epoch=170 step=200 adv_kd=0.015662850812077522 awp_gamma=0.002 awp_relative_norm_max=0.0020000003278255463 clean_ce=0.4171709418296814 clean_ce_term=0.013036591932177544 consistency_term=0.000499611021950841 consistency_weight=0.5 js_raw=0.09992220997810364 lr=0.09566026510102077 nat_kd=0.008368005976080894 pcgrad_conflicts=0 push=0.0050614806823432446 push_term=0.0002530740457586944 student_updates=1 teacher_ce=0.3489242345094681 teacher_lr=5.301723344371193e-05 teacher_margin=2.1851820945739746 teacher_margin_term=0.008194433525204659 teacher_updates=1 temp_adv=1.2229999999999754 temp_nat=2.5679999999998273 temperature_updates=1 total_loss=0.04601456597447395 views=2
2026-09-15 23:57:22.541 | INFO     | __main__:<module>:497 - METHOD_BATCH epoch=170 step=300 adv_kd=0.015598592348396778 awp_gamma=0.002 awp_relative_norm_max=0.0020000003278255463 clean_ce=0.4144171476364136 clean_ce_term=0.012950535863637924 consistency_term=0.0004945274558849633 consistency_weight=0.5 js_raw=0.09890548884868622 lr=0.09566026510102077 nat_kd=0.008716301992535591 pcgrad_conflicts=0 push=0.005699281580746174 push_term=0.00028496410232037306 student_updates=1 teacher_ce=0.4258248805999756 teacher_lr=5.301723344371193e-05 teacher_margin=2.1939902305603027 teacher_margin_term=0.008227463811635971 teacher_updates=1 temp_adv=1.2249999999999752 temp_nat=2.5659999999998275 temperature_updates=1 total_loss=0.046272385865449905 views=2
2026-09-16 00:01:03.853 | INFO     | __main__:<module>:875 - TRAIN_EPOCH_RESOURCE epoch=170 seconds=954.5940939821303 peak_allocated_bytes=11589042688
2026-09-16 00:02:03.344 | INFO     | __main__:<module>:934 - student robust acc 0.2973, teacher robust acc 0.4792, nat teacher robust acc 0.3347
2026-09-16 00:02:24.777 | INFO     | __main__:<module>:1007 - best accuracy:0.4734
2026-09-16 00:02:24.778 | INFO     | __main__:<module>:1010 - student natural acc 0.6495, adv teacher natural acc 0.6155, nat teacher natural acc 0.7650
2026-09-16 00:02:24.911 | INFO     | __main__:<module>:482 - METHOD epoch=171 views=2 awp_gamma=0.002 consistency_weight=0.5
2026-09-16 00:02:24.912 | INFO     | __main__:<module>:485 - the 171th epoch 
2026-09-16 00:02:27.496 | INFO     | __main__:<module>:497 - METHOD_BATCH epoch=171 step=0 adv_kd=0.01501719281077385 awp_gamma=0.002 awp_relative_norm_max=0.0020000003278255463 clean_ce=0.39109286665916443 clean_ce_term=0.012466084212064743 consistency_term=0.0005572807276621461 consistency_weight=0.5 js_raw=0.11145614832639694 lr=0.09522268714746318 nat_kd=0.009114133194088936 pcgrad_conflicts=0 push=0.008053351193666458 push_term=0.0004026675596833229 student_updates=1 teacher_ce=0.47983933985233307 teacher_lr=5.2389346862733105e-05 teacher_margin=2.2315738201141357 teacher_margin_term=0.00864734873175621 teacher_updates=1 temp_adv=1.2139999999999764 temp_nat=2.5769999999998263 temperature_updates=1 total_loss=0.04620470851659775 views=2
2026-09-16 00:06:35.933 | INFO     | __main__:<module>:497 - METHOD_BATCH epoch=171 step=100 adv_kd=0.014842096716165543 awp_gamma=0.002 awp_relative_norm_max=0.0020000003278255463 clean_ce=0.40759843587875366 clean_ce_term=0.012992199510335922 consistency_term=0.0004789746308233589 consistency_weight=0.5 js_raw=0.0957949310541153 lr=0.09522268714746318 nat_kd=0.008875846862792969 pcgrad_conflicts=0 push=0.005042087286710739 push_term=0.00025210436433553696 student_updates=1 teacher_ce=0.40037664771080017 teacher_lr=5.2389346862733105e-05 teacher_margin=2.136733055114746 teacher_margin_term=0.008279839530587196 teacher_updates=1 temp_adv=1.2239999999999753 temp_nat=2.5669999999998274 temperature_updates=1 total_loss=0.045721061527729034 views=2
2026-09-16 00:10:45.089 | INFO     | __main__:<module>:497 - METHOD_BATCH epoch=171 step=200 adv_kd=0.015387969091534615 awp_gamma=0.002 awp_relative_norm_max=0.0020000003278255463 clean_ce=0.41473960876464844 clean_ce_term=0.013219824060797691 consistency_term=0.00039901278796605766 consistency_weight=0.5 js_raw=0.07980255782604218 lr=0.09522268714746318 nat_kd=0.009266939014196396 pcgrad_conflicts=0 push=0.005713501013815403 push_term=0.00028567505069077015 student_updates=1 teacher_ce=0.4522034078836441 teacher_lr=5.2389346862733105e-05 teacher_margin=2.2701680660247803 teacher_margin_term=0.008796900510787964 teacher_updates=1 temp_adv=1.217999999999976 temp_nat=2.5729999999998268 temperature_updates=1 total_loss=0.047356318682432175 views=2
2026-09-16 00:14:58.427 | INFO     | __main__:<module>:497 - METHOD_BATCH epoch=171 step=300 adv_kd=0.014667239040136337 awp_gamma=0.002 awp_relative_norm_max=0.0020000003278255463 clean_ce=0.4243699610233307 clean_ce_term=0.013526792638003826 consistency_term=0.0004912977456115186 consistency_weight=0.5 js_raw=0.09825955331325531 lr=0.09522268714746318 nat_kd=0.00862681120634079 pcgrad_conflicts=0 push=0.005534232594072819 push_term=0.0002767116529867053 student_updates=1 teacher_ce=0.47998127341270447 teacher_lr=5.2389346862733105e-05 teacher_margin=1.9879916906356812 teacher_margin_term=0.007703467272222042 teacher_updates=1 temp_adv=1.2159999999999762 temp_nat=2.5749999999998265 temperature_updates=1 total_loss=0.04529232159256935 views=2
2026-09-16 00:18:49.004 | INFO     | __main__:<module>:875 - TRAIN_EPOCH_RESOURCE epoch=171 seconds=984.0925355143845 peak_allocated_bytes=11589042688
2026-09-16 00:18:49.004 | INFO     | __main__:<module>:482 - METHOD epoch=172 views=2 awp_gamma=0.002 consistency_weight=0.5
2026-09-16 00:18:49.005 | INFO     | __main__:<module>:485 - the 172th epoch 
2026-09-16 00:18:51.587 | INFO     | __main__:<module>:497 - METHOD_BATCH epoch=172 step=0 adv_kd=0.017194535583257675 awp_gamma=0.002 awp_relative_norm_max=0.0020000003278255463 clean_ce=0.3994452953338623 clean_ce_term=0.012981971725821495 consistency_term=0.0005626010824926198 consistency_weight=0.5 js_raw=0.11252021789550781 lr=0.09476520077165564 nat_kd=0.009229989722371101 pcgrad_conflicts=0 push=0.0066362591460347176 push_term=0.0003318129456602037 student_updates=1 teacher_ce=0.4393172711133957 teacher_lr=5.1761096296524575e-05 teacher_margin=2.4999592304229736 teacher_margin_term=0.009999837726354599 teacher_updates=1 temp_adv=1.2149999999999763 temp_nat=2.5759999999998264 temperature_updates=1 total_loss=0.05030074715614319 views=2
2026-09-16 00:23:07.232 | INFO     | __main__:<module>:497 - METHOD_BATCH epoch=172 step=100 adv_kd=0.016034916043281555 awp_gamma=0.002 awp_relative_norm_max=0.0020000003278255463 clean_ce=0.38850677013397217 clean_ce_term=0.012626469135284424 consistency_term=0.0007316589471884072 consistency_weight=0.5 js_raw=0.146331787109375 lr=0.09476520077165564 nat_kd=0.009075069800019264 pcgrad_conflicts=0 push=0.0066601368598639965 push_term=0.0003330068429931998 student_updates=1 teacher_ce=0.46033744513988495 teacher_lr=5.1761096296524575e-05 teacher_margin=2.4068989753723145 teacher_margin_term=0.009627596475183964 teacher_updates=1 temp_adv=1.2149999999999763 temp_nat=2.5759999999998264 temperature_updates=1 total_loss=0.048428718000650406 views=2
2026-09-16 00:27:28.133 | INFO     | __main__:<module>:497 - METHOD_BATCH epoch=172 step=200 adv_kd=0.015628725290298462 awp_gamma=0.002 awp_relative_norm_max=0.0020000003278255463 clean_ce=0.42647990584373474 clean_ce_term=0.013860596343874931 consistency_term=0.00047270447248592973 consistency_weight=0.5 js_raw=0.09454089403152466 lr=0.09476520077165564 nat_kd=0.007703086361289024 pcgrad_conflicts=0 push=0.0045682769268751144 push_term=0.00022841386089567095 student_updates=1 teacher_ce=0.3342910259962082 teacher_lr=5.1761096296524575e-05 teacher_margin=2.071582078933716 teacher_margin_term=0.008286328986287117 teacher_updates=1 temp_adv=1.2209999999999757 temp_nat=2.569999999999827 temperature_updates=1 total_loss=0.04617985710501671 views=2
2026-09-16 00:31:42.924 | INFO     | __main__:<module>:497 - METHOD_BATCH epoch=172 step=300 adv_kd=0.01411449909210205 awp_gamma=0.002 awp_relative_norm_max=0.0020000003278255463 clean_ce=0.4411170184612274 clean_ce_term=0.014336302876472473 consistency_term=0.0004030353738926351 consistency_weight=0.5 js_raw=0.08060707896947861 lr=0.09476520077165564 nat_kd=0.008753202855587006 pcgrad_conflicts=0 push=0.0044297995045781136 push_term=0.00022148998687043786 student_updates=1 teacher_ce=0.3918752670288086 teacher_lr=5.1761096296524575e-05 teacher_margin=1.9129701852798462 teacher_margin_term=0.007651881314814091 teacher_updates=1 temp_adv=1.216999999999976 temp_nat=2.5739999999998266 temperature_updates=1 total_loss=0.04548041149973869 views=2
2026-09-16 00:35:30.253 | INFO     | __main__:<module>:875 - TRAIN_EPOCH_RESOURCE epoch=172 seconds=1001.2478790692985 peak_allocated_bytes=11589042688
2026-09-16 00:35:30.253 | INFO     | __main__:<module>:482 - METHOD epoch=173 views=2 awp_gamma=0.002 consistency_weight=0.5
2026-09-16 00:35:30.253 | INFO     | __main__:<module>:485 - the 173th epoch 
2026-09-16 00:35:32.818 | INFO     | __main__:<module>:497 - METHOD_BATCH epoch=173 step=0 adv_kd=0.01567290537059307 awp_gamma=0.002 awp_relative_norm_max=0.0020000003278255463 clean_ce=0.4083182215690613 clean_ce_term=0.013525540009140968 consistency_term=0.0005140189896337688 consistency_weight=0.5 js_raw=0.1028037965297699 lr=0.09428800819699468 nat_kd=0.008062213659286499 pcgrad_conflicts=0 push=0.005719946697354317 push_term=0.000285997346509248 student_updates=1 teacher_ce=0.36525510251522064 teacher_lr=5.1132581274054204e-05 teacher_margin=2.182774305343628 teacher_margin_term=0.00900394469499588 teacher_updates=1 temp_adv=1.2159999999999762 temp_nat=2.5749999999998265 temperature_updates=1 total_loss=0.04706462100148201 views=2
2026-09-16 00:39:48.979 | INFO     | __main__:<module>:497 - METHOD_BATCH epoch=173 step=100 adv_kd=0.015817884355783463 awp_gamma=0.002 awp_relative_norm_max=0.0020000003278255463 clean_ce=0.4012894034385681 clean_ce_term=0.013292711228132248 consistency_term=0.0005008032312616706 consistency_weight=0.5 js_raw=0.1001606434583664 lr=0.09428800819699468 nat_kd=0.008547881618142128 pcgrad_conflicts=0 push=0.0056197913363575935 push_term=0.0002809895668178797 student_updates=1 teacher_ce=0.39053867757320404 teacher_lr=5.1132581274054204e-05 teacher_margin=2.1078968048095703 teacher_margin_term=0.008695073425769806 teacher_updates=1 temp_adv=1.2119999999999767 temp_nat=2.578999999999826 temperature_updates=1 total_loss=0.04713534191250801 views=2
2026-09-16 00:44:06.088 | INFO     | __main__:<module>:497 - METHOD_BATCH epoch=173 step=200 adv_kd=0.014659052714705467 awp_gamma=0.002 awp_relative_norm_max=0.0020000003278255463 clean_ce=0.42672455310821533 clean_ce_term=0.014135250821709633 consistency_term=0.0005507668829523027 consistency_weight=0.5 js_raw=0.11015337705612183 lr=0.09428800819699468 nat_kd=0.008299341425299644 pcgrad_conflicts=0 push=0.006186968646943569 push_term=0.0003093484556302428 student_updates=1 teacher_ce=0.4058326184749603 teacher_lr=5.1132581274054204e-05 teacher_margin=2.0495219230651855 teacher_margin_term=0.008454278111457825 teacher_updates=1 temp_adv=1.2239999999999753 temp_nat=2.5669999999998274 temperature_updates=1 total_loss=0.0464080348610878 views=2
2026-09-16 00:48:21.350 | INFO     | __main__:<module>:497 - METHOD_BATCH epoch=173 step=300 adv_kd=0.014879719354212284 awp_gamma=0.002 awp_relative_norm_max=0.0020000003278255463 clean_ce=0.3856770396232605 clean_ce_term=0.012775551527738571 consistency_term=0.00044120787060819566 consistency_weight=0.5 js_raw=0.0882415771484375 lr=0.09428800819699468 nat_kd=0.008216965943574905 pcgrad_conflicts=0 push=0.005924428813159466 push_term=0.00029622146394103765 student_updates=1 teacher_ce=0.4438539743423462 teacher_lr=5.1132581274054204e-05 teacher_margin=2.2106800079345703 teacher_margin_term=0.009119054302573204 teacher_updates=1 temp_adv=1.2199999999999758 temp_nat=2.570999999999827 temperature_updates=1 total_loss=0.04572872072458267 views=2
2026-09-16 00:52:03.749 | INFO     | __main__:<module>:875 - TRAIN_EPOCH_RESOURCE epoch=173 seconds=993.4962198622525 peak_allocated_bytes=11589042688
2026-09-16 00:52:03.750 | INFO     | __main__:<module>:482 - METHOD epoch=174 views=2 awp_gamma=0.002 consistency_weight=0.5
2026-09-16 00:52:03.750 | INFO     | __main__:<module>:485 - the 174th epoch 
2026-09-16 00:52:06.261 | INFO     | __main__:<module>:497 - METHOD_BATCH epoch=174 step=0 adv_kd=0.01471746526658535 awp_gamma=0.002 awp_relative_norm_max=0.0020000003278255463 clean_ce=0.41209155321121216 clean_ce_term=0.013908090069890022 consistency_term=0.00044737657299265265 consistency_weight=0.5 js_raw=0.08947531878948212 lr=0.09379132035056717 nat_kd=0.007243333384394646 pcgrad_conflicts=0 push=0.00596806313842535 push_term=0.0002984031743835658 student_updates=1 teacher_ce=0.39609281718730927 teacher_lr=5.0503901356213796e-05 teacher_margin=2.0410537719726562 teacher_margin_term=0.00867447815835476 teacher_updates=1 temp_adv=1.216999999999976 temp_nat=2.5739999999998266 temperature_updates=1 total_loss=0.04528914764523506 views=2
2026-09-16 00:56:14.355 | INFO     | __main__:<module>:497 - METHOD_BATCH epoch=174 step=100 adv_kd=0.01658644527196884 awp_gamma=0.002 awp_relative_norm_max=0.0020000003278255463 clean_ce=0.4083150327205658 clean_ce_term=0.013780632987618446 consistency_term=0.0004355378623586148 consistency_weight=0.5 js_raw=0.0871075764298439 lr=0.09379132035056717 nat_kd=0.008005877956748009 pcgrad_conflicts=0 push=0.006470460910350084 push_term=0.0003235230688005686 student_updates=1 teacher_ce=0.42095956206321716 teacher_lr=5.0503901356213796e-05 teacher_margin=2.2435550689697266 teacher_margin_term=0.009535109624266624 teacher_updates=1 temp_adv=1.2189999999999759 temp_nat=2.571999999999827 temperature_updates=1 total_loss=0.04866712540388107 views=2
2026-09-16 01:00:21.619 | INFO     | __main__:<module>:497 - METHOD_BATCH epoch=174 step=200 adv_kd=0.016273414716124535 awp_gamma=0.002 awp_relative_norm_max=0.0020000003278255463 clean_ce=0.42112669348716736 clean_ce_term=0.014213026501238346 consistency_term=0.0005833029863424599 consistency_weight=0.5 js_raw=0.11666059494018555 lr=0.09379132035056717 nat_kd=0.00953262485563755 pcgrad_conflicts=0 push=0.006592458114027977 push_term=0.00032962291152216494 student_updates=1 teacher_ce=0.45065736770629883 teacher_lr=5.0503901356213796e-05 teacher_margin=2.3355464935302734 teacher_margin_term=0.009926073253154755 teacher_updates=1 temp_adv=1.2129999999999765 temp_nat=2.577999999999826 temperature_updates=1 total_loss=0.050858065485954285 views=2
2026-09-16 01:04:27.522 | INFO     | __main__:<module>:497 - METHOD_BATCH epoch=174 step=300 adv_kd=0.01560988835990429 awp_gamma=0.002 awp_relative_norm_max=0.0020000003278255463 clean_ce=0.42193424701690674 clean_ce_term=0.014240281656384468 consistency_term=0.000480377406347543 consistency_weight=0.5 js_raw=0.09607548266649246 lr=0.09379132035056717 nat_kd=0.0086980564519763 pcgrad_conflicts=0 push=0.007036506198346615 push_term=0.0003518253215588629 student_updates=1 teacher_ce=0.43547649681568146 teacher_lr=5.0503901356213796e-05 teacher_margin=2.126586437225342 teacher_margin_term=0.009037991985678673 teacher_updates=1 temp_adv=1.208999999999977 temp_nat=2.5819999999998258 temperature_updates=1 total_loss=0.04841841757297516 views=2
2026-09-16 01:08:10.420 | INFO     | __main__:<module>:875 - TRAIN_EPOCH_RESOURCE epoch=174 seconds=966.6703379675746 peak_allocated_bytes=11589042688
2026-09-16 01:08:10.420 | INFO     | __main__:<module>:482 - METHOD epoch=175 views=2 awp_gamma=0.002 consistency_weight=0.5
2026-09-16 01:08:10.420 | INFO     | __main__:<module>:485 - the 175th epoch 
2026-09-16 01:08:12.896 | INFO     | __main__:<module>:497 - METHOD_BATCH epoch=175 step=0 adv_kd=0.01485458854585886 awp_gamma=0.002 awp_relative_norm_max=0.0020000003278255463 clean_ce=0.4179280400276184 clean_ce_term=0.014366276562213898 consistency_term=0.000526648829691112 consistency_weight=0.5 js_raw=0.10532976686954498 lr=0.09327535676897769 nat_kd=0.008076323196291924 pcgrad_conflicts=0 push=0.005433715879917145 push_term=0.00027168579981662333 student_updates=1 teacher_ce=0.35498884320259094 teacher_lr=4.9875156119873e-05 teacher_margin=2.017977237701416 teacher_margin_term=0.00882865022867918 teacher_updates=1 temp_adv=1.2159999999999762 temp_nat=2.5749999999998265 temperature_updates=1 total_loss=0.0469241701066494 views=2
2026-09-16 01:12:20.855 | INFO     | __main__:<module>:497 - METHOD_BATCH epoch=175 step=100 adv_kd=0.015863273292779922 awp_gamma=0.002 awp_relative_norm_max=0.0020000003278255463 clean_ce=0.39187943935394287 clean_ce_term=0.013470856472849846 consistency_term=0.000502134847920388 consistency_weight=0.5 js_raw=0.10042697191238403 lr=0.09327535676897769 nat_kd=0.007827138528227806 pcgrad_conflicts=0 push=0.005954880267381668 push_term=0.0002977440017275512 student_updates=1 teacher_ce=0.3170413225889206 teacher_lr=4.9875156119873e-05 teacher_margin=2.1982498168945312 teacher_margin_term=0.009617341682314873 teacher_updates=1 temp_adv=1.2219999999999756 temp_nat=2.568999999999827 temperature_updates=1 total_loss=0.047578487545251846 views=2
2026-09-16 01:16:26.442 | INFO     | __main__:<module>:497 - METHOD_BATCH epoch=175 step=200 adv_kd=0.01631602644920349 awp_gamma=0.002 awp_relative_norm_max=0.0020000003278255463 clean_ce=0.399308443069458 clean_ce_term=0.013726228848099709 consistency_term=0.0004493939341045916 consistency_weight=0.5 js_raw=0.08987879008054733 lr=0.09327535676897769 nat_kd=0.008905775845050812 pcgrad_conflicts=0 push=0.005080617032945156 push_term=0.00025403086328879 student_updates=1 teacher_ce=0.36276447772979736 teacher_lr=4.9875156119873e-05 teacher_margin=2.352818727493286 teacher_margin_term=0.010293582454323769 teacher_updates=1 temp_adv=1.217999999999976 temp_nat=2.5729999999998268 temperature_updates=1 total_loss=0.04994503781199455 views=2
2026-09-16 01:20:37.248 | INFO     | __main__:<module>:497 - METHOD_BATCH epoch=175 step=300 adv_kd=0.015484387055039406 awp_gamma=0.002 awp_relative_norm_max=0.0020000003278255463 clean_ce=0.42254939675331116 clean_ce_term=0.014525135979056358 consistency_term=0.00040061070467345417 consistency_weight=0.5 js_raw=0.08012214303016663 lr=0.09327535676897769 nat_kd=0.008413036353886127 pcgrad_conflicts=0 push=0.006057837512344122 push_term=0.0003028918872587383 student_updates=1 teacher_ce=0.37857910990715027 teacher_lr=4.9875156119873e-05 teacher_margin=2.148460865020752 teacher_margin_term=0.009399516507983208 teacher_updates=1 temp_adv=1.2219999999999756 temp_nat=2.568999999999827 temperature_updates=1 total_loss=0.048525579273700714 views=2
2026-09-16 01:24:22.771 | INFO     | __main__:<module>:875 - TRAIN_EPOCH_RESOURCE epoch=175 seconds=972.3499880880117 peak_allocated_bytes=11589042688
2026-09-16 01:24:22.771 | INFO     | __main__:<module>:482 - METHOD epoch=176 views=2 awp_gamma=0.002 consistency_weight=0.5
2026-09-16 01:24:22.771 | INFO     | __main__:<module>:485 - the 176th epoch 
2026-09-16 01:24:25.281 | INFO     | __main__:<module>:497 - METHOD_BATCH epoch=176 step=0 adv_kd=0.014698771759867668 awp_gamma=0.002 awp_relative_norm_max=0.0020000003278255463 clean_ce=0.4045787751674652 clean_ce_term=0.014160256832838058 consistency_term=0.00042234500870108604 consistency_weight=0.5 js_raw=0.08446900546550751 lr=0.09274034550033461 nat_kd=0.00863504596054554 pcgrad_conflicts=0 push=0.005947845987975597 push_term=0.00029739231104031205 student_updates=1 teacher_ce=0.4432268738746643 teacher_lr=4.924644514193185e-05 teacher_margin=2.1441469192504883 teacher_margin_term=0.009648661129176617 teacher_updates=1 temp_adv=1.216999999999976 temp_nat=2.5739999999998266 temperature_updates=1 total_loss=0.047862470149993896 views=2
2026-09-16 01:28:34.095 | INFO     | __main__:<module>:497 - METHOD_BATCH epoch=176 step=100 adv_kd=0.01598421484231949 awp_gamma=0.002 awp_relative_norm_max=0.0020000003278255463 clean_ce=0.3913973867893219 clean_ce_term=0.013698908500373363 consistency_term=0.0005182521417737007 consistency_weight=0.5 js_raw=0.10365043580532074 lr=0.09274034550033461 nat_kd=0.009532743133604527 pcgrad_conflicts=0 push=0.005989743396639824 push_term=0.0002994871756527573 student_updates=1 teacher_ce=0.39777912199497223 teacher_lr=4.924644514193185e-05 teacher_margin=2.269665241241455 teacher_margin_term=0.010213492438197136 teacher_updates=1 temp_adv=1.2189999999999759 temp_nat=2.571999999999827 temperature_updates=1 total_loss=0.05024709925055504 views=2
2026-09-16 01:32:43.028 | INFO     | __main__:<module>:497 - METHOD_BATCH epoch=176 step=200 adv_kd=0.017645951360464096 awp_gamma=0.002 awp_relative_norm_max=0.0020000003278255463 clean_ce=0.43293383717536926 clean_ce_term=0.015152684412896633 consistency_term=0.0005160920554772019 consistency_weight=0.5 js_raw=0.10321841388940811 lr=0.09274034550033461 nat_kd=0.008877039887011051 pcgrad_conflicts=0 push=0.007321962155401707 push_term=0.00036609810194931924 student_updates=1 teacher_ce=0.30926308035850525 teacher_lr=4.924644514193185e-05 teacher_margin=2.383756399154663 teacher_margin_term=0.010726903565227985 teacher_updates=1 temp_adv=1.2229999999999754 temp_nat=2.5679999999998273 temperature_updates=1 total_loss=0.053284768015146255 views=2
2026-09-16 01:37:01.203 | INFO     | __main__:<module>:497 - METHOD_BATCH epoch=176 step=300 adv_kd=0.01691693440079689 awp_gamma=0.002 awp_relative_norm_max=0.0020000003278255463 clean_ce=0.42059075832366943 clean_ce_term=0.014720677398145199 consistency_term=0.000440205360064283 consistency_weight=0.5 js_raw=0.08804107457399368 lr=0.09274034550033461 nat_kd=0.009307365864515305 pcgrad_conflicts=0 push=0.004671832546591759 push_term=0.00023359162150882185 student_updates=1 teacher_ce=0.29574882984161377 teacher_lr=4.924644514193185e-05 teacher_margin=2.2777764797210693 teacher_margin_term=0.01024999376386404 teacher_updates=1 temp_adv=1.2189999999999759 temp_nat=2.571999999999827 temperature_updates=1 total_loss=0.05186877027153969 views=2
2026-09-16 01:40:52.581 | INFO     | __main__:<module>:875 - TRAIN_EPOCH_RESOURCE epoch=176 seconds=989.8094032555819 peak_allocated_bytes=11589042688
2026-09-16 01:40:52.581 | INFO     | __main__:<module>:482 - METHOD epoch=177 views=2 awp_gamma=0.002 consistency_weight=0.5
2026-09-16 01:40:52.581 | INFO     | __main__:<module>:485 - the 177th epoch 
2026-09-16 01:40:55.158 | INFO     | __main__:<module>:497 - METHOD_BATCH epoch=177 step=0 adv_kd=0.015872610732913017 awp_gamma=0.002 awp_relative_norm_max=0.0020000003278255463 clean_ce=0.4128009080886841 clean_ce_term=0.01470603235065937 consistency_term=0.0005242539918981493 consistency_weight=0.5 js_raw=0.10485080629587173 lr=0.09218652300243912 nat_kd=0.00950970221310854 pcgrad_conflicts=0 push=0.006349747534841299 push_term=0.0003174874000251293 student_updates=1 teacher_ce=0.5161018073558807 teacher_lr=4.861786798337445e-05 teacher_margin=2.2551357746124268 teacher_margin_term=0.010430002585053444 teacher_updates=1 temp_adv=1.217999999999976 temp_nat=2.5729999999998268 temperature_updates=1 total_loss=0.05136008933186531 views=2
2026-09-16 01:45:02.728 | INFO     | __main__:<module>:497 - METHOD_BATCH epoch=177 step=100 adv_kd=0.014508642256259918 awp_gamma=0.002 awp_relative_norm_max=0.0020000003278255463 clean_ce=0.3935738801956177 clean_ce_term=0.0140210697427392 consistency_term=0.000557557272259146 consistency_weight=0.5 js_raw=0.1115114614367485 lr=0.09218652300243912 nat_kd=0.008526790887117386 pcgrad_conflicts=0 push=0.005115321837365627 push_term=0.00025576609186828136 student_updates=1 teacher_ce=0.38851800560951233 teacher_lr=4.861786798337445e-05 teacher_margin=2.0658440589904785 teacher_margin_term=0.009554529562592506 teacher_updates=1 temp_adv=1.2299999999999747 temp_nat=2.560999999999828 temperature_updates=1 total_loss=0.047424353659152985 views=2
2026-09-16 01:49:10.428 | INFO     | __main__:<module>:497 - METHOD_BATCH epoch=177 step=200 adv_kd=0.01522943377494812 awp_gamma=0.002 awp_relative_norm_max=0.0020000003278255463 clean_ce=0.4251481890678406 clean_ce_term=0.015145904384553432 consistency_term=0.0005015655769966543 consistency_weight=0.5 js_raw=0.10031311959028244 lr=0.09218652300243912 nat_kd=0.008868839591741562 pcgrad_conflicts=0 push=0.005987184122204781 push_term=0.00029935920611023903 student_updates=1 teacher_ce=0.41872192919254303 teacher_lr=4.861786798337445e-05 teacher_margin=2.1909546852111816 teacher_margin_term=0.010133165866136551 teacher_updates=1 temp_adv=1.2219999999999756 temp_nat=2.568999999999827 temperature_updates=1 total_loss=0.05017826706171036 views=2
2026-09-16 01:53:17.285 | INFO     | __main__:<module>:497 - METHOD_BATCH epoch=177 step=300 adv_kd=0.01564912497997284 awp_gamma=0.002 awp_relative_norm_max=0.0020000003278255463 clean_ce=0.4214569926261902 clean_ce_term=0.0150144062936306 consistency_term=0.00040447100764140487 consistency_weight=0.5 js_raw=0.08089420199394226 lr=0.09218652300243912 nat_kd=0.008912983350455761 pcgrad_conflicts=0 push=0.005383474752306938 push_term=0.0002691737317945808 student_updates=1 teacher_ce=0.4446464031934738 teacher_lr=4.861786798337445e-05 teacher_margin=2.1809072494506836 teacher_margin_term=0.010086696594953537 teacher_updates=1 temp_adv=1.217999999999976 temp_nat=2.5729999999998268 temperature_updates=1 total_loss=0.05033685266971588 views=2
2026-09-16 01:56:58.248 | INFO     | __main__:<module>:875 - TRAIN_EPOCH_RESOURCE epoch=177 seconds=965.6672731898725 peak_allocated_bytes=11589042688
2026-09-16 01:56:58.249 | INFO     | __main__:<module>:482 - METHOD epoch=178 views=2 awp_gamma=0.002 consistency_weight=0.5
2026-09-16 01:56:58.249 | INFO     | __main__:<module>:485 - the 178th epoch 
2026-09-16 01:57:00.709 | INFO     | __main__:<module>:497 - METHOD_BATCH epoch=178 step=0 adv_kd=0.014868741855025291 awp_gamma=0.002 awp_relative_norm_max=0.0020000003278255463 clean_ce=0.3991204500198364 clean_ce_term=0.0144681166857481 consistency_term=0.00047179232933558524 consistency_weight=0.5 js_raw=0.09435846656560898 lr=0.09161413403722336 nat_kd=0.009282715618610382 pcgrad_conflicts=0 push=0.007130798418074846 push_term=0.00035653990926221013 student_updates=1 teacher_ce=0.4579361230134964 teacher_lr=4.7989524173326635e-05 teacher_margin=1.9651066064834595 teacher_margin_term=0.009334256872534752 teacher_updates=1 temp_adv=1.216999999999976 temp_nat=2.5739999999998266 temperature_updates=1 total_loss=0.04878216236829758 views=2
2026-09-16 02:01:05.909 | INFO     | __main__:<module>:497 - METHOD_BATCH epoch=178 step=100 adv_kd=0.016139330342411995 awp_gamma=0.002 awp_relative_norm_max=0.0020000003278255463 clean_ce=0.3717750310897827 clean_ce_term=0.013476844877004623 consistency_term=0.0006618155166506767 consistency_weight=0.5 js_raw=0.13236311078071594 lr=0.09161413403722336 nat_kd=0.007837876677513123 pcgrad_conflicts=0 push=0.004035234916955233 push_term=0.00020176175166852772 student_updates=1 teacher_ce=0.31520795822143555 teacher_lr=4.7989524173326635e-05 teacher_margin=2.2549493312835693 teacher_margin_term=0.010711008682847023 teacher_updates=1 temp_adv=1.2149999999999763 temp_nat=2.5759999999998264 temperature_updates=1 total_loss=0.04902863875031471 views=2
2026-09-16 02:05:11.744 | INFO     | __main__:<module>:497 - METHOD_BATCH epoch=178 step=200 adv_kd=0.01588025502860546 awp_gamma=0.002 awp_relative_norm_max=0.0020000003278255463 clean_ce=0.40034449100494385 clean_ce_term=0.014512486755847931 consistency_term=0.0005072489148005843 consistency_weight=0.5 js_raw=0.10144978761672974 lr=0.09161413403722336 nat_kd=0.009223389439284801 pcgrad_conflicts=0 push=0.0051720030605793 push_term=0.0002586001355666667 student_updates=1 teacher_ce=0.4021774232387543 teacher_lr=4.7989524173326635e-05 teacher_margin=2.2572789192199707 teacher_margin_term=0.01072207372635603 teacher_updates=1 temp_adv=1.226999999999975 temp_nat=2.5639999999998278 temperature_updates=1 total_loss=0.05110405385494232 views=2
2026-09-16 02:09:18.852 | INFO     | __main__:<module>:497 - METHOD_BATCH epoch=178 step=300 adv_kd=0.017454208806157112 awp_gamma=0.002 awp_relative_norm_max=0.0020000003278255463 clean_ce=0.4122857451438904 clean_ce_term=0.014945358037948608 consistency_term=0.0006176905008032918 consistency_weight=0.5 js_raw=0.12353810667991638 lr=0.09161413403722336 nat_kd=0.009395984932780266 pcgrad_conflicts=0 push=0.0063721854239702225 push_term=0.0003186092944815755 student_updates=1 teacher_ce=0.35853180289268494 teacher_lr=4.7989524173326635e-05 teacher_margin=2.5698747634887695 teacher_margin_term=0.012206904590129852 teacher_updates=1 temp_adv=1.2149999999999763 temp_nat=2.5759999999998264 temperature_updates=1 total_loss=0.05493875592947006 views=2
2026-09-16 02:13:01.717 | INFO     | __main__:<module>:875 - TRAIN_EPOCH_RESOURCE epoch=178 seconds=963.4677579067647 peak_allocated_bytes=11589042688
2026-09-16 02:13:01.717 | INFO     | __main__:<module>:482 - METHOD epoch=179 views=2 awp_gamma=0.002 consistency_weight=0.5
2026-09-16 02:13:01.717 | INFO     | __main__:<module>:485 - the 179th epoch 
2026-09-16 02:13:04.224 | INFO     | __main__:<module>:497 - METHOD_BATCH epoch=179 step=0 adv_kd=0.014892667531967163 awp_gamma=0.002 awp_relative_norm_max=0.0020000003278255463 clean_ce=0.3882814645767212 clean_ce_term=0.014317878521978855 consistency_term=0.0004372878174763173 consistency_weight=0.5 js_raw=0.0874575674533844 lr=0.09102343156148424 nat_kd=0.008775809779763222 pcgrad_conflicts=0 push=0.007275004871189594 push_term=0.0003637502668425441 student_updates=1 teacher_ce=0.4813418686389923 teacher_lr=4.736151319312001e-05 teacher_margin=2.064025402069092 teacher_margin_term=0.010062123648822308 teacher_updates=1 temp_adv=1.2239999999999753 temp_nat=2.5669999999998274 temperature_updates=1 total_loss=0.04884951934218407 views=2
2026-09-16 02:17:13.507 | INFO     | __main__:<module>:497 - METHOD_BATCH epoch=179 step=100 adv_kd=0.017626769840717316 awp_gamma=0.002 awp_relative_norm_max=0.0020000003278255463 clean_ce=0.3769790828227997 clean_ce_term=0.013901103287935257 consistency_term=0.0004229747282806784 consistency_weight=0.5 js_raw=0.08459495007991791 lr=0.09102343156148424 nat_kd=0.009169377386569977 pcgrad_conflicts=0 push=0.0077554043382406235 push_term=0.00038777024019509554 student_updates=1 teacher_ce=0.40092451870441437 teacher_lr=4.736151319312001e-05 teacher_margin=2.5170705318450928 teacher_margin_term=0.012270718812942505 teacher_updates=1 temp_adv=1.2219999999999756 temp_nat=2.568999999999827 temperature_updates=1 total_loss=0.053778715431690216 views=2
2026-09-16 02:21:19.723 | INFO     | __main__:<module>:497 - METHOD_BATCH epoch=179 step=200 adv_kd=0.015441708266735077 awp_gamma=0.002 awp_relative_norm_max=0.0020000003278255463 clean_ce=0.40042030811309814 clean_ce_term=0.014765499159693718 consistency_term=0.00044895539758726954 consistency_weight=0.5 js_raw=0.08979108184576035 lr=0.09102343156148424 nat_kd=0.008659951388835907 pcgrad_conflicts=0 push=0.005861768499016762 push_term=0.00029308843659237027 student_updates=1 teacher_ce=0.5027927309274673 teacher_lr=4.736151319312001e-05 teacher_margin=2.1022157669067383 teacher_margin_term=0.010248301550745964 teacher_updates=1 temp_adv=1.217999999999976 temp_nat=2.5729999999998268 temperature_updates=1 total_loss=0.04985750466585159 views=2
2026-09-16 02:25:27.850 | INFO     | __main__:<module>:497 - METHOD_BATCH epoch=179 step=300 adv_kd=0.017021577805280685 awp_gamma=0.002 awp_relative_norm_max=0.0020000003278255463 clean_ce=0.43121016025543213 clean_ce_term=0.015900874510407448 consistency_term=0.0005708833923563361 consistency_weight=0.5 js_raw=0.1141766756772995 lr=0.09102343156148424 nat_kd=0.008482691831886768 pcgrad_conflicts=0 push=0.006105713080614805 push_term=0.0003052856773138046 student_updates=1 teacher_ce=0.3169294595718384 teacher_lr=4.736151319312001e-05 teacher_margin=2.3879380226135254 teacher_margin_term=0.011641197837889194 teacher_updates=1 temp_adv=1.227999999999975 temp_nat=2.562999999999828 temperature_updates=1 total_loss=0.05392250791192055 views=2
2026-09-16 02:29:15.612 | INFO     | __main__:<module>:875 - TRAIN_EPOCH_RESOURCE epoch=179 seconds=973.8943598754704 peak_allocated_bytes=11589042688
2026-09-16 02:29:15.612 | INFO     | __main__:<module>:482 - METHOD epoch=180 views=2 awp_gamma=0.002 consistency_weight=0.5
2026-09-16 02:29:15.612 | INFO     | __main__:<module>:485 - the 180th epoch 
2026-09-16 02:29:18.073 | INFO     | __main__:<module>:497 - METHOD_BATCH epoch=180 step=0 adv_kd=0.016100702807307243 awp_gamma=0.002 awp_relative_norm_max=0.0020000003278255463 clean_ce=0.41280657052993774 clean_ce_term=0.015480246394872665 consistency_term=0.0005424151313491166 consistency_weight=0.5 js_raw=0.10848303139209747 lr=0.09041467661396314 nat_kd=0.008091360330581665 pcgrad_conflicts=0 push=0.00442246999591589 push_term=0.0002211234823334962 student_updates=1 teacher_ce=0.40407323837280273 teacher_lr=4.673393446036483e-05 teacher_margin=2.13815975189209 teacher_margin_term=0.010690798982977867 teacher_updates=1 temp_adv=1.2249999999999752 temp_nat=2.5659999999998275 temperature_updates=1 total_loss=0.05112664774060249 views=2
2026-09-16 02:33:35.646 | INFO     | __main__:<module>:497 - METHOD_BATCH epoch=180 step=100 adv_kd=0.01651662215590477 awp_gamma=0.002 awp_relative_norm_max=0.0020000003278255463 clean_ce=0.41509902477264404 clean_ce_term=0.015566213987767696 consistency_term=0.0005542615544982255 consistency_weight=0.5 js_raw=0.11085231602191925 lr=0.09041467661396314 nat_kd=0.009430427104234695 pcgrad_conflicts=0 push=0.005862843245267868 push_term=0.0002931421622633934 student_updates=1 teacher_ce=0.4148549437522888 teacher_lr=4.673393446036483e-05 teacher_margin=2.251086473464966 teacher_margin_term=0.011255431920289993 teacher_updates=1 temp_adv=1.2229999999999754 temp_nat=2.5679999999998273 temperature_updates=1 total_loss=0.05361609533429146 views=2
2026-09-16 02:37:52.637 | INFO     | __main__:<module>:497 - METHOD_BATCH epoch=180 step=200 adv_kd=0.014099248684942722 awp_gamma=0.002 awp_relative_norm_max=0.0020000003278255463 clean_ce=0.3991228938102722 clean_ce_term=0.014967108145356178 consistency_term=0.000494268024340272 consistency_weight=0.5 js_raw=0.09885360300540924 lr=0.09041467661396314 nat_kd=0.008039386942982674 pcgrad_conflicts=0 push=0.005958941765129566 push_term=0.0002979470882564783 student_updates=1 teacher_ce=0.37877658009529114 teacher_lr=4.673393446036483e-05 teacher_margin=2.013339042663574 teacher_margin_term=0.010066695511341095 teacher_updates=1 temp_adv=1.2229999999999754 temp_nat=2.5679999999998273 temperature_updates=1 total_loss=0.047964658588171005 views=2
2026-09-16 02:42:05.891 | INFO     | __main__:<module>:497 - METHOD_BATCH epoch=180 step=300 adv_kd=0.014551924541592598 awp_gamma=0.002 awp_relative_norm_max=0.0020000003278255463 clean_ce=0.3981056809425354 clean_ce_term=0.014928963035345078 consistency_term=0.0003350981860421598 consistency_weight=0.5 js_raw=0.06701964139938354 lr=0.09041467661396314 nat_kd=0.007297077216207981 pcgrad_conflicts=0 push=0.0056319208815693855 push_term=0.0002815960324369371 student_updates=1 teacher_ce=0.3018229007720947 teacher_lr=4.673393446036483e-05 teacher_margin=2.097527027130127 teacher_margin_term=0.010487634688615799 teacher_updates=1 temp_adv=1.2249999999999752 temp_nat=2.5659999999998275 temperature_updates=1 total_loss=0.04788229614496231 views=2
2026-09-16 02:45:52.444 | INFO     | __main__:<module>:875 - TRAIN_EPOCH_RESOURCE epoch=180 seconds=996.8318989276886 peak_allocated_bytes=11589042688
2026-09-16 02:46:52.529 | INFO     | __main__:<module>:934 - student robust acc 0.3030, teacher robust acc 0.4784, nat teacher robust acc 0.3362
2026-09-16 02:47:14.529 | INFO     | __main__:<module>:1007 - best accuracy:0.4767
2026-09-16 02:47:14.530 | INFO     | __main__:<module>:1010 - student natural acc 0.6504, adv teacher natural acc 0.6151, nat teacher natural acc 0.7650
2026-09-16 02:47:14.546 | INFO     | __main__:<module>:482 - METHOD epoch=181 views=2 awp_gamma=0.002 consistency_weight=0.5
2026-09-16 02:47:14.546 | INFO     | __main__:<module>:485 - the 181th epoch 
2026-09-16 02:47:17.317 | INFO     | __main__:<module>:497 - METHOD_BATCH epoch=181 step=0 adv_kd=0.015147884376347065 awp_gamma=0.002 awp_relative_norm_max=0.0020000003278255463 clean_ce=0.3962317109107971 clean_ce_term=0.015106335282325745 consistency_term=0.00037820389843545854 consistency_weight=0.5 js_raw=0.07564078271389008 lr=0.08978813819882181 nat_kd=0.009202912449836731 pcgrad_conflicts=0 push=0.006212753709405661 push_term=0.0003106376971118152 student_updates=1 teacher_ce=0.32341836392879486 teacher_lr=4.6106887313034546e-05 teacher_margin=2.147160530090332 teacher_margin_term=0.011004198342561722 teacher_updates=1 temp_adv=1.2239999999999753 temp_nat=2.5669999999998274 temperature_updates=1 total_loss=0.05115016922354698 views=2
2026-09-16 02:51:35.072 | INFO     | __main__:<module>:497 - METHOD_BATCH epoch=181 step=100 adv_kd=0.01485286746174097 awp_gamma=0.002 awp_relative_norm_max=0.0020000003278255463 clean_ce=0.3982883095741272 clean_ce_term=0.015184741467237473 consistency_term=0.00044169803732074797 consistency_weight=0.5 js_raw=0.08833961188793182 lr=0.08978813819882181 nat_kd=0.008764670230448246 pcgrad_conflicts=0 push=0.006197531707584858 push_term=0.00030987660284154117 student_updates=1 teacher_ce=0.3930654972791672 teacher_lr=4.6106887313034546e-05 teacher_margin=1.997402310371399 teacher_margin_term=0.010236687026917934 teacher_updates=1 temp_adv=1.2219999999999756 temp_nat=2.568999999999827 temperature_updates=1 total_loss=0.04979053884744644 views=2
2026-09-16 02:55:49.830 | INFO     | __main__:<module>:497 - METHOD_BATCH epoch=181 step=200 adv_kd=0.015358159318566322 awp_gamma=0.002 awp_relative_norm_max=0.0020000003278255463 clean_ce=0.39671939611434937 clean_ce_term=0.015124928206205368 consistency_term=0.0005866960855200887 consistency_weight=0.5 js_raw=0.11733921617269516 lr=0.08978813819882181 nat_kd=0.008458269760012627 pcgrad_conflicts=0 push=0.005670070182532072 push_term=0.0002835034974850714 student_updates=1 teacher_ce=0.3817211538553238 teacher_lr=4.6106887313034546e-05 teacher_margin=2.1486778259277344 teacher_margin_term=0.011011973954737186 teacher_updates=1 temp_adv=1.2199999999999758 temp_nat=2.570999999999827 temperature_updates=1 total_loss=0.05082353204488754 views=2
2026-09-16 03:00:07.772 | INFO     | __main__:<module>:497 - METHOD_BATCH epoch=181 step=300 adv_kd=0.015098794363439083 awp_gamma=0.002 awp_relative_norm_max=0.0020000003278255463 clean_ce=0.3793368935585022 clean_ce_term=0.014462219551205635 consistency_term=0.0005411913734860718 consistency_weight=0.5 js_raw=0.10823827236890793 lr=0.08978813819882181 nat_kd=0.008474443107843399 pcgrad_conflicts=0 push=0.005350354593247175 push_term=0.0002675177529454231 student_updates=1 teacher_ce=0.43666818737983704 teacher_lr=4.6106887313034546e-05 teacher_margin=2.0172576904296875 teacher_margin_term=0.01033844519406557 teacher_updates=1 temp_adv=1.2219999999999756 temp_nat=2.568999999999827 temperature_updates=1 total_loss=0.04918261244893074 views=2
2026-09-16 03:03:59.104 | INFO     | __main__:<module>:875 - TRAIN_EPOCH_RESOURCE epoch=181 seconds=1004.5573954172432 peak_allocated_bytes=11589042688
2026-09-16 03:03:59.104 | INFO     | __main__:<module>:482 - METHOD epoch=182 views=2 awp_gamma=0.002 consistency_weight=0.5
2026-09-16 03:03:59.104 | INFO     | __main__:<module>:485 - the 182th epoch 
2026-09-16 03:04:01.693 | INFO     | __main__:<module>:497 - METHOD_BATCH epoch=182 step=0 adv_kd=0.015359815210103989 awp_gamma=0.002 awp_relative_norm_max=0.0020000003278255463 clean_ce=0.405214786529541 clean_ce_term=0.01570207253098488 consistency_term=0.0004798407026100904 consistency_weight=0.5 js_raw=0.09596814215183258 lr=0.08914409316556651 nat_kd=0.00844094343483448 pcgrad_conflicts=0 push=0.006601252127438784 push_term=0.0003300626121927053 student_updates=1 teacher_ce=0.33618733286857605 teacher_lr=4.5480470993564535e-05 teacher_margin=2.1328651905059814 teacher_margin_term=0.011197542771697044 teacher_updates=1 temp_adv=1.2229999999999754 temp_nat=2.5679999999998273 temperature_updates=1 total_loss=0.0515102744102478 views=2
2026-09-16 03:08:17.772 | INFO     | __main__:<module>:497 - METHOD_BATCH epoch=182 step=100 adv_kd=0.016643043607473373 awp_gamma=0.002 awp_relative_norm_max=0.0020000003278255463 clean_ce=0.37616947293281555 clean_ce_term=0.014576567336916924 consistency_term=0.00045588938519358635 consistency_weight=0.5 js_raw=0.09117788076400757 lr=0.08914409316556651 nat_kd=0.00891886930912733 pcgrad_conflicts=0 push=0.005091037601232529 push_term=0.00025455188006162643 student_updates=1 teacher_ce=0.34540653228759766 teacher_lr=4.5480470993564535e-05 teacher_margin=2.1924564838409424 teacher_margin_term=0.011510396376252174 teacher_updates=1 temp_adv=1.226999999999975 temp_nat=2.5639999999998278 temperature_updates=1 total_loss=0.05235931649804115 views=2
2026-09-16 03:12:34.978 | INFO     | __main__:<module>:497 - METHOD_BATCH epoch=182 step=200 adv_kd=0.015125980600714684 awp_gamma=0.002 awp_relative_norm_max=0.0020000003278255463 clean_ce=0.38245660066604614 clean_ce_term=0.014820193871855736 consistency_term=0.0005558321718126535 consistency_weight=0.5 js_raw=0.11116643249988556 lr=0.08914409316556651 nat_kd=0.008863702416419983 pcgrad_conflicts=0 push=0.005759348161518574 push_term=0.0002879673847928643 student_updates=1 teacher_ce=0.4119037538766861 teacher_lr=4.5480470993564535e-05 teacher_margin=2.265967845916748 teacher_margin_term=0.011896330863237381 teacher_updates=1 temp_adv=1.2229999999999754 temp_nat=2.5679999999998273 temperature_updates=1 total_loss=0.0515500083565712 views=2
2026-09-16 03:16:52.385 | INFO     | __main__:<module>:497 - METHOD_BATCH epoch=182 step=300 adv_kd=0.015647072345018387 awp_gamma=0.002 awp_relative_norm_max=0.0020000003278255463 clean_ce=0.3936517834663391 clean_ce_term=0.01525400672107935 consistency_term=0.0005052331835031509 consistency_weight=0.5 js_raw=0.10104664415121078 lr=0.08914409316556651 nat_kd=0.008255146443843842 pcgrad_conflicts=0 push=0.005845049396157265 push_term=0.00029225245816633105 student_updates=1 teacher_ce=0.39820754528045654 teacher_lr=4.5480470993564535e-05 teacher_margin=2.2183539867401123 teacher_margin_term=0.011646358296275139 teacher_updates=1 temp_adv=1.2289999999999748 temp_nat=2.561999999999828 temperature_updates=1 total_loss=0.05160006880760193 views=2
2026-09-16 03:20:41.319 | INFO     | __main__:<module>:875 - TRAIN_EPOCH_RESOURCE epoch=182 seconds=1002.2146656922996 peak_allocated_bytes=11589042688
2026-09-16 03:20:41.319 | INFO     | __main__:<module>:482 - METHOD epoch=183 views=2 awp_gamma=0.002 consistency_weight=0.5
2026-09-16 03:20:41.319 | INFO     | __main__:<module>:485 - the 183th epoch 
2026-09-16 03:20:43.895 | INFO     | __main__:<module>:497 - METHOD_BATCH epoch=183 step=0 adv_kd=0.015068834647536278 awp_gamma=0.002 awp_relative_norm_max=0.0020000003278255463 clean_ce=0.38179829716682434 clean_ce_term=0.015033308416604996 consistency_term=0.0005080039845779538 consistency_weight=0.5 js_raw=0.10160079598426819 lr=0.08848282608547543 nat_kd=0.008301828056573868 pcgrad_conflicts=0 push=0.005621579475700855 push_term=0.00028107897378504276 student_updates=1 teacher_ce=0.39317135512828827 teacher_lr=4.485478463296722e-05 teacher_margin=2.145622968673706 teacher_margin_term=0.011532723903656006 teacher_updates=1 temp_adv=1.2239999999999753 temp_nat=2.5669999999998274 temperature_updates=1 total_loss=0.050725776702165604 views=2
2026-09-16 03:25:00.839 | INFO     | __main__:<module>:497 - METHOD_BATCH epoch=183 step=100 adv_kd=0.015749609097838402 awp_gamma=0.002 awp_relative_norm_max=0.0020000003278255463 clean_ce=0.3614392876625061 clean_ce_term=0.014231672510504723 consistency_term=0.00037861245800741017 consistency_weight=0.5 js_raw=0.07572249323129654 lr=0.08848282608547543 nat_kd=0.008615312166512012 pcgrad_conflicts=0 push=0.00687709916383028 push_term=0.00034385494654998183 student_updates=1 teacher_ce=0.3735991418361664 teacher_lr=4.485478463296722e-05 teacher_margin=2.2727808952331543 teacher_margin_term=0.012216197326779366 teacher_updates=1 temp_adv=1.2199999999999758 temp_nat=2.570999999999827 temperature_updates=1 total_loss=0.05153525993227959 views=2
2026-09-16 03:29:16.061 | INFO     | __main__:<module>:497 - METHOD_BATCH epoch=183 step=200 adv_kd=0.015093854628503323 awp_gamma=0.002 awp_relative_norm_max=0.0020000003278255463 clean_ce=0.35872289538383484 clean_ce_term=0.014124713838100433 consistency_term=0.0005547722685150802 consistency_weight=0.5 js_raw=0.11095445603132248 lr=0.08848282608547543 nat_kd=0.008266648277640343 pcgrad_conflicts=0 push=0.0054362015798687935 push_term=0.0002718100731726736 student_updates=1 teacher_ce=0.47485245764255524 teacher_lr=4.485478463296722e-05 teacher_margin=2.092583417892456 teacher_margin_term=0.011247636750340462 teacher_updates=1 temp_adv=1.2239999999999753 temp_nat=2.5669999999998274 temperature_updates=1 total_loss=0.04955944046378136 views=2
2026-09-16 03:33:31.399 | INFO     | __main__:<module>:497 - METHOD_BATCH epoch=183 step=300 adv_kd=0.01751403883099556 awp_gamma=0.002 awp_relative_norm_max=0.0020000003278255463 clean_ce=0.3830781877040863 clean_ce_term=0.015083704143762589 consistency_term=0.0005035395151935518 consistency_weight=0.5 js_raw=0.10070791095495224 lr=0.08848282608547543 nat_kd=0.008431369438767433 pcgrad_conflicts=0 push=0.006292923353612423 push_term=0.00031464616768062115 student_updates=1 teacher_ce=0.3316469192504883 teacher_lr=4.485478463296722e-05 teacher_margin=2.466413974761963 teacher_margin_term=0.013256975449621677 teacher_updates=1 temp_adv=1.2219999999999756 temp_nat=2.568999999999827 temperature_updates=1 total_loss=0.055104274302721024 views=2
2026-09-16 03:37:20.829 | INFO     | __main__:<module>:875 - TRAIN_EPOCH_RESOURCE epoch=183 seconds=999.5090241953731 peak_allocated_bytes=11589042688
2026-09-16 03:37:20.829 | INFO     | __main__:<module>:482 - METHOD epoch=184 views=2 awp_gamma=0.002 consistency_weight=0.5
2026-09-16 03:37:20.829 | INFO     | __main__:<module>:485 - the 184th epoch 
2026-09-16 03:37:23.371 | INFO     | __main__:<module>:497 - METHOD_BATCH epoch=184 step=0 adv_kd=0.014863809570670128 awp_gamma=0.002 awp_relative_norm_max=0.0020000003278255463 clean_ce=0.3750167787075043 clean_ce_term=0.015000671148300171 consistency_term=0.00043683405965566635 consistency_weight=0.5 js_raw=0.08736681193113327 lr=0.08780462912458382 nat_kd=0.008219966664910316 pcgrad_conflicts=0 push=0.006216731388121843 push_term=0.0003108365635853261 student_updates=1 teacher_ce=0.40566207468509674 teacher_lr=4.422992723496672e-05 teacher_margin=2.1437759399414062 teacher_margin_term=0.011790767312049866 teacher_updates=1 temp_adv=1.2229999999999754 temp_nat=2.5679999999998273 temperature_updates=1 total_loss=0.050622887909412384 views=2
2026-09-16 03:41:41.996 | INFO     | __main__:<module>:497 - METHOD_BATCH epoch=184 step=100 adv_kd=0.01611190289258957 awp_gamma=0.002 awp_relative_norm_max=0.0020000003278255463 clean_ce=0.3899227976799011 clean_ce_term=0.015596911311149597 consistency_term=0.0003737242368515581 consistency_weight=0.5 js_raw=0.07474485039710999 lr=0.08780462912458382 nat_kd=0.009127533063292503 pcgrad_conflicts=0 push=0.005530858412384987 push_term=0.0002765429380815476 student_updates=1 teacher_ce=0.4478286802768707 teacher_lr=4.422992723496672e-05 teacher_margin=2.2410078048706055 teacher_margin_term=0.012325543910264969 teacher_updates=1 temp_adv=1.2209999999999757 temp_nat=2.569999999999827 temperature_updates=1 total_loss=0.05381215736269951 views=2
2026-09-16 03:45:55.222 | INFO     | __main__:<module>:497 - METHOD_BATCH epoch=184 step=200 adv_kd=0.014696549624204636 awp_gamma=0.002 awp_relative_norm_max=0.0020000003278255463 clean_ce=0.4229092001914978 clean_ce_term=0.016916368156671524 consistency_term=0.00046536631998606026 consistency_weight=0.5 js_raw=0.09307326376438141 lr=0.08780462912458382 nat_kd=0.009415864944458008 pcgrad_conflicts=0 push=0.00509287416934967 push_term=0.00025464370264671743 student_updates=1 teacher_ce=0.47808738052845 teacher_lr=4.422992723496672e-05 teacher_margin=2.0042343139648438 teacher_margin_term=0.01102328859269619 teacher_updates=1 temp_adv=1.2209999999999757 temp_nat=2.569999999999827 temperature_updates=1 total_loss=0.05277207866311073 views=2
2026-09-16 03:50:06.564 | INFO     | __main__:<module>:497 - METHOD_BATCH epoch=184 step=300 adv_kd=0.016303250566124916 awp_gamma=0.002 awp_relative_norm_max=0.0020000003278255463 clean_ce=0.400198370218277 clean_ce_term=0.016007933765649796 consistency_term=0.0004626410373020917 consistency_weight=0.5 js_raw=0.09252820909023285 lr=0.08780462912458382 nat_kd=0.008691109716892242 pcgrad_conflicts=0 push=0.004281570203602314 push_term=0.00021407850726973265 student_updates=1 teacher_ce=0.37039893865585327 teacher_lr=4.422992723496672e-05 teacher_margin=2.2650814056396484 teacher_margin_term=0.012457947246730328 teacher_updates=1 temp_adv=1.2209999999999757 temp_nat=2.569999999999827 temperature_updates=1 total_loss=0.054136957973241806 views=2
2026-09-16 03:53:52.063 | INFO     | __main__:<module>:875 - TRAIN_EPOCH_RESOURCE epoch=184 seconds=991.2340909205377 peak_allocated_bytes=11589042688
2026-09-16 03:53:52.063 | INFO     | __main__:<module>:482 - METHOD epoch=185 views=2 awp_gamma=0.002 consistency_weight=0.5
2026-09-16 03:53:52.064 | INFO     | __main__:<module>:485 - the 185th epoch 
2026-09-16 03:53:54.622 | INFO     | __main__:<module>:497 - METHOD_BATCH epoch=185 step=0 adv_kd=0.015284305438399315 awp_gamma=0.002 awp_relative_norm_max=0.0020000003278255463 clean_ce=0.39387428760528564 clean_ce_term=0.0160011425614357 consistency_term=0.0005186282214708626 consistency_weight=0.5 js_raw=0.10372564196586609 lr=0.08710980191328506 nat_kd=0.009011059068143368 pcgrad_conflicts=0 push=0.006496249698102474 push_term=0.00032481251400895417 student_updates=1 teacher_ce=0.3413231074810028 teacher_lr=4.360599766015518e-05 teacher_margin=2.1271214485168457 teacher_margin_term=0.011965058743953705 teacher_updates=1 temp_adv=1.225999999999975 temp_nat=2.5649999999998276 temperature_updates=1 total_loss=0.053105004131793976 views=2
2026-09-16 03:58:06.937 | INFO     | __main__:<module>:497 - METHOD_BATCH epoch=185 step=100 adv_kd=0.015188447199761868 awp_gamma=0.002 awp_relative_norm_max=0.0020000003278255463 clean_ce=0.4055890738964081 clean_ce_term=0.016477055847644806 consistency_term=0.0005162858869880438 consistency_weight=0.5 js_raw=0.1032571792602539 lr=0.08710980191328506 nat_kd=0.00898819975554943 pcgrad_conflicts=0 push=0.005245515611022711 push_term=0.0002622758038341999 student_updates=1 teacher_ce=0.4864187091588974 teacher_lr=4.360599766015518e-05 teacher_margin=2.0480923652648926 teacher_margin_term=0.01152052078396082 teacher_updates=1 temp_adv=1.225999999999975 temp_nat=2.5649999999998276 temperature_updates=1 total_loss=0.052952785044908524 views=2
2026-09-16 04:02:17.862 | INFO     | __main__:<module>:497 - METHOD_BATCH epoch=185 step=200 adv_kd=0.015308822505176067 awp_gamma=0.002 awp_relative_norm_max=0.0020000003278255463 clean_ce=0.3611590266227722 clean_ce_term=0.014672084711492062 consistency_term=0.0005103267030790448 consistency_weight=0.5 js_raw=0.10206533968448639 lr=0.08710980191328506 nat_kd=0.008244587108492851 pcgrad_conflicts=0 push=0.006928934715688229 push_term=0.0003464467590674758 student_updates=1 teacher_ce=0.4913578927516937 teacher_lr=4.360599766015518e-05 teacher_margin=2.2515320777893066 teacher_margin_term=0.01266486756503582 teacher_updates=1 temp_adv=1.227999999999975 temp_nat=2.562999999999828 temperature_updates=1 total_loss=0.05174713581800461 views=2
2026-09-16 04:06:26.840 | INFO     | __main__:<module>:497 - METHOD_BATCH epoch=185 step=300 adv_kd=0.016704171895980835 awp_gamma=0.002 awp_relative_norm_max=0.0020000003278255463 clean_ce=0.37473058700561523 clean_ce_term=0.015223428606987 consistency_term=0.0005792581359855831 consistency_weight=0.5 js_raw=0.11585163325071335 lr=0.08710980191328506 nat_kd=0.0082700839266181 pcgrad_conflicts=0 push=0.0066179800778627396 push_term=0.0003308989980723709 student_updates=1 teacher_ce=0.3358992785215378 teacher_lr=4.360599766015518e-05 teacher_margin=2.3534440994262695 teacher_margin_term=0.013238122686743736 teacher_updates=1 temp_adv=1.2219999999999756 temp_nat=2.568999999999827 temperature_updates=1 total_loss=0.05434596166014671 views=2
2026-09-16 04:10:12.162 | INFO     | __main__:<module>:875 - TRAIN_EPOCH_RESOURCE epoch=185 seconds=980.0985335409641 peak_allocated_bytes=11589042688
2026-09-16 04:10:12.163 | INFO     | __main__:<module>:482 - METHOD epoch=186 views=2 awp_gamma=0.002 consistency_weight=0.5
2026-09-16 04:10:12.163 | INFO     | __main__:<module>:485 - the 186th epoch 
2026-09-16 04:10:14.672 | INFO     | __main__:<module>:497 - METHOD_BATCH epoch=186 step=0 adv_kd=0.015261119231581688 awp_gamma=0.002 awp_relative_norm_max=0.0020000003278255463 clean_ce=0.39417168498039246 clean_ce_term=0.016259582713246346 consistency_term=0.0005277735181152821 consistency_weight=0.5 js_raw=0.10555470734834671 lr=0.08639865141260522 nat_kd=0.008695066906511784 pcgrad_conflicts=0 push=0.006553119979798794 push_term=0.0003276559873484075 student_updates=1 teacher_ce=0.3727707266807556 teacher_lr=4.2983094610173406e-05 teacher_margin=2.1289594173431396 teacher_margin_term=0.012241516262292862 teacher_updates=1 temp_adv=1.2289999999999748 temp_nat=2.561999999999828 temperature_updates=1 total_loss=0.05331271514296532 views=2
2026-09-16 04:14:24.098 | INFO     | __main__:<module>:497 - METHOD_BATCH epoch=186 step=100 adv_kd=0.01587376371026039 awp_gamma=0.002 awp_relative_norm_max=0.0020000003278255463 clean_ce=0.37797820568084717 clean_ce_term=0.015591601841151714 consistency_term=0.0005801093066111207 consistency_weight=0.5 js_raw=0.11602186411619186 lr=0.08639865141260522 nat_kd=0.00883978046476841 pcgrad_conflicts=0 push=0.005935820750892162 push_term=0.00029679102590307593 student_updates=1 teacher_ce=0.3958107978105545 teacher_lr=4.2983094610173406e-05 teacher_margin=2.1808457374572754 teacher_margin_term=0.012539863586425781 teacher_updates=1 temp_adv=1.2189999999999759 temp_nat=2.571999999999827 temperature_updates=1 total_loss=0.05372191220521927 views=2
2026-09-16 04:18:34.794 | INFO     | __main__:<module>:497 - METHOD_BATCH epoch=186 step=200 adv_kd=0.014707419089972973 awp_gamma=0.002 awp_relative_norm_max=0.0020000003278255463 clean_ce=0.3827388286590576 clean_ce_term=0.01578797772526741 consistency_term=0.00045488899922929704 consistency_weight=0.5 js_raw=0.09097780287265778 lr=0.08639865141260522 nat_kd=0.008852563798427582 pcgrad_conflicts=0 push=0.004406253807246685 push_term=0.0002203126932727173 student_updates=1 teacher_ce=0.46094925701618195 teacher_lr=4.2983094610173406e-05 teacher_margin=2.045980930328369 teacher_margin_term=0.01176439132541418 teacher_updates=1 temp_adv=1.2349999999999741 temp_nat=2.5559999999998286 temperature_updates=1 total_loss=0.05178755521774292 views=2
2026-09-16 04:22:42.185 | INFO     | __main__:<module>:497 - METHOD_BATCH epoch=186 step=300 adv_kd=0.01589268073439598 awp_gamma=0.002 awp_relative_norm_max=0.0020000003278255463 clean_ce=0.38577547669410706 clean_ce_term=0.015913238748908043 consistency_term=0.0003869531210511923 consistency_weight=0.5 js_raw=0.0773906260728836 lr=0.08639865141260522 nat_kd=0.008402137085795403 pcgrad_conflicts=0 push=0.006053547840565443 push_term=0.00030267739202827215 student_updates=1 teacher_ce=0.34270307421684265 teacher_lr=4.2983094610173406e-05 teacher_margin=2.250051259994507 teacher_margin_term=0.012937795370817184 teacher_updates=1 temp_adv=1.2249999999999752 temp_nat=2.5659999999998275 temperature_updates=1 total_loss=0.05383548513054848 views=2
2026-09-16 04:26:26.312 | INFO     | __main__:<module>:875 - TRAIN_EPOCH_RESOURCE epoch=186 seconds=974.1491019316018 peak_allocated_bytes=11589042688
2026-09-16 04:26:26.312 | INFO     | __main__:<module>:482 - METHOD epoch=187 views=2 awp_gamma=0.002 consistency_weight=0.5
2026-09-16 04:26:26.312 | INFO     | __main__:<module>:485 - the 187th epoch 
2026-09-16 04:26:28.826 | INFO     | __main__:<module>:497 - METHOD_BATCH epoch=187 step=0 adv_kd=0.01555497944355011 awp_gamma=0.002 awp_relative_norm_max=0.0020000003278255463 clean_ce=0.4042743444442749 clean_ce_term=0.016928989440202713 consistency_term=0.0005501142586581409 consistency_weight=0.5 js_raw=0.11002285778522491 lr=0.08567149177721237 nat_kd=0.008884087204933167 pcgrad_conflicts=0 push=0.006872044876217842 push_term=0.00034360226709395647 student_updates=1 teacher_ce=0.4514691233634949 teacher_lr=4.236131661191854e-05 teacher_margin=2.2563037872314453 teacher_margin_term=0.013255784288048744 teacher_updates=1 temp_adv=1.2339999999999742 temp_nat=2.5569999999998285 temperature_updates=1 total_loss=0.05551755428314209 views=2
2026-09-16 04:30:38.455 | INFO     | __main__:<module>:497 - METHOD_BATCH epoch=187 step=100 adv_kd=0.015398764982819557 awp_gamma=0.002 awp_relative_norm_max=0.0020000003278255463 clean_ce=0.4061589241027832 clean_ce_term=0.01700790598988533 consistency_term=0.0004145455895923078 consistency_weight=0.5 js_raw=0.08290912210941315 lr=0.08567149177721237 nat_kd=0.0077066607773303986 pcgrad_conflicts=0 push=0.005918096750974655 push_term=0.00029590484336949885 student_updates=1 teacher_ce=0.32730732858181 teacher_lr=4.236131661191854e-05 teacher_margin=2.1834311485290527 teacher_margin_term=0.012827657163143158 teacher_updates=1 temp_adv=1.235999999999974 temp_nat=2.5549999999998287 temperature_updates=1 total_loss=0.053651440888643265 views=2
2026-09-16 04:34:47.843 | INFO     | __main__:<module>:497 - METHOD_BATCH epoch=187 step=200 adv_kd=0.015532289631664753 awp_gamma=0.002 awp_relative_norm_max=0.0020000003278255463 clean_ce=0.40630853176116943 clean_ce_term=0.017014170065522194 consistency_term=0.000626056978944689 consistency_weight=0.5 js_raw=0.12521140277385712 lr=0.08567149177721237 nat_kd=0.01013134978711605 pcgrad_conflicts=0 push=0.004430118948221207 push_term=0.00022150595032144338 student_updates=1 teacher_ce=0.39313703775405884 teacher_lr=4.236131661191854e-05 teacher_margin=2.243387222290039 teacher_margin_term=0.013179900124669075 teacher_updates=1 temp_adv=1.227999999999975 temp_nat=2.562999999999828 temperature_updates=1 total_loss=0.05670527368783951 views=2
2026-09-16 04:38:55.505 | INFO     | __main__:<module>:497 - METHOD_BATCH epoch=187 step=300 adv_kd=0.017366398125886917 awp_gamma=0.002 awp_relative_norm_max=0.0020000003278255463 clean_ce=0.39025750756263733 clean_ce_term=0.016342032700777054 consistency_term=0.000523895607329905 consistency_weight=0.5 js_raw=0.10477912425994873 lr=0.08567149177721237 nat_kd=0.008778423070907593 pcgrad_conflicts=0 push=0.00595134450122714 push_term=0.000297567225061357 student_updates=1 teacher_ce=0.3816603869199753 teacher_lr=4.236131661191854e-05 teacher_margin=2.4120473861694336 teacher_margin_term=0.014170777052640915 teacher_updates=1 temp_adv=1.227999999999975 temp_nat=2.562999999999828 temperature_updates=1 total_loss=0.057479094713926315 views=2
2026-09-16 04:42:37.306 | INFO     | __main__:<module>:875 - TRAIN_EPOCH_RESOURCE epoch=187 seconds=970.993847258389 peak_allocated_bytes=11589042688
2026-09-16 04:42:37.307 | INFO     | __main__:<module>:482 - METHOD epoch=188 views=2 awp_gamma=0.002 consistency_weight=0.5
2026-09-16 04:42:37.307 | INFO     | __main__:<module>:485 - the 188th epoch 
2026-09-16 04:42:39.783 | INFO     | __main__:<module>:497 - METHOD_BATCH epoch=188 step=0 adv_kd=0.01538088172674179 awp_gamma=0.002 awp_relative_norm_max=0.0020000003278255463 clean_ce=0.38371527194976807 clean_ce_term=0.016307897865772247 consistency_term=0.00047205007285811007 consistency_weight=0.5 js_raw=0.0944100171327591 lr=0.08492864421522149 nat_kd=0.008085578680038452 pcgrad_conflicts=0 push=0.005794999189674854 push_term=0.0002897499653045088 student_updates=1 teacher_ce=0.2577008306980133 teacher_lr=4.174076200178101e-05 teacher_margin=2.1193087100982666 teacher_margin_term=0.01271585188806057 teacher_updates=1 temp_adv=1.2289999999999748 temp_nat=2.561999999999828 temperature_updates=1 total_loss=0.05325201153755188 views=2
2026-09-16 04:46:46.781 | INFO     | __main__:<module>:497 - METHOD_BATCH epoch=188 step=100 adv_kd=0.0158365648239851 awp_gamma=0.002 awp_relative_norm_max=0.0020000003278255463 clean_ce=0.372797429561615 clean_ce_term=0.015843890607357025 consistency_term=0.000515311025083065 consistency_weight=0.5 js_raw=0.1030622124671936 lr=0.08492864421522149 nat_kd=0.009392602369189262 pcgrad_conflicts=0 push=0.005079827271401882 push_term=0.00025399139849469066 student_updates=1 teacher_ce=0.48449544608592987 teacher_lr=4.174076200178101e-05 teacher_margin=2.2350940704345703 teacher_margin_term=0.013410564512014389 teacher_updates=1 temp_adv=1.2309999999999746 temp_nat=2.559999999999828 temperature_updates=1 total_loss=0.05525292456150055 views=2
2026-09-16 04:50:56.681 | INFO     | __main__:<module>:497 - METHOD_BATCH epoch=188 step=200 adv_kd=0.014561610296368599 awp_gamma=0.002 awp_relative_norm_max=0.0020000003278255463 clean_ce=0.4155398905277252 clean_ce_term=0.01766044646501541 consistency_term=0.0005288715474307537 consistency_weight=0.5 js_raw=0.10577431321144104 lr=0.08492864421522149 nat_kd=0.008601406589150429 pcgrad_conflicts=0 push=0.003984581213444471 push_term=0.00019922904903069139 student_updates=1 teacher_ce=0.37366215884685516 teacher_lr=4.174076200178101e-05 teacher_margin=2.02992582321167 teacher_margin_term=0.01217955444008112 teacher_updates=1 temp_adv=1.226999999999975 temp_nat=2.5639999999998278 temperature_updates=1 total_loss=0.05373111367225647 views=2
2026-09-16 04:55:05.611 | INFO     | __main__:<module>:497 - METHOD_BATCH epoch=188 step=300 adv_kd=0.015518671832978725 awp_gamma=0.002 awp_relative_norm_max=0.0020000003278255463 clean_ce=0.39672034978866577 clean_ce_term=0.016860615462064743 consistency_term=0.00043058625306002796 consistency_weight=0.5 js_raw=0.08611725270748138 lr=0.08492864421522149 nat_kd=0.009194533340632915 pcgrad_conflicts=0 push=0.005239233374595642 push_term=0.0002619616570882499 student_updates=1 teacher_ce=0.4183233082294464 teacher_lr=4.174076200178101e-05 teacher_margin=2.3380932807922363 teacher_margin_term=0.014028560370206833 teacher_updates=1 temp_adv=1.2289999999999748 temp_nat=2.561999999999828 temperature_updates=1 total_loss=0.05629492923617363 views=2
2026-09-16 04:58:47.172 | INFO     | __main__:<module>:875 - TRAIN_EPOCH_RESOURCE epoch=188 seconds=969.8653068207204 peak_allocated_bytes=11589042688
2026-09-16 04:58:47.172 | INFO     | __main__:<module>:482 - METHOD epoch=189 views=2 awp_gamma=0.002 consistency_weight=0.5
2026-09-16 04:58:47.173 | INFO     | __main__:<module>:485 - the 189th epoch 
2026-09-16 04:58:49.632 | INFO     | __main__:<module>:497 - METHOD_BATCH epoch=189 step=0 adv_kd=0.01583936996757984 awp_gamma=0.002 awp_relative_norm_max=0.0020000003278255463 clean_ce=0.3793475031852722 clean_ce_term=0.01635936088860035 consistency_term=0.0004806542710866779 consistency_weight=0.5 js_raw=0.0961308553814888 lr=0.08417043684485821 nat_kd=0.008960569277405739 pcgrad_conflicts=0 push=0.005952862091362476 push_term=0.0002976431278511882 student_updates=1 teacher_ce=0.4065975099802017 teacher_lr=4.1121528909913616e-05 teacher_margin=2.2590763568878174 teacher_margin_term=0.013836842030286789 teacher_updates=1 temp_adv=1.225999999999975 temp_nat=2.5649999999998276 temperature_updates=1 total_loss=0.05577443912625313 views=2
2026-09-16 05:02:58.407 | INFO     | __main__:<module>:497 - METHOD_BATCH epoch=189 step=100 adv_kd=0.016966573894023895 awp_gamma=0.002 awp_relative_norm_max=0.0020000003278255463 clean_ce=0.3833085894584656 clean_ce_term=0.01653018221259117 consistency_term=0.0006292023463174701 consistency_weight=0.5 js_raw=0.1258404701948166 lr=0.08417043684485821 nat_kd=0.008876115083694458 pcgrad_conflicts=0 push=0.006930023431777954 push_term=0.0003465011832304299 student_updates=1 teacher_ce=0.3679244667291641 teacher_lr=4.1121528909913616e-05 teacher_margin=2.4409046173095703 teacher_margin_term=0.014950539916753769 teacher_updates=1 temp_adv=1.227999999999975 temp_nat=2.562999999999828 temperature_updates=1 total_loss=0.05829911679029465 views=2
2026-09-16 05:07:09.614 | INFO     | __main__:<module>:497 - METHOD_BATCH epoch=189 step=200 adv_kd=0.01384401973336935 awp_gamma=0.002 awp_relative_norm_max=0.0020000003278255463 clean_ce=0.365261048078537 clean_ce_term=0.015751883387565613 consistency_term=0.0004661210405174643 consistency_weight=0.5 js_raw=0.09322421252727509 lr=0.08417043684485821 nat_kd=0.00753652211278677 pcgrad_conflicts=0 push=0.0051944563165307045 push_term=0.0002597228158265352 student_updates=1 teacher_ce=0.2953183054924011 teacher_lr=4.1121528909913616e-05 teacher_margin=2.0493178367614746 teacher_margin_term=0.012552072294056416 teacher_updates=1 temp_adv=1.2319999999999744 temp_nat=2.5589999999998283 temperature_updates=1 total_loss=0.05041033402085304 views=2
2026-09-16 05:11:18.056 | INFO     | __main__:<module>:497 - METHOD_BATCH epoch=189 step=300 adv_kd=0.01464700698852539 awp_gamma=0.002 awp_relative_norm_max=0.0020000003278255463 clean_ce=0.42332693934440613 clean_ce_term=0.01825597509741783 consistency_term=0.00045672792475670576 consistency_weight=0.5 js_raw=0.09134558588266373 lr=0.08417043684485821 nat_kd=0.00952147040516138 pcgrad_conflicts=0 push=0.004273126367479563 push_term=0.00021365631255321205 student_updates=1 teacher_ce=0.3938710689544678 teacher_lr=4.1121528909913616e-05 teacher_margin=2.171374797821045 teacher_margin_term=0.013299670070409775 teacher_updates=1 temp_adv=1.235999999999974 temp_nat=2.5549999999998287 temperature_updates=1 total_loss=0.056394509971141815 views=2
2026-09-16 05:15:02.553 | INFO     | __main__:<module>:875 - TRAIN_EPOCH_RESOURCE epoch=189 seconds=975.3799148052931 peak_allocated_bytes=11589042688
2026-09-16 05:15:02.553 | INFO     | __main__:<module>:482 - METHOD epoch=190 views=2 awp_gamma=0.002 consistency_weight=0.5
2026-09-16 05:15:02.553 | INFO     | __main__:<module>:485 - the 190th epoch 
2026-09-16 05:15:05.191 | INFO     | __main__:<module>:497 - METHOD_BATCH epoch=190 step=0 adv_kd=0.013127027079463005 awp_gamma=0.002 awp_relative_norm_max=0.0020000003278255463 clean_ce=0.3744645118713379 clean_ce_term=0.016382822766900063 consistency_term=0.0004902124055661261 consistency_weight=0.5 js_raw=0.09804248064756393 lr=0.08339720454804611 nat_kd=0.0078182527795434 pcgrad_conflicts=0 push=0.005119781941175461 push_term=0.00025598908541724086 student_updates=1 teacher_ce=0.3355984389781952 teacher_lr=4.0503715244535096e-05 teacher_margin=1.8534904718399048 teacher_margin_term=0.011584315448999405 teacher_updates=1 temp_adv=1.2229999999999754 temp_nat=2.5679999999998273 temperature_updates=1 total_loss=0.04965861886739731 views=2
2026-09-16 05:19:15.818 | INFO     | __main__:<module>:497 - METHOD_BATCH epoch=190 step=100 adv_kd=0.016840089112520218 awp_gamma=0.002 awp_relative_norm_max=0.0020000003278255463 clean_ce=0.3856327533721924 clean_ce_term=0.016871433705091476 consistency_term=0.0005174708203412592 consistency_weight=0.5 js_raw=0.10349416732788086 lr=0.08339720454804611 nat_kd=0.008500244468450546 pcgrad_conflicts=0 push=0.005361310672014952 push_term=0.00026806554524227977 student_updates=1 teacher_ce=0.3335537314414978 teacher_lr=4.0503715244535096e-05 teacher_margin=2.2620482444763184 teacher_margin_term=0.014137801714241505 teacher_updates=1 temp_adv=1.2289999999999748 temp_nat=2.561999999999828 temperature_updates=1 total_loss=0.05713510513305664 views=2
2026-09-16 05:23:26.375 | INFO     | __main__:<module>:497 - METHOD_BATCH epoch=190 step=200 adv_kd=0.01449576299637556 awp_gamma=0.002 awp_relative_norm_max=0.0020000003278255463 clean_ce=0.38144129514694214 clean_ce_term=0.01668805629014969 consistency_term=0.00042239337926730514 consistency_weight=0.5 js_raw=0.08447867631912231 lr=0.08339720454804611 nat_kd=0.008655893616378307 pcgrad_conflicts=0 push=0.005908839870244265 push_term=0.0002954420051537454 student_updates=1 teacher_ce=0.4038945883512497 teacher_lr=4.0503715244535096e-05 teacher_margin=2.0854551792144775 teacher_margin_term=0.013034095056355 teacher_updates=1 temp_adv=1.2349999999999741 temp_nat=2.5559999999998286 temperature_updates=1 total_loss=0.053591642528772354 views=2
2026-09-16 05:27:36.727 | INFO     | __main__:<module>:497 - METHOD_BATCH epoch=190 step=300 adv_kd=0.014850854873657227 awp_gamma=0.002 awp_relative_norm_max=0.0020000003278255463 clean_ce=0.36508265137672424 clean_ce_term=0.01597236469388008 consistency_term=0.0005151408258825541 consistency_weight=0.5 js_raw=0.10302817076444626 lr=0.08339720454804611 nat_kd=0.008594108745455742 pcgrad_conflicts=0 push=0.0066186776384711266 push_term=0.0003309338935650885 student_updates=1 teacher_ce=0.4113023281097412 teacher_lr=4.0503715244535096e-05 teacher_margin=2.1056134700775146 teacher_margin_term=0.013160084374248981 teacher_updates=1 temp_adv=1.226999999999975 temp_nat=2.5639999999998278 temperature_updates=1 total_loss=0.05342348664999008 views=2
2026-09-16 05:31:26.187 | INFO     | __main__:<module>:875 - TRAIN_EPOCH_RESOURCE epoch=190 seconds=983.6334229782224 peak_allocated_bytes=11589042688
2026-09-16 05:32:28.138 | INFO     | __main__:<module>:934 - student robust acc 0.3015, teacher robust acc 0.4802, nat teacher robust acc 0.3417
2026-09-16 05:32:50.044 | INFO     | __main__:<module>:1007 - best accuracy:0.47865
2026-09-16 05:32:50.044 | INFO     | __main__:<module>:1010 - student natural acc 0.6558, adv teacher natural acc 0.6174, nat teacher natural acc 0.7650
2026-09-16 05:32:50.046 | INFO     | __main__:<module>:482 - METHOD epoch=191 views=2 awp_gamma=0.002 consistency_weight=0.5
2026-09-16 05:32:50.046 | INFO     | __main__:<module>:485 - the 191th epoch 
2026-09-16 05:32:52.618 | INFO     | __main__:<module>:497 - METHOD_BATCH epoch=191 step=0 adv_kd=0.015979405492544174 awp_gamma=0.002 awp_relative_norm_max=0.0020000003278255463 clean_ce=0.38737523555755615 clean_ce_term=0.01718977466225624 consistency_term=0.0006373247597366571 consistency_weight=0.5 js_raw=0.12746495008468628 lr=0.08260928882098305 nat_kd=0.007891320623457432 pcgrad_conflicts=0 push=0.006615334656089544 push_term=0.00033076672116294503 student_updates=1 teacher_ce=0.32485830783843994 teacher_lr=3.9887418676270756e-05 teacher_margin=2.270906448364258 teacher_margin_term=0.014477028511464596 teacher_updates=1 temp_adv=1.2219999999999756 temp_nat=2.568999999999827 temperature_updates=1 total_loss=0.05650562047958374 views=2
2026-09-16 05:37:09.255 | INFO     | __main__:<module>:497 - METHOD_BATCH epoch=191 step=100 adv_kd=0.01624208129942417 awp_gamma=0.002 awp_relative_norm_max=0.0020000003278255463 clean_ce=0.37560394406318665 clean_ce_term=0.016667425632476807 consistency_term=0.0005851408932358027 consistency_weight=0.5 js_raw=0.11702817678451538 lr=0.08260928882098305 nat_kd=0.009590128436684608 pcgrad_conflicts=0 push=0.006116865202784538 push_term=0.0003058432776015252 student_updates=1 teacher_ce=0.4407946616411209 teacher_lr=3.9887418676270756e-05 teacher_margin=2.349853277206421 teacher_margin_term=0.014980314299464226 teacher_updates=1 temp_adv=1.2339999999999742 temp_nat=2.5569999999998285 temperature_updates=1 total_loss=0.058370936661958694 views=2
2026-09-16 05:41:26.081 | INFO     | __main__:<module>:497 - METHOD_BATCH epoch=191 step=200 adv_kd=0.014988327398896217 awp_gamma=0.002 awp_relative_norm_max=0.0020000003278255463 clean_ce=0.36959901452064514 clean_ce_term=0.016400955617427826 consistency_term=0.00034899968886747956 consistency_weight=0.5 js_raw=0.06979993730783463 lr=0.08260928882098305 nat_kd=0.008802538737654686 pcgrad_conflicts=0 push=0.005513810086995363 push_term=0.00027569051599130034 student_updates=1 teacher_ce=0.32316337525844574 teacher_lr=3.9887418676270756e-05 teacher_margin=2.10871958732605 teacher_margin_term=0.013443087227642536 teacher_updates=1 temp_adv=1.227999999999975 temp_nat=2.562999999999828 temperature_updates=1 total_loss=0.05425959825515747 views=2
2026-09-16 05:45:43.042 | INFO     | __main__:<module>:497 - METHOD_BATCH epoch=191 step=300 adv_kd=0.016101013869047165 awp_gamma=0.002 awp_relative_norm_max=0.0020000003278255463 clean_ce=0.395086407661438 clean_ce_term=0.01753195747733116 consistency_term=0.0005501759587787092 consistency_weight=0.5 js_raw=0.11003518849611282 lr=0.08260928882098305 nat_kd=0.008616832084953785 pcgrad_conflicts=0 push=0.006773453671485186 push_term=0.00033867268939502537 student_updates=1 teacher_ce=0.3806154578924179 teacher_lr=3.9887418676270756e-05 teacher_margin=2.2504308223724365 teacher_margin_term=0.01434649620205164 teacher_updates=1 temp_adv=1.227999999999975 temp_nat=2.562999999999828 temperature_updates=1 total_loss=0.057485152035951614 views=2
2026-09-16 05:49:27.925 | INFO     | __main__:<module>:875 - TRAIN_EPOCH_RESOURCE epoch=191 seconds=997.8789021186531 peak_allocated_bytes=11589042688
2026-09-16 05:49:27.925 | INFO     | __main__:<module>:482 - METHOD epoch=192 views=2 awp_gamma=0.002 consistency_weight=0.5
2026-09-16 05:49:27.925 | INFO     | __main__:<module>:485 - the 192th epoch 
2026-09-16 05:49:30.400 | INFO     | __main__:<module>:497 - METHOD_BATCH epoch=192 step=0 adv_kd=0.015417849645018578 awp_gamma=0.002 awp_relative_norm_max=0.0020000003278255463 clean_ce=0.378323495388031 clean_ce_term=0.017024558037519455 consistency_term=0.0004893699078820646 consistency_weight=0.5 js_raw=0.0978739857673645 lr=0.08180703762177413 nat_kd=0.00910191424190998 pcgrad_conflicts=0 push=0.0054499004036188126 push_term=0.0002724950318224728 student_updates=1 teacher_ce=0.4200814664363861 teacher_lr=3.927273662253263e-05 teacher_margin=2.2147274017333984 teacher_margin_term=0.014395728707313538 teacher_updates=1 temp_adv=1.226999999999975 temp_nat=2.5639999999998278 temperature_updates=1 total_loss=0.056701917201280594 views=2
2026-09-16 05:53:38.672 | INFO     | __main__:<module>:497 - METHOD_BATCH epoch=192 step=100 adv_kd=0.015506760217249393 awp_gamma=0.002 awp_relative_norm_max=0.0020000003278255463 clean_ce=0.37480485439300537 clean_ce_term=0.01686621829867363 consistency_term=0.0004847011005040258 consistency_weight=0.5 js_raw=0.09694021940231323 lr=0.08180703762177413 nat_kd=0.008058220148086548 pcgrad_conflicts=0 push=0.005469067022204399 push_term=0.00027345336275175214 student_updates=1 teacher_ce=0.35815924406051636 teacher_lr=3.927273662253263e-05 teacher_margin=2.158092498779297 teacher_margin_term=0.014027601107954979 teacher_updates=1 temp_adv=1.2349999999999741 temp_nat=2.5559999999998286 temperature_updates=1 total_loss=0.0552169568836689 views=2
2026-09-16 05:57:43.815 | INFO     | __main__:<module>:497 - METHOD_BATCH epoch=192 step=200 adv_kd=0.017103752121329308 awp_gamma=0.002 awp_relative_norm_max=0.0020000003278255463 clean_ce=0.33916059136390686 clean_ce_term=0.01526222750544548 consistency_term=0.0004939062637276947 consistency_weight=0.5 js_raw=0.09878125786781311 lr=0.08180703762177413 nat_kd=0.0077206287533044815 pcgrad_conflicts=0 push=0.00731730367988348 push_term=0.000365865183994174 student_updates=1 teacher_ce=0.383021280169487 teacher_lr=3.927273662253263e-05 teacher_margin=2.4837048053741455 teacher_margin_term=0.016144081950187683 teacher_updates=1 temp_adv=1.2349999999999741 temp_nat=2.5559999999998286 temperature_updates=1 total_loss=0.05709046125411987 views=2
2026-09-16 06:01:54.091 | INFO     | __main__:<module>:497 - METHOD_BATCH epoch=192 step=300 adv_kd=0.015330541878938675 awp_gamma=0.002 awp_relative_norm_max=0.0020000003278255463 clean_ce=0.363712877035141 clean_ce_term=0.016367081552743912 consistency_term=0.0007159846136346459 consistency_weight=0.5 js_raw=0.1431969255208969 lr=0.08180703762177413 nat_kd=0.008303927257657051 pcgrad_conflicts=0 push=0.005768252536654472 push_term=0.00028841261519119143 student_updates=1 teacher_ce=0.39393851161003113 teacher_lr=3.927273662253263e-05 teacher_margin=2.187938690185547 teacher_margin_term=0.01422160118818283 teacher_updates=1 temp_adv=1.2349999999999741 temp_nat=2.5559999999998286 temperature_updates=1 total_loss=0.05522754788398743 views=2
2026-09-16 06:05:40.368 | INFO     | __main__:<module>:875 - TRAIN_EPOCH_RESOURCE epoch=192 seconds=972.4428732842207 peak_allocated_bytes=11589042688
2026-09-16 06:05:40.369 | INFO     | __main__:<module>:482 - METHOD epoch=193 views=2 awp_gamma=0.002 consistency_weight=0.5
2026-09-16 06:05:40.369 | INFO     | __main__:<module>:485 - the 193th epoch 
2026-09-16 06:05:42.884 | INFO     | __main__:<module>:497 - METHOD_BATCH epoch=193 step=0 adv_kd=0.01653200387954712 awp_gamma=0.002 awp_relative_norm_max=0.0020000003278255463 clean_ce=0.3919515311717987 clean_ce_term=0.01788279041647911 consistency_term=0.0004903958761133254 consistency_weight=0.5 js_raw=0.09807917475700378 lr=0.0809908052151894 nat_kd=0.008909318596124649 pcgrad_conflicts=0 push=0.0061213234439492226 push_term=0.0003060661838389933 student_updates=1 teacher_ce=0.3650133013725281 teacher_lr=3.865976623194185e-05 teacher_margin=2.3963489532470703 teacher_margin_term=0.015875812619924545 teacher_updates=1 temp_adv=1.2299999999999747 temp_nat=2.560999999999828 temperature_updates=1 total_loss=0.05999638885259628 views=2
2026-09-16 06:09:51.976 | INFO     | __main__:<module>:497 - METHOD_BATCH epoch=193 step=100 adv_kd=0.01617770828306675 awp_gamma=0.002 awp_relative_norm_max=0.0020000003278255463 clean_ce=0.366892009973526 clean_ce_term=0.01673944666981697 consistency_term=0.0006137144519016147 consistency_weight=0.5 js_raw=0.1227428987622261 lr=0.0809908052151894 nat_kd=0.009054819121956825 pcgrad_conflicts=0 push=0.005472732707858086 push_term=0.00027363665867596865 student_updates=1 teacher_ce=0.4121217727661133 teacher_lr=3.865976623194185e-05 teacher_margin=2.3295300006866455 teacher_margin_term=0.015433136373758316 teacher_updates=1 temp_adv=1.2299999999999747 temp_nat=2.560999999999828 temperature_updates=1 total_loss=0.058292463421821594 views=2
2026-09-16 06:14:00.812 | INFO     | __main__:<module>:497 - METHOD_BATCH epoch=193 step=200 adv_kd=0.015719996765255928 awp_gamma=0.002 awp_relative_norm_max=0.0020000003278255463 clean_ce=0.3492019772529602 clean_ce_term=0.015932340174913406 consistency_term=0.00042613063124008477 consistency_weight=0.5 js_raw=0.08522612601518631 lr=0.0809908052151894 nat_kd=0.008358092047274113 pcgrad_conflicts=0 push=0.005163263529539108 push_term=0.0002581631997600198 student_updates=1 teacher_ce=0.40110278129577637 teacher_lr=3.865976623194185e-05 teacher_margin=2.130173921585083 teacher_margin_term=0.014112401753664017 teacher_updates=1 temp_adv=1.227999999999975 temp_nat=2.562999999999828 temperature_updates=1 total_loss=0.05480712652206421 views=2
2026-09-16 06:18:11.260 | INFO     | __main__:<module>:497 - METHOD_BATCH epoch=193 step=300 adv_kd=0.016553722321987152 awp_gamma=0.002 awp_relative_norm_max=0.0020000003278255463 clean_ce=0.37352705001831055 clean_ce_term=0.017042173072695732 consistency_term=0.0004590461903717369 consistency_weight=0.5 js_raw=0.0918092429637909 lr=0.0809908052151894 nat_kd=0.00874283630400896 pcgrad_conflicts=0 push=0.006346562877297401 push_term=0.00031732814386487007 student_updates=1 teacher_ce=0.4351148456335068 teacher_lr=3.865976623194185e-05 teacher_margin=2.277205228805542 teacher_margin_term=0.015086484141647816 teacher_updates=1 temp_adv=1.235999999999974 temp_nat=2.5549999999998287 temperature_updates=1 total_loss=0.058201584964990616 views=2
2026-09-16 06:21:55.915 | INFO     | __main__:<module>:875 - TRAIN_EPOCH_RESOURCE epoch=193 seconds=975.5463904812932 peak_allocated_bytes=11589042688
2026-09-16 06:21:55.916 | INFO     | __main__:<module>:482 - METHOD epoch=194 views=2 awp_gamma=0.002 consistency_weight=0.5
2026-09-16 06:21:55.916 | INFO     | __main__:<module>:485 - the 194th epoch 
2026-09-16 06:21:58.458 | INFO     | __main__:<module>:497 - METHOD_BATCH epoch=194 step=0 adv_kd=0.015965137630701065 awp_gamma=0.002 awp_relative_norm_max=0.0020000003278255463 clean_ce=0.3716997504234314 clean_ce_term=0.01719111204147339 consistency_term=0.0005194905679672956 consistency_weight=0.5 js_raw=0.10389811545610428 lr=0.0801609520146163 nat_kd=0.008071063086390495 pcgrad_conflicts=0 push=0.005552248097956181 push_term=0.0002776124165393412 student_updates=1 teacher_ce=0.4165351986885071 teacher_lr=3.804860436879556e-05 teacher_margin=2.2143492698669434 teacher_margin_term=0.01494685746729374 teacher_updates=1 temp_adv=1.2329999999999743 temp_nat=2.5579999999998284 temperature_updates=1 total_loss=0.05697127431631088 views=2
2026-09-16 06:26:05.924 | INFO     | __main__:<module>:497 - METHOD_BATCH epoch=194 step=100 adv_kd=0.014841003343462944 awp_gamma=0.002 awp_relative_norm_max=0.0020000003278255463 clean_ce=0.3959099054336548 clean_ce_term=0.01831083372235298 consistency_term=0.00044140397221781313 consistency_weight=0.5 js_raw=0.08828079700469971 lr=0.0801609520146163 nat_kd=0.00834660604596138 pcgrad_conflicts=0 push=0.005122347269207239 push_term=0.00025611737510189414 student_updates=1 teacher_ce=0.3569766581058502 teacher_lr=3.804860436879556e-05 teacher_margin=2.106325149536133 teacher_margin_term=0.014217695221304893 teacher_updates=1 temp_adv=1.2349999999999741 temp_nat=2.5559999999998286 temperature_updates=1 total_loss=0.05641365796327591 views=2
2026-09-16 06:30:15.626 | INFO     | __main__:<module>:497 - METHOD_BATCH epoch=194 step=200 adv_kd=0.016485512256622314 awp_gamma=0.002 awp_relative_norm_max=0.0020000003278255463 clean_ce=0.37238284945487976 clean_ce_term=0.017222706228494644 consistency_term=0.0005376460030674934 consistency_weight=0.5 js_raw=0.10752920806407928 lr=0.0801609520146163 nat_kd=0.008061734959483147 pcgrad_conflicts=0 push=0.0063089607283473015 push_term=0.0003154480364173651 student_updates=1 teacher_ce=0.3422551453113556 teacher_lr=3.804860436879556e-05 teacher_margin=2.315589427947998 teacher_margin_term=0.01563023030757904 teacher_updates=1 temp_adv=1.2349999999999741 temp_nat=2.5559999999998286 temperature_updates=1 total_loss=0.058253273367881775 views=2
2026-09-16 06:34:21.192 | INFO     | __main__:<module>:497 - METHOD_BATCH epoch=194 step=300 adv_kd=0.01464125607162714 awp_gamma=0.002 awp_relative_norm_max=0.0020000003278255463 clean_ce=0.3806762099266052 clean_ce_term=0.017606275156140327 consistency_term=0.0005320241907611489 consistency_weight=0.5 js_raw=0.10640484094619751 lr=0.0801609520146163 nat_kd=0.007800024002790451 pcgrad_conflicts=0 push=0.0059435321018099785 push_term=0.0002971766225527972 student_updates=1 teacher_ce=0.36526747047901154 teacher_lr=3.804860436879556e-05 teacher_margin=2.0224361419677734 teacher_margin_term=0.013651445508003235 teacher_updates=1 temp_adv=1.2329999999999743 temp_nat=2.5579999999998284 temperature_updates=1 total_loss=0.05452820286154747 views=2
2026-09-16 06:38:00.045 | INFO     | __main__:<module>:875 - TRAIN_EPOCH_RESOURCE epoch=194 seconds=964.1292401812971 peak_allocated_bytes=11589042688
2026-09-16 06:38:00.045 | INFO     | __main__:<module>:482 - METHOD epoch=195 views=2 awp_gamma=0.002 consistency_weight=0.5
2026-09-16 06:38:00.045 | INFO     | __main__:<module>:485 - the 195th epoch 
2026-09-16 06:38:02.524 | INFO     | __main__:<module>:497 - METHOD_BATCH epoch=195 step=0 adv_kd=0.014758069068193436 awp_gamma=0.002 awp_relative_norm_max=0.0020000003278255463 clean_ce=0.3789643347263336 clean_ce_term=0.017763953655958176 consistency_term=0.0005830181762576103 consistency_weight=0.5 js_raw=0.11660364270210266 lr=0.07931784442127823 nat_kd=0.009061709977686405 pcgrad_conflicts=0 push=0.005204400978982449 push_term=0.0002602200547698885 student_updates=1 teacher_ce=0.4971197545528412 teacher_lr=3.7439347597580925e-05 teacher_margin=2.027156352996826 teacher_margin_term=0.01393670029938221 teacher_updates=1 temp_adv=1.2339999999999742 temp_nat=2.5569999999998285 temperature_updates=1 total_loss=0.05636367201805115 views=2
2026-09-16 06:42:07.858 | INFO     | __main__:<module>:497 - METHOD_BATCH epoch=195 step=100 adv_kd=0.014055673032999039 awp_gamma=0.002 awp_relative_norm_max=0.0020000003278255463 clean_ce=0.38585615158081055 clean_ce_term=0.018087007105350494 consistency_term=0.0005145074101164937 consistency_weight=0.5 js_raw=0.10290148109197617 lr=0.07931784442127823 nat_kd=0.008058887906372547 pcgrad_conflicts=0 push=0.005472596734762192 push_term=0.00027362984837964177 student_updates=1 teacher_ce=0.42972543835639954 teacher_lr=3.7439347597580925e-05 teacher_margin=2.07985782623291 teacher_margin_term=0.014299023896455765 teacher_updates=1 temp_adv=1.2339999999999742 temp_nat=2.5569999999998285 temperature_updates=1 total_loss=0.05528872832655907 views=2
2026-09-16 06:46:10.488 | INFO     | __main__:<module>:497 - METHOD_BATCH epoch=195 step=200 adv_kd=0.01598403975367546 awp_gamma=0.002 awp_relative_norm_max=0.0020000003278255463 clean_ce=0.3836263418197632 clean_ce_term=0.01798248663544655 consistency_term=0.0005042635602876544 consistency_weight=0.5 js_raw=0.10085271298885345 lr=0.07931784442127823 nat_kd=0.009435266256332397 pcgrad_conflicts=0 push=0.00583948940038681 push_term=0.00029197445837780833 student_updates=1 teacher_ce=0.40628741681575775 teacher_lr=3.7439347597580925e-05 teacher_margin=2.1914803981781006 teacher_margin_term=0.015066428110003471 teacher_updates=1 temp_adv=1.235999999999974 temp_nat=2.5549999999998287 temperature_updates=1 total_loss=0.05926445871591568 views=2
2026-09-16 06:50:16.924 | INFO     | __main__:<module>:497 - METHOD_BATCH epoch=195 step=300 adv_kd=0.01509917713701725 awp_gamma=0.002 awp_relative_norm_max=0.0020000003278255463 clean_ce=0.3621654808521271 clean_ce_term=0.016976507380604744 consistency_term=0.0004595327191054821 consistency_weight=0.5 js_raw=0.09190654754638672 lr=0.07931784442127823 nat_kd=0.008154922164976597 pcgrad_conflicts=0 push=0.006077536381781101 push_term=0.00030387681908905506 student_updates=1 teacher_ce=0.34933388233184814 teacher_lr=3.7439347597580925e-05 teacher_margin=2.121628761291504 teacher_margin_term=0.014586197212338448 teacher_updates=1 temp_adv=1.235999999999974 temp_nat=2.5549999999998287 temperature_updates=1 total_loss=0.05558021366596222 views=2
2026-09-16 06:53:58.267 | INFO     | __main__:<module>:875 - TRAIN_EPOCH_RESOURCE epoch=195 seconds=958.2217303849757 peak_allocated_bytes=11589042688
2026-09-16 06:53:58.268 | INFO     | __main__:<module>:482 - METHOD epoch=196 views=2 awp_gamma=0.002 consistency_weight=0.5
2026-09-16 06:53:58.268 | INFO     | __main__:<module>:485 - the 196th epoch 
2026-09-16 06:54:00.758 | INFO     | __main__:<module>:497 - METHOD_BATCH epoch=196 step=0 adv_kd=0.014041255228221416 awp_gamma=0.002 awp_relative_norm_max=0.0020000003278255463 clean_ce=0.38374844193458557 clean_ce_term=0.01822805032134056 consistency_term=0.0005590790533460677 consistency_weight=0.5 js_raw=0.11181581020355225 lr=0.0784618546607908 nat_kd=0.008258783258497715 pcgrad_conflicts=0 push=0.005910501815378666 push_term=0.00029552512569352984 student_updates=1 teacher_ce=0.4038822203874588 teacher_lr=3.683209216753878e-05 teacher_margin=1.977113127708435 teacher_margin_term=0.01383979246020317 teacher_updates=1 temp_adv=1.2349999999999741 temp_nat=2.5559999999998286 temperature_updates=1 total_loss=0.05522248521447182 views=2
2026-09-16 06:58:03.131 | INFO     | __main__:<module>:497 - METHOD_BATCH epoch=196 step=100 adv_kd=0.015095052309334278 awp_gamma=0.002 awp_relative_norm_max=0.00200000056065619 clean_ce=0.35038304328918457 clean_ce_term=0.01664319448173046 consistency_term=0.0006075511919334531 consistency_weight=0.5 js_raw=0.12151024490594864 lr=0.0784618546607908 nat_kd=0.007755436934530735 pcgrad_conflicts=0 push=0.005687904078513384 push_term=0.0002843952097464353 student_updates=1 teacher_ce=0.3637169599533081 teacher_lr=3.683209216753878e-05 teacher_margin=2.197970390319824 teacher_margin_term=0.015385793522000313 teacher_updates=1 temp_adv=1.2389999999999737 temp_nat=2.551999999999829 temperature_updates=1 total_loss=0.055771421641111374 views=2
2026-09-16 07:02:11.852 | INFO     | __main__:<module>:497 - METHOD_BATCH epoch=196 step=200 adv_kd=0.015278644859790802 awp_gamma=0.002 awp_relative_norm_max=0.0020000003278255463 clean_ce=0.3683301508426666 clean_ce_term=0.01749568060040474 consistency_term=0.00047802511835470796 consistency_weight=0.5 js_raw=0.0956050232052803 lr=0.0784618546607908 nat_kd=0.008050307631492615 pcgrad_conflicts=0 push=0.005533399526029825 push_term=0.00027666997630149126 student_updates=1 teacher_ce=0.4110979288816452 teacher_lr=3.683209216753878e-05 teacher_margin=2.1115269660949707 teacher_margin_term=0.014780690893530846 teacher_updates=1 temp_adv=1.2349999999999741 temp_nat=2.5559999999998286 temperature_updates=1 total_loss=0.056360017508268356 views=2
2026-09-16 07:06:09.796 | INFO     | __main__:<module>:497 - METHOD_BATCH epoch=196 step=300 adv_kd=0.016569558531045914 awp_gamma=0.002 awp_relative_norm_max=0.0020000003278255463 clean_ce=0.3412916362285614 clean_ce_term=0.01621135324239731 consistency_term=0.0005449995514936745 consistency_weight=0.5 js_raw=0.10899991542100906 lr=0.0784618546607908 nat_kd=0.008854065090417862 pcgrad_conflicts=0 push=0.006213524378836155 push_term=0.00031067623058333993 student_updates=1 teacher_ce=0.34573864936828613 teacher_lr=3.683209216753878e-05 teacher_margin=2.436605453491211 teacher_margin_term=0.017056237906217575 teacher_updates=1 temp_adv=1.2389999999999737 temp_nat=2.551999999999829 temperature_updates=1 total_loss=0.05954689159989357 views=2
2026-09-16 07:09:43.025 | INFO     | __main__:<module>:875 - TRAIN_EPOCH_RESOURCE epoch=196 seconds=944.7571536228061 peak_allocated_bytes=11589042688
2026-09-16 07:09:43.025 | INFO     | __main__:<module>:482 - METHOD epoch=197 views=2 awp_gamma=0.002 consistency_weight=0.5
2026-09-16 07:09:43.025 | INFO     | __main__:<module>:485 - the 197th epoch 
2026-09-16 07:09:45.416 | INFO     | __main__:<module>:497 - METHOD_BATCH epoch=197 step=0 adv_kd=0.01471016090363264 awp_gamma=0.002 awp_relative_norm_max=0.0020000003278255463 clean_ce=0.3645671010017395 clean_ce_term=0.017544791102409363 consistency_term=0.0005814745090901852 consistency_weight=0.5 js_raw=0.11629490554332733 lr=0.07759336061712988 nat_kd=0.007339887320995331 pcgrad_conflicts=0 push=0.005206853151321411 push_term=0.00026034266920760274 student_updates=1 teacher_ce=0.2910679876804352 teacher_lr=3.6226933997279435e-05 teacher_margin=2.1024820804595947 teacher_margin_term=0.014980184845626354 teacher_updates=1 temp_adv=1.235999999999974 temp_nat=2.5549999999998287 temperature_updates=1 total_loss=0.055416837334632874 views=2
2026-09-16 07:13:42.893 | INFO     | __main__:<module>:497 - METHOD_BATCH epoch=197 step=100 adv_kd=0.01664070039987564 awp_gamma=0.002 awp_relative_norm_max=0.0020000003278255463 clean_ce=0.3612709045410156 clean_ce_term=0.017386160790920258 consistency_term=0.0005044416757300496 consistency_weight=0.5 js_raw=0.10088834166526794 lr=0.07759336061712988 nat_kd=0.008234990760684013 pcgrad_conflicts=0 push=0.005651312880218029 push_term=0.00028256565565243363 student_updates=1 teacher_ce=0.3103635609149933 teacher_lr=3.6226933997279435e-05 teacher_margin=2.46107816696167 teacher_margin_term=0.01753518357872963 teacher_updates=1 temp_adv=1.2379999999999738 temp_nat=2.552999999999829 temperature_updates=1 total_loss=0.06058404594659805 views=2
2026-09-16 07:17:40.877 | INFO     | __main__:<module>:497 - METHOD_BATCH epoch=197 step=200 adv_kd=0.014623653143644333 awp_gamma=0.002 awp_relative_norm_max=0.0020000003278255463 clean_ce=0.37071937322616577 clean_ce_term=0.01784086972475052 consistency_term=0.0004553882172331214 consistency_weight=0.5 js_raw=0.09107764810323715 lr=0.07759336061712988 nat_kd=0.0080616669729352 pcgrad_conflicts=0 push=0.005786803551018238 push_term=0.00028934015426784754 student_updates=1 teacher_ce=0.47638700902462006 teacher_lr=3.6226933997279435e-05 teacher_margin=2.1375038623809814 teacher_margin_term=0.015229715034365654 teacher_updates=1 temp_adv=1.2339999999999742 temp_nat=2.5569999999998285 temperature_updates=1 total_loss=0.0565006360411644 views=2
2026-09-16 07:21:38.131 | INFO     | __main__:<module>:497 - METHOD_BATCH epoch=197 step=300 adv_kd=0.016965841874480247 awp_gamma=0.002 awp_relative_norm_max=0.0020000003278255463 clean_ce=0.3377481698989868 clean_ce_term=0.016254130750894547 consistency_term=0.0006031554657965899 consistency_weight=0.5 js_raw=0.12063109874725342 lr=0.07759336061712988 nat_kd=0.008934598416090012 pcgrad_conflicts=0 push=0.008505674079060555 push_term=0.0004252837097737938 student_updates=1 teacher_ce=0.3797215670347214 teacher_lr=3.6226933997279435e-05 teacher_margin=2.511038303375244 teacher_margin_term=0.01789114624261856 teacher_updates=1 temp_adv=1.2299999999999747 temp_nat=2.560999999999828 temperature_updates=1 total_loss=0.061074160039424896 views=2
2026-09-16 07:25:11.964 | INFO     | __main__:<module>:875 - TRAIN_EPOCH_RESOURCE epoch=197 seconds=928.9386282116175 peak_allocated_bytes=11589042688
2026-09-16 07:25:11.964 | INFO     | __main__:<module>:482 - METHOD epoch=198 views=2 awp_gamma=0.002 consistency_weight=0.5
2026-09-16 07:25:11.964 | INFO     | __main__:<module>:485 - the 198th epoch 
2026-09-16 07:25:14.363 | INFO     | __main__:<module>:497 - METHOD_BATCH epoch=198 step=0 adv_kd=0.01352758426219225 awp_gamma=0.002 awp_relative_norm_max=0.0020000003278255463 clean_ce=0.3825851082801819 clean_ce_term=0.018651023507118225 consistency_term=0.0005321118514984846 consistency_weight=0.5 js_raw=0.10642237216234207 lr=0.07671274566408602 nat_kd=0.007138587534427643 pcgrad_conflicts=0 push=0.0048683141358196735 push_term=0.00024341570679098368 student_updates=1 teacher_ce=0.2856445163488388 teacher_lr=3.5623968659452956e-05 teacher_margin=1.8370122909545898 teacher_margin_term=0.013318339362740517 teacher_updates=1 temp_adv=1.2409999999999735 temp_nat=2.5499999999998293 temperature_updates=1 total_loss=0.05341106280684471 views=2
2026-09-16 07:29:12.261 | INFO     | __main__:<module>:497 - METHOD_BATCH epoch=198 step=100 adv_kd=0.016539469361305237 awp_gamma=0.002 awp_relative_norm_max=0.0020000003278255463 clean_ce=0.38657286763191223 clean_ce_term=0.01884542778134346 consistency_term=0.0004742984601762146 consistency_weight=0.5 js_raw=0.09485969692468643 lr=0.07671274566408602 nat_kd=0.00814499706029892 pcgrad_conflicts=0 push=0.005520728416740894 push_term=0.0002760364441201091 student_updates=1 teacher_ce=0.4029149264097214 teacher_lr=3.5623968659452956e-05 teacher_margin=2.376279830932617 teacher_margin_term=0.017228027805685997 teacher_updates=1 temp_adv=1.2329999999999743 temp_nat=2.5579999999998284 temperature_updates=1 total_loss=0.06150825694203377 views=2
2026-09-16 07:33:09.905 | INFO     | __main__:<module>:497 - METHOD_BATCH epoch=198 step=200 adv_kd=0.014501066878437996 awp_gamma=0.002 awp_relative_norm_max=0.0020000003278255463 clean_ce=0.3579554855823517 clean_ce_term=0.017450328916311264 consistency_term=0.0005350095452740788 consistency_weight=0.5 js_raw=0.10700191557407379 lr=0.07671274566408602 nat_kd=0.008837670087814331 pcgrad_conflicts=0 push=0.006165770348161459 push_term=0.00030828852322883904 student_updates=1 teacher_ce=0.4785085618495941 teacher_lr=3.5623968659452956e-05 teacher_margin=2.057227611541748 teacher_margin_term=0.014914900064468384 teacher_updates=1 temp_adv=1.2329999999999743 temp_nat=2.5579999999998284 temperature_updates=1 total_loss=0.056547269225120544 views=2
2026-09-16 07:37:08.457 | INFO     | __main__:<module>:497 - METHOD_BATCH epoch=198 step=300 adv_kd=0.015249126590788364 awp_gamma=0.002 awp_relative_norm_max=0.0020000003278255463 clean_ce=0.357585072517395 clean_ce_term=0.01743227057158947 consistency_term=0.0003754050121642649 consistency_weight=0.5 js_raw=0.075081005692482 lr=0.07671274566408602 nat_kd=0.007817890495061874 pcgrad_conflicts=0 push=0.005423645488917828 push_term=0.0002711822744458914 student_updates=1 teacher_ce=0.20308417081832886 teacher_lr=3.5623968659452956e-05 teacher_margin=2.123560905456543 teacher_margin_term=0.0153958173468709 teacher_updates=1 temp_adv=1.2409999999999735 temp_nat=2.5499999999998293 temperature_updates=1 total_loss=0.05654169246554375 views=2
2026-09-16 07:40:42.759 | INFO     | __main__:<module>:875 - TRAIN_EPOCH_RESOURCE epoch=198 seconds=930.7946550995111 peak_allocated_bytes=11589042688
2026-09-16 07:40:42.759 | INFO     | __main__:<module>:482 - METHOD epoch=199 views=2 awp_gamma=0.002 consistency_weight=0.5
2026-09-16 07:40:42.759 | INFO     | __main__:<module>:485 - the 199th epoch 
2026-09-16 07:40:45.159 | INFO     | __main__:<module>:497 - METHOD_BATCH epoch=199 step=0 adv_kd=0.01305595226585865 awp_gamma=0.002 awp_relative_norm_max=0.0020000003278255463 clean_ce=0.3710869252681732 clean_ce_term=0.01832241751253605 consistency_term=0.0004383545892778784 consistency_weight=0.5 js_raw=0.08767092227935791 lr=0.07582039849428059 nat_kd=0.007686019875109196 pcgrad_conflicts=0 push=0.005527423229068518 push_term=0.000276371167274192 student_updates=1 teacher_ce=0.43807215988636017 teacher_lr=3.502329136547651e-05 teacher_margin=1.9995453357696533 teacher_margin_term=0.014746647328138351 teacher_updates=1 temp_adv=1.2339999999999742 temp_nat=2.5569999999998285 temperature_updates=1 total_loss=0.05452576279640198 views=2
2026-09-16 07:44:43.694 | INFO     | __main__:<module>:497 - METHOD_BATCH epoch=199 step=100 adv_kd=0.014184672385454178 awp_gamma=0.002 awp_relative_norm_max=0.0020000003278255463 clean_ce=0.3709174394607544 clean_ce_term=0.018314050510525703 consistency_term=0.0004216021334286779 consistency_weight=0.5 js_raw=0.08432042598724365 lr=0.07582039849428059 nat_kd=0.007723147980868816 pcgrad_conflicts=0 push=0.00628650700673461 push_term=0.00031432535615749657 student_updates=1 teacher_ce=0.4126468747854233 teacher_lr=3.502329136547651e-05 teacher_margin=2.013319253921509 teacher_margin_term=0.014848229475319386 teacher_updates=1 temp_adv=1.2379999999999738 temp_nat=2.552999999999829 temperature_updates=1 total_loss=0.05580602586269379 views=2
2026-09-16 07:48:41.761 | INFO     | __main__:<module>:497 - METHOD_BATCH epoch=199 step=200 adv_kd=0.015229403041303158 awp_gamma=0.002 awp_relative_norm_max=0.0020000003278255463 clean_ce=0.39244794845581055 clean_ce_term=0.019377119839191437 consistency_term=0.0006431874353438616 consistency_weight=0.5 js_raw=0.12863749265670776 lr=0.07582039849428059 nat_kd=0.007576125208288431 pcgrad_conflicts=0 push=0.006525516975671053 push_term=0.00032627585460431874 student_updates=1 teacher_ce=0.3583303540945053 teacher_lr=3.502329136547651e-05 teacher_margin=2.1765735149383545 teacher_margin_term=0.016052231192588806 teacher_updates=1 temp_adv=1.2379999999999738 temp_nat=2.552999999999829 temperature_updates=1 total_loss=0.0592043399810791 views=2
2026-09-16 07:52:39.700 | INFO     | __main__:<module>:497 - METHOD_BATCH epoch=199 step=300 adv_kd=0.015767784789204597 awp_gamma=0.002 awp_relative_norm_max=0.0020000003278255463 clean_ce=0.3511122465133667 clean_ce_term=0.0173361673951149 consistency_term=0.0005283963400870562 consistency_weight=0.5 js_raw=0.10567927360534668 lr=0.07582039849428059 nat_kd=0.009697386994957924 pcgrad_conflicts=0 push=0.0060355570167303085 push_term=0.0003017778508365154 student_updates=1 teacher_ce=0.46768927574157715 teacher_lr=3.502329136547651e-05 teacher_margin=2.3578248023986816 teacher_margin_term=0.017388956621289253 teacher_updates=1 temp_adv=1.2319999999999744 temp_nat=2.5589999999998283 temperature_updates=1 total_loss=0.06102047115564346 views=2
2026-09-16 07:56:16.355 | INFO     | __main__:<module>:875 - TRAIN_EPOCH_RESOURCE epoch=199 seconds=933.595636099577 peak_allocated_bytes=11589042688
2026-09-16 07:56:16.355 | INFO     | __main__:<module>:482 - METHOD epoch=200 views=2 awp_gamma=0.002 consistency_weight=0.5
2026-09-16 07:56:16.356 | INFO     | __main__:<module>:485 - the 200th epoch 
2026-09-16 07:56:18.864 | INFO     | __main__:<module>:497 - METHOD_BATCH epoch=200 step=0 adv_kd=0.014331923797726631 awp_gamma=0.002 awp_relative_norm_max=0.0020000003278255463 clean_ce=0.3699260950088501 clean_ce_term=0.018496304750442505 consistency_term=0.0004639860999304801 consistency_weight=0.5 js_raw=0.09279721975326538 lr=0.07491671294582096 nat_kd=0.008190539665520191 pcgrad_conflicts=0 push=0.006586585193872452 push_term=0.00032932928297668695 student_updates=1 teacher_ce=0.3131796717643738 teacher_lr=3.4424996950321364e-05 teacher_margin=2.1159427165985107 teacher_margin_term=0.015869569033384323 teacher_updates=1 temp_adv=1.2349999999999741 temp_nat=2.5559999999998286 temperature_updates=1 total_loss=0.05768165364861488 views=2
2026-09-16 08:00:26.609 | INFO     | __main__:<module>:497 - METHOD_BATCH epoch=200 step=100 adv_kd=0.015981828793883324 awp_gamma=0.002 awp_relative_norm_max=0.0020000003278255463 clean_ce=0.3177329897880554 clean_ce_term=0.01588664948940277 consistency_term=0.00044652915676124394 consistency_weight=0.5 js_raw=0.0893058329820633 lr=0.07491671294582096 nat_kd=0.00745732244104147 pcgrad_conflicts=0 push=0.0067312391474843025 push_term=0.0003365619631949812 student_updates=1 teacher_ce=0.3077129125595093 teacher_lr=3.4424996950321364e-05 teacher_margin=2.361591339111328 teacher_margin_term=0.017711933702230453 teacher_updates=1 temp_adv=1.2329999999999743 temp_nat=2.5579999999998284 temperature_updates=1 total_loss=0.057820823043584824 views=2
2026-09-16 08:04:34.688 | INFO     | __main__:<module>:497 - METHOD_BATCH epoch=200 step=200 adv_kd=0.017101652920246124 awp_gamma=0.002 awp_relative_norm_max=0.0020000003278255463 clean_ce=0.38402941823005676 clean_ce_term=0.019201472401618958 consistency_term=0.0005470950272865593 consistency_weight=0.5 js_raw=0.10941900312900543 lr=0.07491671294582096 nat_kd=0.008413944393396378 pcgrad_conflicts=0 push=0.005606517195701599 push_term=0.0002803258830681443 student_updates=1 teacher_ce=0.3440832197666168 teacher_lr=3.4424996950321364e-05 teacher_margin=2.4017748832702637 teacher_margin_term=0.018013309687376022 teacher_updates=1 temp_adv=1.236999999999974 temp_nat=2.553999999999829 temperature_updates=1 total_loss=0.06355779618024826 views=2
2026-09-16 08:08:44.143 | INFO     | __main__:<module>:497 - METHOD_BATCH epoch=200 step=300 adv_kd=0.013562532141804695 awp_gamma=0.002 awp_relative_norm_max=0.0020000003278255463 clean_ce=0.37962448596954346 clean_ce_term=0.018981225788593292 consistency_term=0.0005967061733826995 consistency_weight=0.5 js_raw=0.11934123933315277 lr=0.07491671294582096 nat_kd=0.007341306656599045 pcgrad_conflicts=0 push=0.004525019321590662 push_term=0.0002262509660795331 student_updates=1 teacher_ce=0.40964725613594055 teacher_lr=3.4424996950321364e-05 teacher_margin=1.9445888996124268 teacher_margin_term=0.014584416523575783 teacher_updates=1 temp_adv=1.2329999999999743 temp_nat=2.5579999999998284 temperature_updates=1 total_loss=0.055292438715696335 views=2
2026-09-16 08:12:28.283 | INFO     | __main__:<module>:875 - TRAIN_EPOCH_RESOURCE epoch=200 seconds=971.9271358959377 peak_allocated_bytes=11589042688
2026-09-16 08:13:29.744 | INFO     | __main__:<module>:934 - student robust acc 0.3021, teacher robust acc 0.4820, nat teacher robust acc 0.3475
2026-09-16 08:13:55.705 | INFO     | __main__:<module>:1007 - best accuracy:0.48265
2026-09-16 08:13:55.706 | INFO     | __main__:<module>:1010 - student natural acc 0.6632, adv teacher natural acc 0.6121, nat teacher natural acc 0.7650
2026-09-16 08:13:55.708 | INFO     | __main__:<module>:482 - METHOD epoch=201 views=2 awp_gamma=0.002 consistency_weight=0.5
2026-09-16 08:13:55.708 | INFO     | __main__:<module>:485 - the 201th epoch 
2026-09-16 08:13:58.261 | INFO     | __main__:<module>:497 - METHOD_BATCH epoch=201 step=0 adv_kd=0.013947231695055962 awp_gamma=0.002 awp_relative_norm_max=0.0020000003278255463 clean_ce=0.3788145184516907 clean_ce_term=0.018940726295113564 consistency_term=0.0004939618520438671 consistency_weight=0.5 js_raw=0.09879237413406372 lr=0.07400208782667249 nat_kd=0.008396022021770477 pcgrad_conflicts=0 push=0.0065989866852760315 push_term=0.00032994934008456767 student_updates=1 teacher_ce=0.4117780029773712 teacher_lr=3.382917985736156e-05 teacher_margin=2.051497459411621 teacher_margin_term=0.015642669051885605 teacher_updates=1 temp_adv=1.2439999999999731 temp_nat=2.5469999999998296 temperature_updates=1 total_loss=0.057750556617975235 views=2
2026-09-16 08:18:07.548 | INFO     | __main__:<module>:497 - METHOD_BATCH epoch=201 step=100 adv_kd=0.014845339581370354 awp_gamma=0.002 awp_relative_norm_max=0.0020000003278255463 clean_ce=0.37465524673461914 clean_ce_term=0.018732761964201927 consistency_term=0.0005749044939875603 consistency_weight=0.5 js_raw=0.11498089879751205 lr=0.07400208782667249 nat_kd=0.007866204716265202 pcgrad_conflicts=0 push=0.005351206287741661 push_term=0.00026756030274555087 student_updates=1 teacher_ce=0.3257250636816025 teacher_lr=3.382917985736156e-05 teacher_margin=2.2361867427825928 teacher_margin_term=0.01705092564225197 teacher_updates=1 temp_adv=1.2399999999999736 temp_nat=2.550999999999829 temperature_updates=1 total_loss=0.05933769419789314 views=2
2026-09-16 08:22:15.489 | INFO     | __main__:<module>:497 - METHOD_BATCH epoch=201 step=200 adv_kd=0.01542268693447113 awp_gamma=0.002 awp_relative_norm_max=0.0020000003278255463 clean_ce=0.3586600422859192 clean_ce_term=0.01793300360441208 consistency_term=0.0006212082225829363 consistency_weight=0.5 js_raw=0.1242416501045227 lr=0.07400208782667249 nat_kd=0.00952597800642252 pcgrad_conflicts=0 push=0.0050513893365859985 push_term=0.000252569472650066 student_updates=1 teacher_ce=0.5138119459152222 teacher_lr=3.382917985736156e-05 teacher_margin=2.335515022277832 teacher_margin_term=0.017808303236961365 teacher_updates=1 temp_adv=1.235999999999974 temp_nat=2.5549999999998287 temperature_updates=1 total_loss=0.06156374514102936 views=2
2026-09-16 08:26:24.039 | INFO     | __main__:<module>:497 - METHOD_BATCH epoch=201 step=300 adv_kd=0.015332642011344433 awp_gamma=0.002 awp_relative_norm_max=0.0020000003278255463 clean_ce=0.36731189489364624 clean_ce_term=0.01836559548974037 consistency_term=0.0005333668668754399 consistency_weight=0.5 js_raw=0.10667337477207184 lr=0.07400208782667249 nat_kd=0.008208015002310276 pcgrad_conflicts=0 push=0.004127518739551306 push_term=0.0002063759311567992 student_updates=1 teacher_ce=0.3714945912361145 teacher_lr=3.382917985736156e-05 teacher_margin=2.1814966201782227 teacher_margin_term=0.016633912920951843 teacher_updates=1 temp_adv=1.2399999999999736 temp_nat=2.550999999999829 temperature_updates=1 total_loss=0.0592799074947834 views=2
2026-09-16 08:30:06.756 | INFO     | __main__:<module>:875 - TRAIN_EPOCH_RESOURCE epoch=201 seconds=971.0477694310248 peak_allocated_bytes=11589042688
2026-09-16 08:30:06.756 | INFO     | __main__:<module>:482 - METHOD epoch=202 views=2 awp_gamma=0.002 consistency_weight=0.5
2026-09-16 08:30:06.756 | INFO     | __main__:<module>:485 - the 202th epoch 
2026-09-16 08:30:09.241 | INFO     | __main__:<module>:497 - METHOD_BATCH epoch=202 step=0 adv_kd=0.014474124647676945 awp_gamma=0.002 awp_relative_norm_max=0.0020000003278255463 clean_ce=0.34396088123321533 clean_ce_term=0.017198044806718826 consistency_term=0.0006674837204627693 consistency_weight=0.5 js_raw=0.1334967464208603 lr=0.07307692673682611 nat_kd=0.006946302019059658 pcgrad_conflicts=0 push=0.005949224811047316 push_term=0.0002974612289108336 student_updates=1 teacher_ce=0.40445075929164886 teacher_lr=3.323593412328723e-05 teacher_margin=2.2101924419403076 teacher_margin_term=0.017128990963101387 teacher_updates=1 temp_adv=1.2349999999999741 temp_nat=2.5559999999998286 temperature_updates=1 total_loss=0.05671241134405136 views=2
2026-09-16 08:34:17.281 | INFO     | __main__:<module>:497 - METHOD_BATCH epoch=202 step=100 adv_kd=0.014990575611591339 awp_gamma=0.002 awp_relative_norm_max=0.0020000003278255463 clean_ce=0.34786495566368103 clean_ce_term=0.01739324815571308 consistency_term=0.0005196110578253865 consistency_weight=0.5 js_raw=0.10392221808433533 lr=0.07307692673682611 nat_kd=0.007415780797600746 pcgrad_conflicts=0 push=0.007756453938782215 push_term=0.00038782271440140903 student_updates=1 teacher_ce=0.40392252802848816 teacher_lr=3.323593412328723e-05 teacher_margin=2.1716246604919434 teacher_margin_term=0.016830090433359146 teacher_updates=1 temp_adv=1.2409999999999735 temp_nat=2.5499999999998293 temperature_updates=1 total_loss=0.057537127286195755 views=2
2026-09-16 08:38:21.738 | INFO     | __main__:<module>:497 - METHOD_BATCH epoch=202 step=200 adv_kd=0.014969303272664547 awp_gamma=0.002 awp_relative_norm_max=0.0020000003278255463 clean_ce=0.35793060064315796 clean_ce_term=0.017896529287099838 consistency_term=0.000441808660980314 consistency_weight=0.5 js_raw=0.08836173266172409 lr=0.07307692673682611 nat_kd=0.00787577498704195 pcgrad_conflicts=0 push=0.005864906590431929 push_term=0.0002932453353423625 student_updates=1 teacher_ce=0.37742704153060913 teacher_lr=3.323593412328723e-05 teacher_margin=2.0690267086029053 teacher_margin_term=0.016034957021474838 teacher_updates=1 temp_adv=1.2389999999999737 temp_nat=2.551999999999829 temperature_updates=1 total_loss=0.057511620223522186 views=2
2026-09-16 08:42:32.683 | INFO     | __main__:<module>:497 - METHOD_BATCH epoch=202 step=300 adv_kd=0.015425560995936394 awp_gamma=0.002 awp_relative_norm_max=0.0020000003278255463 clean_ce=0.3505367338657379 clean_ce_term=0.017526837065815926 consistency_term=0.0005644388147629797 consistency_weight=0.5 js_raw=0.11288776993751526 lr=0.07307692673682611 nat_kd=0.0077952309511601925 pcgrad_conflicts=0 push=0.005529250018298626 push_term=0.0002764624950941652 student_updates=1 teacher_ce=0.38071222603321075 teacher_lr=3.323593412328723e-05 teacher_margin=2.21087384223938 teacher_margin_term=0.017134271562099457 teacher_updates=1 temp_adv=1.2329999999999743 temp_nat=2.5579999999998284 temperature_updates=1 total_loss=0.05872279778122902 views=2
2026-09-16 08:46:18.396 | INFO     | __main__:<module>:875 - TRAIN_EPOCH_RESOURCE epoch=202 seconds=971.6402091644704 peak_allocated_bytes=11589042688
2026-09-16 08:46:18.397 | INFO     | __main__:<module>:482 - METHOD epoch=203 views=2 awp_gamma=0.002 consistency_weight=0.5
2026-09-16 08:46:18.397 | INFO     | __main__:<module>:485 - the 203th epoch 
2026-09-16 08:46:20.891 | INFO     | __main__:<module>:497 - METHOD_BATCH epoch=203 step=0 adv_kd=0.014792978763580322 awp_gamma=0.002 awp_relative_norm_max=0.0020000003278255463 clean_ce=0.378047913312912 clean_ce_term=0.01890239492058754 consistency_term=0.0005427943542599678 consistency_weight=0.5 js_raw=0.10855887830257416 lr=0.07214163788834171 nat_kd=0.007809721399098635 pcgrad_conflicts=0 push=0.005782445892691612 push_term=0.00028912228299304843 student_updates=1 teacher_ce=0.3854407072067261 teacher_lr=3.26453533630847e-05 teacher_margin=2.128109931945801 teacher_margin_term=0.016758866608142853 teacher_updates=1 temp_adv=1.2339999999999742 temp_nat=2.5569999999998285 temperature_updates=1 total_loss=0.05909587815403938 views=2
2026-09-16 08:50:29.662 | INFO     | __main__:<module>:497 - METHOD_BATCH epoch=203 step=100 adv_kd=0.016689812764525414 awp_gamma=0.002 awp_relative_norm_max=0.0020000003278255463 clean_ce=0.3672220706939697 clean_ce_term=0.018361102789640427 consistency_term=0.0005896062357351184 consistency_weight=0.5 js_raw=0.11792124807834625 lr=0.07214163788834171 nat_kd=0.008843543007969856 pcgrad_conflicts=0 push=0.006975324358791113 push_term=0.00034876621793955564 student_updates=1 teacher_ce=0.33698223531246185 teacher_lr=3.26453533630847e-05 teacher_margin=2.410573959350586 teacher_margin_term=0.018983270972967148 teacher_updates=1 temp_adv=1.2399999999999736 temp_nat=2.550999999999829 temperature_updates=1 total_loss=0.06381610035896301 views=2
2026-09-16 08:54:39.327 | INFO     | __main__:<module>:497 - METHOD_BATCH epoch=203 step=200 adv_kd=0.015563758090138435 awp_gamma=0.002 awp_relative_norm_max=0.0020000003278255463 clean_ce=0.37763476371765137 clean_ce_term=0.01888173818588257 consistency_term=0.00036588989314623177 consistency_weight=0.5 js_raw=0.07317797839641571 lr=0.07214163788834171 nat_kd=0.008307350799441338 pcgrad_conflicts=0 push=0.006775117479264736 push_term=0.0003387558681424707 student_updates=1 teacher_ce=0.3848480135202408 teacher_lr=3.26453533630847e-05 teacher_margin=2.0965094566345215 teacher_margin_term=0.0165100134909153 teacher_updates=1 temp_adv=1.2419999999999733 temp_nat=2.5489999999998294 temperature_updates=1 total_loss=0.05996750667691231 views=2
2026-09-16 08:58:46.204 | INFO     | __main__:<module>:497 - METHOD_BATCH epoch=203 step=300 adv_kd=0.01572560891509056 awp_gamma=0.002 awp_relative_norm_max=0.0020000003278255463 clean_ce=0.37627682089805603 clean_ce_term=0.0188138410449028 consistency_term=0.0005145754548721015 consistency_weight=0.5 js_raw=0.10291509330272675 lr=0.07214163788834171 nat_kd=0.007531000766903162 pcgrad_conflicts=0 push=0.006080895662307739 push_term=0.00030404477729462087 student_updates=1 teacher_ce=0.3267824798822403 teacher_lr=3.26453533630847e-05 teacher_margin=2.338869571685791 teacher_margin_term=0.018418598920106888 teacher_updates=1 temp_adv=1.235999999999974 temp_nat=2.5549999999998287 temperature_updates=1 total_loss=0.061307668685913086 views=2
2026-09-16 09:02:28.702 | INFO     | __main__:<module>:875 - TRAIN_EPOCH_RESOURCE epoch=203 seconds=970.3052551075816 peak_allocated_bytes=11589042688
2026-09-16 09:02:28.702 | INFO     | __main__:<module>:482 - METHOD epoch=204 views=2 awp_gamma=0.002 consistency_weight=0.5
2026-09-16 09:02:28.702 | INFO     | __main__:<module>:485 - the 204th epoch 
2026-09-16 09:02:31.186 | INFO     | __main__:<module>:497 - METHOD_BATCH epoch=204 step=0 adv_kd=0.012233762070536613 awp_gamma=0.002 awp_relative_norm_max=0.0020000003278255463 clean_ce=0.3442670702934265 clean_ce_term=0.017213353887200356 consistency_term=0.0005518386606127024 consistency_weight=0.5 js_raw=0.11036773025989532 lr=0.07119663392334794 nat_kd=0.006404628045856953 pcgrad_conflicts=0 push=0.005178393796086311 push_term=0.00025891969562508166 student_updates=1 teacher_ce=0.4116518944501877 teacher_lr=3.2057530755085696e-05 teacher_margin=1.651355504989624 teacher_margin_term=0.013210844248533249 teacher_updates=1 temp_adv=1.2349999999999741 temp_nat=2.5559999999998286 temperature_updates=1 total_loss=0.04987334460020065 views=2
2026-09-16 09:06:37.906 | INFO     | __main__:<module>:497 - METHOD_BATCH epoch=204 step=100 adv_kd=0.015237011015415192 awp_gamma=0.002 awp_relative_norm_max=0.0020000003278255463 clean_ce=0.3449355363845825 clean_ce_term=0.017246777191758156 consistency_term=0.0004609943716786802 consistency_weight=0.5 js_raw=0.09219887852668762 lr=0.07119663392334794 nat_kd=0.0087428642436862 pcgrad_conflicts=0 push=0.00471150316298008 push_term=0.00023557516396977007 student_updates=1 teacher_ce=0.4149727523326874 teacher_lr=3.2057530755085696e-05 teacher_margin=2.236021041870117 teacher_margin_term=0.01788816973567009 teacher_updates=1 temp_adv=1.236999999999974 temp_nat=2.553999999999829 temperature_updates=1 total_loss=0.059811390936374664 views=2
2026-09-16 09:10:45.020 | INFO     | __main__:<module>:497 - METHOD_BATCH epoch=204 step=200 adv_kd=0.014440484344959259 awp_gamma=0.002 awp_relative_norm_max=0.0020000003278255463 clean_ce=0.36321771144866943 clean_ce_term=0.018160885199904442 consistency_term=0.0005014525377191603 consistency_weight=0.5 js_raw=0.10029050707817078 lr=0.07119663392334794 nat_kd=0.008814171887934208 pcgrad_conflicts=0 push=0.005971444305032492 push_term=0.00029857223853468895 student_updates=1 teacher_ce=0.4786410480737686 teacher_lr=3.2057530755085696e-05 teacher_margin=2.090986967086792 teacher_margin_term=0.01672789640724659 teacher_updates=1 temp_adv=1.2349999999999741 temp_nat=2.5559999999998286 temperature_updates=1 total_loss=0.05894346162676811 views=2
2026-09-16 09:14:54.958 | INFO     | __main__:<module>:497 - METHOD_BATCH epoch=204 step=300 adv_kd=0.01611151546239853 awp_gamma=0.002 awp_relative_norm_max=0.0020000003278255463 clean_ce=0.3653486371040344 clean_ce_term=0.018267430365085602 consistency_term=0.000559104373678565 consistency_weight=0.5 js_raw=0.11182087659835815 lr=0.07119663392334794 nat_kd=0.008334765210747719 pcgrad_conflicts=0 push=0.006278520915657282 push_term=0.0003139260516036302 student_updates=1 teacher_ce=0.3717503845691681 teacher_lr=3.2057530755085696e-05 teacher_margin=2.270819664001465 teacher_margin_term=0.01816655695438385 teacher_updates=1 temp_adv=1.2429999999999732 temp_nat=2.5479999999998295 temperature_updates=1 total_loss=0.061753299087285995 views=2
2026-09-16 09:18:37.980 | INFO     | __main__:<module>:875 - TRAIN_EPOCH_RESOURCE epoch=204 seconds=969.2775776945055 peak_allocated_bytes=11589042688
2026-09-16 09:18:37.980 | INFO     | __main__:<module>:482 - METHOD epoch=205 views=2 awp_gamma=0.002 consistency_weight=0.5
2026-09-16 09:18:37.981 | INFO     | __main__:<module>:485 - the 205th epoch 
2026-09-16 09:18:40.478 | INFO     | __main__:<module>:497 - METHOD_BATCH epoch=205 step=0 adv_kd=0.016142748296260834 awp_gamma=0.002 awp_relative_norm_max=0.0020000003278255463 clean_ce=0.36046385765075684 clean_ce_term=0.018023192882537842 consistency_term=0.000543539528734982 consistency_weight=0.5 js_raw=0.10870790481567383 lr=0.07024233173008022 nat_kd=0.00837322324514389 pcgrad_conflicts=0 push=0.006292497739195824 push_term=0.0003146248927805573 student_updates=1 teacher_ce=0.35313650965690613 teacher_lr=3.147255902608834e-05 teacher_margin=2.380037784576416 teacher_margin_term=0.019337806850671768 teacher_updates=1 temp_adv=1.2399999999999736 temp_nat=2.550999999999829 temperature_updates=1 total_loss=0.06273514032363892 views=2
2026-09-16 09:22:48.571 | INFO     | __main__:<module>:497 - METHOD_BATCH epoch=205 step=100 adv_kd=0.014339998364448547 awp_gamma=0.002 awp_relative_norm_max=0.0020000003278255463 clean_ce=0.3497830331325531 clean_ce_term=0.017489152029156685 consistency_term=0.0004669625195674598 consistency_weight=0.5 js_raw=0.0933925062417984 lr=0.07024233173008022 nat_kd=0.007820280268788338 pcgrad_conflicts=0 push=0.0058765048161149025 push_term=0.00029382522916421294 student_updates=1 teacher_ce=0.3830430507659912 teacher_lr=3.147255902608834e-05 teacher_margin=2.0802388191223145 teacher_margin_term=0.016901938244700432 teacher_updates=1 temp_adv=1.2379999999999738 temp_nat=2.552999999999829 temperature_updates=1 total_loss=0.05731215327978134 views=2
2026-09-16 09:26:56.197 | INFO     | __main__:<module>:497 - METHOD_BATCH epoch=205 step=200 adv_kd=0.015152513980865479 awp_gamma=0.002 awp_relative_norm_max=0.0020000003278255463 clean_ce=0.3098595142364502 clean_ce_term=0.01549297571182251 consistency_term=0.0004343058099038899 consistency_weight=0.5 js_raw=0.08686116337776184 lr=0.07024233173008022 nat_kd=0.007668275386095047 pcgrad_conflicts=0 push=0.005498419050127268 push_term=0.0002749209525063634 student_updates=1 teacher_ce=0.42278337478637695 teacher_lr=3.147255902608834e-05 teacher_margin=2.1352920532226562 teacher_margin_term=0.0173492468893528 teacher_updates=1 temp_adv=1.2379999999999738 temp_nat=2.552999999999829 temperature_updates=1 total_loss=0.05637223646044731 views=2
2026-09-16 09:31:03.137 | INFO     | __main__:<module>:497 - METHOD_BATCH epoch=205 step=300 adv_kd=0.01554112508893013 awp_gamma=0.002 awp_relative_norm_max=0.0020000003278255463 clean_ce=0.3573538064956665 clean_ce_term=0.017867691814899445 consistency_term=0.0004353906842879951 consistency_weight=0.5 js_raw=0.08707813918590546 lr=0.07024233173008022 nat_kd=0.00715505238622427 pcgrad_conflicts=0 push=0.005102413706481457 push_term=0.00025512068532407284 student_updates=1 teacher_ce=0.36748364567756653 teacher_lr=3.147255902608834e-05 teacher_margin=2.187218189239502 teacher_margin_term=0.017771147191524506 teacher_updates=1 temp_adv=1.2399999999999736 temp_nat=2.550999999999829 temperature_updates=1 total_loss=0.05902552604675293 views=2
2026-09-16 09:34:45.234 | INFO     | __main__:<module>:875 - TRAIN_EPOCH_RESOURCE epoch=205 seconds=967.2531138546765 peak_allocated_bytes=11589042688
2026-09-16 09:34:45.234 | INFO     | __main__:<module>:482 - METHOD epoch=206 views=2 awp_gamma=0.002 consistency_weight=0.5
2026-09-16 09:34:45.234 | INFO     | __main__:<module>:485 - the 206th epoch 
2026-09-16 09:34:47.715 | INFO     | __main__:<module>:497 - METHOD_BATCH epoch=206 step=0 adv_kd=0.01477072574198246 awp_gamma=0.002 awp_relative_norm_max=0.0020000003278255463 clean_ce=0.35315167903900146 clean_ce_term=0.017657585442066193 consistency_term=0.0005106026073917747 consistency_weight=0.5 js_raw=0.10212051868438721 lr=0.0692791522570401 nat_kd=0.0074174171313643456 pcgrad_conflicts=0 push=0.0068945735692977905 push_term=0.0003447287017479539 student_updates=1 teacher_ce=0.35256128013134 teacher_lr=3.089053043655215e-05 teacher_margin=2.106451988220215 teacher_margin_term=0.017378229647874832 teacher_updates=1 temp_adv=1.2329999999999743 temp_nat=2.5579999999998284 temperature_updates=1 total_loss=0.05807928740978241 views=2
2026-09-16 09:38:57.188 | INFO     | __main__:<module>:497 - METHOD_BATCH epoch=206 step=100 adv_kd=0.014933117665350437 awp_gamma=0.002 awp_relative_norm_max=0.0020000003278255463 clean_ce=0.3517864942550659 clean_ce_term=0.017589325085282326 consistency_term=0.0005459675448946655 consistency_weight=0.5 js_raw=0.10919351130723953 lr=0.0692791522570401 nat_kd=0.007604024838656187 pcgrad_conflicts=0 push=0.0057699354365468025 push_term=0.0002884967834688723 student_updates=1 teacher_ce=0.4656957983970642 teacher_lr=3.089053043655215e-05 teacher_margin=2.091918468475342 teacher_margin_term=0.017258327454328537 teacher_updates=1 temp_adv=1.2389999999999737 temp_nat=2.551999999999829 temperature_updates=1 total_loss=0.05821926146745682 views=2
2026-09-16 09:43:05.870 | INFO     | __main__:<module>:497 - METHOD_BATCH epoch=206 step=200 adv_kd=0.01593147963285446 awp_gamma=0.002 awp_relative_norm_max=0.0020000003278255463 clean_ce=0.3540855646133423 clean_ce_term=0.017704278230667114 consistency_term=0.00048667928786017 consistency_weight=0.5 js_raw=0.09733586013317108 lr=0.0692791522570401 nat_kd=0.008066890761256218 pcgrad_conflicts=0 push=0.006674625910818577 push_term=0.00033373129554092884 student_updates=1 teacher_ce=0.3671250343322754 teacher_lr=3.089053043655215e-05 teacher_margin=2.4094929695129395 teacher_margin_term=0.019878316670656204 teacher_updates=1 temp_adv=1.2389999999999737 temp_nat=2.551999999999829 temperature_updates=1 total_loss=0.06240137666463852 views=2
2026-09-16 09:47:15.187 | INFO     | __main__:<module>:497 - METHOD_BATCH epoch=206 step=300 adv_kd=0.01513778418302536 awp_gamma=0.002 awp_relative_norm_max=0.0020000003278255463 clean_ce=0.3674520254135132 clean_ce_term=0.01837260089814663 consistency_term=0.0005972649669274688 consistency_weight=0.5 js_raw=0.11945299804210663 lr=0.0692791522570401 nat_kd=0.007977671921253204 pcgrad_conflicts=0 push=0.004934375640004873 push_term=0.00024671878782100976 student_updates=1 teacher_ce=0.3382820785045624 teacher_lr=3.089053043655215e-05 teacher_margin=2.2280235290527344 teacher_margin_term=0.018381193280220032 teacher_updates=1 temp_adv=1.2349999999999741 temp_nat=2.5559999999998286 temperature_updates=1 total_loss=0.060713231563568115 views=2
2026-09-16 09:50:58.633 | INFO     | __main__:<module>:875 - TRAIN_EPOCH_RESOURCE epoch=206 seconds=973.399041429162 peak_allocated_bytes=11589042688
2026-09-16 09:50:58.634 | INFO     | __main__:<module>:482 - METHOD epoch=207 views=2 awp_gamma=0.002 consistency_weight=0.5
2026-09-16 09:50:58.634 | INFO     | __main__:<module>:485 - the 207th epoch 
2026-09-16 09:51:01.161 | INFO     | __main__:<module>:497 - METHOD_BATCH epoch=207 step=0 adv_kd=0.013403698801994324 awp_gamma=0.002 awp_relative_norm_max=0.0020000003278255463 clean_ce=0.3542971611022949 clean_ce_term=0.017714858055114746 consistency_term=0.0005602590390481055 consistency_weight=0.5 js_raw=0.11205180734395981 lr=0.06830752032535861 nat_kd=0.007600852288305759 pcgrad_conflicts=0 push=0.00651289988309145 push_term=0.00032564502907916903 student_updates=1 teacher_ce=0.36673693358898163 teacher_lr=3.0311536765869418e-05 teacher_margin=2.0186619758605957 teacher_margin_term=0.016906293109059334 teacher_updates=1 temp_adv=1.2399999999999736 temp_nat=2.550999999999829 temperature_updates=1 total_loss=0.05651159957051277 views=2
2026-09-16 09:55:10.033 | INFO     | __main__:<module>:497 - METHOD_BATCH epoch=207 step=100 adv_kd=0.014540594071149826 awp_gamma=0.002 awp_relative_norm_max=0.0020000003278255463 clean_ce=0.34066835045814514 clean_ce_term=0.017033416777849197 consistency_term=0.0004471633001230657 consistency_weight=0.5 js_raw=0.08943266421556473 lr=0.06830752032535861 nat_kd=0.00797879695892334 pcgrad_conflicts=0 push=0.005360582377761602 push_term=0.00026802910724654794 student_updates=1 teacher_ce=0.40403346717357635 teacher_lr=3.0311536765869418e-05 teacher_margin=2.0824968814849854 teacher_margin_term=0.017440911382436752 teacher_updates=1 temp_adv=1.2379999999999738 temp_nat=2.552999999999829 temperature_updates=1 total_loss=0.05770891159772873 views=2
2026-09-16 09:59:19.283 | INFO     | __main__:<module>:497 - METHOD_BATCH epoch=207 step=200 adv_kd=0.015415824949741364 awp_gamma=0.002 awp_relative_norm_max=0.0020000003278255463 clean_ce=0.3439621329307556 clean_ce_term=0.01719810627400875 consistency_term=0.0005895682843402028 consistency_weight=0.5 js_raw=0.11791366338729858 lr=0.06830752032535861 nat_kd=0.007592245005071163 pcgrad_conflicts=0 push=0.006152244750410318 push_term=0.0003076122375205159 student_updates=1 teacher_ce=0.36071136593818665 teacher_lr=3.0311536765869418e-05 teacher_margin=2.17811918258667 teacher_margin_term=0.018241750076413155 teacher_updates=1 temp_adv=1.2319999999999744 temp_nat=2.5589999999998283 temperature_updates=1 total_loss=0.05934510752558708 views=2
2026-09-16 10:03:27.897 | INFO     | __main__:<module>:497 - METHOD_BATCH epoch=207 step=300 adv_kd=0.015545586124062538 awp_gamma=0.002 awp_relative_norm_max=0.0020000003278255463 clean_ce=0.3823060393333435 clean_ce_term=0.019115302711725235 consistency_term=0.0004581307584885508 consistency_weight=0.5 js_raw=0.09162615239620209 lr=0.06830752032535861 nat_kd=0.008224793709814548 pcgrad_conflicts=0 push=0.004588930867612362 push_term=0.00022944656666368246 student_updates=1 teacher_ce=0.3466043472290039 teacher_lr=3.0311536765869418e-05 teacher_margin=2.173983573913574 teacher_margin_term=0.018207112327218056 teacher_updates=1 temp_adv=1.2319999999999744 temp_nat=2.5589999999998283 temperature_updates=1 total_loss=0.06178037449717522 views=2
2026-09-16 10:07:09.841 | INFO     | __main__:<module>:875 - TRAIN_EPOCH_RESOURCE epoch=207 seconds=971.2073424719274 peak_allocated_bytes=11589042688
2026-09-16 10:07:09.841 | INFO     | __main__:<module>:482 - METHOD epoch=208 views=2 awp_gamma=0.002 consistency_weight=0.5
2026-09-16 10:07:09.842 | INFO     | __main__:<module>:485 - the 208th epoch 
2026-09-16 10:07:12.359 | INFO     | __main__:<module>:497 - METHOD_BATCH epoch=208 step=0 adv_kd=0.013954929076135159 awp_gamma=0.002 awp_relative_norm_max=0.0020000003278255463 clean_ce=0.3345257639884949 clean_ce_term=0.016726288944482803 consistency_term=0.0005274216528050601 consistency_weight=0.5 js_raw=0.10548432916402817 lr=0.06732786443944867 nat_kd=0.007246452383697033 pcgrad_conflicts=0 push=0.005262480583041906 push_term=0.0002631240349728614 student_updates=1 teacher_ce=0.3615277260541916 teacher_lr=2.973566929771548e-05 teacher_margin=1.9318087100982666 teacher_margin_term=0.016420375555753708 teacher_updates=1 temp_adv=1.2389999999999737 temp_nat=2.551999999999829 temperature_updates=1 total_loss=0.055138591676950455 views=2
2026-09-16 10:11:19.722 | INFO     | __main__:<module>:497 - METHOD_BATCH epoch=208 step=100 adv_kd=0.01572064682841301 awp_gamma=0.002 awp_relative_norm_max=0.0020000003278255463 clean_ce=0.34978288412094116 clean_ce_term=0.01748914271593094 consistency_term=0.0005442079273052514 consistency_weight=0.5 js_raw=0.10884158313274384 lr=0.06732786443944867 nat_kd=0.008573582395911217 pcgrad_conflicts=0 push=0.005034042522311211 push_term=0.0002517021493986249 student_updates=1 teacher_ce=0.3991136699914932 teacher_lr=2.973566929771548e-05 teacher_margin=2.1434504985809326 teacher_margin_term=0.01821932941675186 teacher_updates=1 temp_adv=1.244999999999973 temp_nat=2.5459999999998297 temperature_updates=1 total_loss=0.06079861521720886 views=2
2026-09-16 10:15:27.577 | INFO     | __main__:<module>:497 - METHOD_BATCH epoch=208 step=200 adv_kd=0.014927111566066742 awp_gamma=0.002 awp_relative_norm_max=0.0020000003278255463 clean_ce=0.3827449083328247 clean_ce_term=0.019137246534228325 consistency_term=0.00046288882731460035 consistency_weight=0.5 js_raw=0.09257777035236359 lr=0.06732786443944867 nat_kd=0.00795636884868145 pcgrad_conflicts=0 push=0.005027206614613533 push_term=0.00025136032490991056 student_updates=1 teacher_ce=0.4248173236846924 teacher_lr=2.973566929771548e-05 teacher_margin=2.131453275680542 teacher_margin_term=0.018117353320121765 teacher_updates=1 temp_adv=1.236999999999974 temp_nat=2.553999999999829 temperature_updates=1 total_loss=0.06085233390331268 views=2
2026-09-16 10:19:37.489 | INFO     | __main__:<module>:497 - METHOD_BATCH epoch=208 step=300 adv_kd=0.015216785483062267 awp_gamma=0.002 awp_relative_norm_max=0.0020000003278255463 clean_ce=0.33921295404434204 clean_ce_term=0.016960646957159042 consistency_term=0.0005510502378456295 consistency_weight=0.5 js_raw=0.11021004617214203 lr=0.06732786443944867 nat_kd=0.008436979725956917 pcgrad_conflicts=0 push=0.005350018851459026 push_term=0.00026750093093141913 student_updates=1 teacher_ce=0.4062190055847168 teacher_lr=2.973566929771548e-05 teacher_margin=2.277316093444824 teacher_margin_term=0.019357189536094666 teacher_updates=1 temp_adv=1.2409999999999735 temp_nat=2.5499999999998293 temperature_updates=1 total_loss=0.06079015135765076 views=2
2026-09-16 10:23:21.730 | INFO     | __main__:<module>:875 - TRAIN_EPOCH_RESOURCE epoch=208 seconds=971.8884807340801 peak_allocated_bytes=11589042688
2026-09-16 10:23:21.730 | INFO     | __main__:<module>:482 - METHOD epoch=209 views=2 awp_gamma=0.002 consistency_weight=0.5
2026-09-16 10:23:21.731 | INFO     | __main__:<module>:485 - the 209th epoch 
2026-09-16 10:23:24.263 | INFO     | __main__:<module>:497 - METHOD_BATCH epoch=209 step=0 adv_kd=0.015734273940324783 awp_gamma=0.002 awp_relative_norm_max=0.0020000003278255463 clean_ce=0.36717918515205383 clean_ce_term=0.01835896074771881 consistency_term=0.00057581951841712 consistency_weight=0.5 js_raw=0.1151639074087143 lr=0.06634061659603142 nat_kd=0.007361669093370438 pcgrad_conflicts=0 push=0.006727646570652723 push_term=0.00033638233435340226 student_updates=1 teacher_ce=0.34002596139907837 teacher_lr=2.9163018805480094e-05 teacher_margin=2.3054370880126953 teacher_margin_term=0.019884396344423294 teacher_updates=1 temp_adv=1.2379999999999738 temp_nat=2.552999999999829 temperature_updates=1 total_loss=0.0622515007853508 views=2
2026-09-16 10:27:32.197 | INFO     | __main__:<module>:497 - METHOD_BATCH epoch=209 step=100 adv_kd=0.013811063021421432 awp_gamma=0.002 awp_relative_norm_max=0.00200000056065619 clean_ce=0.358100950717926 clean_ce_term=0.01790504716336727 consistency_term=0.0005169936339370906 consistency_weight=0.5 js_raw=0.10339873284101486 lr=0.06634061659603142 nat_kd=0.006761286407709122 pcgrad_conflicts=0 push=0.005984887480735779 push_term=0.00029924436239525676 student_updates=1 teacher_ce=0.3864535242319107 teacher_lr=2.9163018805480094e-05 teacher_margin=1.942110538482666 teacher_margin_term=0.016750704497098923 teacher_updates=1 temp_adv=1.235999999999974 temp_nat=2.5549999999998287 temperature_updates=1 total_loss=0.05604434013366699 views=2
2026-09-16 10:31:41.471 | INFO     | __main__:<module>:497 - METHOD_BATCH epoch=209 step=200 adv_kd=0.016336999833583832 awp_gamma=0.002 awp_relative_norm_max=0.0020000003278255463 clean_ce=0.37815749645233154 clean_ce_term=0.018907874822616577 consistency_term=0.0004441123455762863 consistency_weight=0.5 js_raw=0.08882246911525726 lr=0.06634061659603142 nat_kd=0.009241905063390732 pcgrad_conflicts=0 push=0.006042833440005779 push_term=0.00030214167782105505 student_updates=1 teacher_ce=0.33431269228458405 teacher_lr=2.9163018805480094e-05 teacher_margin=2.2857203483581543 teacher_margin_term=0.019714338704943657 teacher_updates=1 temp_adv=1.2399999999999736 temp_nat=2.550999999999829 temperature_updates=1 total_loss=0.06494737416505814 views=2
2026-09-16 10:35:49.762 | INFO     | __main__:<module>:497 - METHOD_BATCH epoch=209 step=300 adv_kd=0.01488751731812954 awp_gamma=0.002 awp_relative_norm_max=0.0020000003278255463 clean_ce=0.35217565298080444 clean_ce_term=0.01760878413915634 consistency_term=0.0005742323701269925 consistency_weight=0.5 js_raw=0.11484647542238235 lr=0.06634061659603142 nat_kd=0.007642441429197788 pcgrad_conflicts=0 push=0.005606917664408684 push_term=0.0002803458773996681 student_updates=1 teacher_ce=0.38451479375362396 teacher_lr=2.9163018805480094e-05 teacher_margin=2.0931267738342285 teacher_margin_term=0.018053216859698296 teacher_updates=1 temp_adv=1.2379999999999738 temp_nat=2.552999999999829 temperature_updates=1 total_loss=0.059046536684036255 views=2
2026-09-16 10:39:35.447 | INFO     | __main__:<module>:875 - TRAIN_EPOCH_RESOURCE epoch=209 seconds=973.7162292674184 peak_allocated_bytes=11589042688
2026-09-16 10:39:35.447 | INFO     | __main__:<module>:482 - METHOD epoch=210 views=2 awp_gamma=0.002 consistency_weight=0.5
2026-09-16 10:39:35.447 | INFO     | __main__:<module>:485 - the 210th epoch 
2026-09-16 10:39:37.926 | INFO     | __main__:<module>:497 - METHOD_BATCH epoch=210 step=0 adv_kd=0.014979243278503418 awp_gamma=0.002 awp_relative_norm_max=0.0020000003278255463 clean_ce=0.3557529151439667 clean_ce_term=0.017787646502256393 consistency_term=0.0006944416090846062 consistency_weight=0.5 js_raw=0.13888832926750183 lr=0.06534621209162177 nat_kd=0.008590037003159523 pcgrad_conflicts=0 push=0.006008202210068703 push_term=0.0003004101454280317 student_updates=1 teacher_ce=0.4130396544933319 teacher_lr=2.8593675537782213e-05 teacher_margin=2.2090258598327637 teacher_margin_term=0.019328977912664413 teacher_updates=1 temp_adv=1.2409999999999735 temp_nat=2.5499999999998293 temperature_updates=1 total_loss=0.06168075278401375 views=2
2026-09-16 10:43:50.440 | INFO     | __main__:<module>:497 - METHOD_BATCH epoch=210 step=100 adv_kd=0.013430619612336159 awp_gamma=0.002 awp_relative_norm_max=0.0020000003278255463 clean_ce=0.3296891450881958 clean_ce_term=0.01648445799946785 consistency_term=0.0004600775137078017 consistency_weight=0.5 js_raw=0.09201550483703613 lr=0.06534621209162177 nat_kd=0.006986804772168398 pcgrad_conflicts=0 push=0.006440464407205582 push_term=0.00032202323200181127 student_updates=1 teacher_ce=0.3478403091430664 teacher_lr=2.8593675537782213e-05 teacher_margin=1.9312496185302734 teacher_margin_term=0.01689843460917473 teacher_updates=1 temp_adv=1.236999999999974 temp_nat=2.553999999999829 temperature_updates=1 total_loss=0.054582417011260986 views=2
2026-09-16 10:48:02.303 | INFO     | __main__:<module>:497 - METHOD_BATCH epoch=210 step=200 adv_kd=0.015352901071310043 awp_gamma=0.002 awp_relative_norm_max=0.0020000003278255463 clean_ce=0.3454420268535614 clean_ce_term=0.0172721017152071 consistency_term=0.00043830947834067047 consistency_weight=0.5 js_raw=0.08766189962625504 lr=0.06534621209162177 nat_kd=0.007778785191476345 pcgrad_conflicts=0 push=0.005583814345300198 push_term=0.0002791907172650099 student_updates=1 teacher_ce=0.4856587052345276 teacher_lr=2.8593675537782213e-05 teacher_margin=2.16852068901062 teacher_margin_term=0.018974555656313896 teacher_updates=1 temp_adv=1.2409999999999735 temp_nat=2.5499999999998293 temperature_updates=1 total_loss=0.06009584665298462 views=2
2026-09-16 10:52:12.014 | INFO     | __main__:<module>:497 - METHOD_BATCH epoch=210 step=300 adv_kd=0.014705073088407516 awp_gamma=0.002 awp_relative_norm_max=0.0020000003278255463 clean_ce=0.34265995025634766 clean_ce_term=0.017132997512817383 consistency_term=0.0005000465898774564 consistency_weight=0.5 js_raw=0.10000932216644287 lr=0.06534621209162177 nat_kd=0.007402625400573015 pcgrad_conflicts=0 push=0.005952960345894098 push_term=0.0002976480172947049 student_updates=1 teacher_ce=0.29139168560504913 teacher_lr=2.8593675537782213e-05 teacher_margin=2.104055881500244 teacher_margin_term=0.018410488963127136 teacher_updates=1 temp_adv=1.2429999999999732 temp_nat=2.5479999999998295 temperature_updates=1 total_loss=0.05844888091087341 views=2
2026-09-16 10:55:57.331 | INFO     | __main__:<module>:875 - TRAIN_EPOCH_RESOURCE epoch=210 seconds=981.8839330598712 peak_allocated_bytes=11589042688
2026-09-16 10:56:59.800 | INFO     | __main__:<module>:934 - student robust acc 0.3024, teacher robust acc 0.4794, nat teacher robust acc 0.3603
2026-09-16 10:57:20.349 | INFO     | __main__:<module>:1007 - best accuracy:0.4836
2026-09-16 10:57:20.350 | INFO     | __main__:<module>:1010 - student natural acc 0.6648, adv teacher natural acc 0.6136, nat teacher natural acc 0.7650
2026-09-16 10:57:20.351 | INFO     | __main__:<module>:482 - METHOD epoch=211 views=2 awp_gamma=0.002 consistency_weight=0.5
2026-09-16 10:57:20.352 | INFO     | __main__:<module>:485 - the 211th epoch 
2026-09-16 10:57:22.894 | INFO     | __main__:<module>:497 - METHOD_BATCH epoch=211 step=0 adv_kd=0.014808595180511475 awp_gamma=0.002 awp_relative_norm_max=0.0020000003278255463 clean_ce=0.3439703583717346 clean_ce_term=0.01719851791858673 consistency_term=0.0005154001992195845 consistency_weight=0.5 js_raw=0.10308004170656204 lr=0.06434508932856041 nat_kd=0.007679355330765247 pcgrad_conflicts=0 push=0.007516622077673674 push_term=0.0003758310922421515 student_updates=1 teacher_ce=0.3587532490491867 teacher_lr=2.802772920407083e-05 teacher_margin=2.1854095458984375 teacher_margin_term=0.019395509734749794 teacher_updates=1 temp_adv=1.235999999999974 temp_nat=2.5549999999998287 temperature_updates=1 total_loss=0.05997321009635925 views=2
2026-09-16 11:01:31.747 | INFO     | __main__:<module>:497 - METHOD_BATCH epoch=211 step=100 adv_kd=0.015068959444761276 awp_gamma=0.002 awp_relative_norm_max=0.0020000003278255463 clean_ce=0.34788137674331665 clean_ce_term=0.017394069582223892 consistency_term=0.0005057742819190025 consistency_weight=0.5 js_raw=0.1011548638343811 lr=0.06434508932856041 nat_kd=0.007433058228343725 pcgrad_conflicts=0 push=0.0064075179398059845 push_term=0.0003203758969902992 student_updates=1 teacher_ce=0.32848888635635376 teacher_lr=2.802772920407083e-05 teacher_margin=2.23942232131958 teacher_margin_term=0.019874872639775276 teacher_updates=1 temp_adv=1.2419999999999733 temp_nat=2.5489999999998294 temperature_updates=1 total_loss=0.06059711053967476 views=2
2026-09-16 11:05:41.552 | INFO     | __main__:<module>:497 - METHOD_BATCH epoch=211 step=200 adv_kd=0.015357593074440956 awp_gamma=0.002 awp_relative_norm_max=0.0020000003278255463 clean_ce=0.3616301119327545 clean_ce_term=0.018081504851579666 consistency_term=0.00044748661457560956 consistency_weight=0.5 js_raw=0.08949732780456543 lr=0.06434508932856041 nat_kd=0.008235526271164417 pcgrad_conflicts=0 push=0.005315684713423252 push_term=0.00026578421238809824 student_updates=1 teacher_ce=0.3248646408319473 teacher_lr=2.802772920407083e-05 teacher_margin=2.2585062980651855 teacher_margin_term=0.020044242963194847 teacher_updates=1 temp_adv=1.2399999999999736 temp_nat=2.550999999999829 temperature_updates=1 total_loss=0.06243213638663292 views=2
2026-09-16 11:09:50.407 | INFO     | __main__:<module>:497 - METHOD_BATCH epoch=211 step=300 adv_kd=0.015104705467820168 awp_gamma=0.002 awp_relative_norm_max=0.0020000003278255463 clean_ce=0.3697965741157532 clean_ce_term=0.01848982833325863 consistency_term=0.0004683473671320826 consistency_weight=0.5 js_raw=0.09366947412490845 lr=0.06434508932856041 nat_kd=0.007994702085852623 pcgrad_conflicts=0 push=0.005633296445012093 push_term=0.0002816648338921368 student_updates=1 teacher_ce=0.34884969890117645 teacher_lr=2.802772920407083e-05 teacher_margin=2.011807918548584 teacher_margin_term=0.01785479485988617 teacher_updates=1 temp_adv=1.2379999999999738 temp_nat=2.552999999999829 temperature_updates=1 total_loss=0.06019404157996178 views=2
2026-09-16 11:13:35.548 | INFO     | __main__:<module>:875 - TRAIN_EPOCH_RESOURCE epoch=211 seconds=975.1959325112402 peak_allocated_bytes=11589042688
2026-09-16 11:13:35.548 | INFO     | __main__:<module>:482 - METHOD epoch=212 views=2 awp_gamma=0.002 consistency_weight=0.5
2026-09-16 11:13:35.548 | INFO     | __main__:<module>:485 - the 212th epoch 
2026-09-16 11:13:38.107 | INFO     | __main__:<module>:497 - METHOD_BATCH epoch=212 step=0 adv_kd=0.013254359364509583 awp_gamma=0.002 awp_relative_norm_max=0.0020000003278255463 clean_ce=0.35183942317962646 clean_ce_term=0.017591971904039383 consistency_term=0.0005208887159824371 consistency_weight=0.5 js_raw=0.10417775064706802 lr=0.06333768961967892 nat_kd=0.007333097979426384 pcgrad_conflicts=0 push=0.00602330407127738 push_term=0.0003011652152054012 student_updates=1 teacher_ce=0.3664254993200302 teacher_lr=2.746526896031365e-05 teacher_margin=1.8525059223175049 teacher_margin_term=0.01667255163192749 teacher_updates=1 temp_adv=1.244999999999973 temp_nat=2.5459999999998297 temperature_updates=1 total_loss=0.05567403510212898 views=2
2026-09-16 11:17:44.774 | INFO     | __main__:<module>:497 - METHOD_BATCH epoch=212 step=100 adv_kd=0.013851381838321686 awp_gamma=0.002 awp_relative_norm_max=0.0020000003278255463 clean_ce=0.32526084780693054 clean_ce_term=0.016263043507933617 consistency_term=0.0003724358102772385 consistency_weight=0.5 js_raw=0.07448716461658478 lr=0.06333768961967892 nat_kd=0.007100814022123814 pcgrad_conflicts=0 push=0.005223432555794716 push_term=0.0002611716336105019 student_updates=1 teacher_ce=0.31897224485874176 teacher_lr=2.746526896031365e-05 teacher_margin=2.1125755310058594 teacher_margin_term=0.0190131776034832 teacher_updates=1 temp_adv=1.2389999999999737 temp_nat=2.551999999999829 temperature_updates=1 total_loss=0.05686202645301819 views=2
2026-09-16 11:21:46.690 | INFO     | __main__:<module>:497 - METHOD_BATCH epoch=212 step=200 adv_kd=0.015307915396988392 awp_gamma=0.002 awp_relative_norm_max=0.0020000003278255463 clean_ce=0.3398471474647522 clean_ce_term=0.01699235662817955 consistency_term=0.0005145770264789462 consistency_weight=0.5 js_raw=0.10291540622711182 lr=0.06333768961967892 nat_kd=0.007661554962396622 pcgrad_conflicts=0 push=0.00571084301918745 push_term=0.0002855421626009047 student_updates=1 teacher_ce=0.35789649188518524 teacher_lr=2.746526896031365e-05 teacher_margin=2.2521328926086426 teacher_margin_term=0.02026919648051262 teacher_updates=1 temp_adv=1.2389999999999737 temp_nat=2.551999999999829 temperature_updates=1 total_loss=0.061031144112348557 views=2
2026-09-16 11:25:48.873 | INFO     | __main__:<module>:497 - METHOD_BATCH epoch=212 step=300 adv_kd=0.014769373461604118 awp_gamma=0.002 awp_relative_norm_max=0.0020000003278255463 clean_ce=0.3351171016693115 clean_ce_term=0.016755854710936546 consistency_term=0.00043129606638103724 consistency_weight=0.5 js_raw=0.08625921607017517 lr=0.06333768961967892 nat_kd=0.008181864395737648 pcgrad_conflicts=0 push=0.005851322785019875 push_term=0.00029256613925099373 student_updates=1 teacher_ce=0.40239591896533966 teacher_lr=2.746526896031365e-05 teacher_margin=2.25600004196167 teacher_margin_term=0.020304000005126 teacher_updates=1 temp_adv=1.236999999999974 temp_nat=2.553999999999829 temperature_updates=1 total_loss=0.06073495373129845 views=2
2026-09-16 11:29:23.863 | INFO     | __main__:<module>:875 - TRAIN_EPOCH_RESOURCE epoch=212 seconds=948.3151281625032 peak_allocated_bytes=11589042688
2026-09-16 11:29:23.863 | INFO     | __main__:<module>:482 - METHOD epoch=213 views=2 awp_gamma=0.002 consistency_weight=0.5
2026-09-16 11:29:23.863 | INFO     | __main__:<module>:485 - the 213th epoch 
2026-09-16 11:29:26.384 | INFO     | __main__:<module>:497 - METHOD_BATCH epoch=213 step=0 adv_kd=0.013762819580733776 awp_gamma=0.002 awp_relative_norm_max=0.0020000003278255463 clean_ce=0.33545371890068054 clean_ce_term=0.016772687435150146 consistency_term=0.00043075060239061713 consistency_weight=0.5 js_raw=0.08615012466907501 lr=0.06232445699168568 nat_kd=0.008057152852416039 pcgrad_conflicts=0 push=0.005743434187024832 push_term=0.0002871717151720077 student_updates=1 teacher_ce=0.3614353686571121 teacher_lr=2.690638339477651e-05 teacher_margin=1.9949092864990234 teacher_margin_term=0.018203547224402428 teacher_updates=1 temp_adv=1.2439999999999731 temp_nat=2.5469999999998296 temperature_updates=1 total_loss=0.05751413106918335 views=2
2026-09-16 11:33:25.988 | INFO     | __main__:<module>:497 - METHOD_BATCH epoch=213 step=100 adv_kd=0.016462121158838272 awp_gamma=0.002 awp_relative_norm_max=0.0020000003278255463 clean_ce=0.330119788646698 clean_ce_term=0.01650599017739296 consistency_term=0.0006526657962240279 consistency_weight=0.5 js_raw=0.1305331587791443 lr=0.06232445699168568 nat_kd=0.007938787341117859 pcgrad_conflicts=0 push=0.0062881698831915855 push_term=0.00031440850580111146 student_updates=1 teacher_ce=0.339017778635025 teacher_lr=2.690638339477651e-05 teacher_margin=2.4472012519836426 teacher_margin_term=0.022330712527036667 teacher_updates=1 temp_adv=1.2479999999999727 temp_nat=2.54299999999983 temperature_updates=1 total_loss=0.06420468538999557 views=2
2026-09-16 11:37:23.938 | INFO     | __main__:<module>:497 - METHOD_BATCH epoch=213 step=200 adv_kd=0.015828272327780724 awp_gamma=0.002 awp_relative_norm_max=0.0020000003278255463 clean_ce=0.3296414315700531 clean_ce_term=0.016482071951031685 consistency_term=0.0006713752518408 consistency_weight=0.5 js_raw=0.13427504897117615 lr=0.06232445699168568 nat_kd=0.008146187290549278 pcgrad_conflicts=0 push=0.005167318973690271 push_term=0.0002583659370429814 student_updates=1 teacher_ce=0.38770692050457 teacher_lr=2.690638339477651e-05 teacher_margin=2.2186567783355713 teacher_margin_term=0.02024524286389351 teacher_updates=1 temp_adv=1.2439999999999731 temp_nat=2.5469999999998296 temperature_updates=1 total_loss=0.06163151562213898 views=2
2026-09-16 11:41:22.368 | INFO     | __main__:<module>:497 - METHOD_BATCH epoch=213 step=300 adv_kd=0.013922247104346752 awp_gamma=0.002 awp_relative_norm_max=0.0020000003278255463 clean_ce=0.3542172908782959 clean_ce_term=0.017710864543914795 consistency_term=0.00044838464236818254 consistency_weight=0.5 js_raw=0.08967693150043488 lr=0.06232445699168568 nat_kd=0.008746825158596039 pcgrad_conflicts=0 push=0.004744094330817461 push_term=0.00023720471654087305 student_updates=1 teacher_ce=0.30308231711387634 teacher_lr=2.690638339477651e-05 teacher_margin=1.9471871852874756 teacher_margin_term=0.01776808127760887 teacher_updates=1 temp_adv=1.2399999999999736 temp_nat=2.550999999999829 temperature_updates=1 total_loss=0.05883360654115677 views=2
2026-09-16 11:44:58.303 | INFO     | __main__:<module>:875 - TRAIN_EPOCH_RESOURCE epoch=213 seconds=934.4394979700446 peak_allocated_bytes=11589042688
2026-09-16 11:44:58.303 | INFO     | __main__:<module>:482 - METHOD epoch=214 views=2 awp_gamma=0.002 consistency_weight=0.5
2026-09-16 11:44:58.303 | INFO     | __main__:<module>:485 - the 214th epoch 
2026-09-16 11:45:00.739 | INFO     | __main__:<module>:497 - METHOD_BATCH epoch=214 step=0 adv_kd=0.013897045515477657 awp_gamma=0.002 awp_relative_norm_max=0.0020000003278255463 clean_ce=0.3757367730140686 clean_ce_term=0.01878684014081955 consistency_term=0.0005037580267526209 consistency_weight=0.5 js_raw=0.1007516086101532 lr=0.06130583798736121 nat_kd=0.00792360957711935 pcgrad_conflicts=0 push=0.0063894204795360565 push_term=0.0003194710589013994 student_updates=1 teacher_ce=0.44163908064365387 teacher_lr=2.635116051389537e-05 teacher_margin=2.0160465240478516 teacher_margin_term=0.018648432567715645 teacher_updates=1 temp_adv=1.2329999999999743 temp_nat=2.5579999999998284 temperature_updates=1 total_loss=0.06007916107773781 views=2
2026-09-16 11:49:00.543 | INFO     | __main__:<module>:497 - METHOD_BATCH epoch=214 step=100 adv_kd=0.014131110161542892 awp_gamma=0.002 awp_relative_norm_max=0.0020000003278255463 clean_ce=0.3490968346595764 clean_ce_term=0.01745484210550785 consistency_term=0.0004691191716119647 consistency_weight=0.5 js_raw=0.09382383525371552 lr=0.06130583798736121 nat_kd=0.006796646397560835 pcgrad_conflicts=0 push=0.0057837460190057755 push_term=0.00028918730095028877 student_updates=1 teacher_ce=0.34988628327846527 teacher_lr=2.635116051389537e-05 teacher_margin=1.9983609914779663 teacher_margin_term=0.01848483830690384 teacher_updates=1 temp_adv=1.2409999999999735 temp_nat=2.5499999999998293 temperature_updates=1 total_loss=0.057625748217105865 views=2
2026-09-16 11:53:00.094 | INFO     | __main__:<module>:497 - METHOD_BATCH epoch=214 step=200 adv_kd=0.014681404456496239 awp_gamma=0.002 awp_relative_norm_max=0.0020000003278255463 clean_ce=0.31518056988716125 clean_ce_term=0.015759028494358063 consistency_term=0.0005103701842017472 consistency_weight=0.5 js_raw=0.1020740419626236 lr=0.06130583798736121 nat_kd=0.007263709791004658 pcgrad_conflicts=0 push=0.005826070439070463 push_term=0.00029130352777428925 student_updates=1 teacher_ce=0.3404814749956131 teacher_lr=2.635116051389537e-05 teacher_margin=2.124891757965088 teacher_margin_term=0.019655250012874603 teacher_updates=1 temp_adv=1.244999999999973 temp_nat=2.5459999999998297 temperature_updates=1 total_loss=0.058161064982414246 views=2
2026-09-16 11:57:00.152 | INFO     | __main__:<module>:497 - METHOD_BATCH epoch=214 step=300 adv_kd=0.01403592899441719 awp_gamma=0.002 awp_relative_norm_max=0.0020000003278255463 clean_ce=0.3363797962665558 clean_ce_term=0.01681898906826973 consistency_term=0.0005314459558576345 consistency_weight=0.5 js_raw=0.10628919303417206 lr=0.06130583798736121 nat_kd=0.007048341445624828 pcgrad_conflicts=0 push=0.005041088443249464 push_term=0.0002520544221624732 student_updates=1 teacher_ce=0.38088835775852203 teacher_lr=2.635116051389537e-05 teacher_margin=1.9247770309448242 teacher_margin_term=0.017804186791181564 teacher_updates=1 temp_adv=1.2389999999999737 temp_nat=2.551999999999829 temperature_updates=1 total_loss=0.0564909465610981 views=2
2026-09-16 12:00:36.775 | INFO     | __main__:<module>:875 - TRAIN_EPOCH_RESOURCE epoch=214 seconds=938.471390824765 peak_allocated_bytes=11589042688
2026-09-16 12:00:36.775 | INFO     | __main__:<module>:482 - METHOD epoch=215 views=2 awp_gamma=0.002 consistency_weight=0.5
2026-09-16 12:00:36.775 | INFO     | __main__:<module>:485 - the 215th epoch 
2026-09-16 12:00:39.193 | INFO     | __main__:<module>:497 - METHOD_BATCH epoch=215 step=0 adv_kd=0.014428267255425453 awp_gamma=0.002 awp_relative_norm_max=0.0020000003278255463 clean_ce=0.33349528908729553 clean_ce_term=0.016674764454364777 consistency_term=0.0005210267845541239 consistency_weight=0.5 js_raw=0.10420536249876022 lr=0.060282281466651357 nat_kd=0.006799521390348673 pcgrad_conflicts=0 push=0.006823262199759483 push_term=0.00034116313327103853 student_updates=1 teacher_ce=0.321491077542305 teacher_lr=2.57996877282432e-05 teacher_margin=2.00785231590271 teacher_margin_term=0.018823616206645966 teacher_updates=1 temp_adv=1.2399999999999736 temp_nat=2.550999999999829 temperature_updates=1 total_loss=0.0575883612036705 views=2
2026-09-16 12:04:39.441 | INFO     | __main__:<module>:497 - METHOD_BATCH epoch=215 step=100 adv_kd=0.013810303062200546 awp_gamma=0.002 awp_relative_norm_max=0.0020000003278255463 clean_ce=0.33163225650787354 clean_ce_term=0.016581613570451736 consistency_term=0.0004676003009080887 consistency_weight=0.5 js_raw=0.09352006018161774 lr=0.060282281466651357 nat_kd=0.006815160624682903 pcgrad_conflicts=0 push=0.006654983386397362 push_term=0.0003327491576783359 student_updates=1 teacher_ce=0.29064972698688507 teacher_lr=2.57996877282432e-05 teacher_margin=1.985046625137329 teacher_margin_term=0.01860981434583664 teacher_updates=1 temp_adv=1.239909111090865 temp_nat=2.5510908889089388 temperature_updates=1 total_loss=0.056617237627506256 views=2
2026-09-16 12:08:39.217 | INFO     | __main__:<module>:497 - METHOD_BATCH epoch=215 step=200 adv_kd=0.014259587973356247 awp_gamma=0.002 awp_relative_norm_max=0.0020000003278255463 clean_ce=0.3601495027542114 clean_ce_term=0.01800747588276863 consistency_term=0.0006437768461182714 consistency_weight=0.5 js_raw=0.1287553757429123 lr=0.060282281466651357 nat_kd=0.00772459153085947 pcgrad_conflicts=0 push=0.004929245449602604 push_term=0.0002464622666593641 student_updates=1 teacher_ce=0.3090132921934128 teacher_lr=2.57996877282432e-05 teacher_margin=2.0076541900634766 teacher_margin_term=0.018821757286787033 teacher_updates=1 temp_adv=1.239909111090865 temp_nat=2.5510908889089388 temperature_updates=1 total_loss=0.05970365181565285 views=2
2026-09-16 12:12:37.882 | INFO     | __main__:<module>:497 - METHOD_BATCH epoch=215 step=300 adv_kd=0.014082688838243484 awp_gamma=0.002 awp_relative_norm_max=0.0020000003278255463 clean_ce=0.31836479902267456 clean_ce_term=0.015918239951133728 consistency_term=0.0005251015536487103 consistency_weight=0.5 js_raw=0.10502031445503235 lr=0.060282281466651357 nat_kd=0.006272407248616219 pcgrad_conflicts=0 push=0.005391636863350868 push_term=0.0002695818548090756 student_updates=1 teacher_ce=0.3962467163801193 teacher_lr=2.57996877282432e-05 teacher_margin=1.8937363624572754 teacher_margin_term=0.017753779888153076 teacher_updates=1 temp_adv=1.239909111090865 temp_nat=2.5510908889089388 temperature_updates=1 total_loss=0.05482180416584015 views=2
2026-09-16 12:16:13.059 | INFO     | __main__:<module>:875 - TRAIN_EPOCH_RESOURCE epoch=215 seconds=936.2840585634112 peak_allocated_bytes=11589042688
2026-09-16 12:16:13.060 | INFO     | __main__:<module>:482 - METHOD epoch=216 views=2 awp_gamma=0.002 consistency_weight=0.5
2026-09-16 12:16:13.060 | INFO     | __main__:<module>:485 - the 216th epoch 
2026-09-16 12:16:15.472 | INFO     | __main__:<module>:497 - METHOD_BATCH epoch=216 step=0 adv_kd=0.012955959886312485 awp_gamma=0.002 awp_relative_norm_max=0.0020000003278255463 clean_ce=0.3336873948574066 clean_ce_term=0.01668437011539936 consistency_term=0.00046100938925519586 consistency_weight=0.5 js_raw=0.09220188111066818 lr=0.05925423840674787 nat_kd=0.006729120388627052 pcgrad_conflicts=0 push=0.004949306137859821 push_term=0.000247465301072225 student_updates=1 teacher_ce=0.4818243235349655 teacher_lr=2.525205183859442e-05 teacher_margin=1.7210109233856201 teacher_margin_term=0.01634960249066353 teacher_updates=1 temp_adv=1.239909111090865 temp_nat=2.5510908889089388 temperature_updates=1 total_loss=0.05342752858996391 views=2
2026-09-16 12:20:15.479 | INFO     | __main__:<module>:497 - METHOD_BATCH epoch=216 step=100 adv_kd=0.013325132429599762 awp_gamma=0.002 awp_relative_norm_max=0.0020000003278255463 clean_ce=0.32198619842529297 clean_ce_term=0.016099311411380768 consistency_term=0.0004579058149829507 consistency_weight=0.5 js_raw=0.09158116579055786 lr=0.05925423840674787 nat_kd=0.007265876047313213 pcgrad_conflicts=0 push=0.00615823594853282 push_term=0.0003079118032474071 student_updates=1 teacher_ce=0.3968357592821121 teacher_lr=2.525205183859442e-05 teacher_margin=2.0456771850585938 teacher_margin_term=0.01943393237888813 teacher_updates=1 temp_adv=1.239909111090865 temp_nat=2.5510908889089388 temperature_updates=1 total_loss=0.05689007043838501 views=2
2026-09-16 12:24:14.336 | INFO     | __main__:<module>:497 - METHOD_BATCH epoch=216 step=200 adv_kd=0.016032960265874863 awp_gamma=0.002 awp_relative_norm_max=0.0020000003278255463 clean_ce=0.35471266508102417 clean_ce_term=0.017735633999109268 consistency_term=0.0007201542030088603 consistency_weight=0.5 js_raw=0.1440308392047882 lr=0.05925423840674787 nat_kd=0.0076466333121061325 pcgrad_conflicts=0 push=0.004944813437759876 push_term=0.0002472406777087599 student_updates=1 teacher_ce=0.3479732573032379 teacher_lr=2.525205183859442e-05 teacher_margin=2.2484560012817383 teacher_margin_term=0.021360332146286964 teacher_updates=1 temp_adv=1.239909111090865 temp_nat=2.5510908889089388 temperature_updates=1 total_loss=0.06374295800924301 views=2
2026-09-16 12:28:13.586 | INFO     | __main__:<module>:497 - METHOD_BATCH epoch=216 step=300 adv_kd=0.012789432890713215 awp_gamma=0.002 awp_relative_norm_max=0.0020000003278255463 clean_ce=0.3218024969100952 clean_ce_term=0.01609012484550476 consistency_term=0.0005377832567319274 consistency_weight=0.5 js_raw=0.10755665600299835 lr=0.05925423840674787 nat_kd=0.006796777248382568 pcgrad_conflicts=0 push=0.005074859596788883 push_term=0.000253742968197912 student_updates=1 teacher_ce=0.43745914101600647 teacher_lr=2.525205183859442e-05 teacher_margin=1.813895344734192 teacher_margin_term=0.017232004553079605 teacher_updates=1 temp_adv=1.239909111090865 temp_nat=2.5510908889089388 temperature_updates=1 total_loss=0.05369986593723297 views=2
2026-09-16 12:31:48.036 | INFO     | __main__:<module>:875 - TRAIN_EPOCH_RESOURCE epoch=216 seconds=934.9759365208447 peak_allocated_bytes=11589042688
2026-09-16 12:31:48.036 | INFO     | __main__:<module>:482 - METHOD epoch=217 views=2 awp_gamma=0.002 consistency_weight=0.5
2026-09-16 12:31:48.036 | INFO     | __main__:<module>:485 - the 217th epoch 
2026-09-16 12:31:50.447 | INFO     | __main__:<module>:497 - METHOD_BATCH epoch=217 step=0 adv_kd=0.013274896889925003 awp_gamma=0.002 awp_relative_norm_max=0.0020000003278255463 clean_ce=0.3271687626838684 clean_ce_term=0.01635843887925148 consistency_term=0.0004171828040853143 consistency_weight=0.5 js_raw=0.08343656361103058 lr=0.05822216170124611 nat_kd=0.007060488685965538 pcgrad_conflicts=0 push=0.004851354286074638 push_term=0.00024256770848296583 student_updates=1 teacher_ce=0.3577987998723984 teacher_lr=2.470833902208863e-05 teacher_margin=1.9435021877288818 teacher_margin_term=0.01870620623230934 teacher_updates=1 temp_adv=1.239909111090865 temp_nat=2.5510908889089388 temperature_updates=1 total_loss=0.05605978146195412 views=2
2026-09-16 12:35:49.354 | INFO     | __main__:<module>:497 - METHOD_BATCH epoch=217 step=100 adv_kd=0.013190439902245998 awp_gamma=0.002 awp_relative_norm_max=0.0020000003278255463 clean_ce=0.37232786417007446 clean_ce_term=0.018616393208503723 consistency_term=0.0004388572124298662 consistency_weight=0.5 js_raw=0.0877714455127716 lr=0.05822216170124611 nat_kd=0.007215253077447414 pcgrad_conflicts=0 push=0.0050872922874987125 push_term=0.0002543646260164678 student_updates=1 teacher_ce=0.3354572355747223 teacher_lr=2.470833902208863e-05 teacher_margin=1.885291576385498 teacher_margin_term=0.018145931884646416 teacher_updates=1 temp_adv=1.239909111090865 temp_nat=2.5510908889089388 temperature_updates=1 total_loss=0.057861242443323135 views=2
2026-09-16 12:39:47.347 | INFO     | __main__:<module>:497 - METHOD_BATCH epoch=217 step=200 adv_kd=0.014905380085110664 awp_gamma=0.002 awp_relative_norm_max=0.0020000003278255463 clean_ce=0.3522723913192749 clean_ce_term=0.017613619565963745 consistency_term=0.0005112122744321823 consistency_weight=0.5 js_raw=0.10224245488643646 lr=0.05822216170124611 nat_kd=0.007512817159295082 pcgrad_conflicts=0 push=0.005377581343054771 push_term=0.0002688790555112064 student_updates=1 teacher_ce=0.37926085293293 teacher_lr=2.470833902208863e-05 teacher_margin=2.1158854961395264 teacher_margin_term=0.0203653983771801 teacher_updates=1 temp_adv=1.239909111090865 temp_nat=2.5510908889089388 temperature_updates=1 total_loss=0.06117730587720871 views=2
2026-09-16 12:43:45.241 | INFO     | __main__:<module>:497 - METHOD_BATCH epoch=217 step=300 adv_kd=0.014680800959467888 awp_gamma=0.002 awp_relative_norm_max=0.0020000003278255463 clean_ce=0.3484829068183899 clean_ce_term=0.017424145713448524 consistency_term=0.0006022507441230118 consistency_weight=0.5 js_raw=0.12045015394687653 lr=0.05822216170124611 nat_kd=0.007435645908117294 pcgrad_conflicts=0 push=0.0056640650145709515 push_term=0.00028320326237007976 student_updates=1 teacher_ce=0.4116799831390381 teacher_lr=2.470833902208863e-05 teacher_margin=2.16725754737854 teacher_margin_term=0.0208598542958498 teacher_updates=1 temp_adv=1.239909111090865 temp_nat=2.5510908889089388 temperature_updates=1 total_loss=0.06128590181469917 views=2
2026-09-16 12:47:19.437 | INFO     | __main__:<module>:875 - TRAIN_EPOCH_RESOURCE epoch=217 seconds=931.4012425541878 peak_allocated_bytes=11589042688
2026-09-16 12:47:19.438 | INFO     | __main__:<module>:482 - METHOD epoch=218 views=2 awp_gamma=0.002 consistency_weight=0.5
2026-09-16 12:47:19.438 | INFO     | __main__:<module>:485 - the 218th epoch 
2026-09-16 12:47:21.830 | INFO     | __main__:<module>:497 - METHOD_BATCH epoch=218 step=0 adv_kd=0.013688461855053902 awp_gamma=0.002 awp_relative_norm_max=0.0020000003278255463 clean_ce=0.3489419221878052 clean_ce_term=0.0174470953643322 consistency_term=0.0005195426056161523 consistency_weight=0.5 js_raw=0.10390852391719818 lr=0.05718650595846991 nat_kd=0.007156624458730221 pcgrad_conflicts=0 push=0.0061672767624258995 push_term=0.0003083638730458915 student_updates=1 teacher_ce=0.3528803437948227 teacher_lr=2.416863481849594e-05 teacher_margin=2.0046539306640625 teacher_margin_term=0.019545376300811768 teacher_updates=1 temp_adv=1.239909111090865 temp_nat=2.5510908889089388 temperature_updates=1 total_loss=0.05866546183824539 views=2
2026-09-16 12:51:20.878 | INFO     | __main__:<module>:497 - METHOD_BATCH epoch=218 step=100 adv_kd=0.013356950134038925 awp_gamma=0.002 awp_relative_norm_max=0.0020000003278255463 clean_ce=0.3646475374698639 clean_ce_term=0.018232377246022224 consistency_term=0.0004509789287112653 consistency_weight=0.5 js_raw=0.09019578993320465 lr=0.05718650595846991 nat_kd=0.008464384824037552 pcgrad_conflicts=0 push=0.004891120828688145 push_term=0.0002445560530759394 student_updates=1 teacher_ce=0.47582942247390747 teacher_lr=2.416863481849594e-05 teacher_margin=1.8991833925247192 teacher_margin_term=0.018517037853598595 teacher_updates=1 temp_adv=1.239909111090865 temp_nat=2.5510908889089388 temperature_updates=1 total_loss=0.059266287833452225 views=2
2026-09-16 12:55:20.934 | INFO     | __main__:<module>:497 - METHOD_BATCH epoch=218 step=200 adv_kd=0.013903320766985416 awp_gamma=0.002 awp_relative_norm_max=0.0020000003278255463 clean_ce=0.33080124855041504 clean_ce_term=0.01654006354510784 consistency_term=0.0006395538221113384 consistency_weight=0.5 js_raw=0.1279107630252838 lr=0.05718650595846991 nat_kd=0.007329391315579414 pcgrad_conflicts=0 push=0.005304268561303616 push_term=0.0002652134280651808 student_updates=1 teacher_ce=0.4354892075061798 teacher_lr=2.416863481849594e-05 teacher_margin=1.9416759014129639 teacher_margin_term=0.01893134042620659 teacher_updates=1 temp_adv=1.239909111090865 temp_nat=2.5510908889089388 temperature_updates=1 total_loss=0.05760888382792473 views=2
2026-09-16 12:59:20.110 | INFO     | __main__:<module>:497 - METHOD_BATCH epoch=218 step=300 adv_kd=0.01600540056824684 awp_gamma=0.002 awp_relative_norm_max=0.0020000003278255463 clean_ce=0.3600451350212097 clean_ce_term=0.018002256751060486 consistency_term=0.0005015891510993242 consistency_weight=0.5 js_raw=0.10031783580780029 lr=0.05718650595846991 nat_kd=0.008874615654349327 pcgrad_conflicts=0 push=0.0055603827349841595 push_term=0.00027801914256997406 student_updates=1 teacher_ce=0.3878507763147354 teacher_lr=2.416863481849594e-05 teacher_margin=2.257882595062256 teacher_margin_term=0.022014357149600983 teacher_updates=1 temp_adv=1.239909111090865 temp_nat=2.5510908889089388 temperature_updates=1 total_loss=0.0656762346625328 views=2
2026-09-16 13:02:54.770 | INFO     | __main__:<module>:875 - TRAIN_EPOCH_RESOURCE epoch=218 seconds=935.331902757287 peak_allocated_bytes=11589042688
2026-09-16 13:02:54.770 | INFO     | __main__:<module>:482 - METHOD epoch=219 views=2 awp_gamma=0.002 consistency_weight=0.5
2026-09-16 13:02:54.770 | INFO     | __main__:<module>:485 - the 219th epoch 
2026-09-16 13:02:57.177 | INFO     | __main__:<module>:497 - METHOD_BATCH epoch=219 step=0 adv_kd=0.013546671718358994 awp_gamma=0.002 awp_relative_norm_max=0.0020000003278255463 clean_ce=0.3684796690940857 clean_ce_term=0.018423985689878464 consistency_term=0.000451106607215479 consistency_weight=0.5 js_raw=0.09022132307291031 lr=0.05614772729905422 nat_kd=0.0075523704290390015 pcgrad_conflicts=0 push=0.004999356810003519 push_term=0.00024996785214170814 student_updates=1 teacher_ce=0.43943963944911957 teacher_lr=2.3633024116586585e-05 teacher_margin=1.8668168783187866 teacher_margin_term=0.01843481883406639 teacher_updates=1 temp_adv=1.239909111090865 temp_nat=2.5510908889089388 temperature_updates=1 total_loss=0.05865892022848129 views=2
2026-09-16 13:06:56.228 | INFO     | __main__:<module>:497 - METHOD_BATCH epoch=219 step=100 adv_kd=0.013759808614850044 awp_gamma=0.002 awp_relative_norm_max=0.0020000003278255463 clean_ce=0.3218790888786316 clean_ce_term=0.01609395444393158 consistency_term=0.0005226589855737984 consistency_weight=0.5 js_raw=0.10453179478645325 lr=0.05614772729905422 nat_kd=0.006703685037791729 pcgrad_conflicts=0 push=0.006013108883053064 push_term=0.00030065543251112103 student_updates=1 teacher_ce=0.38885343074798584 teacher_lr=2.3633024116586585e-05 teacher_margin=1.9104831218719482 teacher_margin_term=0.018866021186113358 teacher_updates=1 temp_adv=1.239909111090865 temp_nat=2.5510908889089388 temperature_updates=1 total_loss=0.056246787309646606 views=2
2026-09-16 13:10:54.565 | INFO     | __main__:<module>:497 - METHOD_BATCH epoch=219 step=200 adv_kd=0.014760375022888184 awp_gamma=0.002 awp_relative_norm_max=0.0020000003278255463 clean_ce=0.37094050645828247 clean_ce_term=0.018547024577856064 consistency_term=0.0004340031591709703 consistency_weight=0.5 js_raw=0.08680063486099243 lr=0.05614772729905422 nat_kd=0.008296513929963112 pcgrad_conflicts=0 push=0.006045862566679716 push_term=0.0003022931341547519 student_updates=1 teacher_ce=0.39966560900211334 teacher_lr=2.3633024116586585e-05 teacher_margin=2.059342622756958 teacher_margin_term=0.020336009562015533 teacher_updates=1 temp_adv=1.239909111090865 temp_nat=2.5510908889089388 temperature_updates=1 total_loss=0.06267622113227844 views=2
2026-09-16 13:14:53.858 | INFO     | __main__:<module>:497 - METHOD_BATCH epoch=219 step=300 adv_kd=0.01487261988222599 awp_gamma=0.002 awp_relative_norm_max=0.0020000003278255463 clean_ce=0.3583734631538391 clean_ce_term=0.017918672412633896 consistency_term=0.00048307253746315837 consistency_weight=0.5 js_raw=0.09661450982093811 lr=0.05614772729905422 nat_kd=0.008162175305187702 pcgrad_conflicts=0 push=0.004984973929822445 push_term=0.00024924869649112225 student_updates=1 teacher_ce=0.39605575799942017 teacher_lr=2.3633024116586585e-05 teacher_margin=2.084063768386841 teacher_margin_term=0.02058013156056404 teacher_updates=1 temp_adv=1.239909111090865 temp_nat=2.5510908889089388 temperature_updates=1 total_loss=0.062265921384096146 views=2
2026-09-16 13:18:30.219 | INFO     | __main__:<module>:875 - TRAIN_EPOCH_RESOURCE epoch=219 seconds=935.4487376660109 peak_allocated_bytes=11589042688
2026-09-16 13:18:30.219 | INFO     | __main__:<module>:482 - METHOD epoch=220 views=2 awp_gamma=0.002 consistency_weight=0.5
2026-09-16 13:18:30.219 | INFO     | __main__:<module>:485 - the 220th epoch 
2026-09-16 13:18:32.648 | INFO     | __main__:<module>:497 - METHOD_BATCH epoch=220 step=0 adv_kd=0.01455196738243103 awp_gamma=0.002 awp_relative_norm_max=0.0020000003278255463 clean_ce=0.32613861560821533 clean_ce_term=0.016306931152939796 consistency_term=0.0005136345280334353 consistency_weight=0.5 js_raw=0.10272690653800964 lr=0.05510628315287637 nat_kd=0.008205791935324669 pcgrad_conflicts=0 push=0.006476298905909061 push_term=0.0003238149220123887 student_updates=1 teacher_ce=0.4217182844877243 teacher_lr=2.310159114060635e-05 teacher_margin=2.049043893814087 teacher_margin_term=0.020490437746047974 teacher_updates=1 temp_adv=1.239909111090865 temp_nat=2.5510908889089388 temperature_updates=1 total_loss=0.060392580926418304 views=2
2026-09-16 13:22:34.241 | INFO     | __main__:<module>:497 - METHOD_BATCH epoch=220 step=100 adv_kd=0.014456345699727535 awp_gamma=0.002 awp_relative_norm_max=0.0020000003278255463 clean_ce=0.3299326002597809 clean_ce_term=0.016496630385518074 consistency_term=0.0005077043315395713 consistency_weight=0.5 js_raw=0.10154086351394653 lr=0.05510628315287637 nat_kd=0.00831831805408001 pcgrad_conflicts=0 push=0.005803407169878483 push_term=0.0002901703701354563 student_updates=1 teacher_ce=0.4346964955329895 teacher_lr=2.310159114060635e-05 teacher_margin=2.193834066390991 teacher_margin_term=0.021938340738415718 teacher_updates=1 temp_adv=1.239909111090865 temp_nat=2.5510908889089388 temperature_updates=1 total_loss=0.06200750917196274 views=2
2026-09-16 13:26:34.657 | INFO     | __main__:<module>:497 - METHOD_BATCH epoch=220 step=200 adv_kd=0.013863582164049149 awp_gamma=0.002 awp_relative_norm_max=0.0020000003278255463 clean_ce=0.31077122688293457 clean_ce_term=0.015538560226559639 consistency_term=0.0004354352131485939 consistency_weight=0.5 js_raw=0.08708704262971878 lr=0.05510628315287637 nat_kd=0.007326202467083931 pcgrad_conflicts=0 push=0.005585743114352226 push_term=0.0002792871673591435 student_updates=1 teacher_ce=0.38424885272979736 teacher_lr=2.310159114060635e-05 teacher_margin=1.888097882270813 teacher_margin_term=0.018880978226661682 teacher_updates=1 temp_adv=1.239909111090865 temp_nat=2.5510908889089388 temperature_updates=1 total_loss=0.05632404237985611 views=2
2026-09-16 13:30:34.391 | INFO     | __main__:<module>:497 - METHOD_BATCH epoch=220 step=300 adv_kd=0.014702027663588524 awp_gamma=0.002 awp_relative_norm_max=0.0020000003278255463 clean_ce=0.3460482358932495 clean_ce_term=0.017302412539720535 consistency_term=0.0004524917749222368 consistency_weight=0.5 js_raw=0.09049835801124573 lr=0.05510628315287637 nat_kd=0.0073580872267484665 pcgrad_conflicts=0 push=0.004474972374737263 push_term=0.00022374863328877836 student_updates=1 teacher_ce=0.2977481186389923 teacher_lr=2.310159114060635e-05 teacher_margin=2.005112648010254 teacher_margin_term=0.020051125437021255 teacher_updates=1 temp_adv=1.239909111090865 temp_nat=2.5510908889089388 temperature_updates=1 total_loss=0.06008989363908768 views=2
2026-09-16 13:34:09.940 | INFO     | __main__:<module>:875 - TRAIN_EPOCH_RESOURCE epoch=220 seconds=939.7204512767494 peak_allocated_bytes=11589042688
2026-09-16 13:35:06.622 | INFO     | __main__:<module>:934 - student robust acc 0.3029, teacher robust acc 0.4807, nat teacher robust acc 0.3645
2026-09-16 13:35:25.976 | INFO     | __main__:<module>:1007 - best accuracy:0.4849
2026-09-16 13:35:25.976 | INFO     | __main__:<module>:1010 - student natural acc 0.6669, adv teacher natural acc 0.6132, nat teacher natural acc 0.7650
2026-09-16 13:35:25.978 | INFO     | __main__:<module>:482 - METHOD epoch=221 views=2 awp_gamma=0.002 consistency_weight=0.5
2026-09-16 13:35:25.978 | INFO     | __main__:<module>:485 - the 221th epoch 
2026-09-16 13:35:28.432 | INFO     | __main__:<module>:497 - METHOD_BATCH epoch=221 step=0 adv_kd=0.012457728385925293 awp_gamma=0.002 awp_relative_norm_max=0.0020000003278255463 clean_ce=0.3275487422943115 clean_ce_term=0.016377437859773636 consistency_term=0.0004114785697311163 consistency_weight=0.5 js_raw=0.08229571580886841 lr=0.05406263205542694 nat_kd=0.007320814300328493 pcgrad_conflicts=0 push=0.004803379066288471 push_term=0.00024016897077672184 student_updates=1 teacher_ce=0.40474919974803925 teacher_lr=2.2574419436860326e-05 teacher_margin=1.701852798461914 teacher_margin_term=0.017018526792526245 teacher_updates=1 temp_adv=1.239909111090865 temp_nat=2.5510908889089388 temperature_updates=1 total_loss=0.05382615327835083 views=2
2026-09-16 13:39:26.295 | INFO     | __main__:<module>:497 - METHOD_BATCH epoch=221 step=100 adv_kd=0.013536231592297554 awp_gamma=0.002 awp_relative_norm_max=0.00200000056065619 clean_ce=0.3309061527252197 clean_ce_term=0.016545306891202927 consistency_term=0.0005396166234277189 consistency_weight=0.5 js_raw=0.10792332142591476 lr=0.05406263205542694 nat_kd=0.006794398650527 pcgrad_conflicts=0 push=0.004882857669144869 push_term=0.0002441428950987756 student_updates=1 teacher_ce=0.27215708792209625 teacher_lr=2.2574419436860326e-05 teacher_margin=1.9041777849197388 teacher_margin_term=0.019041776657104492 teacher_updates=1 temp_adv=1.239909111090865 temp_nat=2.5510908889089388 temperature_updates=1 total_loss=0.05670147389173508 views=2
2026-09-16 13:43:22.400 | INFO     | __main__:<module>:497 - METHOD_BATCH epoch=221 step=200 adv_kd=0.015241844579577446 awp_gamma=0.002 awp_relative_norm_max=0.0020000003278255463 clean_ce=0.3633592426776886 clean_ce_term=0.01816796138882637 consistency_term=0.0005449108430184424 consistency_weight=0.5 js_raw=0.10898216813802719 lr=0.05406263205542694 nat_kd=0.007377337664365768 pcgrad_conflicts=0 push=0.005577844567596912 push_term=0.0002788922283798456 student_updates=1 teacher_ce=0.31359967589378357 teacher_lr=2.2574419436860326e-05 teacher_margin=2.097649097442627 teacher_margin_term=0.020976489409804344 teacher_updates=1 temp_adv=1.239909111090865 temp_nat=2.5510908889089388 temperature_updates=1 total_loss=0.0625874400138855 views=2
2026-09-16 13:47:19.045 | INFO     | __main__:<module>:497 - METHOD_BATCH epoch=221 step=300 adv_kd=0.014686052687466145 awp_gamma=0.002 awp_relative_norm_max=0.0020000003278255463 clean_ce=0.354731023311615 clean_ce_term=0.01773655228316784 consistency_term=0.000516628788318485 consistency_weight=0.5 js_raw=0.103325754404068 lr=0.05406263205542694 nat_kd=0.008002858608961105 pcgrad_conflicts=0 push=0.005789196118712425 push_term=0.00028945980011485517 student_updates=1 teacher_ce=0.37625448405742645 teacher_lr=2.2574419436860326e-05 teacher_margin=2.0301647186279297 teacher_margin_term=0.02030164748430252 teacher_updates=1 temp_adv=1.239909111090865 temp_nat=2.5510908889089388 temperature_updates=1 total_loss=0.06153320148587227 views=2
2026-09-16 13:50:51.245 | INFO     | __main__:<module>:875 - TRAIN_EPOCH_RESOURCE epoch=221 seconds=925.2671002075076 peak_allocated_bytes=11589042688
2026-09-16 13:50:51.246 | INFO     | __main__:<module>:482 - METHOD epoch=222 views=2 awp_gamma=0.002 consistency_weight=0.5
2026-09-16 13:50:51.246 | INFO     | __main__:<module>:485 - the 222th epoch 
2026-09-16 13:50:53.625 | INFO     | __main__:<module>:497 - METHOD_BATCH epoch=222 step=0 adv_kd=0.011226072907447815 awp_gamma=0.002 awp_relative_norm_max=0.0020000003278255463 clean_ce=0.342409610748291 clean_ce_term=0.01712048053741455 consistency_term=0.0004133526817895472 consistency_weight=0.5 js_raw=0.08267053961753845 lr=0.05301723344371193 nat_kd=0.006346156820654869 pcgrad_conflicts=0 push=0.005731663201004267 push_term=0.00028658314840868115 student_updates=1 teacher_ce=0.3492548316717148 teacher_lr=2.205159186040729e-05 teacher_margin=1.5489076375961304 teacher_margin_term=0.015489076264202595 teacher_updates=1 temp_adv=1.239909111090865 temp_nat=2.5510908889089388 temperature_updates=1 total_loss=0.050881724804639816 views=2
2026-09-16 13:54:50.275 | INFO     | __main__:<module>:497 - METHOD_BATCH epoch=222 step=100 adv_kd=0.015184289775788784 awp_gamma=0.002 awp_relative_norm_max=0.0020000003278255463 clean_ce=0.3364928662776947 clean_ce_term=0.016824644058942795 consistency_term=0.0004651579074561596 consistency_weight=0.5 js_raw=0.09303158521652222 lr=0.05301723344371193 nat_kd=0.007938427850604057 pcgrad_conflicts=0 push=0.004291129298508167 push_term=0.00021455645037349313 student_updates=1 teacher_ce=0.35656751692295074 teacher_lr=2.205159186040729e-05 teacher_margin=2.3314716815948486 teacher_margin_term=0.023314716294407845 teacher_updates=1 temp_adv=1.239909111090865 temp_nat=2.5510908889089388 temperature_updates=1 total_loss=0.06394179165363312 views=2
2026-09-16 13:58:48.857 | INFO     | __main__:<module>:497 - METHOD_BATCH epoch=222 step=200 adv_kd=0.013979276642203331 awp_gamma=0.002 awp_relative_norm_max=0.0020000003278255463 clean_ce=0.356140673160553 clean_ce_term=0.01780703477561474 consistency_term=0.0005174230318516493 consistency_weight=0.5 js_raw=0.103484608232975 lr=0.05301723344371193 nat_kd=0.007123134098947048 pcgrad_conflicts=0 push=0.004970060661435127 push_term=0.00024850305635482073 student_updates=1 teacher_ce=0.30537255108356476 teacher_lr=2.205159186040729e-05 teacher_margin=2.032055377960205 teacher_margin_term=0.020320553332567215 teacher_updates=1 temp_adv=1.239909111090865 temp_nat=2.5510908889089388 temperature_updates=1 total_loss=0.059995923191308975 views=2
2026-09-16 14:02:48.090 | INFO     | __main__:<module>:497 - METHOD_BATCH epoch=222 step=300 adv_kd=0.014930333010852337 awp_gamma=0.002 awp_relative_norm_max=0.0020000003278255463 clean_ce=0.3572186231613159 clean_ce_term=0.017860930413007736 consistency_term=0.000496425258461386 consistency_weight=0.5 js_raw=0.0992850512266159 lr=0.05301723344371193 nat_kd=0.008110531605780125 pcgrad_conflicts=0 push=0.004624661523848772 push_term=0.0002312330761924386 student_updates=1 teacher_ce=0.3827410042285919 teacher_lr=2.205159186040729e-05 teacher_margin=2.075333595275879 teacher_margin_term=0.02075333520770073 teacher_updates=1 temp_adv=1.239909111090865 temp_nat=2.5510908889089388 temperature_updates=1 total_loss=0.062382787466049194 views=2
2026-09-16 14:06:22.396 | INFO     | __main__:<module>:875 - TRAIN_EPOCH_RESOURCE epoch=222 seconds=931.1504504494369 peak_allocated_bytes=11589042688
2026-09-16 14:06:22.396 | INFO     | __main__:<module>:482 - METHOD epoch=223 views=2 awp_gamma=0.002 consistency_weight=0.5
2026-09-16 14:06:22.396 | INFO     | __main__:<module>:485 - the 223th epoch 
2026-09-16 14:06:24.806 | INFO     | __main__:<module>:497 - METHOD_BATCH epoch=223 step=0 adv_kd=0.013134479522705078 awp_gamma=0.002 awp_relative_norm_max=0.0020000003278255463 clean_ce=0.3386189043521881 clean_ce_term=0.016930945217609406 consistency_term=0.0004365538479760289 consistency_weight=0.5 js_raw=0.08731076866388321 lr=0.051970547451777246 nat_kd=0.0068899765610694885 pcgrad_conflicts=0 push=0.004375227726995945 push_term=0.00021876140090171248 student_updates=1 teacher_ce=0.33068831264972687 teacher_lr=2.1533190561866453e-05 teacher_margin=1.8110276460647583 teacher_margin_term=0.018110275268554688 teacher_updates=1 temp_adv=1.239909111090865 temp_nat=2.5510908889089388 temperature_updates=1 total_loss=0.05572099611163139 views=2
2026-09-16 14:10:22.932 | INFO     | __main__:<module>:497 - METHOD_BATCH epoch=223 step=100 adv_kd=0.014305739663541317 awp_gamma=0.002 awp_relative_norm_max=0.0020000003278255463 clean_ce=0.36077818274497986 clean_ce_term=0.018038909882307053 consistency_term=0.0004855195584241301 consistency_weight=0.5 js_raw=0.09710391610860825 lr=0.051970547451777246 nat_kd=0.007565748877823353 pcgrad_conflicts=0 push=0.005957691930234432 push_term=0.00029788457322865725 student_updates=1 teacher_ce=0.3875951021909714 teacher_lr=2.1533190561866453e-05 teacher_margin=2.050192356109619 teacher_margin_term=0.02050192467868328 teacher_updates=1 temp_adv=1.239909111090865 temp_nat=2.5510908889089388 temperature_updates=1 total_loss=0.061195727437734604 views=2
2026-09-16 14:14:21.988 | INFO     | __main__:<module>:497 - METHOD_BATCH epoch=223 step=200 adv_kd=0.014792952686548233 awp_gamma=0.002 awp_relative_norm_max=0.0020000003278255463 clean_ce=0.364061564207077 clean_ce_term=0.01820307970046997 consistency_term=0.0005868671578355134 consistency_weight=0.5 js_raw=0.11737343668937683 lr=0.051970547451777246 nat_kd=0.008562142960727215 pcgrad_conflicts=0 push=0.005236033350229263 push_term=0.0002618016442283988 student_updates=1 teacher_ce=0.3950047641992569 teacher_lr=2.1533190561866453e-05 teacher_margin=2.186199188232422 teacher_margin_term=0.021861989051103592 teacher_updates=1 temp_adv=1.239909111090865 temp_nat=2.5510908889089388 temperature_updates=1 total_loss=0.06426882743835449 views=2
2026-09-16 14:18:21.586 | INFO     | __main__:<module>:497 - METHOD_BATCH epoch=223 step=300 adv_kd=0.014499064534902573 awp_gamma=0.002 awp_relative_norm_max=0.0020000003278255463 clean_ce=0.35919901728630066 clean_ce_term=0.017959950491786003 consistency_term=0.0004633943026419729 consistency_weight=0.5 js_raw=0.09267885982990265 lr=0.051970547451777246 nat_kd=0.0077752768993377686 pcgrad_conflicts=0 push=0.00541295250877738 push_term=0.0002706476370804012 student_updates=1 teacher_ce=0.42801567912101746 teacher_lr=2.1533190561866453e-05 teacher_margin=2.0615017414093018 teacher_margin_term=0.020615017041563988 teacher_updates=1 temp_adv=1.239909111090865 temp_nat=2.5510908889089388 temperature_updates=1 total_loss=0.06158335134387016 views=2
2026-09-16 14:21:56.180 | INFO     | __main__:<module>:875 - TRAIN_EPOCH_RESOURCE epoch=223 seconds=933.7831605784595 peak_allocated_bytes=11589042688
2026-09-16 14:21:56.180 | INFO     | __main__:<module>:482 - METHOD epoch=224 views=2 awp_gamma=0.002 consistency_weight=0.5
2026-09-16 14:21:56.180 | INFO     | __main__:<module>:485 - the 224th epoch 
2026-09-16 14:21:58.570 | INFO     | __main__:<module>:497 - METHOD_BATCH epoch=224 step=0 adv_kd=0.014361674897372723 awp_gamma=0.002 awp_relative_norm_max=0.0020000003278255463 clean_ce=0.33739006519317627 clean_ce_term=0.016869504004716873 consistency_term=0.0004607371229212731 consistency_weight=0.5 js_raw=0.09214742481708527 lr=0.05092303470594787 nat_kd=0.008612135425209999 pcgrad_conflicts=0 push=0.005318609066307545 push_term=0.0002659304591361433 student_updates=1 teacher_ce=0.3820931613445282 teacher_lr=2.1019296974338922e-05 teacher_margin=2.0297367572784424 teacher_margin_term=0.020297367125749588 teacher_updates=1 temp_adv=1.239909111090865 temp_nat=2.5510908889089388 temperature_updates=1 total_loss=0.06086735054850578 views=2
2026-09-16 14:25:57.615 | INFO     | __main__:<module>:497 - METHOD_BATCH epoch=224 step=100 adv_kd=0.014824768528342247 awp_gamma=0.002 awp_relative_norm_max=0.0020000003278255463 clean_ce=0.34111958742141724 clean_ce_term=0.01705598086118698 consistency_term=0.0006249532452784479 consistency_weight=0.5 js_raw=0.12499065697193146 lr=0.05092303470594787 nat_kd=0.007037505507469177 pcgrad_conflicts=0 push=0.004716464318335056 push_term=0.00023582321591675282 student_updates=1 teacher_ce=0.31288357079029083 teacher_lr=2.1019296974338922e-05 teacher_margin=2.0388729572296143 teacher_margin_term=0.020388729870319366 teacher_updates=1 temp_adv=1.239909111090865 temp_nat=2.5510908889089388 temperature_updates=1 total_loss=0.06016775965690613 views=2
2026-09-16 14:29:56.488 | INFO     | __main__:<module>:497 - METHOD_BATCH epoch=224 step=200 adv_kd=0.014734756201505661 awp_gamma=0.002 awp_relative_norm_max=0.0020000003278255463 clean_ce=0.3104506731033325 clean_ce_term=0.015522534027695656 consistency_term=0.000529110140632838 consistency_weight=0.5 js_raw=0.10582202672958374 lr=0.05092303470594787 nat_kd=0.007818677462637424 pcgrad_conflicts=0 push=0.005489963106811047 push_term=0.0002744981611613184 student_updates=1 teacher_ce=0.3221270889043808 teacher_lr=2.1019296974338922e-05 teacher_margin=2.0425634384155273 teacher_margin_term=0.02042563259601593 teacher_updates=1 temp_adv=1.239909111090865 temp_nat=2.5510908889089388 temperature_updates=1 total_loss=0.05930521339178085 views=2
2026-09-16 14:33:57.089 | INFO     | __main__:<module>:497 - METHOD_BATCH epoch=224 step=300 adv_kd=0.013752453029155731 awp_gamma=0.002 awp_relative_norm_max=0.0020000003278255463 clean_ce=0.34455031156539917 clean_ce_term=0.01722751557826996 consistency_term=0.0005618357099592686 consistency_weight=0.5 js_raw=0.11236714571714401 lr=0.05092303470594787 nat_kd=0.007163260132074356 pcgrad_conflicts=0 push=0.004901915788650513 push_term=0.00024509578361175954 student_updates=1 teacher_ce=0.3623927980661392 teacher_lr=2.1019296974338922e-05 teacher_margin=2.012453556060791 teacher_margin_term=0.020124536007642746 teacher_updates=1 temp_adv=1.239909111090865 temp_nat=2.5510908889089388 temperature_updates=1 total_loss=0.05907469615340233 views=2
2026-09-16 14:37:32.810 | INFO     | __main__:<module>:875 - TRAIN_EPOCH_RESOURCE epoch=224 seconds=936.6294684521854 peak_allocated_bytes=11589042688
2026-09-16 14:37:32.810 | INFO     | __main__:<module>:482 - METHOD epoch=225 views=2 awp_gamma=0.002 consistency_weight=0.5
2026-09-16 14:37:32.810 | INFO     | __main__:<module>:485 - the 225th epoch 
2026-09-16 14:37:35.233 | INFO     | __main__:<module>:497 - METHOD_BATCH epoch=225 step=0 adv_kd=0.01419637631624937 awp_gamma=0.002 awp_relative_norm_max=0.0020000003278255463 clean_ce=0.3090420961380005 clean_ce_term=0.015452103689312935 consistency_term=0.0005272577400319278 consistency_weight=0.5 js_raw=0.1054515540599823 lr=0.049875156119873004 nat_kd=0.007027574814856052 pcgrad_conflicts=0 push=0.005283700302243233 push_term=0.00026418501511216164 student_updates=1 teacher_ce=0.33289961516857147 teacher_lr=2.0509991800446132e-05 teacher_margin=2.099699020385742 teacher_margin_term=0.02099698781967163 teacher_updates=1 temp_adv=1.239909111090865 temp_nat=2.5510908889089388 temperature_updates=1 total_loss=0.05846448615193367 views=2
2026-09-16 14:41:35.139 | INFO     | __main__:<module>:497 - METHOD_BATCH epoch=225 step=100 adv_kd=0.013809958472847939 awp_gamma=0.002 awp_relative_norm_max=0.0020000003278255463 clean_ce=0.32000505924224854 clean_ce_term=0.016000254079699516 consistency_term=0.0004019135085400194 consistency_weight=0.5 js_raw=0.08038270473480225 lr=0.049875156119873004 nat_kd=0.007246148772537708 pcgrad_conflicts=0 push=0.004811953753232956 push_term=0.00024059768475126475 student_updates=1 teacher_ce=0.3902875632047653 teacher_lr=2.0509991800446132e-05 teacher_margin=2.0897066593170166 teacher_margin_term=0.020897064357995987 teacher_updates=1 temp_adv=1.239909111090865 temp_nat=2.5510908889089388 temperature_updates=1 total_loss=0.0585959367454052 views=2
2026-09-16 14:45:35.231 | INFO     | __main__:<module>:497 - METHOD_BATCH epoch=225 step=200 adv_kd=0.013791592791676521 awp_gamma=0.002 awp_relative_norm_max=0.0020000003278255463 clean_ce=0.33748310804367065 clean_ce_term=0.016874156892299652 consistency_term=0.0005135359242558479 consistency_weight=0.5 js_raw=0.10270719230175018 lr=0.049875156119873004 nat_kd=0.0073837339878082275 pcgrad_conflicts=0 push=0.004861564375460148 push_term=0.00024307824787683785 student_updates=1 teacher_ce=0.31512583792209625 teacher_lr=2.0509991800446132e-05 teacher_margin=1.9680366516113281 teacher_margin_term=0.019680365920066833 teacher_updates=1 temp_adv=1.239909111090865 temp_nat=2.5510908889089388 temperature_updates=1 total_loss=0.0584864616394043 views=2
2026-09-16 14:49:35.329 | INFO     | __main__:<module>:497 - METHOD_BATCH epoch=225 step=300 adv_kd=0.01530453935265541 awp_gamma=0.002 awp_relative_norm_max=0.0020000003278255463 clean_ce=0.33390161395072937 clean_ce_term=0.016695082187652588 consistency_term=0.0005058156093582511 consistency_weight=0.5 js_raw=0.1011631190776825 lr=0.049875156119873004 nat_kd=0.0072586555033922195 pcgrad_conflicts=0 push=0.005293160676956177 push_term=0.00026465803966857493 student_updates=1 teacher_ce=0.32517439126968384 teacher_lr=2.0509991800446132e-05 teacher_margin=2.1576037406921387 teacher_margin_term=0.021576039493083954 teacher_updates=1 temp_adv=1.239909111090865 temp_nat=2.5510908889089388 temperature_updates=1 total_loss=0.06160478666424751 views=2
2026-09-16 14:53:12.223 | INFO     | __main__:<module>:875 - TRAIN_EPOCH_RESOURCE epoch=225 seconds=939.4123141989112 peak_allocated_bytes=11589042688
2026-09-16 14:53:12.223 | INFO     | __main__:<module>:482 - METHOD epoch=226 views=2 awp_gamma=0.002 consistency_weight=0.5
2026-09-16 14:53:12.223 | INFO     | __main__:<module>:485 - the 226th epoch 
2026-09-16 14:53:14.652 | INFO     | __main__:<module>:497 - METHOD_BATCH epoch=226 step=0 adv_kd=0.013761084526777267 awp_gamma=0.002 awp_relative_norm_max=0.0020000003278255463 clean_ce=0.3139922618865967 clean_ce_term=0.015699611976742744 consistency_term=0.0004914725432172418 consistency_weight=0.5 js_raw=0.09829451143741608 lr=0.048827372689469545 nat_kd=0.0074787139892578125 pcgrad_conflicts=0 push=0.005531092640012503 push_term=0.0002765546378213912 student_updates=1 teacher_ce=0.3336218297481537 teacher_lr=2.000535499948697e-05 teacher_margin=2.0829105377197266 teacher_margin_term=0.020829107612371445 teacher_updates=1 temp_adv=1.239909111090865 temp_nat=2.5510908889089388 temperature_updates=1 total_loss=0.05853654816746712 views=2
2026-09-16 14:57:16.725 | INFO     | __main__:<module>:497 - METHOD_BATCH epoch=226 step=100 adv_kd=0.01272980123758316 awp_gamma=0.002 awp_relative_norm_max=0.0020000003278255463 clean_ce=0.32838666439056396 clean_ce_term=0.016419334337115288 consistency_term=0.000471818057121709 consistency_weight=0.5 js_raw=0.09436361491680145 lr=0.048827372689469545 nat_kd=0.007983754388988018 pcgrad_conflicts=0 push=0.005152502562850714 push_term=0.0002576251281425357 student_updates=1 teacher_ce=0.403643473982811 teacher_lr=2.000535499948697e-05 teacher_margin=1.8390413522720337 teacher_margin_term=0.018390413373708725 teacher_updates=1 temp_adv=1.239909111090865 temp_nat=2.5510908889089388 temperature_updates=1 total_loss=0.05625274404883385 views=2
2026-09-16 15:01:18.285 | INFO     | __main__:<module>:497 - METHOD_BATCH epoch=226 step=200 adv_kd=0.01445329375565052 awp_gamma=0.002 awp_relative_norm_max=0.0020000003278255463 clean_ce=0.3315218687057495 clean_ce_term=0.016576092690229416 consistency_term=0.0005114644300192595 consistency_weight=0.5 js_raw=0.10229288786649704 lr=0.048827372689469545 nat_kd=0.00690957996994257 pcgrad_conflicts=0 push=0.004234655760228634 push_term=0.00021173281129449606 student_updates=1 teacher_ce=0.33171404898166656 teacher_lr=2.000535499948697e-05 teacher_margin=2.03633451461792 teacher_margin_term=0.020363343879580498 teacher_updates=1 temp_adv=1.239909111090865 temp_nat=2.5510908889089388 temperature_updates=1 total_loss=0.05902550742030144 views=2
2026-09-16 15:05:18.776 | INFO     | __main__:<module>:497 - METHOD_BATCH epoch=226 step=300 adv_kd=0.012758899480104446 awp_gamma=0.002 awp_relative_norm_max=0.0020000003278255463 clean_ce=0.34660208225250244 clean_ce_term=0.0173301063477993 consistency_term=0.0005324429948814213 consistency_weight=0.5 js_raw=0.10648860037326813 lr=0.048827372689469545 nat_kd=0.007382873445749283 pcgrad_conflicts=0 push=0.004734287969768047 push_term=0.00023671438975725323 student_updates=1 teacher_ce=0.4249024987220764 teacher_lr=2.000535499948697e-05 teacher_margin=1.7891666889190674 teacher_margin_term=0.017891667783260345 teacher_updates=1 temp_adv=1.239909111090865 temp_nat=2.5510908889089388 temperature_updates=1 total_loss=0.05613270029425621 views=2
2026-09-16 15:08:56.083 | INFO     | __main__:<module>:875 - TRAIN_EPOCH_RESOURCE epoch=226 seconds=943.8593815937638 peak_allocated_bytes=11589042688
2026-09-16 15:08:56.083 | INFO     | __main__:<module>:482 - METHOD epoch=227 views=2 awp_gamma=0.002 consistency_weight=0.5
2026-09-16 15:08:56.083 | INFO     | __main__:<module>:485 - the 227th epoch 
2026-09-16 15:08:58.498 | INFO     | __main__:<module>:497 - METHOD_BATCH epoch=227 step=0 adv_kd=0.012161865830421448 awp_gamma=0.002 awp_relative_norm_max=0.0020000003278255463 clean_ce=0.3536604344844818 clean_ce_term=0.01768302172422409 consistency_term=0.0005103889852762222 consistency_weight=0.5 js_raw=0.10207779705524445 lr=0.04778014528785533 nat_kd=0.00821312703192234 pcgrad_conflicts=0 push=0.004584772512316704 push_term=0.0002292386197950691 student_updates=1 teacher_ce=0.4602160304784775 teacher_lr=1.950546577471579e-05 teacher_margin=1.8556275367736816 teacher_margin_term=0.018556274473667145 teacher_updates=1 temp_adv=1.239909111090865 temp_nat=2.5510908889089388 temperature_updates=1 total_loss=0.0573539212346077 views=2
2026-09-16 15:13:03.348 | INFO     | __main__:<module>:497 - METHOD_BATCH epoch=227 step=100 adv_kd=0.013546837493777275 awp_gamma=0.002 awp_relative_norm_max=0.0020000003278255463 clean_ce=0.3183821737766266 clean_ce_term=0.01591910980641842 consistency_term=0.0004903165390715003 consistency_weight=0.5 js_raw=0.09806330502033234 lr=0.04778014528785533 nat_kd=0.0072176894173026085 pcgrad_conflicts=0 push=0.004485379904508591 push_term=0.00022426899522542953 student_updates=1 teacher_ce=0.4297133982181549 teacher_lr=1.950546577471579e-05 teacher_margin=1.8785338401794434 teacher_margin_term=0.01878533698618412 teacher_updates=1 temp_adv=1.239909111090865 temp_nat=2.5510908889089388 temperature_updates=1 total_loss=0.05618356168270111 views=2
2026-09-16 15:17:13.097 | INFO     | __main__:<module>:497 - METHOD_BATCH epoch=227 step=200 adv_kd=0.015425295569002628 awp_gamma=0.002 awp_relative_norm_max=0.0020000003278255463 clean_ce=0.31363192200660706 clean_ce_term=0.015681596472859383 consistency_term=0.0005550947389565408 consistency_weight=0.5 js_raw=0.11101895570755005 lr=0.04778014528785533 nat_kd=0.007498378865420818 pcgrad_conflicts=0 push=0.005865521728992462 push_term=0.0002932760980911553 student_updates=1 teacher_ce=0.4456375986337662 teacher_lr=1.950546577471579e-05 teacher_margin=2.202669620513916 teacher_margin_term=0.02202669531106949 teacher_updates=1 temp_adv=1.239909111090865 temp_nat=2.5510908889089388 temperature_updates=1 total_loss=0.061480339616537094 views=2
2026-09-16 15:21:14.836 | INFO     | __main__:<module>:497 - METHOD_BATCH epoch=227 step=300 adv_kd=0.01371563971042633 awp_gamma=0.002 awp_relative_norm_max=0.0020000003278255463 clean_ce=0.31361567974090576 clean_ce_term=0.015680784359574318 consistency_term=0.0006452259258367121 consistency_weight=0.5 js_raw=0.12904518842697144 lr=0.04778014528785533 nat_kd=0.00670209713280201 pcgrad_conflicts=0 push=0.005944624077528715 push_term=0.0002972311922349036 student_updates=1 teacher_ce=0.3104665130376816 teacher_lr=1.950546577471579e-05 teacher_margin=2.0265822410583496 teacher_margin_term=0.020265823230147362 teacher_updates=1 temp_adv=1.239909111090865 temp_nat=2.5510908889089388 temperature_updates=1 total_loss=0.05730680376291275 views=2
2026-09-16 15:24:51.053 | INFO     | __main__:<module>:875 - TRAIN_EPOCH_RESOURCE epoch=227 seconds=954.9701553992927 peak_allocated_bytes=11589042688
2026-09-16 15:24:51.053 | INFO     | __main__:<module>:482 - METHOD epoch=228 views=2 awp_gamma=0.002 consistency_weight=0.5
2026-09-16 15:24:51.054 | INFO     | __main__:<module>:485 - the 228th epoch 
2026-09-16 15:24:53.439 | INFO     | __main__:<module>:497 - METHOD_BATCH epoch=228 step=0 adv_kd=0.013218981213867664 awp_gamma=0.002 awp_relative_norm_max=0.0020000003278255463 clean_ce=0.350186824798584 clean_ce_term=0.0175093412399292 consistency_term=0.00048404320841655135 consistency_weight=0.5 js_raw=0.09680864214897156 lr=0.04673393446036483 nat_kd=0.006870261859148741 pcgrad_conflicts=0 push=0.006410926580429077 push_term=0.00032054632902145386 student_updates=1 teacher_ce=0.3272165060043335 teacher_lr=1.901040256074372e-05 teacher_margin=1.976771593093872 teacher_margin_term=0.01976771652698517 teacher_updates=1 temp_adv=1.239909111090865 temp_nat=2.5510908889089388 temperature_updates=1 total_loss=0.05817088484764099 views=2
2026-09-16 15:28:51.588 | INFO     | __main__:<module>:497 - METHOD_BATCH epoch=228 step=100 adv_kd=0.013241685926914215 awp_gamma=0.002 awp_relative_norm_max=0.0020000003278255463 clean_ce=0.3017975687980652 clean_ce_term=0.015089878812432289 consistency_term=0.00045508285984396935 consistency_weight=0.5 js_raw=0.09101657569408417 lr=0.04673393446036483 nat_kd=0.0058571454137563705 pcgrad_conflicts=0 push=0.006377390120178461 push_term=0.00031886951182968915 student_updates=1 teacher_ce=0.3329096883535385 teacher_lr=1.901040256074372e-05 teacher_margin=1.8086203336715698 teacher_margin_term=0.018086202442646027 teacher_updates=1 temp_adv=1.239909111090865 temp_nat=2.5510908889089388 temperature_updates=1 total_loss=0.05304886773228645 views=2
2026-09-16 15:32:51.162 | INFO     | __main__:<module>:497 - METHOD_BATCH epoch=228 step=200 adv_kd=0.013617169111967087 awp_gamma=0.002 awp_relative_norm_max=0.0020000003278255463 clean_ce=0.3285226821899414 clean_ce_term=0.01642613485455513 consistency_term=0.0005295410519465804 consistency_weight=0.5 js_raw=0.10590821504592896 lr=0.04673393446036483 nat_kd=0.007369189523160458 pcgrad_conflicts=0 push=0.005079111084342003 push_term=0.0002539555716793984 student_updates=1 teacher_ce=0.4237379729747772 teacher_lr=1.901040256074372e-05 teacher_margin=1.9867475032806396 teacher_margin_term=0.01986747607588768 teacher_updates=1 temp_adv=1.239909111090865 temp_nat=2.5510908889089388 temperature_updates=1 total_loss=0.05806346982717514 views=2
2026-09-16 15:36:48.632 | INFO     | __main__:<module>:497 - METHOD_BATCH epoch=228 step=300 adv_kd=0.014019900932908058 awp_gamma=0.002 awp_relative_norm_max=0.0020000003278255463 clean_ce=0.33290207386016846 clean_ce_term=0.016645103693008423 consistency_term=0.0004816309956368059 consistency_weight=0.5 js_raw=0.09632620215415955 lr=0.04673393446036483 nat_kd=0.00817454420030117 pcgrad_conflicts=0 push=0.00575406476855278 push_term=0.000287703238427639 student_updates=1 teacher_ce=0.43920712172985077 teacher_lr=1.901040256074372e-05 teacher_margin=2.0213561058044434 teacher_margin_term=0.02021355926990509 teacher_updates=1 temp_adv=1.239909111090865 temp_nat=2.5510908889089388 temperature_updates=1 total_loss=0.0598224438726902 views=2
2026-09-16 15:40:25.705 | INFO     | __main__:<module>:875 - TRAIN_EPOCH_RESOURCE epoch=228 seconds=934.651569865644 peak_allocated_bytes=11589042688
2026-09-16 15:40:25.705 | INFO     | __main__:<module>:482 - METHOD epoch=229 views=2 awp_gamma=0.002 consistency_weight=0.5
2026-09-16 15:40:25.706 | INFO     | __main__:<module>:485 - the 229th epoch 
2026-09-16 15:40:28.116 | INFO     | __main__:<module>:497 - METHOD_BATCH epoch=229 step=0 adv_kd=0.013284442946314812 awp_gamma=0.002 awp_relative_norm_max=0.0020000003278255463 clean_ce=0.35201162099838257 clean_ce_term=0.01760058104991913 consistency_term=0.0007031086715869606 consistency_weight=0.5 js_raw=0.14062173664569855 lr=0.045689200219738255 nat_kd=0.006850295700132847 pcgrad_conflicts=0 push=0.0050743394531309605 push_term=0.0002537169784773141 student_updates=1 teacher_ce=0.39541926980018616 teacher_lr=1.852024301106453e-05 teacher_margin=1.8748376369476318 teacher_margin_term=0.01874837651848793 teacher_updates=1 temp_adv=1.239909111090865 temp_nat=2.5510908889089388 temperature_updates=1 total_loss=0.05744052305817604 views=2
2026-09-16 15:44:25.016 | INFO     | __main__:<module>:497 - METHOD_BATCH epoch=229 step=100 adv_kd=0.014415424317121506 awp_gamma=0.002 awp_relative_norm_max=0.0020000003278255463 clean_ce=0.33704930543899536 clean_ce_term=0.016852466389536858 consistency_term=0.0005282312049530447 consistency_weight=0.5 js_raw=0.10564624518156052 lr=0.045689200219738255 nat_kd=0.006899027619510889 pcgrad_conflicts=0 push=0.005655438639223576 push_term=0.00028277194360271096 student_updates=1 teacher_ce=0.4390808343887329 teacher_lr=1.852024301106453e-05 teacher_margin=1.959538221359253 teacher_margin_term=0.019595380872488022 teacher_updates=1 temp_adv=1.239909111090865 temp_nat=2.5510908889089388 temperature_updates=1 total_loss=0.05857330188155174 views=2
2026-09-16 15:48:26.385 | INFO     | __main__:<module>:497 - METHOD_BATCH epoch=229 step=200 adv_kd=0.012177771888673306 awp_gamma=0.002 awp_relative_norm_max=0.0020000003278255463 clean_ce=0.3233821988105774 clean_ce_term=0.0161691103130579 consistency_term=0.00040568411350250244 consistency_weight=0.5 js_raw=0.08113682270050049 lr=0.045689200219738255 nat_kd=0.007889658212661743 pcgrad_conflicts=0 push=0.0057290298864245415 push_term=0.0002864514826796949 student_updates=1 teacher_ce=0.3634118437767029 teacher_lr=1.852024301106453e-05 teacher_margin=1.782065749168396 teacher_margin_term=0.017820656299591064 teacher_updates=1 temp_adv=1.239909111090865 temp_nat=2.5510908889089388 temperature_updates=1 total_loss=0.05474933609366417 views=2
2026-09-16 15:52:26.339 | INFO     | __main__:<module>:497 - METHOD_BATCH epoch=229 step=300 adv_kd=0.013141967356204987 awp_gamma=0.002 awp_relative_norm_max=0.0020000003278255463 clean_ce=0.3107030987739563 clean_ce_term=0.015535155311226845 consistency_term=0.0005834150942973793 consistency_weight=0.5 js_raw=0.11668302118778229 lr=0.045689200219738255 nat_kd=0.0066538006067276 pcgrad_conflicts=0 push=0.0049908277578651905 push_term=0.0002495413937140256 student_updates=1 teacher_ce=0.3414749801158905 teacher_lr=1.852024301106453e-05 teacher_margin=1.9046235084533691 teacher_margin_term=0.01904623582959175 teacher_updates=1 temp_adv=1.239909111090865 temp_nat=2.5510908889089388 temperature_updates=1 total_loss=0.05521010980010033 views=2
2026-09-16 15:56:03.097 | INFO     | __main__:<module>:875 - TRAIN_EPOCH_RESOURCE epoch=229 seconds=937.3912335671484 peak_allocated_bytes=11589042688
2026-09-16 15:56:03.097 | INFO     | __main__:<module>:482 - METHOD epoch=230 views=2 awp_gamma=0.002 consistency_weight=0.5
2026-09-16 15:56:03.097 | INFO     | __main__:<module>:485 - the 230th epoch 
2026-09-16 15:56:05.503 | INFO     | __main__:<module>:497 - METHOD_BATCH epoch=230 step=0 adv_kd=0.013087247498333454 awp_gamma=0.002 awp_relative_norm_max=0.0020000003278255463 clean_ce=0.320041298866272 clean_ce_term=0.016002066433429718 consistency_term=0.0007128827273845673 consistency_weight=0.5 js_raw=0.14257654547691345 lr=0.044646401841576866 nat_kd=0.007688839919865131 pcgrad_conflicts=0 push=0.005844957195222378 push_term=0.0002922478597611189 student_updates=1 teacher_ce=0.40671955049037933 teacher_lr=1.803506398570773e-05 teacher_margin=1.941838264465332 teacher_margin_term=0.0194183811545372 teacher_updates=1 temp_adv=1.239909111090865 temp_nat=2.5510908889089388 temperature_updates=1 total_loss=0.05720166489481926 views=2
2026-09-16 16:00:04.283 | INFO     | __main__:<module>:497 - METHOD_BATCH epoch=230 step=100 adv_kd=0.012528306804597378 awp_gamma=0.002 awp_relative_norm_max=0.0020000003278255463 clean_ce=0.31646889448165894 clean_ce_term=0.015823444351553917 consistency_term=0.0004438585019670427 consistency_weight=0.5 js_raw=0.08877170085906982 lr=0.044646401841576866 nat_kd=0.0070932782255113125 pcgrad_conflicts=0 push=0.00515779247507453 push_term=0.0002578896237537265 student_updates=1 teacher_ce=0.3823423683643341 teacher_lr=1.803506398570773e-05 teacher_margin=1.6636898517608643 teacher_margin_term=0.01663689874112606 teacher_updates=1 temp_adv=1.239909111090865 temp_nat=2.5510908889089388 temperature_updates=1 total_loss=0.05278367921710014 views=2
2026-09-16 16:04:04.722 | INFO     | __main__:<module>:497 - METHOD_BATCH epoch=230 step=200 adv_kd=0.013589156791567802 awp_gamma=0.002 awp_relative_norm_max=0.0020000003278255463 clean_ce=0.29876264929771423 clean_ce_term=0.014938132837414742 consistency_term=0.000556614191737026 consistency_weight=0.5 js_raw=0.11132283508777618 lr=0.044646401841576866 nat_kd=0.006849593948572874 pcgrad_conflicts=0 push=0.0059343306347727776 push_term=0.0002967165200971067 student_updates=1 teacher_ce=0.3692232817411423 teacher_lr=1.803506398570773e-05 teacher_margin=2.050691604614258 teacher_margin_term=0.02050691656768322 teacher_updates=1 temp_adv=1.239909111090865 temp_nat=2.5510908889089388 temperature_updates=1 total_loss=0.056737128645181656 views=2
2026-09-16 16:08:04.526 | INFO     | __main__:<module>:497 - METHOD_BATCH epoch=230 step=300 adv_kd=0.01251358725130558 awp_gamma=0.002 awp_relative_norm_max=0.0020000003278255463 clean_ce=0.3214917480945587 clean_ce_term=0.016074586659669876 consistency_term=0.00042793512693606317 consistency_weight=0.5 js_raw=0.0855870246887207 lr=0.044646401841576866 nat_kd=0.0068955011665821075 pcgrad_conflicts=0 push=0.004899610765278339 push_term=0.00024498056154698133 student_updates=1 teacher_ce=0.28277216851711273 teacher_lr=1.803506398570773e-05 teacher_margin=1.8044837713241577 teacher_margin_term=0.018044836819171906 teacher_updates=1 temp_adv=1.239909111090865 temp_nat=2.5510908889089388 temperature_updates=1 total_loss=0.05420142784714699 views=2
2026-09-16 16:11:43.862 | INFO     | __main__:<module>:875 - TRAIN_EPOCH_RESOURCE epoch=230 seconds=940.7648976221681 peak_allocated_bytes=11589042688
2026-09-16 16:12:44.201 | INFO     | __main__:<module>:934 - student robust acc 0.3009, teacher robust acc 0.4781, nat teacher robust acc 0.3740
2026-09-16 16:13:05.785 | INFO     | __main__:<module>:1007 - best accuracy:0.485
2026-09-16 16:13:05.786 | INFO     | __main__:<module>:1010 - student natural acc 0.6691, adv teacher natural acc 0.6137, nat teacher natural acc 0.7650
2026-09-16 16:13:05.788 | INFO     | __main__:<module>:482 - METHOD epoch=231 views=2 awp_gamma=0.002 consistency_weight=0.5
2026-09-16 16:13:05.788 | INFO     | __main__:<module>:485 - the 231th epoch 
2026-09-16 16:13:08.304 | INFO     | __main__:<module>:497 - METHOD_BATCH epoch=231 step=0 adv_kd=0.013011770322918892 awp_gamma=0.002 awp_relative_norm_max=0.0020000003278255463 clean_ce=0.32995203137397766 clean_ce_term=0.016497600823640823 consistency_term=0.0004117781645618379 consistency_weight=0.5 js_raw=0.08235563337802887 lr=0.04360599766015518 nat_kd=0.006337360478937626 pcgrad_conflicts=0 push=0.0058357566595077515 push_term=0.00029178784461691976 student_updates=1 teacher_ce=0.2922920137643814 teacher_lr=1.7554941539020694e-05 teacher_margin=1.9231127500534058 teacher_margin_term=0.019231127575039864 teacher_updates=1 temp_adv=1.239909111090865 temp_nat=2.5510908889089388 temperature_updates=1 total_loss=0.05578142777085304 views=2
2026-09-16 16:17:15.279 | INFO     | __main__:<module>:497 - METHOD_BATCH epoch=231 step=100 adv_kd=0.011908190324902534 awp_gamma=0.002 awp_relative_norm_max=0.0020000003278255463 clean_ce=0.33240777254104614 clean_ce_term=0.016620388254523277 consistency_term=0.0004611253971233964 consistency_weight=0.5 js_raw=0.092225082218647 lr=0.04360599766015518 nat_kd=0.006464837118983269 pcgrad_conflicts=0 push=0.004426966886967421 push_term=0.00022134835307952017 student_updates=1 teacher_ce=0.3622405230998993 teacher_lr=1.7554941539020694e-05 teacher_margin=1.6596019268035889 teacher_margin_term=0.01659601926803589 teacher_updates=1 temp_adv=1.239909111090865 temp_nat=2.5510908889089388 temperature_updates=1 total_loss=0.05227191001176834 views=2
2026-09-16 16:21:12.544 | INFO     | __main__:<module>:497 - METHOD_BATCH epoch=231 step=200 adv_kd=0.013808861374855042 awp_gamma=0.002 awp_relative_norm_max=0.0020000003278255463 clean_ce=0.3288692831993103 clean_ce_term=0.016443464905023575 consistency_term=0.0005440815584734082 consistency_weight=0.5 js_raw=0.10881631076335907 lr=0.04360599766015518 nat_kd=0.007314910180866718 pcgrad_conflicts=0 push=0.00620636623352766 push_term=0.000310318311676383 student_updates=1 teacher_ce=0.37945522367954254 teacher_lr=1.7554941539020694e-05 teacher_margin=2.009085178375244 teacher_margin_term=0.020090851932764053 teacher_updates=1 temp_adv=1.239909111090865 temp_nat=2.5510908889089388 temperature_updates=1 total_loss=0.05851249024271965 views=2
2026-09-16 16:25:12.076 | INFO     | __main__:<module>:497 - METHOD_BATCH epoch=231 step=300 adv_kd=0.013723131269216537 awp_gamma=0.002 awp_relative_norm_max=0.0020000003278255463 clean_ce=0.3142470121383667 clean_ce_term=0.015712350606918335 consistency_term=0.0005500615807250142 consistency_weight=0.5 js_raw=0.11001232266426086 lr=0.04360599766015518 nat_kd=0.008026381954550743 pcgrad_conflicts=0 push=0.004782530944794416 push_term=0.000239126558881253 student_updates=1 teacher_ce=0.3869810849428177 teacher_lr=1.7554941539020694e-05 teacher_margin=1.9660942554473877 teacher_margin_term=0.019660942256450653 teacher_updates=1 temp_adv=1.239909111090865 temp_nat=2.5510908889089388 temperature_updates=1 total_loss=0.05791199579834938 views=2
2026-09-16 16:28:45.180 | INFO     | __main__:<module>:875 - TRAIN_EPOCH_RESOURCE epoch=231 seconds=939.3918169774115 peak_allocated_bytes=11589042688
2026-09-16 16:28:45.180 | INFO     | __main__:<module>:482 - METHOD epoch=232 views=2 awp_gamma=0.002 consistency_weight=0.5
2026-09-16 16:28:45.180 | INFO     | __main__:<module>:485 - the 232th epoch 
2026-09-16 16:28:47.588 | INFO     | __main__:<module>:497 - METHOD_BATCH epoch=232 step=0 adv_kd=0.012731766328215599 awp_gamma=0.002 awp_relative_norm_max=0.0020000003278255463 clean_ce=0.3259516954421997 clean_ce_term=0.016297586262226105 consistency_term=0.0003519245656207204 consistency_weight=0.5 js_raw=0.0703849121928215 lr=0.04256844486468253 nat_kd=0.00628823833540082 pcgrad_conflicts=0 push=0.005729878321290016 push_term=0.0002864939160645008 student_updates=1 teacher_ce=0.3194510489702225 teacher_lr=1.707995090758158e-05 teacher_margin=1.8017184734344482 teacher_margin_term=0.018017183989286423 teacher_updates=1 temp_adv=1.239909111090865 temp_nat=2.5510908889089388 temperature_updates=1 total_loss=0.05397319421172142 views=2
2026-09-16 16:32:50.773 | INFO     | __main__:<module>:497 - METHOD_BATCH epoch=232 step=100 adv_kd=0.014879649505019188 awp_gamma=0.002 awp_relative_norm_max=0.0020000003278255463 clean_ce=0.31693416833877563 clean_ce_term=0.01584670878946781 consistency_term=0.0005310496198944747 consistency_weight=0.5 js_raw=0.10620992630720139 lr=0.04256844486468253 nat_kd=0.007771505042910576 pcgrad_conflicts=0 push=0.005187208764255047 push_term=0.000259360414929688 student_updates=1 teacher_ce=0.31777873635292053 teacher_lr=1.707995090758158e-05 teacher_margin=2.075287103652954 teacher_margin_term=0.02075286954641342 teacher_updates=1 temp_adv=1.239909111090865 temp_nat=2.5510908889089388 temperature_updates=1 total_loss=0.060041140764951706 views=2
2026-09-16 16:36:49.987 | INFO     | __main__:<module>:497 - METHOD_BATCH epoch=232 step=200 adv_kd=0.013449478894472122 awp_gamma=0.002 awp_relative_norm_max=0.0020000003278255463 clean_ce=0.3127482533454895 clean_ce_term=0.015637412667274475 consistency_term=0.0004800657043233514 consistency_weight=0.5 js_raw=0.096013143658638 lr=0.04256844486468253 nat_kd=0.0066077448427677155 pcgrad_conflicts=0 push=0.0059159318916499615 push_term=0.00029579660622403026 student_updates=1 teacher_ce=0.30271030962467194 teacher_lr=1.707995090758158e-05 teacher_margin=1.8354566097259521 teacher_margin_term=0.018354564905166626 teacher_updates=1 temp_adv=1.239909111090865 temp_nat=2.5510908889089388 temperature_updates=1 total_loss=0.0548250637948513 views=2
2026-09-16 16:40:54.347 | INFO     | __main__:<module>:497 - METHOD_BATCH epoch=232 step=300 adv_kd=0.014452156610786915 awp_gamma=0.002 awp_relative_norm_max=0.0020000003278255463 clean_ce=0.3017864227294922 clean_ce_term=0.01508932001888752 consistency_term=0.0005874404450878501 consistency_weight=0.5 js_raw=0.1174880862236023 lr=0.04256844486468253 nat_kd=0.007991857826709747 pcgrad_conflicts=0 push=0.007000592537224293 push_term=0.00035002961521968246 student_updates=1 teacher_ce=0.34875766932964325 teacher_lr=1.707995090758158e-05 teacher_margin=2.1928369998931885 teacher_margin_term=0.021928369998931885 teacher_updates=1 temp_adv=1.239909111090865 temp_nat=2.5510908889089388 temperature_updates=1 total_loss=0.06039917841553688 views=2
2026-09-16 16:44:32.635 | INFO     | __main__:<module>:875 - TRAIN_EPOCH_RESOURCE epoch=232 seconds=947.4545659534633 peak_allocated_bytes=11589042688
2026-09-16 16:44:32.635 | INFO     | __main__:<module>:482 - METHOD epoch=233 views=2 awp_gamma=0.002 consistency_weight=0.5
2026-09-16 16:44:32.635 | INFO     | __main__:<module>:485 - the 233th epoch 
2026-09-16 16:44:35.064 | INFO     | __main__:<module>:497 - METHOD_BATCH epoch=233 step=0 adv_kd=0.01226610504090786 awp_gamma=0.002 awp_relative_norm_max=0.0020000003278255463 clean_ce=0.29953521490097046 clean_ce_term=0.014976760372519493 consistency_term=0.000668771390337497 consistency_weight=0.5 js_raw=0.13375428318977356 lr=0.04153419929610434 nat_kd=0.00707479752600193 pcgrad_conflicts=0 push=0.004119290970265865 push_term=0.00020596454851329327 student_updates=1 teacher_ce=0.4196951240301132 teacher_lr=1.6610166498245057e-05 teacher_margin=1.7831530570983887 teacher_margin_term=0.017831530421972275 teacher_updates=1 temp_adv=1.239909111090865 temp_nat=2.5510908889089388 temperature_updates=1 total_loss=0.05302392691373825 views=2
2026-09-16 16:48:39.853 | INFO     | __main__:<module>:497 - METHOD_BATCH epoch=233 step=100 adv_kd=0.011872397735714912 awp_gamma=0.002 awp_relative_norm_max=0.0020000003278255463 clean_ce=0.30508100986480713 clean_ce_term=0.015254051424562931 consistency_term=0.0006595287122763693 consistency_weight=0.5 js_raw=0.13190574944019318 lr=0.04153419929610434 nat_kd=0.006943534128367901 pcgrad_conflicts=0 push=0.005397259257733822 push_term=0.00026986293960362673 student_updates=1 teacher_ce=0.37384821474552155 teacher_lr=1.6610166498245057e-05 teacher_margin=1.7604659795761108 teacher_margin_term=0.017604660242795944 teacher_updates=1 temp_adv=1.239909111090865 temp_nat=2.5510908889089388 temperature_updates=1 total_loss=0.052604030817747116 views=2
2026-09-16 16:52:42.004 | INFO     | __main__:<module>:497 - METHOD_BATCH epoch=233 step=200 adv_kd=0.014071447774767876 awp_gamma=0.002 awp_relative_norm_max=0.0020000003278255463 clean_ce=0.29919886589050293 clean_ce_term=0.014959942549467087 consistency_term=0.0005750101408921182 consistency_weight=0.5 js_raw=0.11500203609466553 lr=0.04153419929610434 nat_kd=0.006188247352838516 pcgrad_conflicts=0 push=0.005821438506245613 push_term=0.000291071948595345 student_updates=1 teacher_ce=0.35375621914863586 teacher_lr=1.6610166498245057e-05 teacher_margin=1.9447040557861328 teacher_margin_term=0.01944703981280327 teacher_updates=1 temp_adv=1.239909111090865 temp_nat=2.5510908889089388 temperature_updates=1 total_loss=0.05553275719285011 views=2
2026-09-16 16:56:45.156 | INFO     | __main__:<module>:497 - METHOD_BATCH epoch=233 step=300 adv_kd=0.01324405986815691 awp_gamma=0.002 awp_relative_norm_max=0.0020000003278255463 clean_ce=0.30528509616851807 clean_ce_term=0.015264255926012993 consistency_term=0.0005815488984808326 consistency_weight=0.5 js_raw=0.11630977690219879 lr=0.04153419929610434 nat_kd=0.00747566856443882 pcgrad_conflicts=0 push=0.005596250295639038 push_term=0.000279812520602718 student_updates=1 teacher_ce=0.40969473123550415 teacher_lr=1.6610166498245057e-05 teacher_margin=1.8958570957183838 teacher_margin_term=0.018958572298288345 teacher_updates=1 temp_adv=1.239909111090865 temp_nat=2.5510908889089388 temperature_updates=1 total_loss=0.05580391734838486 views=2
2026-09-16 17:00:26.018 | INFO     | __main__:<module>:875 - TRAIN_EPOCH_RESOURCE epoch=233 seconds=953.382871478796 peak_allocated_bytes=11589042688
2026-09-16 17:00:26.018 | INFO     | __main__:<module>:482 - METHOD epoch=234 views=2 awp_gamma=0.002 consistency_weight=0.5
2026-09-16 17:00:26.018 | INFO     | __main__:<module>:485 - the 234th epoch 
2026-09-16 17:00:28.397 | INFO     | __main__:<module>:497 - METHOD_BATCH epoch=234 step=0 adv_kd=0.013022259809076786 awp_gamma=0.002 awp_relative_norm_max=0.0020000003278255463 clean_ce=0.3186158239841461 clean_ce_term=0.015930790454149246 consistency_term=0.0004902469809167087 consistency_weight=0.5 js_raw=0.09804940223693848 lr=0.040503715244535096 nat_kd=0.006477164104580879 pcgrad_conflicts=0 push=0.00459135789424181 push_term=0.00022956790053285658 student_updates=1 teacher_ce=0.22595667839050293 teacher_lr=1.614566187632305e-05 teacher_margin=1.8264554738998413 teacher_margin_term=0.01826455444097519 teacher_updates=1 temp_adv=1.239909111090865 temp_nat=2.5510908889089388 temperature_updates=1 total_loss=0.05441458523273468 views=2
2026-09-16 17:04:29.653 | INFO     | __main__:<module>:497 - METHOD_BATCH epoch=234 step=100 adv_kd=0.01282244548201561 awp_gamma=0.002 awp_relative_norm_max=0.0020000003278255463 clean_ce=0.29490023851394653 clean_ce_term=0.014745011925697327 consistency_term=0.0005187643691897392 consistency_weight=0.5 js_raw=0.10375288128852844 lr=0.040503715244535096 nat_kd=0.006138728465884924 pcgrad_conflicts=0 push=0.004105448257178068 push_term=0.00020527241576928645 student_updates=1 teacher_ce=0.3392164260149002 teacher_lr=1.614566187632305e-05 teacher_margin=1.8215950727462769 teacher_margin_term=0.018215950578451157 teacher_updates=1 temp_adv=1.239909111090865 temp_nat=2.5510908889089388 temperature_updates=1 total_loss=0.05264617130160332 views=2
2026-09-16 17:08:28.970 | INFO     | __main__:<module>:497 - METHOD_BATCH epoch=234 step=200 adv_kd=0.014884311705827713 awp_gamma=0.002 awp_relative_norm_max=0.0020000003278255463 clean_ce=0.3173798620700836 clean_ce_term=0.01586899347603321 consistency_term=0.000541220884770155 consistency_weight=0.5 js_raw=0.10824418067932129 lr=0.040503715244535096 nat_kd=0.008530003018677235 pcgrad_conflicts=0 push=0.005509974434971809 push_term=0.00027549872174859047 student_updates=1 teacher_ce=0.388383612036705 teacher_lr=1.614566187632305e-05 teacher_margin=2.2787885665893555 teacher_margin_term=0.02278788387775421 teacher_updates=1 temp_adv=1.239909111090865 temp_nat=2.5510908889089388 temperature_updates=1 total_loss=0.06288791447877884 views=2
2026-09-16 17:12:31.273 | INFO     | __main__:<module>:497 - METHOD_BATCH epoch=234 step=300 adv_kd=0.012967757880687714 awp_gamma=0.002 awp_relative_norm_max=0.0020000003278255463 clean_ce=0.3180253207683563 clean_ce_term=0.015901267528533936 consistency_term=0.0005715601146221161 consistency_weight=0.5 js_raw=0.11431203037500381 lr=0.040503715244535096 nat_kd=0.00724533386528492 pcgrad_conflicts=0 push=0.004800509661436081 push_term=0.00024002548889257014 student_updates=1 teacher_ce=0.36128735542297363 teacher_lr=1.614566187632305e-05 teacher_margin=1.9798884391784668 teacher_margin_term=0.0197988823056221 teacher_updates=1 temp_adv=1.239909111090865 temp_nat=2.5510908889089388 temperature_updates=1 total_loss=0.056724827736616135 views=2
2026-09-16 17:16:07.180 | INFO     | __main__:<module>:875 - TRAIN_EPOCH_RESOURCE epoch=234 seconds=941.1610610671341 peak_allocated_bytes=11589042688
2026-09-16 17:16:07.180 | INFO     | __main__:<module>:482 - METHOD epoch=235 views=2 awp_gamma=0.002 consistency_weight=0.5
2026-09-16 17:16:07.180 | INFO     | __main__:<module>:485 - the 235th epoch 
2026-09-16 17:16:09.570 | INFO     | __main__:<module>:497 - METHOD_BATCH epoch=235 step=0 adv_kd=0.013270900584757328 awp_gamma=0.002 awp_relative_norm_max=0.0020000003278255463 clean_ce=0.3221096992492676 clean_ce_term=0.01610548421740532 consistency_term=0.0004140262317378074 consistency_weight=0.5 js_raw=0.08280524611473083 lr=0.03947744524741262 nat_kd=0.006730958819389343 pcgrad_conflicts=0 push=0.0063438257202506065 push_term=0.0003171912976540625 student_updates=1 teacher_ce=0.2977069914340973 teacher_lr=1.5686509753901947e-05 teacher_margin=1.9077192544937134 teacher_margin_term=0.01907719299197197 teacher_updates=1 temp_adv=1.239909111090865 temp_nat=2.5510908889089388 temperature_updates=1 total_loss=0.055915750563144684 views=2
2026-09-16 17:20:11.167 | INFO     | __main__:<module>:497 - METHOD_BATCH epoch=235 step=100 adv_kd=0.01327294111251831 awp_gamma=0.002 awp_relative_norm_max=0.0020000003278255463 clean_ce=0.3070811629295349 clean_ce_term=0.01535405870527029 consistency_term=0.0004707947955466807 consistency_weight=0.5 js_raw=0.09415896236896515 lr=0.03947744524741262 nat_kd=0.006969771347939968 pcgrad_conflicts=0 push=0.005674581043422222 push_term=0.0002837290521711111 student_updates=1 teacher_ce=0.34812961518764496 teacher_lr=1.5686509753901947e-05 teacher_margin=1.9157452583312988 teacher_margin_term=0.019157450646162033 teacher_updates=1 temp_adv=1.239909111090865 temp_nat=2.5510908889089388 temperature_updates=1 total_loss=0.055508747696876526 views=2
2026-09-16 17:24:12.002 | INFO     | __main__:<module>:497 - METHOD_BATCH epoch=235 step=200 adv_kd=0.013255797326564789 awp_gamma=0.002 awp_relative_norm_max=0.0020000003278255463 clean_ce=0.32094061374664307 clean_ce_term=0.016047030687332153 consistency_term=0.0005108625045977533 consistency_weight=0.5 js_raw=0.10217250883579254 lr=0.03947744524741262 nat_kd=0.006383985280990601 pcgrad_conflicts=0 push=0.005921481177210808 push_term=0.0002960740530397743 student_updates=1 teacher_ce=0.38485056161880493 teacher_lr=1.5686509753901947e-05 teacher_margin=1.9073522090911865 teacher_margin_term=0.019073521718382835 teacher_updates=1 temp_adv=1.239909111090865 temp_nat=2.5510908889089388 temperature_updates=1 total_loss=0.05556727200746536 views=2
2026-09-16 17:28:16.495 | INFO     | __main__:<module>:497 - METHOD_BATCH epoch=235 step=300 adv_kd=0.012745045125484467 awp_gamma=0.002 awp_relative_norm_max=0.0020000003278255463 clean_ce=0.28831717371940613 clean_ce_term=0.014415858313441277 consistency_term=0.0005315766902640462 consistency_weight=0.5 js_raw=0.10631533712148666 lr=0.03947744524741262 nat_kd=0.006507791578769684 pcgrad_conflicts=0 push=0.0057342397049069405 push_term=0.00028671196196228266 student_updates=1 teacher_ce=0.33476458489894867 teacher_lr=1.5686509753901947e-05 teacher_margin=1.8138930797576904 teacher_margin_term=0.018138930201530457 teacher_updates=1 temp_adv=1.239909111090865 temp_nat=2.5510908889089388 temperature_updates=1 total_loss=0.05262591689825058 views=2
2026-09-16 17:31:50.976 | INFO     | __main__:<module>:875 - TRAIN_EPOCH_RESOURCE epoch=235 seconds=943.7960147820413 peak_allocated_bytes=11589042688
2026-09-16 17:31:50.977 | INFO     | __main__:<module>:482 - METHOD epoch=236 views=2 awp_gamma=0.002 consistency_weight=0.5
2026-09-16 17:31:50.977 | INFO     | __main__:<module>:485 - the 236th epoch 
2026-09-16 17:31:53.439 | INFO     | __main__:<module>:497 - METHOD_BATCH epoch=236 step=0 adv_kd=0.012303873896598816 awp_gamma=0.002 awp_relative_norm_max=0.0020000003278255463 clean_ce=0.2934527099132538 clean_ce_term=0.01467263512313366 consistency_term=0.0005217003636062145 consistency_weight=0.5 js_raw=0.1043400764465332 lr=0.03845583988846525 nat_kd=0.005971068516373634 pcgrad_conflicts=0 push=0.004867337644100189 push_term=0.00024336687056347728 student_updates=1 teacher_ce=0.316821351647377 teacher_lr=1.523278197829834e-05 teacher_margin=1.7457959651947021 teacher_margin_term=0.017457960173487663 teacher_updates=1 temp_adv=1.239909111090865 temp_nat=2.5510908889089388 temperature_updates=1 total_loss=0.051170606166124344 views=2
2026-09-16 17:35:55.313 | INFO     | __main__:<module>:497 - METHOD_BATCH epoch=236 step=100 adv_kd=0.012828969396650791 awp_gamma=0.002 awp_relative_norm_max=0.0020000003278255463 clean_ce=0.2840747833251953 clean_ce_term=0.014203740283846855 consistency_term=0.0005770571297034621 consistency_weight=0.5 js_raw=0.1154114305973053 lr=0.03845583988846525 nat_kd=0.005161356646567583 pcgrad_conflicts=0 push=0.004973116796463728 push_term=0.0002486558514647186 student_updates=1 teacher_ce=0.2990567684173584 teacher_lr=1.523278197829834e-05 teacher_margin=1.8854310512542725 teacher_margin_term=0.018854310736060143 teacher_updates=1 temp_adv=1.239909111090865 temp_nat=2.5510908889089388 temperature_updates=1 total_loss=0.05187408998608589 views=2
2026-09-16 17:39:54.037 | INFO     | __main__:<module>:497 - METHOD_BATCH epoch=236 step=200 adv_kd=0.013436505571007729 awp_gamma=0.002 awp_relative_norm_max=0.0020000003278255463 clean_ce=0.3025512099266052 clean_ce_term=0.015127560123801231 consistency_term=0.0006271083257161081 consistency_weight=0.5 js_raw=0.1254216730594635 lr=0.03845583988846525 nat_kd=0.007423273287713528 pcgrad_conflicts=0 push=0.0050314925611019135 push_term=0.00025157464551739395 student_updates=1 teacher_ce=0.4006560444831848 teacher_lr=1.523278197829834e-05 teacher_margin=1.9422224760055542 teacher_margin_term=0.019422225654125214 teacher_updates=1 temp_adv=1.239909111090865 temp_nat=2.5510908889089388 temperature_updates=1 total_loss=0.05628824606537819 views=2
2026-09-16 17:43:57.026 | INFO     | __main__:<module>:497 - METHOD_BATCH epoch=236 step=300 adv_kd=0.012744647450745106 awp_gamma=0.002 awp_relative_norm_max=0.0020000003278255463 clean_ce=0.31310346722602844 clean_ce_term=0.01565517485141754 consistency_term=0.00047009653644636273 consistency_weight=0.5 js_raw=0.09401930868625641 lr=0.03845583988846525 nat_kd=0.006168403662741184 pcgrad_conflicts=0 push=0.005534975323826075 push_term=0.0002767487894743681 student_updates=1 teacher_ce=0.3371831476688385 teacher_lr=1.523278197829834e-05 teacher_margin=1.8260878324508667 teacher_margin_term=0.018260877579450607 teacher_updates=1 temp_adv=1.239909111090865 temp_nat=2.5510908889089388 temperature_updates=1 total_loss=0.05357595160603523 views=2
2026-09-16 17:47:32.066 | INFO     | __main__:<module>:875 - TRAIN_EPOCH_RESOURCE epoch=236 seconds=941.0891320183873 peak_allocated_bytes=11589042688
2026-09-16 17:47:32.066 | INFO     | __main__:<module>:482 - METHOD epoch=237 views=2 awp_gamma=0.002 consistency_weight=0.5
2026-09-16 17:47:32.066 | INFO     | __main__:<module>:485 - the 237th epoch 
2026-09-16 17:47:34.471 | INFO     | __main__:<module>:497 - METHOD_BATCH epoch=237 step=0 adv_kd=0.012595843523740768 awp_gamma=0.002 awp_relative_norm_max=0.0020000003278255463 clean_ce=0.2872837483882904 clean_ce_term=0.014364187605679035 consistency_term=0.0005737972096540034 consistency_weight=0.5 js_raw=0.11475944519042969 lr=0.037439347597580934 nat_kd=0.006312532350420952 pcgrad_conflicts=0 push=0.005267580039799213 push_term=0.00026337901363149285 student_updates=1 teacher_ce=0.3821675032377243 teacher_lr=1.4784549520655335e-05 teacher_margin=1.8239569664001465 teacher_margin_term=0.018239568918943405 teacher_updates=1 temp_adv=1.239909111090865 temp_nat=2.5510908889089388 temperature_updates=1 total_loss=0.05234931409358978 views=2
2026-09-16 17:51:44.746 | INFO     | __main__:<module>:497 - METHOD_BATCH epoch=237 step=100 adv_kd=0.013761723414063454 awp_gamma=0.002 awp_relative_norm_max=0.0020000003278255463 clean_ce=0.2904740273952484 clean_ce_term=0.01452370174229145 consistency_term=0.0004932012525387108 consistency_weight=0.5 js_raw=0.09864024817943573 lr=0.037439347597580934 nat_kd=0.005902391858398914 pcgrad_conflicts=0 push=0.006584363058209419 push_term=0.00032921816455200315 student_updates=1 teacher_ce=0.3721865117549896 teacher_lr=1.4784549520655335e-05 teacher_margin=2.0057408809661865 teacher_margin_term=0.02005741000175476 teacher_updates=1 temp_adv=1.239909111090865 temp_nat=2.5510908889089388 temperature_updates=1 total_loss=0.055067647248506546 views=2
2026-09-16 17:55:53.827 | INFO     | __main__:<module>:497 - METHOD_BATCH epoch=237 step=200 adv_kd=0.012864331714808941 awp_gamma=0.002 awp_relative_norm_max=0.0020000003278255463 clean_ce=0.3205147683620453 clean_ce_term=0.016025738790631294 consistency_term=0.0006307651638053358 consistency_weight=0.5 js_raw=0.12615303695201874 lr=0.037439347597580934 nat_kd=0.006526462733745575 pcgrad_conflicts=0 push=0.004714375361800194 push_term=0.00023571879137307405 student_updates=1 teacher_ce=0.32357414066791534 teacher_lr=1.4784549520655335e-05 teacher_margin=1.847840666770935 teacher_margin_term=0.018478404730558395 teacher_updates=1 temp_adv=1.239909111090865 temp_nat=2.5510908889089388 temperature_updates=1 total_loss=0.05476142466068268 views=2
2026-09-16 18:00:02.476 | INFO     | __main__:<module>:497 - METHOD_BATCH epoch=237 step=300 adv_kd=0.013740048743784428 awp_gamma=0.002 awp_relative_norm_max=0.0020000003278255463 clean_ce=0.3444879353046417 clean_ce_term=0.017224397510290146 consistency_term=0.0005056852241978049 consistency_weight=0.5 js_raw=0.10113704204559326 lr=0.037439347597580934 nat_kd=0.00741999875754118 pcgrad_conflicts=0 push=0.004475099965929985 push_term=0.00022375499247573316 student_updates=1 teacher_ce=0.4187515825033188 teacher_lr=1.4784549520655335e-05 teacher_margin=1.8663549423217773 teacher_margin_term=0.018663549795746803 teacher_updates=1 temp_adv=1.239909111090865 temp_nat=2.5510908889089388 temperature_updates=1 total_loss=0.05777743458747864 views=2
2026-09-16 18:03:46.150 | INFO     | __main__:<module>:875 - TRAIN_EPOCH_RESOURCE epoch=237 seconds=974.0837877169251 peak_allocated_bytes=11589042688
2026-09-16 18:03:46.151 | INFO     | __main__:<module>:482 - METHOD epoch=238 views=2 awp_gamma=0.002 consistency_weight=0.5
2026-09-16 18:03:46.151 | INFO     | __main__:<module>:485 - the 238th epoch 
2026-09-16 18:03:48.694 | INFO     | __main__:<module>:497 - METHOD_BATCH epoch=238 step=0 adv_kd=0.012666629627346992 awp_gamma=0.002 awp_relative_norm_max=0.0020000003278255463 clean_ce=0.3094555139541626 clean_ce_term=0.0154727753251791 consistency_term=0.000563909241463989 consistency_weight=0.5 js_raw=0.11278184503316879 lr=0.03642841445166847 nat_kd=0.006457994692027569 pcgrad_conflicts=0 push=0.004710689652711153 push_term=0.0002355344913667068 student_updates=1 teacher_ce=0.32042019069194794 teacher_lr=1.4341882464680924e-05 teacher_margin=1.9152354001998901 teacher_margin_term=0.019152354449033737 teacher_updates=1 temp_adv=1.239909111090865 temp_nat=2.5510908889089388 temperature_updates=1 total_loss=0.0545491985976696 views=2
2026-09-16 18:07:57.794 | INFO     | __main__:<module>:497 - METHOD_BATCH epoch=238 step=100 adv_kd=0.013777002692222595 awp_gamma=0.002 awp_relative_norm_max=0.0020000003278255463 clean_ce=0.3163829445838928 clean_ce_term=0.01581914722919464 consistency_term=0.0005262234481051564 consistency_weight=0.5 js_raw=0.1052446961402893 lr=0.03642841445166847 nat_kd=0.006960766389966011 pcgrad_conflicts=0 push=0.004498553927987814 push_term=0.0002249277022201568 student_updates=1 teacher_ce=0.35421086847782135 teacher_lr=1.4341882464680924e-05 teacher_margin=1.8594282865524292 teacher_margin_term=0.01859428361058235 teacher_updates=1 temp_adv=1.239909111090865 temp_nat=2.5510908889089388 temperature_updates=1 total_loss=0.055902350693941116 views=2
2026-09-16 18:12:06.746 | INFO     | __main__:<module>:497 - METHOD_BATCH epoch=238 step=200 adv_kd=0.012519489973783493 awp_gamma=0.002 awp_relative_norm_max=0.0020000003278255463 clean_ce=0.30138713121414185 clean_ce_term=0.015069356188178062 consistency_term=0.00034660345409065485 consistency_weight=0.5 js_raw=0.0693206936120987 lr=0.03642841445166847 nat_kd=0.006641911342740059 pcgrad_conflicts=0 push=0.004218097310513258 push_term=0.0002109048655256629 student_updates=1 teacher_ce=0.3857087939977646 teacher_lr=1.4341882464680924e-05 teacher_margin=1.7963242530822754 teacher_margin_term=0.017963241785764694 teacher_updates=1 temp_adv=1.239909111090865 temp_nat=2.5510908889089388 temperature_updates=1 total_loss=0.052751507610082626 views=2
2026-09-16 18:16:15.591 | INFO     | __main__:<module>:497 - METHOD_BATCH epoch=238 step=300 adv_kd=0.012590864673256874 awp_gamma=0.002 awp_relative_norm_max=0.0020000003278255463 clean_ce=0.28268861770629883 clean_ce_term=0.014134431257843971 consistency_term=0.00042386926361359656 consistency_weight=0.5 js_raw=0.08477385342121124 lr=0.03642841445166847 nat_kd=0.0069830273278057575 pcgrad_conflicts=0 push=0.004328461363911629 push_term=0.00021642306819558144 student_updates=1 teacher_ce=0.40762749314308167 teacher_lr=1.4341882464680924e-05 teacher_margin=1.675661325454712 teacher_margin_term=0.016756612807512283 teacher_updates=1 temp_adv=1.239909111090865 temp_nat=2.5510908889089388 temperature_updates=1 total_loss=0.051105231046676636 views=2
2026-09-16 18:19:57.899 | INFO     | __main__:<module>:875 - TRAIN_EPOCH_RESOURCE epoch=238 seconds=971.7475869357586 peak_allocated_bytes=11589042688
2026-09-16 18:19:57.899 | INFO     | __main__:<module>:482 - METHOD epoch=239 views=2 awp_gamma=0.002 consistency_weight=0.5
2026-09-16 18:19:57.899 | INFO     | __main__:<module>:485 - the 239th epoch 
2026-09-16 18:20:00.434 | INFO     | __main__:<module>:497 - METHOD_BATCH epoch=239 step=0 adv_kd=0.013197828084230423 awp_gamma=0.002 awp_relative_norm_max=0.0020000003278255463 clean_ce=0.3131652772426605 clean_ce_term=0.015658263117074966 consistency_term=0.0006404516170732677 consistency_weight=0.5 js_raw=0.12809032201766968 lr=0.03542348397659967 nat_kd=0.006788840051740408 pcgrad_conflicts=0 push=0.0055983904749155045 push_term=0.0002799195353873074 student_updates=1 teacher_ce=0.32963620126247406 teacher_lr=1.3904849995530317e-05 teacher_margin=1.9091675281524658 teacher_margin_term=0.01909167505800724 teacher_updates=1 temp_adv=1.239909111090865 temp_nat=2.5510908889089388 temperature_updates=1 total_loss=0.055656980723142624 views=2
2026-09-16 18:24:07.505 | INFO     | __main__:<module>:497 - METHOD_BATCH epoch=239 step=100 adv_kd=0.011779210530221462 awp_gamma=0.002 awp_relative_norm_max=0.0020000003278255463 clean_ce=0.2873615622520447 clean_ce_term=0.014368077740073204 consistency_term=0.0004272842197678983 consistency_weight=0.5 js_raw=0.08545684814453125 lr=0.03542348397659967 nat_kd=0.006692691706120968 pcgrad_conflicts=0 push=0.005424666218459606 push_term=0.0002712333225645125 student_updates=1 teacher_ce=0.36467859148979187 teacher_lr=1.3904849995530317e-05 teacher_margin=1.669959306716919 teacher_margin_term=0.016699591651558876 teacher_updates=1 temp_adv=1.239909111090865 temp_nat=2.5510908889089388 temperature_updates=1 total_loss=0.05023808777332306 views=2
2026-09-16 18:28:13.686 | INFO     | __main__:<module>:497 - METHOD_BATCH epoch=239 step=200 adv_kd=0.012602539733052254 awp_gamma=0.002 awp_relative_norm_max=0.0020000003278255463 clean_ce=0.2839624285697937 clean_ce_term=0.014198122546076775 consistency_term=0.00046250162995420396 consistency_weight=0.5 js_raw=0.09250032901763916 lr=0.03542348397659967 nat_kd=0.00753402104601264 pcgrad_conflicts=0 push=0.0059722913429141045 push_term=0.0002986145846080035 student_updates=1 teacher_ce=0.3393669128417969 teacher_lr=1.3904849995530317e-05 teacher_margin=1.9151504039764404 teacher_margin_term=0.01915150322020054 teacher_updates=1 temp_adv=1.239909111090865 temp_nat=2.5510908889089388 temperature_updates=1 total_loss=0.054247304797172546 views=2
2026-09-16 18:32:24.103 | INFO     | __main__:<module>:497 - METHOD_BATCH epoch=239 step=300 adv_kd=0.013964083977043629 awp_gamma=0.002 awp_relative_norm_max=0.0020000003278255463 clean_ce=0.2907502353191376 clean_ce_term=0.014537511393427849 consistency_term=0.0005559647106565535 consistency_weight=0.5 js_raw=0.11119294166564941 lr=0.03542348397659967 nat_kd=0.006958603858947754 pcgrad_conflicts=0 push=0.00633910670876503 push_term=0.0003169553237967193 student_updates=1 teacher_ce=0.42621321976184845 teacher_lr=1.3904849995530317e-05 teacher_margin=2.20015549659729 teacher_margin_term=0.02200155332684517 teacher_updates=1 temp_adv=1.239909111090865 temp_nat=2.5510908889089388 temperature_updates=1 total_loss=0.058334674686193466 views=2
2026-09-16 18:36:08.623 | INFO     | __main__:<module>:875 - TRAIN_EPOCH_RESOURCE epoch=239 seconds=970.7240246832371 peak_allocated_bytes=11589042688
2026-09-16 18:36:08.623 | INFO     | __main__:<module>:482 - METHOD epoch=240 views=2 awp_gamma=0.002 consistency_weight=0.5
2026-09-16 18:36:08.624 | INFO     | __main__:<module>:485 - the 240th epoch 
2026-09-16 18:36:11.159 | INFO     | __main__:<module>:497 - METHOD_BATCH epoch=240 step=0 adv_kd=0.01278050895780325 awp_gamma=0.002 awp_relative_norm_max=0.0020000003278255463 clean_ce=0.3098006248474121 clean_ce_term=0.015490030869841576 consistency_term=0.00046130010741762817 consistency_weight=0.5 js_raw=0.09226002544164658 lr=0.03442499695032136 nat_kd=0.006675363518297672 pcgrad_conflicts=0 push=0.004545753821730614 push_term=0.00022728768817614764 student_updates=1 teacher_ce=0.3682398200035095 teacher_lr=1.3473520388834256e-05 teacher_margin=1.8266607522964478 teacher_margin_term=0.01826660707592964 teacher_updates=1 temp_adv=1.239909111090865 temp_nat=2.5510908889089388 temperature_updates=1 total_loss=0.05390109494328499 views=2
2026-09-16 18:40:21.246 | INFO     | __main__:<module>:497 - METHOD_BATCH epoch=240 step=100 adv_kd=0.012649532407522202 awp_gamma=0.002 awp_relative_norm_max=0.0020000003278255463 clean_ce=0.29654577374458313 clean_ce_term=0.014827288687229156 consistency_term=0.0005147620104253292 consistency_weight=0.5 js_raw=0.10295240581035614 lr=0.03442499695032136 nat_kd=0.006452855654060841 pcgrad_conflicts=0 push=0.005796203389763832 push_term=0.0002898101811297238 student_updates=1 teacher_ce=0.37510983645915985 teacher_lr=1.3473520388834256e-05 teacher_margin=1.792224407196045 teacher_margin_term=0.01792224496603012 teacher_updates=1 temp_adv=1.239909111090865 temp_nat=2.5510908889089388 temperature_updates=1 total_loss=0.052656494081020355 views=2
2026-09-16 18:44:30.465 | INFO     | __main__:<module>:497 - METHOD_BATCH epoch=240 step=200 adv_kd=0.011866404674947262 awp_gamma=0.002 awp_relative_norm_max=0.0020000003278255463 clean_ce=0.3099244236946106 clean_ce_term=0.01549622230231762 consistency_term=0.0003712893230840564 consistency_weight=0.5 js_raw=0.07425786554813385 lr=0.03442499695032136 nat_kd=0.006597520783543587 pcgrad_conflicts=0 push=0.004486206918954849 push_term=0.00022431033721659333 student_updates=1 teacher_ce=0.45165930688381195 teacher_lr=1.3473520388834256e-05 teacher_margin=1.609325647354126 teacher_margin_term=0.016093255952000618 teacher_updates=1 temp_adv=1.239909111090865 temp_nat=2.5510908889089388 temperature_updates=1 total_loss=0.0506490059196949 views=2
2026-09-16 18:48:34.920 | INFO     | __main__:<module>:497 - METHOD_BATCH epoch=240 step=300 adv_kd=0.012057259678840637 awp_gamma=0.002 awp_relative_norm_max=0.0020000003278255463 clean_ce=0.29967594146728516 clean_ce_term=0.014983797445893288 consistency_term=0.00048259898903779685 consistency_weight=0.5 js_raw=0.09651979804039001 lr=0.03442499695032136 nat_kd=0.006863553076982498 pcgrad_conflicts=0 push=0.004827266559004784 push_term=0.00024136333377100527 student_updates=1 teacher_ce=0.33389437198638916 teacher_lr=1.3473520388834256e-05 teacher_margin=1.6681745052337646 teacher_margin_term=0.016681745648384094 teacher_updates=1 temp_adv=1.239909111090865 temp_nat=2.5510908889089388 temperature_updates=1 total_loss=0.05131031945347786 views=2
2026-09-16 18:52:13.121 | INFO     | __main__:<module>:875 - TRAIN_EPOCH_RESOURCE epoch=240 seconds=964.4972008913755 peak_allocated_bytes=11589042688
2026-09-16 18:53:11.768 | INFO     | __main__:<module>:934 - student robust acc 0.2991, teacher robust acc 0.4811, nat teacher robust acc 0.3882
2026-09-16 18:53:27.749 | INFO     | __main__:<module>:1010 - student natural acc 0.6704, adv teacher natural acc 0.6118, nat teacher natural acc 0.7650
2026-09-16 18:53:27.792 | INFO     | __main__:<module>:482 - METHOD epoch=241 views=2 awp_gamma=0.002 consistency_weight=0.5
2026-09-16 18:53:27.792 | INFO     | __main__:<module>:485 - the 241th epoch 
2026-09-16 18:53:30.248 | INFO     | __main__:<module>:497 - METHOD_BATCH epoch=241 step=0 adv_kd=0.011930597946047783 awp_gamma=0.002 awp_relative_norm_max=0.0020000003278255463 clean_ce=0.3040591776371002 clean_ce_term=0.015202959068119526 consistency_term=0.00046444061445072293 consistency_weight=0.5 js_raw=0.09288812428712845 lr=0.03343339120722491 nat_kd=0.006367613095790148 pcgrad_conflicts=0 push=0.00453190878033638 push_term=0.00022659546812064946 student_updates=1 teacher_ce=0.33049486577510834 teacher_lr=1.3047960999874738e-05 teacher_margin=1.74189293384552 teacher_margin_term=0.01741892844438553 teacher_updates=1 temp_adv=1.239909111090865 temp_nat=2.5510908889089388 temperature_updates=1 total_loss=0.05161113664507866 views=2
2026-09-16 18:57:29.731 | INFO     | __main__:<module>:497 - METHOD_BATCH epoch=241 step=100 adv_kd=0.012012336403131485 awp_gamma=0.002 awp_relative_norm_max=0.0020000003278255463 clean_ce=0.31569528579711914 clean_ce_term=0.015784764662384987 consistency_term=0.0005817865603603423 consistency_weight=0.5 js_raw=0.11635731160640717 lr=0.03343339120722491 nat_kd=0.006528874393552542 pcgrad_conflicts=0 push=0.005314623937010765 push_term=0.00026573121431283653 student_updates=1 teacher_ce=0.45488473773002625 teacher_lr=1.3047960999874738e-05 teacher_margin=1.7294774055480957 teacher_margin_term=0.01729477383196354 teacher_updates=1 temp_adv=1.239909111090865 temp_nat=2.5510908889089388 temperature_updates=1 total_loss=0.05246826633810997 views=2
2026-09-16 19:01:30.475 | INFO     | __main__:<module>:497 - METHOD_BATCH epoch=241 step=200 adv_kd=0.013174994848668575 awp_gamma=0.002 awp_relative_norm_max=0.0020000003278255463 clean_ce=0.31386303901672363 clean_ce_term=0.01569315232336521 consistency_term=0.0004302107554394752 consistency_weight=0.5 js_raw=0.08604215085506439 lr=0.03343339120722491 nat_kd=0.006282079499214888 pcgrad_conflicts=0 push=0.005022590979933739 push_term=0.00025112953153438866 student_updates=1 teacher_ce=0.3325670063495636 teacher_lr=1.3047960999874738e-05 teacher_margin=1.9268251657485962 teacher_margin_term=0.019268251955509186 teacher_updates=1 temp_adv=1.239909111090865 temp_nat=2.5510908889089388 temperature_updates=1 total_loss=0.05509981885552406 views=2
2026-09-16 19:05:31.374 | INFO     | __main__:<module>:497 - METHOD_BATCH epoch=241 step=300 adv_kd=0.014068500138819218 awp_gamma=0.002 awp_relative_norm_max=0.0020000003278255463 clean_ce=0.31134241819381714 clean_ce_term=0.015567122027277946 consistency_term=0.0005817845230922103 consistency_weight=0.5 js_raw=0.11635690927505493 lr=0.03343339120722491 nat_kd=0.008022360503673553 pcgrad_conflicts=0 push=0.004195837303996086 push_term=0.0002097918768413365 student_updates=1 teacher_ce=0.37122033536434174 teacher_lr=1.3047960999874738e-05 teacher_margin=2.0799732208251953 teacher_margin_term=0.020799729973077774 teacher_updates=1 temp_adv=1.239909111090865 temp_nat=2.5510908889089388 temperature_updates=1 total_loss=0.05924928933382034 views=2
2026-09-16 19:09:08.598 | INFO     | __main__:<module>:875 - TRAIN_EPOCH_RESOURCE epoch=241 seconds=940.8056734763086 peak_allocated_bytes=11589042688
2026-09-16 19:09:08.598 | INFO     | __main__:<module>:482 - METHOD epoch=242 views=2 awp_gamma=0.002 consistency_weight=0.5
2026-09-16 19:09:08.598 | INFO     | __main__:<module>:485 - the 242th epoch 
2026-09-16 19:09:11.055 | INFO     | __main__:<module>:497 - METHOD_BATCH epoch=242 step=0 adv_kd=0.012297229841351509 awp_gamma=0.002 awp_relative_norm_max=0.0020000003278255463 clean_ce=0.2983369827270508 clean_ce_term=0.014916849322617054 consistency_term=0.0005762045620940626 consistency_weight=0.5 js_raw=0.1152409166097641 lr=0.03244910144386133 nat_kd=0.006721090525388718 pcgrad_conflicts=0 push=0.00549961905926466 push_term=0.0002749809646047652 student_updates=1 teacher_ce=0.4033447951078415 teacher_lr=1.2628238252909975e-05 teacher_margin=1.804509162902832 teacher_margin_term=0.0180450901389122 teacher_updates=1 temp_adv=1.239909111090865 temp_nat=2.5510908889089388 temperature_updates=1 total_loss=0.05283144861459732 views=2
2026-09-16 19:13:10.768 | INFO     | __main__:<module>:497 - METHOD_BATCH epoch=242 step=100 adv_kd=0.013734033331274986 awp_gamma=0.002 awp_relative_norm_max=0.0020000003278255463 clean_ce=0.29692399501800537 clean_ce_term=0.014846199192106724 consistency_term=0.0006447415798902512 consistency_weight=0.5 js_raw=0.12894831597805023 lr=0.03244910144386133 nat_kd=0.0060385181568562984 pcgrad_conflicts=0 push=0.0047452496364712715 push_term=0.00023726248764432967 student_updates=1 teacher_ce=0.33710548281669617 teacher_lr=1.2628238252909975e-05 teacher_margin=1.9908335208892822 teacher_margin_term=0.01990833505988121 teacher_updates=1 temp_adv=1.239909111090865 temp_nat=2.5510908889089388 temperature_updates=1 total_loss=0.05540908873081207 views=2
2026-09-16 19:17:12.664 | INFO     | __main__:<module>:497 - METHOD_BATCH epoch=242 step=200 adv_kd=0.012205948121845722 awp_gamma=0.002 awp_relative_norm_max=0.0020000003278255463 clean_ce=0.2854765057563782 clean_ce_term=0.014273826032876968 consistency_term=0.0004351818352006376 consistency_weight=0.5 js_raw=0.0870363712310791 lr=0.03244910144386133 nat_kd=0.006799670867621899 pcgrad_conflicts=0 push=0.0040649776346981525 push_term=0.00020324887009337544 student_updates=1 teacher_ce=0.41523732244968414 teacher_lr=1.2628238252909975e-05 teacher_margin=1.756051778793335 teacher_margin_term=0.01756051741540432 teacher_updates=1 temp_adv=1.239909111090865 temp_nat=2.5510908889089388 temperature_updates=1 total_loss=0.051478393375873566 views=2
2026-09-16 19:21:14.249 | INFO     | __main__:<module>:497 - METHOD_BATCH epoch=242 step=300 adv_kd=0.011547598987817764 awp_gamma=0.002 awp_relative_norm_max=0.0020000003278255463 clean_ce=0.31720906496047974 clean_ce_term=0.015860453248023987 consistency_term=0.000421347824158147 consistency_weight=0.5 js_raw=0.08426956832408905 lr=0.03244910144386133 nat_kd=0.005164114758372307 pcgrad_conflicts=0 push=0.004556136205792427 push_term=0.00022780682775191963 student_updates=1 teacher_ce=0.27460092306137085 teacher_lr=1.2628238252909975e-05 teacher_margin=1.602992296218872 teacher_margin_term=0.016029920428991318 teacher_updates=1 temp_adv=1.239909111090865 temp_nat=2.5510908889089388 temperature_updates=1 total_loss=0.049251243472099304 views=2
2026-09-16 19:24:52.424 | INFO     | __main__:<module>:875 - TRAIN_EPOCH_RESOURCE epoch=242 seconds=943.8253222852945 peak_allocated_bytes=11589042688
2026-09-16 19:24:52.424 | INFO     | __main__:<module>:482 - METHOD epoch=243 views=2 awp_gamma=0.002 consistency_weight=0.5
2026-09-16 19:24:52.424 | INFO     | __main__:<module>:485 - the 243th epoch 
2026-09-16 19:24:54.854 | INFO     | __main__:<module>:497 - METHOD_BATCH epoch=243 step=0 adv_kd=0.011679290793836117 awp_gamma=0.002 awp_relative_norm_max=0.0020000003278255463 clean_ce=0.30052071809768677 clean_ce_term=0.015026036649942398 consistency_term=0.000530407705809921 consistency_weight=0.5 js_raw=0.10608154535293579 lr=0.03147255902608835 nat_kd=0.006658379454165697 pcgrad_conflicts=0 push=0.004304375499486923 push_term=0.00021521876624319702 student_updates=1 teacher_ce=0.42649881541728973 teacher_lr=1.2214417630650503e-05 teacher_margin=1.6433110237121582 teacher_margin_term=0.016433110460639 teacher_updates=1 temp_adv=1.239909111090865 temp_nat=2.5510908889089388 temperature_updates=1 total_loss=0.0505424439907074 views=2
2026-09-16 19:28:53.794 | INFO     | __main__:<module>:497 - METHOD_BATCH epoch=243 step=100 adv_kd=0.013567507266998291 awp_gamma=0.002 awp_relative_norm_max=0.0020000003278255463 clean_ce=0.29658374190330505 clean_ce_term=0.014829186722636223 consistency_term=0.0005878466763533652 consistency_weight=0.5 js_raw=0.11756934225559235 lr=0.03147255902608835 nat_kd=0.005898794159293175 pcgrad_conflicts=0 push=0.0062658777460455894 push_term=0.00031329388730227947 student_updates=1 teacher_ce=0.33971965312957764 teacher_lr=1.2214417630650503e-05 teacher_margin=2.010127067565918 teacher_margin_term=0.020101269707083702 teacher_updates=1 temp_adv=1.239909111090865 temp_nat=2.5510908889089388 temperature_updates=1 total_loss=0.05529789999127388 views=2
2026-09-16 19:33:01.039 | INFO     | __main__:<module>:497 - METHOD_BATCH epoch=243 step=200 adv_kd=0.013410482555627823 awp_gamma=0.002 awp_relative_norm_max=0.0020000003278255463 clean_ce=0.2949988543987274 clean_ce_term=0.014749942347407341 consistency_term=0.0005139248096384108 consistency_weight=0.5 js_raw=0.10278496891260147 lr=0.03147255902608835 nat_kd=0.007745103910565376 pcgrad_conflicts=0 push=0.004952958784997463 push_term=0.000247647927608341 student_updates=1 teacher_ce=0.47425752878189087 teacher_lr=1.2214417630650503e-05 teacher_margin=1.9801266193389893 teacher_margin_term=0.019801266491413116 teacher_updates=1 temp_adv=1.239909111090865 temp_nat=2.5510908889089388 temperature_updates=1 total_loss=0.05646836757659912 views=2
2026-09-16 19:37:02.341 | INFO     | __main__:<module>:497 - METHOD_BATCH epoch=243 step=300 adv_kd=0.01451733149588108 awp_gamma=0.002 awp_relative_norm_max=0.0020000003278255463 clean_ce=0.3207840621471405 clean_ce_term=0.016039203852415085 consistency_term=0.0006329439347609878 consistency_weight=0.5 js_raw=0.12658879160881042 lr=0.03147255902608835 nat_kd=0.007399525959044695 pcgrad_conflicts=0 push=0.005046157166361809 push_term=0.00025230785831809044 student_updates=1 teacher_ce=0.4221107214689255 teacher_lr=1.2214417630650503e-05 teacher_margin=2.163093090057373 teacher_margin_term=0.02163092978298664 teacher_updates=1 temp_adv=1.239909111090865 temp_nat=2.5510908889089388 temperature_updates=1 total_loss=0.060472242534160614 views=2
2026-09-16 19:40:41.223 | INFO     | __main__:<module>:875 - TRAIN_EPOCH_RESOURCE epoch=243 seconds=948.7986748553813 peak_allocated_bytes=11589042688
2026-09-16 19:40:41.223 | INFO     | __main__:<module>:482 - METHOD epoch=244 views=2 awp_gamma=0.002 consistency_weight=0.5
2026-09-16 19:40:41.223 | INFO     | __main__:<module>:485 - the 244th epoch 
2026-09-16 19:40:43.641 | INFO     | __main__:<module>:497 - METHOD_BATCH epoch=244 step=0 adv_kd=0.011646861210465431 awp_gamma=0.002 awp_relative_norm_max=0.0020000003278255463 clean_ce=0.3042670488357544 clean_ce_term=0.015213352628052235 consistency_term=0.0005107713514007628 consistency_weight=0.5 js_raw=0.10215426981449127 lr=0.030504191797736106 nat_kd=0.00656158896163106 pcgrad_conflicts=0 push=0.005434510298073292 push_term=0.00027172552654519677 student_updates=1 teacher_ce=0.4295232743024826 teacher_lr=1.1806563663887756e-05 teacher_margin=1.5308622121810913 teacher_margin_term=0.015308622270822525 teacher_updates=1 temp_adv=1.239909111090865 temp_nat=2.5510908889089388 temperature_updates=1 total_loss=0.04951292276382446 views=2
2026-09-16 19:44:50.328 | INFO     | __main__:<module>:497 - METHOD_BATCH epoch=244 step=100 adv_kd=0.01315753161907196 awp_gamma=0.002 awp_relative_norm_max=0.0020000003278255463 clean_ce=0.31513112783432007 clean_ce_term=0.015756556764245033 consistency_term=0.0004923461237922311 consistency_weight=0.5 js_raw=0.09846922755241394 lr=0.030504191797736106 nat_kd=0.007558730430901051 pcgrad_conflicts=0 push=0.004715912509709597 push_term=0.00023579562548547983 student_updates=1 teacher_ce=0.4202484041452408 teacher_lr=1.1806563663887756e-05 teacher_margin=1.8531134128570557 teacher_margin_term=0.018531134352087975 teacher_updates=1 temp_adv=1.239909111090865 temp_nat=2.5510908889089388 temperature_updates=1 total_loss=0.05573209375143051 views=2
2026-09-16 19:48:52.673 | INFO     | __main__:<module>:497 - METHOD_BATCH epoch=244 step=200 adv_kd=0.01158563606441021 awp_gamma=0.002 awp_relative_norm_max=0.0020000003278255463 clean_ce=0.27129533886909485 clean_ce_term=0.013564767315983772 consistency_term=0.0005227493238635361 consistency_weight=0.5 js_raw=0.10454986989498138 lr=0.030504191797736106 nat_kd=0.006400269456207752 pcgrad_conflicts=0 push=0.004835218191146851 push_term=0.00024176089209504426 student_updates=1 teacher_ce=0.3488134443759918 teacher_lr=1.1806563663887756e-05 teacher_margin=1.561748743057251 teacher_margin_term=0.015617486089468002 teacher_updates=1 temp_adv=1.239909111090865 temp_nat=2.5510908889089388 temperature_updates=1 total_loss=0.047932665795087814 views=2
2026-09-16 19:52:50.116 | INFO     | __main__:<module>:497 - METHOD_BATCH epoch=244 step=300 adv_kd=0.012641106732189655 awp_gamma=0.002 awp_relative_norm_max=0.0020000003278255463 clean_ce=0.29683351516723633 clean_ce_term=0.014841675758361816 consistency_term=0.0004753264656756073 consistency_weight=0.5 js_raw=0.09506529569625854 lr=0.030504191797736106 nat_kd=0.00637031439691782 pcgrad_conflicts=0 push=0.004408436827361584 push_term=0.00022042184718884528 student_updates=1 teacher_ce=0.42280834913253784 teacher_lr=1.1806563663887756e-05 teacher_margin=1.7135518789291382 teacher_margin_term=0.01713551953434944 teacher_updates=1 temp_adv=1.239909111090865 temp_nat=2.5510908889089388 temperature_updates=1 total_loss=0.051684360951185226 views=2
2026-09-16 19:56:27.844 | INFO     | __main__:<module>:875 - TRAIN_EPOCH_RESOURCE epoch=244 seconds=946.6202908083797 peak_allocated_bytes=11589042688
2026-09-16 19:56:27.844 | INFO     | __main__:<module>:482 - METHOD epoch=245 views=2 awp_gamma=0.002 consistency_weight=0.5
2026-09-16 19:56:27.844 | INFO     | __main__:<module>:485 - the 245th epoch 
2026-09-16 19:56:30.274 | INFO     | __main__:<module>:497 - METHOD_BATCH epoch=245 step=0 adv_kd=0.011778472922742367 awp_gamma=0.002 awp_relative_norm_max=0.0020000003278255463 clean_ce=0.29456740617752075 clean_ce_term=0.014728371053934097 consistency_term=0.0005291057750582695 consistency_weight=0.5 js_raw=0.1058211624622345 lr=0.02954442389087664 nat_kd=0.006187786813825369 pcgrad_conflicts=0 push=0.004376496188342571 push_term=0.00021882483270019293 student_updates=1 teacher_ce=0.3325596749782562 teacher_lr=1.140473992127705e-05 teacher_margin=1.6626932621002197 teacher_margin_term=0.016626931726932526 teacher_updates=1 temp_adv=1.239909111090865 temp_nat=2.5510908889089388 temperature_updates=1 total_loss=0.05006949231028557 views=2
2026-09-16 20:00:28.970 | INFO     | __main__:<module>:497 - METHOD_BATCH epoch=245 step=100 adv_kd=0.013254951685667038 awp_gamma=0.002 awp_relative_norm_max=0.0020000003278255463 clean_ce=0.2697199583053589 clean_ce_term=0.013485997915267944 consistency_term=0.0006824237643741071 consistency_weight=0.5 js_raw=0.136484757065773 lr=0.02954442389087664 nat_kd=0.0052907420322299 pcgrad_conflicts=0 push=0.005268903449177742 push_term=0.000263445166638121 student_updates=1 teacher_ce=0.3077192008495331 teacher_lr=1.140473992127705e-05 teacher_margin=1.898115873336792 teacher_margin_term=0.01898115873336792 teacher_updates=1 temp_adv=1.239909111090865 temp_nat=2.5510908889089388 temperature_updates=1 total_loss=0.05195872113108635 views=2
2026-09-16 20:04:27.363 | INFO     | __main__:<module>:497 - METHOD_BATCH epoch=245 step=200 adv_kd=0.012675571255385876 awp_gamma=0.002 awp_relative_norm_max=0.0020000003278255463 clean_ce=0.27946048974990845 clean_ce_term=0.013973025605082512 consistency_term=0.0004516062908805907 consistency_weight=0.5 js_raw=0.09032125771045685 lr=0.02954442389087664 nat_kd=0.006772135384380817 pcgrad_conflicts=0 push=0.004976893775165081 push_term=0.0002488447062205523 student_updates=1 teacher_ce=0.3151426315307617 teacher_lr=1.140473992127705e-05 teacher_margin=1.8503179550170898 teacher_margin_term=0.018503179773688316 teacher_updates=1 temp_adv=1.239909111090865 temp_nat=2.5510908889089388 temperature_updates=1 total_loss=0.05262436345219612 views=2
2026-09-16 20:08:25.809 | INFO     | __main__:<module>:497 - METHOD_BATCH epoch=245 step=300 adv_kd=0.012353155761957169 awp_gamma=0.002 awp_relative_norm_max=0.0020000003278255463 clean_ce=0.3008131980895996 clean_ce_term=0.01504066027700901 consistency_term=0.000661469588521868 consistency_weight=0.5 js_raw=0.1322939246892929 lr=0.02954442389087664 nat_kd=0.006645740941166878 pcgrad_conflicts=0 push=0.005542201921343803 push_term=0.000277110084425658 student_updates=1 teacher_ce=0.3284805566072464 teacher_lr=1.140473992127705e-05 teacher_margin=1.882058024406433 teacher_margin_term=0.01882058009505272 teacher_updates=1 temp_adv=1.239909111090865 temp_nat=2.5510908889089388 temperature_updates=1 total_loss=0.05379871651530266 views=2
2026-09-16 20:12:07.096 | INFO     | __main__:<module>:875 - TRAIN_EPOCH_RESOURCE epoch=245 seconds=939.2514500245452 peak_allocated_bytes=11589042688
2026-09-16 20:12:07.096 | INFO     | __main__:<module>:482 - METHOD epoch=246 views=2 awp_gamma=0.002 consistency_weight=0.5
2026-09-16 20:12:07.096 | INFO     | __main__:<module>:485 - the 246th epoch 
2026-09-16 20:12:09.709 | INFO     | __main__:<module>:497 - METHOD_BATCH epoch=246 step=0 adv_kd=0.012765271589159966 awp_gamma=0.002 awp_relative_norm_max=0.0020000003278255463 clean_ce=0.28780287504196167 clean_ce_term=0.014390144497156143 consistency_term=0.0004673224175348878 consistency_weight=0.5 js_raw=0.09346448630094528 lr=0.028593675537782214 nat_kd=0.006906237918883562 pcgrad_conflicts=0 push=0.005389506928622723 push_term=0.00026947533478960395 student_updates=1 teacher_ce=0.39283864200115204 teacher_lr=1.1009008999276551e-05 teacher_margin=1.8567689657211304 teacher_margin_term=0.018567688763141632 teacher_updates=1 temp_adv=1.239909111090865 temp_nat=2.5510908889089388 temperature_updates=1 total_loss=0.05336613953113556 views=2
2026-09-16 20:16:15.233 | INFO     | __main__:<module>:497 - METHOD_BATCH epoch=246 step=100 adv_kd=0.011507852002978325 awp_gamma=0.002 awp_relative_norm_max=0.0020000003278255463 clean_ce=0.27097833156585693 clean_ce_term=0.013548918068408966 consistency_term=0.0005277965683490038 consistency_weight=0.5 js_raw=0.1055593192577362 lr=0.028593675537782214 nat_kd=0.005790567956864834 pcgrad_conflicts=0 push=0.005347030237317085 push_term=0.00026735151186585426 student_updates=1 teacher_ce=0.3571314513683319 teacher_lr=1.1009008999276551e-05 teacher_margin=1.6169394254684448 teacher_margin_term=0.016169395297765732 teacher_updates=1 temp_adv=1.239909111090865 temp_nat=2.5510908889089388 temperature_updates=1 total_loss=0.047811876982450485 views=2
2026-09-16 20:20:25.459 | INFO     | __main__:<module>:497 - METHOD_BATCH epoch=246 step=200 adv_kd=0.011510760523378849 awp_gamma=0.002 awp_relative_norm_max=0.0020000003278255463 clean_ce=0.2834801971912384 clean_ce_term=0.01417401060461998 consistency_term=0.0005319211049936712 consistency_weight=0.5 js_raw=0.10638421773910522 lr=0.028593675537782214 nat_kd=0.005636589601635933 pcgrad_conflicts=0 push=0.00411175936460495 push_term=0.0002055879740510136 student_updates=1 teacher_ce=0.44834378361701965 teacher_lr=1.1009008999276551e-05 teacher_margin=1.6657770872116089 teacher_margin_term=0.016657769680023193 teacher_updates=1 temp_adv=1.239909111090865 temp_nat=2.5510908889089388 temperature_updates=1 total_loss=0.04871663823723793 views=2
2026-09-16 20:24:34.967 | INFO     | __main__:<module>:497 - METHOD_BATCH epoch=246 step=300 adv_kd=0.012978989630937576 awp_gamma=0.002 awp_relative_norm_max=0.0020000003278255463 clean_ce=0.26565462350845337 clean_ce_term=0.013282731175422668 consistency_term=0.0005379499634727836 consistency_weight=0.5 js_raw=0.10758998990058899 lr=0.028593675537782214 nat_kd=0.006802794523537159 pcgrad_conflicts=0 push=0.005769479088485241 push_term=0.00028847396606579423 student_updates=1 teacher_ce=0.3256419450044632 teacher_lr=1.1009008999276551e-05 teacher_margin=1.8414585590362549 teacher_margin_term=0.018414586782455444 teacher_updates=1 temp_adv=1.239909111090865 temp_nat=2.5510908889089388 temperature_updates=1 total_loss=0.05230552330613136 views=2
2026-09-16 20:28:18.870 | INFO     | __main__:<module>:875 - TRAIN_EPOCH_RESOURCE epoch=246 seconds=971.7736320532858 peak_allocated_bytes=11589042688
2026-09-16 20:28:18.870 | INFO     | __main__:<module>:482 - METHOD epoch=247 views=2 awp_gamma=0.002 consistency_weight=0.5
2026-09-16 20:28:18.870 | INFO     | __main__:<module>:485 - the 247th epoch 
2026-09-16 20:28:21.381 | INFO     | __main__:<module>:497 - METHOD_BATCH epoch=247 step=0 adv_kd=0.01240788958966732 awp_gamma=0.002 awp_relative_norm_max=0.0020000003278255463 clean_ce=0.25417155027389526 clean_ce_term=0.012708576396107674 consistency_term=0.000706306251231581 consistency_weight=0.5 js_raw=0.1412612497806549 lr=0.02765236288465644 nat_kd=0.005960507784038782 pcgrad_conflicts=0 push=0.005341795738786459 push_term=0.0002670898102223873 student_updates=1 teacher_ce=0.46340160071849823 teacher_lr=1.0619432512243703e-05 teacher_margin=1.7799782752990723 teacher_margin_term=0.017799781635403633 teacher_updates=1 temp_adv=1.239909111090865 temp_nat=2.5510908889089388 temperature_updates=1 total_loss=0.04985015094280243 views=2
2026-09-16 20:32:26.891 | INFO     | __main__:<module>:497 - METHOD_BATCH epoch=247 step=100 adv_kd=0.011563548818230629 awp_gamma=0.002 awp_relative_norm_max=0.0020000003278255463 clean_ce=0.2721070945262909 clean_ce_term=0.013605354353785515 consistency_term=0.0004366128705441952 consistency_weight=0.5 js_raw=0.08732257783412933 lr=0.02765236288465644 nat_kd=0.006177749950438738 pcgrad_conflicts=0 push=0.005414710380136967 push_term=0.0002707355306483805 student_updates=1 teacher_ce=0.3468116372823715 teacher_lr=1.0619432512243703e-05 teacher_margin=1.7105549573898315 teacher_margin_term=0.017105549573898315 teacher_updates=1 temp_adv=1.239909111090865 temp_nat=2.5510908889089388 temperature_updates=1 total_loss=0.04915954917669296 views=2
2026-09-16 20:36:28.588 | INFO     | __main__:<module>:497 - METHOD_BATCH epoch=247 step=200 adv_kd=0.011963502503931522 awp_gamma=0.002 awp_relative_norm_max=0.0020000003278255463 clean_ce=0.28309744596481323 clean_ce_term=0.014154871925711632 consistency_term=0.00039240147452801466 consistency_weight=0.5 js_raw=0.0784802958369255 lr=0.02765236288465644 nat_kd=0.005900805816054344 pcgrad_conflicts=0 push=0.005453065969049931 push_term=0.00027265329845249653 student_updates=1 teacher_ce=0.3011454939842224 teacher_lr=1.0619432512243703e-05 teacher_margin=1.765963077545166 teacher_margin_term=0.017659630626440048 teacher_updates=1 temp_adv=1.239909111090865 temp_nat=2.5510908889089388 temperature_updates=1 total_loss=0.05034386366605759 views=2
2026-09-16 20:40:29.695 | INFO     | __main__:<module>:497 - METHOD_BATCH epoch=247 step=300 adv_kd=0.011035171337425709 awp_gamma=0.002 awp_relative_norm_max=0.0020000003278255463 clean_ce=0.28641605377197266 clean_ce_term=0.014320803806185722 consistency_term=0.0004531115118879825 consistency_weight=0.5 js_raw=0.09062230587005615 lr=0.02765236288465644 nat_kd=0.006945095490664244 pcgrad_conflicts=0 push=0.004747501574456692 push_term=0.00023737507581245154 student_updates=1 teacher_ce=0.4470963329076767 teacher_lr=1.0619432512243703e-05 teacher_margin=1.522963047027588 teacher_margin_term=0.015229630284011364 teacher_updates=1 temp_adv=1.239909111090865 temp_nat=2.5510908889089388 temperature_updates=1 total_loss=0.04822118580341339 views=2
2026-09-16 20:44:01.930 | INFO     | __main__:<module>:875 - TRAIN_EPOCH_RESOURCE epoch=247 seconds=943.0600219294429 peak_allocated_bytes=11589042688
2026-09-16 20:44:01.930 | INFO     | __main__:<module>:482 - METHOD epoch=248 views=2 awp_gamma=0.002 consistency_weight=0.5
2026-09-16 20:44:01.931 | INFO     | __main__:<module>:485 - the 248th epoch 
2026-09-16 20:44:04.306 | INFO     | __main__:<module>:497 - METHOD_BATCH epoch=248 step=0 adv_kd=0.011456246487796307 awp_gamma=0.002 awp_relative_norm_max=0.0020000003278255463 clean_ce=0.30445319414138794 clean_ce_term=0.015222659334540367 consistency_term=0.0004336251877248287 consistency_weight=0.5 js_raw=0.08672504127025604 lr=0.0267208978072214 nat_kd=0.006275548133999109 pcgrad_conflicts=0 push=0.004885758273303509 push_term=0.00024428791948594153 student_updates=1 teacher_ce=0.3587664067745209 teacher_lr=1.0236071082690776e-05 teacher_margin=1.571590542793274 teacher_margin_term=0.015715904533863068 teacher_updates=1 temp_adv=1.239909111090865 temp_nat=2.5510908889089388 temperature_updates=1 total_loss=0.04934827238321304 views=2
2026-09-16 20:48:04.094 | INFO     | __main__:<module>:497 - METHOD_BATCH epoch=248 step=100 adv_kd=0.01294703595340252 awp_gamma=0.002 awp_relative_norm_max=0.0020000003278255463 clean_ce=0.3111613094806671 clean_ce_term=0.015558065846562386 consistency_term=0.00046250244486145675 consistency_weight=0.5 js_raw=0.09250049293041229 lr=0.0267208978072214 nat_kd=0.006671568378806114 pcgrad_conflicts=0 push=0.0047506410628557205 push_term=0.00023753204732201993 student_updates=1 teacher_ce=0.37296684086322784 teacher_lr=1.0236071082690776e-05 teacher_margin=1.8608424663543701 teacher_margin_term=0.018608424812555313 teacher_updates=1 temp_adv=1.239909111090865 temp_nat=2.5510908889089388 temperature_updates=1 total_loss=0.054485127329826355 views=2
2026-09-16 20:52:01.810 | INFO     | __main__:<module>:497 - METHOD_BATCH epoch=248 step=200 adv_kd=0.01148658711463213 awp_gamma=0.002 awp_relative_norm_max=0.0020000003278255463 clean_ce=0.26570093631744385 clean_ce_term=0.013285048305988312 consistency_term=0.0005857895012013614 consistency_weight=0.5 js_raw=0.11715790629386902 lr=0.0267208978072214 nat_kd=0.005362626165151596 pcgrad_conflicts=0 push=0.004795686341822147 push_term=0.00023978430544957519 student_updates=1 teacher_ce=0.3450718969106674 teacher_lr=1.0236071082690776e-05 teacher_margin=1.6847667694091797 teacher_margin_term=0.01684766635298729 teacher_updates=1 temp_adv=1.239909111090865 temp_nat=2.5510908889089388 temperature_updates=1 total_loss=0.04780750349164009 views=2
2026-09-16 20:56:01.615 | INFO     | __main__:<module>:497 - METHOD_BATCH epoch=248 step=300 adv_kd=0.012762274593114853 awp_gamma=0.002 awp_relative_norm_max=0.0020000003278255463 clean_ce=0.2666848301887512 clean_ce_term=0.01333424262702465 consistency_term=0.0005890325992368162 consistency_weight=0.5 js_raw=0.11780652403831482 lr=0.0267208978072214 nat_kd=0.006317915394902229 pcgrad_conflicts=0 push=0.004565584473311901 push_term=0.0002282792265759781 student_updates=1 teacher_ce=0.40597982704639435 teacher_lr=1.0236071082690776e-05 teacher_margin=1.916147232055664 teacher_margin_term=0.019161473959684372 teacher_updates=1 temp_adv=1.239909111090865 temp_nat=2.5510908889089388 temperature_updates=1 total_loss=0.052393216639757156 views=2
2026-09-16 20:59:40.239 | INFO     | __main__:<module>:875 - TRAIN_EPOCH_RESOURCE epoch=248 seconds=938.3081420734525 peak_allocated_bytes=11589042688
2026-09-16 20:59:40.239 | INFO     | __main__:<module>:482 - METHOD epoch=249 views=2 awp_gamma=0.002 consistency_weight=0.5
2026-09-16 20:59:40.239 | INFO     | __main__:<module>:485 - the 249th epoch 
2026-09-16 20:59:42.627 | INFO     | __main__:<module>:497 - METHOD_BATCH epoch=249 step=0 adv_kd=0.010240346193313599 awp_gamma=0.002 awp_relative_norm_max=0.0020000003278255463 clean_ce=0.3118925094604492 clean_ce_term=0.01559462584555149 consistency_term=0.0004831611004192382 consistency_weight=0.5 js_raw=0.096632219851017 lr=0.02579968772824318 nat_kd=0.006393413059413433 pcgrad_conflicts=0 push=0.0041982317343354225 push_term=0.00020991158089600503 student_updates=1 teacher_ce=0.3596213310956955 teacher_lr=9.85898433170128e-06 teacher_margin=1.399824619293213 teacher_margin_term=0.013998245820403099 teacher_updates=1 temp_adv=1.239909111090865 temp_nat=2.5510908889089388 temperature_updates=1 total_loss=0.04691970348358154 views=2
2026-09-16 21:03:49.130 | INFO     | __main__:<module>:497 - METHOD_BATCH epoch=249 step=100 adv_kd=0.010768511332571507 awp_gamma=0.002 awp_relative_norm_max=0.0020000003278255463 clean_ce=0.28151649236679077 clean_ce_term=0.014075824990868568 consistency_term=0.0005507730529643595 consistency_weight=0.5 js_raw=0.11015461385250092 lr=0.02579968772824318 nat_kd=0.005392920225858688 pcgrad_conflicts=0 push=0.004375629127025604 push_term=0.00021878145344089717 student_updates=1 teacher_ce=0.36719559133052826 teacher_lr=9.85898433170128e-06 teacher_margin=1.5121374130249023 teacher_margin_term=0.01512137334793806 teacher_updates=1 temp_adv=1.239909111090865 temp_nat=2.5510908889089388 temperature_updates=1 total_loss=0.04612818360328674 views=2
2026-09-16 21:07:59.242 | INFO     | __main__:<module>:497 - METHOD_BATCH epoch=249 step=200 adv_kd=0.012481209821999073 awp_gamma=0.002 awp_relative_norm_max=0.0020000003278255463 clean_ce=0.2860184609889984 clean_ce_term=0.01430092379450798 consistency_term=0.0005297258612699807 consistency_weight=0.5 js_raw=0.1059451699256897 lr=0.02579968772824318 nat_kd=0.005590169690549374 pcgrad_conflicts=0 push=0.005002090707421303 push_term=0.00025010452372953296 student_updates=1 teacher_ce=0.33184321224689484 teacher_lr=9.85898433170128e-06 teacher_margin=1.7117419242858887 teacher_margin_term=0.017117418348789215 teacher_updates=1 temp_adv=1.239909111090865 temp_nat=2.5510908889089388 temperature_updates=1 total_loss=0.05026955157518387 views=2
2026-09-16 21:12:09.058 | INFO     | __main__:<module>:497 - METHOD_BATCH epoch=249 step=300 adv_kd=0.011592634953558445 awp_gamma=0.002 awp_relative_norm_max=0.0020000003278255463 clean_ce=0.26832208037376404 clean_ce_term=0.013416104018688202 consistency_term=0.0004661814891733229 consistency_weight=0.5 js_raw=0.0932362973690033 lr=0.02579968772824318 nat_kd=0.005556325428187847 pcgrad_conflicts=0 push=0.0038074851036071777 push_term=0.00019037426682189107 student_updates=1 teacher_ce=0.34893058240413666 teacher_lr=9.85898433170128e-06 teacher_margin=1.597446084022522 teacher_margin_term=0.015974460169672966 teacher_updates=1 temp_adv=1.239909111090865 temp_nat=2.5510908889089388 temperature_updates=1 total_loss=0.04719608277082443 views=2
2026-09-16 21:15:50.650 | INFO     | __main__:<module>:875 - TRAIN_EPOCH_RESOURCE epoch=249 seconds=970.4105601385236 peak_allocated_bytes=11589042688
2026-09-16 21:15:50.650 | INFO     | __main__:<module>:482 - METHOD epoch=250 views=2 awp_gamma=0.002 consistency_weight=0.5
2026-09-16 21:15:50.650 | INFO     | __main__:<module>:485 - the 250th epoch 
2026-09-16 21:15:53.117 | INFO     | __main__:<module>:497 - METHOD_BATCH epoch=250 step=0 adv_kd=0.011006783694028854 awp_gamma=0.002 awp_relative_norm_max=0.0020000003278255463 clean_ce=0.29406991600990295 clean_ce_term=0.014703495427966118 consistency_term=0.0004927577101625502 consistency_weight=0.5 js_raw=0.09855154901742935 lr=0.024889135437077315 nat_kd=0.006308089010417461 pcgrad_conflicts=0 push=0.005177223589271307 push_term=0.00025886116782203317 student_updates=1 teacher_ce=0.3532920330762863 teacher_lr=9.48823086950831e-06 teacher_margin=1.5322625637054443 teacher_margin_term=0.015322624705731869 teacher_updates=1 temp_adv=1.239909111090865 temp_nat=2.5510908889089388 temperature_updates=1 total_loss=0.04809261113405228 views=2
2026-09-16 21:19:59.922 | INFO     | __main__:<module>:497 - METHOD_BATCH epoch=250 step=100 adv_kd=0.011533512733876705 awp_gamma=0.002 awp_relative_norm_max=0.0020000003278255463 clean_ce=0.3009619116783142 clean_ce_term=0.01504809595644474 consistency_term=0.000616595963947475 consistency_weight=0.5 js_raw=0.12331919372081757 lr=0.024889135437077315 nat_kd=0.006130709778517485 pcgrad_conflicts=0 push=0.004537261091172695 push_term=0.00022686304873786867 student_updates=1 teacher_ce=0.37597277760505676 teacher_lr=9.48823086950831e-06 teacher_margin=1.6713597774505615 teacher_margin_term=0.016713596880435944 teacher_updates=1 temp_adv=1.239909111090865 temp_nat=2.5510908889089388 temperature_updates=1 total_loss=0.05026937648653984 views=2
2026-09-16 21:24:00.574 | INFO     | __main__:<module>:497 - METHOD_BATCH epoch=250 step=200 adv_kd=0.010857976973056793 awp_gamma=0.002 awp_relative_norm_max=0.0020000003278255463 clean_ce=0.27838900685310364 clean_ce_term=0.013919450342655182 consistency_term=0.00044261259608902037 consistency_weight=0.5 js_raw=0.0885225236415863 lr=0.024889135437077315 nat_kd=0.005286362953484058 pcgrad_conflicts=0 push=0.004293512552976608 push_term=0.0002146756451111287 student_updates=1 teacher_ce=0.3466632515192032 teacher_lr=9.48823086950831e-06 teacher_margin=1.5609514713287354 teacher_margin_term=0.015609514899551868 teacher_updates=1 temp_adv=1.239909111090865 temp_nat=2.5510908889089388 temperature_updates=1 total_loss=0.04633059352636337 views=2
2026-09-16 21:28:04.895 | INFO     | __main__:<module>:497 - METHOD_BATCH epoch=250 step=300 adv_kd=0.012116692960262299 awp_gamma=0.002 awp_relative_norm_max=0.0020000003278255463 clean_ce=0.27149084210395813 clean_ce_term=0.013574542477726936 consistency_term=0.0007129209116101265 consistency_weight=0.5 js_raw=0.1425841897726059 lr=0.024889135437077315 nat_kd=0.006567820906639099 pcgrad_conflicts=0 push=0.004784609656780958 push_term=0.000239230488659814 student_updates=1 teacher_ce=0.45957760512828827 teacher_lr=9.48823086950831e-06 teacher_margin=1.8555688858032227 teacher_margin_term=0.018555689603090286 teacher_updates=1 temp_adv=1.239909111090865 temp_nat=2.5510908889089388 temperature_updates=1 total_loss=0.05176689475774765 views=2
2026-09-16 21:31:42.101 | INFO     | __main__:<module>:875 - TRAIN_EPOCH_RESOURCE epoch=250 seconds=951.4510741196573 peak_allocated_bytes=11589042688
2026-09-16 21:32:41.925 | INFO     | __main__:<module>:934 - student robust acc 0.2950, teacher robust acc 0.4812, nat teacher robust acc 0.4048
2026-09-16 21:33:04.076 | INFO     | __main__:<module>:1010 - student natural acc 0.6717, adv teacher natural acc 0.6104, nat teacher natural acc 0.7650
2026-09-16 21:33:04.120 | INFO     | __main__:<module>:482 - METHOD epoch=251 views=2 awp_gamma=0.002 consistency_weight=0.5
2026-09-16 21:33:04.120 | INFO     | __main__:<module>:485 - the 251th epoch 
2026-09-16 21:33:06.574 | INFO     | __main__:<module>:497 - METHOD_BATCH epoch=251 step=0 adv_kd=0.01118851825594902 awp_gamma=0.002 awp_relative_norm_max=0.0020000003278255463 clean_ce=0.2952699065208435 clean_ce_term=0.014763494953513145 consistency_term=0.0004353710974100977 consistency_weight=0.5 js_raw=0.08707422018051147 lr=0.023989638911314483 nat_kd=0.005926118232309818 pcgrad_conflicts=0 push=0.0038406599778681993 push_term=0.00019203299598302692 student_updates=1 teacher_ce=0.37577512860298157 teacher_lr=9.12386828623678e-06 teacher_margin=1.502980351448059 teacher_margin_term=0.015029802918434143 teacher_updates=1 temp_adv=1.239909111090865 temp_nat=2.5510908889089388 temperature_updates=1 total_loss=0.04753534123301506 views=2
2026-09-16 21:37:06.336 | INFO     | __main__:<module>:497 - METHOD_BATCH epoch=251 step=100 adv_kd=0.010760229080915451 awp_gamma=0.002 awp_relative_norm_max=0.0020000003278255463 clean_ce=0.28256019949913025 clean_ce_term=0.014128010720014572 consistency_term=0.0005383265088312328 consistency_weight=0.5 js_raw=0.1076653003692627 lr=0.023989638911314483 nat_kd=0.006404359824955463 pcgrad_conflicts=0 push=0.004261878784745932 push_term=0.00021309393923729658 student_updates=1 teacher_ce=0.3995056003332138 teacher_lr=9.12386828623678e-06 teacher_margin=1.5229430198669434 teacher_margin_term=0.015229430049657822 teacher_updates=1 temp_adv=1.239909111090865 temp_nat=2.5510908889089388 temperature_updates=1 total_loss=0.04727344959974289 views=2
2026-09-16 21:41:13.216 | INFO     | __main__:<module>:497 - METHOD_BATCH epoch=251 step=200 adv_kd=0.011791824363172054 awp_gamma=0.002 awp_relative_norm_max=0.0020000003278255463 clean_ce=0.2848300039768219 clean_ce_term=0.014241499826312065 consistency_term=0.0006999455508776009 consistency_weight=0.5 js_raw=0.13998910784721375 lr=0.023989638911314483 nat_kd=0.005924677476286888 pcgrad_conflicts=0 push=0.0048664105124771595 push_term=0.00024332053726539016 student_updates=1 teacher_ce=0.37799622118473053 teacher_lr=9.12386828623678e-06 teacher_margin=1.6861608028411865 teacher_margin_term=0.016861608251929283 teacher_updates=1 temp_adv=1.239909111090865 temp_nat=2.5510908889089388 temperature_updates=1 total_loss=0.049762874841690063 views=2
2026-09-16 21:45:14.477 | INFO     | __main__:<module>:497 - METHOD_BATCH epoch=251 step=300 adv_kd=0.012324834242463112 awp_gamma=0.002 awp_relative_norm_max=0.0020000003278255463 clean_ce=0.2695821523666382 clean_ce_term=0.013479107990860939 consistency_term=0.0006115651922300458 consistency_weight=0.5 js_raw=0.12231303751468658 lr=0.023989638911314483 nat_kd=0.007200399413704872 pcgrad_conflicts=0 push=0.0060588764026761055 push_term=0.0003029438084922731 student_updates=1 teacher_ce=0.3958505839109421 teacher_lr=9.12386828623678e-06 teacher_margin=1.8057628870010376 teacher_margin_term=0.018057629466056824 teacher_updates=1 temp_adv=1.239909111090865 temp_nat=2.5510908889089388 temperature_updates=1 total_loss=0.05197647958993912 views=2
2026-09-16 21:48:50.896 | INFO     | __main__:<module>:875 - TRAIN_EPOCH_RESOURCE epoch=251 seconds=946.7758645452559 peak_allocated_bytes=11589042688
2026-09-16 21:49:48.361 | INFO     | __main__:<module>:934 - student robust acc 0.2945, teacher robust acc 0.4782, nat teacher robust acc 0.4024
2026-09-16 21:50:09.848 | INFO     | __main__:<module>:1010 - student natural acc 0.6712, adv teacher natural acc 0.6131, nat teacher natural acc 0.7650
2026-09-16 21:50:09.850 | INFO     | __main__:<module>:482 - METHOD epoch=252 views=2 awp_gamma=0.002 consistency_weight=0.5
2026-09-16 21:50:09.850 | INFO     | __main__:<module>:485 - the 252th epoch 
2026-09-16 21:50:12.258 | INFO     | __main__:<module>:497 - METHOD_BATCH epoch=252 step=0 adv_kd=0.012207470834255219 awp_gamma=0.002 awp_relative_norm_max=0.0020000003278255463 clean_ce=0.2807638645172119 clean_ce_term=0.014038193970918655 consistency_term=0.0006547328666783869 consistency_weight=0.5 js_raw=0.1309465765953064 lr=0.02310159114060635 nat_kd=0.005991648882627487 pcgrad_conflicts=0 push=0.006366776302456856 push_term=0.0003183388034813106 student_updates=1 teacher_ce=0.3770289570093155 teacher_lr=8.765953142810843e-06 teacher_margin=1.8983936309814453 teacher_margin_term=0.018983935937285423 teacher_updates=1 temp_adv=1.239909111090865 temp_nat=2.5510908889089388 temperature_updates=1 total_loss=0.05219432711601257 views=2
2026-09-16 21:54:10.653 | INFO     | __main__:<module>:497 - METHOD_BATCH epoch=252 step=100 adv_kd=0.01080751046538353 awp_gamma=0.002 awp_relative_norm_max=0.0020000003278255463 clean_ce=0.27529680728912354 clean_ce_term=0.013764839619398117 consistency_term=0.000585187051910907 consistency_weight=0.5 js_raw=0.11703741550445557 lr=0.02310159114060635 nat_kd=0.0072551025077700615 pcgrad_conflicts=0 push=0.004007419571280479 push_term=0.00020037099602632225 student_updates=1 teacher_ce=0.43470248579978943 teacher_lr=8.765953142810843e-06 teacher_margin=1.5822654962539673 teacher_margin_term=0.015822654590010643 teacher_updates=1 temp_adv=1.239909111090865 temp_nat=2.5510908889089388 temperature_updates=1 total_loss=0.04843566566705704 views=2
2026-09-16 21:58:10.467 | INFO     | __main__:<module>:497 - METHOD_BATCH epoch=252 step=200 adv_kd=0.011989418417215347 awp_gamma=0.002 awp_relative_norm_max=0.0020000003278255463 clean_ce=0.23355872929096222 clean_ce_term=0.011677936650812626 consistency_term=0.0006125862128101289 consistency_weight=0.5 js_raw=0.12251724302768707 lr=0.02310159114060635 nat_kd=0.005064676515758038 pcgrad_conflicts=0 push=0.005119889508932829 push_term=0.00025599446962587535 student_updates=1 teacher_ce=0.37594074010849 teacher_lr=8.765953142810843e-06 teacher_margin=1.785627007484436 teacher_margin_term=0.01785627007484436 teacher_updates=1 temp_adv=1.239909111090865 temp_nat=2.5510908889089388 temperature_updates=1 total_loss=0.047456882894039154 views=2
2026-09-16 22:02:07.748 | INFO     | __main__:<module>:497 - METHOD_BATCH epoch=252 step=300 adv_kd=0.011727169156074524 awp_gamma=0.002 awp_relative_norm_max=0.0020000003278255463 clean_ce=0.26831644773483276 clean_ce_term=0.013415821827948093 consistency_term=0.00041392489220015705 consistency_weight=0.5 js_raw=0.0827849805355072 lr=0.02310159114060635 nat_kd=0.006441331468522549 pcgrad_conflicts=0 push=0.0038610785268247128 push_term=0.0001930539438035339 student_updates=1 teacher_ce=0.33673667907714844 teacher_lr=8.765953142810843e-06 teacher_margin=1.7462313175201416 teacher_margin_term=0.017462313175201416 teacher_updates=1 temp_adv=1.239909111090865 temp_nat=2.5510908889089388 temperature_updates=1 total_loss=0.049653612077236176 views=2
2026-09-16 22:05:43.742 | INFO     | __main__:<module>:875 - TRAIN_EPOCH_RESOURCE epoch=252 seconds=933.891807295382 peak_allocated_bytes=11589042688
2026-09-16 22:06:39.805 | INFO     | __main__:<module>:934 - student robust acc 0.2933, teacher robust acc 0.4816, nat teacher robust acc 0.4004
2026-09-16 22:07:01.554 | INFO     | __main__:<module>:1010 - student natural acc 0.6717, adv teacher natural acc 0.6127, nat teacher natural acc 0.7650
2026-09-16 22:07:01.556 | INFO     | __main__:<module>:482 - METHOD epoch=253 views=2 awp_gamma=0.002 consistency_weight=0.5
2026-09-16 22:07:01.556 | INFO     | __main__:<module>:485 - the 253th epoch 
2026-09-16 22:07:03.959 | INFO     | __main__:<module>:497 - METHOD_BATCH epoch=253 step=0 adv_kd=0.010639306157827377 awp_gamma=0.002 awp_relative_norm_max=0.0020000003278255463 clean_ce=0.28513920307159424 clean_ce_term=0.014256959781050682 consistency_term=0.00040846611955203116 consistency_weight=0.5 js_raw=0.08169322460889816 lr=0.02222537995275011 nat_kd=0.006458413787186146 pcgrad_conflicts=0 push=0.0044828495010733604 push_term=0.0002241424808744341 student_updates=1 teacher_ce=0.33546431362628937 teacher_lr=8.414540962027861e-06 teacher_margin=1.4697823524475098 teacher_margin_term=0.014697822742164135 teacher_updates=1 temp_adv=1.239909111090865 temp_nat=2.5510908889089388 temperature_updates=1 total_loss=0.0466851107776165 views=2
2026-09-16 22:11:01.405 | INFO     | __main__:<module>:497 - METHOD_BATCH epoch=253 step=100 adv_kd=0.011759293265640736 awp_gamma=0.002 awp_relative_norm_max=0.0020000003278255463 clean_ce=0.2574435770511627 clean_ce_term=0.012872179038822651 consistency_term=0.0006392539362423122 consistency_weight=0.5 js_raw=0.12785078585147858 lr=0.02222537995275011 nat_kd=0.006142121739685535 pcgrad_conflicts=0 push=0.0050448039546608925 push_term=0.000252240221016109 student_updates=1 teacher_ce=0.44437217712402344 teacher_lr=8.414540962027861e-06 teacher_margin=1.695406436920166 teacher_margin_term=0.01695406436920166 teacher_updates=1 temp_adv=1.239909111090865 temp_nat=2.5510908889089388 temperature_updates=1 total_loss=0.04861915111541748 views=2
2026-09-16 22:14:59.994 | INFO     | __main__:<module>:497 - METHOD_BATCH epoch=253 step=200 adv_kd=0.013696783222258091 awp_gamma=0.002 awp_relative_norm_max=0.0020000003278255463 clean_ce=0.25552597641944885 clean_ce_term=0.012776298448443413 consistency_term=0.0004536235937848687 consistency_weight=0.5 js_raw=0.09072472155094147 lr=0.02222537995275011 nat_kd=0.005771949887275696 pcgrad_conflicts=0 push=0.005159752443432808 push_term=0.0002579876163508743 student_updates=1 teacher_ce=0.2452821508049965 teacher_lr=8.414540962027861e-06 teacher_margin=1.9246450662612915 teacher_margin_term=0.019246451556682587 teacher_updates=1 temp_adv=1.239909111090865 temp_nat=2.5510908889089388 temperature_updates=1 total_loss=0.052203092724084854 views=2
2026-09-16 22:18:58.836 | INFO     | __main__:<module>:497 - METHOD_BATCH epoch=253 step=300 adv_kd=0.011802100576460361 awp_gamma=0.002 awp_relative_norm_max=0.0020000003278255463 clean_ce=0.29714900255203247 clean_ce_term=0.014857450500130653 consistency_term=0.00048614657134748995 consistency_weight=0.5 js_raw=0.09722931683063507 lr=0.02222537995275011 nat_kd=0.006219430826604366 pcgrad_conflicts=0 push=0.005803797394037247 push_term=0.00029018986970186234 student_updates=1 teacher_ce=0.40426455438137054 teacher_lr=8.414540962027861e-06 teacher_margin=1.7504842281341553 teacher_margin_term=0.017504842951893806 teacher_updates=1 temp_adv=1.239909111090865 temp_nat=2.5510908889089388 temperature_updates=1 total_loss=0.05116016045212746 views=2
2026-09-16 22:22:33.378 | INFO     | __main__:<module>:875 - TRAIN_EPOCH_RESOURCE epoch=253 seconds=931.8216980583966 peak_allocated_bytes=11589042688
2026-09-16 22:23:30.222 | INFO     | __main__:<module>:934 - student robust acc 0.2931, teacher robust acc 0.4800, nat teacher robust acc 0.4024
2026-09-16 22:23:51.939 | INFO     | __main__:<module>:1010 - student natural acc 0.6713, adv teacher natural acc 0.6132, nat teacher natural acc 0.7650
2026-09-16 22:23:51.940 | INFO     | __main__:<module>:482 - METHOD epoch=254 views=2 awp_gamma=0.002 consistency_weight=0.5
2026-09-16 22:23:51.940 | INFO     | __main__:<module>:485 - the 254th epoch 
2026-09-16 22:23:54.319 | INFO     | __main__:<module>:497 - METHOD_BATCH epoch=254 step=0 adv_kd=0.013065430335700512 awp_gamma=0.002 awp_relative_norm_max=0.0020000003278255463 clean_ce=0.2618388533592224 clean_ce_term=0.01309194229543209 consistency_term=0.0007072037551552057 consistency_weight=0.5 js_raw=0.141440749168396 lr=0.021361387842109093 nat_kd=0.006232906132936478 pcgrad_conflicts=0 push=0.005076766479760408 push_term=0.00025383831234648824 student_updates=1 teacher_ce=0.37401823699474335 teacher_lr=8.069686219800432e-06 teacher_margin=2.0046699047088623 teacher_margin_term=0.020046697929501534 teacher_updates=1 temp_adv=1.239909111090865 temp_nat=2.5510908889089388 temperature_updates=1 total_loss=0.0533980168402195 views=2
2026-09-16 22:27:52.833 | INFO     | __main__:<module>:497 - METHOD_BATCH epoch=254 step=100 adv_kd=0.011633191257715225 awp_gamma=0.002 awp_relative_norm_max=0.0020000003278255463 clean_ce=0.2439216524362564 clean_ce_term=0.01219608262181282 consistency_term=0.0004538825887721032 consistency_weight=0.5 js_raw=0.09077651798725128 lr=0.021361387842109093 nat_kd=0.005743368994444609 pcgrad_conflicts=0 push=0.004544768948107958 push_term=0.00022723845904693007 student_updates=1 teacher_ce=0.3052253723144531 teacher_lr=8.069686219800432e-06 teacher_margin=1.8454219102859497 teacher_margin_term=0.01845421828329563 teacher_updates=1 temp_adv=1.239909111090865 temp_nat=2.5510908889089388 temperature_updates=1 total_loss=0.0487079843878746 views=2
2026-09-16 22:32:00.335 | INFO     | __main__:<module>:497 - METHOD_BATCH epoch=254 step=200 adv_kd=0.012064843438565731 awp_gamma=0.002 awp_relative_norm_max=0.0020000003278255463 clean_ce=0.2861294150352478 clean_ce_term=0.014306471683084965 consistency_term=0.0005073604406788945 consistency_weight=0.5 js_raw=0.10147208720445633 lr=0.021361387842109093 nat_kd=0.006190504878759384 pcgrad_conflicts=0 push=0.003752518445253372 push_term=0.00018762591935228556 student_updates=1 teacher_ce=0.4945042282342911 teacher_lr=8.069686219800432e-06 teacher_margin=1.559330940246582 teacher_margin_term=0.015593308955430984 teacher_updates=1 temp_adv=1.239909111090865 temp_nat=2.5510908889089388 temperature_updates=1 total_loss=0.04885011538863182 views=2
2026-09-16 22:36:10.539 | INFO     | __main__:<module>:497 - METHOD_BATCH epoch=254 step=300 adv_kd=0.01180345006287098 awp_gamma=0.002 awp_relative_norm_max=0.0020000003278255463 clean_ce=0.2522447407245636 clean_ce_term=0.01261223666369915 consistency_term=0.0007475587772205472 consistency_weight=0.5 js_raw=0.14951175451278687 lr=0.021361387842109093 nat_kd=0.005813572555780411 pcgrad_conflicts=0 push=0.005789565853774548 push_term=0.00028947831015102565 student_updates=1 teacher_ce=0.3368496745824814 teacher_lr=8.069686219800432e-06 teacher_margin=1.8481258153915405 teacher_margin_term=0.018481258302927017 teacher_updates=1 temp_adv=1.239909111090865 temp_nat=2.5510908889089388 temperature_updates=1 total_loss=0.04974755272269249 views=2
2026-09-16 22:39:55.035 | INFO     | __main__:<module>:875 - TRAIN_EPOCH_RESOURCE epoch=254 seconds=963.0942100286484 peak_allocated_bytes=11589042688
2026-09-16 22:40:55.724 | INFO     | __main__:<module>:934 - student robust acc 0.2921, teacher robust acc 0.4805, nat teacher robust acc 0.4083
2026-09-16 22:41:18.301 | INFO     | __main__:<module>:1010 - student natural acc 0.6724, adv teacher natural acc 0.6130, nat teacher natural acc 0.7650
2026-09-16 22:41:18.303 | INFO     | __main__:<module>:482 - METHOD epoch=255 views=2 awp_gamma=0.002 consistency_weight=0.5
2026-09-16 22:41:18.303 | INFO     | __main__:<module>:485 - the 255th epoch 
2026-09-16 22:41:20.781 | INFO     | __main__:<module>:497 - METHOD_BATCH epoch=255 step=0 adv_kd=0.010435489006340504 awp_gamma=0.002 awp_relative_norm_max=0.0020000003278255463 clean_ce=0.23435518145561218 clean_ce_term=0.011717759072780609 consistency_term=0.0005530788912437856 consistency_weight=0.5 js_raw=0.11061577498912811 lr=0.020509991800446135 nat_kd=0.004921266809105873 pcgrad_conflicts=0 push=0.005711336154490709 push_term=0.00028556681354530156 student_updates=1 teacher_ce=0.30880576372146606 teacher_lr=7.731442336567935e-06 teacher_margin=1.4416334629058838 teacher_margin_term=0.01441633515059948 teacher_updates=1 temp_adv=1.239909111090865 temp_nat=2.5510908889089388 temperature_updates=1 total_loss=0.04232949763536453 views=2
2026-09-16 22:45:30.968 | INFO     | __main__:<module>:497 - METHOD_BATCH epoch=255 step=100 adv_kd=0.011567380279302597 awp_gamma=0.002 awp_relative_norm_max=0.0020000003278255463 clean_ce=0.2592460513114929 clean_ce_term=0.012962302193045616 consistency_term=0.0005804559332318604 consistency_weight=0.5 js_raw=0.11609118431806564 lr=0.020509991800446135 nat_kd=0.006824446842074394 pcgrad_conflicts=0 push=0.004317397251725197 push_term=0.00021586986258625984 student_updates=1 teacher_ce=0.4148290306329727 teacher_lr=7.731442336567935e-06 teacher_margin=1.554816484451294 teacher_margin_term=0.015548164956271648 teacher_updates=1 temp_adv=1.239909111090865 temp_nat=2.5510908889089388 temperature_updates=1 total_loss=0.047698620706796646 views=2
2026-09-16 22:49:42.787 | INFO     | __main__:<module>:497 - METHOD_BATCH epoch=255 step=200 adv_kd=0.011119958944618702 awp_gamma=0.002 awp_relative_norm_max=0.0020000003278255463 clean_ce=0.2617228925228119 clean_ce_term=0.01308614481240511 consistency_term=0.0006709216395393014 consistency_weight=0.5 js_raw=0.134184330701828 lr=0.020509991800446135 nat_kd=0.006288911681622267 pcgrad_conflicts=0 push=0.00484832189977169 push_term=0.0002424161066301167 student_updates=1 teacher_ce=0.43260134756565094 teacher_lr=7.731442336567935e-06 teacher_margin=1.6505416631698608 teacher_margin_term=0.016505416482686996 teacher_updates=1 temp_adv=1.239909111090865 temp_nat=2.5510908889089388 temperature_updates=1 total_loss=0.047913771122694016 views=2
2026-09-16 22:53:56.628 | INFO     | __main__:<module>:497 - METHOD_BATCH epoch=255 step=300 adv_kd=0.012858854606747627 awp_gamma=0.002 awp_relative_norm_max=0.0020000003278255463 clean_ce=0.2961621880531311 clean_ce_term=0.014808109030127525 consistency_term=0.0004631812043953687 consistency_weight=0.5 js_raw=0.09263624250888824 lr=0.020509991800446135 nat_kd=0.005963512696325779 pcgrad_conflicts=0 push=0.005298149771988392 push_term=0.0002649074885994196 student_updates=1 teacher_ce=0.29339011013507843 teacher_lr=7.731442336567935e-06 teacher_margin=1.8024805784225464 teacher_margin_term=0.018024805933237076 teacher_updates=1 temp_adv=1.239909111090865 temp_nat=2.5510908889089388 temperature_updates=1 total_loss=0.05238337069749832 views=2
2026-09-16 22:57:43.263 | INFO     | __main__:<module>:875 - TRAIN_EPOCH_RESOURCE epoch=255 seconds=984.959882941097 peak_allocated_bytes=11589042688
2026-09-16 22:58:47.243 | INFO     | __main__:<module>:934 - student robust acc 0.2925, teacher robust acc 0.4799, nat teacher robust acc 0.4061
2026-09-16 22:59:09.831 | INFO     | __main__:<module>:1010 - student natural acc 0.6723, adv teacher natural acc 0.6123, nat teacher natural acc 0.7650
2026-09-16 22:59:09.833 | INFO     | __main__:<module>:482 - METHOD epoch=256 views=2 awp_gamma=0.002 consistency_weight=0.5
2026-09-16 22:59:09.833 | INFO     | __main__:<module>:485 - the 256th epoch 
2026-09-16 22:59:12.357 | INFO     | __main__:<module>:497 - METHOD_BATCH epoch=256 step=0 adv_kd=0.010921891778707504 awp_gamma=0.002 awp_relative_norm_max=0.0020000003278255463 clean_ce=0.2666640281677246 clean_ce_term=0.013333202339708805 consistency_term=0.0005361783551052213 consistency_weight=0.5 js_raw=0.10723567008972168 lr=0.019671563150245056 nat_kd=0.0058548226952552795 pcgrad_conflicts=0 push=0.0037391509395092726 push_term=0.00018695754988584667 student_updates=1 teacher_ce=0.4361589252948761 teacher_lr=7.399861668878823e-06 teacher_margin=1.6027235984802246 teacher_margin_term=0.016027234494686127 teacher_updates=1 temp_adv=1.239909111090865 temp_nat=2.5510908889089388 temperature_updates=1 total_loss=0.046860288828611374 views=2
2026-09-16 23:03:22.593 | INFO     | __main__:<module>:497 - METHOD_BATCH epoch=256 step=100 adv_kd=0.011216163635253906 awp_gamma=0.002 awp_relative_norm_max=0.0020000003278255463 clean_ce=0.262437105178833 clean_ce_term=0.013121855445206165 consistency_term=0.0004158850060775876 consistency_weight=0.5 js_raw=0.08317700028419495 lr=0.019671563150245056 nat_kd=0.005672863684594631 pcgrad_conflicts=0 push=0.004804068244993687 push_term=0.00024020340060815215 student_updates=1 teacher_ce=0.34985876083374023 teacher_lr=7.399861668878823e-06 teacher_margin=1.574920654296875 teacher_margin_term=0.01574920490384102 teacher_updates=1 temp_adv=1.239909111090865 temp_nat=2.5510908889089388 temperature_updates=1 total_loss=0.04641617834568024 views=2
2026-09-16 23:07:34.327 | INFO     | __main__:<module>:497 - METHOD_BATCH epoch=256 step=200 adv_kd=0.01245088316500187 awp_gamma=0.002 awp_relative_norm_max=0.0020000003278255463 clean_ce=0.27348342537879944 clean_ce_term=0.013674171641469002 consistency_term=0.0006051685195416212 consistency_weight=0.5 js_raw=0.12103370577096939 lr=0.019671563150245056 nat_kd=0.005817188881337643 pcgrad_conflicts=0 push=0.0044103097170591354 push_term=0.00022051548876333982 student_updates=1 teacher_ce=0.32299062609672546 teacher_lr=7.399861668878823e-06 teacher_margin=1.8399487733840942 teacher_margin_term=0.018399488180875778 teacher_updates=1 temp_adv=1.239909111090865 temp_nat=2.5510908889089388 temperature_updates=1 total_loss=0.05116741359233856 views=2
2026-09-16 23:11:46.329 | INFO     | __main__:<module>:497 - METHOD_BATCH epoch=256 step=300 adv_kd=0.011633177287876606 awp_gamma=0.002 awp_relative_norm_max=0.0020000003278255463 clean_ce=0.25763124227523804 clean_ce_term=0.012881562113761902 consistency_term=0.0005402227398008108 consistency_weight=0.5 js_raw=0.10804454982280731 lr=0.019671563150245056 nat_kd=0.005671416409313679 pcgrad_conflicts=0 push=0.0038354729767888784 push_term=0.00019177365174982697 student_updates=1 teacher_ce=0.2560250610113144 teacher_lr=7.399861668878823e-06 teacher_margin=1.6477084159851074 teacher_margin_term=0.016477081924676895 teacher_updates=1 temp_adv=1.239909111090865 temp_nat=2.5510908889089388 temperature_updates=1 total_loss=0.047395236790180206 views=2
2026-09-16 23:15:32.040 | INFO     | __main__:<module>:875 - TRAIN_EPOCH_RESOURCE epoch=256 seconds=982.206460274756 peak_allocated_bytes=11589042688
2026-09-16 23:16:31.839 | INFO     | __main__:<module>:934 - student robust acc 0.2909, teacher robust acc 0.4773, nat teacher robust acc 0.4072
2026-09-16 23:16:54.322 | INFO     | __main__:<module>:1010 - student natural acc 0.6736, adv teacher natural acc 0.6126, nat teacher natural acc 0.7650
2026-09-16 23:16:54.324 | INFO     | __main__:<module>:482 - METHOD epoch=257 views=2 awp_gamma=0.002 consistency_weight=0.5
2026-09-16 23:16:54.324 | INFO     | __main__:<module>:485 - the 257th epoch 
2026-09-16 23:16:56.800 | INFO     | __main__:<module>:497 - METHOD_BATCH epoch=257 step=0 adv_kd=0.009497478604316711 awp_gamma=0.002 awp_relative_norm_max=0.0020000003278255463 clean_ce=0.2551310062408447 clean_ce_term=0.012756550684571266 consistency_term=0.00043240882223472 consistency_weight=0.5 js_raw=0.08648176491260529 lr=0.01884646738059459 nat_kd=0.005126526113599539 pcgrad_conflicts=0 push=0.0042890822514891624 push_term=0.00021445410675369203 student_updates=1 teacher_ce=0.315148264169693 teacher_lr=7.074995501145022e-06 teacher_margin=1.395359992980957 teacher_margin_term=0.013953600078821182 teacher_updates=1 temp_adv=1.239909111090865 temp_nat=2.5510908889089388 temperature_updates=1 total_loss=0.04198101907968521 views=2
2026-09-16 23:21:00.925 | INFO     | __main__:<module>:497 - METHOD_BATCH epoch=257 step=100 adv_kd=0.011799221858382225 awp_gamma=0.002 awp_relative_norm_max=0.0020000003278255463 clean_ce=0.26845329999923706 clean_ce_term=0.013422665186226368 consistency_term=0.0006029362557455897 consistency_weight=0.5 js_raw=0.12058725953102112 lr=0.01884646738059459 nat_kd=0.006331285461783409 pcgrad_conflicts=0 push=0.005140261724591255 push_term=0.00025701310369186103 student_updates=1 teacher_ce=0.38603363931179047 teacher_lr=7.074995501145022e-06 teacher_margin=1.7202394008636475 teacher_margin_term=0.01720239222049713 teacher_updates=1 temp_adv=1.239909111090865 temp_nat=2.5510908889089388 temperature_updates=1 total_loss=0.049615513533353806 views=2
2026-09-16 23:25:04.910 | INFO     | __main__:<module>:497 - METHOD_BATCH epoch=257 step=200 adv_kd=0.010895095765590668 awp_gamma=0.002 awp_relative_norm_max=0.0020000003278255463 clean_ce=0.2570294141769409 clean_ce_term=0.012851471081376076 consistency_term=0.0006515248096548021 consistency_weight=0.5 js_raw=0.1303049623966217 lr=0.01884646738059459 nat_kd=0.005694986786693335 pcgrad_conflicts=0 push=0.004745819140225649 push_term=0.00023729095119051635 student_updates=1 teacher_ce=0.3485017716884613 teacher_lr=7.074995501145022e-06 teacher_margin=1.6551872491836548 teacher_margin_term=0.016551872715353966 teacher_updates=1 temp_adv=1.239909111090865 temp_nat=2.5510908889089388 temperature_updates=1 total_loss=0.04688224196434021 views=2
2026-09-16 23:29:09.615 | INFO     | __main__:<module>:497 - METHOD_BATCH epoch=257 step=300 adv_kd=0.011204738169908524 awp_gamma=0.002 awp_relative_norm_max=0.0020000003278255463 clean_ce=0.2688913941383362 clean_ce_term=0.013444569893181324 consistency_term=0.0005870408494956791 consistency_weight=0.5 js_raw=0.11740817129611969 lr=0.01884646738059459 nat_kd=0.005863947793841362 pcgrad_conflicts=0 push=0.003880544798448682 push_term=0.000194027234101668 student_updates=1 teacher_ce=0.4179619252681732 teacher_lr=7.074995501145022e-06 teacher_margin=1.5785070657730103 teacher_margin_term=0.01578507199883461 teacher_updates=1 temp_adv=1.239909111090865 temp_nat=2.5510908889089388 temperature_updates=1 total_loss=0.04707939550280571 views=2
2026-09-16 23:32:48.308 | INFO     | __main__:<module>:875 - TRAIN_EPOCH_RESOURCE epoch=257 seconds=953.9838792681694 peak_allocated_bytes=11589042688
2026-09-16 23:33:46.397 | INFO     | __main__:<module>:934 - student robust acc 0.2904, teacher robust acc 0.4806, nat teacher robust acc 0.4090
2026-09-16 23:34:08.755 | INFO     | __main__:<module>:1010 - student natural acc 0.6714, adv teacher natural acc 0.6127, nat teacher natural acc 0.7650
2026-09-16 23:34:08.757 | INFO     | __main__:<module>:482 - METHOD epoch=258 views=2 awp_gamma=0.002 consistency_weight=0.5
2026-09-16 23:34:08.757 | INFO     | __main__:<module>:485 - the 258th epoch 
2026-09-16 23:34:11.232 | INFO     | __main__:<module>:497 - METHOD_BATCH epoch=258 step=0 adv_kd=0.011148421093821526 awp_gamma=0.002 awp_relative_norm_max=0.0020000003278255463 clean_ce=0.25713875889778137 clean_ce_term=0.012856937944889069 consistency_term=0.000538027670700103 consistency_weight=0.5 js_raw=0.10760553181171417 lr=0.018035063985707728 nat_kd=0.005994669161736965 pcgrad_conflicts=0 push=0.004810032434761524 push_term=0.0002405016275588423 student_updates=1 teacher_ce=0.4367026835680008 teacher_lr=6.756894037569858e-06 teacher_margin=1.6573899984359741 teacher_margin_term=0.016573898494243622 teacher_updates=1 temp_adv=1.239909111090865 temp_nat=2.5510908889089388 temperature_updates=1 total_loss=0.04735245928168297 views=2
2026-09-16 23:38:14.975 | INFO     | __main__:<module>:497 - METHOD_BATCH epoch=258 step=100 adv_kd=0.010657141916453838 awp_gamma=0.002 awp_relative_norm_max=0.0020000003278255463 clean_ce=0.23817896842956543 clean_ce_term=0.011908948421478271 consistency_term=0.0004353627737145871 consistency_weight=0.5 js_raw=0.08707255870103836 lr=0.018035063985707728 nat_kd=0.006007014773786068 pcgrad_conflicts=0 push=0.0049142008647322655 push_term=0.0002457100781612098 student_updates=1 teacher_ce=0.32892419397830963 teacher_lr=6.756894037569858e-06 teacher_margin=1.5350239276885986 teacher_margin_term=0.015350239351391792 teacher_updates=1 temp_adv=1.239909111090865 temp_nat=2.5510908889089388 temperature_updates=1 total_loss=0.04460441693663597 views=2
2026-09-16 23:42:19.275 | INFO     | __main__:<module>:497 - METHOD_BATCH epoch=258 step=200 adv_kd=0.012214016169309616 awp_gamma=0.002 awp_relative_norm_max=0.0020000003278255463 clean_ce=0.256857693195343 clean_ce_term=0.01284288614988327 consistency_term=0.0005064941942691803 consistency_weight=0.5 js_raw=0.10129883885383606 lr=0.018035063985707728 nat_kd=0.006681694649159908 pcgrad_conflicts=0 push=0.004705730825662613 push_term=0.00023528654128313065 student_updates=1 teacher_ce=0.40698516368865967 teacher_lr=6.756894037569858e-06 teacher_margin=1.8466013669967651 teacher_margin_term=0.01846601441502571 teacher_updates=1 temp_adv=1.239909111090865 temp_nat=2.5510908889089388 temperature_updates=1 total_loss=0.05094638839364052 views=2
2026-09-16 23:46:23.409 | INFO     | __main__:<module>:497 - METHOD_BATCH epoch=258 step=300 adv_kd=0.010854383930563927 awp_gamma=0.002 awp_relative_norm_max=0.0020000003278255463 clean_ce=0.2598486840724945 clean_ce_term=0.012992434203624725 consistency_term=0.0005928245955146849 consistency_weight=0.5 js_raw=0.1185649186372757 lr=0.018035063985707728 nat_kd=0.006190119311213493 pcgrad_conflicts=0 push=0.0042355116456747055 push_term=0.00021177557937335223 student_updates=1 teacher_ce=0.4565156400203705 teacher_lr=6.756894037569858e-06 teacher_margin=1.5679304599761963 teacher_margin_term=0.01567930355668068 teacher_updates=1 temp_adv=1.239909111090865 temp_nat=2.5510908889089388 temperature_updates=1 total_loss=0.046520840376615524 views=2
2026-09-16 23:50:02.467 | INFO     | __main__:<module>:875 - TRAIN_EPOCH_RESOURCE epoch=258 seconds=953.7096101380885 peak_allocated_bytes=11589042688
2026-09-16 23:51:00.663 | INFO     | __main__:<module>:934 - student robust acc 0.2905, teacher robust acc 0.4802, nat teacher robust acc 0.4105
2026-09-16 23:51:23.219 | INFO     | __main__:<module>:1010 - student natural acc 0.6721, adv teacher natural acc 0.6107, nat teacher natural acc 0.7650
2026-09-16 23:51:23.221 | INFO     | __main__:<module>:482 - METHOD epoch=259 views=2 awp_gamma=0.002 consistency_weight=0.5
2026-09-16 23:51:23.222 | INFO     | __main__:<module>:485 - the 259th epoch 
2026-09-16 23:51:25.698 | INFO     | __main__:<module>:497 - METHOD_BATCH epoch=259 step=0 adv_kd=0.011417394503951073 awp_gamma=0.002 awp_relative_norm_max=0.0020000003278255463 clean_ce=0.2289528250694275 clean_ce_term=0.011447641998529434 consistency_term=0.000577193102799356 consistency_weight=0.5 js_raw=0.11543862521648407 lr=0.017237706306148577 nat_kd=0.005237898789346218 pcgrad_conflicts=0 push=0.0060827462002635 push_term=0.0003041373274754733 student_updates=1 teacher_ce=0.3399958163499832 teacher_lr=6.445606394250721e-06 teacher_margin=1.8221725225448608 teacher_margin_term=0.018221724778413773 teacher_updates=1 temp_adv=1.239909111090865 temp_nat=2.5510908889089388 temperature_updates=1 total_loss=0.04720598831772804 views=2
2026-09-16 23:55:29.933 | INFO     | __main__:<module>:497 - METHOD_BATCH epoch=259 step=100 adv_kd=0.011761982925236225 awp_gamma=0.002 awp_relative_norm_max=0.0020000003278255463 clean_ce=0.25686606764793396 clean_ce_term=0.012843303382396698 consistency_term=0.000497950823046267 consistency_weight=0.5 js_raw=0.09959016740322113 lr=0.017237706306148577 nat_kd=0.005969228222966194 pcgrad_conflicts=0 push=0.0034599327482283115 push_term=0.00017299664614256471 student_updates=1 teacher_ce=0.2689877822995186 teacher_lr=6.445606394250721e-06 teacher_margin=1.673543930053711 teacher_margin_term=0.016735438257455826 teacher_updates=1 temp_adv=1.239909111090865 temp_nat=2.5510908889089388 temperature_updates=1 total_loss=0.0479809045791626 views=2
2026-09-16 23:59:33.661 | INFO     | __main__:<module>:497 - METHOD_BATCH epoch=259 step=200 adv_kd=0.010803885757923126 awp_gamma=0.002 awp_relative_norm_max=0.0020000003278255463 clean_ce=0.24603787064552307 clean_ce_term=0.012301893904805183 consistency_term=0.0004675828095059842 consistency_weight=0.5 js_raw=0.09351656585931778 lr=0.017237706306148577 nat_kd=0.005168655887246132 pcgrad_conflicts=0 push=0.004861760884523392 push_term=0.00024308805586770177 student_updates=1 teacher_ce=0.3226306736469269 teacher_lr=6.445606394250721e-06 teacher_margin=1.5065746307373047 teacher_margin_term=0.015065746381878853 teacher_updates=1 temp_adv=1.239909111090865 temp_nat=2.5510908889089388 temperature_updates=1 total_loss=0.044050853699445724 views=2
2026-09-17 00:03:38.868 | INFO     | __main__:<module>:497 - METHOD_BATCH epoch=259 step=300 adv_kd=0.010608227923512459 awp_gamma=0.002 awp_relative_norm_max=0.0020000003278255463 clean_ce=0.2710694968700409 clean_ce_term=0.01355347502976656 consistency_term=0.00041990409954451025 consistency_weight=0.5 js_raw=0.08398082107305527 lr=0.017237706306148577 nat_kd=0.006261751987040043 pcgrad_conflicts=0 push=0.004131728783249855 push_term=0.00020658645371440798 student_updates=1 teacher_ce=0.4609283208847046 teacher_lr=6.445606394250721e-06 teacher_margin=1.382505178451538 teacher_margin_term=0.013825051486492157 teacher_updates=1 temp_adv=1.239909111090865 temp_nat=2.5510908889089388 temperature_updates=1 total_loss=0.044874999672174454 views=2
2026-09-17 00:07:19.012 | INFO     | __main__:<module>:875 - TRAIN_EPOCH_RESOURCE epoch=259 seconds=955.7904429212213 peak_allocated_bytes=11589042688
2026-09-17 00:08:19.691 | INFO     | __main__:<module>:934 - student robust acc 0.2900, teacher robust acc 0.4832, nat teacher robust acc 0.4169
2026-09-17 00:08:42.413 | INFO     | __main__:<module>:1010 - student natural acc 0.6730, adv teacher natural acc 0.6138, nat teacher natural acc 0.7650
2026-09-17 00:08:42.416 | INFO     | __main__:<module>:482 - METHOD epoch=260 views=2 awp_gamma=0.002 consistency_weight=0.5
2026-09-17 00:08:42.416 | INFO     | __main__:<module>:485 - the 260th epoch 
2026-09-17 00:08:44.978 | INFO     | __main__:<module>:497 - METHOD_BATCH epoch=260 step=0 adv_kd=0.010388288646936417 awp_gamma=0.002 awp_relative_norm_max=0.0020000003278255463 clean_ce=0.2653151750564575 clean_ce_term=0.013265758752822876 consistency_term=0.00039811612805351615 consistency_weight=0.5 js_raw=0.07962322980165482 lr=0.01645474137283715 nat_kd=0.006397194229066372 pcgrad_conflicts=0 push=0.004947703331708908 push_term=0.0002473851782269776 student_updates=1 teacher_ce=0.4368697255849838 teacher_lr=6.1411805914575665e-06 teacher_margin=1.4692659378051758 teacher_margin_term=0.014692658558487892 teacher_updates=1 temp_adv=1.239909111090865 temp_nat=2.5510908889089388 temperature_updates=1 total_loss=0.04538939893245697 views=2
2026-09-17 00:12:53.211 | INFO     | __main__:<module>:497 - METHOD_BATCH epoch=260 step=100 adv_kd=0.010825083591043949 awp_gamma=0.002 awp_relative_norm_max=0.0020000003278255463 clean_ce=0.2275257110595703 clean_ce_term=0.011376285925507545 consistency_term=0.0006902790046297014 consistency_weight=0.5 js_raw=0.13805580139160156 lr=0.01645474137283715 nat_kd=0.005957535468041897 pcgrad_conflicts=0 push=0.004801251459866762 push_term=0.00024006258172448725 student_updates=1 teacher_ce=0.35423731803894043 teacher_lr=6.1411805914575665e-06 teacher_margin=1.5568246841430664 teacher_margin_term=0.015568246133625507 teacher_updates=1 temp_adv=1.239909111090865 temp_nat=2.5510908889089388 temperature_updates=1 total_loss=0.04465749114751816 views=2
2026-09-17 00:16:57.925 | INFO     | __main__:<module>:497 - METHOD_BATCH epoch=260 step=200 adv_kd=0.010315624997019768 awp_gamma=0.002 awp_relative_norm_max=0.0020000003278255463 clean_ce=0.27671095728874207 clean_ce_term=0.013835547491908073 consistency_term=0.0005492408527061343 consistency_weight=0.5 js_raw=0.10984817147254944 lr=0.01645474137283715 nat_kd=0.005648891441524029 pcgrad_conflicts=0 push=0.0035561220720410347 push_term=0.00017780609778128564 student_updates=1 teacher_ce=0.35106928646564484 teacher_lr=6.1411805914575665e-06 teacher_margin=1.393420696258545 teacher_margin_term=0.013934207148849964 teacher_updates=1 temp_adv=1.239909111090865 temp_nat=2.5510908889089388 temperature_updates=1 total_loss=0.044461317360401154 views=2
2026-09-17 00:21:02.807 | INFO     | __main__:<module>:497 - METHOD_BATCH epoch=260 step=300 adv_kd=0.011552553623914719 awp_gamma=0.002 awp_relative_norm_max=0.0020000003278255463 clean_ce=0.25792640447616577 clean_ce_term=0.012896319851279259 consistency_term=0.0005570458015426993 consistency_weight=0.5 js_raw=0.11140916496515274 lr=0.01645474137283715 nat_kd=0.006044883746653795 pcgrad_conflicts=0 push=0.004248171113431454 push_term=0.00021240857313387096 student_updates=1 teacher_ce=0.3301362246274948 teacher_lr=6.1411805914575665e-06 teacher_margin=1.6238574981689453 teacher_margin_term=0.01623857393860817 teacher_updates=1 temp_adv=1.239909111090865 temp_nat=2.5510908889089388 temperature_updates=1 total_loss=0.047501787543296814 views=2
2026-09-17 00:24:42.208 | INFO     | __main__:<module>:875 - TRAIN_EPOCH_RESOURCE epoch=260 seconds=959.7917649969459 peak_allocated_bytes=11589042688
2026-09-17 00:25:40.736 | INFO     | __main__:<module>:934 - student robust acc 0.2888, teacher robust acc 0.4816, nat teacher robust acc 0.4176
2026-09-17 00:26:03.103 | INFO     | __main__:<module>:1010 - student natural acc 0.6728, adv teacher natural acc 0.6127, nat teacher natural acc 0.7650
2026-09-17 00:26:03.106 | INFO     | __main__:<module>:482 - METHOD epoch=261 views=2 awp_gamma=0.002 consistency_weight=0.5
2026-09-17 00:26:03.106 | INFO     | __main__:<module>:485 - the 261th epoch 
2026-09-17 00:26:05.575 | INFO     | __main__:<module>:497 - METHOD_BATCH epoch=261 step=0 adv_kd=0.010538531467318535 awp_gamma=0.002 awp_relative_norm_max=0.0020000003278255463 clean_ce=0.24653667211532593 clean_ce_term=0.012326833792030811 consistency_term=0.0005277630407363176 consistency_weight=0.5 js_raw=0.10555260628461838 lr=0.01568650975390193 nat_kd=0.005063086748123169 pcgrad_conflicts=0 push=0.004648559261113405 push_term=0.00023242796305567026 student_updates=1 teacher_ce=0.3239193260669708 teacher_lr=5.8436635460888395e-06 teacher_margin=1.5230767726898193 teacher_margin_term=0.01523076742887497 teacher_updates=1 temp_adv=1.239909111090865 temp_nat=2.5510908889089388 temperature_updates=1 total_loss=0.043919406831264496 views=2
2026-09-17 00:30:10.306 | INFO     | __main__:<module>:497 - METHOD_BATCH epoch=261 step=100 adv_kd=0.010621351189911366 awp_gamma=0.002 awp_relative_norm_max=0.0020000003278255463 clean_ce=0.2382846623659134 clean_ce_term=0.011914233677089214 consistency_term=0.0005743967485614121 consistency_weight=0.5 js_raw=0.11487934738397598 lr=0.01568650975390193 nat_kd=0.005737045779824257 pcgrad_conflicts=0 push=0.004262539092451334 push_term=0.00021312695753294975 student_updates=1 teacher_ce=0.3176291435956955 teacher_lr=5.8436635460888395e-06 teacher_margin=1.566118597984314 teacher_margin_term=0.01566118560731411 teacher_updates=1 temp_adv=1.239909111090865 temp_nat=2.5510908889089388 temperature_updates=1 total_loss=0.0447213388979435 views=2
2026-09-17 00:34:15.408 | INFO     | __main__:<module>:497 - METHOD_BATCH epoch=261 step=200 adv_kd=0.011027226224541664 awp_gamma=0.002 awp_relative_norm_max=0.0020000003278255463 clean_ce=0.25380638241767883 clean_ce_term=0.012690318748354912 consistency_term=0.0006386465975083411 consistency_weight=0.5 js_raw=0.12772932648658752 lr=0.01568650975390193 nat_kd=0.00615873746573925 pcgrad_conflicts=0 push=0.003922605887055397 push_term=0.00019613030599430203 student_updates=1 teacher_ce=0.3898957520723343 teacher_lr=5.8436635460888395e-06 teacher_margin=1.6098365783691406 teacher_margin_term=0.01609836518764496 teacher_updates=1 temp_adv=1.239909111090865 temp_nat=2.5510908889089388 temperature_updates=1 total_loss=0.046809423714876175 views=2
2026-09-17 00:38:21.458 | INFO     | __main__:<module>:497 - METHOD_BATCH epoch=261 step=300 adv_kd=0.011709406971931458 awp_gamma=0.002 awp_relative_norm_max=0.0020000003278255463 clean_ce=0.25309133529663086 clean_ce_term=0.012654567137360573 consistency_term=0.0006417098338715732 consistency_weight=0.5 js_raw=0.12834197282791138 lr=0.01568650975390193 nat_kd=0.006054745987057686 pcgrad_conflicts=0 push=0.0043065850622951984 push_term=0.000215329258935526 student_updates=1 teacher_ce=0.3734244108200073 teacher_lr=5.8436635460888395e-06 teacher_margin=1.7391855716705322 teacher_margin_term=0.017391854897141457 teacher_updates=1 temp_adv=1.239909111090865 temp_nat=2.5510908889089388 temperature_updates=1 total_loss=0.04866761714220047 views=2
2026-09-17 00:42:02.332 | INFO     | __main__:<module>:875 - TRAIN_EPOCH_RESOURCE epoch=261 seconds=959.2260175049305 peak_allocated_bytes=11589042688
2026-09-17 00:43:00.968 | INFO     | __main__:<module>:934 - student robust acc 0.2874, teacher robust acc 0.4822, nat teacher robust acc 0.4162
2026-09-17 00:43:23.333 | INFO     | __main__:<module>:1010 - student natural acc 0.6732, adv teacher natural acc 0.6120, nat teacher natural acc 0.7650
2026-09-17 00:43:23.335 | INFO     | __main__:<module>:482 - METHOD epoch=262 views=2 awp_gamma=0.002 consistency_weight=0.5
2026-09-17 00:43:23.335 | INFO     | __main__:<module>:485 - the 262th epoch 
2026-09-17 00:43:25.809 | INFO     | __main__:<module>:497 - METHOD_BATCH epoch=262 step=0 adv_kd=0.010115737095475197 awp_gamma=0.002 awp_relative_norm_max=0.0020000003278255463 clean_ce=0.2794099748134613 clean_ce_term=0.01397049892693758 consistency_term=0.0005199086735956371 consistency_weight=0.5 js_raw=0.10398173332214355 lr=0.01493334540444774 nat_kd=0.00584739213809371 pcgrad_conflicts=0 push=0.00407665129750967 push_term=0.0002038325765170157 student_updates=1 teacher_ce=0.3760119080543518 teacher_lr=5.553101064305629e-06 teacher_margin=1.4117279052734375 teacher_margin_term=0.014117278158664703 teacher_updates=1 temp_adv=1.239909111090865 temp_nat=2.5510908889089388 temperature_updates=1 total_loss=0.04477464407682419 views=2
2026-09-17 00:47:30.269 | INFO     | __main__:<module>:497 - METHOD_BATCH epoch=262 step=100 adv_kd=0.010772465728223324 awp_gamma=0.002 awp_relative_norm_max=0.0020000003278255463 clean_ce=0.2620357871055603 clean_ce_term=0.013101788237690926 consistency_term=0.0004548671131487936 consistency_weight=0.5 js_raw=0.09097342193126678 lr=0.01493334540444774 nat_kd=0.00561106251552701 pcgrad_conflicts=0 push=0.005733264610171318 push_term=0.0002866632421500981 student_updates=1 teacher_ce=0.32353629171848297 teacher_lr=5.553101064305629e-06 teacher_margin=1.5172873735427856 teacher_margin_term=0.015172872692346573 teacher_updates=1 temp_adv=1.239909111090865 temp_nat=2.5510908889089388 temperature_updates=1 total_loss=0.04539971798658371 views=2
2026-09-17 00:51:34.780 | INFO     | __main__:<module>:497 - METHOD_BATCH epoch=262 step=200 adv_kd=0.011599978432059288 awp_gamma=0.002 awp_relative_norm_max=0.0020000003278255463 clean_ce=0.24281832575798035 clean_ce_term=0.012140916660428047 consistency_term=0.0005023131961934268 consistency_weight=0.5 js_raw=0.1004626452922821 lr=0.01493334540444774 nat_kd=0.005593165289610624 pcgrad_conflicts=0 push=0.003943867050111294 push_term=0.0001971933525055647 student_updates=1 teacher_ce=0.39019592106342316 teacher_lr=5.553101064305629e-06 teacher_margin=1.6734843254089355 teacher_margin_term=0.016734842211008072 teacher_updates=1 temp_adv=1.239909111090865 temp_nat=2.5510908889089388 temperature_updates=1 total_loss=0.04676841199398041 views=2
2026-09-17 00:55:40.537 | INFO     | __main__:<module>:497 - METHOD_BATCH epoch=262 step=300 adv_kd=0.010755782946944237 awp_gamma=0.002 awp_relative_norm_max=0.0020000003278255463 clean_ce=0.24449485540390015 clean_ce_term=0.012224742211401463 consistency_term=0.0005231063114479184 consistency_weight=0.5 js_raw=0.10462126135826111 lr=0.01493334540444774 nat_kd=0.005839969031512737 pcgrad_conflicts=0 push=0.003439546562731266 push_term=0.0001719773281365633 student_updates=1 teacher_ce=0.38507993519306183 teacher_lr=5.553101064305629e-06 teacher_margin=1.653573989868164 teacher_margin_term=0.016535738483071327 teacher_updates=1 temp_adv=1.239909111090865 temp_nat=2.5510908889089388 temperature_updates=1 total_loss=0.04605131596326828 views=2
2026-09-17 00:59:21.527 | INFO     | __main__:<module>:875 - TRAIN_EPOCH_RESOURCE epoch=262 seconds=958.192047059536 peak_allocated_bytes=11589042688
2026-09-17 01:00:20.436 | INFO     | __main__:<module>:934 - student robust acc 0.2871, teacher robust acc 0.4794, nat teacher robust acc 0.4186
2026-09-17 01:00:42.828 | INFO     | __main__:<module>:1010 - student natural acc 0.6743, adv teacher natural acc 0.6102, nat teacher natural acc 0.7650
2026-09-17 01:00:42.830 | INFO     | __main__:<module>:482 - METHOD epoch=263 views=2 awp_gamma=0.002 consistency_weight=0.5
2026-09-17 01:00:42.831 | INFO     | __main__:<module>:485 - the 263th epoch 
2026-09-17 01:00:45.322 | INFO     | __main__:<module>:497 - METHOD_BATCH epoch=263 step=0 adv_kd=0.010268786922097206 awp_gamma=0.002 awp_relative_norm_max=0.0020000003278255463 clean_ce=0.23149898648262024 clean_ce_term=0.011574950069189072 consistency_term=0.0004907745169475675 consistency_weight=0.5 js_raw=0.09815490245819092 lr=0.01419557551930627 nat_kd=0.004534321837127209 pcgrad_conflicts=0 push=0.006383352447301149 push_term=0.00031916762236505747 student_updates=1 teacher_ce=0.30262571573257446 teacher_lr=5.269537834345444e-06 teacher_margin=1.5619888305664062 teacher_margin_term=0.015619887039065361 teacher_updates=1 temp_adv=1.239909111090865 temp_nat=2.5510908889089388 temperature_updates=1 total_loss=0.042807888239622116 views=2
2026-09-17 01:04:51.475 | INFO     | __main__:<module>:497 - METHOD_BATCH epoch=263 step=100 adv_kd=0.009412488900125027 awp_gamma=0.002 awp_relative_norm_max=0.0020000003278255463 clean_ce=0.2645881175994873 clean_ce_term=0.01322940643876791 consistency_term=0.0005351050640456378 consistency_weight=0.5 js_raw=0.1070210188627243 lr=0.01419557551930627 nat_kd=0.005674454383552074 pcgrad_conflicts=0 push=0.0038338839076459408 push_term=0.00019169419829268008 student_updates=1 teacher_ce=0.372559517621994 teacher_lr=5.269537834345444e-06 teacher_margin=1.3054816722869873 teacher_margin_term=0.013054816983640194 teacher_updates=1 temp_adv=1.239909111090865 temp_nat=2.5510908889089388 temperature_updates=1 total_loss=0.042097967118024826 views=2
2026-09-17 01:08:53.401 | INFO     | __main__:<module>:497 - METHOD_BATCH epoch=263 step=200 adv_kd=0.009937465190887451 awp_gamma=0.002 awp_relative_norm_max=0.0020000003278255463 clean_ce=0.23072871565818787 clean_ce_term=0.011536436155438423 consistency_term=0.0005674271378666162 consistency_weight=0.5 js_raw=0.1134854331612587 lr=0.01419557551930627 nat_kd=0.006119912024587393 pcgrad_conflicts=0 push=0.004818799905478954 push_term=0.00024093998945318162 student_updates=1 teacher_ce=0.45514921844005585 teacher_lr=5.269537834345444e-06 teacher_margin=1.3892419338226318 teacher_margin_term=0.013892419636249542 teacher_updates=1 temp_adv=1.239909111090865 temp_nat=2.5510908889089388 temperature_updates=1 total_loss=0.04229459911584854 views=2
2026-09-17 01:12:53.920 | INFO     | __main__:<module>:497 - METHOD_BATCH epoch=263 step=300 adv_kd=0.00932655856013298 awp_gamma=0.002 awp_relative_norm_max=0.0020000003278255463 clean_ce=0.27049973607063293 clean_ce_term=0.013524986803531647 consistency_term=0.00041672945371828973 consistency_weight=0.5 js_raw=0.08334589004516602 lr=0.01419557551930627 nat_kd=0.005274354480206966 pcgrad_conflicts=0 push=0.005206196568906307 push_term=0.00026030984008684754 student_updates=1 teacher_ce=0.3934987336397171 teacher_lr=5.269537834345444e-06 teacher_margin=1.346100926399231 teacher_margin_term=0.013461008667945862 teacher_updates=1 temp_adv=1.239909111090865 temp_nat=2.5510908889089388 temperature_updates=1 total_loss=0.042263951152563095 views=2
2026-09-17 01:16:30.423 | INFO     | __main__:<module>:875 - TRAIN_EPOCH_RESOURCE epoch=263 seconds=947.5924047380686 peak_allocated_bytes=11589042688
2026-09-17 01:17:27.167 | INFO     | __main__:<module>:934 - student robust acc 0.2868, teacher robust acc 0.4833, nat teacher robust acc 0.4172
2026-09-17 01:17:49.068 | INFO     | __main__:<module>:1010 - student natural acc 0.6734, adv teacher natural acc 0.6120, nat teacher natural acc 0.7650
2026-09-17 01:17:49.070 | INFO     | __main__:<module>:482 - METHOD epoch=264 views=2 awp_gamma=0.002 consistency_weight=0.5
2026-09-17 01:17:49.070 | INFO     | __main__:<module>:485 - the 264th epoch 
2026-09-17 01:17:51.519 | INFO     | __main__:<module>:497 - METHOD_BATCH epoch=264 step=0 adv_kd=0.010298915207386017 awp_gamma=0.002 awp_relative_norm_max=0.0020000003278255463 clean_ce=0.24891991913318634 clean_ce_term=0.012445996515452862 consistency_term=0.0005315846065059304 consistency_weight=0.5 js_raw=0.10631692409515381 lr=0.013473520388834273 nat_kd=0.005765519104897976 pcgrad_conflicts=0 push=0.004542672075331211 push_term=0.00022713359794579446 student_updates=1 teacher_ce=0.37532728910446167 teacher_lr=4.993017419516739e-06 teacher_margin=1.5120848417282104 teacher_margin_term=0.015120848082005978 teacher_updates=1 temp_adv=1.239909111090865 temp_nat=2.5510908889089388 temperature_updates=1 total_loss=0.0443899929523468 views=2
2026-09-17 01:21:52.413 | INFO     | __main__:<module>:497 - METHOD_BATCH epoch=264 step=100 adv_kd=0.009887952357530594 awp_gamma=0.002 awp_relative_norm_max=0.0020000003278255463 clean_ce=0.26712870597839355 clean_ce_term=0.013356435112655163 consistency_term=0.0005871185567229986 consistency_weight=0.5 js_raw=0.11742371320724487 lr=0.013473520388834273 nat_kd=0.00611904775723815 pcgrad_conflicts=0 push=0.004095536191016436 push_term=0.00020477682119235396 student_updates=1 teacher_ce=0.44871853291988373 teacher_lr=4.993017419516739e-06 teacher_margin=1.4109598398208618 teacher_margin_term=0.014109598472714424 teacher_updates=1 temp_adv=1.239909111090865 temp_nat=2.5510908889089388 temperature_updates=1 total_loss=0.04426492378115654 views=2
2026-09-17 01:25:52.294 | INFO     | __main__:<module>:497 - METHOD_BATCH epoch=264 step=200 adv_kd=0.010932876728475094 awp_gamma=0.002 awp_relative_norm_max=0.0020000003278255463 clean_ce=0.24206781387329102 clean_ce_term=0.012103390879929066 consistency_term=0.0005326643586158752 consistency_weight=0.5 js_raw=0.10653287172317505 lr=0.013473520388834273 nat_kd=0.005493292585015297 pcgrad_conflicts=0 push=0.004994039423763752 push_term=0.0002497019595466554 student_updates=1 teacher_ce=0.3116263747215271 teacher_lr=4.993017419516739e-06 teacher_margin=1.5489389896392822 teacher_margin_term=0.01548939011991024 teacher_updates=1 temp_adv=1.239909111090865 temp_nat=2.5510908889089388 temperature_updates=1 total_loss=0.044801317155361176 views=2
2026-09-17 01:29:52.461 | INFO     | __main__:<module>:497 - METHOD_BATCH epoch=264 step=300 adv_kd=0.011031435802578926 awp_gamma=0.002 awp_relative_norm_max=0.0020000003278255463 clean_ce=0.23556728661060333 clean_ce_term=0.011778363958001137 consistency_term=0.0004294042300898582 consistency_weight=0.5 js_raw=0.08588084578514099 lr=0.013473520388834273 nat_kd=0.005757299717515707 pcgrad_conflicts=0 push=0.004324059002101421 push_term=0.00021620295592583716 student_updates=1 teacher_ce=0.3733186572790146 teacher_lr=4.993017419516739e-06 teacher_margin=1.580981731414795 teacher_margin_term=0.015809817239642143 teacher_updates=1 temp_adv=1.239909111090865 temp_nat=2.5510908889089388 temperature_updates=1 total_loss=0.045022524893283844 views=2
2026-09-17 01:33:28.568 | INFO     | __main__:<module>:875 - TRAIN_EPOCH_RESOURCE epoch=264 seconds=939.4977326840162 peak_allocated_bytes=11589042688
2026-09-17 01:34:25.792 | INFO     | __main__:<module>:934 - student robust acc 0.2862, teacher robust acc 0.4810, nat teacher robust acc 0.4196
2026-09-17 01:34:47.658 | INFO     | __main__:<module>:1010 - student natural acc 0.6713, adv teacher natural acc 0.6117, nat teacher natural acc 0.7650
2026-09-17 01:34:47.661 | INFO     | __main__:<module>:482 - METHOD epoch=265 views=2 awp_gamma=0.002 consistency_weight=0.5
2026-09-17 01:34:47.661 | INFO     | __main__:<module>:485 - the 265th epoch 
2026-09-17 01:34:50.092 | INFO     | __main__:<module>:497 - METHOD_BATCH epoch=265 step=0 adv_kd=0.009444884955883026 awp_gamma=0.002 awp_relative_norm_max=0.0020000003278255463 clean_ce=0.24141010642051697 clean_ce_term=0.012070504948496819 consistency_term=0.00044277982669882476 consistency_weight=0.5 js_raw=0.0885559692978859 lr=0.012767493257823852 nat_kd=0.00462009571492672 pcgrad_conflicts=0 push=0.0033359781373292208 push_term=0.00016679891268722713 student_updates=1 teacher_ce=0.31065745651721954 teacher_lr=4.723582251375188e-06 teacher_margin=1.3158094882965088 teacher_margin_term=0.013158094137907028 teacher_updates=1 temp_adv=1.239909111090865 temp_nat=2.5510908889089388 temperature_updates=1 total_loss=0.03990315645933151 views=2
2026-09-17 01:38:52.773 | INFO     | __main__:<module>:497 - METHOD_BATCH epoch=265 step=100 adv_kd=0.010104303248226643 awp_gamma=0.002 awp_relative_norm_max=0.0020000003278255463 clean_ce=0.22192904353141785 clean_ce_term=0.011096451431512833 consistency_term=0.0004665895539801568 consistency_weight=0.5 js_raw=0.093317911028862 lr=0.012767493257823852 nat_kd=0.005375692155212164 pcgrad_conflicts=0 push=0.005011684726923704 push_term=0.0002505842421669513 student_updates=1 teacher_ce=0.29003243148326874 teacher_lr=4.723582251375188e-06 teacher_margin=1.4473543167114258 teacher_margin_term=0.01447354257106781 teacher_updates=1 temp_adv=1.239909111090865 temp_nat=2.5510908889089388 temperature_updates=1 total_loss=0.04176716133952141 views=2
2026-09-17 01:42:55.307 | INFO     | __main__:<module>:497 - METHOD_BATCH epoch=265 step=200 adv_kd=0.01102170068770647 awp_gamma=0.002 awp_relative_norm_max=0.0020000003278255463 clean_ce=0.2450220286846161 clean_ce_term=0.012251101434230804 consistency_term=0.00045389411388896406 consistency_weight=0.5 js_raw=0.09077882766723633 lr=0.012767493257823852 nat_kd=0.00503504415974021 pcgrad_conflicts=0 push=0.004156461916863918 push_term=0.00020782309002242982 student_updates=1 teacher_ce=0.38924866914749146 teacher_lr=4.723582251375188e-06 teacher_margin=1.532780647277832 teacher_margin_term=0.015327805653214455 teacher_updates=1 temp_adv=1.239909111090865 temp_nat=2.5510908889089388 temperature_updates=1 total_loss=0.04429737105965614 views=2
2026-09-17 01:46:57.484 | INFO     | __main__:<module>:497 - METHOD_BATCH epoch=265 step=300 adv_kd=0.010076315142214298 awp_gamma=0.002 awp_relative_norm_max=0.0020000003278255463 clean_ce=0.2501366138458252 clean_ce_term=0.01250683143734932 consistency_term=0.000496339809615165 consistency_weight=0.5 js_raw=0.09926795959472656 lr=0.012767493257823852 nat_kd=0.006048714276403189 pcgrad_conflicts=0 push=0.004456414841115475 push_term=0.00022282074496615678 student_updates=1 teacher_ce=0.38876743614673615 teacher_lr=4.723582251375188e-06 teacher_margin=1.4928085803985596 teacher_margin_term=0.01492808572947979 teacher_updates=1 temp_adv=1.239909111090865 temp_nat=2.5510908889089388 temperature_updates=1 total_loss=0.044279105961322784 views=2
2026-09-17 01:50:35.074 | INFO     | __main__:<module>:875 - TRAIN_EPOCH_RESOURCE epoch=265 seconds=947.4124898388982 peak_allocated_bytes=11589042688
2026-09-17 01:51:32.486 | INFO     | __main__:<module>:934 - student robust acc 0.2857, teacher robust acc 0.4817, nat teacher robust acc 0.4222
2026-09-17 01:51:54.902 | INFO     | __main__:<module>:1010 - student natural acc 0.6713, adv teacher natural acc 0.6135, nat teacher natural acc 0.7650
2026-09-17 01:51:54.904 | INFO     | __main__:<module>:482 - METHOD epoch=266 views=2 awp_gamma=0.002 consistency_weight=0.5
2026-09-17 01:51:54.904 | INFO     | __main__:<module>:485 - the 266th epoch 
2026-09-17 01:51:57.346 | INFO     | __main__:<module>:497 - METHOD_BATCH epoch=266 step=0 adv_kd=0.009874769486486912 awp_gamma=0.002 awp_relative_norm_max=0.0020000003278255463 clean_ce=0.27319175004959106 clean_ce_term=0.013659588992595673 consistency_term=0.0006198536138981581 consistency_weight=0.5 js_raw=0.12397072464227676 lr=0.012077800187587227 nat_kd=0.0056624943390488625 pcgrad_conflicts=0 push=0.004940750077366829 push_term=0.00024703750386834145 student_updates=1 teacher_ce=0.46011750400066376 teacher_lr=4.46127362308281e-06 teacher_margin=1.4628740549087524 teacher_margin_term=0.014628740027546883 teacher_updates=1 temp_adv=1.239909111090865 temp_nat=2.5510908889089388 temperature_updates=1 total_loss=0.04469248279929161 views=2
2026-09-17 01:55:59.937 | INFO     | __main__:<module>:497 - METHOD_BATCH epoch=266 step=100 adv_kd=0.00977575033903122 awp_gamma=0.002 awp_relative_norm_max=0.0020000003278255463 clean_ce=0.2527995705604553 clean_ce_term=0.012639978900551796 consistency_term=0.000592580356169492 consistency_weight=0.5 js_raw=0.11851607263088226 lr=0.012077800187587227 nat_kd=0.005515534896403551 pcgrad_conflicts=0 push=0.004751475527882576 push_term=0.00023757376766297966 student_updates=1 teacher_ce=0.372580423951149 teacher_lr=4.46127362308281e-06 teacher_margin=1.4570690393447876 teacher_margin_term=0.0145706906914711 teacher_updates=1 temp_adv=1.239909111090865 temp_nat=2.5510908889089388 temperature_updates=1 total_loss=0.04333210736513138 views=2
2026-09-17 02:00:02.192 | INFO     | __main__:<module>:497 - METHOD_BATCH epoch=266 step=200 adv_kd=0.010448066517710686 awp_gamma=0.002 awp_relative_norm_max=0.0020000003278255463 clean_ce=0.2585168480873108 clean_ce_term=0.01292584277689457 consistency_term=0.0005811022128909826 consistency_weight=0.5 js_raw=0.11622044444084167 lr=0.012077800187587227 nat_kd=0.005990046076476574 pcgrad_conflicts=0 push=0.0049339826218783855 push_term=0.00024669914273545146 student_updates=1 teacher_ce=0.3977438807487488 teacher_lr=4.46127362308281e-06 teacher_margin=1.4831465482711792 teacher_margin_term=0.014831464737653732 teacher_updates=1 temp_adv=1.239909111090865 temp_nat=2.5510908889089388 temperature_updates=1 total_loss=0.04502321779727936 views=2
2026-09-17 02:04:05.670 | INFO     | __main__:<module>:497 - METHOD_BATCH epoch=266 step=300 adv_kd=0.010193005204200745 awp_gamma=0.002 awp_relative_norm_max=0.0020000003278255463 clean_ce=0.2352215051651001 clean_ce_term=0.011761074885725975 consistency_term=0.0006300805252976716 consistency_weight=0.5 js_raw=0.12601611018180847 lr=0.012077800187587227 nat_kd=0.0055587077513337135 pcgrad_conflicts=0 push=0.004188909661024809 push_term=0.00020944548305124044 student_updates=1 teacher_ce=0.3211863785982132 teacher_lr=4.46127362308281e-06 teacher_margin=1.5690265893936157 teacher_margin_term=0.015690265223383904 teacher_updates=1 temp_adv=1.239909111090865 temp_nat=2.5510908889089388 temperature_updates=1 total_loss=0.04404257982969284 views=2
2026-09-17 02:07:44.179 | INFO     | __main__:<module>:875 - TRAIN_EPOCH_RESOURCE epoch=266 seconds=949.2747894190252 peak_allocated_bytes=11589042688
2026-09-17 02:08:42.042 | INFO     | __main__:<module>:934 - student robust acc 0.2850, teacher robust acc 0.4818, nat teacher robust acc 0.4285
2026-09-17 02:09:03.982 | INFO     | __main__:<module>:1010 - student natural acc 0.6707, adv teacher natural acc 0.6098, nat teacher natural acc 0.7650
2026-09-17 02:09:03.984 | INFO     | __main__:<module>:482 - METHOD epoch=267 views=2 awp_gamma=0.002 consistency_weight=0.5
2026-09-17 02:09:03.984 | INFO     | __main__:<module>:485 - the 267th epoch 
2026-09-17 02:09:06.432 | INFO     | __main__:<module>:497 - METHOD_BATCH epoch=267 step=0 adv_kd=0.010106164030730724 awp_gamma=0.002 awp_relative_norm_max=0.0020000003278255463 clean_ce=0.2266004979610443 clean_ce_term=0.011330025270581245 consistency_term=0.0005730681004934013 consistency_weight=0.5 js_raw=0.1146136224269867 lr=0.011404739921277048 nat_kd=0.0048507871106266975 pcgrad_conflicts=0 push=0.003928523510694504 push_term=0.0001964261755347252 student_updates=1 teacher_ce=0.3252882659435272 teacher_lr=4.2061316829511585e-06 teacher_margin=1.36006498336792 teacher_margin_term=0.013600649312138557 teacher_updates=1 temp_adv=1.239909111090865 temp_nat=2.5510908889089388 temperature_updates=1 total_loss=0.040657125413417816 views=2
2026-09-17 02:13:09.095 | INFO     | __main__:<module>:497 - METHOD_BATCH epoch=267 step=100 adv_kd=0.009319111704826355 awp_gamma=0.002 awp_relative_norm_max=0.0020000003278255463 clean_ce=0.22373172640800476 clean_ce_term=0.011186586692929268 consistency_term=0.00044258718844503164 consistency_weight=0.5 js_raw=0.0885174423456192 lr=0.011404739921277048 nat_kd=0.005292258225381374 pcgrad_conflicts=0 push=0.004191577434539795 push_term=0.00020957886590622365 student_updates=1 teacher_ce=0.35105669498443604 teacher_lr=4.2061316829511585e-06 teacher_margin=1.3110498189926147 teacher_margin_term=0.01311049796640873 teacher_updates=1 temp_adv=1.239909111090865 temp_nat=2.5510908889089388 temperature_updates=1 total_loss=0.03956061974167824 views=2
2026-09-17 02:17:10.824 | INFO     | __main__:<module>:497 - METHOD_BATCH epoch=267 step=200 adv_kd=0.011308887973427773 awp_gamma=0.002 awp_relative_norm_max=0.0020000003278255463 clean_ce=0.23009571433067322 clean_ce_term=0.01150478608906269 consistency_term=0.0006177350878715515 consistency_weight=0.5 js_raw=0.1235470250248909 lr=0.011404739921277048 nat_kd=0.005367677193135023 pcgrad_conflicts=0 push=0.00412419717758894 push_term=0.00020620986470021307 student_updates=1 teacher_ce=0.37950973212718964 teacher_lr=4.2061316829511585e-06 teacher_margin=1.6418144702911377 teacher_margin_term=0.01641814410686493 teacher_updates=1 temp_adv=1.239909111090865 temp_nat=2.5510908889089388 temperature_updates=1 total_loss=0.045423440635204315 views=2
2026-09-17 02:21:15.101 | INFO     | __main__:<module>:497 - METHOD_BATCH epoch=267 step=300 adv_kd=0.010516669601202011 awp_gamma=0.002 awp_relative_norm_max=0.0020000003278255463 clean_ce=0.2822520136833191 clean_ce_term=0.01411260012537241 consistency_term=0.0006075650453567505 consistency_weight=0.5 js_raw=0.1215130090713501 lr=0.011404739921277048 nat_kd=0.005707832518965006 pcgrad_conflicts=0 push=0.004172011278569698 push_term=0.000208600569749251 student_updates=1 teacher_ce=0.3348821997642517 teacher_lr=4.2061316829511585e-06 teacher_margin=1.5374616384506226 teacher_margin_term=0.015374615788459778 teacher_updates=1 temp_adv=1.239909111090865 temp_nat=2.5510908889089388 temperature_updates=1 total_loss=0.046527884900569916 views=2
2026-09-17 02:24:52.333 | INFO     | __main__:<module>:875 - TRAIN_EPOCH_RESOURCE epoch=267 seconds=948.3482866249979 peak_allocated_bytes=11589042688
2026-09-17 02:25:50.432 | INFO     | __main__:<module>:934 - student robust acc 0.2833, teacher robust acc 0.4842, nat teacher robust acc 0.4258
2026-09-17 02:26:12.071 | INFO     | __main__:<module>:1010 - student natural acc 0.6703, adv teacher natural acc 0.6115, nat teacher natural acc 0.7650
2026-09-17 02:26:12.073 | INFO     | __main__:<module>:482 - METHOD epoch=268 views=2 awp_gamma=0.002 consistency_weight=0.5
2026-09-17 02:26:12.073 | INFO     | __main__:<module>:485 - the 268th epoch 
2026-09-17 02:26:14.526 | INFO     | __main__:<module>:497 - METHOD_BATCH epoch=268 step=0 adv_kd=0.009416290558874607 awp_gamma=0.002 awp_relative_norm_max=0.0020000003278255463 clean_ce=0.23782795667648315 clean_ce_term=0.011891397647559643 consistency_term=0.0004959201905876398 consistency_weight=0.5 js_raw=0.09918403625488281 lr=0.010748603752502549 nat_kd=0.004925647750496864 pcgrad_conflicts=0 push=0.0035434113815426826 push_term=0.00017717057198751718 student_updates=1 teacher_ce=0.28638070821762085 teacher_lr=3.958195428169344e-06 teacher_margin=1.2946667671203613 teacher_margin_term=0.012946667149662971 teacher_updates=1 temp_adv=1.239909111090865 temp_nat=2.5510908889089388 temperature_updates=1 total_loss=0.03985309600830078 views=2
2026-09-17 02:30:18.686 | INFO     | __main__:<module>:497 - METHOD_BATCH epoch=268 step=100 adv_kd=0.009394796565175056 awp_gamma=0.002 awp_relative_norm_max=0.0020000003278255463 clean_ce=0.23036232590675354 clean_ce_term=0.011518117040395737 consistency_term=0.00045724332449026406 consistency_weight=0.5 js_raw=0.09144866466522217 lr=0.010748603752502549 nat_kd=0.005485487170517445 pcgrad_conflicts=0 push=0.0030581082683056593 push_term=0.00015290541341528296 student_updates=1 teacher_ce=0.4698568731546402 teacher_lr=3.958195428169344e-06 teacher_margin=1.2226603031158447 teacher_margin_term=0.01222660206258297 teacher_updates=1 temp_adv=1.239909111090865 temp_nat=2.5510908889089388 temperature_updates=1 total_loss=0.039235152304172516 views=2
2026-09-17 02:34:23.378 | INFO     | __main__:<module>:497 - METHOD_BATCH epoch=268 step=200 adv_kd=0.009066682308912277 awp_gamma=0.002 awp_relative_norm_max=0.0020000003278255463 clean_ce=0.22723352909088135 clean_ce_term=0.011361677199602127 consistency_term=0.0005749752162955701 consistency_weight=0.5 js_raw=0.11499504745006561 lr=0.010748603752502549 nat_kd=0.006198439747095108 pcgrad_conflicts=0 push=0.004549822770059109 push_term=0.00022749113850295544 student_updates=1 teacher_ce=0.46360793709754944 teacher_lr=3.958195428169344e-06 teacher_margin=1.2203929424285889 teacher_margin_term=0.012203928083181381 teacher_updates=1 temp_adv=1.239909111090865 temp_nat=2.5510908889089388 temperature_updates=1 total_loss=0.039633192121982574 views=2
2026-09-17 02:38:28.171 | INFO     | __main__:<module>:497 - METHOD_BATCH epoch=268 step=300 adv_kd=0.010782912373542786 awp_gamma=0.002 awp_relative_norm_max=0.0020000003278255463 clean_ce=0.24807706475257874 clean_ce_term=0.012403853237628937 consistency_term=0.0005485561559908092 consistency_weight=0.5 js_raw=0.10971122980117798 lr=0.010748603752502549 nat_kd=0.00584664661437273 pcgrad_conflicts=0 push=0.005122077185660601 push_term=0.0002561038709245622 student_updates=1 teacher_ce=0.44724369049072266 teacher_lr=3.958195428169344e-06 teacher_margin=1.5541436672210693 teacher_margin_term=0.015541436150670052 teacher_updates=1 temp_adv=1.239909111090865 temp_nat=2.5510908889089388 temperature_updates=1 total_loss=0.04537951201200485 views=2
2026-09-17 02:42:07.532 | INFO     | __main__:<module>:875 - TRAIN_EPOCH_RESOURCE epoch=268 seconds=955.45886734128 peak_allocated_bytes=11589042688
2026-09-17 02:43:05.825 | INFO     | __main__:<module>:934 - student robust acc 0.2813, teacher robust acc 0.4833, nat teacher robust acc 0.4295
2026-09-17 02:43:27.490 | INFO     | __main__:<module>:1010 - student natural acc 0.6708, adv teacher natural acc 0.6113, nat teacher natural acc 0.7650
2026-09-17 02:43:27.493 | INFO     | __main__:<module>:482 - METHOD epoch=269 views=2 awp_gamma=0.002 consistency_weight=0.5
2026-09-17 02:43:27.493 | INFO     | __main__:<module>:485 - the 269th epoch 
2026-09-17 02:43:29.944 | INFO     | __main__:<module>:497 - METHOD_BATCH epoch=269 step=0 adv_kd=0.009404920041561127 awp_gamma=0.002 awp_relative_norm_max=0.0020000003278255463 clean_ce=0.22476041316986084 clean_ce_term=0.011238020844757557 consistency_term=0.0005394799518398941 consistency_weight=0.5 js_raw=0.10789599269628525 lr=0.010109675397299088 nat_kd=0.004959245212376118 pcgrad_conflicts=0 push=0.004080474376678467 push_term=0.00020402373047545552 student_updates=1 teacher_ce=0.3628970980644226 teacher_lr=3.7175026987180004e-06 teacher_margin=1.3565349578857422 teacher_margin_term=0.013565348461270332 teacher_updates=1 temp_adv=1.239909111090865 temp_nat=2.5510908889089388 temperature_updates=1 total_loss=0.03991103917360306 views=2
2026-09-17 02:47:33.316 | INFO     | __main__:<module>:497 - METHOD_BATCH epoch=269 step=100 adv_kd=0.01054590567946434 awp_gamma=0.002 awp_relative_norm_max=0.0020000003278255463 clean_ce=0.2442663311958313 clean_ce_term=0.012213317677378654 consistency_term=0.0004939519567415118 consistency_weight=0.5 js_raw=0.09879039227962494 lr=0.010109675397299088 nat_kd=0.005257589742541313 pcgrad_conflicts=0 push=0.004480560310184956 push_term=0.00022402801550924778 student_updates=1 teacher_ce=0.39099906384944916 teacher_lr=3.7175026987180004e-06 teacher_margin=1.6523922681808472 teacher_margin_term=0.016523923724889755 teacher_updates=1 temp_adv=1.239909111090865 temp_nat=2.5510908889089388 temperature_updates=1 total_loss=0.045258715748786926 views=2
2026-09-17 02:51:36.663 | INFO     | __main__:<module>:497 - METHOD_BATCH epoch=269 step=200 adv_kd=0.010286219418048859 awp_gamma=0.002 awp_relative_norm_max=0.0020000003278255463 clean_ce=0.21060733497142792 clean_ce_term=0.010530367493629456 consistency_term=0.0005297847674228251 consistency_weight=0.5 js_raw=0.10595695674419403 lr=0.010109675397299088 nat_kd=0.005386053584516048 pcgrad_conflicts=0 push=0.0034720059484243393 push_term=0.00017360030324198306 student_updates=1 teacher_ce=0.37036459147930145 teacher_lr=3.7175026987180004e-06 teacher_margin=1.4848732948303223 teacher_margin_term=0.014848731458187103 teacher_updates=1 temp_adv=1.239909111090865 temp_nat=2.5510908889089388 temperature_updates=1 total_loss=0.04175475612282753 views=2
2026-09-17 02:55:40.959 | INFO     | __main__:<module>:497 - METHOD_BATCH epoch=269 step=300 adv_kd=0.010666624642908573 awp_gamma=0.002 awp_relative_norm_max=0.0020000003278255463 clean_ce=0.2580912113189697 clean_ce_term=0.012904560193419456 consistency_term=0.0005690106190741062 consistency_weight=0.5 js_raw=0.11380212754011154 lr=0.010109675397299088 nat_kd=0.0059120627120137215 pcgrad_conflicts=0 push=0.004715990740805864 push_term=0.00023579953995067626 student_updates=1 teacher_ce=0.3381253033876419 teacher_lr=3.7175026987180004e-06 teacher_margin=1.5846140384674072 teacher_margin_term=0.015846140682697296 teacher_updates=1 temp_adv=1.239909111090865 temp_nat=2.5510908889089388 temperature_updates=1 total_loss=0.04613419994711876 views=2
2026-09-17 02:59:20.763 | INFO     | __main__:<module>:875 - TRAIN_EPOCH_RESOURCE epoch=269 seconds=953.2695205844939 peak_allocated_bytes=11589042688
2026-09-17 03:00:18.719 | INFO     | __main__:<module>:934 - student robust acc 0.2804, teacher robust acc 0.4813, nat teacher robust acc 0.4276
2026-09-17 03:00:40.384 | INFO     | __main__:<module>:1010 - student natural acc 0.6701, adv teacher natural acc 0.6104, nat teacher natural acc 0.7650
2026-09-17 03:00:40.386 | INFO     | __main__:<module>:482 - METHOD epoch=270 views=2 awp_gamma=0.002 consistency_weight=0.5
2026-09-17 03:00:40.387 | INFO     | __main__:<module>:485 - the 270th epoch 
2026-09-17 03:00:42.857 | INFO     | __main__:<module>:497 - METHOD_BATCH epoch=270 step=0 adv_kd=0.00959930568933487 awp_gamma=0.002 awp_relative_norm_max=0.0020000003278255463 clean_ce=0.24151773750782013 clean_ce_term=0.012075887061655521 consistency_term=0.00059737847186625 consistency_weight=0.5 js_raw=0.11947569996118546 lr=0.00948823086950831 nat_kd=0.0055843680165708065 pcgrad_conflicts=0 push=0.0033163256011903286 push_term=0.00016581628005951643 student_updates=1 teacher_ce=0.47281111776828766 teacher_lr=3.484090171470234e-06 teacher_margin=1.2501492500305176 teacher_margin_term=0.012501492165029049 teacher_updates=1 temp_adv=1.239909111090865 temp_nat=2.5510908889089388 temperature_updates=1 total_loss=0.04052425175905228 views=2
2026-09-17 03:04:46.394 | INFO     | __main__:<module>:497 - METHOD_BATCH epoch=270 step=100 adv_kd=0.009768693707883358 awp_gamma=0.002 awp_relative_norm_max=0.0020000003278255463 clean_ce=0.2279709130525589 clean_ce_term=0.011398546397686005 consistency_term=0.0005362789379432797 consistency_weight=0.5 js_raw=0.10725578665733337 lr=0.00948823086950831 nat_kd=0.005367301404476166 pcgrad_conflicts=0 push=0.00425952672958374 push_term=0.00021297633065842092 student_updates=1 teacher_ce=0.330595999956131 teacher_lr=3.484090171470234e-06 teacher_margin=1.3838095664978027 teacher_margin_term=0.013838095590472221 teacher_updates=1 temp_adv=1.239909111090865 temp_nat=2.5510908889089388 temperature_updates=1 total_loss=0.041121892631053925 views=2
2026-09-17 03:08:50.628 | INFO     | __main__:<module>:497 - METHOD_BATCH epoch=270 step=200 adv_kd=0.010327793657779694 awp_gamma=0.002 awp_relative_norm_max=0.0020000003278255463 clean_ce=0.2254684567451477 clean_ce_term=0.011273423209786415 consistency_term=0.0005393948522396386 consistency_weight=0.5 js_raw=0.10787896811962128 lr=0.00948823086950831 nat_kd=0.005849371664226055 pcgrad_conflicts=0 push=0.004817070905119181 push_term=0.00024085355107672513 student_updates=1 teacher_ce=0.3908356726169586 teacher_lr=3.484090171470234e-06 teacher_margin=1.4557987451553345 teacher_margin_term=0.014557987451553345 teacher_updates=1 temp_adv=1.239909111090865 temp_nat=2.5510908889089388 temperature_updates=1 total_loss=0.042788825929164886 views=2
2026-09-17 03:12:54.747 | INFO     | __main__:<module>:497 - METHOD_BATCH epoch=270 step=300 adv_kd=0.00992506556212902 awp_gamma=0.002 awp_relative_norm_max=0.0020000003278255463 clean_ce=0.21410922706127167 clean_ce_term=0.010705461725592613 consistency_term=0.00043625960825011134 consistency_weight=0.5 js_raw=0.0872519239783287 lr=0.00948823086950831 nat_kd=0.004958197474479675 pcgrad_conflicts=0 push=0.0036976314149796963 push_term=0.00018488157365936786 student_updates=1 teacher_ce=0.2987395375967026 teacher_lr=3.484090171470234e-06 teacher_margin=1.4135329723358154 teacher_margin_term=0.0141353290528059 teacher_updates=1 temp_adv=1.239909111090865 temp_nat=2.5510908889089388 temperature_updates=1 total_loss=0.040345195680856705 views=2
2026-09-17 03:16:33.713 | INFO     | __main__:<module>:875 - TRAIN_EPOCH_RESOURCE epoch=270 seconds=953.3263023532927 peak_allocated_bytes=11589042688
2026-09-17 03:17:31.603 | INFO     | __main__:<module>:934 - student robust acc 0.2804, teacher robust acc 0.4849, nat teacher robust acc 0.4300
2026-09-17 03:17:53.544 | INFO     | __main__:<module>:1010 - student natural acc 0.6699, adv teacher natural acc 0.6117, nat teacher natural acc 0.7650
2026-09-17 03:17:53.546 | INFO     | __main__:<module>:482 - METHOD epoch=271 views=2 awp_gamma=0.002 consistency_weight=0.5
2026-09-17 03:17:53.546 | INFO     | __main__:<module>:485 - the 271th epoch 
2026-09-17 03:17:56.016 | INFO     | __main__:<module>:497 - METHOD_BATCH epoch=271 step=0 adv_kd=0.009528063237667084 awp_gamma=0.002 awp_relative_norm_max=0.0020000003278255463 clean_ce=0.21703983843326569 clean_ce_term=0.010851992294192314 consistency_term=0.0005728441174142063 consistency_weight=0.5 js_raw=0.11456882953643799 lr=0.008884538359623795 nat_kd=0.004884081892669201 pcgrad_conflicts=0 push=0.004760634619742632 push_term=0.0002380317309871316 student_updates=1 teacher_ce=0.36120136082172394 teacher_lr=3.2579933544802887e-06 teacher_margin=1.41410231590271 teacher_margin_term=0.014141022227704525 teacher_updates=1 temp_adv=1.239909111090865 temp_nat=2.5510908889089388 temperature_updates=1 total_loss=0.04021603614091873 views=2
2026-09-17 03:22:00.150 | INFO     | __main__:<module>:497 - METHOD_BATCH epoch=271 step=100 adv_kd=0.009385261684656143 awp_gamma=0.002 awp_relative_norm_max=0.0020000003278255463 clean_ce=0.2304994761943817 clean_ce_term=0.011524973437190056 consistency_term=0.0005866879364475608 consistency_weight=0.5 js_raw=0.11733758449554443 lr=0.008884538359623795 nat_kd=0.004815259948372841 pcgrad_conflicts=0 push=0.0037689260207116604 push_term=0.0001884463126771152 student_updates=1 teacher_ce=0.4009707272052765 teacher_lr=3.2579933544802887e-06 teacher_margin=1.327356219291687 teacher_margin_term=0.013273561373353004 teacher_updates=1 temp_adv=1.239909111090865 temp_nat=2.5510908889089388 temperature_updates=1 total_loss=0.03977419435977936 views=2
2026-09-17 03:26:04.265 | INFO     | __main__:<module>:497 - METHOD_BATCH epoch=271 step=200 adv_kd=0.008466249331831932 awp_gamma=0.002 awp_relative_norm_max=0.0020000003278255463 clean_ce=0.21167588233947754 clean_ce_term=0.010583794675767422 consistency_term=0.0005659156013280153 consistency_weight=0.5 js_raw=0.11318312585353851 lr=0.008884538359623795 nat_kd=0.004830528050661087 pcgrad_conflicts=0 push=0.004483749158680439 push_term=0.00022418744629248977 student_updates=1 teacher_ce=0.33879488706588745 teacher_lr=3.2579933544802887e-06 teacher_margin=1.239902377128601 teacher_margin_term=0.012399023398756981 teacher_updates=1 temp_adv=1.239909111090865 temp_nat=2.5510908889089388 temperature_updates=1 total_loss=0.03706970065832138 views=2
2026-09-17 03:30:08.266 | INFO     | __main__:<module>:497 - METHOD_BATCH epoch=271 step=300 adv_kd=0.009963929653167725 awp_gamma=0.002 awp_relative_norm_max=0.0020000003278255463 clean_ce=0.21463143825531006 clean_ce_term=0.010731572285294533 consistency_term=0.0005001978133805096 consistency_weight=0.5 js_raw=0.10003956407308578 lr=0.008884538359623795 nat_kd=0.00559993926435709 pcgrad_conflicts=0 push=0.005416932515799999 push_term=0.00027084664907306433 student_updates=1 teacher_ce=0.4033840000629425 teacher_lr=3.2579933544802887e-06 teacher_margin=1.3877136707305908 teacher_margin_term=0.013877136632800102 teacher_updates=1 temp_adv=1.239909111090865 temp_nat=2.5510908889089388 temperature_updates=1 total_loss=0.04094362631440163 views=2
2026-09-17 03:33:48.290 | INFO     | __main__:<module>:875 - TRAIN_EPOCH_RESOURCE epoch=271 seconds=954.7432514205575 peak_allocated_bytes=11589042688
2026-09-17 03:34:46.295 | INFO     | __main__:<module>:934 - student robust acc 0.2786, teacher robust acc 0.4824, nat teacher robust acc 0.4346
2026-09-17 03:35:08.083 | INFO     | __main__:<module>:1010 - student natural acc 0.6707, adv teacher natural acc 0.6133, nat teacher natural acc 0.7650
2026-09-17 03:35:08.085 | INFO     | __main__:<module>:482 - METHOD epoch=272 views=2 awp_gamma=0.002 consistency_weight=0.5
2026-09-17 03:35:08.085 | INFO     | __main__:<module>:485 - the 272th epoch 
2026-09-17 03:35:10.550 | INFO     | __main__:<module>:497 - METHOD_BATCH epoch=272 step=0 adv_kd=0.008531410247087479 awp_gamma=0.002 awp_relative_norm_max=0.0020000003278255463 clean_ce=0.2301899790763855 clean_ce_term=0.01150949951261282 consistency_term=0.0005713907303288579 consistency_weight=0.5 js_raw=0.1142781525850296 lr=0.008298858117155928 nat_kd=0.005235374439507723 pcgrad_conflicts=0 push=0.004540846683084965 push_term=0.00022704232833348215 student_updates=1 teacher_ce=0.3501008003950119 teacher_lr=3.0392465814609692e-06 teacher_margin=1.2494823932647705 teacher_margin_term=0.012494822964072227 teacher_updates=1 temp_adv=1.239909111090865 temp_nat=2.5510908889089388 temperature_updates=1 total_loss=0.03856953978538513 views=2
2026-09-17 03:39:15.232 | INFO     | __main__:<module>:497 - METHOD_BATCH epoch=272 step=100 adv_kd=0.009814348071813583 awp_gamma=0.002 awp_relative_norm_max=0.0020000003278255463 clean_ce=0.23610588908195496 clean_ce_term=0.011805294081568718 consistency_term=0.0005071279010735452 consistency_weight=0.5 js_raw=0.10142558813095093 lr=0.008298858117155928 nat_kd=0.005126859061419964 pcgrad_conflicts=0 push=0.00401174696162343 push_term=0.0002005873539019376 student_updates=1 teacher_ce=0.3881761282682419 teacher_lr=3.0392465814609692e-06 teacher_margin=1.3599185943603516 teacher_margin_term=0.013599186204373837 teacher_updates=1 temp_adv=1.239909111090865 temp_nat=2.5510908889089388 temperature_updates=1 total_loss=0.0410534031689167 views=2
2026-09-17 03:43:20.456 | INFO     | __main__:<module>:497 - METHOD_BATCH epoch=272 step=200 adv_kd=0.009363807737827301 awp_gamma=0.002 awp_relative_norm_max=0.0020000003278255463 clean_ce=0.22568544745445251 clean_ce_term=0.01128427218645811 consistency_term=0.000670816283673048 consistency_weight=0.5 js_raw=0.1341632604598999 lr=0.008298858117155928 nat_kd=0.005470822099596262 pcgrad_conflicts=0 push=0.0033559701405465603 push_term=0.0001677985128480941 student_updates=1 teacher_ce=0.456037238240242 teacher_lr=3.0392465814609692e-06 teacher_margin=1.3492573499679565 teacher_margin_term=0.01349257305264473 teacher_updates=1 temp_adv=1.239909111090865 temp_nat=2.5510908889089388 temperature_updates=1 total_loss=0.0404500886797905 views=2
2026-09-17 03:47:25.592 | INFO     | __main__:<module>:497 - METHOD_BATCH epoch=272 step=300 adv_kd=0.00965479388833046 awp_gamma=0.002 awp_relative_norm_max=0.0020000003278255463 clean_ce=0.21780148148536682 clean_ce_term=0.010890074074268341 consistency_term=0.0005846775020472705 consistency_weight=0.5 js_raw=0.11693550646305084 lr=0.008298858117155928 nat_kd=0.005912133492529392 pcgrad_conflicts=0 push=0.004736282397061586 push_term=0.00023681411403231323 student_updates=1 teacher_ce=0.43074025213718414 teacher_lr=3.0392465814609692e-06 teacher_margin=1.392187237739563 teacher_margin_term=0.013921871781349182 teacher_updates=1 temp_adv=1.239909111090865 temp_nat=2.5510908889089388 temperature_updates=1 total_loss=0.041200362145900726 views=2
2026-09-17 03:51:05.030 | INFO     | __main__:<module>:875 - TRAIN_EPOCH_RESOURCE epoch=272 seconds=956.9450216442347 peak_allocated_bytes=11589042688
2026-09-17 03:52:03.013 | INFO     | __main__:<module>:934 - student robust acc 0.2776, teacher robust acc 0.4854, nat teacher robust acc 0.4374
2026-09-17 03:52:24.724 | INFO     | __main__:<module>:1010 - student natural acc 0.6703, adv teacher natural acc 0.6116, nat teacher natural acc 0.7650
2026-09-17 03:52:24.726 | INFO     | __main__:<module>:482 - METHOD epoch=273 views=2 awp_gamma=0.002 consistency_weight=0.5
2026-09-17 03:52:24.726 | INFO     | __main__:<module>:485 - the 273th epoch 
2026-09-17 03:52:27.177 | INFO     | __main__:<module>:497 - METHOD_BATCH epoch=273 step=0 adv_kd=0.008959236554801464 awp_gamma=0.002 awp_relative_norm_max=0.0020000003278255463 clean_ce=0.2640198767185211 clean_ce_term=0.013200993649661541 consistency_term=0.0005117388791404665 consistency_weight=0.5 js_raw=0.10234777629375458 lr=0.007731442336567935 nat_kd=0.0058480529114604 pcgrad_conflicts=0 push=0.002956308890134096 push_term=0.0001478154445067048 student_updates=1 teacher_ce=0.3982221335172653 teacher_lr=2.8278830064506703e-06 teacher_margin=1.2921066284179688 teacher_margin_term=0.012921066023409367 teacher_updates=1 temp_adv=1.239909111090865 temp_nat=2.5510908889089388 temperature_updates=1 total_loss=0.04158890247344971 views=2
2026-09-17 03:56:30.952 | INFO     | __main__:<module>:497 - METHOD_BATCH epoch=273 step=100 adv_kd=0.010137613862752914 awp_gamma=0.002 awp_relative_norm_max=0.0020000003278255463 clean_ce=0.2384936511516571 clean_ce_term=0.0119246831163764 consistency_term=0.0005828110734000802 consistency_weight=0.5 js_raw=0.11656221747398376 lr=0.007731442336567935 nat_kd=0.004746758379042149 pcgrad_conflicts=0 push=0.003977225162088871 push_term=0.00019886126392520964 student_updates=1 teacher_ce=0.3784983307123184 teacher_lr=2.8278830064506703e-06 teacher_margin=1.4168119430541992 teacher_margin_term=0.014168119058012962 teacher_updates=1 temp_adv=1.239909111090865 temp_nat=2.5510908889089388 temperature_updates=1 total_loss=0.04175884649157524 views=2
2026-09-17 04:00:35.526 | INFO     | __main__:<module>:497 - METHOD_BATCH epoch=273 step=200 adv_kd=0.009196806699037552 awp_gamma=0.002 awp_relative_norm_max=0.0020000003278255463 clean_ce=0.23535439372062683 clean_ce_term=0.011767720803618431 consistency_term=0.0006191105931065977 consistency_weight=0.5 js_raw=0.12382212281227112 lr=0.007731442336567935 nat_kd=0.005172119941562414 pcgrad_conflicts=0 push=0.004367905203253031 push_term=0.00021839526016265154 student_updates=1 teacher_ce=0.3743166923522949 teacher_lr=2.8278830064506703e-06 teacher_margin=1.3435052633285522 teacher_margin_term=0.013435052707791328 teacher_updates=1 temp_adv=1.239909111090865 temp_nat=2.5510908889089388 temperature_updates=1 total_loss=0.04040920361876488 views=2
2026-09-17 04:04:40.115 | INFO     | __main__:<module>:497 - METHOD_BATCH epoch=273 step=300 adv_kd=0.009660137817263603 awp_gamma=0.002 awp_relative_norm_max=0.0020000003278255463 clean_ce=0.2220597118139267 clean_ce_term=0.011102985590696335 consistency_term=0.0006023208261467516 consistency_weight=0.5 js_raw=0.12046416848897934 lr=0.007731442336567935 nat_kd=0.0055923741310834885 pcgrad_conflicts=0 push=0.003908687271177769 push_term=0.00019543437520042062 student_updates=1 teacher_ce=0.34453774988651276 teacher_lr=2.8278830064506703e-06 teacher_margin=1.470349907875061 teacher_margin_term=0.014703499153256416 teacher_updates=1 temp_adv=1.239909111090865 temp_nat=2.5510908889089388 temperature_updates=1 total_loss=0.04185675084590912 views=2
2026-09-17 04:08:20.340 | INFO     | __main__:<module>:875 - TRAIN_EPOCH_RESOURCE epoch=273 seconds=955.6137892082334 peak_allocated_bytes=11589042688
2026-09-17 04:09:18.790 | INFO     | __main__:<module>:934 - student robust acc 0.2765, teacher robust acc 0.4868, nat teacher robust acc 0.4377
2026-09-17 04:09:40.541 | INFO     | __main__:<module>:1010 - student natural acc 0.6698, adv teacher natural acc 0.6122, nat teacher natural acc 0.7650
2026-09-17 04:09:40.544 | INFO     | __main__:<module>:482 - METHOD epoch=274 views=2 awp_gamma=0.002 consistency_weight=0.5
2026-09-17 04:09:40.544 | INFO     | __main__:<module>:485 - the 274th epoch 
2026-09-17 04:09:43.028 | INFO     | __main__:<module>:497 - METHOD_BATCH epoch=274 step=0 adv_kd=0.00967172160744667 awp_gamma=0.002 awp_relative_norm_max=0.0020000003278255463 clean_ce=0.21361830830574036 clean_ce_term=0.010680915787816048 consistency_term=0.0006038297433406115 consistency_weight=0.5 js_raw=0.12076595425605774 lr=0.007182535046833534 nat_kd=0.004606892354786396 pcgrad_conflicts=0 push=0.005161058157682419 push_term=0.0002580529253464192 student_updates=1 teacher_ce=0.37192778289318085 teacher_lr=2.623934598670823e-06 teacher_margin=1.502481460571289 teacher_margin_term=0.015024813823401928 teacher_updates=1 temp_adv=1.239909111090865 temp_nat=2.5510908889089388 temperature_updates=1 total_loss=0.04084622487425804 views=2
2026-09-17 04:13:47.715 | INFO     | __main__:<module>:497 - METHOD_BATCH epoch=274 step=100 adv_kd=0.008920390158891678 awp_gamma=0.002 awp_relative_norm_max=0.0020000003278255463 clean_ce=0.22917820513248444 clean_ce_term=0.011458911001682281 consistency_term=0.00043995975283905864 consistency_weight=0.5 js_raw=0.08799195289611816 lr=0.007182535046833534 nat_kd=0.004983973689377308 pcgrad_conflicts=0 push=0.004278471227735281 push_term=0.00021392357302829623 student_updates=1 teacher_ce=0.3237290531396866 teacher_lr=2.623934598670823e-06 teacher_margin=1.2546498775482178 teacher_margin_term=0.012546498328447342 teacher_updates=1 temp_adv=1.239909111090865 temp_nat=2.5510908889089388 temperature_updates=1 total_loss=0.03856365755200386 views=2
2026-09-17 04:17:51.997 | INFO     | __main__:<module>:497 - METHOD_BATCH epoch=274 step=200 adv_kd=0.009323767386376858 awp_gamma=0.002 awp_relative_norm_max=0.0020000003278255463 clean_ce=0.21630047261714935 clean_ce_term=0.010815024375915527 consistency_term=0.0007077772752381861 consistency_weight=0.5 js_raw=0.14155545830726624 lr=0.007182535046833534 nat_kd=0.004995242692530155 pcgrad_conflicts=0 push=0.003881132695823908 push_term=0.0001940566289704293 student_updates=1 teacher_ce=0.3711681514978409 teacher_lr=2.623934598670823e-06 teacher_margin=1.2909070253372192 teacher_margin_term=0.012909069657325745 teacher_updates=1 temp_adv=1.239909111090865 temp_nat=2.5510908889089388 temperature_updates=1 total_loss=0.03894494101405144 views=2
2026-09-17 04:21:56.185 | INFO     | __main__:<module>:497 - METHOD_BATCH epoch=274 step=300 adv_kd=0.010187237523496151 awp_gamma=0.002 awp_relative_norm_max=0.0020000003278255463 clean_ce=0.21131007373332977 clean_ce_term=0.010565503500401974 consistency_term=0.000625433458480984 consistency_weight=0.5 js_raw=0.1250866949558258 lr=0.007182535046833534 nat_kd=0.005425143055617809 pcgrad_conflicts=0 push=0.004878413863480091 push_term=0.00024392071645706892 student_updates=1 teacher_ce=0.31214575469493866 teacher_lr=2.623934598670823e-06 teacher_margin=1.559484601020813 teacher_margin_term=0.0155948456376791 teacher_updates=1 temp_adv=1.239909111090865 temp_nat=2.5510908889089388 temperature_updates=1 total_loss=0.04264208301901817 views=2
2026-09-17 04:25:35.748 | INFO     | __main__:<module>:875 - TRAIN_EPOCH_RESOURCE epoch=274 seconds=955.2042560391128 peak_allocated_bytes=11589042688
2026-09-17 04:26:34.060 | INFO     | __main__:<module>:934 - student robust acc 0.2771, teacher robust acc 0.4851, nat teacher robust acc 0.4381
2026-09-17 04:26:55.751 | INFO     | __main__:<module>:1010 - student natural acc 0.6715, adv teacher natural acc 0.6114, nat teacher natural acc 0.7650
2026-09-17 04:26:55.754 | INFO     | __main__:<module>:482 - METHOD epoch=275 views=2 awp_gamma=0.002 consistency_weight=0.5
2026-09-17 04:26:55.754 | INFO     | __main__:<module>:485 - the 275th epoch 
2026-09-17 04:26:58.223 | INFO     | __main__:<module>:497 - METHOD_BATCH epoch=275 step=0 adv_kd=0.008072098717093468 awp_gamma=0.002 awp_relative_norm_max=0.0020000003278255463 clean_ce=0.24352103471755981 clean_ce_term=0.01217605173587799 consistency_term=0.0005905805737711489 consistency_weight=0.5 js_raw=0.1181161180138588 lr=0.006652372004664825 nat_kd=0.004072011448442936 pcgrad_conflicts=0 push=0.004089265130460262 push_term=0.00020446325652301311 student_updates=1 teacher_ce=0.2854059338569641 teacher_lr=2.4274321375744377e-06 teacher_margin=1.1062513589859009 teacher_margin_term=0.01106251310557127 teacher_updates=1 temp_adv=1.239909111090865 temp_nat=2.5510908889089388 temperature_updates=1 total_loss=0.03617772087454796 views=2
2026-09-17 04:31:01.869 | INFO     | __main__:<module>:497 - METHOD_BATCH epoch=275 step=100 adv_kd=0.009552227333188057 awp_gamma=0.002 awp_relative_norm_max=0.0020000003278255463 clean_ce=0.235370934009552 clean_ce_term=0.01176854595541954 consistency_term=0.0006585555383935571 consistency_weight=0.5 js_raw=0.13171111047267914 lr=0.006652372004664825 nat_kd=0.004978939890861511 pcgrad_conflicts=0 push=0.004292420111596584 push_term=0.0002146210172213614 student_updates=1 teacher_ce=0.35775572061538696 teacher_lr=2.4274321375744377e-06 teacher_margin=1.2935463190078735 teacher_margin_term=0.012935463339090347 teacher_updates=1 temp_adv=1.239909111090865 temp_nat=2.5510908889089388 temperature_updates=1 total_loss=0.04010835662484169 views=2
2026-09-17 04:35:05.695 | INFO     | __main__:<module>:497 - METHOD_BATCH epoch=275 step=200 adv_kd=0.009937931783497334 awp_gamma=0.002 awp_relative_norm_max=0.0020000003278255463 clean_ce=0.2183944582939148 clean_ce_term=0.0109197236597538 consistency_term=0.0006323183770291507 consistency_weight=0.5 js_raw=0.12646368145942688 lr=0.006652372004664825 nat_kd=0.005752844735980034 pcgrad_conflicts=0 push=0.004300067201256752 push_term=0.00021500338334590197 student_updates=1 teacher_ce=0.4485214650630951 teacher_lr=2.4274321375744377e-06 teacher_margin=1.4813628196716309 teacher_margin_term=0.014813628047704697 teacher_updates=1 temp_adv=1.239909111090865 temp_nat=2.5510908889089388 temperature_updates=1 total_loss=0.0422714538872242 views=2
2026-09-17 04:39:09.558 | INFO     | __main__:<module>:497 - METHOD_BATCH epoch=275 step=300 adv_kd=0.00974692776799202 awp_gamma=0.002 awp_relative_norm_max=0.0020000003278255463 clean_ce=0.2272617518901825 clean_ce_term=0.011363087221980095 consistency_term=0.00047291896771639585 consistency_weight=0.5 js_raw=0.09458379447460175 lr=0.006652372004664825 nat_kd=0.005367709789425135 pcgrad_conflicts=0 push=0.004122106358408928 push_term=0.00020610530918929726 student_updates=1 teacher_ce=0.3925023227930069 teacher_lr=2.4274321375744377e-06 teacher_margin=1.3446329832077026 teacher_margin_term=0.013446329161524773 teacher_updates=1 temp_adv=1.239909111090865 temp_nat=2.5510908889089388 temperature_updates=1 total_loss=0.04060307890176773 views=2
2026-09-17 04:42:49.410 | INFO     | __main__:<module>:875 - TRAIN_EPOCH_RESOURCE epoch=275 seconds=953.6553020626307 peak_allocated_bytes=11589042688
2026-09-17 04:43:47.795 | INFO     | __main__:<module>:934 - student robust acc 0.2762, teacher robust acc 0.4829, nat teacher robust acc 0.4405
2026-09-17 04:44:09.617 | INFO     | __main__:<module>:1010 - student natural acc 0.6720, adv teacher natural acc 0.6102, nat teacher natural acc 0.7650
2026-09-17 04:44:09.621 | INFO     | __main__:<module>:482 - METHOD epoch=276 views=2 awp_gamma=0.002 consistency_weight=0.5
2026-09-17 04:44:09.621 | INFO     | __main__:<module>:485 - the 276th epoch 
2026-09-17 04:44:12.099 | INFO     | __main__:<module>:497 - METHOD_BATCH epoch=276 step=0 adv_kd=0.009112443774938583 awp_gamma=0.002 awp_relative_norm_max=0.0020000003278255463 clean_ce=0.2336428314447403 clean_ce_term=0.011682141572237015 consistency_term=0.0005017925868742168 consistency_weight=0.5 js_raw=0.1003585159778595 lr=0.0061411805914575665 nat_kd=0.005757630802690983 pcgrad_conflicts=0 push=0.0048320116475224495 push_term=0.00024160058819688857 student_updates=1 teacher_ce=0.3687151074409485 teacher_lr=2.2384052080868606e-06 teacher_margin=1.3189958333969116 teacher_margin_term=0.013189958408474922 teacher_updates=1 temp_adv=1.239909111090865 temp_nat=2.5510908889089388 temperature_updates=1 total_loss=0.04048556461930275 views=2
2026-09-17 04:48:16.266 | INFO     | __main__:<module>:497 - METHOD_BATCH epoch=276 step=100 adv_kd=0.009015846997499466 awp_gamma=0.002 awp_relative_norm_max=0.0020000003278255463 clean_ce=0.21944847702980042 clean_ce_term=0.010972424410283566 consistency_term=0.0004627414746209979 consistency_weight=0.5 js_raw=0.09254829585552216 lr=0.0061411805914575665 nat_kd=0.006230762228369713 pcgrad_conflicts=0 push=0.004807650111615658 push_term=0.0002403825055807829 student_updates=1 teacher_ce=0.3919392079114914 teacher_lr=2.2384052080868606e-06 teacher_margin=1.2821201086044312 teacher_margin_term=0.012821201235055923 teacher_updates=1 temp_adv=1.239909111090865 temp_nat=2.5510908889089388 temperature_updates=1 total_loss=0.03974335640668869 views=2
2026-09-17 04:52:18.315 | INFO     | __main__:<module>:497 - METHOD_BATCH epoch=276 step=200 adv_kd=0.00859237089753151 awp_gamma=0.002 awp_relative_norm_max=0.0020000003278255463 clean_ce=0.2201957106590271 clean_ce_term=0.011009786278009415 consistency_term=0.0007056156173348427 consistency_weight=0.5 js_raw=0.14112313091754913 lr=0.0061411805914575665 nat_kd=0.004520595073699951 pcgrad_conflicts=0 push=0.003168221330270171 push_term=0.00015841107233427465 student_updates=1 teacher_ce=0.4207543134689331 teacher_lr=2.2384052080868606e-06 teacher_margin=1.2607046365737915 teacher_margin_term=0.012607046402990818 teacher_updates=1 temp_adv=1.239909111090865 temp_nat=2.5510908889089388 temperature_updates=1 total_loss=0.037593819200992584 views=2
2026-09-17 04:56:20.687 | INFO     | __main__:<module>:497 - METHOD_BATCH epoch=276 step=300 adv_kd=0.009113498963415623 awp_gamma=0.002 awp_relative_norm_max=0.0020000003278255463 clean_ce=0.22684434056282043 clean_ce_term=0.011342218145728111 consistency_term=0.0005149628268554807 consistency_weight=0.5 js_raw=0.10299256443977356 lr=0.0061411805914575665 nat_kd=0.004895338788628578 pcgrad_conflicts=0 push=0.004149566404521465 push_term=0.00020747832604683936 student_updates=1 teacher_ce=0.37257030606269836 teacher_lr=2.2384052080868606e-06 teacher_margin=1.2631056308746338 teacher_margin_term=0.01263105683028698 teacher_updates=1 temp_adv=1.239909111090865 temp_nat=2.5510908889089388 temperature_updates=1 total_loss=0.03870455175638199 views=2
2026-09-17 04:59:57.660 | INFO     | __main__:<module>:875 - TRAIN_EPOCH_RESOURCE epoch=276 seconds=948.038416761905 peak_allocated_bytes=11589042688
2026-09-17 05:00:55.392 | INFO     | __main__:<module>:934 - student robust acc 0.2743, teacher robust acc 0.4852, nat teacher robust acc 0.4425
2026-09-17 05:01:17.226 | INFO     | __main__:<module>:1010 - student natural acc 0.6720, adv teacher natural acc 0.6128, nat teacher natural acc 0.7650
2026-09-17 05:01:17.228 | INFO     | __main__:<module>:482 - METHOD epoch=277 views=2 awp_gamma=0.002 consistency_weight=0.5
2026-09-17 05:01:17.229 | INFO     | __main__:<module>:485 - the 277th epoch 
2026-09-17 05:01:19.666 | INFO     | __main__:<module>:497 - METHOD_BATCH epoch=277 step=0 adv_kd=0.008604846894741058 awp_gamma=0.002 awp_relative_norm_max=0.0020000003278255463 clean_ce=0.21678079664707184 clean_ce_term=0.010839039459824562 consistency_term=0.0005063561839051545 consistency_weight=0.5 js_raw=0.10127124190330505 lr=0.005649179713999378 nat_kd=0.005322793498635292 pcgrad_conflicts=0 push=0.0029888979624956846 push_term=0.00014944490976631641 student_updates=1 teacher_ce=0.2916513532400131 teacher_lr=2.056882196039055e-06 teacher_margin=1.1795179843902588 teacher_margin_term=0.011795179918408394 teacher_updates=1 temp_adv=1.239909111090865 temp_nat=2.5510908889089388 temperature_updates=1 total_loss=0.03721766173839569 views=2
2026-09-17 05:05:21.299 | INFO     | __main__:<module>:497 - METHOD_BATCH epoch=277 step=100 adv_kd=0.008353307843208313 awp_gamma=0.002 awp_relative_norm_max=0.0020000003278255463 clean_ce=0.21541181206703186 clean_ce_term=0.010770590975880623 consistency_term=0.00039117358392104506 consistency_weight=0.5 js_raw=0.0782347172498703 lr=0.005649179713999378 nat_kd=0.004411554895341396 pcgrad_conflicts=0 push=0.003589940257370472 push_term=0.00017949701577890664 student_updates=1 teacher_ce=0.32739144563674927 teacher_lr=2.056882196039055e-06 teacher_margin=1.1636260747909546 teacher_margin_term=0.011636260896921158 teacher_updates=1 temp_adv=1.239909111090865 temp_nat=2.5510908889089388 temperature_updates=1 total_loss=0.0357423834502697 views=2
2026-09-17 05:09:23.551 | INFO     | __main__:<module>:497 - METHOD_BATCH epoch=277 step=200 adv_kd=0.00984481442719698 awp_gamma=0.002 awp_relative_norm_max=0.0020000003278255463 clean_ce=0.2170971930027008 clean_ce_term=0.01085485890507698 consistency_term=0.0005098492256365716 consistency_weight=0.5 js_raw=0.10196985304355621 lr=0.005649179713999378 nat_kd=0.0046981750056147575 pcgrad_conflicts=0 push=0.004103285726159811 push_term=0.00020516428048722446 student_updates=1 teacher_ce=0.3544391542673111 teacher_lr=2.056882196039055e-06 teacher_margin=1.3917782306671143 teacher_margin_term=0.013917782343924046 teacher_updates=1 temp_adv=1.239909111090865 temp_nat=2.5510908889089388 temperature_updates=1 total_loss=0.040030647069215775 views=2
2026-09-17 05:13:25.378 | INFO     | __main__:<module>:497 - METHOD_BATCH epoch=277 step=300 adv_kd=0.008663007989525795 awp_gamma=0.002 awp_relative_norm_max=0.0020000003278255463 clean_ce=0.24579420685768127 clean_ce_term=0.012289710342884064 consistency_term=0.0005924242432229221 consistency_weight=0.5 js_raw=0.11848484724760056 lr=0.005649179713999378 nat_kd=0.006040172651410103 pcgrad_conflicts=0 push=0.004342366009950638 push_term=0.0002171183004975319 student_updates=1 teacher_ce=0.4132430702447891 teacher_lr=2.056882196039055e-06 teacher_margin=1.1806132793426514 teacher_margin_term=0.011806132271885872 teacher_updates=1 temp_adv=1.239909111090865 temp_nat=2.5510908889089388 temperature_updates=1 total_loss=0.03960856795310974 views=2
2026-09-17 05:17:03.334 | INFO     | __main__:<module>:875 - TRAIN_EPOCH_RESOURCE epoch=277 seconds=946.1048923879862 peak_allocated_bytes=11589042688
2026-09-17 05:18:00.797 | INFO     | __main__:<module>:934 - student robust acc 0.2731, teacher robust acc 0.4862, nat teacher robust acc 0.4430
2026-09-17 05:18:22.487 | INFO     | __main__:<module>:1010 - student natural acc 0.6716, adv teacher natural acc 0.6112, nat teacher natural acc 0.7650
2026-09-17 05:18:22.489 | INFO     | __main__:<module>:482 - METHOD epoch=278 views=2 awp_gamma=0.002 consistency_weight=0.5
2026-09-17 05:18:22.489 | INFO     | __main__:<module>:485 - the 278th epoch 
2026-09-17 05:18:24.937 | INFO     | __main__:<module>:497 - METHOD_BATCH epoch=278 step=0 adv_kd=0.009133625775575638 awp_gamma=0.002 awp_relative_norm_max=0.0020000003278255463 clean_ce=0.2087293565273285 clean_ce_term=0.010436467826366425 consistency_term=0.0006019881111569703 consistency_weight=0.5 js_raw=0.12039762735366821 lr=0.005176579708984169 nat_kd=0.0048354752361774445 pcgrad_conflicts=0 push=0.0037906370125710964 push_term=0.0001895318564493209 student_updates=1 teacher_ce=0.37101706862449646 teacher_lr=1.8828902837944242e-06 teacher_margin=1.3656859397888184 teacher_margin_term=0.0136568583548069 teacher_updates=1 temp_adv=1.239909111090865 temp_nat=2.5510908889089388 temperature_updates=1 total_loss=0.03885394707322121 views=2
2026-09-17 05:22:26.635 | INFO     | __main__:<module>:497 - METHOD_BATCH epoch=278 step=100 adv_kd=0.008904926478862762 awp_gamma=0.002 awp_relative_norm_max=0.0020000003278255463 clean_ce=0.22358256578445435 clean_ce_term=0.011179128661751747 consistency_term=0.0006764177815057337 consistency_weight=0.5 js_raw=0.13528355956077576 lr=0.005176579708984169 nat_kd=0.0053055970929563046 pcgrad_conflicts=0 push=0.004772543907165527 push_term=0.00023862719535827637 student_updates=1 teacher_ce=0.41939911246299744 teacher_lr=1.8828902837944242e-06 teacher_margin=1.2501227855682373 teacher_margin_term=0.012501228600740433 teacher_updates=1 temp_adv=1.239909111090865 temp_nat=2.5510908889089388 temperature_updates=1 total_loss=0.03880592808127403 views=2
2026-09-17 05:26:28.198 | INFO     | __main__:<module>:497 - METHOD_BATCH epoch=278 step=200 adv_kd=0.008344505913555622 awp_gamma=0.002 awp_relative_norm_max=0.0020000003278255463 clean_ce=0.21523070335388184 clean_ce_term=0.010761534795165062 consistency_term=0.0005383216193877161 consistency_weight=0.5 js_raw=0.1076643317937851 lr=0.005176579708984169 nat_kd=0.004901951644569635 pcgrad_conflicts=0 push=0.004413833376020193 push_term=0.00022069166880100965 student_updates=1 teacher_ce=0.3825586885213852 teacher_lr=1.8828902837944242e-06 teacher_margin=1.1831523180007935 teacher_margin_term=0.011831522919237614 teacher_updates=1 temp_adv=1.239909111090865 temp_nat=2.5510908889089388 temperature_updates=1 total_loss=0.036598529666662216 views=2
2026-09-17 05:30:30.162 | INFO     | __main__:<module>:497 - METHOD_BATCH epoch=278 step=300 adv_kd=0.009863636456429958 awp_gamma=0.002 awp_relative_norm_max=0.0020000003278255463 clean_ce=0.19716013967990875 clean_ce_term=0.009858006611466408 consistency_term=0.0005443614791147411 consistency_weight=0.5 js_raw=0.10887230187654495 lr=0.005176579708984169 nat_kd=0.005676794797182083 pcgrad_conflicts=0 push=0.004139835014939308 push_term=0.00020699175365734845 student_updates=1 teacher_ce=0.42818795144557953 teacher_lr=1.8828902837944242e-06 teacher_margin=1.4029414653778076 teacher_margin_term=0.01402941532433033 teacher_updates=1 temp_adv=1.239909111090865 temp_nat=2.5510908889089388 temperature_updates=1 total_loss=0.04017920792102814 views=2
2026-09-17 05:34:06.722 | INFO     | __main__:<module>:875 - TRAIN_EPOCH_RESOURCE epoch=278 seconds=944.2328275293112 peak_allocated_bytes=11589042688
2026-09-17 05:35:04.331 | INFO     | __main__:<module>:934 - student robust acc 0.2737, teacher robust acc 0.4851, nat teacher robust acc 0.4457
2026-09-17 05:35:25.205 | INFO     | __main__:<module>:1010 - student natural acc 0.6705, adv teacher natural acc 0.6079, nat teacher natural acc 0.7650
2026-09-17 05:35:25.207 | INFO     | __main__:<module>:482 - METHOD epoch=279 views=2 awp_gamma=0.002 consistency_weight=0.5
2026-09-17 05:35:25.207 | INFO     | __main__:<module>:485 - the 279th epoch 
2026-09-17 05:35:27.618 | INFO     | __main__:<module>:497 - METHOD_BATCH epoch=279 step=0 adv_kd=0.0077501265332102776 awp_gamma=0.002 awp_relative_norm_max=0.0020000003278255463 clean_ce=0.21174457669258118 clean_ce_term=0.010587228462100029 consistency_term=0.00045839970698580146 consistency_weight=0.5 js_raw=0.09167994558811188 lr=0.004723582251375188 nat_kd=0.004553040489554405 pcgrad_conflicts=0 push=0.0038974659983068705 push_term=0.0001948733115568757 student_updates=1 teacher_ce=0.3306836038827896 teacher_lr=1.716455446069766e-06 teacher_margin=1.1367573738098145 teacher_margin_term=0.011367573402822018 teacher_updates=1 temp_adv=1.239909111090865 temp_nat=2.5510908889089388 temperature_updates=1 total_loss=0.03491124138236046 views=2
2026-09-17 05:39:27.724 | INFO     | __main__:<module>:497 - METHOD_BATCH epoch=279 step=100 adv_kd=0.008620232343673706 awp_gamma=0.002 awp_relative_norm_max=0.0020000003278255463 clean_ce=0.21362724900245667 clean_ce_term=0.010681362822651863 consistency_term=0.0005021755932830274 consistency_weight=0.5 js_raw=0.10043511539697647 lr=0.004723582251375188 nat_kd=0.005090904422104359 pcgrad_conflicts=0 push=0.0041444189846515656 push_term=0.00020722096087411046 student_updates=1 teacher_ce=0.39566728472709656 teacher_lr=1.716455446069766e-06 teacher_margin=1.2693216800689697 teacher_margin_term=0.01269321609288454 teacher_updates=1 temp_adv=1.239909111090865 temp_nat=2.5510908889089388 temperature_updates=1 total_loss=0.037795111536979675 views=2
2026-09-17 05:43:26.901 | INFO     | __main__:<module>:497 - METHOD_BATCH epoch=279 step=200 adv_kd=0.009990899823606014 awp_gamma=0.002 awp_relative_norm_max=0.0020000003278255463 clean_ce=0.20973628759384155 clean_ce_term=0.010486815124750137 consistency_term=0.0006965953507460654 consistency_weight=0.5 js_raw=0.13931907713413239 lr=0.004723582251375188 nat_kd=0.005170288495719433 pcgrad_conflicts=0 push=0.004490337334573269 push_term=0.00022451687254942954 student_updates=1 teacher_ce=0.34897199273109436 teacher_lr=1.716455446069766e-06 teacher_margin=1.4802563190460205 teacher_margin_term=0.014802563935518265 teacher_updates=1 temp_adv=1.239909111090865 temp_nat=2.5510908889089388 temperature_updates=1 total_loss=0.04137168079614639 views=2
2026-09-17 05:47:26.805 | INFO     | __main__:<module>:497 - METHOD_BATCH epoch=279 step=300 adv_kd=0.009424269199371338 awp_gamma=0.002 awp_relative_norm_max=0.0020000003278255463 clean_ce=0.19457900524139404 clean_ce_term=0.009728950448334217 consistency_term=0.0006394441006705165 consistency_weight=0.5 js_raw=0.12788882851600647 lr=0.004723582251375188 nat_kd=0.0051095616072416306 pcgrad_conflicts=0 push=0.0038869462441653013 push_term=0.00019434731802903116 student_updates=1 teacher_ce=0.365104615688324 teacher_lr=1.716455446069766e-06 teacher_margin=1.3379087448120117 teacher_margin_term=0.01337908674031496 teacher_updates=1 temp_adv=1.239909111090865 temp_nat=2.5510908889089388 temperature_updates=1 total_loss=0.03847565874457359 views=2
2026-09-17 05:51:02.139 | INFO     | __main__:<module>:875 - TRAIN_EPOCH_RESOURCE epoch=279 seconds=936.9315224476159 peak_allocated_bytes=11589042688
2026-09-17 05:51:58.969 | INFO     | __main__:<module>:934 - student robust acc 0.2726, teacher robust acc 0.4866, nat teacher robust acc 0.4470
2026-09-17 05:52:21.022 | INFO     | __main__:<module>:1010 - student natural acc 0.6708, adv teacher natural acc 0.6099, nat teacher natural acc 0.7650
2026-09-17 05:52:21.025 | INFO     | __main__:<module>:482 - METHOD epoch=280 views=2 awp_gamma=0.002 consistency_weight=0.5
2026-09-17 05:52:21.025 | INFO     | __main__:<module>:485 - the 280th epoch 
2026-09-17 05:52:23.463 | INFO     | __main__:<module>:497 - METHOD_BATCH epoch=280 step=0 adv_kd=0.008973011747002602 awp_gamma=0.002 awp_relative_norm_max=0.0020000003278255463 clean_ce=0.22467227280139923 clean_ce_term=0.011233613826334476 consistency_term=0.0005537346587516367 consistency_weight=0.5 js_raw=0.11074693500995636 lr=0.004290380266656729 nat_kd=0.004536093212664127 pcgrad_conflicts=0 push=0.003731705714017153 push_term=0.00018658529734238982 student_updates=1 teacher_ce=0.36353132128715515 teacher_lr=1.557602445950919e-06 teacher_margin=1.222260594367981 teacher_margin_term=0.012222605757415295 teacher_updates=1 temp_adv=1.239909111090865 temp_nat=2.5510908889089388 temperature_updates=1 total_loss=0.037705641239881516 views=2
2026-09-17 05:56:23.074 | INFO     | __main__:<module>:497 - METHOD_BATCH epoch=280 step=100 adv_kd=0.009179087355732918 awp_gamma=0.002 awp_relative_norm_max=0.0020000003278255463 clean_ce=0.21380436420440674 clean_ce_term=0.010690217837691307 consistency_term=0.0005658768932335079 consistency_weight=0.5 js_raw=0.11317538470029831 lr=0.004290380266656729 nat_kd=0.004406244494020939 pcgrad_conflicts=0 push=0.003990368917584419 push_term=0.00019951845752075315 student_updates=1 teacher_ce=0.357365146279335 teacher_lr=1.557602445950919e-06 teacher_margin=1.2998093366622925 teacher_margin_term=0.012998092919588089 teacher_updates=1 temp_adv=1.239909111090865 temp_nat=2.5510908889089388 temperature_updates=1 total_loss=0.038039036095142365 views=2
2026-09-17 06:00:22.774 | INFO     | __main__:<module>:497 - METHOD_BATCH epoch=280 step=200 adv_kd=0.00870133750140667 awp_gamma=0.002 awp_relative_norm_max=0.0020000003278255463 clean_ce=0.20891082286834717 clean_ce_term=0.010445541702210903 consistency_term=0.0004963214742019773 consistency_weight=0.5 js_raw=0.09926430135965347 lr=0.004290380266656729 nat_kd=0.004990427754819393 pcgrad_conflicts=0 push=0.004314337857067585 push_term=0.00021571689285337925 student_updates=1 teacher_ce=0.40658779442310333 teacher_lr=1.557602445950919e-06 teacher_margin=1.2446820735931396 teacher_margin_term=0.012446820735931396 teacher_updates=1 temp_adv=1.239909111090865 temp_nat=2.5510908889089388 temperature_updates=1 total_loss=0.03729616478085518 views=2
2026-09-17 06:04:22.168 | INFO     | __main__:<module>:497 - METHOD_BATCH epoch=280 step=300 adv_kd=0.010135261341929436 awp_gamma=0.002 awp_relative_norm_max=0.0020000003278255463 clean_ce=0.22562631964683533 clean_ce_term=0.011281317099928856 consistency_term=0.0004365514905657619 consistency_weight=0.5 js_raw=0.0873102992773056 lr=0.004290380266656729 nat_kd=0.005583611782640219 pcgrad_conflicts=0 push=0.0049474285915493965 push_term=0.000247371441219002 student_updates=1 teacher_ce=0.3214367777109146 teacher_lr=1.557602445950919e-06 teacher_margin=1.4598652124404907 teacher_margin_term=0.01459865178912878 teacher_updates=1 temp_adv=1.239909111090865 temp_nat=2.5510908889089388 temperature_updates=1 total_loss=0.042282767593860626 views=2
2026-09-17 06:07:59.467 | INFO     | __main__:<module>:875 - TRAIN_EPOCH_RESOURCE epoch=280 seconds=938.442133679986 peak_allocated_bytes=11589042688
2026-09-17 06:08:56.107 | INFO     | __main__:<module>:934 - student robust acc 0.2714, teacher robust acc 0.4884, nat teacher robust acc 0.4461
2026-09-17 06:09:18.265 | INFO     | __main__:<module>:1010 - student natural acc 0.6719, adv teacher natural acc 0.6130, nat teacher natural acc 0.7650
2026-09-17 06:09:18.267 | INFO     | __main__:<module>:482 - METHOD epoch=281 views=2 awp_gamma=0.002 consistency_weight=0.5
2026-09-17 06:09:18.267 | INFO     | __main__:<module>:485 - the 281th epoch 
2026-09-17 06:09:20.704 | INFO     | __main__:<module>:497 - METHOD_BATCH epoch=281 step=0 adv_kd=0.009964151307940483 awp_gamma=0.002 awp_relative_norm_max=0.0020000003278255463 clean_ce=0.19838884472846985 clean_ce_term=0.009919442236423492 consistency_term=0.0005659274174831808 consistency_weight=0.5 js_raw=0.11318548023700714 lr=0.0038771578470128847 nat_kd=0.004480739124119282 pcgrad_conflicts=0 push=0.0038105992134660482 push_term=0.0001905299723148346 student_updates=1 teacher_ce=0.3548867553472519 teacher_lr=1.4063548311038856e-06 teacher_margin=1.5005290508270264 teacher_margin_term=0.015005289576947689 teacher_updates=1 temp_adv=1.239909111090865 temp_nat=2.5510908889089388 temperature_updates=1 total_loss=0.04012608155608177 views=2
2026-09-17 06:13:20.057 | INFO     | __main__:<module>:497 - METHOD_BATCH epoch=281 step=100 adv_kd=0.008205341175198555 awp_gamma=0.002 awp_relative_norm_max=0.0020000003278255463 clean_ce=0.1893633008003235 clean_ce_term=0.009468166157603264 consistency_term=0.0004854032304137945 consistency_weight=0.5 js_raw=0.09708064794540405 lr=0.0038771578470128847 nat_kd=0.004782430827617645 pcgrad_conflicts=0 push=0.004086089786142111 push_term=0.00020430449512787163 student_updates=1 teacher_ce=0.3706614524126053 teacher_lr=1.4063548311038856e-06 teacher_margin=1.1078553199768066 teacher_margin_term=0.011078553274273872 teacher_updates=1 temp_adv=1.239909111090865 temp_nat=2.5510908889089388 temperature_updates=1 total_loss=0.03422419726848602 views=2
2026-09-17 06:17:20.122 | INFO     | __main__:<module>:497 - METHOD_BATCH epoch=281 step=200 adv_kd=0.010048272088170052 awp_gamma=0.002 awp_relative_norm_max=0.0020000003278255463 clean_ce=0.22204983234405518 clean_ce_term=0.011102491989731789 consistency_term=0.0004534443432930857 consistency_weight=0.5 js_raw=0.09068886935710907 lr=0.0038771578470128847 nat_kd=0.005550358444452286 pcgrad_conflicts=0 push=0.004249106626957655 push_term=0.00021245534298941493 student_updates=1 teacher_ce=0.3567606955766678 teacher_lr=1.4063548311038856e-06 teacher_margin=1.4066001176834106 teacher_margin_term=0.014066001400351524 teacher_updates=1 temp_adv=1.239909111090865 temp_nat=2.5510908889089388 temperature_updates=1 total_loss=0.041433025151491165 views=2
2026-09-17 06:21:19.505 | INFO     | __main__:<module>:497 - METHOD_BATCH epoch=281 step=300 adv_kd=0.00992379430681467 awp_gamma=0.002 awp_relative_norm_max=0.0020000003278255463 clean_ce=0.19824767112731934 clean_ce_term=0.009912384673953056 consistency_term=0.0006249354919418693 consistency_weight=0.5 js_raw=0.12498709559440613 lr=0.0038771578470128847 nat_kd=0.004694849252700806 pcgrad_conflicts=0 push=0.004836844280362129 push_term=0.00024184223730117083 student_updates=1 teacher_ce=0.3486900180578232 teacher_lr=1.4063548311038856e-06 teacher_margin=1.4053534269332886 teacher_margin_term=0.014053534716367722 teacher_updates=1 temp_adv=1.239909111090865 temp_nat=2.5510908889089388 temperature_updates=1 total_loss=0.039451342076063156 views=2
2026-09-17 06:24:54.454 | INFO     | __main__:<module>:875 - TRAIN_EPOCH_RESOURCE epoch=281 seconds=936.1865884587169 peak_allocated_bytes=11589042688
2026-09-17 06:25:51.001 | INFO     | __main__:<module>:934 - student robust acc 0.2724, teacher robust acc 0.4853, nat teacher robust acc 0.4471
2026-09-17 06:26:13.151 | INFO     | __main__:<module>:1010 - student natural acc 0.6744, adv teacher natural acc 0.6126, nat teacher natural acc 0.7650
2026-09-17 06:26:13.153 | INFO     | __main__:<module>:482 - METHOD epoch=282 views=2 awp_gamma=0.002 consistency_weight=0.5
2026-09-17 06:26:13.154 | INFO     | __main__:<module>:485 - the 282th epoch 
2026-09-17 06:26:15.559 | INFO     | __main__:<module>:497 - METHOD_BATCH epoch=282 step=0 adv_kd=0.009073265828192234 awp_gamma=0.002 awp_relative_norm_max=0.0020000003278255463 clean_ce=0.22119519114494324 clean_ce_term=0.011059760116040707 consistency_term=0.0006049180519767106 consistency_weight=0.5 js_raw=0.12098361551761627 lr=0.003484090171470245 nat_kd=0.0050716642290353775 pcgrad_conflicts=0 push=0.0036004981957376003 push_term=0.0001800249156076461 student_updates=1 teacher_ce=0.4207313358783722 teacher_lr=1.2627349301818333e-06 teacher_margin=1.2178139686584473 teacher_margin_term=0.012178139761090279 teacher_updates=1 temp_adv=1.239909111090865 temp_nat=2.5510908889089388 temperature_updates=1 total_loss=0.03816777095198631 views=2
2026-09-17 06:30:15.128 | INFO     | __main__:<module>:497 - METHOD_BATCH epoch=282 step=100 adv_kd=0.007615318521857262 awp_gamma=0.002 awp_relative_norm_max=0.0020000003278255463 clean_ce=0.21877440810203552 clean_ce_term=0.010938720777630806 consistency_term=0.0005039721145294607 consistency_weight=0.5 js_raw=0.10079441964626312 lr=0.003484090171470245 nat_kd=0.00452811922878027 pcgrad_conflicts=0 push=0.0038601350970566273 push_term=0.00019300675194244832 student_updates=1 teacher_ce=0.39439836144447327 teacher_lr=1.2627349301818333e-06 teacher_margin=1.0265941619873047 teacher_margin_term=0.01026594266295433 teacher_updates=1 temp_adv=1.239909111090865 temp_nat=2.5510908889089388 temperature_updates=1 total_loss=0.03404507786035538 views=2
2026-09-17 06:34:14.034 | INFO     | __main__:<module>:497 - METHOD_BATCH epoch=282 step=200 adv_kd=0.007925370708107948 awp_gamma=0.002 awp_relative_norm_max=0.0020000003278255463 clean_ce=0.2153017669916153 clean_ce_term=0.010765088722109795 consistency_term=0.00030256391619332135 consistency_weight=0.5 js_raw=0.060512784868478775 lr=0.003484090171470245 nat_kd=0.004608510993421078 pcgrad_conflicts=0 push=0.0045740422792732716 push_term=0.00022870211978442967 student_updates=1 teacher_ce=0.3103546053171158 teacher_lr=1.2627349301818333e-06 teacher_margin=1.0908269882202148 teacher_margin_term=0.010908270254731178 teacher_updates=1 temp_adv=1.239909111090865 temp_nat=2.5510908889089388 temperature_updates=1 total_loss=0.034738507121801376 views=2
2026-09-17 06:38:13.305 | INFO     | __main__:<module>:497 - METHOD_BATCH epoch=282 step=300 adv_kd=0.008913254365324974 awp_gamma=0.002 awp_relative_norm_max=0.0020000003278255463 clean_ce=0.209410160779953 clean_ce_term=0.01047050766646862 consistency_term=0.0004495338362175971 consistency_weight=0.5 js_raw=0.08990676701068878 lr=0.003484090171470245 nat_kd=0.004539592191576958 pcgrad_conflicts=0 push=0.004376683849841356 push_term=0.00021883418958168477 student_updates=1 teacher_ce=0.37540702521800995 teacher_lr=1.2627349301818333e-06 teacher_margin=1.1453262567520142 teacher_margin_term=0.011453262530267239 teacher_updates=1 temp_adv=1.239909111090865 temp_nat=2.5510908889089388 temperature_updates=1 total_loss=0.03604498505592346 views=2
2026-09-17 06:41:51.170 | INFO     | __main__:<module>:875 - TRAIN_EPOCH_RESOURCE epoch=282 seconds=938.0168597325683 peak_allocated_bytes=11589042688
2026-09-17 06:42:50.705 | INFO     | __main__:<module>:934 - student robust acc 0.2725, teacher robust acc 0.4865, nat teacher robust acc 0.4498
2026-09-17 06:43:13.030 | INFO     | __main__:<module>:1010 - student natural acc 0.6715, adv teacher natural acc 0.6146, nat teacher natural acc 0.7650
2026-09-17 06:43:13.032 | INFO     | __main__:<module>:482 - METHOD epoch=283 views=2 awp_gamma=0.002 consistency_weight=0.5
2026-09-17 06:43:13.032 | INFO     | __main__:<module>:485 - the 283th epoch 
2026-09-17 06:43:15.517 | INFO     | __main__:<module>:497 - METHOD_BATCH epoch=283 step=0 adv_kd=0.008691754192113876 awp_gamma=0.002 awp_relative_norm_max=0.0020000003278255463 clean_ce=0.22135943174362183 clean_ce_term=0.011067971587181091 consistency_term=0.0005508424364961684 consistency_weight=0.5 js_raw=0.11016849428415298 lr=0.0031113434300391535 nat_kd=0.005117105320096016 pcgrad_conflicts=0 push=0.004249876365065575 push_term=0.00021249381825327873 student_updates=1 teacher_ce=0.3295474350452423 teacher_lr=1.1267638494286692e-06 teacher_margin=1.3128377199172974 teacher_margin_term=0.013128377497196198 teacher_updates=1 temp_adv=1.239909111090865 temp_nat=2.5510908889089388 temperature_updates=1 total_loss=0.03876854479312897 views=2
2026-09-17 06:47:22.071 | INFO     | __main__:<module>:497 - METHOD_BATCH epoch=283 step=100 adv_kd=0.008477050811052322 awp_gamma=0.002 awp_relative_norm_max=0.0020000003278255463 clean_ce=0.2182522416114807 clean_ce_term=0.010912612080574036 consistency_term=0.0005391396698541939 consistency_weight=0.5 js_raw=0.10782793909311295 lr=0.0031113434300391535 nat_kd=0.004567948170006275 pcgrad_conflicts=0 push=0.003990543074905872 push_term=0.0001995271595660597 student_updates=1 teacher_ce=0.4071435183286667 teacher_lr=1.1267638494286692e-06 teacher_margin=1.2230336666107178 teacher_margin_term=0.012230336666107178 teacher_updates=1 temp_adv=1.239909111090865 temp_nat=2.5510908889089388 temperature_updates=1 total_loss=0.03692661225795746 views=2
2026-09-17 06:51:30.903 | INFO     | __main__:<module>:497 - METHOD_BATCH epoch=283 step=200 adv_kd=0.009035052731633186 awp_gamma=0.002 awp_relative_norm_max=0.0020000003278255463 clean_ce=0.21466198563575745 clean_ce_term=0.010733099654316902 consistency_term=0.0005850305315107107 consistency_weight=0.5 js_raw=0.11700610816478729 lr=0.0031113434300391535 nat_kd=0.005285074934363365 pcgrad_conflicts=0 push=0.0033654128201305866 push_term=0.00016827063518576324 student_updates=1 teacher_ce=0.3382086157798767 teacher_lr=1.1267638494286692e-06 teacher_margin=1.1845178604125977 teacher_margin_term=0.0118451789021492 teacher_updates=1 temp_adv=1.239909111090865 temp_nat=2.5510908889089388 temperature_updates=1 total_loss=0.037651706486940384 views=2
2026-09-17 06:55:35.867 | INFO     | __main__:<module>:497 - METHOD_BATCH epoch=283 step=300 adv_kd=0.00853012502193451 awp_gamma=0.002 awp_relative_norm_max=0.0020000003278255463 clean_ce=0.20743513107299805 clean_ce_term=0.010371756739914417 consistency_term=0.0005347417900338769 consistency_weight=0.5 js_raw=0.1069483608007431 lr=0.0031113434300391535 nat_kd=0.004296917002648115 pcgrad_conflicts=0 push=0.0031773922964930534 push_term=0.00015886961773503572 student_updates=1 teacher_ce=0.34221920371055603 teacher_lr=1.1267638494286692e-06 teacher_margin=1.230203628540039 teacher_margin_term=0.012302037328481674 teacher_updates=1 temp_adv=1.239909111090865 temp_nat=2.5510908889089388 temperature_updates=1 total_loss=0.03619445115327835 views=2
2026-09-17 06:59:09.215 | INFO     | __main__:<module>:875 - TRAIN_EPOCH_RESOURCE epoch=283 seconds=956.182873275131 peak_allocated_bytes=11589042688
2026-09-17 07:00:05.562 | INFO     | __main__:<module>:934 - student robust acc 0.2716, teacher robust acc 0.4863, nat teacher robust acc 0.4483
2026-09-17 07:00:27.309 | INFO     | __main__:<module>:1010 - student natural acc 0.6719, adv teacher natural acc 0.6105, nat teacher natural acc 0.7650
2026-09-17 07:00:27.312 | INFO     | __main__:<module>:482 - METHOD epoch=284 views=2 awp_gamma=0.002 consistency_weight=0.5
2026-09-17 07:00:27.312 | INFO     | __main__:<module>:485 - the 284th epoch 
2026-09-17 07:00:29.716 | INFO     | __main__:<module>:497 - METHOD_BATCH epoch=284 step=0 adv_kd=0.008318022824823856 awp_gamma=0.002 awp_relative_norm_max=0.0020000003278255463 clean_ce=0.22069473564624786 clean_ce_term=0.011034736409783363 consistency_term=0.0005341409705579281 consistency_weight=0.5 js_raw=0.10682819783687592 lr=0.0027590747518870004 nat_kd=0.004707915708422661 pcgrad_conflicts=0 push=0.00365141942165792 push_term=0.00018257097690366209 student_updates=1 teacher_ce=0.4179181307554245 teacher_lr=9.984614694796215e-07 teacher_margin=1.076981782913208 teacher_margin_term=0.010769817978143692 teacher_updates=1 temp_adv=1.239909111090865 temp_nat=2.5510908889089388 temperature_updates=1 total_loss=0.035547204315662384 views=2
2026-09-17 07:04:28.040 | INFO     | __main__:<module>:497 - METHOD_BATCH epoch=284 step=100 adv_kd=0.008402436971664429 awp_gamma=0.002 awp_relative_norm_max=0.0020000003278255463 clean_ce=0.2098352015018463 clean_ce_term=0.010491760447621346 consistency_term=0.0005488158785738051 consistency_weight=0.5 js_raw=0.10976317524909973 lr=0.0027590747518870004 nat_kd=0.004760585725307465 pcgrad_conflicts=0 push=0.003713943064212799 push_term=0.00018569716485217214 student_updates=1 teacher_ce=0.40086615085601807 teacher_lr=9.984614694796215e-07 teacher_margin=1.2338283061981201 teacher_margin_term=0.012338283471763134 teacher_updates=1 temp_adv=1.239909111090865 temp_nat=2.5510908889089388 temperature_updates=1 total_loss=0.036727577447891235 views=2
2026-09-17 07:08:24.714 | INFO     | __main__:<module>:497 - METHOD_BATCH epoch=284 step=200 adv_kd=0.007881805300712585 awp_gamma=0.002 awp_relative_norm_max=0.0020000003278255463 clean_ce=0.2065691202878952 clean_ce_term=0.01032845675945282 consistency_term=0.0006265255506150424 consistency_weight=0.5 js_raw=0.12530511617660522 lr=0.0027590747518870004 nat_kd=0.005034922622144222 pcgrad_conflicts=0 push=0.0033839873503893614 push_term=0.00016919936751946807 student_updates=1 teacher_ce=0.4816379249095917 teacher_lr=9.984614694796215e-07 teacher_margin=1.0668283700942993 teacher_margin_term=0.010668283328413963 teacher_updates=1 temp_adv=1.239909111090865 temp_nat=2.5510908889089388 temperature_updates=1 total_loss=0.03470919281244278 views=2
2026-09-17 07:12:23.813 | INFO     | __main__:<module>:497 - METHOD_BATCH epoch=284 step=300 adv_kd=0.008299339562654495 awp_gamma=0.002 awp_relative_norm_max=0.0020000003278255463 clean_ce=0.21601304411888123 clean_ce_term=0.010800652205944061 consistency_term=0.0004910673596896231 consistency_weight=0.5 js_raw=0.09821347147226334 lr=0.0027590747518870004 nat_kd=0.005195846781134605 pcgrad_conflicts=0 push=0.004173836670815945 push_term=0.0002086918248096481 student_updates=1 teacher_ce=0.35464274883270264 teacher_lr=9.984614694796215e-07 teacher_margin=1.199705719947815 teacher_margin_term=0.011997057124972343 teacher_updates=1 temp_adv=1.239909111090865 temp_nat=2.5510908889089388 temperature_updates=1 total_loss=0.03699265792965889 views=2
2026-09-17 07:15:57.929 | INFO     | __main__:<module>:875 - TRAIN_EPOCH_RESOURCE epoch=284 seconds=930.6175619736314 peak_allocated_bytes=11589042688
2026-09-17 07:16:53.597 | INFO     | __main__:<module>:934 - student robust acc 0.2708, teacher robust acc 0.4897, nat teacher robust acc 0.4486
2026-09-17 07:17:15.261 | INFO     | __main__:<module>:1010 - student natural acc 0.6716, adv teacher natural acc 0.6150, nat teacher natural acc 0.7650
2026-09-17 07:17:15.263 | INFO     | __main__:<module>:482 - METHOD epoch=285 views=2 awp_gamma=0.002 consistency_weight=0.5
2026-09-17 07:17:15.264 | INFO     | __main__:<module>:485 - the 285th epoch 
2026-09-17 07:17:17.639 | INFO     | __main__:<module>:497 - METHOD_BATCH epoch=285 step=0 adv_kd=0.00846777018159628 awp_gamma=0.002 awp_relative_norm_max=0.0020000003278255463 clean_ce=0.23335325717926025 clean_ce_term=0.011667663231492043 consistency_term=0.0006574283470399678 consistency_weight=0.5 js_raw=0.13148567080497742 lr=0.0024274321375744377 nat_kd=0.005444367881864309 pcgrad_conflicts=0 push=0.0033760713413357735 push_term=0.00016880358452908695 student_updates=1 teacher_ce=0.39979249238967896 teacher_lr=8.778464423593913e-07 teacher_margin=1.1881115436553955 teacher_margin_term=0.011881115846335888 teacher_updates=1 temp_adv=1.239909111090865 temp_nat=2.5510908889089388 temperature_updates=1 total_loss=0.03828715160489082 views=2
2026-09-17 07:21:13.893 | INFO     | __main__:<module>:497 - METHOD_BATCH epoch=285 step=100 adv_kd=0.008350975811481476 awp_gamma=0.002 awp_relative_norm_max=0.0020000003278255463 clean_ce=0.22869935631752014 clean_ce_term=0.011434968560934067 consistency_term=0.0005152648664079607 consistency_weight=0.5 js_raw=0.10305297374725342 lr=0.0024274321375744377 nat_kd=0.0049919988960027695 pcgrad_conflicts=0 push=0.004407850094139576 push_term=0.0002203925105277449 student_updates=1 teacher_ce=0.39792197942733765 teacher_lr=8.778464423593913e-07 teacher_margin=1.1382551193237305 teacher_margin_term=0.01138255000114441 teacher_updates=1 temp_adv=1.239909111090865 temp_nat=2.5510908889089388 temperature_updates=1 total_loss=0.036896150559186935 views=2
2026-09-17 07:25:10.562 | INFO     | __main__:<module>:497 - METHOD_BATCH epoch=285 step=200 adv_kd=0.00857191439718008 awp_gamma=0.002 awp_relative_norm_max=0.0020000003278255463 clean_ce=0.20651192963123322 clean_ce_term=0.010325596667826176 consistency_term=0.0005410943413153291 consistency_weight=0.5 js_raw=0.10821887105703354 lr=0.0024274321375744377 nat_kd=0.0051127043552696705 pcgrad_conflicts=0 push=0.004032102879136801 push_term=0.00020160514395684004 student_updates=1 teacher_ce=0.37447839975357056 teacher_lr=8.778464423593913e-07 teacher_margin=1.2045698165893555 teacher_margin_term=0.01204569824039936 teacher_updates=1 temp_adv=1.239909111090865 temp_nat=2.5510908889089388 temperature_updates=1 total_loss=0.036798615008592606 views=2
2026-09-17 07:29:07.604 | INFO     | __main__:<module>:497 - METHOD_BATCH epoch=285 step=300 adv_kd=0.008808573707938194 awp_gamma=0.002 awp_relative_norm_max=0.0020000003278255463 clean_ce=0.20061242580413818 clean_ce_term=0.010030621662735939 consistency_term=0.00066137540852651 consistency_weight=0.5 js_raw=0.13227508962154388 lr=0.0024274321375744377 nat_kd=0.0057748910039663315 pcgrad_conflicts=0 push=0.004560401197522879 push_term=0.00022802007151767612 student_updates=1 teacher_ce=0.3701428920030594 teacher_lr=8.778464423593913e-07 teacher_margin=1.2646760940551758 teacher_margin_term=0.012646760791540146 teacher_updates=1 temp_adv=1.239909111090865 temp_nat=2.5510908889089388 temperature_updates=1 total_loss=0.03815024346113205 views=2
2026-09-17 07:32:45.129 | INFO     | __main__:<module>:875 - TRAIN_EPOCH_RESOURCE epoch=285 seconds=929.8652575053275 peak_allocated_bytes=11589042688
2026-09-17 07:33:44.421 | INFO     | __main__:<module>:934 - student robust acc 0.2705, teacher robust acc 0.4903, nat teacher robust acc 0.4523
2026-09-17 07:34:06.210 | INFO     | __main__:<module>:1010 - student natural acc 0.6718, adv teacher natural acc 0.6118, nat teacher natural acc 0.7650
2026-09-17 07:34:06.212 | INFO     | __main__:<module>:482 - METHOD epoch=286 views=2 awp_gamma=0.002 consistency_weight=0.5
2026-09-17 07:34:06.212 | INFO     | __main__:<module>:485 - the 286th epoch 
2026-09-17 07:34:08.600 | INFO     | __main__:<module>:497 - METHOD_BATCH epoch=286 step=0 adv_kd=0.00805842224508524 awp_gamma=0.002 awp_relative_norm_max=0.0020000003278255463 clean_ce=0.20821790397167206 clean_ce_term=0.010410895571112633 consistency_term=0.0005266466760076582 consistency_weight=0.5 js_raw=0.10532934218645096 lr=0.002116554395384172 nat_kd=0.003773567732423544 pcgrad_conflicts=0 push=0.003884101752191782 push_term=0.0001942050876095891 student_updates=1 teacher_ce=0.27863742411136627 teacher_lr=7.649361886781814e-07 teacher_margin=1.1303929090499878 teacher_margin_term=0.011303928680717945 teacher_updates=1 temp_adv=1.239909111090865 temp_nat=2.5510908889089388 temperature_updates=1 total_loss=0.034267667680978775 views=2
2026-09-17 07:38:06.906 | INFO     | __main__:<module>:497 - METHOD_BATCH epoch=286 step=100 adv_kd=0.00817551463842392 awp_gamma=0.002 awp_relative_norm_max=0.0020000003278255463 clean_ce=0.22963201999664307 clean_ce_term=0.011481600813567638 consistency_term=0.0004867486422881484 consistency_weight=0.5 js_raw=0.09734973311424255 lr=0.002116554395384172 nat_kd=0.004562217276543379 pcgrad_conflicts=0 push=0.003876354545354843 push_term=0.00019381774473004043 student_updates=1 teacher_ce=0.2534068375825882 teacher_lr=7.649361886781814e-07 teacher_margin=1.1512410640716553 teacher_margin_term=0.011512409895658493 teacher_updates=1 temp_adv=1.239909111090865 temp_nat=2.5510908889089388 temperature_updates=1 total_loss=0.0364123098552227 views=2
2026-09-17 07:42:14.673 | INFO     | __main__:<module>:497 - METHOD_BATCH epoch=286 step=200 adv_kd=0.008022190071642399 awp_gamma=0.002 awp_relative_norm_max=0.0020000003278255463 clean_ce=0.22938036918640137 clean_ce_term=0.011469018645584583 consistency_term=0.000516160624101758 consistency_weight=0.5 js_raw=0.10323212295770645 lr=0.002116554395384172 nat_kd=0.004906840622425079 pcgrad_conflicts=0 push=0.004180043935775757 push_term=0.00020900220260955393 student_updates=1 teacher_ce=0.3395410478115082 teacher_lr=7.649361886781814e-07 teacher_margin=1.1842260360717773 teacher_margin_term=0.011842259205877781 teacher_updates=1 temp_adv=1.239909111090865 temp_nat=2.5510908889089388 temperature_updates=1 total_loss=0.036965470761060715 views=2
2026-09-17 07:46:19.038 | INFO     | __main__:<module>:497 - METHOD_BATCH epoch=286 step=300 adv_kd=0.009223807603120804 awp_gamma=0.002 awp_relative_norm_max=0.0020000003278255463 clean_ce=0.21922752261161804 clean_ce_term=0.010961376130580902 consistency_term=0.00047529744915664196 consistency_weight=0.5 js_raw=0.09505949169397354 lr=0.002116554395384172 nat_kd=0.00541171059012413 pcgrad_conflicts=0 push=0.0032734181731939316 push_term=0.00016367092030122876 student_updates=1 teacher_ce=0.42562735080718994 teacher_lr=7.649361886781814e-07 teacher_margin=1.2410616874694824 teacher_margin_term=0.01241061557084322 teacher_updates=1 temp_adv=1.239909111090865 temp_nat=2.5510908889089388 temperature_updates=1 total_loss=0.038646478205919266 views=2
2026-09-17 07:50:00.590 | INFO     | __main__:<module>:875 - TRAIN_EPOCH_RESOURCE epoch=286 seconds=954.3774436861277 peak_allocated_bytes=11589042688
2026-09-17 07:50:59.335 | INFO     | __main__:<module>:934 - student robust acc 0.2706, teacher robust acc 0.4880, nat teacher robust acc 0.4564
2026-09-17 07:51:20.534 | INFO     | __main__:<module>:1010 - student natural acc 0.6709, adv teacher natural acc 0.6122, nat teacher natural acc 0.7650
2026-09-17 07:51:20.536 | INFO     | __main__:<module>:482 - METHOD epoch=287 views=2 awp_gamma=0.002 consistency_weight=0.5
2026-09-17 07:51:20.537 | INFO     | __main__:<module>:485 - the 287th epoch 
2026-09-17 07:51:22.966 | INFO     | __main__:<module>:497 - METHOD_BATCH epoch=287 step=0 adv_kd=0.008342331275343895 awp_gamma=0.002 awp_relative_norm_max=0.0020000003278255463 clean_ce=0.1912473440170288 clean_ce_term=0.00956236757338047 consistency_term=0.00048615215928293765 consistency_weight=0.5 js_raw=0.09723043441772461 lr=0.001826571081769875 nat_kd=0.004384595900774002 pcgrad_conflicts=0 push=0.004307954106479883 push_term=0.00021539771114476025 student_updates=1 teacher_ce=0.3630150556564331 teacher_lr=6.597468950262421e-07 teacher_margin=1.0352063179016113 teacher_margin_term=0.010352062992751598 teacher_updates=1 temp_adv=1.239909111090865 temp_nat=2.5510908889089388 temperature_updates=1 total_loss=0.03334290534257889 views=2
2026-09-17 07:55:27.107 | INFO     | __main__:<module>:497 - METHOD_BATCH epoch=287 step=100 adv_kd=0.007845615968108177 awp_gamma=0.002 awp_relative_norm_max=0.0020000003278255463 clean_ce=0.1983788013458252 clean_ce_term=0.0099189393222332 consistency_term=0.0004395520663820207 consistency_weight=0.5 js_raw=0.08791041374206543 lr=0.001826571081769875 nat_kd=0.005176580976694822 pcgrad_conflicts=0 push=0.0029527759179472923 push_term=0.00014763879880774766 student_updates=1 teacher_ce=0.38162878155708313 teacher_lr=6.597468950262421e-07 teacher_margin=1.034938097000122 teacher_margin_term=0.010349379852414131 teacher_updates=1 temp_adv=1.239909111090865 temp_nat=2.5510908889089388 temperature_updates=1 total_loss=0.03387770429253578 views=2
2026-09-17 07:59:31.621 | INFO     | __main__:<module>:497 - METHOD_BATCH epoch=287 step=200 adv_kd=0.007837647572159767 awp_gamma=0.002 awp_relative_norm_max=0.0020000003278255463 clean_ce=0.19044214487075806 clean_ce_term=0.009522106498479843 consistency_term=0.0004839938774239272 consistency_weight=0.5 js_raw=0.09679877758026123 lr=0.001826571081769875 nat_kd=0.004330377094447613 pcgrad_conflicts=0 push=0.0036900395061820745 push_term=0.0001845019869506359 student_updates=1 teacher_ce=0.45388559997081757 teacher_lr=6.597468950262421e-07 teacher_margin=0.9860202670097351 teacher_margin_term=0.009860202670097351 teacher_updates=1 temp_adv=1.239909111090865 temp_nat=2.5510908889089388 temperature_updates=1 total_loss=0.03221882879734039 views=2
2026-09-17 08:03:37.272 | INFO     | __main__:<module>:497 - METHOD_BATCH epoch=287 step=300 adv_kd=0.007780538406223059 awp_gamma=0.002 awp_relative_norm_max=0.0020000003278255463 clean_ce=0.218494713306427 clean_ce_term=0.010924735106527805 consistency_term=0.0005508303293026984 consistency_weight=0.5 js_raw=0.11016606539487839 lr=0.001826571081769875 nat_kd=0.005201786756515503 pcgrad_conflicts=0 push=0.0037135870661586523 push_term=0.00018567935330793262 student_updates=1 teacher_ce=0.38072143495082855 teacher_lr=6.597468950262421e-07 teacher_margin=1.0331947803497314 teacher_margin_term=0.010331947356462479 teacher_updates=1 temp_adv=1.239909111090865 temp_nat=2.5510908889089388 temperature_updates=1 total_loss=0.03497551381587982 views=2
2026-09-17 08:07:17.189 | INFO     | __main__:<module>:875 - TRAIN_EPOCH_RESOURCE epoch=287 seconds=956.6521490626037 peak_allocated_bytes=11589042688
2026-09-17 08:08:14.849 | INFO     | __main__:<module>:934 - student robust acc 0.2706, teacher robust acc 0.4898, nat teacher robust acc 0.4540
2026-09-17 08:08:35.713 | INFO     | __main__:<module>:1010 - student natural acc 0.6704, adv teacher natural acc 0.6134, nat teacher natural acc 0.7650
2026-09-17 08:08:35.716 | INFO     | __main__:<module>:482 - METHOD epoch=288 views=2 awp_gamma=0.002 consistency_weight=0.5
2026-09-17 08:08:35.716 | INFO     | __main__:<module>:485 - the 288th epoch 
2026-09-17 08:08:38.068 | INFO     | __main__:<module>:497 - METHOD_BATCH epoch=288 step=0 adv_kd=0.008773271925747395 awp_gamma=0.002 awp_relative_norm_max=0.0020000003278255463 clean_ce=0.21314531564712524 clean_ce_term=0.010657265782356262 consistency_term=0.0005820966325700283 consistency_weight=0.5 js_raw=0.11641933023929596 lr=0.001557602445950919 nat_kd=0.006184486672282219 pcgrad_conflicts=0 push=0.003852240974083543 push_term=0.00019261206034570932 student_updates=1 teacher_ce=0.3929649740457535 teacher_lr=5.622935115671804e-07 teacher_margin=1.1530909538269043 teacher_margin_term=0.011530909687280655 teacher_updates=1 temp_adv=1.239909111090865 temp_nat=2.5510908889089388 temperature_updates=1 total_loss=0.037920642644166946 views=2
2026-09-17 08:12:32.670 | INFO     | __main__:<module>:497 - METHOD_BATCH epoch=288 step=100 adv_kd=0.007514494936913252 awp_gamma=0.002 awp_relative_norm_max=0.0020000003278255463 clean_ce=0.20529410243034363 clean_ce_term=0.010264705866575241 consistency_term=0.00035657270927913487 consistency_weight=0.5 js_raw=0.07131454348564148 lr=0.001557602445950919 nat_kd=0.004881717264652252 pcgrad_conflicts=0 push=0.0040842583402991295 push_term=0.0002042129053734243 student_updates=1 teacher_ce=0.3366907685995102 teacher_lr=5.622935115671804e-07 teacher_margin=0.9536199569702148 teacher_margin_term=0.009536199271678925 teacher_updates=1 temp_adv=1.239909111090865 temp_nat=2.5510908889089388 temperature_updates=1 total_loss=0.03275790438055992 views=2
2026-09-17 08:16:28.082 | INFO     | __main__:<module>:497 - METHOD_BATCH epoch=288 step=200 adv_kd=0.008467521518468857 awp_gamma=0.002 awp_relative_norm_max=0.0020000003278255463 clean_ce=0.19807669520378113 clean_ce_term=0.009903835132718086 consistency_term=0.0004724126192741096 consistency_weight=0.5 js_raw=0.09448252618312836 lr=0.001557602445950919 nat_kd=0.004767510108649731 pcgrad_conflicts=0 push=0.004147673491388559 push_term=0.00020738368039019406 student_updates=1 teacher_ce=0.3436310738325119 teacher_lr=5.622935115671804e-07 teacher_margin=1.121254563331604 teacher_margin_term=0.011212545447051525 teacher_updates=1 temp_adv=1.239909111090865 temp_nat=2.5510908889089388 temperature_updates=1 total_loss=0.03503120690584183 views=2
2026-09-17 08:20:22.948 | INFO     | __main__:<module>:497 - METHOD_BATCH epoch=288 step=300 adv_kd=0.007797796279191971 awp_gamma=0.002 awp_relative_norm_max=0.0020000003278255463 clean_ce=0.20337355136871338 clean_ce_term=0.010168678127229214 consistency_term=0.0005427869036793709 consistency_weight=0.5 js_raw=0.10855738818645477 lr=0.001557602445950919 nat_kd=0.004162576049566269 pcgrad_conflicts=0 push=0.0033662200439721346 push_term=0.00016831100219860673 student_updates=1 teacher_ce=0.3108891397714615 teacher_lr=5.622935115671804e-07 teacher_margin=0.9697439074516296 teacher_margin_term=0.009697439149022102 teacher_updates=1 temp_adv=1.239909111090865 temp_nat=2.5510908889089388 temperature_updates=1 total_loss=0.032537586987018585 views=2
2026-09-17 08:23:54.201 | INFO     | __main__:<module>:875 - TRAIN_EPOCH_RESOURCE epoch=288 seconds=918.4849119260907 peak_allocated_bytes=11589042688
2026-09-17 08:24:49.982 | INFO     | __main__:<module>:934 - student robust acc 0.2694, teacher robust acc 0.4897, nat teacher robust acc 0.4572
2026-09-17 08:25:11.302 | INFO     | __main__:<module>:1010 - student natural acc 0.6693, adv teacher natural acc 0.6114, nat teacher natural acc 0.7650
2026-09-17 08:25:11.304 | INFO     | __main__:<module>:482 - METHOD epoch=289 views=2 awp_gamma=0.002 consistency_weight=0.5
2026-09-17 08:25:11.304 | INFO     | __main__:<module>:485 - the 289th epoch 
2026-09-17 08:25:13.666 | INFO     | __main__:<module>:497 - METHOD_BATCH epoch=289 step=0 adv_kd=0.006862391717731953 awp_gamma=0.002 awp_relative_norm_max=0.0020000003278255463 clean_ce=0.21152690052986145 clean_ce_term=0.010576345026493073 consistency_term=0.00043701991671696305 consistency_weight=0.5 js_raw=0.08740398287773132 lr=0.0013097593786767722 nat_kd=0.0046953000128269196 pcgrad_conflicts=0 push=0.002783618401736021 push_term=0.00013918092008680105 student_updates=1 teacher_ce=0.38014981150627136 teacher_lr=4.725897498303343e-07 teacher_margin=0.9135391712188721 teacher_margin_term=0.009135391563177109 teacher_updates=1 temp_adv=1.239909111090865 temp_nat=2.5510908889089388 temperature_updates=1 total_loss=0.03184563294053078 views=2
2026-09-17 08:29:08.655 | INFO     | __main__:<module>:497 - METHOD_BATCH epoch=289 step=100 adv_kd=0.0071567753329873085 awp_gamma=0.002 awp_relative_norm_max=0.0020000003278255463 clean_ce=0.22274243831634521 clean_ce_term=0.01113712228834629 consistency_term=0.0005120312562212348 consistency_weight=0.5 js_raw=0.10240625590085983 lr=0.0013097593786767722 nat_kd=0.004041578620672226 pcgrad_conflicts=0 push=0.003442528424784541 push_term=0.00017212642705999315 student_updates=1 teacher_ce=0.35589705407619476 teacher_lr=4.725897498303343e-07 teacher_margin=0.9762465953826904 teacher_margin_term=0.009762465953826904 teacher_updates=1 temp_adv=1.239909111090865 temp_nat=2.5510908889089388 temperature_updates=1 total_loss=0.03278209641575813 views=2
2026-09-17 08:33:03.619 | INFO     | __main__:<module>:497 - METHOD_BATCH epoch=289 step=200 adv_kd=0.009617570787668228 awp_gamma=0.002 awp_relative_norm_max=0.0020000003278255463 clean_ce=0.21055468916893005 clean_ce_term=0.010527734644711018 consistency_term=0.000706346589140594 consistency_weight=0.5 js_raw=0.14126932621002197 lr=0.0013097593786767722 nat_kd=0.005655677989125252 pcgrad_conflicts=0 push=0.0037593920715153217 push_term=0.00018796960648614913 student_updates=1 teacher_ce=0.437360942363739 teacher_lr=4.725897498303343e-07 teacher_margin=1.3528101444244385 teacher_margin_term=0.013528101146221161 teacher_updates=1 temp_adv=1.239909111090865 temp_nat=2.5510908889089388 temperature_updates=1 total_loss=0.04022339731454849 views=2
2026-09-17 08:36:57.372 | INFO     | __main__:<module>:497 - METHOD_BATCH epoch=289 step=300 adv_kd=0.00788102112710476 awp_gamma=0.002 awp_relative_norm_max=0.0020000003278255463 clean_ce=0.1970289945602417 clean_ce_term=0.009851450100541115 consistency_term=0.00040319262188859284 consistency_weight=0.5 js_raw=0.08063852787017822 lr=0.0013097593786767722 nat_kd=0.004818042274564505 pcgrad_conflicts=0 push=0.0038503396790474653 push_term=0.00019251697813160717 student_updates=1 teacher_ce=0.3196953684091568 teacher_lr=4.725897498303343e-07 teacher_margin=1.0059977769851685 teacher_margin_term=0.010059976950287819 teacher_updates=1 temp_adv=1.239909111090865 temp_nat=2.5510908889089388 temperature_updates=1 total_loss=0.03320619836449623 views=2
2026-09-17 08:40:28.411 | INFO     | __main__:<module>:875 - TRAIN_EPOCH_RESOURCE epoch=289 seconds=917.1069126576185 peak_allocated_bytes=11589042688
2026-09-17 08:41:23.891 | INFO     | __main__:<module>:934 - student robust acc 0.2690, teacher robust acc 0.4912, nat teacher robust acc 0.4577
2026-09-17 08:41:45.219 | INFO     | __main__:<module>:1010 - student natural acc 0.6682, adv teacher natural acc 0.6117, nat teacher natural acc 0.7650
2026-09-17 08:41:45.222 | INFO     | __main__:<module>:482 - METHOD epoch=290 views=2 awp_gamma=0.002 consistency_weight=0.5
2026-09-17 08:41:45.222 | INFO     | __main__:<module>:485 - the 290th epoch 
2026-09-17 08:41:47.572 | INFO     | __main__:<module>:497 - METHOD_BATCH epoch=290 step=0 adv_kd=0.008984362706542015 awp_gamma=0.002 awp_relative_norm_max=0.0020000003278255463 clean_ce=0.19411003589630127 clean_ce_term=0.009705502539873123 consistency_term=0.0004680889251176268 consistency_weight=0.5 js_raw=0.09361778944730759 lr=0.0010831433651830678 nat_kd=0.004807907156646252 pcgrad_conflicts=0 push=0.004501648247241974 push_term=0.00022508240363094956 student_updates=1 teacher_ce=0.3677743077278137 teacher_lr=3.90648080702743e-07 teacher_margin=1.265777349472046 teacher_margin_term=0.0126577727496624 teacher_updates=1 temp_adv=1.239909111090865 temp_nat=2.5510908889089388 temperature_updates=1 total_loss=0.03684872016310692 views=2
2026-09-17 08:45:45.702 | INFO     | __main__:<module>:497 - METHOD_BATCH epoch=290 step=100 adv_kd=0.008430889807641506 awp_gamma=0.002 awp_relative_norm_max=0.0020000003278255463 clean_ce=0.19326962530612946 clean_ce_term=0.009663481265306473 consistency_term=0.00046274682972580194 consistency_weight=0.5 js_raw=0.09254936873912811 lr=0.0010831433651830678 nat_kd=0.004853812977671623 pcgrad_conflicts=0 push=0.004915277939289808 push_term=0.0002457639202475548 student_updates=1 teacher_ce=0.3779521584510803 teacher_lr=3.90648080702743e-07 teacher_margin=1.1995415687561035 teacher_margin_term=0.011995416134595871 teacher_updates=1 temp_adv=1.239909111090865 temp_nat=2.5510908889089388 temperature_updates=1 total_loss=0.03565211221575737 views=2
2026-09-17 08:49:44.138 | INFO     | __main__:<module>:497 - METHOD_BATCH epoch=290 step=200 adv_kd=0.007560005411505699 awp_gamma=0.002 awp_relative_norm_max=0.0020000003278255463 clean_ce=0.21364453434944153 clean_ce_term=0.010682227090001106 consistency_term=0.00037955999141559005 consistency_weight=0.5 js_raw=0.0759119987487793 lr=0.0010831433651830678 nat_kd=0.004933933261781931 pcgrad_conflicts=0 push=0.003918646834790707 push_term=0.00019593234173953533 student_updates=1 teacher_ce=0.2759312689304352 teacher_lr=3.90648080702743e-07 teacher_margin=1.0690208673477173 teacher_margin_term=0.010690208524465561 teacher_updates=1 temp_adv=1.239909111090865 temp_nat=2.5510908889089388 temperature_updates=1 total_loss=0.034441862255334854 views=2
2026-09-17 08:53:41.035 | INFO     | __main__:<module>:497 - METHOD_BATCH epoch=290 step=300 adv_kd=0.008617383427917957 awp_gamma=0.002 awp_relative_norm_max=0.0020000003278255463 clean_ce=0.21406890451908112 clean_ce_term=0.01070344541221857 consistency_term=0.0004248007317073643 consistency_weight=0.5 js_raw=0.08496014773845673 lr=0.0010831433651830678 nat_kd=0.005664480850100517 pcgrad_conflicts=0 push=0.0030049430206418037 push_term=0.00015024715685285628 student_updates=1 teacher_ce=0.3956105262041092 teacher_lr=3.90648080702743e-07 teacher_margin=1.1912943124771118 teacher_margin_term=0.011912942864000797 teacher_updates=1 temp_adv=1.239909111090865 temp_nat=2.5510908889089388 temperature_updates=1 total_loss=0.03747330233454704 views=2
2026-09-17 08:57:15.223 | INFO     | __main__:<module>:875 - TRAIN_EPOCH_RESOURCE epoch=290 seconds=930.0006346926093 peak_allocated_bytes=11589042688
2026-09-17 08:58:12.868 | INFO     | __main__:<module>:934 - student robust acc 0.2693, teacher robust acc 0.4896, nat teacher robust acc 0.4588
2026-09-17 08:58:34.464 | INFO     | __main__:<module>:1010 - student natural acc 0.6683, adv teacher natural acc 0.6106, nat teacher natural acc 0.7650
2026-09-17 08:58:34.466 | INFO     | __main__:<module>:482 - METHOD epoch=291 views=2 awp_gamma=0.002 consistency_weight=0.5
2026-09-17 08:58:34.466 | INFO     | __main__:<module>:485 - the 291th epoch 
2026-09-17 08:58:36.864 | INFO     | __main__:<module>:497 - METHOD_BATCH epoch=291 step=0 adv_kd=0.008471056818962097 awp_gamma=0.002 awp_relative_norm_max=0.0020000003278255463 clean_ce=0.2110201120376587 clean_ce_term=0.01055100653320551 consistency_term=0.0007012986461631954 consistency_weight=0.5 js_raw=0.1402597278356552 lr=0.0008778464423593912 nat_kd=0.004911023657768965 pcgrad_conflicts=0 push=0.004264087416231632 push_term=0.00021320438827387989 student_updates=1 teacher_ce=0.35872915387153625 teacher_lr=3.1647973262084605e-07 teacher_margin=1.242089867591858 teacher_margin_term=0.01242089830338955 teacher_updates=1 temp_adv=1.239909111090865 temp_nat=2.5510908889089388 temperature_updates=1 total_loss=0.03726848587393761 views=2
2026-09-17 09:02:34.942 | INFO     | __main__:<module>:497 - METHOD_BATCH epoch=291 step=100 adv_kd=0.008423001505434513 awp_gamma=0.002 awp_relative_norm_max=0.0020000003278255463 clean_ce=0.22199097275733948 clean_ce_term=0.011099549010396004 consistency_term=0.0005757707986049354 consistency_weight=0.5 js_raw=0.11515416204929352 lr=0.0008778464423593912 nat_kd=0.0043800463899970055 pcgrad_conflicts=0 push=0.003960873931646347 push_term=0.00019804370822384953 student_updates=1 teacher_ce=0.3139300048351288 teacher_lr=3.1647973262084605e-07 teacher_margin=1.1978368759155273 teacher_margin_term=0.011978368274867535 teacher_updates=1 temp_adv=1.239909111090865 temp_nat=2.5510908889089388 temperature_updates=1 total_loss=0.03665477782487869 views=2
2026-09-17 09:06:33.368 | INFO     | __main__:<module>:497 - METHOD_BATCH epoch=291 step=200 adv_kd=0.008516138419508934 awp_gamma=0.002 awp_relative_norm_max=0.0020000003278255463 clean_ce=0.20286144316196442 clean_ce_term=0.010143072344362736 consistency_term=0.0005736724706366658 consistency_weight=0.5 js_raw=0.11473449319601059 lr=0.0008778464423593912 nat_kd=0.004917331505566835 pcgrad_conflicts=0 push=0.0041642519645392895 push_term=0.00020821260113734752 student_updates=1 teacher_ce=0.3176511973142624 teacher_lr=3.1647973262084605e-07 teacher_margin=1.1691906452178955 teacher_margin_term=0.011691907420754433 teacher_updates=1 temp_adv=1.239909111090865 temp_nat=2.5510908889089388 temperature_updates=1 total_loss=0.03605033457279205 views=2
2026-09-17 09:10:28.957 | INFO     | __main__:<module>:497 - METHOD_BATCH epoch=291 step=300 adv_kd=0.00871681421995163 awp_gamma=0.002 awp_relative_norm_max=0.0020000003278255463 clean_ce=0.20459577441215515 clean_ce_term=0.010229789651930332 consistency_term=0.0004521738737821579 consistency_weight=0.5 js_raw=0.09043477475643158 lr=0.0008778464423593912 nat_kd=0.005022675730288029 pcgrad_conflicts=0 push=0.0038126446306705475 push_term=0.00019063224317505956 student_updates=1 teacher_ce=0.35589340329170227 teacher_lr=3.1647973262084605e-07 teacher_margin=1.1837351322174072 teacher_margin_term=0.011837351135909557 teacher_updates=1 temp_adv=1.239909111090865 temp_nat=2.5510908889089388 temperature_updates=1 total_loss=0.03644943982362747 views=2
2026-09-17 09:14:10.186 | INFO     | __main__:<module>:875 - TRAIN_EPOCH_RESOURCE epoch=291 seconds=935.7199302539229 peak_allocated_bytes=11589042688
2026-09-17 09:15:10.495 | INFO     | __main__:<module>:934 - student robust acc 0.2673, teacher robust acc 0.4863, nat teacher robust acc 0.4549
2026-09-17 09:15:32.170 | INFO     | __main__:<module>:1010 - student natural acc 0.6679, adv teacher natural acc 0.6122, nat teacher natural acc 0.7650
2026-09-17 09:15:32.172 | INFO     | __main__:<module>:482 - METHOD epoch=292 views=2 awp_gamma=0.002 consistency_weight=0.5
2026-09-17 09:15:32.172 | INFO     | __main__:<module>:485 - the 292th epoch 
2026-09-17 09:15:34.650 | INFO     | __main__:<module>:497 - METHOD_BATCH epoch=292 step=0 adv_kd=0.008443803526461124 awp_gamma=0.002 awp_relative_norm_max=0.0020000003278255463 clean_ce=0.20748654007911682 clean_ce_term=0.010374326258897781 consistency_term=0.0006229440914466977 consistency_weight=0.5 js_raw=0.12458881735801697 lr=0.0006939511601469648 nat_kd=0.005451366305351257 pcgrad_conflicts=0 push=0.003965858835726976 push_term=0.00019829293887596577 student_updates=1 teacher_ce=0.43570202589035034 teacher_lr=2.500946899621933e-07 teacher_margin=1.1457303762435913 teacher_margin_term=0.011457303538918495 teacher_updates=1 temp_adv=1.239909111090865 temp_nat=2.5510908889089388 temperature_updates=1 total_loss=0.03654803708195686 views=2
2026-09-17 09:19:41.784 | INFO     | __main__:<module>:497 - METHOD_BATCH epoch=292 step=100 adv_kd=0.008232492953538895 awp_gamma=0.002 awp_relative_norm_max=0.0020000003278255463 clean_ce=0.19523805379867554 clean_ce_term=0.009761903434991837 consistency_term=0.0004714927345048636 consistency_weight=0.5 js_raw=0.09429854899644852 lr=0.0006939511601469648 nat_kd=0.0048905229195952415 pcgrad_conflicts=0 push=0.002857644110918045 push_term=0.0001428822142770514 student_updates=1 teacher_ce=0.38656526803970337 teacher_lr=2.500946899621933e-07 teacher_margin=1.0360387563705444 teacher_margin_term=0.010360387153923512 teacher_updates=1 temp_adv=1.239909111090865 temp_nat=2.5510908889089388 temperature_updates=1 total_loss=0.03385968133807182 views=2
2026-09-17 09:23:48.653 | INFO     | __main__:<module>:497 - METHOD_BATCH epoch=292 step=200 adv_kd=0.0074399663135409355 awp_gamma=0.002 awp_relative_norm_max=0.0020000003278255463 clean_ce=0.1944226622581482 clean_ce_term=0.00972113385796547 consistency_term=0.0003746140282601118 consistency_weight=0.5 js_raw=0.07492280751466751 lr=0.0006939511601469648 nat_kd=0.004406758584082127 pcgrad_conflicts=0 push=0.0030597506556659937 push_term=0.00015298754442483187 student_updates=1 teacher_ce=0.31182532012462616 teacher_lr=2.500946899621933e-07 teacher_margin=0.9924849271774292 teacher_margin_term=0.00992484949529171 teacher_updates=1 temp_adv=1.239909111090865 temp_nat=2.5510908889089388 temperature_updates=1 total_loss=0.03202030807733536 views=2
2026-09-17 09:27:59.093 | INFO     | __main__:<module>:497 - METHOD_BATCH epoch=292 step=300 adv_kd=0.007975973188877106 awp_gamma=0.002 awp_relative_norm_max=0.0020000003278255463 clean_ce=0.22354987263679504 clean_ce_term=0.011177493259310722 consistency_term=0.0004757182323373854 consistency_weight=0.5 js_raw=0.0951436460018158 lr=0.0006939511601469648 nat_kd=0.004892951808869839 pcgrad_conflicts=0 push=0.0035091121681034565 push_term=0.00017545561422593892 student_updates=1 teacher_ce=0.30412742495536804 teacher_lr=2.500946899621933e-07 teacher_margin=1.071220874786377 teacher_margin_term=0.010712208226323128 teacher_updates=1 temp_adv=1.239909111090865 temp_nat=2.5510908889089388 temperature_updates=1 total_loss=0.035409800708293915 views=2
2026-09-17 09:31:40.304 | INFO     | __main__:<module>:875 - TRAIN_EPOCH_RESOURCE epoch=292 seconds=968.1320993043482 peak_allocated_bytes=11589042688
2026-09-17 09:32:40.715 | INFO     | __main__:<module>:934 - student robust acc 0.2681, teacher robust acc 0.4898, nat teacher robust acc 0.4538
2026-09-17 09:33:03.191 | INFO     | __main__:<module>:1010 - student natural acc 0.6681, adv teacher natural acc 0.6148, nat teacher natural acc 0.7650
2026-09-17 09:33:03.193 | INFO     | __main__:<module>:482 - METHOD epoch=293 views=2 awp_gamma=0.002 consistency_weight=0.5
2026-09-17 09:33:03.194 | INFO     | __main__:<module>:485 - the 293th epoch 
2026-09-17 09:33:05.666 | INFO     | __main__:<module>:497 - METHOD_BATCH epoch=293 step=0 adv_kd=0.0075149377807974815 awp_gamma=0.002 awp_relative_norm_max=0.0020000003278255463 clean_ce=0.21558305621147156 clean_ce_term=0.010779153555631638 consistency_term=0.0005148050258867443 consistency_weight=0.5 js_raw=0.10296100378036499 lr=0.000531530547182537 nat_kd=0.005023445934057236 pcgrad_conflicts=0 push=0.0044649746268987656 push_term=0.00022324873134493828 student_updates=1 teacher_ce=0.37743061780929565 teacher_lr=1.915016916374189e-07 teacher_margin=1.117722749710083 teacher_margin_term=0.011177226901054382 teacher_updates=1 temp_adv=1.239909111090865 temp_nat=2.5510908889089388 temperature_updates=1 total_loss=0.035232819616794586 views=2
2026-09-17 09:37:08.427 | INFO     | __main__:<module>:497 - METHOD_BATCH epoch=293 step=100 adv_kd=0.008403720334172249 awp_gamma=0.002 awp_relative_norm_max=0.0020000003278255463 clean_ce=0.2409917414188385 clean_ce_term=0.012049587443470955 consistency_term=0.0005770957213826478 consistency_weight=0.5 js_raw=0.11541914194822311 lr=0.000531530547182537 nat_kd=0.005613188724964857 pcgrad_conflicts=0 push=0.004708144813776016 push_term=0.00023540723486803472 student_updates=1 teacher_ce=0.41806283593177795 teacher_lr=1.915016916374189e-07 teacher_margin=1.1322331428527832 teacher_margin_term=0.011322332546114922 teacher_updates=1 temp_adv=1.239909111090865 temp_nat=2.5510908889089388 temperature_updates=1 total_loss=0.03820132836699486 views=2
2026-09-17 09:41:06.293 | INFO     | __main__:<module>:497 - METHOD_BATCH epoch=293 step=200 adv_kd=0.008890198543667793 awp_gamma=0.002 awp_relative_norm_max=0.0020000003278255463 clean_ce=0.194128155708313 clean_ce_term=0.00970640778541565 consistency_term=0.0006255920161493123 consistency_weight=0.5 js_raw=0.1251184046268463 lr=0.000531530547182537 nat_kd=0.004865436814725399 pcgrad_conflicts=0 push=0.004897617734968662 push_term=0.0002448809100314975 student_updates=1 teacher_ce=0.3609175980091095 teacher_lr=1.915016916374189e-07 teacher_margin=1.143147587776184 teacher_margin_term=0.011431476101279259 teacher_updates=1 temp_adv=1.239909111090865 temp_nat=2.5510908889089388 temperature_updates=1 total_loss=0.03576399013400078 views=2
2026-09-17 09:45:02.772 | INFO     | __main__:<module>:497 - METHOD_BATCH epoch=293 step=300 adv_kd=0.00741263572126627 awp_gamma=0.002 awp_relative_norm_max=0.0020000003278255463 clean_ce=0.20769445598125458 clean_ce_term=0.010384723544120789 consistency_term=0.0004623924323823303 consistency_weight=0.5 js_raw=0.09247849136590958 lr=0.000531530547182537 nat_kd=0.004565548151731491 pcgrad_conflicts=0 push=0.003979826346039772 push_term=0.00019899132894352078 student_updates=1 teacher_ce=0.3769018203020096 teacher_lr=1.915016916374189e-07 teacher_margin=1.12783944606781 teacher_margin_term=0.011278394609689713 teacher_updates=1 temp_adv=1.239909111090865 temp_nat=2.5510908889089388 temperature_updates=1 total_loss=0.03430268540978432 views=2
2026-09-17 09:48:35.267 | INFO     | __main__:<module>:875 - TRAIN_EPOCH_RESOURCE epoch=293 seconds=932.0737276151776 peak_allocated_bytes=11589042688
2026-09-17 09:49:30.938 | INFO     | __main__:<module>:934 - student robust acc 0.2671, teacher robust acc 0.4888, nat teacher robust acc 0.4582
2026-09-17 09:49:53.281 | INFO     | __main__:<module>:1010 - student natural acc 0.6683, adv teacher natural acc 0.6131, nat teacher natural acc 0.7650
2026-09-17 09:49:53.283 | INFO     | __main__:<module>:482 - METHOD epoch=294 views=2 awp_gamma=0.002 consistency_weight=0.5
2026-09-17 09:49:53.283 | INFO     | __main__:<module>:485 - the 294th epoch 
2026-09-17 09:49:55.659 | INFO     | __main__:<module>:497 - METHOD_BATCH epoch=294 step=0 adv_kd=0.008369184099137783 awp_gamma=0.002 awp_relative_norm_max=0.0020000000949949026 clean_ce=0.20048710703849792 clean_ce_term=0.010024355724453926 consistency_term=0.000531915167812258 consistency_weight=0.5 js_raw=0.10638304054737091 lr=0.000390648080702743 nat_kd=0.005305176600813866 pcgrad_conflicts=0 push=0.004017421510070562 push_term=0.0002008710871450603 student_updates=1 teacher_ce=0.4229589253664017 teacher_lr=1.407082298827474e-07 teacher_margin=1.1038087606430054 teacher_margin_term=0.01103808730840683 teacher_updates=1 temp_adv=1.239909111090865 temp_nat=2.5510908889089388 temperature_updates=1 total_loss=0.03546958789229393 views=2
2026-09-17 09:53:51.271 | INFO     | __main__:<module>:497 - METHOD_BATCH epoch=294 step=100 adv_kd=0.007644137367606163 awp_gamma=0.002 awp_relative_norm_max=0.0020000003278255463 clean_ce=0.1963127851486206 clean_ce_term=0.009815638884902 consistency_term=0.0004842699854634702 consistency_weight=0.5 js_raw=0.09685400128364563 lr=0.000390648080702743 nat_kd=0.005048012360930443 pcgrad_conflicts=0 push=0.003519702237099409 push_term=0.0001759851147653535 student_updates=1 teacher_ce=0.34845198690891266 teacher_lr=1.407082298827474e-07 teacher_margin=0.9926888942718506 teacher_margin_term=0.009926889091730118 teacher_updates=1 temp_adv=1.239909111090865 temp_nat=2.5510908889089388 temperature_updates=1 total_loss=0.03309493139386177 views=2
2026-09-17 09:57:47.502 | INFO     | __main__:<module>:497 - METHOD_BATCH epoch=294 step=200 adv_kd=0.00850929319858551 awp_gamma=0.002 awp_relative_norm_max=0.0020000003278255463 clean_ce=0.19745472073554993 clean_ce_term=0.009872736409306526 consistency_term=0.00047522984095849097 consistency_weight=0.5 js_raw=0.09504596889019012 lr=0.000390648080702743 nat_kd=0.004836724139750004 pcgrad_conflicts=0 push=0.004428279586136341 push_term=0.00022141399676911533 student_updates=1 teacher_ce=0.39616990089416504 teacher_lr=1.407082298827474e-07 teacher_margin=1.1992249488830566 teacher_margin_term=0.011992249637842178 teacher_updates=1 temp_adv=1.239909111090865 temp_nat=2.5510908889089388 temperature_updates=1 total_loss=0.035907644778490067 views=2
2026-09-17 10:01:43.636 | INFO     | __main__:<module>:497 - METHOD_BATCH epoch=294 step=300 adv_kd=0.007802355568856001 awp_gamma=0.002 awp_relative_norm_max=0.0020000003278255463 clean_ce=0.20890098810195923 clean_ce_term=0.010445049032568932 consistency_term=0.0005344136152416468 consistency_weight=0.5 js_raw=0.1068827211856842 lr=0.000390648080702743 nat_kd=0.005287285894155502 pcgrad_conflicts=0 push=0.0039244722574949265 push_term=0.00019622362742666155 student_updates=1 teacher_ce=0.4096307009458542 teacher_lr=1.407082298827474e-07 teacher_margin=1.049300193786621 teacher_margin_term=0.010493001900613308 teacher_updates=1 temp_adv=1.239909111090865 temp_nat=2.5510908889089388 temperature_updates=1 total_loss=0.03475833311676979 views=2
2026-09-17 10:05:15.605 | INFO     | __main__:<module>:875 - TRAIN_EPOCH_RESOURCE epoch=294 seconds=922.3215766064823 peak_allocated_bytes=11589042688
2026-09-17 10:06:11.994 | INFO     | __main__:<module>:934 - student robust acc 0.2671, teacher robust acc 0.4912, nat teacher robust acc 0.4604
2026-09-17 10:06:34.173 | INFO     | __main__:<module>:1010 - student natural acc 0.6676, adv teacher natural acc 0.6098, nat teacher natural acc 0.7650
2026-09-17 10:06:34.176 | INFO     | __main__:<module>:482 - METHOD epoch=295 views=2 awp_gamma=0.002 consistency_weight=0.5
2026-09-17 10:06:34.176 | INFO     | __main__:<module>:485 - the 295th epoch 
2026-09-17 10:06:36.568 | INFO     | __main__:<module>:497 - METHOD_BATCH epoch=295 step=0 adv_kd=0.0072373924776911736 awp_gamma=0.002 awp_relative_norm_max=0.0020000003278255463 clean_ce=0.20014984905719757 clean_ce_term=0.010007493197917938 consistency_term=0.0006434401147998869 consistency_weight=0.5 js_raw=0.1286880224943161 lr=0.00027135766072145613 nat_kd=0.004908308386802673 pcgrad_conflicts=0 push=0.004823098890483379 push_term=0.00024115495034493506 student_updates=1 teacher_ce=0.38789044320583344 teacher_lr=9.77205492530278e-08 teacher_margin=0.9637821316719055 teacher_margin_term=0.009637821465730667 teacher_updates=1 temp_adv=1.239909111090865 temp_nat=2.5510908889089388 temperature_updates=1 total_loss=0.0326756089925766 views=2
2026-09-17 10:10:33.014 | INFO     | __main__:<module>:497 - METHOD_BATCH epoch=295 step=100 adv_kd=0.007884862832725048 awp_gamma=0.002 awp_relative_norm_max=0.0020000003278255463 clean_ce=0.1916806399822235 clean_ce_term=0.009584031999111176 consistency_term=0.0004967148415744305 consistency_weight=0.5 js_raw=0.09934297204017639 lr=0.00027135766072145613 nat_kd=0.004243922419846058 pcgrad_conflicts=0 push=0.0036085587926208973 push_term=0.00018042794545181096 student_updates=1 teacher_ce=0.32523320615291595 teacher_lr=9.77205492530278e-08 teacher_margin=1.017095685005188 teacher_margin_term=0.010170957073569298 teacher_updates=1 temp_adv=1.239909111090865 temp_nat=2.5510908889089388 temperature_updates=1 total_loss=0.032560914754867554 views=2
2026-09-17 10:14:29.095 | INFO     | __main__:<module>:497 - METHOD_BATCH epoch=295 step=200 adv_kd=0.00913255289196968 awp_gamma=0.002 awp_relative_norm_max=0.0020000003278255463 clean_ce=0.19541767239570618 clean_ce_term=0.009770883247256279 consistency_term=0.0006865519098937511 consistency_weight=0.5 js_raw=0.13731038570404053 lr=0.00027135766072145613 nat_kd=0.00478740967810154 pcgrad_conflicts=0 push=0.004236066713929176 push_term=0.00021180335897952318 student_updates=1 teacher_ce=0.42018546164035797 teacher_lr=9.77205492530278e-08 teacher_margin=1.2764426469802856 teacher_margin_term=0.012764425948262215 teacher_updates=1 temp_adv=1.239909111090865 temp_nat=2.5510908889089388 temperature_updates=1 total_loss=0.037353627383708954 views=2
2026-09-17 10:18:24.792 | INFO     | __main__:<module>:497 - METHOD_BATCH epoch=295 step=300 adv_kd=0.008719798177480698 awp_gamma=0.002 awp_relative_norm_max=0.0020000003278255463 clean_ce=0.18859894573688507 clean_ce_term=0.009429947473108768 consistency_term=0.0005382240633480251 consistency_weight=0.5 js_raw=0.10764481127262115 lr=0.00027135766072145613 nat_kd=0.005263844504952431 pcgrad_conflicts=0 push=0.003683701856061816 push_term=0.000184185104444623 student_updates=1 teacher_ce=0.3857729583978653 teacher_lr=9.77205492530278e-08 teacher_margin=1.272639274597168 teacher_margin_term=0.012726391665637493 teacher_updates=1 temp_adv=1.239909111090865 temp_nat=2.5510908889089388 temperature_updates=1 total_loss=0.036862391978502274 views=2
2026-09-17 10:21:57.167 | INFO     | __main__:<module>:875 - TRAIN_EPOCH_RESOURCE epoch=295 seconds=922.9913232140243 peak_allocated_bytes=11589042688
2026-09-17 10:22:53.417 | INFO     | __main__:<module>:934 - student robust acc 0.2669, teacher robust acc 0.4906, nat teacher robust acc 0.4594
2026-09-17 10:23:15.685 | INFO     | __main__:<module>:1010 - student natural acc 0.6678, adv teacher natural acc 0.6139, nat teacher natural acc 0.7650
2026-09-17 10:23:15.687 | INFO     | __main__:<module>:482 - METHOD epoch=296 views=2 awp_gamma=0.002 consistency_weight=0.5
2026-09-17 10:23:15.687 | INFO     | __main__:<module>:485 - the 296th epoch 
2026-09-17 10:23:18.048 | INFO     | __main__:<module>:497 - METHOD_BATCH epoch=296 step=0 adv_kd=0.007949762046337128 awp_gamma=0.002 awp_relative_norm_max=0.0020000003278255463 clean_ce=0.2008262425661087 clean_ce_term=0.01004131231456995 consistency_term=0.0005099425907246768 consistency_weight=0.5 js_raw=0.1019885241985321 lr=0.00017370358849060823 nat_kd=0.004508085548877716 pcgrad_conflicts=0 push=0.0038910354487597942 push_term=0.0001945517724379897 student_updates=1 teacher_ce=0.37373723089694977 teacher_lr=6.254364581557131e-08 teacher_margin=1.1425833702087402 teacher_margin_term=0.011425834149122238 teacher_updates=1 temp_adv=1.239909111090865 temp_nat=2.5510908889089388 temperature_updates=1 total_loss=0.03462948650121689 views=2
2026-09-17 10:27:13.221 | INFO     | __main__:<module>:497 - METHOD_BATCH epoch=296 step=100 adv_kd=0.008721874095499516 awp_gamma=0.002 awp_relative_norm_max=0.0020000003278255463 clean_ce=0.22288081049919128 clean_ce_term=0.011144041083753109 consistency_term=0.00047503525274805725 consistency_weight=0.5 js_raw=0.09500705450773239 lr=0.00017370358849060823 nat_kd=0.004209664650261402 pcgrad_conflicts=0 push=0.003987417556345463 push_term=0.00019937087199650705 student_updates=1 teacher_ce=0.2857481986284256 teacher_lr=6.254364581557131e-08 teacher_margin=1.160043478012085 teacher_margin_term=0.01160043478012085 teacher_updates=1 temp_adv=1.239909111090865 temp_nat=2.5510908889089388 temperature_updates=1 total_loss=0.036350417882204056 views=2
2026-09-17 10:31:12.653 | INFO     | __main__:<module>:497 - METHOD_BATCH epoch=296 step=200 adv_kd=0.007938554510474205 awp_gamma=0.002 awp_relative_norm_max=0.0020000003278255463 clean_ce=0.21446934342384338 clean_ce_term=0.010723466984927654 consistency_term=0.0005931841442361474 consistency_weight=0.5 js_raw=0.1186368316411972 lr=0.00017370358849060823 nat_kd=0.005102245602756739 pcgrad_conflicts=0 push=0.003144543617963791 push_term=0.00015722718671895564 student_updates=1 teacher_ce=0.4202648997306824 teacher_lr=6.254364581557131e-08 teacher_margin=1.1213682889938354 teacher_margin_term=0.01121368259191513 teacher_updates=1 temp_adv=1.239909111090865 temp_nat=2.5510908889089388 temperature_updates=1 total_loss=0.03572835773229599 views=2
2026-09-17 10:35:12.165 | INFO     | __main__:<module>:497 - METHOD_BATCH epoch=296 step=300 adv_kd=0.007443008944392204 awp_gamma=0.002 awp_relative_norm_max=0.0020000003278255463 clean_ce=0.22349095344543457 clean_ce_term=0.011174548417329788 consistency_term=0.00046067143557593226 consistency_weight=0.5 js_raw=0.09213428944349289 lr=0.00017370358849060823 nat_kd=0.003999055363237858 pcgrad_conflicts=0 push=0.0029291599057614803 push_term=0.0001464580127503723 student_updates=1 teacher_ce=0.26843854784965515 teacher_lr=6.254364581557131e-08 teacher_margin=0.9353618025779724 teacher_margin_term=0.009353617206215858 teacher_updates=1 temp_adv=1.239909111090865 temp_nat=2.5510908889089388 temperature_updates=1 total_loss=0.03257736191153526 views=2
2026-09-17 10:38:48.627 | INFO     | __main__:<module>:875 - TRAIN_EPOCH_RESOURCE epoch=296 seconds=932.9399980716407 peak_allocated_bytes=11589042688
2026-09-17 10:39:45.537 | INFO     | __main__:<module>:934 - student robust acc 0.2658, teacher robust acc 0.4904, nat teacher robust acc 0.4570
2026-09-17 10:40:07.818 | INFO     | __main__:<module>:1010 - student natural acc 0.6680, adv teacher natural acc 0.6127, nat teacher natural acc 0.7650
2026-09-17 10:40:07.821 | INFO     | __main__:<module>:482 - METHOD epoch=297 views=2 awp_gamma=0.002 consistency_weight=0.5
2026-09-17 10:40:07.821 | INFO     | __main__:<module>:485 - the 297th epoch 
2026-09-17 10:40:10.201 | INFO     | __main__:<module>:497 - METHOD_BATCH epoch=297 step=0 adv_kd=0.007465587928891182 awp_gamma=0.002 awp_relative_norm_max=0.0020000003278255463 clean_ce=0.1883345991373062 clean_ce_term=0.009416730143129826 consistency_term=0.000559360021725297 consistency_weight=0.5 js_raw=0.11187200248241425 lr=9.77205492530278e-05 nat_kd=0.004205883480608463 pcgrad_conflicts=0 push=0.004115330055356026 push_term=0.0002057664969470352 student_updates=1 teacher_ce=0.3547218143939972 teacher_lr=3.5181266544861905e-08 teacher_margin=1.013595461845398 teacher_margin_term=0.01013595424592495 teacher_updates=1 temp_adv=1.239909111090865 temp_nat=2.5510908889089388 temperature_updates=1 total_loss=0.03198928385972977 views=2
2026-09-17 10:44:08.205 | INFO     | __main__:<module>:497 - METHOD_BATCH epoch=297 step=100 adv_kd=0.007941383868455887 awp_gamma=0.002 awp_relative_norm_max=0.0020000003278255463 clean_ce=0.20406484603881836 clean_ce_term=0.010203242301940918 consistency_term=0.0006399432895705104 consistency_weight=0.5 js_raw=0.12798866629600525 lr=9.77205492530278e-05 nat_kd=0.005016782786697149 pcgrad_conflicts=0 push=0.003350401297211647 push_term=0.00016752007650211453 student_updates=1 teacher_ce=0.43831638991832733 teacher_lr=3.5181266544861905e-08 teacher_margin=1.0469961166381836 teacher_margin_term=0.010469960048794746 teacher_updates=1 temp_adv=1.239909111090865 temp_nat=2.5510908889089388 temperature_updates=1 total_loss=0.034438829869031906 views=2
2026-09-17 10:48:07.977 | INFO     | __main__:<module>:497 - METHOD_BATCH epoch=297 step=200 adv_kd=0.007586122490465641 awp_gamma=0.002 awp_relative_norm_max=0.0020000003278255463 clean_ce=0.21056638658046722 clean_ce_term=0.010528319515287876 consistency_term=0.0004783473559655249 consistency_weight=0.5 js_raw=0.0956694707274437 lr=9.77205492530278e-05 nat_kd=0.004607662558555603 pcgrad_conflicts=0 push=0.003726791590452194 push_term=0.00018633957370184362 student_updates=1 teacher_ce=0.3759264498949051 teacher_lr=3.5181266544861905e-08 teacher_margin=1.0174745321273804 teacher_margin_term=0.010174745693802834 teacher_updates=1 temp_adv=1.239909111090865 temp_nat=2.5510908889089388 temperature_updates=1 total_loss=0.03356153890490532 views=2
2026-09-17 10:52:05.409 | INFO     | __main__:<module>:497 - METHOD_BATCH epoch=297 step=300 adv_kd=0.0068557411432266235 awp_gamma=0.002 awp_relative_norm_max=0.0020000003278255463 clean_ce=0.20399077236652374 clean_ce_term=0.010199539363384247 consistency_term=0.0005112359067425132 consistency_weight=0.5 js_raw=0.10224718600511551 lr=9.77205492530278e-05 nat_kd=0.005120455287396908 pcgrad_conflicts=0 push=0.003196182195097208 push_term=0.00015980911848600954 student_updates=1 teacher_ce=0.39493924379348755 teacher_lr=3.5181266544861905e-08 teacher_margin=0.8728899955749512 teacher_margin_term=0.008728899993002415 teacher_updates=1 temp_adv=1.239909111090865 temp_nat=2.5510908889089388 temperature_updates=1 total_loss=0.031575679779052734 views=2
2026-09-17 10:55:37.328 | INFO     | __main__:<module>:875 - TRAIN_EPOCH_RESOURCE epoch=297 seconds=929.5072617419064 peak_allocated_bytes=11589042688
2026-09-17 10:56:33.372 | INFO     | __main__:<module>:934 - student robust acc 0.2656, teacher robust acc 0.4890, nat teacher robust acc 0.4552
2026-09-17 10:56:55.671 | INFO     | __main__:<module>:1010 - student natural acc 0.6681, adv teacher natural acc 0.6130, nat teacher natural acc 0.7650
2026-09-17 10:56:55.673 | INFO     | __main__:<module>:482 - METHOD epoch=298 views=2 awp_gamma=0.002 consistency_weight=0.5
2026-09-17 10:56:55.673 | INFO     | __main__:<module>:485 - the 298th epoch 
2026-09-17 10:56:58.092 | INFO     | __main__:<module>:497 - METHOD_BATCH epoch=298 step=0 adv_kd=0.006859192159026861 awp_gamma=0.002 awp_relative_norm_max=0.0020000003278255463 clean_ce=0.19685447216033936 clean_ce_term=0.009842723608016968 consistency_term=0.0004672673239838332 consistency_weight=0.5 js_raw=0.09345346689224243 lr=4.343359929395441e-05 nat_kd=0.003634796477854252 pcgrad_conflicts=0 push=0.004142161458730698 push_term=0.0002071080671157688 student_updates=1 teacher_ce=0.2935366779565811 teacher_lr=1.5635908918152542e-08 teacher_margin=0.9399743676185608 teacher_margin_term=0.009399743750691414 teacher_updates=1 temp_adv=1.239909111090865 temp_nat=2.5510908889089388 temperature_updates=1 total_loss=0.030410829931497574 views=2
2026-09-17 11:00:54.260 | INFO     | __main__:<module>:497 - METHOD_BATCH epoch=298 step=100 adv_kd=0.008340924978256226 awp_gamma=0.002 awp_relative_norm_max=0.0020000003278255463 clean_ce=0.2371947169303894 clean_ce_term=0.01185973547399044 consistency_term=0.0006246492266654968 consistency_weight=0.5 js_raw=0.12492984533309937 lr=4.343359929395441e-05 nat_kd=0.005609231069684029 pcgrad_conflicts=0 push=0.004720181692391634 push_term=0.00023600908752996475 student_updates=1 teacher_ce=0.4511522352695465 teacher_lr=1.5635908918152542e-08 teacher_margin=1.202990174293518 teacher_margin_term=0.012029901146888733 teacher_updates=1 temp_adv=1.239909111090865 temp_nat=2.5510908889089388 temperature_updates=1 total_loss=0.03870045021176338 views=2
2026-09-17 11:04:49.582 | INFO     | __main__:<module>:497 - METHOD_BATCH epoch=298 step=200 adv_kd=0.008145863190293312 awp_gamma=0.002 awp_relative_norm_max=0.0020000003278255463 clean_ce=0.21574804186820984 clean_ce_term=0.010787403210997581 consistency_term=0.0006111789843998849 consistency_weight=0.5 js_raw=0.12223580479621887 lr=4.343359929395441e-05 nat_kd=0.004548806697130203 pcgrad_conflicts=0 push=0.004373578354716301 push_term=0.00021867893519811332 student_updates=1 teacher_ce=0.325894832611084 teacher_lr=1.5635908918152542e-08 teacher_margin=1.1281979084014893 teacher_margin_term=0.011281978338956833 teacher_updates=1 temp_adv=1.239909111090865 temp_nat=2.5510908889089388 temperature_updates=1 total_loss=0.0355939082801342 views=2
2026-09-17 11:08:44.537 | INFO     | __main__:<module>:497 - METHOD_BATCH epoch=298 step=300 adv_kd=0.00897710770368576 awp_gamma=0.002 awp_relative_norm_max=0.0020000003278255463 clean_ce=0.22180694341659546 clean_ce_term=0.011090347543358803 consistency_term=0.0005310819251462817 consistency_weight=0.5 js_raw=0.10621638596057892 lr=4.343359929395441e-05 nat_kd=0.004893458914011717 pcgrad_conflicts=0 push=0.0035954387858510017 push_term=0.00017977194511331618 student_updates=1 teacher_ce=0.33435672521591187 teacher_lr=1.5635908918152542e-08 teacher_margin=1.2668448686599731 teacher_margin_term=0.012668448500335217 teacher_updates=1 temp_adv=1.239909111090865 temp_nat=2.5510908889089388 temperature_updates=1 total_loss=0.038340214639902115 views=2
2026-09-17 11:12:15.238 | INFO     | __main__:<module>:875 - TRAIN_EPOCH_RESOURCE epoch=298 seconds=919.5641341768205 peak_allocated_bytes=11589042688
2026-09-17 11:13:10.655 | INFO     | __main__:<module>:934 - student robust acc 0.2659, teacher robust acc 0.4902, nat teacher robust acc 0.4567
2026-09-17 11:13:32.874 | INFO     | __main__:<module>:1010 - student natural acc 0.6683, adv teacher natural acc 0.6112, nat teacher natural acc 0.7650
2026-09-17 11:13:32.876 | INFO     | __main__:<module>:482 - METHOD epoch=299 views=2 awp_gamma=0.002 consistency_weight=0.5
2026-09-17 11:13:32.876 | INFO     | __main__:<module>:485 - the 299th epoch 
2026-09-17 11:13:35.257 | INFO     | __main__:<module>:497 - METHOD_BATCH epoch=299 step=0 adv_kd=0.00845438800752163 awp_gamma=0.002 awp_relative_norm_max=0.0020000003278255463 clean_ce=0.24437882006168365 clean_ce_term=0.012218941003084183 consistency_term=0.0004345316265244037 consistency_weight=0.5 js_raw=0.0869063287973404 lr=1.085815729596553e-05 nat_kd=0.005663514137268066 pcgrad_conflicts=0 push=0.0036361601669341326 push_term=0.0001818080199882388 student_updates=1 teacher_ce=0.40906214714050293 teacher_lr=3.908820712046335e-09 teacher_margin=1.0694782733917236 teacher_margin_term=0.010694781318306923 teacher_updates=1 temp_adv=1.239909111090865 temp_nat=2.5510908889089388 temperature_updates=1 total_loss=0.03764796257019043 views=2
2026-09-17 11:17:31.170 | INFO     | __main__:<module>:497 - METHOD_BATCH epoch=299 step=100 adv_kd=0.00804582517594099 awp_gamma=0.002 awp_relative_norm_max=0.0020000003278255463 clean_ce=0.24531994760036469 clean_ce_term=0.012265997938811779 consistency_term=0.000590393552556634 consistency_weight=0.5 js_raw=0.11807871609926224 lr=1.085815729596553e-05 nat_kd=0.004965665750205517 pcgrad_conflicts=0 push=0.0034119633492082357 push_term=0.00017059817037079483 student_updates=1 teacher_ce=0.3584212064743042 teacher_lr=3.908820712046335e-09 teacher_margin=1.0473945140838623 teacher_margin_term=0.010473944246768951 teacher_updates=1 temp_adv=1.239909111090865 temp_nat=2.5510908889089388 temperature_updates=1 total_loss=0.03651242330670357 views=2
2026-09-17 11:21:28.888 | INFO     | __main__:<module>:497 - METHOD_BATCH epoch=299 step=200 adv_kd=0.008689973503351212 awp_gamma=0.002 awp_relative_norm_max=0.0020000003278255463 clean_ce=0.2191268503665924 clean_ce_term=0.01095634326338768 consistency_term=0.0006068709190003574 consistency_weight=0.5 js_raw=0.12137418985366821 lr=1.085815729596553e-05 nat_kd=0.00580937135964632 pcgrad_conflicts=0 push=0.0038260496221482754 push_term=0.00019130247528664768 student_updates=1 teacher_ce=0.4640903174877167 teacher_lr=3.908820712046335e-09 teacher_margin=1.2267296314239502 teacher_margin_term=0.012267297133803368 teacher_updates=1 temp_adv=1.239909111090865 temp_nat=2.5510908889089388 temperature_updates=1 total_loss=0.03852115944027901 views=2
2026-09-17 11:25:25.524 | INFO     | __main__:<module>:497 - METHOD_BATCH epoch=299 step=300 adv_kd=0.008518796414136887 awp_gamma=0.002 awp_relative_norm_max=0.0020000003278255463 clean_ce=0.22937992215156555 clean_ce_term=0.011468996293842793 consistency_term=0.0006479143048636615 consistency_weight=0.5 js_raw=0.12958286702632904 lr=1.085815729596553e-05 nat_kd=0.005121322348713875 pcgrad_conflicts=0 push=0.003437149804085493 push_term=0.0001718574931146577 student_updates=1 teacher_ce=0.384935200214386 teacher_lr=3.908820712046335e-09 teacher_margin=1.1708850860595703 teacher_margin_term=0.011708850041031837 teacher_updates=1 temp_adv=1.239909111090865 temp_nat=2.5510908889089388 temperature_updates=1 total_loss=0.03763773664832115 views=2
2026-09-17 11:28:57.710 | INFO     | __main__:<module>:875 - TRAIN_EPOCH_RESOURCE epoch=299 seconds=924.8338352292776 peak_allocated_bytes=11589042688
2026-09-17 11:29:53.760 | INFO     | __main__:<module>:934 - student robust acc 0.2651, teacher robust acc 0.4917, nat teacher robust acc 0.4592
2026-09-17 11:30:15.918 | INFO     | __main__:<module>:1010 - student natural acc 0.6679, adv teacher natural acc 0.6104, nat teacher natural acc 0.7650
2026-09-17 11:30:15.921 | INFO     | __main__:<module>:482 - METHOD epoch=300 views=2 awp_gamma=0.002 consistency_weight=0.5
2026-09-17 11:30:15.921 | INFO     | __main__:<module>:485 - the 300th epoch 
2026-09-17 11:30:18.297 | INFO     | __main__:<module>:497 - METHOD_BATCH epoch=300 step=0 adv_kd=0.007345885969698429 awp_gamma=0.002 awp_relative_norm_max=0.0020000003278255463 clean_ce=0.20643728971481323 clean_ce_term=0.010321864858269691 consistency_term=0.00045260656042955816 consistency_weight=0.5 js_raw=0.09052131325006485 lr=0.0 nat_kd=0.005057511851191521 pcgrad_conflicts=0 push=0.0038308058865368366 push_term=0.0001915403117891401 student_updates=1 teacher_ce=0.4317925125360489 teacher_lr=0.0 teacher_margin=0.9930160641670227 teacher_margin_term=0.009930159896612167 teacher_updates=1 temp_adv=1.239909111090865 temp_nat=2.5510908889089388 temperature_updates=1 total_loss=0.03329957276582718 views=2
2026-09-17 11:34:13.278 | INFO     | __main__:<module>:497 - METHOD_BATCH epoch=300 step=100 adv_kd=0.007745705544948578 awp_gamma=0.002 awp_relative_norm_max=0.0020000003278255463 clean_ce=0.20010951161384583 clean_ce_term=0.010005475953221321 consistency_term=0.0004473657172638923 consistency_weight=0.5 js_raw=0.08947314321994781 lr=0.0 nat_kd=0.004634549375623465 pcgrad_conflicts=0 push=0.0035636574029922485 push_term=0.00017818287597037852 student_updates=1 teacher_ce=0.35763370990753174 teacher_lr=0.0 teacher_margin=0.9817264676094055 teacher_margin_term=0.009817264974117279 teacher_updates=1 temp_adv=1.239909111090865 temp_nat=2.5510908889089388 temperature_updates=1 total_loss=0.032828547060489655 views=2
2026-09-17 11:38:09.109 | INFO     | __main__:<module>:497 - METHOD_BATCH epoch=300 step=200 adv_kd=0.008297058753669262 awp_gamma=0.002 awp_relative_norm_max=0.0020000003278255463 clean_ce=0.2137056291103363 clean_ce_term=0.010685281828045845 consistency_term=0.0005068497848697007 consistency_weight=0.5 js_raw=0.1013699546456337 lr=0.0 nat_kd=0.004819964058697224 pcgrad_conflicts=0 push=0.00397142069414258 push_term=0.0001985710405278951 student_updates=1 teacher_ce=0.4028695672750473 teacher_lr=0.0 teacher_margin=1.160729169845581 teacher_margin_term=0.011607291176915169 teacher_updates=1 temp_adv=1.239909111090865 temp_nat=2.5510908889089388 temperature_updates=1 total_loss=0.03611501306295395 views=2
2026-09-17 11:42:03.883 | INFO     | __main__:<module>:497 - METHOD_BATCH epoch=300 step=300 adv_kd=0.007935059256851673 awp_gamma=0.002 awp_relative_norm_max=0.0020000003278255463 clean_ce=0.20409631729125977 clean_ce_term=0.010204816237092018 consistency_term=0.0005259607569314539 consistency_weight=0.5 js_raw=0.1051921546459198 lr=0.0 nat_kd=0.004896093159914017 pcgrad_conflicts=0 push=0.0039048250764608383 push_term=0.00019524125673342496 student_updates=1 teacher_ce=0.28700318932533264 teacher_lr=0.0 teacher_margin=1.071783185005188 teacher_margin_term=0.010717831552028656 teacher_updates=1 temp_adv=1.239909111090865 temp_nat=2.5510908889089388 temperature_updates=1 total_loss=0.03447500616312027 views=2
2026-09-17 11:45:35.407 | INFO     | __main__:<module>:875 - TRAIN_EPOCH_RESOURCE epoch=300 seconds=919.4858736991882 peak_allocated_bytes=11589042688
2026-09-17 11:46:30.560 | INFO     | __main__:<module>:934 - student robust acc 0.2668, teacher robust acc 0.4916, nat teacher robust acc 0.4599
2026-09-17 11:46:59.276 | INFO     | __main__:<module>:1010 - student natural acc 0.6677, adv teacher natural acc 0.6136, nat teacher natural acc 0.7650
TRAIN_COMPLETE variant=mobilenetv2_cifar100_natorig_awp0p002_cr0p50 checkpoint=/mnt/beegfs/home/lixidong25/mycode/CIARD_Expansion/run/0914v1/mobilenetv2_cifar100_natorig_awp0p002_cr0p50/model/Cifar100_MobileNetV2_0914v1_natorig_awp0p002_cr0p50/student_best.pth checkpoint_sha256=5df58522edfee576f61ecd102be396d9e893d447347c92d89f04bf183f8ece1e
