requested_node=aias-compute-2 requested_gpu=1x4090
running_node=aias-compute-2 allocated_cuda_visible_devices=0
SOURCE_FILES_JSON={"CIARD.py": "bd1c5d51e2cd3072688063a754637cd197a1e1302c342106e458e6cee2772e04", "attack_eval.py": "ea395e24cdb7f1089a4e10aca7c3911d09e5ec55cac8a8d48c702a34dfeac152", "awp_consistency.py": "cc29d33d2b660ae60734333f68d0ca833a931e496a05dc8685042a7cd9408d0d", "check_eval_log.py": "580308176d927d32e7727b4e15896088676d0d9a4f58f23c6670d80a4125306f", "check_train_complete.py": "012e6549beff5b794f59b3a0105da71668c662112b6da39cb2462eebb870d290", "cifar10_models/__init__.py": "ef2b254322a9e73e4ed52cfb4bc7e03d450990f029e7ae45caad0c8eb983b01c", "cifar10_models/mobilenet_v2.py": "e1e58da5605b4afa1a5df2c103a745bbdd55b30ec634b3ea302ad061eb95f0ca", "cifar10_models/resnet.py": "e5ea91dd4c5fc3c7d1c485637bda2ea155c1e785bc7af34436f64ef47254ecb3", "cifar10_models/wideresnet.py": "497de9f2c8033f83b887ba725e093cd15a7cab149959bdccb0de8d575e345fac", "cifar10_nat_teacher_models/__init__.py": "91f40ae8ba797235d84271cc2b37ae191a79deb2b7b89346cdb328f8a42bc437", "cifar10_nat_teacher_models/mobilenetv2.py": "a603d2eaa3893fbc331d218330af511a28e5be6c417e1928718ba8e6164df3ce", "cifar10_nat_teacher_models/repvgg.py": "b885b78c5b20fea68bbe22f1839d1910e732a9be25afb8571fc4f1f6348a3c15", "cifar10_nat_teacher_models/resnet.py": "52842491e5e57836e73f3fc36ad7bede6e3c5d040b033dd46cdc3ae66937ba98", "cifar10_nat_teacher_models/shufflenetv2.py": "8a85b853456879c0032a6ecba0b716e6ab41f8997e708bb8b3f5d980ea42319e", "cifar10_nat_teacher_models/vgg.py": "1a98f70547f6734bf576d0a89ef2ef8aaa5af59f1133de0da72e852526659ec2", "cifar10_nat_teacher_models/vit.py": "4f8b80a8b79b57e787293c88ed9d9a04afce14354f55ccd0388ddbbdcf622fa4", "convert_rb_teacher.py": "3d8dca5139b7791318ceaed8b34f55daf463ed458f0d9e291e3c5ec06126e85d", "fast_eval.py": "b37e1aaf01e52f6dd3927984549df40dcd15acdadf22f81765b8b889ae2c29c2", "mtard_loss.py": "07ec022c626fc4b1c87170a280ed0ef360d5c064a79f26b47ee258374da2528d", "run_checks.py": "8ad3cfae0c7cbe50522b7c10d74093d81a0b633eb23dcb7f3088e1bab64e56f8", "split_target_mix.py": "ef059f02861714aba63ff7ad4a4125c8d2823cde332cda0106067e2604e3fbf4", "train_teacher.py": "50d6b578936b61191afd4016cea625291a14b15ac9f30e244245ef99feac93c6", "validate_ciardpp.py": "21cefa0017e669ba29b77ce30ea6ec32a0936657859bc6d097f06f495bf1b886"}
preflight_torch=1.10.0+cu113 torchvision=0.11.1+cu113 cuda_build=11.3
teacher=WRN-34-10 checkpoint=/mnt/beegfs/home/lixidong25/mycode/CIARD_Expansion/models/model_cifar_wrn.pt bytes=193198702 sha256=2ede52bd042bbdf40a0c27e8008034afd9cbb0b256b9077a255e555d25f957f4 shape=(10, 640) input=raw
teacher=ResNet-56 checkpoint=/mnt/beegfs/home/lixidong25/mycode/CIARD_Expansion/models/nat_teacher_checkpoint/cifar10_resnnet56.pth bytes=3555729 sha256=9e1d3395f0a8c34296ca8cd4875b9b5177d53f79e89af9b88e1a6724c6d6c860 shape=(10, 64) input=raw
preflight_dataset_samples=train:50000 test:10000
preflight_gpu_name=NVIDIA GeForce RTX 4090
PRECHECK_OK mode=cuda
Files already downloaded and verified
Files already downloaded and verified
2026-09-17 15:28:13.560 | INFO     | __main__:<module>:442 - 
CIARD-Safe+ (IJCV extension)
Default: original CIARD objective + student EMA evaluation/checkpointing.
Strong CIARD++ components remain available through CFG, but are disabled by
default because the latest full-metric run showed systematic regression.
Lr stage decay, epoch = 300 coslr

2026-09-17 15:28:13.560 | INFO     | __main__:<module>:449 - CIARD resolved train config:
variant: mobilenetv2_cifar10_v2_awp0p001_cr0p50
prefix: Cifar10_MobileNetV2_0917v1_v2_awp0p001_cr0p50
dataset: CIFAR10 train_samples=50000 test_samples=10000
student: MobileNetV2 num_classes=10
epochs: 300
batch_size: 128
train_epsilon: 0.03137254901960784
train_pgd_steps: 10
train_pgd_step_size: 2/255
training_seed: 0
selection_protocol: historical_50k_train_test_loader_selection
robust_teacher_checkpoint: models/model_cifar_wrn.pt
natural_teacher_checkpoint: models/nat_teacher_checkpoint/cifar10_resnnet56.pth
USE_CIARDPP: True
CIARD_SAFE_PLUS: True
CFG:
  adaptive_weight: False
  adv_ce_weight: 0.0
  adv_margin_kappa: 0.0
  adv_margin_start: 120
  adv_margin_warmup: 80
  adv_margin_weight: 0.0
  adv_weight_floor: 0.35
  attack_teacher_alpha: 0.0
  awp_gamma: 0.001
  capacity_aware: False
  capacity_floor: 0.5
  capacity_start: 60
  capacity_xi: 1.0
  ce_start: 120
  ce_warmup: 80
  clean_ce_gate_floor: 0.0
  clean_ce_gate_tau: 2.0
  clean_ce_robust_gate: True
  clean_ce_weight: 0.05
  consistency_temperature: 0.5
  consistency_weight: 0.5
  ema_decay: 0.99
  ema_itt: False
  ema_use_start: 70
  eval_student_ema: True
  method_start: 120
  method_warmup: 40
  proj_dim: 128
  push_T: 5.0
  push_eta: 0.3
  push_feature: False
  push_gamma: 4.0
  push_lambda: 0.05
  push_require_robust_correct: True
  push_soft: True
  push_warmup: 80
  resnet_teacher_margin_start: 180
  resnet_teacher_margin_warmup: 80
  resnet_teacher_margin_weight: 0.005
  robust_kd_floor: 0.5
  robust_kd_reliable: False
  save_ema_as_student: True
  student_arch_adaptive_margin: False
  student_ema: True
  student_ema_decay: 0.999
  teacher_margin_adv_floor: 0.0
  teacher_margin_adv_gate: False
  teacher_margin_adv_tau: 1.0
  teacher_margin_cap: 2.0
  teacher_margin_clean_floor: 0.0
  teacher_margin_clean_gate: False
  teacher_margin_clean_tau: 1.0
  teacher_margin_conflict_floor: 0.0
  teacher_margin_conflict_gate: False
  teacher_margin_conflict_threshold: 0.0
  teacher_margin_per_sample_conflict: False
  teacher_margin_per_sample_floor: 0.0
  teacher_margin_per_sample_tau: 1.0
  teacher_margin_start: 140
  teacher_margin_tau: 2.0
  teacher_margin_warmup: 80
  teacher_margin_weight: 0.01
  teacher_warmup: 50
  training_views: 2

2026-09-17 15:28:13.560 | INFO     | __main__:<module>:477 - METHOD epoch=1 views=1 awp_gamma=0.0 consistency_weight=0.0
2026-09-17 15:28:13.560 | INFO     | __main__:<module>:480 - the 1th epoch 
2026-09-17 15:28:14.143 | INFO     | __main__:<module>:867 - lr:0.1 weight_nat: 0.5, nat_loss: 0.22267746925354004, weight_adv: 0.5, adv_loss: 0.14102578163146973 weight-klloss3 0.0006250000000000001 Loss3: 0.0033982768654823303 clean_ce: 1.0834760665893555, adv_ce: 2.2757568359375, adv_margin: 0.1952420473098755, clean_gate: 0.4766470193862915, teacher_margin: 1.2485301494598389, teacher_margin_gate: 0.6809216737747192, teacher_clean_gate: 1.0, teacher_adv_gate: 1.0, tm_grad_cos: 1.0, tm_scale: 1.0, tm_ps_scale: 1.0
2026-09-17 15:28:54.129 | INFO     | __main__:<module>:867 - lr:0.1 weight_nat: 0.4690928962711637, nat_loss: 0.18746069073677063, weight_adv: 0.5309071037288364, adv_loss: 0.1254628300666809 weight-klloss3 0.0006250000000000001 Loss3: 0.002827413147315383 clean_ce: 0.6828896999359131, adv_ce: 2.263338565826416, adv_margin: 0.9819177389144897, clean_gate: 0.3938148021697998, teacher_margin: 1.6523523330688477, teacher_margin_gate: 0.6861618161201477, teacher_clean_gate: 1.0, teacher_adv_gate: 1.0, tm_grad_cos: 1.0, tm_scale: 1.0, tm_ps_scale: 1.0
2026-09-17 15:29:33.958 | INFO     | __main__:<module>:867 - lr:0.1 weight_nat: 0.46820408260444246, nat_loss: 0.17413921654224396, weight_adv: 0.5317959173955575, adv_loss: 0.12465044856071472 weight-klloss3 0.0006250000000000001 Loss3: 0.0029254218097776175 clean_ce: 0.6081355810165405, adv_ce: 2.2579879760742188, adv_margin: 1.0974154472351074, clean_gate: 0.38281482458114624, teacher_margin: 1.8498234748840332, teacher_margin_gate: 0.696199357509613, teacher_clean_gate: 1.0, teacher_adv_gate: 1.0, tm_grad_cos: 1.0, tm_scale: 1.0, tm_ps_scale: 1.0
2026-09-17 15:30:13.690 | INFO     | __main__:<module>:867 - lr:0.1 weight_nat: 0.4657959466828229, nat_loss: 0.143102765083313, weight_adv: 0.534204053317177, adv_loss: 0.10901941359043121 weight-klloss3 0.0006250000000000001 Loss3: 0.0033555831760168076 clean_ce: 0.4995030164718628, adv_ce: 2.0900237560272217, adv_margin: 1.045973300933838, clean_gate: 0.4051056206226349, teacher_margin: 1.6160781383514404, teacher_margin_gate: 0.6906599998474121, teacher_clean_gate: 1.0, teacher_adv_gate: 1.0, tm_grad_cos: 1.0, tm_scale: 1.0, tm_ps_scale: 1.0
2026-09-17 15:30:49.350 | INFO     | __main__:<module>:870 - TRAIN_EPOCH_RESOURCE epoch=1 seconds=155.78948489949107 peak_allocated_bytes=9694364672
2026-09-17 15:31:21.509 | INFO     | __main__:<module>:927 - student robust acc 0.1000, teacher robust acc 0.8441, nat teacher robust acc 0.8428
2026-09-17 15:31:27.679 | INFO     | __main__:<module>:998 - best accuracy:0.1
2026-09-17 15:31:27.679 | INFO     | __main__:<module>:1001 - student natural acc 0.1000, adv teacher natural acc 0.8484, nat teacher natural acc 0.9318
2026-09-17 15:31:27.681 | INFO     | __main__:<module>:477 - METHOD epoch=2 views=1 awp_gamma=0.0 consistency_weight=0.0
2026-09-17 15:31:27.681 | INFO     | __main__:<module>:480 - the 2th epoch 
2026-09-17 15:31:28.083 | INFO     | __main__:<module>:867 - lr:0.1 weight_nat: 0.46512382652509443, nat_loss: 0.1489788144826889, weight_adv: 0.5348761734749056, adv_loss: 0.10754711925983429 weight-klloss3 0.0012500000000000002 Loss3: 0.0036874860525131226 clean_ce: 0.49586060643196106, adv_ce: 2.179778814315796, adv_margin: 1.2154209613800049, clean_gate: 0.3815527558326721, teacher_margin: 1.6771941184997559, teacher_margin_gate: 0.6618862152099609, teacher_clean_gate: 1.0, teacher_adv_gate: 1.0, tm_grad_cos: 1.0, tm_scale: 1.0, tm_ps_scale: 1.0
2026-09-17 15:32:07.926 | INFO     | __main__:<module>:867 - lr:0.1 weight_nat: 0.4620624279082905, nat_loss: 0.14999115467071533, weight_adv: 0.5379375720917094, adv_loss: 0.10558965802192688 weight-klloss3 0.0012500000000000002 Loss3: 0.0027331672608852386 clean_ce: 0.4802205562591553, adv_ce: 2.2359423637390137, adv_margin: 1.2869377136230469, clean_gate: 0.37575238943099976, teacher_margin: 1.5983331203460693, teacher_margin_gate: 0.6377913355827332, teacher_clean_gate: 1.0, teacher_adv_gate: 1.0, tm_grad_cos: 1.0, tm_scale: 1.0, tm_ps_scale: 1.0
2026-09-17 15:32:47.723 | INFO     | __main__:<module>:867 - lr:0.1 weight_nat: 0.45796783586321554, nat_loss: 0.14308063685894012, weight_adv: 0.5420321641367846, adv_loss: 0.107747882604599 weight-klloss3 0.0012500000000000002 Loss3: 0.003194983582943678 clean_ce: 0.48398953676223755, adv_ce: 2.209681987762451, adv_margin: 1.2144675254821777, clean_gate: 0.3697522282600403, teacher_margin: 1.7215458154678345, teacher_margin_gate: 0.648727297782898, teacher_clean_gate: 1.0, teacher_adv_gate: 1.0, tm_grad_cos: 1.0, tm_scale: 1.0, tm_ps_scale: 1.0
2026-09-17 15:33:27.559 | INFO     | __main__:<module>:867 - lr:0.1 weight_nat: 0.45230517712901464, nat_loss: 0.12063927948474884, weight_adv: 0.5476948228709854, adv_loss: 0.09796269237995148 weight-klloss3 0.0012500000000000002 Loss3: 0.0073796906508505344 clean_ce: 0.45186030864715576, adv_ce: 2.0530142784118652, adv_margin: 1.0888841152191162, clean_gate: 0.3970336616039276, teacher_margin: 1.5289888381958008, teacher_margin_gate: 0.6309058666229248, teacher_clean_gate: 1.0, teacher_adv_gate: 1.0, tm_grad_cos: 1.0, tm_scale: 1.0, tm_ps_scale: 1.0
2026-09-17 15:34:03.410 | INFO     | __main__:<module>:870 - TRAIN_EPOCH_RESOURCE epoch=2 seconds=155.7286452949047 peak_allocated_bytes=10152788480
2026-09-17 15:34:03.410 | INFO     | __main__:<module>:477 - METHOD epoch=3 views=1 awp_gamma=0.0 consistency_weight=0.0
2026-09-17 15:34:03.410 | INFO     | __main__:<module>:480 - the 3th epoch 
2026-09-17 15:34:03.811 | INFO     | __main__:<module>:867 - lr:0.1 weight_nat: 0.44684366298589734, nat_loss: 0.12891100347042084, weight_adv: 0.5531563370141027, adv_loss: 0.09965521097183228 weight-klloss3 0.001875 Loss3: 0.0027899558190256357 clean_ce: 0.4547252357006073, adv_ce: 2.0483391284942627, adv_margin: 1.1226494312286377, clean_gate: 0.39359617233276367, teacher_margin: 1.637075424194336, teacher_margin_gate: 0.6701663732528687, teacher_clean_gate: 1.0, teacher_adv_gate: 1.0, tm_grad_cos: 1.0, tm_scale: 1.0, tm_ps_scale: 1.0
2026-09-17 15:34:43.664 | INFO     | __main__:<module>:867 - lr:0.1 weight_nat: 0.44369496554437643, nat_loss: 0.10699164867401123, weight_adv: 0.5563050344556236, adv_loss: 0.08762283623218536 weight-klloss3 0.001875 Loss3: 0.0032215057872235775 clean_ce: 0.4187546372413635, adv_ce: 1.902958631515503, adv_margin: 0.9821523427963257, clean_gate: 0.41361260414123535, teacher_margin: 1.471132755279541, teacher_margin_gate: 0.6573213934898376, teacher_clean_gate: 1.0, teacher_adv_gate: 1.0, tm_grad_cos: 1.0, tm_scale: 1.0, tm_ps_scale: 1.0
2026-09-17 15:35:23.493 | INFO     | __main__:<module>:867 - lr:0.1 weight_nat: 0.4348250076597645, nat_loss: 0.10417475551366806, weight_adv: 0.5651749923402355, adv_loss: 0.09089060127735138 weight-klloss3 0.001875 Loss3: 0.007744765840470791 clean_ce: 0.3954933285713196, adv_ce: 1.9059048891067505, adv_margin: 0.9753095507621765, clean_gate: 0.420232892036438, teacher_margin: 1.526648759841919, teacher_margin_gate: 0.6882284879684448, teacher_clean_gate: 1.0, teacher_adv_gate: 1.0, tm_grad_cos: 1.0, tm_scale: 1.0, tm_ps_scale: 1.0
2026-09-17 15:36:03.399 | INFO     | __main__:<module>:867 - lr:0.1 weight_nat: 0.42981083770489326, nat_loss: 0.10097648948431015, weight_adv: 0.5701891622951067, adv_loss: 0.09663145989179611 weight-klloss3 0.001875 Loss3: 0.002731949556618929 clean_ce: 0.3924597203731537, adv_ce: 2.0070393085479736, adv_margin: 1.0855236053466797, clean_gate: 0.39268869161605835, teacher_margin: 1.5997170209884644, teacher_margin_gate: 0.6452935338020325, teacher_clean_gate: 1.0, teacher_adv_gate: 1.0, tm_grad_cos: 1.0, tm_scale: 1.0, tm_ps_scale: 1.0
2026-09-17 15:36:39.369 | INFO     | __main__:<module>:870 - TRAIN_EPOCH_RESOURCE epoch=3 seconds=155.95799509435892 peak_allocated_bytes=10153312768
2026-09-17 15:36:39.369 | INFO     | __main__:<module>:477 - METHOD epoch=4 views=1 awp_gamma=0.0 consistency_weight=0.0
2026-09-17 15:36:39.369 | INFO     | __main__:<module>:480 - the 4th epoch 
2026-09-17 15:36:39.779 | INFO     | __main__:<module>:867 - lr:0.1 weight_nat: 0.4229238683778719, nat_loss: 0.10929560661315918, weight_adv: 0.5770761316221282, adv_loss: 0.0923401340842247 weight-klloss3 0.0025000000000000005 Loss3: 0.008008157834410667 clean_ce: 0.4047864079475403, adv_ce: 2.1379640102386475, adv_margin: 1.3090038299560547, clean_gate: 0.3767085075378418, teacher_margin: 1.6101099252700806, teacher_margin_gate: 0.6409300565719604, teacher_clean_gate: 1.0, teacher_adv_gate: 1.0, tm_grad_cos: 1.0, tm_scale: 1.0, tm_ps_scale: 1.0
2026-09-17 15:37:19.661 | INFO     | __main__:<module>:867 - lr:0.1 weight_nat: 0.4156459342134434, nat_loss: 0.08362916111946106, weight_adv: 0.5843540657865566, adv_loss: 0.07912491261959076 weight-klloss3 0.0025000000000000005 Loss3: 0.009898064658045769 clean_ce: 0.3635581135749817, adv_ce: 1.7577333450317383, adv_margin: 0.899043083190918, clean_gate: 0.43631601333618164, teacher_margin: 1.378703236579895, teacher_margin_gate: 0.683843195438385, teacher_clean_gate: 1.0, teacher_adv_gate: 1.0, tm_grad_cos: 1.0, tm_scale: 1.0, tm_ps_scale: 1.0
2026-09-17 15:37:59.571 | INFO     | __main__:<module>:867 - lr:0.1 weight_nat: 0.41023158758550105, nat_loss: 0.07973923534154892, weight_adv: 0.5897684124144991, adv_loss: 0.0829552710056305 weight-klloss3 0.0025000000000000005 Loss3: 0.002337518148124218 clean_ce: 0.34388500452041626, adv_ce: 1.7937688827514648, adv_margin: 0.9812971353530884, clean_gate: 0.42470282316207886, teacher_margin: 1.4043607711791992, teacher_margin_gate: 0.6457843780517578, teacher_clean_gate: 1.0, teacher_adv_gate: 1.0, tm_grad_cos: 1.0, tm_scale: 1.0, tm_ps_scale: 1.0
2026-09-17 15:38:39.391 | INFO     | __main__:<module>:867 - lr:0.1 weight_nat: 0.40353976000597175, nat_loss: 0.09061364084482193, weight_adv: 0.5964602399940282, adv_loss: 0.08327119052410126 weight-klloss3 0.0025000000000000005 Loss3: 0.0064383503049612045 clean_ce: 0.3700765073299408, adv_ce: 2.019066333770752, adv_margin: 1.1670398712158203, clean_gate: 0.3939184248447418, teacher_margin: 1.4505832195281982, teacher_margin_gate: 0.62929368019104, teacher_clean_gate: 1.0, teacher_adv_gate: 1.0, tm_grad_cos: 1.0, tm_scale: 1.0, tm_ps_scale: 1.0
2026-09-17 15:39:15.061 | INFO     | __main__:<module>:870 - TRAIN_EPOCH_RESOURCE epoch=4 seconds=155.69195298105478 peak_allocated_bytes=10151739904
2026-09-17 15:39:15.062 | INFO     | __main__:<module>:477 - METHOD epoch=5 views=1 awp_gamma=0.0 consistency_weight=0.0
2026-09-17 15:39:15.062 | INFO     | __main__:<module>:480 - the 5th epoch 
2026-09-17 15:39:15.463 | INFO     | __main__:<module>:867 - lr:0.1 weight_nat: 0.39527535206208764, nat_loss: 0.07719756662845612, weight_adv: 0.6047246479379125, adv_loss: 0.07528999447822571 weight-klloss3 0.003125 Loss3: 0.006185727193951607 clean_ce: 0.35533249378204346, adv_ce: 1.8827190399169922, adv_margin: 1.0037270784378052, clean_gate: 0.42213886976242065, teacher_margin: 1.2289233207702637, teacher_margin_gate: 0.6219714283943176, teacher_clean_gate: 1.0, teacher_adv_gate: 1.0, tm_grad_cos: 1.0, tm_scale: 1.0, tm_ps_scale: 1.0
2026-09-17 15:39:55.398 | INFO     | __main__:<module>:867 - lr:0.1 weight_nat: 0.3909632739134873, nat_loss: 0.0777396634221077, weight_adv: 0.6090367260865127, adv_loss: 0.09041281789541245 weight-klloss3 0.003125 Loss3: 0.01007114164531231 clean_ce: 0.3501702845096588, adv_ce: 2.011530637741089, adv_margin: 1.1862595081329346, clean_gate: 0.3941125273704529, teacher_margin: 1.5500211715698242, teacher_margin_gate: 0.6509886980056763, teacher_clean_gate: 1.0, teacher_adv_gate: 1.0, tm_grad_cos: 1.0, tm_scale: 1.0, tm_ps_scale: 1.0
2026-09-17 15:40:35.208 | INFO     | __main__:<module>:867 - lr:0.1 weight_nat: 0.37991961244222466, nat_loss: 0.07452855259180069, weight_adv: 0.6200803875577754, adv_loss: 0.08177988976240158 weight-klloss3 0.003125 Loss3: 0.006646551191806793 clean_ce: 0.3464900851249695, adv_ce: 1.928087830543518, adv_margin: 1.087842345237732, clean_gate: 0.4100244641304016, teacher_margin: 1.4295802116394043, teacher_margin_gate: 0.6474942564964294, teacher_clean_gate: 1.0, teacher_adv_gate: 1.0, tm_grad_cos: 1.0, tm_scale: 1.0, tm_ps_scale: 1.0
2026-09-17 15:41:15.084 | INFO     | __main__:<module>:867 - lr:0.1 weight_nat: 0.37182001309289847, nat_loss: 0.07301370799541473, weight_adv: 0.6281799869071016, adv_loss: 0.0716734454035759 weight-klloss3 0.003125 Loss3: 0.0052247303538024426 clean_ce: 0.3660184144973755, adv_ce: 1.951002597808838, adv_margin: 1.1079559326171875, clean_gate: 0.40506213903427124, teacher_margin: 1.2511930465698242, teacher_margin_gate: 0.5961593389511108, teacher_clean_gate: 1.0, teacher_adv_gate: 1.0, tm_grad_cos: 1.0, tm_scale: 1.0, tm_ps_scale: 1.0
2026-09-17 15:41:50.904 | INFO     | __main__:<module>:870 - TRAIN_EPOCH_RESOURCE epoch=5 seconds=155.8421617820859 peak_allocated_bytes=10153050624
2026-09-17 15:41:50.905 | INFO     | __main__:<module>:477 - METHOD epoch=6 views=1 awp_gamma=0.0 consistency_weight=0.0
2026-09-17 15:41:50.905 | INFO     | __main__:<module>:480 - the 6th epoch 
2026-09-17 15:41:51.304 | INFO     | __main__:<module>:867 - lr:0.1 weight_nat: 0.3658097264189987, nat_loss: 0.064332515001297, weight_adv: 0.6341902735810013, adv_loss: 0.07123467326164246 weight-klloss3 0.00375 Loss3: 0.009696012362837791 clean_ce: 0.34738582372665405, adv_ce: 1.8236346244812012, adv_margin: 0.9560070037841797, clean_gate: 0.4195042848587036, teacher_margin: 1.3134468793869019, teacher_margin_gate: 0.6439019441604614, teacher_clean_gate: 1.0, teacher_adv_gate: 1.0, tm_grad_cos: 1.0, tm_scale: 1.0, tm_ps_scale: 1.0
2026-09-17 15:42:31.084 | INFO     | __main__:<module>:867 - lr:0.1 weight_nat: 0.35806897520505876, nat_loss: 0.0650690421462059, weight_adv: 0.6419310247949412, adv_loss: 0.07260099798440933 weight-klloss3 0.00375 Loss3: 0.003586337435990572 clean_ce: 0.35282009840011597, adv_ce: 1.8813408613204956, adv_margin: 0.9893591403961182, clean_gate: 0.4186638593673706, teacher_margin: 1.2583359479904175, teacher_margin_gate: 0.6300919055938721, teacher_clean_gate: 1.0, teacher_adv_gate: 1.0, tm_grad_cos: 1.0, tm_scale: 1.0, tm_ps_scale: 1.0
2026-09-17 15:43:10.870 | INFO     | __main__:<module>:867 - lr:0.1 weight_nat: 0.3540567050364247, nat_loss: 0.0552394762635231, weight_adv: 0.6459432949635753, adv_loss: 0.06385281682014465 weight-klloss3 0.00375 Loss3: 0.009471914730966091 clean_ce: 0.3085918426513672, adv_ce: 1.7486176490783691, adv_margin: 0.9329429864883423, clean_gate: 0.4433045983314514, teacher_margin: 1.0874252319335938, teacher_margin_gate: 0.6272730827331543, teacher_clean_gate: 1.0, teacher_adv_gate: 1.0, tm_grad_cos: 1.0, tm_scale: 1.0, tm_ps_scale: 1.0
2026-09-17 15:43:50.653 | INFO     | __main__:<module>:867 - lr:0.1 weight_nat: 0.3451976981072834, nat_loss: 0.05090218782424927, weight_adv: 0.6548023018927166, adv_loss: 0.06004587560892105 weight-klloss3 0.00375 Loss3: 0.012462473474442959 clean_ce: 0.32190632820129395, adv_ce: 1.644968032836914, adv_margin: 0.816810131072998, clean_gate: 0.4493393898010254, teacher_margin: 1.12358558177948, teacher_margin_gate: 0.6441993117332458, teacher_clean_gate: 1.0, teacher_adv_gate: 1.0, tm_grad_cos: 1.0, tm_scale: 1.0, tm_ps_scale: 1.0
2026-09-17 15:44:26.449 | INFO     | __main__:<module>:870 - TRAIN_EPOCH_RESOURCE epoch=6 seconds=155.54383949562907 peak_allocated_bytes=10152264192
2026-09-17 15:44:26.449 | INFO     | __main__:<module>:477 - METHOD epoch=7 views=1 awp_gamma=0.0 consistency_weight=0.0
2026-09-17 15:44:26.449 | INFO     | __main__:<module>:480 - the 7th epoch 
2026-09-17 15:44:26.849 | INFO     | __main__:<module>:867 - lr:0.1 weight_nat: 0.3389876172225678, nat_loss: 0.05251474305987358, weight_adv: 0.6610123827774322, adv_loss: 0.06652837991714478 weight-klloss3 0.0043749999999999995 Loss3: 0.006318994332104921 clean_ce: 0.3115012049674988, adv_ce: 1.7359890937805176, adv_margin: 0.8656045198440552, clean_gate: 0.44276902079582214, teacher_margin: 1.1798136234283447, teacher_margin_gate: 0.6396234035491943, teacher_clean_gate: 1.0, teacher_adv_gate: 1.0, tm_grad_cos: 1.0, tm_scale: 1.0, tm_ps_scale: 1.0
2026-09-17 15:45:06.666 | INFO     | __main__:<module>:867 - lr:0.1 weight_nat: 0.32574922383835925, nat_loss: 0.049432940781116486, weight_adv: 0.6742507761616408, adv_loss: 0.06957113742828369 weight-klloss3 0.0043749999999999995 Loss3: 0.010700482875108719 clean_ce: 0.338950514793396, adv_ce: 1.9238879680633545, adv_margin: 1.0407299995422363, clean_gate: 0.40433964133262634, teacher_margin: 1.1895618438720703, teacher_margin_gate: 0.5783419609069824, teacher_clean_gate: 1.0, teacher_adv_gate: 1.0, tm_grad_cos: 1.0, tm_scale: 1.0, tm_ps_scale: 1.0
2026-09-17 15:45:46.982 | INFO     | __main__:<module>:867 - lr:0.1 weight_nat: 0.3261152850527505, nat_loss: 0.050851862877607346, weight_adv: 0.6738847149472494, adv_loss: 0.07541067898273468 weight-klloss3 0.0043749999999999995 Loss3: 0.013085242360830307 clean_ce: 0.325245201587677, adv_ce: 1.9233405590057373, adv_margin: 1.1012974977493286, clean_gate: 0.4083055555820465, teacher_margin: 1.3525373935699463, teacher_margin_gate: 0.6328655481338501, teacher_clean_gate: 1.0, teacher_adv_gate: 1.0, tm_grad_cos: 1.0, tm_scale: 1.0, tm_ps_scale: 1.0
2026-09-17 15:46:26.765 | INFO     | __main__:<module>:867 - lr:0.1 weight_nat: 0.32060196387828993, nat_loss: 0.04899105429649353, weight_adv: 0.67939803612171, adv_loss: 0.05660344660282135 weight-klloss3 0.0043749999999999995 Loss3: 0.02035226859152317 clean_ce: 0.3330475389957428, adv_ce: 1.82203209400177, adv_margin: 1.022121548652649, clean_gate: 0.43152347207069397, teacher_margin: 0.9938125610351562, teacher_margin_gate: 0.5761196613311768, teacher_clean_gate: 1.0, teacher_adv_gate: 1.0, tm_grad_cos: 1.0, tm_scale: 1.0, tm_ps_scale: 1.0
2026-09-17 15:47:02.511 | INFO     | __main__:<module>:870 - TRAIN_EPOCH_RESOURCE epoch=7 seconds=156.0610812753439 peak_allocated_bytes=10151215616
2026-09-17 15:47:02.511 | INFO     | __main__:<module>:477 - METHOD epoch=8 views=1 awp_gamma=0.0 consistency_weight=0.0
2026-09-17 15:47:02.511 | INFO     | __main__:<module>:480 - the 8th epoch 
2026-09-17 15:47:02.910 | INFO     | __main__:<module>:867 - lr:0.1 weight_nat: 0.31517720961532836, nat_loss: 0.04607322812080383, weight_adv: 0.6848227903846718, adv_loss: 0.06311342120170593 weight-klloss3 0.005000000000000001 Loss3: 0.01390477828681469 clean_ce: 0.37617772817611694, adv_ce: 1.8067160844802856, adv_margin: 0.9150574207305908, clean_gate: 0.4261704683303833, teacher_margin: 1.134973168373108, teacher_margin_gate: 0.6008963584899902, teacher_clean_gate: 1.0, teacher_adv_gate: 1.0, tm_grad_cos: 1.0, tm_scale: 1.0, tm_ps_scale: 1.0
2026-09-17 15:47:42.744 | INFO     | __main__:<module>:867 - lr:0.1 weight_nat: 0.31561222580459247, nat_loss: 0.04343293979763985, weight_adv: 0.6843877741954075, adv_loss: 0.06252850592136383 weight-klloss3 0.005000000000000001 Loss3: 0.009279876947402954 clean_ce: 0.3226865530014038, adv_ce: 1.758631944656372, adv_margin: 0.9070038795471191, clean_gate: 0.43393927812576294, teacher_margin: 1.1674901247024536, teacher_margin_gate: 0.640116810798645, teacher_clean_gate: 1.0, teacher_adv_gate: 1.0, tm_grad_cos: 1.0, tm_scale: 1.0, tm_ps_scale: 1.0
2026-09-17 15:48:23.141 | INFO     | __main__:<module>:867 - lr:0.1 weight_nat: 0.3106567293486184, nat_loss: 0.04199087247252464, weight_adv: 0.6893432706513817, adv_loss: 0.054075535386800766 weight-klloss3 0.005000000000000001 Loss3: 0.013361607678234577 clean_ce: 0.3077717125415802, adv_ce: 1.7249391078948975, adv_margin: 0.9494611024856567, clean_gate: 0.4328179359436035, teacher_margin: 1.048378586769104, teacher_margin_gate: 0.5979641079902649, teacher_clean_gate: 1.0, teacher_adv_gate: 1.0, tm_grad_cos: 1.0, tm_scale: 1.0, tm_ps_scale: 1.0
2026-09-17 15:49:03.623 | INFO     | __main__:<module>:867 - lr:0.1 weight_nat: 0.3102327154921349, nat_loss: 0.04741796478629112, weight_adv: 0.6897672845078651, adv_loss: 0.061292216181755066 weight-klloss3 0.005000000000000001 Loss3: 0.014395629055798054 clean_ce: 0.34021517634391785, adv_ce: 1.7990976572036743, adv_margin: 0.9976208209991455, clean_gate: 0.43342071771621704, teacher_margin: 1.104522466659546, teacher_margin_gate: 0.6072837114334106, teacher_clean_gate: 1.0, teacher_adv_gate: 1.0, tm_grad_cos: 1.0, tm_scale: 1.0, tm_ps_scale: 1.0
2026-09-17 15:49:39.472 | INFO     | __main__:<module>:870 - TRAIN_EPOCH_RESOURCE epoch=8 seconds=156.96033396944404 peak_allocated_bytes=10153050624
2026-09-17 15:49:39.472 | INFO     | __main__:<module>:477 - METHOD epoch=9 views=1 awp_gamma=0.0 consistency_weight=0.0
2026-09-17 15:49:39.472 | INFO     | __main__:<module>:480 - the 9th epoch 
2026-09-17 15:49:39.872 | INFO     | __main__:<module>:867 - lr:0.1 weight_nat: 0.3157713026425884, nat_loss: 0.046060748398303986, weight_adv: 0.6842286973574117, adv_loss: 0.06332574784755707 weight-klloss3 0.005625000000000001 Loss3: 0.01995828002691269 clean_ce: 0.3222290873527527, adv_ce: 1.8515357971191406, adv_margin: 1.0273706912994385, clean_gate: 0.4203197956085205, teacher_margin: 1.199977159500122, teacher_margin_gate: 0.6201795339584351, teacher_clean_gate: 1.0, teacher_adv_gate: 1.0, tm_grad_cos: 1.0, tm_scale: 1.0, tm_ps_scale: 1.0
2026-09-17 15:50:19.674 | INFO     | __main__:<module>:867 - lr:0.1 weight_nat: 0.31457655676188945, nat_loss: 0.047962117940187454, weight_adv: 0.6854234432381107, adv_loss: 0.06471574306488037 weight-klloss3 0.005625000000000001 Loss3: 0.015076272189617157 clean_ce: 0.29778486490249634, adv_ce: 1.8470711708068848, adv_margin: 1.0936026573181152, clean_gate: 0.4227432608604431, teacher_margin: 1.1018083095550537, teacher_margin_gate: 0.5914162397384644, teacher_clean_gate: 1.0, teacher_adv_gate: 1.0, tm_grad_cos: 1.0, tm_scale: 1.0, tm_ps_scale: 1.0
2026-09-17 15:50:59.510 | INFO     | __main__:<module>:867 - lr:0.1 weight_nat: 0.30770959997214054, nat_loss: 0.039306532591581345, weight_adv: 0.6922904000278595, adv_loss: 0.0584833025932312 weight-klloss3 0.005625000000000001 Loss3: 0.014516658149659634 clean_ce: 0.2999541759490967, adv_ce: 1.6456143856048584, adv_margin: 0.8082252740859985, clean_gate: 0.44506019353866577, teacher_margin: 1.1396081447601318, teacher_margin_gate: 0.6367617845535278, teacher_clean_gate: 1.0, teacher_adv_gate: 1.0, tm_grad_cos: 1.0, tm_scale: 1.0, tm_ps_scale: 1.0
2026-09-17 15:51:39.367 | INFO     | __main__:<module>:867 - lr:0.1 weight_nat: 0.3100591062521728, nat_loss: 0.04594619944691658, weight_adv: 0.6899408937478272, adv_loss: 0.05693405121564865 weight-klloss3 0.005625000000000001 Loss3: 0.023483704775571823 clean_ce: 0.31598174571990967, adv_ce: 1.8447747230529785, adv_margin: 1.0258487462997437, clean_gate: 0.431164413690567, teacher_margin: 0.975633442401886, teacher_margin_gate: 0.5759460926055908, teacher_clean_gate: 1.0, teacher_adv_gate: 1.0, tm_grad_cos: 1.0, tm_scale: 1.0, tm_ps_scale: 1.0
2026-09-17 15:52:15.176 | INFO     | __main__:<module>:870 - TRAIN_EPOCH_RESOURCE epoch=9 seconds=155.7034330740571 peak_allocated_bytes=10151739904
2026-09-17 15:52:15.176 | INFO     | __main__:<module>:477 - METHOD epoch=10 views=1 awp_gamma=0.0 consistency_weight=0.0
2026-09-17 15:52:15.176 | INFO     | __main__:<module>:480 - the 10th epoch 
2026-09-17 15:52:15.575 | INFO     | __main__:<module>:867 - lr:0.1 weight_nat: 0.30790321098128215, nat_loss: 0.03750426322221756, weight_adv: 0.692096789018718, adv_loss: 0.05821137875318527 weight-klloss3 0.00625 Loss3: 0.01771695353090763 clean_ce: 0.3074054718017578, adv_ce: 1.686570644378662, adv_margin: 0.8412902355194092, clean_gate: 0.4445931315422058, teacher_margin: 1.0554821491241455, teacher_margin_gate: 0.603363037109375, teacher_clean_gate: 1.0, teacher_adv_gate: 1.0, tm_grad_cos: 1.0, tm_scale: 1.0, tm_ps_scale: 1.0
2026-09-17 15:52:55.445 | INFO     | __main__:<module>:867 - lr:0.1 weight_nat: 0.3090496814429118, nat_loss: 0.040541261434555054, weight_adv: 0.6909503185570882, adv_loss: 0.047662749886512756 weight-klloss3 0.00625 Loss3: 0.008767837658524513 clean_ce: 0.3174727261066437, adv_ce: 1.6564821004867554, adv_margin: 0.8769668340682983, clean_gate: 0.45677468180656433, teacher_margin: 0.8552936315536499, teacher_margin_gate: 0.5826830863952637, teacher_clean_gate: 1.0, teacher_adv_gate: 1.0, tm_grad_cos: 1.0, tm_scale: 1.0, tm_ps_scale: 1.0
2026-09-17 15:53:35.407 | INFO     | __main__:<module>:867 - lr:0.1 weight_nat: 0.303719257059215, nat_loss: 0.03877689316868782, weight_adv: 0.696280742940785, adv_loss: 0.058991000056266785 weight-klloss3 0.00625 Loss3: 0.0173990149050951 clean_ce: 0.30145561695098877, adv_ce: 1.6660672426223755, adv_margin: 0.8861128687858582, clean_gate: 0.4480675160884857, teacher_margin: 1.1027579307556152, teacher_margin_gate: 0.628237247467041, teacher_clean_gate: 1.0, teacher_adv_gate: 1.0, tm_grad_cos: 1.0, tm_scale: 1.0, tm_ps_scale: 1.0
2026-09-17 15:54:15.374 | INFO     | __main__:<module>:867 - lr:0.1 weight_nat: 0.3057822984163208, nat_loss: 0.03311306983232498, weight_adv: 0.6942177015836792, adv_loss: 0.051657263189554214 weight-klloss3 0.00625 Loss3: 0.01566927507519722 clean_ce: 0.2860497534275055, adv_ce: 1.4706159830093384, adv_margin: 0.6705254912376404, clean_gate: 0.4859057664871216, teacher_margin: 1.0317894220352173, teacher_margin_gate: 0.6776847839355469, teacher_clean_gate: 1.0, teacher_adv_gate: 1.0, tm_grad_cos: 1.0, tm_scale: 1.0, tm_ps_scale: 1.0
2026-09-17 15:54:51.197 | INFO     | __main__:<module>:870 - TRAIN_EPOCH_RESOURCE epoch=10 seconds=156.02054568380117 peak_allocated_bytes=10152788480
2026-09-17 15:55:23.044 | INFO     | __main__:<module>:927 - student robust acc 0.1000, teacher robust acc 0.8235, nat teacher robust acc 0.8975
2026-09-17 15:55:28.753 | INFO     | __main__:<module>:1001 - student natural acc 0.1000, adv teacher natural acc 0.8514, nat teacher natural acc 0.9318
2026-09-17 15:55:28.755 | INFO     | __main__:<module>:477 - METHOD epoch=11 views=1 awp_gamma=0.0 consistency_weight=0.0
2026-09-17 15:55:28.755 | INFO     | __main__:<module>:480 - the 11th epoch 
2026-09-17 15:55:29.156 | INFO     | __main__:<module>:867 - lr:0.1 weight_nat: 0.309780909131861, nat_loss: 0.04120727628469467, weight_adv: 0.690219090868139, adv_loss: 0.05218217521905899 weight-klloss3 0.006875000000000001 Loss3: 0.020478099584579468 clean_ce: 0.31317389011383057, adv_ce: 1.7004129886627197, adv_margin: 0.925800621509552, clean_gate: 0.4418846368789673, teacher_margin: 0.9720957279205322, teacher_margin_gate: 0.5850650072097778, teacher_clean_gate: 1.0, teacher_adv_gate: 1.0, tm_grad_cos: 1.0, tm_scale: 1.0, tm_ps_scale: 1.0
2026-09-17 15:56:09.041 | INFO     | __main__:<module>:867 - lr:0.1 weight_nat: 0.31076827710985105, nat_loss: 0.03540785238146782, weight_adv: 0.6892317228901489, adv_loss: 0.059478867799043655 weight-klloss3 0.006875000000000001 Loss3: 0.0239853635430336 clean_ce: 0.29376065731048584, adv_ce: 1.6818801164627075, adv_margin: 0.8906251192092896, clean_gate: 0.4333094656467438, teacher_margin: 1.1678084135055542, teacher_margin_gate: 0.6061911582946777, teacher_clean_gate: 1.0, teacher_adv_gate: 1.0, tm_grad_cos: 1.0, tm_scale: 1.0, tm_ps_scale: 1.0
2026-09-17 15:56:48.854 | INFO     | __main__:<module>:867 - lr:0.1 weight_nat: 0.3072975890249919, nat_loss: 0.03616572916507721, weight_adv: 0.6927024109750081, adv_loss: 0.05679178982973099 weight-klloss3 0.006875000000000001 Loss3: 0.01973610371351242 clean_ce: 0.2871154546737671, adv_ce: 1.6534243822097778, adv_margin: 0.879727840423584, clean_gate: 0.4605163633823395, teacher_margin: 0.9966464638710022, teacher_margin_gate: 0.6297468543052673, teacher_clean_gate: 1.0, teacher_adv_gate: 1.0, tm_grad_cos: 1.0, tm_scale: 1.0, tm_ps_scale: 1.0
2026-09-17 15:57:28.685 | INFO     | __main__:<module>:867 - lr:0.1 weight_nat: 0.30708777604383464, nat_loss: 0.03968371823430061, weight_adv: 0.6929122239561654, adv_loss: 0.0551883690059185 weight-klloss3 0.006875000000000001 Loss3: 0.025925204157829285 clean_ce: 0.2872656583786011, adv_ce: 1.7748970985412598, adv_margin: 0.9803460240364075, clean_gate: 0.43720346689224243, teacher_margin: 1.0452077388763428, teacher_margin_gate: 0.6050463318824768, teacher_clean_gate: 1.0, teacher_adv_gate: 1.0, tm_grad_cos: 1.0, tm_scale: 1.0, tm_ps_scale: 1.0
2026-09-17 15:58:04.507 | INFO     | __main__:<module>:870 - TRAIN_EPOCH_RESOURCE epoch=11 seconds=155.75151872634888 peak_allocated_bytes=10154885632
2026-09-17 15:58:04.507 | INFO     | __main__:<module>:477 - METHOD epoch=12 views=1 awp_gamma=0.0 consistency_weight=0.0
2026-09-17 15:58:04.507 | INFO     | __main__:<module>:480 - the 12th epoch 
2026-09-17 15:58:04.907 | INFO     | __main__:<module>:867 - lr:0.1 weight_nat: 0.3080825033062835, nat_loss: 0.036254942417144775, weight_adv: 0.6919174966937165, adv_loss: 0.05354977399110794 weight-klloss3 0.0075 Loss3: 0.024603646248579025 clean_ce: 0.28262582421302795, adv_ce: 1.6310917139053345, adv_margin: 0.8286937475204468, clean_gate: 0.4533846378326416, teacher_margin: 1.0420106649398804, teacher_margin_gate: 0.6273647546768188, teacher_clean_gate: 1.0, teacher_adv_gate: 1.0, tm_grad_cos: 1.0, tm_scale: 1.0, tm_ps_scale: 1.0
2026-09-17 15:58:44.727 | INFO     | __main__:<module>:867 - lr:0.1 weight_nat: 0.3069397890772728, nat_loss: 0.036599051207304, weight_adv: 0.6930602109227273, adv_loss: 0.051501668989658356 weight-klloss3 0.0075 Loss3: 0.02117818035185337 clean_ce: 0.28303730487823486, adv_ce: 1.614376187324524, adv_margin: 0.8698163628578186, clean_gate: 0.4561176598072052, teacher_margin: 1.0202915668487549, teacher_margin_gate: 0.6119992733001709, teacher_clean_gate: 1.0, teacher_adv_gate: 1.0, tm_grad_cos: 1.0, tm_scale: 1.0, tm_ps_scale: 1.0
2026-09-17 15:59:24.653 | INFO     | __main__:<module>:867 - lr:0.1 weight_nat: 0.3079366999820966, nat_loss: 0.032629966735839844, weight_adv: 0.6920633000179034, adv_loss: 0.04752573370933533 weight-klloss3 0.0075 Loss3: 0.015539947897195816 clean_ce: 0.2577621042728424, adv_ce: 1.4066705703735352, adv_margin: 0.6384938359260559, clean_gate: 0.4956784248352051, teacher_margin: 0.9674373865127563, teacher_margin_gate: 0.6682648658752441, teacher_clean_gate: 1.0, teacher_adv_gate: 1.0, tm_grad_cos: 1.0, tm_scale: 1.0, tm_ps_scale: 1.0
2026-09-17 16:00:04.541 | INFO     | __main__:<module>:867 - lr:0.1 weight_nat: 0.30799470138064505, nat_loss: 0.044212039560079575, weight_adv: 0.6920052986193549, adv_loss: 0.04812829568982124 weight-klloss3 0.0075 Loss3: 0.01992764323949814 clean_ce: 0.3097984194755554, adv_ce: 1.7606018781661987, adv_margin: 0.932648777961731, clean_gate: 0.4421107769012451, teacher_margin: 0.8797135353088379, teacher_margin_gate: 0.56278395652771, teacher_clean_gate: 1.0, teacher_adv_gate: 1.0, tm_grad_cos: 1.0, tm_scale: 1.0, tm_ps_scale: 1.0
2026-09-17 16:00:40.462 | INFO     | __main__:<module>:870 - TRAIN_EPOCH_RESOURCE epoch=12 seconds=155.9547205530107 peak_allocated_bytes=10157507072
2026-09-17 16:00:40.463 | INFO     | __main__:<module>:477 - METHOD epoch=13 views=1 awp_gamma=0.0 consistency_weight=0.0
2026-09-17 16:00:40.463 | INFO     | __main__:<module>:480 - the 13th epoch 
2026-09-17 16:00:40.862 | INFO     | __main__:<module>:867 - lr:0.1 weight_nat: 0.3062416172237834, nat_loss: 0.03288346529006958, weight_adv: 0.6937583827762166, adv_loss: 0.050518084317445755 weight-klloss3 0.008125 Loss3: 0.02937755547463894 clean_ce: 0.2873663008213043, adv_ce: 1.6403499841690063, adv_margin: 0.8716201186180115, clean_gate: 0.4531846046447754, teacher_margin: 0.9650083780288696, teacher_margin_gate: 0.6037002205848694, teacher_clean_gate: 1.0, teacher_adv_gate: 1.0, tm_grad_cos: 1.0, tm_scale: 1.0, tm_ps_scale: 1.0
2026-09-17 16:01:20.752 | INFO     | __main__:<module>:867 - lr:0.1 weight_nat: 0.3048233703411869, nat_loss: 0.037586089223623276, weight_adv: 0.6951766296588131, adv_loss: 0.049529239535331726 weight-klloss3 0.008125 Loss3: 0.020119909197092056 clean_ce: 0.27707499265670776, adv_ce: 1.5666321516036987, adv_margin: 0.7998568415641785, clean_gate: 0.4650155007839203, teacher_margin: 1.043689489364624, teacher_margin_gate: 0.643487811088562, teacher_clean_gate: 1.0, teacher_adv_gate: 1.0, tm_grad_cos: 1.0, tm_scale: 1.0, tm_ps_scale: 1.0
2026-09-17 16:02:00.670 | INFO     | __main__:<module>:867 - lr:0.1 weight_nat: 0.30398467272031143, nat_loss: 0.0322813056409359, weight_adv: 0.6960153272796886, adv_loss: 0.04589680954813957 weight-klloss3 0.008125 Loss3: 0.01877324841916561 clean_ce: 0.2935808002948761, adv_ce: 1.566317081451416, adv_margin: 0.7451652884483337, clean_gate: 0.4691902995109558, teacher_margin: 0.9118976593017578, teacher_margin_gate: 0.6179543733596802, teacher_clean_gate: 1.0, teacher_adv_gate: 1.0, tm_grad_cos: 1.0, tm_scale: 1.0, tm_ps_scale: 1.0
2026-09-17 16:02:40.576 | INFO     | __main__:<module>:867 - lr:0.1 weight_nat: 0.3029408676711731, nat_loss: 0.03356337174773216, weight_adv: 0.6970591323288269, adv_loss: 0.056715965270996094 weight-klloss3 0.008125 Loss3: 0.01778228208422661 clean_ce: 0.27475297451019287, adv_ce: 1.647548794746399, adv_margin: 0.8280277848243713, clean_gate: 0.4493703842163086, teacher_margin: 1.1230547428131104, teacher_margin_gate: 0.6355867385864258, teacher_clean_gate: 1.0, teacher_adv_gate: 1.0, tm_grad_cos: 1.0, tm_scale: 1.0, tm_ps_scale: 1.0
2026-09-17 16:03:16.468 | INFO     | __main__:<module>:870 - TRAIN_EPOCH_RESOURCE epoch=13 seconds=156.00502387434244 peak_allocated_bytes=10155934208
2026-09-17 16:03:16.468 | INFO     | __main__:<module>:477 - METHOD epoch=14 views=1 awp_gamma=0.0 consistency_weight=0.0
2026-09-17 16:03:16.468 | INFO     | __main__:<module>:480 - the 14th epoch 
2026-09-17 16:03:16.875 | INFO     | __main__:<module>:867 - lr:0.1 weight_nat: 0.3098028040378212, nat_loss: 0.03374762460589409, weight_adv: 0.6901971959621789, adv_loss: 0.04345757141709328 weight-klloss3 0.008749999999999999 Loss3: 0.021719854325056076 clean_ce: 0.27075064182281494, adv_ce: 1.4942817687988281, adv_margin: 0.759224534034729, clean_gate: 0.4822636544704437, teacher_margin: 0.8154230713844299, teacher_margin_gate: 0.6026673316955566, teacher_clean_gate: 1.0, teacher_adv_gate: 1.0, tm_grad_cos: 1.0, tm_scale: 1.0, tm_ps_scale: 1.0
2026-09-17 16:03:56.776 | INFO     | __main__:<module>:867 - lr:0.1 weight_nat: 0.3111035188589966, nat_loss: 0.036418505012989044, weight_adv: 0.6888964811410034, adv_loss: 0.04654160514473915 weight-klloss3 0.008749999999999999 Loss3: 0.025032121688127518 clean_ce: 0.2864839434623718, adv_ce: 1.6434859037399292, adv_margin: 0.8865990042686462, clean_gate: 0.45126432180404663, teacher_margin: 0.889079213142395, teacher_margin_gate: 0.5838041305541992, teacher_clean_gate: 1.0, teacher_adv_gate: 1.0, tm_grad_cos: 1.0, tm_scale: 1.0, tm_ps_scale: 1.0
2026-09-17 16:04:36.597 | INFO     | __main__:<module>:867 - lr:0.1 weight_nat: 0.3044769957285326, nat_loss: 0.032164741307497025, weight_adv: 0.6955230042714675, adv_loss: 0.04283631220459938 weight-klloss3 0.008749999999999999 Loss3: 0.026387013494968414 clean_ce: 0.2789577841758728, adv_ce: 1.522253394126892, adv_margin: 0.7884180545806885, clean_gate: 0.47264420986175537, teacher_margin: 0.8408492207527161, teacher_margin_gate: 0.6086400747299194, teacher_clean_gate: 1.0, teacher_adv_gate: 1.0, tm_grad_cos: 1.0, tm_scale: 1.0, tm_ps_scale: 1.0
2026-09-17 16:05:16.388 | INFO     | __main__:<module>:867 - lr:0.1 weight_nat: 0.3014836000627962, nat_loss: 0.03838029131293297, weight_adv: 0.6985163999372038, adv_loss: 0.04934611916542053 weight-klloss3 0.008749999999999999 Loss3: 0.016612671315670013 clean_ce: 0.28138089179992676, adv_ce: 1.691606044769287, adv_margin: 0.9682656526565552, clean_gate: 0.45283299684524536, teacher_margin: 0.8941832780838013, teacher_margin_gate: 0.5952297449111938, teacher_clean_gate: 1.0, teacher_adv_gate: 1.0, tm_grad_cos: 1.0, tm_scale: 1.0, tm_ps_scale: 1.0
2026-09-17 16:05:52.211 | INFO     | __main__:<module>:870 - TRAIN_EPOCH_RESOURCE epoch=14 seconds=155.74129458516836 peak_allocated_bytes=10153837056
2026-09-17 16:05:52.213 | INFO     | __main__:<module>:477 - METHOD epoch=15 views=1 awp_gamma=0.0 consistency_weight=0.0
2026-09-17 16:05:52.213 | INFO     | __main__:<module>:480 - the 15th epoch 
2026-09-17 16:05:52.613 | INFO     | __main__:<module>:867 - lr:0.1 weight_nat: 0.3088791331340256, nat_loss: 0.0360955074429512, weight_adv: 0.6911208668659745, adv_loss: 0.046852316707372665 weight-klloss3 0.009375000000000001 Loss3: 0.028973868116736412 clean_ce: 0.27691587805747986, adv_ce: 1.6084980964660645, adv_margin: 0.8238195180892944, clean_gate: 0.47285982966423035, teacher_margin: 0.8527630567550659, teacher_margin_gate: 0.6109514236450195, teacher_clean_gate: 1.0, teacher_adv_gate: 1.0, tm_grad_cos: 1.0, tm_scale: 1.0, tm_ps_scale: 1.0
2026-09-17 16:06:32.429 | INFO     | __main__:<module>:867 - lr:0.1 weight_nat: 0.3058705677181016, nat_loss: 0.03460707142949104, weight_adv: 0.6941294322818984, adv_loss: 0.04752204567193985 weight-klloss3 0.009375000000000001 Loss3: 0.015487831085920334 clean_ce: 0.26983970403671265, adv_ce: 1.4750226736068726, adv_margin: 0.7616553902626038, clean_gate: 0.4789949953556061, teacher_margin: 0.9960440993309021, teacher_margin_gate: 0.6520002484321594, teacher_clean_gate: 1.0, teacher_adv_gate: 1.0, tm_grad_cos: 1.0, tm_scale: 1.0, tm_ps_scale: 1.0
2026-09-17 16:07:12.266 | INFO     | __main__:<module>:867 - lr:0.1 weight_nat: 0.3004492376244609, nat_loss: 0.03112698160111904, weight_adv: 0.6995507623755391, adv_loss: 0.04793664813041687 weight-klloss3 0.009375000000000001 Loss3: 0.030565572902560234 clean_ce: 0.2591969966888428, adv_ce: 1.5485496520996094, adv_margin: 0.8084877729415894, clean_gate: 0.46317338943481445, teacher_margin: 0.9341355562210083, teacher_margin_gate: 0.6222096681594849, teacher_clean_gate: 1.0, teacher_adv_gate: 1.0, tm_grad_cos: 1.0, tm_scale: 1.0, tm_ps_scale: 1.0
2026-09-17 16:07:52.088 | INFO     | __main__:<module>:867 - lr:0.1 weight_nat: 0.3007597917499538, nat_loss: 0.03718140348792076, weight_adv: 0.6992402082500462, adv_loss: 0.05164039134979248 weight-klloss3 0.009375000000000001 Loss3: 0.02082568034529686 clean_ce: 0.2871091365814209, adv_ce: 1.7322337627410889, adv_margin: 0.9472411870956421, clean_gate: 0.44476890563964844, teacher_margin: 0.9836562871932983, teacher_margin_gate: 0.5904727578163147, teacher_clean_gate: 1.0, teacher_adv_gate: 1.0, tm_grad_cos: 1.0, tm_scale: 1.0, tm_ps_scale: 1.0
2026-09-17 16:08:27.876 | INFO     | __main__:<module>:870 - TRAIN_EPOCH_RESOURCE epoch=15 seconds=155.66400795057416 peak_allocated_bytes=10156982784
2026-09-17 16:08:27.878 | INFO     | __main__:<module>:477 - METHOD epoch=16 views=1 awp_gamma=0.0 consistency_weight=0.0
2026-09-17 16:08:27.878 | INFO     | __main__:<module>:480 - the 16th epoch 
2026-09-17 16:08:28.277 | INFO     | __main__:<module>:867 - lr:0.1 weight_nat: 0.3061780923545342, nat_loss: 0.03540525957942009, weight_adv: 0.6938219076454658, adv_loss: 0.04465986415743828 weight-klloss3 0.010000000000000002 Loss3: 0.026223918423056602 clean_ce: 0.27176886796951294, adv_ce: 1.6344705820083618, adv_margin: 0.8573800325393677, clean_gate: 0.46605873107910156, teacher_margin: 0.884552538394928, teacher_margin_gate: 0.5917598009109497, teacher_clean_gate: 1.0, teacher_adv_gate: 1.0, tm_grad_cos: 1.0, tm_scale: 1.0, tm_ps_scale: 1.0
2026-09-17 16:09:08.145 | INFO     | __main__:<module>:867 - lr:0.1 weight_nat: 0.305085544711825, nat_loss: 0.03170964494347572, weight_adv: 0.6949144552881751, adv_loss: 0.05135934427380562 weight-klloss3 0.010000000000000002 Loss3: 0.018626602366566658 clean_ce: 0.2553839385509491, adv_ce: 1.583616852760315, adv_margin: 0.8469305038452148, clean_gate: 0.4556046724319458, teacher_margin: 1.03262460231781, teacher_margin_gate: 0.615776777267456, teacher_clean_gate: 1.0, teacher_adv_gate: 1.0, tm_grad_cos: 1.0, tm_scale: 1.0, tm_ps_scale: 1.0
2026-09-17 16:09:48.190 | INFO     | __main__:<module>:867 - lr:0.1 weight_nat: 0.30281758553506066, nat_loss: 0.031137580052018166, weight_adv: 0.6971824144649393, adv_loss: 0.0431956984102726 weight-klloss3 0.010000000000000002 Loss3: 0.026564784348011017 clean_ce: 0.25361719727516174, adv_ce: 1.561100959777832, adv_margin: 0.8038748502731323, clean_gate: 0.46327513456344604, teacher_margin: 0.8824313282966614, teacher_margin_gate: 0.5979240536689758, teacher_clean_gate: 1.0, teacher_adv_gate: 1.0, tm_grad_cos: 1.0, tm_scale: 1.0, tm_ps_scale: 1.0
2026-09-17 16:10:28.426 | INFO     | __main__:<module>:867 - lr:0.1 weight_nat: 0.3001804641338534, nat_loss: 0.02969524823129177, weight_adv: 0.6998195358661465, adv_loss: 0.04366161674261093 weight-klloss3 0.010000000000000002 Loss3: 0.02415335178375244 clean_ce: 0.2606523931026459, adv_ce: 1.5362695455551147, adv_margin: 0.836393415927887, clean_gate: 0.4683184027671814, teacher_margin: 0.8673194646835327, teacher_margin_gate: 0.5894202589988708, teacher_clean_gate: 1.0, teacher_adv_gate: 1.0, tm_grad_cos: 1.0, tm_scale: 1.0, tm_ps_scale: 1.0
2026-09-17 16:11:04.711 | INFO     | __main__:<module>:870 - TRAIN_EPOCH_RESOURCE epoch=16 seconds=156.83410415425897 peak_allocated_bytes=10155934208
2026-09-17 16:11:04.711 | INFO     | __main__:<module>:477 - METHOD epoch=17 views=1 awp_gamma=0.0 consistency_weight=0.0
2026-09-17 16:11:04.711 | INFO     | __main__:<module>:480 - the 17th epoch 
2026-09-17 16:11:05.132 | INFO     | __main__:<module>:867 - lr:0.1 weight_nat: 0.3065194192331975, nat_loss: 0.03162023425102234, weight_adv: 0.6934805807668026, adv_loss: 0.04166579991579056 weight-klloss3 0.010625 Loss3: 0.023302996531128883 clean_ce: 0.2829356789588928, adv_ce: 1.4713503122329712, adv_margin: 0.6953712701797485, clean_gate: 0.486650675535202, teacher_margin: 0.8335208892822266, teacher_margin_gate: 0.6209379434585571, teacher_clean_gate: 1.0, teacher_adv_gate: 1.0, tm_grad_cos: 1.0, tm_scale: 1.0, tm_ps_scale: 1.0
2026-09-17 16:11:44.774 | INFO     | __main__:<module>:867 - lr:0.1 weight_nat: 0.3018095567749845, nat_loss: 0.03050723485648632, weight_adv: 0.6981904432250156, adv_loss: 0.04566439241170883 weight-klloss3 0.010625 Loss3: 0.022358890622854233 clean_ce: 0.2508799433708191, adv_ce: 1.5461111068725586, adv_margin: 0.7835551500320435, clean_gate: 0.4684191346168518, teacher_margin: 0.8976138830184937, teacher_margin_gate: 0.6044692397117615, teacher_clean_gate: 1.0, teacher_adv_gate: 1.0, tm_grad_cos: 1.0, tm_scale: 1.0, tm_ps_scale: 1.0
2026-09-17 16:12:24.510 | INFO     | __main__:<module>:867 - lr:0.1 weight_nat: 0.3036847886921371, nat_loss: 0.03406393527984619, weight_adv: 0.6963152113078629, adv_loss: 0.04293190687894821 weight-klloss3 0.010625 Loss3: 0.019458508118987083 clean_ce: 0.27117443084716797, adv_ce: 1.5724819898605347, adv_margin: 0.8263463973999023, clean_gate: 0.4651333689689636, teacher_margin: 0.8344562649726868, teacher_margin_gate: 0.5886063575744629, teacher_clean_gate: 1.0, teacher_adv_gate: 1.0, tm_grad_cos: 1.0, tm_scale: 1.0, tm_ps_scale: 1.0
2026-09-17 16:13:04.333 | INFO     | __main__:<module>:867 - lr:0.1 weight_nat: 0.2989779031301685, nat_loss: 0.031661417335271835, weight_adv: 0.7010220968698315, adv_loss: 0.04646940529346466 weight-klloss3 0.010625 Loss3: 0.0292462557554245 clean_ce: 0.2587391436100006, adv_ce: 1.593798041343689, adv_margin: 0.8781552314758301, clean_gate: 0.46121034026145935, teacher_margin: 0.8981397151947021, teacher_margin_gate: 0.6017235517501831, teacher_clean_gate: 1.0, teacher_adv_gate: 1.0, tm_grad_cos: 1.0, tm_scale: 1.0, tm_ps_scale: 1.0
2026-09-17 16:13:40.061 | INFO     | __main__:<module>:870 - TRAIN_EPOCH_RESOURCE epoch=17 seconds=155.34948789328337 peak_allocated_bytes=10155409920
2026-09-17 16:13:40.061 | INFO     | __main__:<module>:477 - METHOD epoch=18 views=1 awp_gamma=0.0 consistency_weight=0.0
2026-09-17 16:13:40.061 | INFO     | __main__:<module>:480 - the 18th epoch 
2026-09-17 16:13:40.459 | INFO     | __main__:<module>:867 - lr:0.1 weight_nat: 0.30063017086267, nat_loss: 0.03351113200187683, weight_adv: 0.69936982913733, adv_loss: 0.038468535989522934 weight-klloss3 0.011250000000000001 Loss3: 0.022013425827026367 clean_ce: 0.28551873564720154, adv_ce: 1.4967923164367676, adv_margin: 0.7106802463531494, clean_gate: 0.4787127375602722, teacher_margin: 0.7566586136817932, teacher_margin_gate: 0.5899910926818848, teacher_clean_gate: 1.0, teacher_adv_gate: 1.0, tm_grad_cos: 1.0, tm_scale: 1.0, tm_ps_scale: 1.0
2026-09-17 16:14:20.355 | INFO     | __main__:<module>:867 - lr:0.1 weight_nat: 0.29762635372997087, nat_loss: 0.032445069402456284, weight_adv: 0.7023736462700291, adv_loss: 0.047246053814888 weight-klloss3 0.011250000000000001 Loss3: 0.02756379172205925 clean_ce: 0.2588050365447998, adv_ce: 1.662270426750183, adv_margin: 0.9361317157745361, clean_gate: 0.44793418049812317, teacher_margin: 0.9463599324226379, teacher_margin_gate: 0.5939105749130249, teacher_clean_gate: 1.0, teacher_adv_gate: 1.0, tm_grad_cos: 1.0, tm_scale: 1.0, tm_ps_scale: 1.0
2026-09-17 16:15:00.125 | INFO     | __main__:<module>:867 - lr:0.1 weight_nat: 0.300985782984939, nat_loss: 0.035284772515296936, weight_adv: 0.6990142170150611, adv_loss: 0.04810449481010437 weight-klloss3 0.011250000000000001 Loss3: 0.026088321581482887 clean_ce: 0.2643755078315735, adv_ce: 1.6887325048446655, adv_margin: 0.9762499332427979, clean_gate: 0.44613295793533325, teacher_margin: 0.9418986439704895, teacher_margin_gate: 0.5909045338630676, teacher_clean_gate: 1.0, teacher_adv_gate: 1.0, tm_grad_cos: 1.0, tm_scale: 1.0, tm_ps_scale: 1.0
2026-09-17 16:15:39.923 | INFO     | __main__:<module>:867 - lr:0.1 weight_nat: 0.298867379090777, nat_loss: 0.03408906236290932, weight_adv: 0.701132620909223, adv_loss: 0.04573476314544678 weight-klloss3 0.011250000000000001 Loss3: 0.027413487434387207 clean_ce: 0.25868263840675354, adv_ce: 1.6895809173583984, adv_margin: 1.011650800704956, clean_gate: 0.45145827531814575, teacher_margin: 0.8741534352302551, teacher_margin_gate: 0.6064877510070801, teacher_clean_gate: 1.0, teacher_adv_gate: 1.0, tm_grad_cos: 1.0, tm_scale: 1.0, tm_ps_scale: 1.0
2026-09-17 16:16:15.642 | INFO     | __main__:<module>:870 - TRAIN_EPOCH_RESOURCE epoch=18 seconds=155.5805547349155 peak_allocated_bytes=10154361344
2026-09-17 16:16:15.643 | INFO     | __main__:<module>:477 - METHOD epoch=19 views=1 awp_gamma=0.0 consistency_weight=0.0
2026-09-17 16:16:15.643 | INFO     | __main__:<module>:480 - the 19th epoch 
2026-09-17 16:16:16.041 | INFO     | __main__:<module>:867 - lr:0.1 weight_nat: 0.3015425852079805, nat_loss: 0.028241271153092384, weight_adv: 0.6984574147920195, adv_loss: 0.04772007465362549 weight-klloss3 0.011875 Loss3: 0.026359302923083305 clean_ce: 0.26599907875061035, adv_ce: 1.6368019580841064, adv_margin: 0.8998928070068359, clean_gate: 0.4541364312171936, teacher_margin: 0.8026983737945557, teacher_margin_gate: 0.5446808338165283, teacher_clean_gate: 1.0, teacher_adv_gate: 1.0, tm_grad_cos: 1.0, tm_scale: 1.0, tm_ps_scale: 1.0
2026-09-17 16:16:55.732 | INFO     | __main__:<module>:867 - lr:0.1 weight_nat: 0.29910946016339607, nat_loss: 0.02752719819545746, weight_adv: 0.7008905398366039, adv_loss: 0.03631872683763504 weight-klloss3 0.011875 Loss3: 0.030469927936792374 clean_ce: 0.2506951689720154, adv_ce: 1.4071927070617676, adv_margin: 0.7077969312667847, clean_gate: 0.49919456243515015, teacher_margin: 0.7334553003311157, teacher_margin_gate: 0.6050333976745605, teacher_clean_gate: 1.0, teacher_adv_gate: 1.0, tm_grad_cos: 1.0, tm_scale: 1.0, tm_ps_scale: 1.0
2026-09-17 16:17:35.432 | INFO     | __main__:<module>:867 - lr:0.1 weight_nat: 0.29704097311961875, nat_loss: 0.03236498311161995, weight_adv: 0.7029590268803813, adv_loss: 0.045141905546188354 weight-klloss3 0.011875 Loss3: 0.023005329072475433 clean_ce: 0.2582833170890808, adv_ce: 1.6553434133529663, adv_margin: 0.9510566592216492, clean_gate: 0.45409253239631653, teacher_margin: 0.8697602152824402, teacher_margin_gate: 0.5883990526199341, teacher_clean_gate: 1.0, teacher_adv_gate: 1.0, tm_grad_cos: 1.0, tm_scale: 1.0, tm_ps_scale: 1.0
2026-09-17 16:18:15.220 | INFO     | __main__:<module>:867 - lr:0.1 weight_nat: 0.29709088488345975, nat_loss: 0.030794912949204445, weight_adv: 0.7029091151165402, adv_loss: 0.04275203496217728 weight-klloss3 0.011875 Loss3: 0.023738469928503036 clean_ce: 0.24447447061538696, adv_ce: 1.5090769529342651, adv_margin: 0.820399820804596, clean_gate: 0.4696076512336731, teacher_margin: 0.8412308692932129, teacher_margin_gate: 0.6035571694374084, teacher_clean_gate: 1.0, teacher_adv_gate: 1.0, tm_grad_cos: 1.0, tm_scale: 1.0, tm_ps_scale: 1.0
2026-09-17 16:18:51.001 | INFO     | __main__:<module>:870 - TRAIN_EPOCH_RESOURCE epoch=19 seconds=155.35837559774518 peak_allocated_bytes=10155934208
2026-09-17 16:18:51.002 | INFO     | __main__:<module>:477 - METHOD epoch=20 views=1 awp_gamma=0.0 consistency_weight=0.0
2026-09-17 16:18:51.002 | INFO     | __main__:<module>:480 - the 20th epoch 
2026-09-17 16:18:51.400 | INFO     | __main__:<module>:867 - lr:0.1 weight_nat: 0.3018543188283718, nat_loss: 0.028273461386561394, weight_adv: 0.6981456811716282, adv_loss: 0.03690914437174797 weight-klloss3 0.0125 Loss3: 0.026995476335287094 clean_ce: 0.2507246136665344, adv_ce: 1.3671997785568237, adv_margin: 0.6467414498329163, clean_gate: 0.5123621821403503, teacher_margin: 0.7709901332855225, teacher_margin_gate: 0.6456379890441895, teacher_clean_gate: 1.0, teacher_adv_gate: 1.0, tm_grad_cos: 1.0, tm_scale: 1.0, tm_ps_scale: 1.0
2026-09-17 16:19:31.293 | INFO     | __main__:<module>:867 - lr:0.1 weight_nat: 0.29971840320769955, nat_loss: 0.027166008949279785, weight_adv: 0.7002815967923005, adv_loss: 0.04375363886356354 weight-klloss3 0.0125 Loss3: 0.023025721311569214 clean_ce: 0.25041913986206055, adv_ce: 1.461919903755188, adv_margin: 0.7158557176589966, clean_gate: 0.491376668214798, teacher_margin: 0.8521828651428223, teacher_margin_gate: 0.6317434906959534, teacher_clean_gate: 1.0, teacher_adv_gate: 1.0, tm_grad_cos: 1.0, tm_scale: 1.0, tm_ps_scale: 1.0
2026-09-17 16:20:11.071 | INFO     | __main__:<module>:867 - lr:0.1 weight_nat: 0.29932819243520464, nat_loss: 0.03192407637834549, weight_adv: 0.7006718075647954, adv_loss: 0.043104201555252075 weight-klloss3 0.0125 Loss3: 0.021271992474794388 clean_ce: 0.263296902179718, adv_ce: 1.5773179531097412, adv_margin: 0.8592262864112854, clean_gate: 0.47289758920669556, teacher_margin: 0.8295300006866455, teacher_margin_gate: 0.6002103090286255, teacher_clean_gate: 1.0, teacher_adv_gate: 1.0, tm_grad_cos: 1.0, tm_scale: 1.0, tm_ps_scale: 1.0
2026-09-17 16:20:50.867 | INFO     | __main__:<module>:867 - lr:0.1 weight_nat: 0.2953677573610452, nat_loss: 0.027584701776504517, weight_adv: 0.7046322426389549, adv_loss: 0.043702781200408936 weight-klloss3 0.0125 Loss3: 0.02495695650577545 clean_ce: 0.2601005733013153, adv_ce: 1.4660000801086426, adv_margin: 0.7343639731407166, clean_gate: 0.4853585362434387, teacher_margin: 0.8337770700454712, teacher_margin_gate: 0.5983008146286011, teacher_clean_gate: 1.0, teacher_adv_gate: 1.0, tm_grad_cos: 1.0, tm_scale: 1.0, tm_ps_scale: 1.0
2026-09-17 16:21:26.642 | INFO     | __main__:<module>:870 - TRAIN_EPOCH_RESOURCE epoch=20 seconds=155.64005514606833 peak_allocated_bytes=10154361344
2026-09-17 16:21:59.371 | INFO     | __main__:<module>:927 - student robust acc 0.1043, teacher robust acc 0.8050, nat teacher robust acc 0.8757
2026-09-17 16:22:05.521 | INFO     | __main__:<module>:998 - best accuracy:0.10825
2026-09-17 16:22:05.522 | INFO     | __main__:<module>:1001 - student natural acc 0.1122, adv teacher natural acc 0.8510, nat teacher natural acc 0.9318
2026-09-17 16:22:05.523 | INFO     | __main__:<module>:477 - METHOD epoch=21 views=1 awp_gamma=0.0 consistency_weight=0.0
2026-09-17 16:22:05.523 | INFO     | __main__:<module>:480 - the 21th epoch 
2026-09-17 16:22:05.923 | INFO     | __main__:<module>:867 - lr:0.1 weight_nat: 0.29555093526712195, nat_loss: 0.023590540513396263, weight_adv: 0.704449064732878, adv_loss: 0.03771015629172325 weight-klloss3 0.013125000000000001 Loss3: 0.031137313693761826 clean_ce: 0.2507404088973999, adv_ce: 1.4988874197006226, adv_margin: 0.7200207710266113, clean_gate: 0.4649873375892639, teacher_margin: 0.7838239669799805, teacher_margin_gate: 0.561263918876648, teacher_clean_gate: 1.0, teacher_adv_gate: 1.0, tm_grad_cos: 1.0, tm_scale: 1.0, tm_ps_scale: 1.0
2026-09-17 16:22:45.628 | INFO     | __main__:<module>:867 - lr:0.1 weight_nat: 0.2966027572597838, nat_loss: 0.030519235879182816, weight_adv: 0.7033972427402163, adv_loss: 0.0510890893638134 weight-klloss3 0.013125000000000001 Loss3: 0.025429151952266693 clean_ce: 0.25707292556762695, adv_ce: 1.6019799709320068, adv_margin: 0.8616005182266235, clean_gate: 0.4574834406375885, teacher_margin: 0.9999150633811951, teacher_margin_gate: 0.6184593439102173, teacher_clean_gate: 1.0, teacher_adv_gate: 1.0, tm_grad_cos: 1.0, tm_scale: 1.0, tm_ps_scale: 1.0
2026-09-17 16:23:25.284 | INFO     | __main__:<module>:867 - lr:0.1 weight_nat: 0.29553919500718545, nat_loss: 0.02822546474635601, weight_adv: 0.7044608049928146, adv_loss: 0.042422257363796234 weight-klloss3 0.013125000000000001 Loss3: 0.02987425960600376 clean_ce: 0.247541606426239, adv_ce: 1.5058057308197021, adv_margin: 0.7949438095092773, clean_gate: 0.48146572709083557, teacher_margin: 0.8733248710632324, teacher_margin_gate: 0.6288876533508301, teacher_clean_gate: 1.0, teacher_adv_gate: 1.0, tm_grad_cos: 1.0, tm_scale: 1.0, tm_ps_scale: 1.0
2026-09-17 16:24:04.982 | INFO     | __main__:<module>:867 - lr:0.1 weight_nat: 0.2972648009086397, nat_loss: 0.03098083846271038, weight_adv: 0.7027351990913604, adv_loss: 0.04104253649711609 weight-klloss3 0.013125000000000001 Loss3: 0.026359524577856064 clean_ce: 0.2797337770462036, adv_ce: 1.495988130569458, adv_margin: 0.735532283782959, clean_gate: 0.4723927974700928, teacher_margin: 0.8296735882759094, teacher_margin_gate: 0.5855785608291626, teacher_clean_gate: 1.0, teacher_adv_gate: 1.0, tm_grad_cos: 1.0, tm_scale: 1.0, tm_ps_scale: 1.0
2026-09-17 16:24:40.663 | INFO     | __main__:<module>:870 - TRAIN_EPOCH_RESOURCE epoch=21 seconds=155.1391954421997 peak_allocated_bytes=10151739904
2026-09-17 16:24:40.663 | INFO     | __main__:<module>:477 - METHOD epoch=22 views=1 awp_gamma=0.0 consistency_weight=0.0
2026-09-17 16:24:40.663 | INFO     | __main__:<module>:480 - the 22th epoch 
2026-09-17 16:24:41.061 | INFO     | __main__:<module>:867 - lr:0.1 weight_nat: 0.2918242856929513, nat_loss: 0.026074765250086784, weight_adv: 0.7081757143070487, adv_loss: 0.045012466609478 weight-klloss3 0.013750000000000002 Loss3: 0.017177116125822067 clean_ce: 0.25363925099372864, adv_ce: 1.537593126296997, adv_margin: 0.8323048949241638, clean_gate: 0.4756987392902374, teacher_margin: 0.8603602051734924, teacher_margin_gate: 0.5938720703125, teacher_clean_gate: 1.0, teacher_adv_gate: 1.0, tm_grad_cos: 1.0, tm_scale: 1.0, tm_ps_scale: 1.0
2026-09-17 16:25:20.670 | INFO     | __main__:<module>:867 - lr:0.1 weight_nat: 0.2937862949155414, nat_loss: 0.02969142608344555, weight_adv: 0.7062137050844586, adv_loss: 0.03765158727765083 weight-klloss3 0.013750000000000002 Loss3: 0.02702423185110092 clean_ce: 0.2598832845687866, adv_ce: 1.6597768068313599, adv_margin: 0.941062331199646, clean_gate: 0.4550888240337372, teacher_margin: 0.678517758846283, teacher_margin_gate: 0.5359627604484558, teacher_clean_gate: 1.0, teacher_adv_gate: 1.0, tm_grad_cos: 1.0, tm_scale: 1.0, tm_ps_scale: 1.0
2026-09-17 16:26:00.333 | INFO     | __main__:<module>:867 - lr:0.1 weight_nat: 0.2884975125820779, nat_loss: 0.02518634870648384, weight_adv: 0.7115024874179221, adv_loss: 0.04021880775690079 weight-klloss3 0.013750000000000002 Loss3: 0.028257865458726883 clean_ce: 0.24557927250862122, adv_ce: 1.3569897413253784, adv_margin: 0.6068329811096191, clean_gate: 0.4920928180217743, teacher_margin: 0.8996270895004272, teacher_margin_gate: 0.6439937353134155, teacher_clean_gate: 1.0, teacher_adv_gate: 1.0, tm_grad_cos: 1.0, tm_scale: 1.0, tm_ps_scale: 1.0
2026-09-17 16:26:39.915 | INFO     | __main__:<module>:867 - lr:0.1 weight_nat: 0.2919105706600875, nat_loss: 0.027164626866579056, weight_adv: 0.7080894293399126, adv_loss: 0.03847605362534523 weight-klloss3 0.013750000000000002 Loss3: 0.03198089823126793 clean_ce: 0.24979308247566223, adv_ce: 1.5074310302734375, adv_margin: 0.7714157104492188, clean_gate: 0.4792500138282776, teacher_margin: 0.7933269739151001, teacher_margin_gate: 0.6110644340515137, teacher_clean_gate: 1.0, teacher_adv_gate: 1.0, tm_grad_cos: 1.0, tm_scale: 1.0, tm_ps_scale: 1.0
2026-09-17 16:27:15.735 | INFO     | __main__:<module>:870 - TRAIN_EPOCH_RESOURCE epoch=22 seconds=155.07129107788205 peak_allocated_bytes=10155409920
2026-09-17 16:27:15.735 | INFO     | __main__:<module>:477 - METHOD epoch=23 views=1 awp_gamma=0.0 consistency_weight=0.0
2026-09-17 16:27:15.735 | INFO     | __main__:<module>:480 - the 23th epoch 
2026-09-17 16:27:16.132 | INFO     | __main__:<module>:867 - lr:0.1 weight_nat: 0.2937255214536275, nat_loss: 0.02673337422311306, weight_adv: 0.7062744785463726, adv_loss: 0.042212411761283875 weight-klloss3 0.014374999999999999 Loss3: 0.034595124423503876 clean_ce: 0.2429889440536499, adv_ce: 1.4489072561264038, adv_margin: 0.7300941348075867, clean_gate: 0.49110662937164307, teacher_margin: 0.8665447235107422, teacher_margin_gate: 0.6291622519493103, teacher_clean_gate: 1.0, teacher_adv_gate: 1.0, tm_grad_cos: 1.0, tm_scale: 1.0, tm_ps_scale: 1.0
2026-09-17 16:27:55.749 | INFO     | __main__:<module>:867 - lr:0.1 weight_nat: 0.29080361064243415, nat_loss: 0.027296394109725952, weight_adv: 0.7091963893575658, adv_loss: 0.047419507056474686 weight-klloss3 0.014374999999999999 Loss3: 0.038919445127248764 clean_ce: 0.2432640790939331, adv_ce: 1.6364437341690063, adv_margin: 0.8909389972686768, clean_gate: 0.45177513360977173, teacher_margin: 0.9644436836242676, teacher_margin_gate: 0.5958154201507568, teacher_clean_gate: 1.0, teacher_adv_gate: 1.0, tm_grad_cos: 1.0, tm_scale: 1.0, tm_ps_scale: 1.0
2026-09-17 16:28:35.642 | INFO     | __main__:<module>:867 - lr:0.1 weight_nat: 0.2921506090681777, nat_loss: 0.030428603291511536, weight_adv: 0.7078493909318223, adv_loss: 0.04241091385483742 weight-klloss3 0.014374999999999999 Loss3: 0.02689080312848091 clean_ce: 0.2752727270126343, adv_ce: 1.63046133518219, adv_margin: 0.8153578639030457, clean_gate: 0.4593164920806885, teacher_margin: 0.8480401039123535, teacher_margin_gate: 0.5623588562011719, teacher_clean_gate: 1.0, teacher_adv_gate: 1.0, tm_grad_cos: 1.0, tm_scale: 1.0, tm_ps_scale: 1.0
2026-09-17 16:29:15.254 | INFO     | __main__:<module>:867 - lr:0.1 weight_nat: 0.2913905148463821, nat_loss: 0.02407374605536461, weight_adv: 0.7086094851536179, adv_loss: 0.0397518053650856 weight-klloss3 0.014374999999999999 Loss3: 0.03074917010962963 clean_ce: 0.24340322613716125, adv_ce: 1.4906461238861084, adv_margin: 0.7492061257362366, clean_gate: 0.48596563935279846, teacher_margin: 0.7586690187454224, teacher_margin_gate: 0.6039737462997437, teacher_clean_gate: 1.0, teacher_adv_gate: 1.0, tm_grad_cos: 1.0, tm_scale: 1.0, tm_ps_scale: 1.0
2026-09-17 16:29:50.740 | INFO     | __main__:<module>:870 - TRAIN_EPOCH_RESOURCE epoch=23 seconds=155.0043830871582 peak_allocated_bytes=10155934208
2026-09-17 16:29:50.740 | INFO     | __main__:<module>:477 - METHOD epoch=24 views=1 awp_gamma=0.0 consistency_weight=0.0
2026-09-17 16:29:50.740 | INFO     | __main__:<module>:480 - the 24th epoch 
2026-09-17 16:29:51.172 | INFO     | __main__:<module>:867 - lr:0.1 weight_nat: 0.2926070148576234, nat_loss: 0.026973498985171318, weight_adv: 0.7073929851423767, adv_loss: 0.039547696709632874 weight-klloss3 0.015 Loss3: 0.022434618324041367 clean_ce: 0.24185286462306976, adv_ce: 1.4469811916351318, adv_margin: 0.6932991147041321, clean_gate: 0.4967300295829773, teacher_margin: 0.6954796314239502, teacher_margin_gate: 0.6023867726325989, teacher_clean_gate: 1.0, teacher_adv_gate: 1.0, tm_grad_cos: 1.0, tm_scale: 1.0, tm_ps_scale: 1.0
2026-09-17 16:30:31.249 | INFO     | __main__:<module>:867 - lr:0.1 weight_nat: 0.29082381820333353, nat_loss: 0.02629214897751808, weight_adv: 0.7091761817966665, adv_loss: 0.03717547655105591 weight-klloss3 0.015 Loss3: 0.030022116377949715 clean_ce: 0.24100519716739655, adv_ce: 1.4257383346557617, adv_margin: 0.729842483997345, clean_gate: 0.492473840713501, teacher_margin: 0.7829448580741882, teacher_margin_gate: 0.612372875213623, teacher_clean_gate: 1.0, teacher_adv_gate: 1.0, tm_grad_cos: 1.0, tm_scale: 1.0, tm_ps_scale: 1.0
2026-09-17 16:31:11.128 | INFO     | __main__:<module>:867 - lr:0.1 weight_nat: 0.2950791911421061, nat_loss: 0.025563374161720276, weight_adv: 0.7049208088578939, adv_loss: 0.029447879642248154 weight-klloss3 0.015 Loss3: 0.01857774704694748 clean_ce: 0.2532017230987549, adv_ce: 1.3572402000427246, adv_margin: 0.5926617383956909, clean_gate: 0.5089682936668396, teacher_margin: 0.6268445253372192, teacher_margin_gate: 0.5808151364326477, teacher_clean_gate: 1.0, teacher_adv_gate: 1.0, tm_grad_cos: 1.0, tm_scale: 1.0, tm_ps_scale: 1.0
2026-09-17 16:31:50.960 | INFO     | __main__:<module>:867 - lr:0.1 weight_nat: 0.2865554744248571, nat_loss: 0.027640437707304955, weight_adv: 0.7134445255751429, adv_loss: 0.041161373257637024 weight-klloss3 0.015 Loss3: 0.03122044913470745 clean_ce: 0.25805383920669556, adv_ce: 1.5524494647979736, adv_margin: 0.8239136934280396, clean_gate: 0.46698635816574097, teacher_margin: 0.8482933044433594, teacher_margin_gate: 0.5824607014656067, teacher_clean_gate: 1.0, teacher_adv_gate: 1.0, tm_grad_cos: 1.0, tm_scale: 1.0, tm_ps_scale: 1.0
2026-09-17 16:32:26.768 | INFO     | __main__:<module>:870 - TRAIN_EPOCH_RESOURCE epoch=24 seconds=156.02791830524802 peak_allocated_bytes=10155409920
2026-09-17 16:32:26.769 | INFO     | __main__:<module>:477 - METHOD epoch=25 views=1 awp_gamma=0.0 consistency_weight=0.0
2026-09-17 16:32:26.769 | INFO     | __main__:<module>:480 - the 25th epoch 
2026-09-17 16:32:27.175 | INFO     | __main__:<module>:867 - lr:0.1 weight_nat: 0.2891239472140273, nat_loss: 0.02346516214311123, weight_adv: 0.7108760527859727, adv_loss: 0.044294632971286774 weight-klloss3 0.015625 Loss3: 0.037357866764068604 clean_ce: 0.22798769176006317, adv_ce: 1.4175347089767456, adv_margin: 0.6914054751396179, clean_gate: 0.4807374179363251, teacher_margin: 0.9313256740570068, teacher_margin_gate: 0.6197521686553955, teacher_clean_gate: 1.0, teacher_adv_gate: 1.0, tm_grad_cos: 1.0, tm_scale: 1.0, tm_ps_scale: 1.0
2026-09-17 16:33:06.988 | INFO     | __main__:<module>:867 - lr:0.1 weight_nat: 0.2858447794693646, nat_loss: 0.02635306492447853, weight_adv: 0.7141552205306355, adv_loss: 0.039556216448545456 weight-klloss3 0.015625 Loss3: 0.028284242376685143 clean_ce: 0.24326513707637787, adv_ce: 1.4704737663269043, adv_margin: 0.7598851919174194, clean_gate: 0.4897371530532837, teacher_margin: 0.7819818258285522, teacher_margin_gate: 0.6188219785690308, teacher_clean_gate: 1.0, teacher_adv_gate: 1.0, tm_grad_cos: 1.0, tm_scale: 1.0, tm_ps_scale: 1.0
2026-09-17 16:33:46.802 | INFO     | __main__:<module>:867 - lr:0.1 weight_nat: 0.2883382940763042, nat_loss: 0.02722826600074768, weight_adv: 0.7116617059236958, adv_loss: 0.03958737105131149 weight-klloss3 0.015625 Loss3: 0.03447754681110382 clean_ce: 0.256714403629303, adv_ce: 1.5344152450561523, adv_margin: 0.8122508525848389, clean_gate: 0.4732814431190491, teacher_margin: 0.7591890096664429, teacher_margin_gate: 0.5653749704360962, teacher_clean_gate: 1.0, teacher_adv_gate: 1.0, tm_grad_cos: 1.0, tm_scale: 1.0, tm_ps_scale: 1.0
2026-09-17 16:34:26.596 | INFO     | __main__:<module>:867 - lr:0.1 weight_nat: 0.2843442227660132, nat_loss: 0.02660432457923889, weight_adv: 0.7156557772339868, adv_loss: 0.03769664466381073 weight-klloss3 0.015625 Loss3: 0.04190744459629059 clean_ce: 0.24805878102779388, adv_ce: 1.4135349988937378, adv_margin: 0.6779344081878662, clean_gate: 0.4944041967391968, teacher_margin: 0.8299157023429871, teacher_margin_gate: 0.6384135484695435, teacher_clean_gate: 1.0, teacher_adv_gate: 1.0, tm_grad_cos: 1.0, tm_scale: 1.0, tm_ps_scale: 1.0
2026-09-17 16:35:02.369 | INFO     | __main__:<module>:870 - TRAIN_EPOCH_RESOURCE epoch=25 seconds=155.60023518651724 peak_allocated_bytes=10158031360
2026-09-17 16:35:02.369 | INFO     | __main__:<module>:477 - METHOD epoch=26 views=1 awp_gamma=0.0 consistency_weight=0.0
2026-09-17 16:35:02.370 | INFO     | __main__:<module>:480 - the 26th epoch 
2026-09-17 16:35:02.768 | INFO     | __main__:<module>:867 - lr:0.1 weight_nat: 0.28996021835684666, nat_loss: 0.02784433402121067, weight_adv: 0.7100397816431533, adv_loss: 0.0382266640663147 weight-klloss3 0.01625 Loss3: 0.03385182470083237 clean_ce: 0.2611561417579651, adv_ce: 1.4749406576156616, adv_margin: 0.720015823841095, clean_gate: 0.4744104743003845, teacher_margin: 0.790091872215271, teacher_margin_gate: 0.5800403356552124, teacher_clean_gate: 1.0, teacher_adv_gate: 1.0, tm_grad_cos: 1.0, tm_scale: 1.0, tm_ps_scale: 1.0
2026-09-17 16:35:42.605 | INFO     | __main__:<module>:867 - lr:0.1 weight_nat: 0.28814950953605856, nat_loss: 0.02476361207664013, weight_adv: 0.7118504904639414, adv_loss: 0.0369381383061409 weight-klloss3 0.01625 Loss3: 0.03437519818544388 clean_ce: 0.2631499171257019, adv_ce: 1.3628501892089844, adv_margin: 0.5483435988426208, clean_gate: 0.4912846088409424, teacher_margin: 0.8427297472953796, teacher_margin_gate: 0.6214343905448914, teacher_clean_gate: 1.0, teacher_adv_gate: 1.0, tm_grad_cos: 1.0, tm_scale: 1.0, tm_ps_scale: 1.0
2026-09-17 16:36:22.991 | INFO     | __main__:<module>:867 - lr:0.1 weight_nat: 0.28848423626655667, nat_loss: 0.029428238049149513, weight_adv: 0.7115157637334434, adv_loss: 0.03848946467041969 weight-klloss3 0.01625 Loss3: 0.03932993859052658 clean_ce: 0.2487468272447586, adv_ce: 1.5021002292633057, adv_margin: 0.7548366785049438, clean_gate: 0.47830355167388916, teacher_margin: 0.8051865100860596, teacher_margin_gate: 0.5870712995529175, teacher_clean_gate: 1.0, teacher_adv_gate: 1.0, tm_grad_cos: 1.0, tm_scale: 1.0, tm_ps_scale: 1.0
2026-09-17 16:37:03.062 | INFO     | __main__:<module>:867 - lr:0.1 weight_nat: 0.28140900500070043, nat_loss: 0.02764706313610077, weight_adv: 0.7185909949992996, adv_loss: 0.04025151580572128 weight-klloss3 0.01625 Loss3: 0.029551589861512184 clean_ce: 0.2268705666065216, adv_ce: 1.502254605293274, adv_margin: 0.7438954710960388, clean_gate: 0.47475892305374146, teacher_margin: 0.859622061252594, teacher_margin_gate: 0.6006572246551514, teacher_clean_gate: 1.0, teacher_adv_gate: 1.0, tm_grad_cos: 1.0, tm_scale: 1.0, tm_ps_scale: 1.0
2026-09-17 16:37:38.924 | INFO     | __main__:<module>:870 - TRAIN_EPOCH_RESOURCE epoch=26 seconds=156.55440729483962 peak_allocated_bytes=10154885632
2026-09-17 16:37:38.925 | INFO     | __main__:<module>:477 - METHOD epoch=27 views=1 awp_gamma=0.0 consistency_weight=0.0
2026-09-17 16:37:38.925 | INFO     | __main__:<module>:480 - the 27th epoch 
2026-09-17 16:37:39.327 | INFO     | __main__:<module>:867 - lr:0.1 weight_nat: 0.283733141764234, nat_loss: 0.026711691170930862, weight_adv: 0.7162668582357661, adv_loss: 0.03844688832759857 weight-klloss3 0.016875 Loss3: 0.023664183914661407 clean_ce: 0.24281229078769684, adv_ce: 1.4089833498001099, adv_margin: 0.6652300357818604, clean_gate: 0.49190714955329895, teacher_margin: 0.7823832035064697, teacher_margin_gate: 0.6056386828422546, teacher_clean_gate: 1.0, teacher_adv_gate: 1.0, tm_grad_cos: 1.0, tm_scale: 1.0, tm_ps_scale: 1.0
2026-09-17 16:38:19.169 | INFO     | __main__:<module>:867 - lr:0.1 weight_nat: 0.2823492932994439, nat_loss: 0.03563541918992996, weight_adv: 0.7176507067005561, adv_loss: 0.039023302495479584 weight-klloss3 0.016875 Loss3: 0.030387965962290764 clean_ce: 0.30089983344078064, adv_ce: 1.5079466104507446, adv_margin: 0.7343218326568604, clean_gate: 0.4748796820640564, teacher_margin: 0.7814669609069824, teacher_margin_gate: 0.586024284362793, teacher_clean_gate: 1.0, teacher_adv_gate: 1.0, tm_grad_cos: 1.0, tm_scale: 1.0, tm_ps_scale: 1.0
2026-09-17 16:38:59.041 | INFO     | __main__:<module>:867 - lr:0.1 weight_nat: 0.2803080701833942, nat_loss: 0.022812409326434135, weight_adv: 0.7196919298166058, adv_loss: 0.03999242186546326 weight-klloss3 0.016875 Loss3: 0.04752267897129059 clean_ce: 0.2332685887813568, adv_ce: 1.5533208847045898, adv_margin: 0.7570638656616211, clean_gate: 0.4623686969280243, teacher_margin: 0.9088364243507385, teacher_margin_gate: 0.6130821704864502, teacher_clean_gate: 1.0, teacher_adv_gate: 1.0, tm_grad_cos: 1.0, tm_scale: 1.0, tm_ps_scale: 1.0
2026-09-17 16:39:38.957 | INFO     | __main__:<module>:867 - lr:0.1 weight_nat: 0.2865163745931797, nat_loss: 0.027575267478823662, weight_adv: 0.7134836254068203, adv_loss: 0.041848860681056976 weight-klloss3 0.016875 Loss3: 0.031017817556858063 clean_ce: 0.2506231367588043, adv_ce: 1.4263039827346802, adv_margin: 0.6807963848114014, clean_gate: 0.4787180423736572, teacher_margin: 0.896304190158844, teacher_margin_gate: 0.6182098388671875, teacher_clean_gate: 1.0, teacher_adv_gate: 1.0, tm_grad_cos: 1.0, tm_scale: 1.0, tm_ps_scale: 1.0
2026-09-17 16:40:15.324 | INFO     | __main__:<module>:870 - TRAIN_EPOCH_RESOURCE epoch=27 seconds=156.3991710729897 peak_allocated_bytes=10153837056
2026-09-17 16:40:15.324 | INFO     | __main__:<module>:477 - METHOD epoch=28 views=1 awp_gamma=0.0 consistency_weight=0.0
2026-09-17 16:40:15.325 | INFO     | __main__:<module>:480 - the 28th epoch 
2026-09-17 16:40:15.732 | INFO     | __main__:<module>:867 - lr:0.1 weight_nat: 0.28472604785117894, nat_loss: 0.031530171632766724, weight_adv: 0.7152739521488211, adv_loss: 0.03754975646734238 weight-klloss3 0.017499999999999998 Loss3: 0.02479136735200882 clean_ce: 0.2732180058956146, adv_ce: 1.4990681409835815, adv_margin: 0.7836174964904785, clean_gate: 0.4733607769012451, teacher_margin: 0.7673380374908447, teacher_margin_gate: 0.5648723244667053, teacher_clean_gate: 1.0, teacher_adv_gate: 1.0, tm_grad_cos: 1.0, tm_scale: 1.0, tm_ps_scale: 1.0
2026-09-17 16:40:55.695 | INFO     | __main__:<module>:867 - lr:0.1 weight_nat: 0.2824910812681434, nat_loss: 0.023678215220570564, weight_adv: 0.7175089187318566, adv_loss: 0.031901925802230835 weight-klloss3 0.017499999999999998 Loss3: 0.0284322090446949 clean_ce: 0.24823322892189026, adv_ce: 1.4708833694458008, adv_margin: 0.6998326778411865, clean_gate: 0.49476486444473267, teacher_margin: 0.6374847888946533, teacher_margin_gate: 0.5636012554168701, teacher_clean_gate: 1.0, teacher_adv_gate: 1.0, tm_grad_cos: 1.0, tm_scale: 1.0, tm_ps_scale: 1.0
2026-09-17 16:41:35.647 | INFO     | __main__:<module>:867 - lr:0.1 weight_nat: 0.2776057544588287, nat_loss: 0.025413377210497856, weight_adv: 0.7223942455411714, adv_loss: 0.039548251777887344 weight-klloss3 0.017499999999999998 Loss3: 0.02896556630730629 clean_ce: 0.2419307976961136, adv_ce: 1.3687342405319214, adv_margin: 0.6176413297653198, clean_gate: 0.5035663843154907, teacher_margin: 0.8029552698135376, teacher_margin_gate: 0.6318714618682861, teacher_clean_gate: 1.0, teacher_adv_gate: 1.0, tm_grad_cos: 1.0, tm_scale: 1.0, tm_ps_scale: 1.0
2026-09-17 16:42:15.594 | INFO     | __main__:<module>:867 - lr:0.1 weight_nat: 0.2836387730430745, nat_loss: 0.0302150696516037, weight_adv: 0.7163612269569255, adv_loss: 0.041779614984989166 weight-klloss3 0.017499999999999998 Loss3: 0.026813674718141556 clean_ce: 0.24983181059360504, adv_ce: 1.5324406623840332, adv_margin: 0.7458605170249939, clean_gate: 0.4782724976539612, teacher_margin: 0.8807653188705444, teacher_margin_gate: 0.6038055419921875, teacher_clean_gate: 1.0, teacher_adv_gate: 1.0, tm_grad_cos: 1.0, tm_scale: 1.0, tm_ps_scale: 1.0
2026-09-17 16:42:51.560 | INFO     | __main__:<module>:870 - TRAIN_EPOCH_RESOURCE epoch=28 seconds=156.2351817637682 peak_allocated_bytes=10155409920
2026-09-17 16:42:51.561 | INFO     | __main__:<module>:477 - METHOD epoch=29 views=1 awp_gamma=0.0 consistency_weight=0.0
2026-09-17 16:42:51.561 | INFO     | __main__:<module>:480 - the 29th epoch 
2026-09-17 16:42:51.959 | INFO     | __main__:<module>:867 - lr:0.1 weight_nat: 0.27736965664688934, nat_loss: 0.02490813471376896, weight_adv: 0.7226303433531106, adv_loss: 0.04031042754650116 weight-klloss3 0.018125 Loss3: 0.03289896622300148 clean_ce: 0.26330113410949707, adv_ce: 1.5315966606140137, adv_margin: 0.7314488291740417, clean_gate: 0.4771086871623993, teacher_margin: 0.8066215515136719, teacher_margin_gate: 0.592380940914154, teacher_clean_gate: 1.0, teacher_adv_gate: 1.0, tm_grad_cos: 1.0, tm_scale: 1.0, tm_ps_scale: 1.0
2026-09-17 16:43:31.859 | INFO     | __main__:<module>:867 - lr:0.1 weight_nat: 0.2768734401493134, nat_loss: 0.02491145208477974, weight_adv: 0.7231265598506866, adv_loss: 0.04213215410709381 weight-klloss3 0.018125 Loss3: 0.04258592799305916 clean_ce: 0.21904852986335754, adv_ce: 1.5742344856262207, adv_margin: 0.8601732850074768, clean_gate: 0.4705991744995117, teacher_margin: 0.7806559801101685, teacher_margin_gate: 0.5809885263442993, teacher_clean_gate: 1.0, teacher_adv_gate: 1.0, tm_grad_cos: 1.0, tm_scale: 1.0, tm_ps_scale: 1.0
2026-09-17 16:44:11.744 | INFO     | __main__:<module>:867 - lr:0.1 weight_nat: 0.28669221176247534, nat_loss: 0.024839278310537338, weight_adv: 0.7133077882375247, adv_loss: 0.03303567320108414 weight-klloss3 0.018125 Loss3: 0.037871625274419785 clean_ce: 0.23727631568908691, adv_ce: 1.479036569595337, adv_margin: 0.7519243359565735, clean_gate: 0.48550868034362793, teacher_margin: 0.7066029906272888, teacher_margin_gate: 0.5761703848838806, teacher_clean_gate: 1.0, teacher_adv_gate: 1.0, tm_grad_cos: 1.0, tm_scale: 1.0, tm_ps_scale: 1.0
2026-09-17 16:44:51.736 | INFO     | __main__:<module>:867 - lr:0.1 weight_nat: 0.28148923498240297, nat_loss: 0.02208077162504196, weight_adv: 0.718510765017597, adv_loss: 0.037245891988277435 weight-klloss3 0.018125 Loss3: 0.03504757583141327 clean_ce: 0.23623734712600708, adv_ce: 1.4981704950332642, adv_margin: 0.7794911861419678, clean_gate: 0.4843696355819702, teacher_margin: 0.7659873962402344, teacher_margin_gate: 0.5895471572875977, teacher_clean_gate: 1.0, teacher_adv_gate: 1.0, tm_grad_cos: 1.0, tm_scale: 1.0, tm_ps_scale: 1.0
2026-09-17 16:45:27.589 | INFO     | __main__:<module>:870 - TRAIN_EPOCH_RESOURCE epoch=29 seconds=156.02797323092818 peak_allocated_bytes=10156458496
2026-09-17 16:45:27.589 | INFO     | __main__:<module>:477 - METHOD epoch=30 views=1 awp_gamma=0.0 consistency_weight=0.0
2026-09-17 16:45:27.589 | INFO     | __main__:<module>:480 - the 30th epoch 
2026-09-17 16:45:27.995 | INFO     | __main__:<module>:867 - lr:0.1 weight_nat: 0.28753912847295976, nat_loss: 0.021378476172685623, weight_adv: 0.7124608715270403, adv_loss: 0.037035249173641205 weight-klloss3 0.018750000000000003 Loss3: 0.025214223191142082 clean_ce: 0.23187586665153503, adv_ce: 1.3099908828735352, adv_margin: 0.6291525959968567, clean_gate: 0.5034036636352539, teacher_margin: 0.7757564783096313, teacher_margin_gate: 0.6207883358001709, teacher_clean_gate: 1.0, teacher_adv_gate: 1.0, tm_grad_cos: 1.0, tm_scale: 1.0, tm_ps_scale: 1.0
2026-09-17 16:46:07.984 | INFO     | __main__:<module>:867 - lr:0.1 weight_nat: 0.2825769646020572, nat_loss: 0.027350490912795067, weight_adv: 0.7174230353979428, adv_loss: 0.03548233211040497 weight-klloss3 0.018750000000000003 Loss3: 0.02264340966939926 clean_ce: 0.25449031591415405, adv_ce: 1.4411605596542358, adv_margin: 0.7123804092407227, clean_gate: 0.48735523223876953, teacher_margin: 0.6539227962493896, teacher_margin_gate: 0.5516754388809204, teacher_clean_gate: 1.0, teacher_adv_gate: 1.0, tm_grad_cos: 1.0, tm_scale: 1.0, tm_ps_scale: 1.0
2026-09-17 16:46:47.901 | INFO     | __main__:<module>:867 - lr:0.1 weight_nat: 0.2816346865216542, nat_loss: 0.022190382704138756, weight_adv: 0.7183653134783459, adv_loss: 0.03994258865714073 weight-klloss3 0.018750000000000003 Loss3: 0.04246241971850395 clean_ce: 0.22290833294391632, adv_ce: 1.4884469509124756, adv_margin: 0.7259873151779175, clean_gate: 0.47672608494758606, teacher_margin: 0.8731365203857422, teacher_margin_gate: 0.619875967502594, teacher_clean_gate: 1.0, teacher_adv_gate: 1.0, tm_grad_cos: 1.0, tm_scale: 1.0, tm_ps_scale: 1.0
2026-09-17 16:47:27.721 | INFO     | __main__:<module>:867 - lr:0.1 weight_nat: 0.28130435090061334, nat_loss: 0.020213494077324867, weight_adv: 0.7186956490993867, adv_loss: 0.043365806341171265 weight-klloss3 0.018750000000000003 Loss3: 0.04015593230724335 clean_ce: 0.23202842473983765, adv_ce: 1.3722753524780273, adv_margin: 0.6780403852462769, clean_gate: 0.49928826093673706, teacher_margin: 0.8975850343704224, teacher_margin_gate: 0.6645535826683044, teacher_clean_gate: 1.0, teacher_adv_gate: 1.0, tm_grad_cos: 1.0, tm_scale: 1.0, tm_ps_scale: 1.0
2026-09-17 16:48:03.555 | INFO     | __main__:<module>:870 - TRAIN_EPOCH_RESOURCE epoch=30 seconds=155.96597856283188 peak_allocated_bytes=10158031360
2026-09-17 16:48:35.844 | INFO     | __main__:<module>:927 - student robust acc 0.1524, teacher robust acc 0.7438, nat teacher robust acc 0.7205
2026-09-17 16:48:42.109 | INFO     | __main__:<module>:998 - best accuracy:0.203
2026-09-17 16:48:42.109 | INFO     | __main__:<module>:1001 - student natural acc 0.2536, adv teacher natural acc 0.8489, nat teacher natural acc 0.9318
2026-09-17 16:48:42.119 | INFO     | __main__:<module>:477 - METHOD epoch=31 views=1 awp_gamma=0.0 consistency_weight=0.0
2026-09-17 16:48:42.119 | INFO     | __main__:<module>:480 - the 31th epoch 
2026-09-17 16:48:42.520 | INFO     | __main__:<module>:867 - lr:0.1 weight_nat: 0.27331926659102257, nat_loss: 0.019938258454203606, weight_adv: 0.7266807334089775, adv_loss: 0.045978859066963196 weight-klloss3 0.019375000000000003 Loss3: 0.037690043449401855 clean_ce: 0.22542232275009155, adv_ce: 1.681884527206421, adv_margin: 0.9681404829025269, clean_gate: 0.4452952742576599, teacher_margin: 0.8579021692276001, teacher_margin_gate: 0.564642071723938, teacher_clean_gate: 1.0, teacher_adv_gate: 1.0, tm_grad_cos: 1.0, tm_scale: 1.0, tm_ps_scale: 1.0
2026-09-17 16:49:22.360 | INFO     | __main__:<module>:867 - lr:0.1 weight_nat: 0.2785530461699071, nat_loss: 0.024952447041869164, weight_adv: 0.7214469538300928, adv_loss: 0.03831212595105171 weight-klloss3 0.019375000000000003 Loss3: 0.03939967229962349 clean_ce: 0.2375633716583252, adv_ce: 1.569976568222046, adv_margin: 0.7882802486419678, clean_gate: 0.47186335921287537, teacher_margin: 0.7379310131072998, teacher_margin_gate: 0.5629544258117676, teacher_clean_gate: 1.0, teacher_adv_gate: 1.0, tm_grad_cos: 1.0, tm_scale: 1.0, tm_ps_scale: 1.0
2026-09-17 16:50:02.305 | INFO     | __main__:<module>:867 - lr:0.1 weight_nat: 0.2833253264802793, nat_loss: 0.036193590611219406, weight_adv: 0.7166746735197208, adv_loss: 0.035743825137615204 weight-klloss3 0.019375000000000003 Loss3: 0.03614194691181183 clean_ce: 0.2841396927833557, adv_ce: 1.6500368118286133, adv_margin: 0.9162865877151489, clean_gate: 0.4577038586139679, teacher_margin: 0.7086171507835388, teacher_margin_gate: 0.5455249547958374, teacher_clean_gate: 1.0, teacher_adv_gate: 1.0, tm_grad_cos: 1.0, tm_scale: 1.0, tm_ps_scale: 1.0
2026-09-17 16:50:42.281 | INFO     | __main__:<module>:867 - lr:0.1 weight_nat: 0.27521212581765525, nat_loss: 0.021518191322684288, weight_adv: 0.7247878741823448, adv_loss: 0.03686746954917908 weight-klloss3 0.019375000000000003 Loss3: 0.028450192883610725 clean_ce: 0.24988530576229095, adv_ce: 1.3900831937789917, adv_margin: 0.6264552474021912, clean_gate: 0.49021807312965393, teacher_margin: 0.7821735739707947, teacher_margin_gate: 0.6009664535522461, teacher_clean_gate: 1.0, teacher_adv_gate: 1.0, tm_grad_cos: 1.0, tm_scale: 1.0, tm_ps_scale: 1.0
2026-09-17 16:51:18.114 | INFO     | __main__:<module>:870 - TRAIN_EPOCH_RESOURCE epoch=31 seconds=155.99436271190643 peak_allocated_bytes=10155409920
2026-09-17 16:51:18.114 | INFO     | __main__:<module>:477 - METHOD epoch=32 views=1 awp_gamma=0.0 consistency_weight=0.0
2026-09-17 16:51:18.114 | INFO     | __main__:<module>:480 - the 32th epoch 
2026-09-17 16:51:18.514 | INFO     | __main__:<module>:867 - lr:0.1 weight_nat: 0.2779802603094334, nat_loss: 0.030233372002840042, weight_adv: 0.7220197396905665, adv_loss: 0.03734368830919266 weight-klloss3 0.020000000000000004 Loss3: 0.033620063215494156 clean_ce: 0.26053911447525024, adv_ce: 1.5527678728103638, adv_margin: 0.7614225149154663, clean_gate: 0.47749000787734985, teacher_margin: 0.8063014149665833, teacher_margin_gate: 0.596505880355835, teacher_clean_gate: 1.0, teacher_adv_gate: 1.0, tm_grad_cos: 1.0, tm_scale: 1.0, tm_ps_scale: 1.0
2026-09-17 16:51:58.444 | INFO     | __main__:<module>:867 - lr:0.1 weight_nat: 0.27826308413135453, nat_loss: 0.02460119128227234, weight_adv: 0.7217369158686455, adv_loss: 0.043561045080423355 weight-klloss3 0.020000000000000004 Loss3: 0.04482436925172806 clean_ce: 0.2366400957107544, adv_ce: 1.5585095882415771, adv_margin: 0.8770623207092285, clean_gate: 0.47170785069465637, teacher_margin: 0.8311727046966553, teacher_margin_gate: 0.5910334587097168, teacher_clean_gate: 1.0, teacher_adv_gate: 1.0, tm_grad_cos: 1.0, tm_scale: 1.0, tm_ps_scale: 1.0
2026-09-17 16:52:38.322 | INFO     | __main__:<module>:867 - lr:0.1 weight_nat: 0.28069984325272257, nat_loss: 0.02423013746738434, weight_adv: 0.7193001567472774, adv_loss: 0.03965218365192413 weight-klloss3 0.020000000000000004 Loss3: 0.03005235642194748 clean_ce: 0.2387925684452057, adv_ce: 1.4559109210968018, adv_margin: 0.7096418738365173, clean_gate: 0.4844120740890503, teacher_margin: 0.8252401351928711, teacher_margin_gate: 0.5990265011787415, teacher_clean_gate: 1.0, teacher_adv_gate: 1.0, tm_grad_cos: 1.0, tm_scale: 1.0, tm_ps_scale: 1.0
2026-09-17 16:53:18.107 | INFO     | __main__:<module>:867 - lr:0.1 weight_nat: 0.2771350414416368, nat_loss: 0.024512888863682747, weight_adv: 0.7228649585583632, adv_loss: 0.04304596036672592 weight-klloss3 0.020000000000000004 Loss3: 0.030012428760528564 clean_ce: 0.21334700286388397, adv_ce: 1.6537531614303589, adv_margin: 0.9934247732162476, clean_gate: 0.46073848009109497, teacher_margin: 0.8098963499069214, teacher_margin_gate: 0.5689022541046143, teacher_clean_gate: 1.0, teacher_adv_gate: 1.0, tm_grad_cos: 1.0, tm_scale: 1.0, tm_ps_scale: 1.0
2026-09-17 16:53:53.884 | INFO     | __main__:<module>:870 - TRAIN_EPOCH_RESOURCE epoch=32 seconds=155.76989823579788 peak_allocated_bytes=10157294080
2026-09-17 16:53:53.885 | INFO     | __main__:<module>:477 - METHOD epoch=33 views=1 awp_gamma=0.0 consistency_weight=0.0
2026-09-17 16:53:53.885 | INFO     | __main__:<module>:480 - the 33th epoch 
2026-09-17 16:53:54.283 | INFO     | __main__:<module>:867 - lr:0.1 weight_nat: 0.28259386073231485, nat_loss: 0.029590925201773643, weight_adv: 0.7174061392676852, adv_loss: 0.036703020334243774 weight-klloss3 0.020625 Loss3: 0.028460204601287842 clean_ce: 0.26850414276123047, adv_ce: 1.5794730186462402, adv_margin: 0.8264984488487244, clean_gate: 0.4622344970703125, teacher_margin: 0.7454229593276978, teacher_margin_gate: 0.5507049560546875, teacher_clean_gate: 1.0, teacher_adv_gate: 1.0, tm_grad_cos: 1.0, tm_scale: 1.0, tm_ps_scale: 1.0
2026-09-17 16:54:34.080 | INFO     | __main__:<module>:867 - lr:0.1 weight_nat: 0.27494016214904465, nat_loss: 0.022540858015418053, weight_adv: 0.7250598378509554, adv_loss: 0.03596797585487366 weight-klloss3 0.020625 Loss3: 0.02670765109360218 clean_ce: 0.22525960206985474, adv_ce: 1.452104926109314, adv_margin: 0.7040387392044067, clean_gate: 0.4858383536338806, teacher_margin: 0.7416033744812012, teacher_margin_gate: 0.5742144584655762, teacher_clean_gate: 1.0, teacher_adv_gate: 1.0, tm_grad_cos: 1.0, tm_scale: 1.0, tm_ps_scale: 1.0
2026-09-17 16:55:13.861 | INFO     | __main__:<module>:867 - lr:0.1 weight_nat: 0.2767135285352002, nat_loss: 0.022245844826102257, weight_adv: 0.7232864714647997, adv_loss: 0.03481393679976463 weight-klloss3 0.020625 Loss3: 0.044070787727832794 clean_ce: 0.2503780126571655, adv_ce: 1.480324149131775, adv_margin: 0.7264087200164795, clean_gate: 0.48929718136787415, teacher_margin: 0.7258204221725464, teacher_margin_gate: 0.5831913948059082, teacher_clean_gate: 1.0, teacher_adv_gate: 1.0, tm_grad_cos: 1.0, tm_scale: 1.0, tm_ps_scale: 1.0
2026-09-17 16:55:53.669 | INFO     | __main__:<module>:867 - lr:0.1 weight_nat: 0.28190902668416795, nat_loss: 0.02274162694811821, weight_adv: 0.7180909733158322, adv_loss: 0.04778362065553665 weight-klloss3 0.020625 Loss3: 0.047748666256666183 clean_ce: 0.21346226334571838, adv_ce: 1.6237238645553589, adv_margin: 0.9586941003799438, clean_gate: 0.46587663888931274, teacher_margin: 0.8920280933380127, teacher_margin_gate: 0.6132993698120117, teacher_clean_gate: 1.0, teacher_adv_gate: 1.0, tm_grad_cos: 1.0, tm_scale: 1.0, tm_ps_scale: 1.0
2026-09-17 16:56:29.442 | INFO     | __main__:<module>:870 - TRAIN_EPOCH_RESOURCE epoch=33 seconds=155.55740266665816 peak_allocated_bytes=10156507648
2026-09-17 16:56:29.443 | INFO     | __main__:<module>:477 - METHOD epoch=34 views=1 awp_gamma=0.0 consistency_weight=0.0
2026-09-17 16:56:29.443 | INFO     | __main__:<module>:480 - the 34th epoch 
2026-09-17 16:56:29.842 | INFO     | __main__:<module>:867 - lr:0.1 weight_nat: 0.2755582059497488, nat_loss: 0.025759324431419373, weight_adv: 0.7244417940502513, adv_loss: 0.037589121609926224 weight-klloss3 0.02125 Loss3: 0.036679863929748535 clean_ce: 0.2583657503128052, adv_ce: 1.5705833435058594, adv_margin: 0.7859430313110352, clean_gate: 0.46894222497940063, teacher_margin: 0.7695949077606201, teacher_margin_gate: 0.5618366003036499, teacher_clean_gate: 1.0, teacher_adv_gate: 1.0, tm_grad_cos: 1.0, tm_scale: 1.0, tm_ps_scale: 1.0
2026-09-17 16:57:09.659 | INFO     | __main__:<module>:867 - lr:0.1 weight_nat: 0.27651635080384174, nat_loss: 0.019181666895747185, weight_adv: 0.7234836491961583, adv_loss: 0.03223187476396561 weight-klloss3 0.02125 Loss3: 0.04505429416894913 clean_ce: 0.21858122944831848, adv_ce: 1.3875006437301636, adv_margin: 0.6421703696250916, clean_gate: 0.5015636682510376, teacher_margin: 0.7396596074104309, teacher_margin_gate: 0.6169129014015198, teacher_clean_gate: 1.0, teacher_adv_gate: 1.0, tm_grad_cos: 1.0, tm_scale: 1.0, tm_ps_scale: 1.0
2026-09-17 16:57:49.469 | INFO     | __main__:<module>:867 - lr:0.1 weight_nat: 0.2784333319137392, nat_loss: 0.02741965651512146, weight_adv: 0.7215666680862608, adv_loss: 0.03796883672475815 weight-klloss3 0.02125 Loss3: 0.032008927315473557 clean_ce: 0.2799457907676697, adv_ce: 1.3256727457046509, adv_margin: 0.5029063820838928, clean_gate: 0.5179089307785034, teacher_margin: 0.8413295149803162, teacher_margin_gate: 0.6547258496284485, teacher_clean_gate: 1.0, teacher_adv_gate: 1.0, tm_grad_cos: 1.0, tm_scale: 1.0, tm_ps_scale: 1.0
2026-09-17 16:58:29.269 | INFO     | __main__:<module>:867 - lr:0.1 weight_nat: 0.27820344627686217, nat_loss: 0.028979957103729248, weight_adv: 0.7217965537231379, adv_loss: 0.040652450174093246 weight-klloss3 0.02125 Loss3: 0.04399995505809784 clean_ce: 0.23989810049533844, adv_ce: 1.4851256608963013, adv_margin: 0.7845450639724731, clean_gate: 0.48084479570388794, teacher_margin: 0.8314774036407471, teacher_margin_gate: 0.6161614060401917, teacher_clean_gate: 1.0, teacher_adv_gate: 1.0, tm_grad_cos: 1.0, tm_scale: 1.0, tm_ps_scale: 1.0
2026-09-17 16:59:05.107 | INFO     | __main__:<module>:870 - TRAIN_EPOCH_RESOURCE epoch=34 seconds=155.66427287831903 peak_allocated_bytes=10156458496
2026-09-17 16:59:05.108 | INFO     | __main__:<module>:477 - METHOD epoch=35 views=1 awp_gamma=0.0 consistency_weight=0.0
2026-09-17 16:59:05.108 | INFO     | __main__:<module>:480 - the 35th epoch 
2026-09-17 16:59:05.508 | INFO     | __main__:<module>:867 - lr:0.1 weight_nat: 0.27836105093713137, nat_loss: 0.01921333372592926, weight_adv: 0.7216389490628686, adv_loss: 0.03988400101661682 weight-klloss3 0.021875000000000002 Loss3: 0.039065513759851456 clean_ce: 0.22516751289367676, adv_ce: 1.3992515802383423, adv_margin: 0.591509997844696, clean_gate: 0.492134153842926, teacher_margin: 0.8727785348892212, teacher_margin_gate: 0.633002519607544, teacher_clean_gate: 1.0, teacher_adv_gate: 1.0, tm_grad_cos: 1.0, tm_scale: 1.0, tm_ps_scale: 1.0
2026-09-17 16:59:45.343 | INFO     | __main__:<module>:867 - lr:0.1 weight_nat: 0.2686373263979549, nat_loss: 0.022968625649809837, weight_adv: 0.7313626736020451, adv_loss: 0.04007479175925255 weight-klloss3 0.021875000000000002 Loss3: 0.04354674369096756 clean_ce: 0.23841482400894165, adv_ce: 1.3193467855453491, adv_margin: 0.5390864610671997, clean_gate: 0.5100476145744324, teacher_margin: 0.8379417657852173, teacher_margin_gate: 0.6276068687438965, teacher_clean_gate: 1.0, teacher_adv_gate: 1.0, tm_grad_cos: 1.0, tm_scale: 1.0, tm_ps_scale: 1.0
2026-09-17 17:00:25.114 | INFO     | __main__:<module>:867 - lr:0.1 weight_nat: 0.2756134810135225, nat_loss: 0.022244906052947044, weight_adv: 0.7243865189864775, adv_loss: 0.03405237942934036 weight-klloss3 0.021875000000000002 Loss3: 0.02995753474533558 clean_ce: 0.21356624364852905, adv_ce: 1.3952691555023193, adv_margin: 0.692457914352417, clean_gate: 0.48844319581985474, teacher_margin: 0.6955210566520691, teacher_margin_gate: 0.5813755989074707, teacher_clean_gate: 1.0, teacher_adv_gate: 1.0, tm_grad_cos: 1.0, tm_scale: 1.0, tm_ps_scale: 1.0
2026-09-17 17:01:04.855 | INFO     | __main__:<module>:867 - lr:0.1 weight_nat: 0.28033805028368597, nat_loss: 0.027202412486076355, weight_adv: 0.719661949716314, adv_loss: 0.047358907759189606 weight-klloss3 0.021875000000000002 Loss3: 0.04332134127616882 clean_ce: 0.24376942217350006, adv_ce: 1.7129385471343994, adv_margin: 1.016021490097046, clean_gate: 0.44274818897247314, teacher_margin: 0.8494547605514526, teacher_margin_gate: 0.570125937461853, teacher_clean_gate: 1.0, teacher_adv_gate: 1.0, tm_grad_cos: 1.0, tm_scale: 1.0, tm_ps_scale: 1.0
2026-09-17 17:01:40.586 | INFO     | __main__:<module>:870 - TRAIN_EPOCH_RESOURCE epoch=35 seconds=155.47817439585924 peak_allocated_bytes=10156507648
2026-09-17 17:01:40.587 | INFO     | __main__:<module>:477 - METHOD epoch=36 views=1 awp_gamma=0.0 consistency_weight=0.0
2026-09-17 17:01:40.587 | INFO     | __main__:<module>:480 - the 36th epoch 
2026-09-17 17:01:40.989 | INFO     | __main__:<module>:867 - lr:0.1 weight_nat: 0.27325231978118153, nat_loss: 0.02020752988755703, weight_adv: 0.7267476802188185, adv_loss: 0.040209732949733734 weight-klloss3 0.022500000000000003 Loss3: 0.05316773056983948 clean_ce: 0.22825241088867188, adv_ce: 1.4298619031906128, adv_margin: 0.6228618025779724, clean_gate: 0.4769490361213684, teacher_margin: 0.8895934820175171, teacher_margin_gate: 0.6194331645965576, teacher_clean_gate: 1.0, teacher_adv_gate: 1.0, tm_grad_cos: 1.0, tm_scale: 1.0, tm_ps_scale: 1.0
2026-09-17 17:02:20.718 | INFO     | __main__:<module>:867 - lr:0.1 weight_nat: 0.27800294082070187, nat_loss: 0.022064121440052986, weight_adv: 0.7219970591792981, adv_loss: 0.03947211802005768 weight-klloss3 0.022500000000000003 Loss3: 0.03714287653565407 clean_ce: 0.22811265289783478, adv_ce: 1.5673375129699707, adv_margin: 0.8525499701499939, clean_gate: 0.4596674144268036, teacher_margin: 0.8176802396774292, teacher_margin_gate: 0.5760809779167175, teacher_clean_gate: 1.0, teacher_adv_gate: 1.0, tm_grad_cos: 1.0, tm_scale: 1.0, tm_ps_scale: 1.0
2026-09-17 17:03:00.559 | INFO     | __main__:<module>:867 - lr:0.1 weight_nat: 0.28025550015347783, nat_loss: 0.024099452421069145, weight_adv: 0.7197444998465221, adv_loss: 0.038161784410476685 weight-klloss3 0.022500000000000003 Loss3: 0.03978491201996803 clean_ce: 0.223237082362175, adv_ce: 1.4812315702438354, adv_margin: 0.759675145149231, clean_gate: 0.48652368783950806, teacher_margin: 0.743798017501831, teacher_margin_gate: 0.590971052646637, teacher_clean_gate: 1.0, teacher_adv_gate: 1.0, tm_grad_cos: 1.0, tm_scale: 1.0, tm_ps_scale: 1.0
2026-09-17 17:03:40.350 | INFO     | __main__:<module>:867 - lr:0.1 weight_nat: 0.27250538920430895, nat_loss: 0.019281432032585144, weight_adv: 0.727494610795691, adv_loss: 0.03949733078479767 weight-klloss3 0.022500000000000003 Loss3: 0.0424339585006237 clean_ce: 0.21839585900306702, adv_ce: 1.513100028038025, adv_margin: 0.7627365589141846, clean_gate: 0.47607487440109253, teacher_margin: 0.8250691890716553, teacher_margin_gate: 0.6052690148353577, teacher_clean_gate: 1.0, teacher_adv_gate: 1.0, tm_grad_cos: 1.0, tm_scale: 1.0, tm_ps_scale: 1.0
2026-09-17 17:04:16.101 | INFO     | __main__:<module>:870 - TRAIN_EPOCH_RESOURCE epoch=36 seconds=155.51371647045016 peak_allocated_bytes=10156507648
2026-09-17 17:04:16.101 | INFO     | __main__:<module>:477 - METHOD epoch=37 views=1 awp_gamma=0.0 consistency_weight=0.0
2026-09-17 17:04:16.101 | INFO     | __main__:<module>:480 - the 37th epoch 
2026-09-17 17:04:16.505 | INFO     | __main__:<module>:867 - lr:0.1 weight_nat: 0.27124306498636097, nat_loss: 0.03979578614234924, weight_adv: 0.728756935013639, adv_loss: 0.03377058357000351 weight-klloss3 0.023125000000000003 Loss3: 0.04097286984324455 clean_ce: 0.3001389503479004, adv_ce: 1.40658700466156, adv_margin: 0.6330780982971191, clean_gate: 0.5010030269622803, teacher_margin: 0.7263421416282654, teacher_margin_gate: 0.6118449568748474, teacher_clean_gate: 1.0, teacher_adv_gate: 1.0, tm_grad_cos: 1.0, tm_scale: 1.0, tm_ps_scale: 1.0
2026-09-17 17:04:56.303 | INFO     | __main__:<module>:867 - lr:0.1 weight_nat: 0.2848169940415218, nat_loss: 0.02587263286113739, weight_adv: 0.7151830059584782, adv_loss: 0.037780746817588806 weight-klloss3 0.023125000000000003 Loss3: 0.0481397919356823 clean_ce: 0.23726524412631989, adv_ce: 1.6190953254699707, adv_margin: 0.9169264435768127, clean_gate: 0.4647357761859894, teacher_margin: 0.7948538064956665, teacher_margin_gate: 0.5843570828437805, teacher_clean_gate: 1.0, teacher_adv_gate: 1.0, tm_grad_cos: 1.0, tm_scale: 1.0, tm_ps_scale: 1.0
2026-09-17 17:05:36.106 | INFO     | __main__:<module>:867 - lr:0.1 weight_nat: 0.27415277497464896, nat_loss: 0.01612142100930214, weight_adv: 0.7258472250253512, adv_loss: 0.04036351665854454 weight-klloss3 0.023125000000000003 Loss3: 0.04374824836850166 clean_ce: 0.20577582716941833, adv_ce: 1.3850444555282593, adv_margin: 0.707551121711731, clean_gate: 0.49667876958847046, teacher_margin: 0.8269878625869751, teacher_margin_gate: 0.634374737739563, teacher_clean_gate: 1.0, teacher_adv_gate: 1.0, tm_grad_cos: 1.0, tm_scale: 1.0, tm_ps_scale: 1.0
2026-09-17 17:06:16.036 | INFO     | __main__:<module>:867 - lr:0.1 weight_nat: 0.2715953288141356, nat_loss: 0.021721763536334038, weight_adv: 0.7284046711858644, adv_loss: 0.03935377299785614 weight-klloss3 0.023125000000000003 Loss3: 0.03953897953033447 clean_ce: 0.21404746174812317, adv_ce: 1.4756463766098022, adv_margin: 0.8604702353477478, clean_gate: 0.49598369002342224, teacher_margin: 0.688127875328064, teacher_margin_gate: 0.5969632863998413, teacher_clean_gate: 1.0, teacher_adv_gate: 1.0, tm_grad_cos: 1.0, tm_scale: 1.0, tm_ps_scale: 1.0
2026-09-17 17:06:51.768 | INFO     | __main__:<module>:870 - TRAIN_EPOCH_RESOURCE epoch=37 seconds=155.66688633337617 peak_allocated_bytes=10156458496
2026-09-17 17:06:51.769 | INFO     | __main__:<module>:477 - METHOD epoch=38 views=1 awp_gamma=0.0 consistency_weight=0.0
2026-09-17 17:06:51.769 | INFO     | __main__:<module>:480 - the 38th epoch 
2026-09-17 17:06:52.169 | INFO     | __main__:<module>:867 - lr:0.1 weight_nat: 0.26663176524258675, nat_loss: 0.020691541954874992, weight_adv: 0.7333682347574133, adv_loss: 0.03894837200641632 weight-klloss3 0.02375 Loss3: 0.03450342267751694 clean_ce: 0.22891443967819214, adv_ce: 1.5499989986419678, adv_margin: 0.8252700567245483, clean_gate: 0.46990108489990234, teacher_margin: 0.8011113405227661, teacher_margin_gate: 0.5752209424972534, teacher_clean_gate: 1.0, teacher_adv_gate: 1.0, tm_grad_cos: 1.0, tm_scale: 1.0, tm_ps_scale: 1.0
2026-09-17 17:07:31.955 | INFO     | __main__:<module>:867 - lr:0.1 weight_nat: 0.27696568661361026, nat_loss: 0.025889074429869652, weight_adv: 0.7230343133863898, adv_loss: 0.03791419044137001 weight-klloss3 0.02375 Loss3: 0.03640325367450714 clean_ce: 0.22883574664592743, adv_ce: 1.5898158550262451, adv_margin: 0.9106945395469666, clean_gate: 0.46592995524406433, teacher_margin: 0.7522299289703369, teacher_margin_gate: 0.5734978318214417, teacher_clean_gate: 1.0, teacher_adv_gate: 1.0, tm_grad_cos: 1.0, tm_scale: 1.0, tm_ps_scale: 1.0
2026-09-17 17:08:11.779 | INFO     | __main__:<module>:867 - lr:0.1 weight_nat: 0.2749896251587991, nat_loss: 0.019506169483065605, weight_adv: 0.725010374841201, adv_loss: 0.03981178253889084 weight-klloss3 0.02375 Loss3: 0.04146336764097214 clean_ce: 0.21985365450382233, adv_ce: 1.3581434488296509, adv_margin: 0.5953584909439087, clean_gate: 0.5018497109413147, teacher_margin: 0.8181901574134827, teacher_margin_gate: 0.6217025518417358, teacher_clean_gate: 1.0, teacher_adv_gate: 1.0, tm_grad_cos: 1.0, tm_scale: 1.0, tm_ps_scale: 1.0
2026-09-17 17:08:51.557 | INFO     | __main__:<module>:867 - lr:0.1 weight_nat: 0.27017394636337605, nat_loss: 0.02169153466820717, weight_adv: 0.729826053636624, adv_loss: 0.03638176620006561 weight-klloss3 0.02375 Loss3: 0.04462791606783867 clean_ce: 0.22539407014846802, adv_ce: 1.5276631116867065, adv_margin: 0.8492218255996704, clean_gate: 0.4652090072631836, teacher_margin: 0.7425563335418701, teacher_margin_gate: 0.5649209022521973, teacher_clean_gate: 1.0, teacher_adv_gate: 1.0, tm_grad_cos: 1.0, tm_scale: 1.0, tm_ps_scale: 1.0
2026-09-17 17:09:27.300 | INFO     | __main__:<module>:870 - TRAIN_EPOCH_RESOURCE epoch=38 seconds=155.53096728026867 peak_allocated_bytes=10156507648
2026-09-17 17:09:27.300 | INFO     | __main__:<module>:477 - METHOD epoch=39 views=1 awp_gamma=0.0 consistency_weight=0.0
2026-09-17 17:09:27.300 | INFO     | __main__:<module>:480 - the 39th epoch 
2026-09-17 17:09:27.699 | INFO     | __main__:<module>:867 - lr:0.1 weight_nat: 0.28555600413745563, nat_loss: 0.02249845862388611, weight_adv: 0.7144439958625444, adv_loss: 0.03903571516275406 weight-klloss3 0.024375 Loss3: 0.03748982399702072 clean_ce: 0.2300804853439331, adv_ce: 1.4454575777053833, adv_margin: 0.7684611678123474, clean_gate: 0.4900704324245453, teacher_margin: 0.7794416546821594, teacher_margin_gate: 0.6102784872055054, teacher_clean_gate: 1.0, teacher_adv_gate: 1.0, tm_grad_cos: 1.0, tm_scale: 1.0, tm_ps_scale: 1.0
2026-09-17 17:10:07.499 | INFO     | __main__:<module>:867 - lr:0.1 weight_nat: 0.2758520922401977, nat_loss: 0.020528020337224007, weight_adv: 0.7241479077598024, adv_loss: 0.036620400846004486 weight-klloss3 0.024375 Loss3: 0.036877505481243134 clean_ce: 0.2400311380624771, adv_ce: 1.425830602645874, adv_margin: 0.6844639182090759, clean_gate: 0.4952579140663147, teacher_margin: 0.8322049975395203, teacher_margin_gate: 0.6330852508544922, teacher_clean_gate: 1.0, teacher_adv_gate: 1.0, tm_grad_cos: 1.0, tm_scale: 1.0, tm_ps_scale: 1.0
2026-09-17 17:10:47.283 | INFO     | __main__:<module>:867 - lr:0.1 weight_nat: 0.27612399665061205, nat_loss: 0.03533380106091499, weight_adv: 0.7238760033493881, adv_loss: 0.03290965408086777 weight-klloss3 0.024375 Loss3: 0.030445976182818413 clean_ce: 0.3049876391887665, adv_ce: 1.2760727405548096, adv_margin: 0.45838311314582825, clean_gate: 0.510651171207428, teacher_margin: 0.747734785079956, teacher_margin_gate: 0.6077508926391602, teacher_clean_gate: 1.0, teacher_adv_gate: 1.0, tm_grad_cos: 1.0, tm_scale: 1.0, tm_ps_scale: 1.0
2026-09-17 17:11:27.056 | INFO     | __main__:<module>:867 - lr:0.1 weight_nat: 0.2710152272554746, nat_loss: 0.028907163068652153, weight_adv: 0.7289847727445254, adv_loss: 0.038455571979284286 weight-klloss3 0.024375 Loss3: 0.03000462055206299 clean_ce: 0.26926952600479126, adv_ce: 1.4642163515090942, adv_margin: 0.7031070590019226, clean_gate: 0.4781947135925293, teacher_margin: 0.8016538023948669, teacher_margin_gate: 0.5913091897964478, teacher_clean_gate: 1.0, teacher_adv_gate: 1.0, tm_grad_cos: 1.0, tm_scale: 1.0, tm_ps_scale: 1.0
2026-09-17 17:12:02.855 | INFO     | __main__:<module>:870 - TRAIN_EPOCH_RESOURCE epoch=39 seconds=155.55495447292924 peak_allocated_bytes=10156507648
2026-09-17 17:12:02.856 | INFO     | __main__:<module>:477 - METHOD epoch=40 views=1 awp_gamma=0.0 consistency_weight=0.0
2026-09-17 17:12:02.856 | INFO     | __main__:<module>:480 - the 40th epoch 
2026-09-17 17:12:03.255 | INFO     | __main__:<module>:867 - lr:0.1 weight_nat: 0.2754858763228156, nat_loss: 0.02294325828552246, weight_adv: 0.7245141236771844, adv_loss: 0.03775060921907425 weight-klloss3 0.025 Loss3: 0.031924039125442505 clean_ce: 0.2250531166791916, adv_ce: 1.4163520336151123, adv_margin: 0.6132230758666992, clean_gate: 0.4975210130214691, teacher_margin: 0.7904602289199829, teacher_margin_gate: 0.614111602306366, teacher_clean_gate: 1.0, teacher_adv_gate: 1.0, tm_grad_cos: 1.0, tm_scale: 1.0, tm_ps_scale: 1.0
2026-09-17 17:12:43.312 | INFO     | __main__:<module>:867 - lr:0.1 weight_nat: 0.27966175681428157, nat_loss: 0.01685682311654091, weight_adv: 0.7203382431857185, adv_loss: 0.0278739333152771 weight-klloss3 0.025 Loss3: 0.04563600569963455 clean_ce: 0.2094571888446808, adv_ce: 1.2809802293777466, adv_margin: 0.5851906538009644, clean_gate: 0.5190309286117554, teacher_margin: 0.6295614838600159, teacher_margin_gate: 0.6071510314941406, teacher_clean_gate: 1.0, teacher_adv_gate: 1.0, tm_grad_cos: 1.0, tm_scale: 1.0, tm_ps_scale: 1.0
2026-09-17 17:13:23.149 | INFO     | __main__:<module>:867 - lr:0.1 weight_nat: 0.27358056046807666, nat_loss: 0.02215397171676159, weight_adv: 0.7264194395319234, adv_loss: 0.042924664914608 weight-klloss3 0.025 Loss3: 0.032690368592739105 clean_ce: 0.21598240733146667, adv_ce: 1.6094624996185303, adv_margin: 0.9331964254379272, clean_gate: 0.46252450346946716, teacher_margin: 0.8547689914703369, teacher_margin_gate: 0.5718132257461548, teacher_clean_gate: 1.0, teacher_adv_gate: 1.0, tm_grad_cos: 1.0, tm_scale: 1.0, tm_ps_scale: 1.0
2026-09-17 17:14:02.966 | INFO     | __main__:<module>:867 - lr:0.1 weight_nat: 0.27084227084915313, nat_loss: 0.024120284244418144, weight_adv: 0.729157729150847, adv_loss: 0.03405405208468437 weight-klloss3 0.025 Loss3: 0.04230749234557152 clean_ce: 0.24390526115894318, adv_ce: 1.4023250341415405, adv_margin: 0.6036988496780396, clean_gate: 0.4991286098957062, teacher_margin: 0.7505081295967102, teacher_margin_gate: 0.6032352447509766, teacher_clean_gate: 1.0, teacher_adv_gate: 1.0, tm_grad_cos: 1.0, tm_scale: 1.0, tm_ps_scale: 1.0
2026-09-17 17:14:38.707 | INFO     | __main__:<module>:870 - TRAIN_EPOCH_RESOURCE epoch=40 seconds=155.85050136595964 peak_allocated_bytes=10156458496
2026-09-17 17:15:10.456 | INFO     | __main__:<module>:927 - student robust acc 0.4522, teacher robust acc 0.6781, nat teacher robust acc 0.4869
2026-09-17 17:15:16.675 | INFO     | __main__:<module>:998 - best accuracy:0.63825
2026-09-17 17:15:16.675 | INFO     | __main__:<module>:1001 - student natural acc 0.8243, adv teacher natural acc 0.8492, nat teacher natural acc 0.9318
2026-09-17 17:15:16.677 | INFO     | __main__:<module>:477 - METHOD epoch=41 views=1 awp_gamma=0.0 consistency_weight=0.0
2026-09-17 17:15:16.677 | INFO     | __main__:<module>:480 - the 41th epoch 
2026-09-17 17:15:17.078 | INFO     | __main__:<module>:867 - lr:0.1 weight_nat: 0.27306309448082333, nat_loss: 0.023803720250725746, weight_adv: 0.7269369055191767, adv_loss: 0.038671985268592834 weight-klloss3 0.025625 Loss3: 0.036872949451208115 clean_ce: 0.23332011699676514, adv_ce: 1.4846110343933105, adv_margin: 0.7572749853134155, clean_gate: 0.4826935827732086, teacher_margin: 0.757924497127533, teacher_margin_gate: 0.5973500609397888, teacher_clean_gate: 1.0, teacher_adv_gate: 1.0, tm_grad_cos: 1.0, tm_scale: 1.0, tm_ps_scale: 1.0
2026-09-17 17:15:56.928 | INFO     | __main__:<module>:867 - lr:0.1 weight_nat: 0.27173416370971976, nat_loss: 0.022508447989821434, weight_adv: 0.7282658362902803, adv_loss: 0.04135436192154884 weight-klloss3 0.025625 Loss3: 0.0466853603720665 clean_ce: 0.2214876115322113, adv_ce: 1.4870957136154175, adv_margin: 0.80069899559021, clean_gate: 0.4887007474899292, teacher_margin: 0.8307507634162903, teacher_margin_gate: 0.6190017461776733, teacher_clean_gate: 1.0, teacher_adv_gate: 1.0, tm_grad_cos: 1.0, tm_scale: 1.0, tm_ps_scale: 1.0
2026-09-17 17:16:36.699 | INFO     | __main__:<module>:867 - lr:0.1 weight_nat: 0.265005500324672, nat_loss: 0.023676244542002678, weight_adv: 0.734994499675328, adv_loss: 0.045548226684331894 weight-klloss3 0.025625 Loss3: 0.04591159522533417 clean_ce: 0.21571043133735657, adv_ce: 1.6031724214553833, adv_margin: 0.9008723497390747, clean_gate: 0.4520014822483063, teacher_margin: 0.944351077079773, teacher_margin_gate: 0.5934183597564697, teacher_clean_gate: 1.0, teacher_adv_gate: 1.0, tm_grad_cos: 1.0, tm_scale: 1.0, tm_ps_scale: 1.0
2026-09-17 17:17:16.487 | INFO     | __main__:<module>:867 - lr:0.1 weight_nat: 0.2722872836831406, nat_loss: 0.022427648305892944, weight_adv: 0.7277127163168595, adv_loss: 0.03402452543377876 weight-klloss3 0.025625 Loss3: 0.03360264003276825 clean_ce: 0.22660738229751587, adv_ce: 1.3710778951644897, adv_margin: 0.6157690286636353, clean_gate: 0.5070894360542297, teacher_margin: 0.7006841897964478, teacher_margin_gate: 0.5799626111984253, teacher_clean_gate: 1.0, teacher_adv_gate: 1.0, tm_grad_cos: 1.0, tm_scale: 1.0, tm_ps_scale: 1.0
2026-09-17 17:17:52.231 | INFO     | __main__:<module>:870 - TRAIN_EPOCH_RESOURCE epoch=41 seconds=155.55402998626232 peak_allocated_bytes=10158555648
2026-09-17 17:17:52.232 | INFO     | __main__:<module>:477 - METHOD epoch=42 views=1 awp_gamma=0.0 consistency_weight=0.0
2026-09-17 17:17:52.232 | INFO     | __main__:<module>:480 - the 42th epoch 
2026-09-17 17:17:52.630 | INFO     | __main__:<module>:867 - lr:0.1 weight_nat: 0.2706354347253445, nat_loss: 0.024703649803996086, weight_adv: 0.7293645652746555, adv_loss: 0.0414004921913147 weight-klloss3 0.026250000000000002 Loss3: 0.03784359619021416 clean_ce: 0.2443794310092926, adv_ce: 1.491806983947754, adv_margin: 0.7661424875259399, clean_gate: 0.47289150953292847, teacher_margin: 0.8289600014686584, teacher_margin_gate: 0.586338996887207, teacher_clean_gate: 1.0, teacher_adv_gate: 1.0, tm_grad_cos: 1.0, tm_scale: 1.0, tm_ps_scale: 1.0
2026-09-17 17:18:32.381 | INFO     | __main__:<module>:867 - lr:0.1 weight_nat: 0.2631183999023451, nat_loss: 0.01905558444559574, weight_adv: 0.736881600097655, adv_loss: 0.03440336883068085 weight-klloss3 0.026250000000000002 Loss3: 0.04263899475336075 clean_ce: 0.21411919593811035, adv_ce: 1.3469207286834717, adv_margin: 0.6537287831306458, clean_gate: 0.5065599679946899, teacher_margin: 0.7287687659263611, teacher_margin_gate: 0.6189830899238586, teacher_clean_gate: 1.0, teacher_adv_gate: 1.0, tm_grad_cos: 1.0, tm_scale: 1.0, tm_ps_scale: 1.0
2026-09-17 17:19:12.228 | INFO     | __main__:<module>:867 - lr:0.1 weight_nat: 0.2746777701066721, nat_loss: 0.020565304905176163, weight_adv: 0.725322229893328, adv_loss: 0.0369979664683342 weight-klloss3 0.026250000000000002 Loss3: 0.04121550917625427 clean_ce: 0.21162447333335876, adv_ce: 1.5779063701629639, adv_margin: 0.8070453405380249, clean_gate: 0.47294408082962036, teacher_margin: 0.7032428979873657, teacher_margin_gate: 0.5526807308197021, teacher_clean_gate: 1.0, teacher_adv_gate: 1.0, tm_grad_cos: 1.0, tm_scale: 1.0, tm_ps_scale: 1.0
2026-09-17 17:19:52.019 | INFO     | __main__:<module>:867 - lr:0.1 weight_nat: 0.27536987797314, nat_loss: 0.02670009806752205, weight_adv: 0.7246301220268601, adv_loss: 0.04858628287911415 weight-klloss3 0.026250000000000002 Loss3: 0.03842195123434067 clean_ce: 0.21653598546981812, adv_ce: 1.6379495859146118, adv_margin: 0.9566203355789185, clean_gate: 0.45945316553115845, teacher_margin: 0.8960464000701904, teacher_margin_gate: 0.5855446457862854, teacher_clean_gate: 1.0, teacher_adv_gate: 1.0, tm_grad_cos: 1.0, tm_scale: 1.0, tm_ps_scale: 1.0
2026-09-17 17:20:27.764 | INFO     | __main__:<module>:870 - TRAIN_EPOCH_RESOURCE epoch=42 seconds=155.53240034356713 peak_allocated_bytes=10154885632
2026-09-17 17:20:27.765 | INFO     | __main__:<module>:477 - METHOD epoch=43 views=1 awp_gamma=0.0 consistency_weight=0.0
2026-09-17 17:20:27.765 | INFO     | __main__:<module>:480 - the 43th epoch 
2026-09-17 17:20:28.163 | INFO     | __main__:<module>:867 - lr:0.1 weight_nat: 0.27289483286448885, nat_loss: 0.025255192071199417, weight_adv: 0.7271051671355112, adv_loss: 0.038220182061195374 weight-klloss3 0.026875 Loss3: 0.02805176004767418 clean_ce: 0.237295001745224, adv_ce: 1.4464343786239624, adv_margin: 0.6382945775985718, clean_gate: 0.49139079451560974, teacher_margin: 0.8084709644317627, teacher_margin_gate: 0.6214754581451416, teacher_clean_gate: 1.0, teacher_adv_gate: 1.0, tm_grad_cos: 1.0, tm_scale: 1.0, tm_ps_scale: 1.0
2026-09-17 17:21:07.943 | INFO     | __main__:<module>:867 - lr:0.1 weight_nat: 0.2740736965282387, nat_loss: 0.016724074259400368, weight_adv: 0.7259263034717612, adv_loss: 0.03993106633424759 weight-klloss3 0.026875 Loss3: 0.029937393963336945 clean_ce: 0.21675647795200348, adv_ce: 1.329644799232483, adv_margin: 0.5373473763465881, clean_gate: 0.49517661333084106, teacher_margin: 0.9234238862991333, teacher_margin_gate: 0.6237649321556091, teacher_clean_gate: 1.0, teacher_adv_gate: 1.0, tm_grad_cos: 1.0, tm_scale: 1.0, tm_ps_scale: 1.0
2026-09-17 17:21:47.725 | INFO     | __main__:<module>:867 - lr:0.1 weight_nat: 0.2625126525677108, nat_loss: 0.022426510229706764, weight_adv: 0.7374873474322892, adv_loss: 0.044693417847156525 weight-klloss3 0.026875 Loss3: 0.041437406092882156 clean_ce: 0.21689775586128235, adv_ce: 1.6117174625396729, adv_margin: 0.9658352136611938, clean_gate: 0.453172504901886, teacher_margin: 0.8333861231803894, teacher_margin_gate: 0.5673476457595825, teacher_clean_gate: 1.0, teacher_adv_gate: 1.0, tm_grad_cos: 1.0, tm_scale: 1.0, tm_ps_scale: 1.0
2026-09-17 17:22:27.510 | INFO     | __main__:<module>:867 - lr:0.1 weight_nat: 0.2644319677445192, nat_loss: 0.017320426180958748, weight_adv: 0.7355680322554808, adv_loss: 0.04874436557292938 weight-klloss3 0.026875 Loss3: 0.04186244681477547 clean_ce: 0.181369811296463, adv_ce: 1.5089843273162842, adv_margin: 0.9264237284660339, clean_gate: 0.49179476499557495, teacher_margin: 0.8468828797340393, teacher_margin_gate: 0.6408489942550659, teacher_clean_gate: 1.0, teacher_adv_gate: 1.0, tm_grad_cos: 1.0, tm_scale: 1.0, tm_ps_scale: 1.0
2026-09-17 17:23:03.310 | INFO     | __main__:<module>:870 - TRAIN_EPOCH_RESOURCE epoch=43 seconds=155.54478073120117 peak_allocated_bytes=10153837056
2026-09-17 17:23:03.310 | INFO     | __main__:<module>:477 - METHOD epoch=44 views=1 awp_gamma=0.0 consistency_weight=0.0
2026-09-17 17:23:03.310 | INFO     | __main__:<module>:480 - the 44th epoch 
2026-09-17 17:23:03.709 | INFO     | __main__:<module>:867 - lr:0.1 weight_nat: 0.2731219445562249, nat_loss: 0.02213394083082676, weight_adv: 0.7268780554437752, adv_loss: 0.034700628370046616 weight-klloss3 0.027500000000000004 Loss3: 0.02563626691699028 clean_ce: 0.2356089949607849, adv_ce: 1.3876253366470337, adv_margin: 0.6587839126586914, clean_gate: 0.5010380744934082, teacher_margin: 0.6845582723617554, teacher_margin_gate: 0.5704125165939331, teacher_clean_gate: 1.0, teacher_adv_gate: 1.0, tm_grad_cos: 1.0, tm_scale: 1.0, tm_ps_scale: 1.0
2026-09-17 17:23:43.521 | INFO     | __main__:<module>:867 - lr:0.1 weight_nat: 0.27160592267424855, nat_loss: 0.020850084722042084, weight_adv: 0.7283940773257516, adv_loss: 0.037217654287815094 weight-klloss3 0.027500000000000004 Loss3: 0.05184026062488556 clean_ce: 0.20800340175628662, adv_ce: 1.4529547691345215, adv_margin: 0.6823604106903076, clean_gate: 0.4888879060745239, teacher_margin: 0.7978297472000122, teacher_margin_gate: 0.6145557165145874, teacher_clean_gate: 1.0, teacher_adv_gate: 1.0, tm_grad_cos: 1.0, tm_scale: 1.0, tm_ps_scale: 1.0
2026-09-17 17:24:23.344 | INFO     | __main__:<module>:867 - lr:0.1 weight_nat: 0.26184998200521586, nat_loss: 0.024221697822213173, weight_adv: 0.7381500179947842, adv_loss: 0.03961404412984848 weight-klloss3 0.027500000000000004 Loss3: 0.034941282123327255 clean_ce: 0.2520160675048828, adv_ce: 1.4781888723373413, adv_margin: 0.7198476791381836, clean_gate: 0.4794617295265198, teacher_margin: 0.812603235244751, teacher_margin_gate: 0.5961002707481384, teacher_clean_gate: 1.0, teacher_adv_gate: 1.0, tm_grad_cos: 1.0, tm_scale: 1.0, tm_ps_scale: 1.0
2026-09-17 17:25:03.166 | INFO     | __main__:<module>:867 - lr:0.1 weight_nat: 0.26757976205175393, nat_loss: 0.017367202788591385, weight_adv: 0.7324202379482461, adv_loss: 0.02735162526369095 weight-klloss3 0.027500000000000004 Loss3: 0.03995008394122124 clean_ce: 0.20359274744987488, adv_ce: 1.2563194036483765, adv_margin: 0.579517662525177, clean_gate: 0.5242407321929932, teacher_margin: 0.6216343641281128, teacher_margin_gate: 0.6103982925415039, teacher_clean_gate: 1.0, teacher_adv_gate: 1.0, tm_grad_cos: 1.0, tm_scale: 1.0, tm_ps_scale: 1.0
2026-09-17 17:25:38.947 | INFO     | __main__:<module>:870 - TRAIN_EPOCH_RESOURCE epoch=44 seconds=155.63674188777804 peak_allocated_bytes=10158031360
2026-09-17 17:25:38.948 | INFO     | __main__:<module>:477 - METHOD epoch=45 views=1 awp_gamma=0.0 consistency_weight=0.0
2026-09-17 17:25:38.948 | INFO     | __main__:<module>:480 - the 45th epoch 
2026-09-17 17:25:39.348 | INFO     | __main__:<module>:867 - lr:0.1 weight_nat: 0.26906118496336767, nat_loss: 0.017345627769827843, weight_adv: 0.7309388150366323, adv_loss: 0.03497285023331642 weight-klloss3 0.028125 Loss3: 0.03761940822005272 clean_ce: 0.21197956800460815, adv_ce: 1.4381412267684937, adv_margin: 0.7216863632202148, clean_gate: 0.48445993661880493, teacher_margin: 0.6832113265991211, teacher_margin_gate: 0.5688033103942871, teacher_clean_gate: 1.0, teacher_adv_gate: 1.0, tm_grad_cos: 1.0, tm_scale: 1.0, tm_ps_scale: 1.0
2026-09-17 17:26:19.180 | INFO     | __main__:<module>:867 - lr:0.1 weight_nat: 0.26587415894630506, nat_loss: 0.017650825902819633, weight_adv: 0.7341258410536949, adv_loss: 0.0352163165807724 weight-klloss3 0.028125 Loss3: 0.0421883687376976 clean_ce: 0.22321058809757233, adv_ce: 1.3328999280929565, adv_margin: 0.549510657787323, clean_gate: 0.5016500949859619, teacher_margin: 0.7481226325035095, teacher_margin_gate: 0.6173806190490723, teacher_clean_gate: 1.0, teacher_adv_gate: 1.0, tm_grad_cos: 1.0, tm_scale: 1.0, tm_ps_scale: 1.0
2026-09-17 17:26:58.958 | INFO     | __main__:<module>:867 - lr:0.1 weight_nat: 0.266383730371578, nat_loss: 0.019394924864172935, weight_adv: 0.7336162696284221, adv_loss: 0.0472559817135334 weight-klloss3 0.028125 Loss3: 0.04333170875906944 clean_ce: 0.20584486424922943, adv_ce: 1.6048716306686401, adv_margin: 0.9821929931640625, clean_gate: 0.47329047322273254, teacher_margin: 0.771783709526062, teacher_margin_gate: 0.5881204605102539, teacher_clean_gate: 1.0, teacher_adv_gate: 1.0, tm_grad_cos: 1.0, tm_scale: 1.0, tm_ps_scale: 1.0
2026-09-17 17:27:38.708 | INFO     | __main__:<module>:867 - lr:0.1 weight_nat: 0.2783952140439278, nat_loss: 0.02490284852683544, weight_adv: 0.7216047859560722, adv_loss: 0.03354797884821892 weight-klloss3 0.028125 Loss3: 0.0340941846370697 clean_ce: 0.24764138460159302, adv_ce: 1.4441348314285278, adv_margin: 0.6835439801216125, clean_gate: 0.4814296364784241, teacher_margin: 0.7912694215774536, teacher_margin_gate: 0.5939688682556152, teacher_clean_gate: 1.0, teacher_adv_gate: 1.0, tm_grad_cos: 1.0, tm_scale: 1.0, tm_ps_scale: 1.0
2026-09-17 17:28:14.461 | INFO     | __main__:<module>:870 - TRAIN_EPOCH_RESOURCE epoch=45 seconds=155.51318070665002 peak_allocated_bytes=10156458496
2026-09-17 17:28:14.462 | INFO     | __main__:<module>:477 - METHOD epoch=46 views=1 awp_gamma=0.0 consistency_weight=0.0
2026-09-17 17:28:14.462 | INFO     | __main__:<module>:480 - the 46th epoch 
2026-09-17 17:28:14.860 | INFO     | __main__:<module>:867 - lr:0.1 weight_nat: 0.27458556773084625, nat_loss: 0.022877870127558708, weight_adv: 0.7254144322691538, adv_loss: 0.038848742842674255 weight-klloss3 0.028749999999999998 Loss3: 0.04322173446416855 clean_ce: 0.22017842531204224, adv_ce: 1.4625952243804932, adv_margin: 0.7490646839141846, clean_gate: 0.4849611520767212, teacher_margin: 0.771256685256958, teacher_margin_gate: 0.5958129167556763, teacher_clean_gate: 1.0, teacher_adv_gate: 1.0, tm_grad_cos: 1.0, tm_scale: 1.0, tm_ps_scale: 1.0
2026-09-17 17:28:54.660 | INFO     | __main__:<module>:867 - lr:0.1 weight_nat: 0.27670252491519254, nat_loss: 0.021031668409705162, weight_adv: 0.7232974750848076, adv_loss: 0.03106100484728813 weight-klloss3 0.028749999999999998 Loss3: 0.037155553698539734 clean_ce: 0.2375759482383728, adv_ce: 1.3341032266616821, adv_margin: 0.5786872506141663, clean_gate: 0.506118655204773, teacher_margin: 0.6831282377243042, teacher_margin_gate: 0.6001116037368774, teacher_clean_gate: 1.0, teacher_adv_gate: 1.0, tm_grad_cos: 1.0, tm_scale: 1.0, tm_ps_scale: 1.0
2026-09-17 17:29:34.403 | INFO     | __main__:<module>:867 - lr:0.1 weight_nat: 0.2632376059353413, nat_loss: 0.02503991685807705, weight_adv: 0.7367623940646588, adv_loss: 0.043286845088005066 weight-klloss3 0.028749999999999998 Loss3: 0.043012186884880066 clean_ce: 0.24480420351028442, adv_ce: 1.5669152736663818, adv_margin: 0.815534234046936, clean_gate: 0.47873491048812866, teacher_margin: 0.8097859621047974, teacher_margin_gate: 0.5688393115997314, teacher_clean_gate: 1.0, teacher_adv_gate: 1.0, tm_grad_cos: 1.0, tm_scale: 1.0, tm_ps_scale: 1.0
2026-09-17 17:30:14.205 | INFO     | __main__:<module>:867 - lr:0.1 weight_nat: 0.26686608007201945, nat_loss: 0.02198745496571064, weight_adv: 0.7331339199279806, adv_loss: 0.03338341414928436 weight-klloss3 0.028749999999999998 Loss3: 0.028658445924520493 clean_ce: 0.22746291756629944, adv_ce: 1.2500029802322388, adv_margin: 0.5244402289390564, clean_gate: 0.5302774906158447, teacher_margin: 0.7609716653823853, teacher_margin_gate: 0.6490821838378906, teacher_clean_gate: 1.0, teacher_adv_gate: 1.0, tm_grad_cos: 1.0, tm_scale: 1.0, tm_ps_scale: 1.0
2026-09-17 17:30:50.010 | INFO     | __main__:<module>:870 - TRAIN_EPOCH_RESOURCE epoch=46 seconds=155.54764352738857 peak_allocated_bytes=10154885632
2026-09-17 17:30:50.014 | INFO     | __main__:<module>:477 - METHOD epoch=47 views=1 awp_gamma=0.0 consistency_weight=0.0
2026-09-17 17:30:50.014 | INFO     | __main__:<module>:480 - the 47th epoch 
2026-09-17 17:30:50.419 | INFO     | __main__:<module>:867 - lr:0.1 weight_nat: 0.26451139278863023, nat_loss: 0.016603022813796997, weight_adv: 0.7354886072113698, adv_loss: 0.029783813282847404 weight-klloss3 0.029375000000000002 Loss3: 0.0450376532971859 clean_ce: 0.22234977781772614, adv_ce: 1.2434718608856201, adv_margin: 0.5092934966087341, clean_gate: 0.5261654257774353, teacher_margin: 0.6868483424186707, teacher_margin_gate: 0.6255609393119812, teacher_clean_gate: 1.0, teacher_adv_gate: 1.0, tm_grad_cos: 1.0, tm_scale: 1.0, tm_ps_scale: 1.0
2026-09-17 17:31:30.273 | INFO     | __main__:<module>:867 - lr:0.1 weight_nat: 0.27027458857965186, nat_loss: 0.02295066975057125, weight_adv: 0.7297254114203481, adv_loss: 0.03930867090821266 weight-klloss3 0.029375000000000002 Loss3: 0.04644987732172012 clean_ce: 0.2195526361465454, adv_ce: 1.4439972639083862, adv_margin: 0.7049040794372559, clean_gate: 0.4836697578430176, teacher_margin: 0.8685093522071838, teacher_margin_gate: 0.6091398000717163, teacher_clean_gate: 1.0, teacher_adv_gate: 1.0, tm_grad_cos: 1.0, tm_scale: 1.0, tm_ps_scale: 1.0
2026-09-17 17:32:10.121 | INFO     | __main__:<module>:867 - lr:0.1 weight_nat: 0.26805641472784986, nat_loss: 0.019033079966902733, weight_adv: 0.7319435852721502, adv_loss: 0.02998766303062439 weight-klloss3 0.029375000000000002 Loss3: 0.04805316776037216 clean_ce: 0.23148411512374878, adv_ce: 1.3595644235610962, adv_margin: 0.6737552881240845, clean_gate: 0.5017575621604919, teacher_margin: 0.5951433181762695, teacher_margin_gate: 0.5681042671203613, teacher_clean_gate: 1.0, teacher_adv_gate: 1.0, tm_grad_cos: 1.0, tm_scale: 1.0, tm_ps_scale: 1.0
2026-09-17 17:32:49.898 | INFO     | __main__:<module>:867 - lr:0.1 weight_nat: 0.27054797068647096, nat_loss: 0.014048176817595959, weight_adv: 0.729452029313529, adv_loss: 0.028831738978624344 weight-klloss3 0.029375000000000002 Loss3: 0.03677917644381523 clean_ce: 0.19622400403022766, adv_ce: 1.21375572681427, adv_margin: 0.5554124712944031, clean_gate: 0.519611120223999, teacher_margin: 0.6325219869613647, teacher_margin_gate: 0.5976712107658386, teacher_clean_gate: 1.0, teacher_adv_gate: 1.0, tm_grad_cos: 1.0, tm_scale: 1.0, tm_ps_scale: 1.0
2026-09-17 17:33:25.612 | INFO     | __main__:<module>:870 - TRAIN_EPOCH_RESOURCE epoch=47 seconds=155.5980954952538 peak_allocated_bytes=10154885632
2026-09-17 17:33:25.616 | INFO     | __main__:<module>:477 - METHOD epoch=48 views=1 awp_gamma=0.0 consistency_weight=0.0
2026-09-17 17:33:25.617 | INFO     | __main__:<module>:480 - the 48th epoch 
2026-09-17 17:33:26.014 | INFO     | __main__:<module>:867 - lr:0.1 weight_nat: 0.26523858319194377, nat_loss: 0.033737897872924805, weight_adv: 0.7347614168080562, adv_loss: 0.03607822209596634 weight-klloss3 0.03 Loss3: 0.033617012202739716 clean_ce: 0.28872400522232056, adv_ce: 1.5626903772354126, adv_margin: 0.7665016651153564, clean_gate: 0.48054230213165283, teacher_margin: 0.6884371042251587, teacher_margin_gate: 0.5561732053756714, teacher_clean_gate: 1.0, teacher_adv_gate: 1.0, tm_grad_cos: 1.0, tm_scale: 1.0, tm_ps_scale: 1.0
2026-09-17 17:34:05.746 | INFO     | __main__:<module>:867 - lr:0.1 weight_nat: 0.2667680283207058, nat_loss: 0.019605258479714394, weight_adv: 0.7332319716792942, adv_loss: 0.03503675013780594 weight-klloss3 0.03 Loss3: 0.04238884523510933 clean_ce: 0.2153191715478897, adv_ce: 1.4187402725219727, adv_margin: 0.6662693023681641, clean_gate: 0.49479448795318604, teacher_margin: 0.742891252040863, teacher_margin_gate: 0.597206711769104, teacher_clean_gate: 1.0, teacher_adv_gate: 1.0, tm_grad_cos: 1.0, tm_scale: 1.0, tm_ps_scale: 1.0
2026-09-17 17:34:45.525 | INFO     | __main__:<module>:867 - lr:0.1 weight_nat: 0.2757130563436208, nat_loss: 0.019231468439102173, weight_adv: 0.7242869436563792, adv_loss: 0.02757643535733223 weight-klloss3 0.03 Loss3: 0.04865489900112152 clean_ce: 0.2188953012228012, adv_ce: 1.2627043724060059, adv_margin: 0.5861770510673523, clean_gate: 0.5185825824737549, teacher_margin: 0.6258299350738525, teacher_margin_gate: 0.595982551574707, teacher_clean_gate: 1.0, teacher_adv_gate: 1.0, tm_grad_cos: 1.0, tm_scale: 1.0, tm_ps_scale: 1.0
2026-09-17 17:35:25.284 | INFO     | __main__:<module>:867 - lr:0.1 weight_nat: 0.26234398224407984, nat_loss: 0.025617465376853943, weight_adv: 0.7376560177559203, adv_loss: 0.03739509731531143 weight-klloss3 0.03 Loss3: 0.042322758585214615 clean_ce: 0.2391114979982376, adv_ce: 1.5094118118286133, adv_margin: 0.8010561466217041, clean_gate: 0.4757499098777771, teacher_margin: 0.798763632774353, teacher_margin_gate: 0.6015604138374329, teacher_clean_gate: 1.0, teacher_adv_gate: 1.0, tm_grad_cos: 1.0, tm_scale: 1.0, tm_ps_scale: 1.0
2026-09-17 17:36:01.043 | INFO     | __main__:<module>:870 - TRAIN_EPOCH_RESOURCE epoch=48 seconds=155.4258252903819 peak_allocated_bytes=10156458496
2026-09-17 17:36:01.043 | INFO     | __main__:<module>:477 - METHOD epoch=49 views=1 awp_gamma=0.0 consistency_weight=0.0
2026-09-17 17:36:01.043 | INFO     | __main__:<module>:480 - the 49th epoch 
2026-09-17 17:36:01.442 | INFO     | __main__:<module>:867 - lr:0.1 weight_nat: 0.26400906041712613, nat_loss: 0.01906382106244564, weight_adv: 0.7359909395828739, adv_loss: 0.03684981167316437 weight-klloss3 0.030625000000000003 Loss3: 0.029778579249978065 clean_ce: 0.23043951392173767, adv_ce: 1.3279695510864258, adv_margin: 0.5653125643730164, clean_gate: 0.5096492767333984, teacher_margin: 0.8303425908088684, teacher_margin_gate: 0.6152546405792236, teacher_clean_gate: 1.0, teacher_adv_gate: 1.0, tm_grad_cos: 1.0, tm_scale: 1.0, tm_ps_scale: 1.0
2026-09-17 17:36:41.192 | INFO     | __main__:<module>:867 - lr:0.1 weight_nat: 0.26135220897198297, nat_loss: 0.017110183835029602, weight_adv: 0.738647791028017, adv_loss: 0.038037437945604324 weight-klloss3 0.030625000000000003 Loss3: 0.04668738320469856 clean_ce: 0.20485460758209229, adv_ce: 1.4508373737335205, adv_margin: 0.7410218715667725, clean_gate: 0.490567684173584, teacher_margin: 0.8060388565063477, teacher_margin_gate: 0.6085727214813232, teacher_clean_gate: 1.0, teacher_adv_gate: 1.0, tm_grad_cos: 1.0, tm_scale: 1.0, tm_ps_scale: 1.0
2026-09-17 17:37:20.987 | INFO     | __main__:<module>:867 - lr:0.1 weight_nat: 0.26275940478288257, nat_loss: 0.033851247280836105, weight_adv: 0.7372405952171174, adv_loss: 0.040137916803359985 weight-klloss3 0.030625000000000003 Loss3: 0.031567297875881195 clean_ce: 0.26976943016052246, adv_ce: 1.5379430055618286, adv_margin: 0.7666109800338745, clean_gate: 0.4783325791358948, teacher_margin: 0.7488753795623779, teacher_margin_gate: 0.5547782182693481, teacher_clean_gate: 1.0, teacher_adv_gate: 1.0, tm_grad_cos: 1.0, tm_scale: 1.0, tm_ps_scale: 1.0
2026-09-17 17:38:00.763 | INFO     | __main__:<module>:867 - lr:0.1 weight_nat: 0.2654346752179221, nat_loss: 0.01673036627471447, weight_adv: 0.7345653247820779, adv_loss: 0.031155629083514214 weight-klloss3 0.030625000000000003 Loss3: 0.0424068421125412 clean_ce: 0.21235117316246033, adv_ce: 1.3627599477767944, adv_margin: 0.5959782600402832, clean_gate: 0.5037358999252319, teacher_margin: 0.7152858972549438, teacher_margin_gate: 0.6012623310089111, teacher_clean_gate: 1.0, teacher_adv_gate: 1.0, tm_grad_cos: 1.0, tm_scale: 1.0, tm_ps_scale: 1.0
2026-09-17 17:38:36.451 | INFO     | __main__:<module>:870 - TRAIN_EPOCH_RESOURCE epoch=49 seconds=155.40689231455326 peak_allocated_bytes=10156458496
2026-09-17 17:38:36.451 | INFO     | __main__:<module>:477 - METHOD epoch=50 views=1 awp_gamma=0.0 consistency_weight=0.0
2026-09-17 17:38:36.451 | INFO     | __main__:<module>:480 - the 50th epoch 
2026-09-17 17:38:36.851 | INFO     | __main__:<module>:867 - lr:0.1 weight_nat: 0.2667729851863433, nat_loss: 0.017122907564044, weight_adv: 0.7332270148136567, adv_loss: 0.03268951177597046 weight-klloss3 0.03125 Loss3: 0.049804165959358215 clean_ce: 0.2316078394651413, adv_ce: 1.396468162536621, adv_margin: 0.6535018682479858, clean_gate: 0.48908162117004395, teacher_margin: 0.7240342497825623, teacher_margin_gate: 0.5850092172622681, teacher_clean_gate: 1.0, teacher_adv_gate: 1.0, tm_grad_cos: 1.0, tm_scale: 1.0, tm_ps_scale: 1.0
2026-09-17 17:39:16.617 | INFO     | __main__:<module>:867 - lr:0.1 weight_nat: 0.26080969992284153, nat_loss: 0.021341299638152122, weight_adv: 0.7391903000771586, adv_loss: 0.03340781480073929 weight-klloss3 0.03125 Loss3: 0.035480599850416183 clean_ce: 0.21011097729206085, adv_ce: 1.4433501958847046, adv_margin: 0.7912803888320923, clean_gate: 0.4911397397518158, teacher_margin: 0.6612767577171326, teacher_margin_gate: 0.5691902041435242, teacher_clean_gate: 1.0, teacher_adv_gate: 1.0, tm_grad_cos: 1.0, tm_scale: 1.0, tm_ps_scale: 1.0
2026-09-17 17:39:56.376 | INFO     | __main__:<module>:867 - lr:0.1 weight_nat: 0.25718905602022724, nat_loss: 0.018284911289811134, weight_adv: 0.7428109439797729, adv_loss: 0.032474350184202194 weight-klloss3 0.03125 Loss3: 0.04064149782061577 clean_ce: 0.22545984387397766, adv_ce: 1.2414923906326294, adv_margin: 0.5191820859909058, clean_gate: 0.5182450413703918, teacher_margin: 0.7308599948883057, teacher_margin_gate: 0.6233022212982178, teacher_clean_gate: 1.0, teacher_adv_gate: 1.0, tm_grad_cos: 1.0, tm_scale: 1.0, tm_ps_scale: 1.0
2026-09-17 17:40:36.182 | INFO     | __main__:<module>:867 - lr:0.1 weight_nat: 0.2654262006884217, nat_loss: 0.01976185292005539, weight_adv: 0.7345737993115783, adv_loss: 0.037632137537002563 weight-klloss3 0.03125 Loss3: 0.027542365714907646 clean_ce: 0.22050169110298157, adv_ce: 1.3310192823410034, adv_margin: 0.588740348815918, clean_gate: 0.5094577074050903, teacher_margin: 0.8015518188476562, teacher_margin_gate: 0.6373843550682068, teacher_clean_gate: 1.0, teacher_adv_gate: 1.0, tm_grad_cos: 1.0, tm_scale: 1.0, tm_ps_scale: 1.0
2026-09-17 17:41:11.929 | INFO     | __main__:<module>:870 - TRAIN_EPOCH_RESOURCE epoch=50 seconds=155.47797982394695 peak_allocated_bytes=10156458496
2026-09-17 17:41:43.661 | INFO     | __main__:<module>:927 - student robust acc 0.4723, teacher robust acc 0.6743, nat teacher robust acc 0.4614
2026-09-17 17:41:50.378 | INFO     | __main__:<module>:998 - best accuracy:0.6623
2026-09-17 17:41:50.379 | INFO     | __main__:<module>:1001 - student natural acc 0.8523, adv teacher natural acc 0.8478, nat teacher natural acc 0.9318
2026-09-17 17:41:50.381 | INFO     | __main__:<module>:477 - METHOD epoch=51 views=1 awp_gamma=0.0 consistency_weight=0.0
2026-09-17 17:41:50.381 | INFO     | __main__:<module>:480 - the 51th epoch 
2026-09-17 17:41:50.901 | INFO     | __main__:<module>:867 - lr:0.1 weight_nat: 0.268601829257526, nat_loss: 0.020672062411904335, weight_adv: 0.731398170742474, adv_loss: 0.03794034570455551 weight-klloss3 0.031875 Loss3: 0.0408787876367569 clean_ce: 0.21732160449028015, adv_ce: 1.5540374517440796, adv_margin: 0.8127329349517822, clean_gate: 0.4642829895019531, teacher_margin: 0.816283106803894, teacher_margin_gate: 0.5805962085723877, teacher_clean_gate: 1.0, teacher_adv_gate: 1.0, tm_grad_cos: 1.0, tm_scale: 1.0, tm_ps_scale: 1.0
2026-09-17 17:42:37.521 | INFO     | __main__:<module>:867 - lr:0.1 weight_nat: 0.2664007273142263, nat_loss: 0.01742473803460598, weight_adv: 0.7335992726857737, adv_loss: 0.03559424728155136 weight-klloss3 0.031875 Loss3: 0.05437961220741272 clean_ce: 0.2342585027217865, adv_ce: 1.424948811531067, adv_margin: 0.728225827217102, clean_gate: 0.48984211683273315, teacher_margin: 0.7578415870666504, teacher_margin_gate: 0.5925724506378174, teacher_clean_gate: 1.0, teacher_adv_gate: 1.0, tm_grad_cos: 1.0, tm_scale: 1.0, tm_ps_scale: 1.0
2026-09-17 17:43:24.019 | INFO     | __main__:<module>:867 - lr:0.1 weight_nat: 0.2761450961716141, nat_loss: 0.019000882282853127, weight_adv: 0.723854903828386, adv_loss: 0.04103890061378479 weight-klloss3 0.031875 Loss3: 0.046662911772727966 clean_ce: 0.20228344202041626, adv_ce: 1.5614910125732422, adv_margin: 0.8322815895080566, clean_gate: 0.4786859154701233, teacher_margin: 0.8039495348930359, teacher_margin_gate: 0.6042224168777466, teacher_clean_gate: 1.0, teacher_adv_gate: 1.0, tm_grad_cos: 1.0, tm_scale: 1.0, tm_ps_scale: 1.0
2026-09-17 17:44:10.548 | INFO     | __main__:<module>:867 - lr:0.1 weight_nat: 0.2695943066982796, nat_loss: 0.02959580160677433, weight_adv: 0.7304056933017204, adv_loss: 0.039187073707580566 weight-klloss3 0.031875 Loss3: 0.036386050283908844 clean_ce: 0.2565455138683319, adv_ce: 1.5755378007888794, adv_margin: 0.8532864451408386, clean_gate: 0.4648933410644531, teacher_margin: 0.7800827026367188, teacher_margin_gate: 0.5645596385002136, teacher_clean_gate: 1.0, teacher_adv_gate: 1.0, tm_grad_cos: 1.0, tm_scale: 1.0, tm_ps_scale: 1.0
2026-09-17 17:44:52.653 | INFO     | __main__:<module>:870 - TRAIN_EPOCH_RESOURCE epoch=51 seconds=182.2709982395172 peak_allocated_bytes=9029373440
2026-09-17 17:44:52.655 | INFO     | __main__:<module>:477 - METHOD epoch=52 views=1 awp_gamma=0.0 consistency_weight=0.0
2026-09-17 17:44:52.655 | INFO     | __main__:<module>:480 - the 52th epoch 
2026-09-17 17:44:53.160 | INFO     | __main__:<module>:867 - lr:0.1 weight_nat: 0.2653584383844559, nat_loss: 0.01568860560655594, weight_adv: 0.7346415616155442, adv_loss: 0.03260839357972145 weight-klloss3 0.0325 Loss3: 0.03524984046816826 clean_ce: 0.2133897840976715, adv_ce: 1.3084688186645508, adv_margin: 0.6246318221092224, clean_gate: 0.5037828683853149, teacher_margin: 0.7391773462295532, teacher_margin_gate: 0.6203634738922119, teacher_clean_gate: 1.0, teacher_adv_gate: 1.0, tm_grad_cos: 1.0, tm_scale: 1.0, tm_ps_scale: 1.0
2026-09-17 17:45:39.693 | INFO     | __main__:<module>:867 - lr:0.1 weight_nat: 0.2659933809767893, nat_loss: 0.020254185423254967, weight_adv: 0.7340066190232106, adv_loss: 0.03378027305006981 weight-klloss3 0.0325 Loss3: 0.03454548865556717 clean_ce: 0.2262115776538849, adv_ce: 1.3923044204711914, adv_margin: 0.6642279028892517, clean_gate: 0.49627596139907837, teacher_margin: 0.6046974658966064, teacher_margin_gate: 0.5474921464920044, teacher_clean_gate: 1.0, teacher_adv_gate: 1.0, tm_grad_cos: 1.0, tm_scale: 1.0, tm_ps_scale: 1.0
2026-09-17 17:46:26.218 | INFO     | __main__:<module>:867 - lr:0.1 weight_nat: 0.26455685635113735, nat_loss: 0.01847361959517002, weight_adv: 0.7354431436488627, adv_loss: 0.03371231257915497 weight-klloss3 0.0325 Loss3: 0.04532693326473236 clean_ce: 0.2251603901386261, adv_ce: 1.347012996673584, adv_margin: 0.6288679242134094, clean_gate: 0.5097731351852417, teacher_margin: 0.7358382940292358, teacher_margin_gate: 0.6290603876113892, teacher_clean_gate: 1.0, teacher_adv_gate: 1.0, tm_grad_cos: 1.0, tm_scale: 1.0, tm_ps_scale: 1.0
2026-09-17 17:47:12.800 | INFO     | __main__:<module>:867 - lr:0.1 weight_nat: 0.263688337821713, nat_loss: 0.021876007318496704, weight_adv: 0.736311662178287, adv_loss: 0.03561891242861748 weight-klloss3 0.0325 Loss3: 0.036003462970256805 clean_ce: 0.21899904310703278, adv_ce: 1.4306436777114868, adv_margin: 0.7277273535728455, clean_gate: 0.49781811237335205, teacher_margin: 0.7767965197563171, teacher_margin_gate: 0.6193408370018005, teacher_clean_gate: 1.0, teacher_adv_gate: 1.0, tm_grad_cos: 1.0, tm_scale: 1.0, tm_ps_scale: 1.0
2026-09-17 17:47:54.607 | INFO     | __main__:<module>:870 - TRAIN_EPOCH_RESOURCE epoch=52 seconds=181.9519352093339 peak_allocated_bytes=7573936128
2026-09-17 17:47:54.607 | INFO     | __main__:<module>:477 - METHOD epoch=53 views=1 awp_gamma=0.0 consistency_weight=0.0
2026-09-17 17:47:54.607 | INFO     | __main__:<module>:480 - the 53th epoch 
2026-09-17 17:47:55.117 | INFO     | __main__:<module>:867 - lr:0.1 weight_nat: 0.2572448074930614, nat_loss: 0.014294559136033058, weight_adv: 0.7427551925069386, adv_loss: 0.036176227033138275 weight-klloss3 0.033125 Loss3: 0.04027058929204941 clean_ce: 0.20119434595108032, adv_ce: 1.435559630393982, adv_margin: 0.7812960147857666, clean_gate: 0.4887005686759949, teacher_margin: 0.7365497350692749, teacher_margin_gate: 0.5897084474563599, teacher_clean_gate: 1.0, teacher_adv_gate: 1.0, tm_grad_cos: 1.0, tm_scale: 1.0, tm_ps_scale: 1.0
2026-09-17 17:48:41.673 | INFO     | __main__:<module>:867 - lr:0.1 weight_nat: 0.2645270876767296, nat_loss: 0.023061344400048256, weight_adv: 0.7354729123232705, adv_loss: 0.03767140954732895 weight-klloss3 0.033125 Loss3: 0.044324636459350586 clean_ce: 0.22654975950717926, adv_ce: 1.5018672943115234, adv_margin: 0.7271194458007812, clean_gate: 0.4874400794506073, teacher_margin: 0.8006349802017212, teacher_margin_gate: 0.6092629432678223, teacher_clean_gate: 1.0, teacher_adv_gate: 1.0, tm_grad_cos: 1.0, tm_scale: 1.0, tm_ps_scale: 1.0
2026-09-17 17:49:28.258 | INFO     | __main__:<module>:867 - lr:0.1 weight_nat: 0.2655247887509951, nat_loss: 0.02070372737944126, weight_adv: 0.734475211249005, adv_loss: 0.030446365475654602 weight-klloss3 0.033125 Loss3: 0.050527527928352356 clean_ce: 0.22108623385429382, adv_ce: 1.2822853326797485, adv_margin: 0.5344926118850708, clean_gate: 0.512505829334259, teacher_margin: 0.7489752173423767, teacher_margin_gate: 0.6339423656463623, teacher_clean_gate: 1.0, teacher_adv_gate: 1.0, tm_grad_cos: 1.0, tm_scale: 1.0, tm_ps_scale: 1.0
2026-09-17 17:50:14.888 | INFO     | __main__:<module>:867 - lr:0.1 weight_nat: 0.26973890647177723, nat_loss: 0.028548894450068474, weight_adv: 0.7302610935282228, adv_loss: 0.03847026824951172 weight-klloss3 0.033125 Loss3: 0.03598792478442192 clean_ce: 0.25853216648101807, adv_ce: 1.4344282150268555, adv_margin: 0.7063544988632202, clean_gate: 0.490928053855896, teacher_margin: 0.7919634580612183, teacher_margin_gate: 0.6088559627532959, teacher_clean_gate: 1.0, teacher_adv_gate: 1.0, tm_grad_cos: 1.0, tm_scale: 1.0, tm_ps_scale: 1.0
2026-09-17 17:50:56.627 | INFO     | __main__:<module>:870 - TRAIN_EPOCH_RESOURCE epoch=53 seconds=182.01999432221055 peak_allocated_bytes=7573936128
2026-09-17 17:50:56.628 | INFO     | __main__:<module>:477 - METHOD epoch=54 views=1 awp_gamma=0.0 consistency_weight=0.0
2026-09-17 17:50:56.628 | INFO     | __main__:<module>:480 - the 54th epoch 
2026-09-17 17:50:57.134 | INFO     | __main__:<module>:867 - lr:0.1 weight_nat: 0.25805141485716315, nat_loss: 0.019678136333823204, weight_adv: 0.7419485851428368, adv_loss: 0.03746228292584419 weight-klloss3 0.03375 Loss3: 0.049551792442798615 clean_ce: 0.19473233819007874, adv_ce: 1.5455487966537476, adv_margin: 0.8725541830062866, clean_gate: 0.4821206033229828, teacher_margin: 0.7939518690109253, teacher_margin_gate: 0.6033073663711548, teacher_clean_gate: 1.0, teacher_adv_gate: 1.0, tm_grad_cos: 1.0, tm_scale: 1.0, tm_ps_scale: 1.0
2026-09-17 17:51:43.692 | INFO     | __main__:<module>:867 - lr:0.1 weight_nat: 0.2590886930106694, nat_loss: 0.016838401556015015, weight_adv: 0.7409113069893307, adv_loss: 0.030721725896000862 weight-klloss3 0.03375 Loss3: 0.04573407769203186 clean_ce: 0.22876423597335815, adv_ce: 1.438010334968567, adv_margin: 0.6375764608383179, clean_gate: 0.4855343997478485, teacher_margin: 0.6904548406600952, teacher_margin_gate: 0.549019455909729, teacher_clean_gate: 1.0, teacher_adv_gate: 1.0, tm_grad_cos: 1.0, tm_scale: 1.0, tm_ps_scale: 1.0
2026-09-17 17:52:30.258 | INFO     | __main__:<module>:867 - lr:0.1 weight_nat: 0.26645007266499915, nat_loss: 0.02336052991449833, weight_adv: 0.7335499273350009, adv_loss: 0.03307515010237694 weight-klloss3 0.03375 Loss3: 0.03777855634689331 clean_ce: 0.22115454077720642, adv_ce: 1.3213493824005127, adv_margin: 0.5773886442184448, clean_gate: 0.5085329413414001, teacher_margin: 0.7375388145446777, teacher_margin_gate: 0.6165326833724976, teacher_clean_gate: 1.0, teacher_adv_gate: 1.0, tm_grad_cos: 1.0, tm_scale: 1.0, tm_ps_scale: 1.0
2026-09-17 17:53:16.837 | INFO     | __main__:<module>:867 - lr:0.1 weight_nat: 0.260800968100573, nat_loss: 0.019664445891976357, weight_adv: 0.739199031899427, adv_loss: 0.030399365350604057 weight-klloss3 0.03375 Loss3: 0.03276931121945381 clean_ce: 0.22776712477207184, adv_ce: 1.3491637706756592, adv_margin: 0.6231727600097656, clean_gate: 0.514502763748169, teacher_margin: 0.6146995425224304, teacher_margin_gate: 0.5784362554550171, teacher_clean_gate: 1.0, teacher_adv_gate: 1.0, tm_grad_cos: 1.0, tm_scale: 1.0, tm_ps_scale: 1.0
2026-09-17 17:53:58.630 | INFO     | __main__:<module>:870 - TRAIN_EPOCH_RESOURCE epoch=54 seconds=182.00151628255844 peak_allocated_bytes=7573936128
2026-09-17 17:53:58.630 | INFO     | __main__:<module>:477 - METHOD epoch=55 views=1 awp_gamma=0.0 consistency_weight=0.0
2026-09-17 17:53:58.630 | INFO     | __main__:<module>:480 - the 55th epoch 
2026-09-17 17:53:59.137 | INFO     | __main__:<module>:867 - lr:0.1 weight_nat: 0.26826536472785967, nat_loss: 0.016478657722473145, weight_adv: 0.7317346352721403, adv_loss: 0.03050973266363144 weight-klloss3 0.034375 Loss3: 0.04322933778166771 clean_ce: 0.20075973868370056, adv_ce: 1.337913155555725, adv_margin: 0.634397029876709, clean_gate: 0.5114036798477173, teacher_margin: 0.6732754707336426, teacher_margin_gate: 0.6008769273757935, teacher_clean_gate: 1.0, teacher_adv_gate: 1.0, tm_grad_cos: 1.0, tm_scale: 1.0, tm_ps_scale: 1.0
2026-09-17 17:54:45.723 | INFO     | __main__:<module>:867 - lr:0.1 weight_nat: 0.258594211752024, nat_loss: 0.016652189195156097, weight_adv: 0.7414057882479761, adv_loss: 0.030176864936947823 weight-klloss3 0.034375 Loss3: 0.0380878821015358 clean_ce: 0.22590899467468262, adv_ce: 1.3028771877288818, adv_margin: 0.5573685169219971, clean_gate: 0.5082316398620605, teacher_margin: 0.6706277132034302, teacher_margin_gate: 0.5615127682685852, teacher_clean_gate: 1.0, teacher_adv_gate: 1.0, tm_grad_cos: 1.0, tm_scale: 1.0, tm_ps_scale: 1.0
2026-09-17 17:55:32.331 | INFO     | __main__:<module>:867 - lr:0.1 weight_nat: 0.26665220238666837, nat_loss: 0.03350533917546272, weight_adv: 0.7333477976133316, adv_loss: 0.03662125766277313 weight-klloss3 0.034375 Loss3: 0.03366657719016075 clean_ce: 0.2813859283924103, adv_ce: 1.4546746015548706, adv_margin: 0.6701692342758179, clean_gate: 0.4897622764110565, teacher_margin: 0.8018894195556641, teacher_margin_gate: 0.5951504111289978, teacher_clean_gate: 1.0, teacher_adv_gate: 1.0, tm_grad_cos: 1.0, tm_scale: 1.0, tm_ps_scale: 1.0
2026-09-17 17:56:18.888 | INFO     | __main__:<module>:867 - lr:0.1 weight_nat: 0.2514794720831292, nat_loss: 0.017063580453395844, weight_adv: 0.7485205279168708, adv_loss: 0.03330574929714203 weight-klloss3 0.034375 Loss3: 0.03563592955470085 clean_ce: 0.2238355427980423, adv_ce: 1.3377034664154053, adv_margin: 0.5815075635910034, clean_gate: 0.5065619945526123, teacher_margin: 0.7163404226303101, teacher_margin_gate: 0.609583854675293, teacher_clean_gate: 1.0, teacher_adv_gate: 1.0, tm_grad_cos: 1.0, tm_scale: 1.0, tm_ps_scale: 1.0
2026-09-17 17:57:00.797 | INFO     | __main__:<module>:870 - TRAIN_EPOCH_RESOURCE epoch=55 seconds=182.16662626340985 peak_allocated_bytes=7573936128
2026-09-17 17:57:00.797 | INFO     | __main__:<module>:477 - METHOD epoch=56 views=1 awp_gamma=0.0 consistency_weight=0.0
2026-09-17 17:57:00.797 | INFO     | __main__:<module>:480 - the 56th epoch 
2026-09-17 17:57:01.304 | INFO     | __main__:<module>:867 - lr:0.1 weight_nat: 0.26127092629905774, nat_loss: 0.017700737342238426, weight_adv: 0.7387290737009422, adv_loss: 0.03406928479671478 weight-klloss3 0.034999999999999996 Loss3: 0.04722091555595398 clean_ce: 0.20572693645954132, adv_ce: 1.3164026737213135, adv_margin: 0.568852424621582, clean_gate: 0.5098732709884644, teacher_margin: 0.8166985511779785, teacher_margin_gate: 0.6641196012496948, teacher_clean_gate: 1.0, teacher_adv_gate: 1.0, tm_grad_cos: 1.0, tm_scale: 1.0, tm_ps_scale: 1.0
2026-09-17 17:57:47.895 | INFO     | __main__:<module>:867 - lr:0.1 weight_nat: 0.2821321309649396, nat_loss: 0.02747492492198944, weight_adv: 0.7178678690350604, adv_loss: 0.03260624408721924 weight-klloss3 0.034999999999999996 Loss3: 0.03458142280578613 clean_ce: 0.23609134554862976, adv_ce: 1.491242527961731, adv_margin: 0.7790362238883972, clean_gate: 0.4783802032470703, teacher_margin: 0.7212767601013184, teacher_margin_gate: 0.5781232714653015, teacher_clean_gate: 1.0, teacher_adv_gate: 1.0, tm_grad_cos: 1.0, tm_scale: 1.0, tm_ps_scale: 1.0
2026-09-17 17:58:34.524 | INFO     | __main__:<module>:867 - lr:0.1 weight_nat: 0.26519538023874967, nat_loss: 0.02129330113530159, weight_adv: 0.7348046197612503, adv_loss: 0.03213262930512428 weight-klloss3 0.034999999999999996 Loss3: 0.03681078553199768 clean_ce: 0.2226342260837555, adv_ce: 1.4710763692855835, adv_margin: 0.8193299770355225, clean_gate: 0.4871636629104614, teacher_margin: 0.6384927034378052, teacher_margin_gate: 0.5551995635032654, teacher_clean_gate: 1.0, teacher_adv_gate: 1.0, tm_grad_cos: 1.0, tm_scale: 1.0, tm_ps_scale: 1.0
2026-09-17 17:59:21.178 | INFO     | __main__:<module>:867 - lr:0.1 weight_nat: 0.2584853577063269, nat_loss: 0.02054440788924694, weight_adv: 0.741514642293673, adv_loss: 0.03342606872320175 weight-klloss3 0.034999999999999996 Loss3: 0.03697379678487778 clean_ce: 0.2139899730682373, adv_ce: 1.379589319229126, adv_margin: 0.6799787878990173, clean_gate: 0.5033732652664185, teacher_margin: 0.7552450299263, teacher_margin_gate: 0.6227935552597046, teacher_clean_gate: 1.0, teacher_adv_gate: 1.0, tm_grad_cos: 1.0, tm_scale: 1.0, tm_ps_scale: 1.0
2026-09-17 18:00:03.092 | INFO     | __main__:<module>:870 - TRAIN_EPOCH_RESOURCE epoch=56 seconds=182.29477950558066 peak_allocated_bytes=7573936128
2026-09-17 18:00:03.093 | INFO     | __main__:<module>:477 - METHOD epoch=57 views=1 awp_gamma=0.0 consistency_weight=0.0
2026-09-17 18:00:03.093 | INFO     | __main__:<module>:480 - the 57th epoch 
2026-09-17 18:00:03.602 | INFO     | __main__:<module>:867 - lr:0.1 weight_nat: 0.2652784392470088, nat_loss: 0.015475439839065075, weight_adv: 0.7347215607529913, adv_loss: 0.025178376585245132 weight-klloss3 0.035625000000000004 Loss3: 0.03209902346134186 clean_ce: 0.2076609879732132, adv_ce: 1.2031114101409912, adv_margin: 0.4904133975505829, clean_gate: 0.5323426723480225, teacher_margin: 0.6141530275344849, teacher_margin_gate: 0.61446213722229, teacher_clean_gate: 1.0, teacher_adv_gate: 1.0, tm_grad_cos: 1.0, tm_scale: 1.0, tm_ps_scale: 1.0
2026-09-17 18:00:50.193 | INFO     | __main__:<module>:867 - lr:0.1 weight_nat: 0.25690263776489497, nat_loss: 0.020351260900497437, weight_adv: 0.7430973622351051, adv_loss: 0.02676643803715706 weight-klloss3 0.035625000000000004 Loss3: 0.03400477021932602 clean_ce: 0.21858544647693634, adv_ce: 1.2876707315444946, adv_margin: 0.5713951587677002, clean_gate: 0.5106081366539001, teacher_margin: 0.6107734441757202, teacher_margin_gate: 0.5747448205947876, teacher_clean_gate: 1.0, teacher_adv_gate: 1.0, tm_grad_cos: 1.0, tm_scale: 1.0, tm_ps_scale: 1.0
2026-09-17 18:01:36.799 | INFO     | __main__:<module>:867 - lr:0.1 weight_nat: 0.26290828721960025, nat_loss: 0.019668132066726685, weight_adv: 0.7370917127803998, adv_loss: 0.03366357460618019 weight-klloss3 0.035625000000000004 Loss3: 0.040813297033309937 clean_ce: 0.24135777354240417, adv_ce: 1.3713597059249878, adv_margin: 0.6224849224090576, clean_gate: 0.5026847720146179, teacher_margin: 0.7127411365509033, teacher_margin_gate: 0.5971118211746216, teacher_clean_gate: 1.0, teacher_adv_gate: 1.0, tm_grad_cos: 1.0, tm_scale: 1.0, tm_ps_scale: 1.0
2026-09-17 18:02:23.379 | INFO     | __main__:<module>:867 - lr:0.1 weight_nat: 0.2584339438204131, nat_loss: 0.021973183378577232, weight_adv: 0.7415660561795869, adv_loss: 0.03449663892388344 weight-klloss3 0.035625000000000004 Loss3: 0.03363216668367386 clean_ce: 0.2274715006351471, adv_ce: 1.409279465675354, adv_margin: 0.6862066388130188, clean_gate: 0.49103718996047974, teacher_margin: 0.7287603616714478, teacher_margin_gate: 0.5919491052627563, teacher_clean_gate: 1.0, teacher_adv_gate: 1.0, tm_grad_cos: 1.0, tm_scale: 1.0, tm_ps_scale: 1.0
2026-09-17 18:03:05.200 | INFO     | __main__:<module>:870 - TRAIN_EPOCH_RESOURCE epoch=57 seconds=182.10670215263963 peak_allocated_bytes=7573936128
2026-09-17 18:03:05.200 | INFO     | __main__:<module>:477 - METHOD epoch=58 views=1 awp_gamma=0.0 consistency_weight=0.0
2026-09-17 18:03:05.201 | INFO     | __main__:<module>:480 - the 58th epoch 
2026-09-17 18:03:05.710 | INFO     | __main__:<module>:867 - lr:0.1 weight_nat: 0.2620769447762475, nat_loss: 0.022019589319825172, weight_adv: 0.7379230552237525, adv_loss: 0.03502205014228821 weight-klloss3 0.03625 Loss3: 0.03795207291841507 clean_ce: 0.23142148554325104, adv_ce: 1.547179102897644, adv_margin: 0.8188118934631348, clean_gate: 0.4643392264842987, teacher_margin: 0.7469484806060791, teacher_margin_gate: 0.5655233860015869, teacher_clean_gate: 1.0, teacher_adv_gate: 1.0, tm_grad_cos: 1.0, tm_scale: 1.0, tm_ps_scale: 1.0
2026-09-17 18:03:52.320 | INFO     | __main__:<module>:867 - lr:0.1 weight_nat: 0.26304829325576673, nat_loss: 0.021186931058764458, weight_adv: 0.7369517067442333, adv_loss: 0.03164272755384445 weight-klloss3 0.03625 Loss3: 0.037665050476789474 clean_ce: 0.23687207698822021, adv_ce: 1.436355710029602, adv_margin: 0.7270569801330566, clean_gate: 0.49132513999938965, teacher_margin: 0.6925613880157471, teacher_margin_gate: 0.5746192932128906, teacher_clean_gate: 1.0, teacher_adv_gate: 1.0, tm_grad_cos: 1.0, tm_scale: 1.0, tm_ps_scale: 1.0
2026-09-17 18:04:39.190 | INFO     | __main__:<module>:867 - lr:0.1 weight_nat: 0.2530633101412568, nat_loss: 0.016576766967773438, weight_adv: 0.7469366898587432, adv_loss: 0.031164882704615593 weight-klloss3 0.03625 Loss3: 0.04031437635421753 clean_ce: 0.21835769712924957, adv_ce: 1.3592828512191772, adv_margin: 0.5927168130874634, clean_gate: 0.5010399222373962, teacher_margin: 0.7384688854217529, teacher_margin_gate: 0.6232443451881409, teacher_clean_gate: 1.0, teacher_adv_gate: 1.0, tm_grad_cos: 1.0, tm_scale: 1.0, tm_ps_scale: 1.0
2026-09-17 18:05:26.235 | INFO     | __main__:<module>:867 - lr:0.1 weight_nat: 0.2647253034657201, nat_loss: 0.020029112696647644, weight_adv: 0.73527469653428, adv_loss: 0.04190676286816597 weight-klloss3 0.03625 Loss3: 0.04156758263707161 clean_ce: 0.22149011492729187, adv_ce: 1.4023854732513428, adv_margin: 0.6609876751899719, clean_gate: 0.4922209084033966, teacher_margin: 0.9143842458724976, teacher_margin_gate: 0.6366829872131348, teacher_clean_gate: 1.0, teacher_adv_gate: 1.0, tm_grad_cos: 1.0, tm_scale: 1.0, tm_ps_scale: 1.0
2026-09-17 18:06:08.165 | INFO     | __main__:<module>:870 - TRAIN_EPOCH_RESOURCE epoch=58 seconds=182.96453903615475 peak_allocated_bytes=7573936128
2026-09-17 18:06:08.166 | INFO     | __main__:<module>:477 - METHOD epoch=59 views=1 awp_gamma=0.0 consistency_weight=0.0
2026-09-17 18:06:08.166 | INFO     | __main__:<module>:480 - the 59th epoch 
2026-09-17 18:06:08.675 | INFO     | __main__:<module>:867 - lr:0.1 weight_nat: 0.25827416582867674, nat_loss: 0.01606771908700466, weight_adv: 0.7417258341713232, adv_loss: 0.032247550785541534 weight-klloss3 0.036875000000000005 Loss3: 0.04876004159450531 clean_ce: 0.20769251883029938, adv_ce: 1.3692591190338135, adv_margin: 0.6788623332977295, clean_gate: 0.5077319145202637, teacher_margin: 0.6688225269317627, teacher_margin_gate: 0.5919651389122009, teacher_clean_gate: 1.0, teacher_adv_gate: 1.0, tm_grad_cos: 1.0, tm_scale: 1.0, tm_ps_scale: 1.0
2026-09-17 18:06:55.429 | INFO     | __main__:<module>:867 - lr:0.1 weight_nat: 0.2609631975707327, nat_loss: 0.019421055912971497, weight_adv: 0.7390368024292673, adv_loss: 0.03119828924536705 weight-klloss3 0.036875000000000005 Loss3: 0.02701520174741745 clean_ce: 0.22873950004577637, adv_ce: 1.402604341506958, adv_margin: 0.6997057199478149, clean_gate: 0.49910902976989746, teacher_margin: 0.6547642350196838, teacher_margin_gate: 0.5658701658248901, teacher_clean_gate: 1.0, teacher_adv_gate: 1.0, tm_grad_cos: 1.0, tm_scale: 1.0, tm_ps_scale: 1.0
2026-09-17 18:07:42.025 | INFO     | __main__:<module>:867 - lr:0.1 weight_nat: 0.26105634933655264, nat_loss: 0.0188903845846653, weight_adv: 0.7389436506634475, adv_loss: 0.03105912357568741 weight-klloss3 0.036875000000000005 Loss3: 0.0451309010386467 clean_ce: 0.21303290128707886, adv_ce: 1.3451359272003174, adv_margin: 0.6942054033279419, clean_gate: 0.5068580508232117, teacher_margin: 0.7224127054214478, teacher_margin_gate: 0.6085368394851685, teacher_clean_gate: 1.0, teacher_adv_gate: 1.0, tm_grad_cos: 1.0, tm_scale: 1.0, tm_ps_scale: 1.0
2026-09-17 18:08:28.614 | INFO     | __main__:<module>:867 - lr:0.1 weight_nat: 0.265332421628681, nat_loss: 0.019139369949698448, weight_adv: 0.734667578371319, adv_loss: 0.03062165156006813 weight-klloss3 0.036875000000000005 Loss3: 0.04324787110090256 clean_ce: 0.2027266025543213, adv_ce: 1.4374631643295288, adv_margin: 0.731037974357605, clean_gate: 0.4870154857635498, teacher_margin: 0.6079346537590027, teacher_margin_gate: 0.5389989614486694, teacher_clean_gate: 1.0, teacher_adv_gate: 1.0, tm_grad_cos: 1.0, tm_scale: 1.0, tm_ps_scale: 1.0
2026-09-17 18:09:10.471 | INFO     | __main__:<module>:870 - TRAIN_EPOCH_RESOURCE epoch=59 seconds=182.3048823736608 peak_allocated_bytes=7573936128
2026-09-17 18:09:10.472 | INFO     | __main__:<module>:477 - METHOD epoch=60 views=1 awp_gamma=0.0 consistency_weight=0.0
2026-09-17 18:09:10.472 | INFO     | __main__:<module>:480 - the 60th epoch 
2026-09-17 18:09:10.981 | INFO     | __main__:<module>:867 - lr:0.1 weight_nat: 0.25588477986382807, nat_loss: 0.01794457621872425, weight_adv: 0.744115220136172, adv_loss: 0.02874230593442917 weight-klloss3 0.037500000000000006 Loss3: 0.046602703630924225 clean_ce: 0.2064332813024521, adv_ce: 1.2693192958831787, adv_margin: 0.5422893762588501, clean_gate: 0.5228962898254395, teacher_margin: 0.684373140335083, teacher_margin_gate: 0.6321698427200317, teacher_clean_gate: 1.0, teacher_adv_gate: 1.0, tm_grad_cos: 1.0, tm_scale: 1.0, tm_ps_scale: 1.0
2026-09-17 18:09:57.573 | INFO     | __main__:<module>:867 - lr:0.1 weight_nat: 0.2590266118193876, nat_loss: 0.018274003639817238, weight_adv: 0.7409733881806125, adv_loss: 0.03220555558800697 weight-klloss3 0.037500000000000006 Loss3: 0.038759611546993256 clean_ce: 0.22575534880161285, adv_ce: 1.3965470790863037, adv_margin: 0.6792815327644348, clean_gate: 0.49175429344177246, teacher_margin: 0.6918647885322571, teacher_margin_gate: 0.5778189897537231, teacher_clean_gate: 1.0, teacher_adv_gate: 1.0, tm_grad_cos: 1.0, tm_scale: 1.0, tm_ps_scale: 1.0
2026-09-17 18:10:44.112 | INFO     | __main__:<module>:867 - lr:0.1 weight_nat: 0.2513813140744293, nat_loss: 0.01865832693874836, weight_adv: 0.7486186859255708, adv_loss: 0.037374746054410934 weight-klloss3 0.037500000000000006 Loss3: 0.034118492156267166 clean_ce: 0.21163947880268097, adv_ce: 1.457076072692871, adv_margin: 0.8124970197677612, clean_gate: 0.47508734464645386, teacher_margin: 0.8443821668624878, teacher_margin_gate: 0.6098496317863464, teacher_clean_gate: 1.0, teacher_adv_gate: 1.0, tm_grad_cos: 1.0, tm_scale: 1.0, tm_ps_scale: 1.0
2026-09-17 18:11:30.706 | INFO     | __main__:<module>:867 - lr:0.1 weight_nat: 0.2579921816824903, nat_loss: 0.02092425525188446, weight_adv: 0.7420078183175097, adv_loss: 0.02883562445640564 weight-klloss3 0.037500000000000006 Loss3: 0.03633805364370346 clean_ce: 0.22808408737182617, adv_ce: 1.51229989528656, adv_margin: 0.8081789612770081, clean_gate: 0.4819231331348419, teacher_margin: 0.6248449087142944, teacher_margin_gate: 0.5447198748588562, teacher_clean_gate: 1.0, teacher_adv_gate: 1.0, tm_grad_cos: 1.0, tm_scale: 1.0, tm_ps_scale: 1.0
2026-09-17 18:12:12.480 | INFO     | __main__:<module>:870 - TRAIN_EPOCH_RESOURCE epoch=60 seconds=182.00798585265875 peak_allocated_bytes=7573936128
2026-09-17 18:12:44.316 | INFO     | __main__:<module>:927 - student robust acc 0.4856, teacher robust acc 0.6757, nat teacher robust acc 0.4619
2026-09-17 18:12:50.866 | INFO     | __main__:<module>:998 - best accuracy:0.6701
2026-09-17 18:12:50.866 | INFO     | __main__:<module>:1001 - student natural acc 0.8546, adv teacher natural acc 0.8557, nat teacher natural acc 0.9318
2026-09-17 18:12:50.868 | INFO     | __main__:<module>:477 - METHOD epoch=61 views=1 awp_gamma=0.0 consistency_weight=0.0
2026-09-17 18:12:50.868 | INFO     | __main__:<module>:480 - the 61th epoch 
2026-09-17 18:12:51.359 | INFO     | __main__:<module>:867 - lr:0.1 weight_nat: 0.2559849133087629, nat_loss: 0.014516864903271198, weight_adv: 0.7440150866912371, adv_loss: 0.028050880879163742 weight-klloss3 0.038125 Loss3: 0.04005835950374603 clean_ce: 0.1949416697025299, adv_ce: 1.3172894716262817, adv_margin: 0.6796422004699707, clean_gate: 0.5127065181732178, teacher_margin: 0.5999662280082703, teacher_margin_gate: 0.5916093587875366, teacher_clean_gate: 1.0, teacher_adv_gate: 1.0, tm_grad_cos: 1.0, tm_scale: 1.0, tm_ps_scale: 1.0
2026-09-17 18:13:38.062 | INFO     | __main__:<module>:867 - lr:0.1 weight_nat: 0.2630085582401421, nat_loss: 0.019283432513475418, weight_adv: 0.736991441759858, adv_loss: 0.03272590786218643 weight-klloss3 0.038125 Loss3: 0.03982467204332352 clean_ce: 0.21356897056102753, adv_ce: 1.467680811882019, adv_margin: 0.7453405857086182, clean_gate: 0.48399990797042847, teacher_margin: 0.7750239968299866, teacher_margin_gate: 0.6013655662536621, teacher_clean_gate: 1.0, teacher_adv_gate: 1.0, tm_grad_cos: 1.0, tm_scale: 1.0, tm_ps_scale: 1.0
2026-09-17 18:14:24.723 | INFO     | __main__:<module>:867 - lr:0.1 weight_nat: 0.2574310704849849, nat_loss: 0.01911468617618084, weight_adv: 0.7425689295150151, adv_loss: 0.028134450316429138 weight-klloss3 0.038125 Loss3: 0.021356217563152313 clean_ce: 0.22083428502082825, adv_ce: 1.2725334167480469, adv_margin: 0.5529026985168457, clean_gate: 0.5237820148468018, teacher_margin: 0.6487171649932861, teacher_margin_gate: 0.6145932674407959, teacher_clean_gate: 1.0, teacher_adv_gate: 1.0, tm_grad_cos: 1.0, tm_scale: 1.0, tm_ps_scale: 1.0
2026-09-17 18:15:11.291 | INFO     | __main__:<module>:867 - lr:0.1 weight_nat: 0.26104632618562945, nat_loss: 0.033349573612213135, weight_adv: 0.7389536738143705, adv_loss: 0.03592699021100998 weight-klloss3 0.038125 Loss3: 0.031153174117207527 clean_ce: 0.25885140895843506, adv_ce: 1.555932641029358, adv_margin: 0.8435297012329102, clean_gate: 0.4738547205924988, teacher_margin: 0.6983765363693237, teacher_margin_gate: 0.5545741319656372, teacher_clean_gate: 1.0, teacher_adv_gate: 1.0, tm_grad_cos: 1.0, tm_scale: 1.0, tm_ps_scale: 1.0
2026-09-17 18:15:53.098 | INFO     | __main__:<module>:870 - TRAIN_EPOCH_RESOURCE epoch=61 seconds=182.23020058870316 peak_allocated_bytes=7557683200
2026-09-17 18:15:53.099 | INFO     | __main__:<module>:477 - METHOD epoch=62 views=1 awp_gamma=0.0 consistency_weight=0.0
2026-09-17 18:15:53.099 | INFO     | __main__:<module>:480 - the 62th epoch 
2026-09-17 18:15:53.607 | INFO     | __main__:<module>:867 - lr:0.1 weight_nat: 0.2511230516548892, nat_loss: 0.017116611823439598, weight_adv: 0.7488769483451109, adv_loss: 0.02651519700884819 weight-klloss3 0.03875000000000001 Loss3: 0.04191558435559273 clean_ce: 0.22712543606758118, adv_ce: 1.2262526750564575, adv_margin: 0.4854048490524292, clean_gate: 0.5336302518844604, teacher_margin: 0.6286699175834656, teacher_margin_gate: 0.6218963265419006, teacher_clean_gate: 1.0, teacher_adv_gate: 1.0, tm_grad_cos: 1.0, tm_scale: 1.0, tm_ps_scale: 1.0
2026-09-17 18:16:40.297 | INFO     | __main__:<module>:867 - lr:0.1 weight_nat: 0.2528000946287609, nat_loss: 0.01902078464627266, weight_adv: 0.747199905371239, adv_loss: 0.03871067985892296 weight-klloss3 0.03875000000000001 Loss3: 0.034284807741642 clean_ce: 0.19877666234970093, adv_ce: 1.4877015352249146, adv_margin: 0.8838514089584351, clean_gate: 0.48908984661102295, teacher_margin: 0.7749439477920532, teacher_margin_gate: 0.6224299669265747, teacher_clean_gate: 1.0, teacher_adv_gate: 1.0, tm_grad_cos: 1.0, tm_scale: 1.0, tm_ps_scale: 1.0
2026-09-17 18:17:26.936 | INFO     | __main__:<module>:867 - lr:0.1 weight_nat: 0.254229275596766, nat_loss: 0.0142223434522748, weight_adv: 0.745770724403234, adv_loss: 0.03400512784719467 weight-klloss3 0.03875000000000001 Loss3: 0.050995223224163055 clean_ce: 0.20943611860275269, adv_ce: 1.3748856782913208, adv_margin: 0.6726584434509277, clean_gate: 0.4962889850139618, teacher_margin: 0.7307320833206177, teacher_margin_gate: 0.6007046699523926, teacher_clean_gate: 1.0, teacher_adv_gate: 1.0, tm_grad_cos: 1.0, tm_scale: 1.0, tm_ps_scale: 1.0
2026-09-17 18:18:13.478 | INFO     | __main__:<module>:867 - lr:0.1 weight_nat: 0.25468212678600205, nat_loss: 0.01686234399676323, weight_adv: 0.745317873213998, adv_loss: 0.04521626979112625 weight-klloss3 0.03875000000000001 Loss3: 0.046773169189691544 clean_ce: 0.2212192416191101, adv_ce: 1.5278046131134033, adv_margin: 0.7718144059181213, clean_gate: 0.48053017258644104, teacher_margin: 0.9244832992553711, teacher_margin_gate: 0.6166138648986816, teacher_clean_gate: 1.0, teacher_adv_gate: 1.0, tm_grad_cos: 1.0, tm_scale: 1.0, tm_ps_scale: 1.0
2026-09-17 18:18:55.280 | INFO     | __main__:<module>:870 - TRAIN_EPOCH_RESOURCE epoch=62 seconds=182.18084692955017 peak_allocated_bytes=7557683200
2026-09-17 18:18:55.281 | INFO     | __main__:<module>:477 - METHOD epoch=63 views=1 awp_gamma=0.0 consistency_weight=0.0
2026-09-17 18:18:55.281 | INFO     | __main__:<module>:480 - the 63th epoch 
2026-09-17 18:18:55.787 | INFO     | __main__:<module>:867 - lr:0.1 weight_nat: 0.2555803044709946, nat_loss: 0.016843630000948906, weight_adv: 0.7444196955290053, adv_loss: 0.028323154896497726 weight-klloss3 0.039375 Loss3: 0.03590225428342819 clean_ce: 0.20352396368980408, adv_ce: 1.431159257888794, adv_margin: 0.7382434606552124, clean_gate: 0.503910481929779, teacher_margin: 0.5961743593215942, teacher_margin_gate: 0.5675942897796631, teacher_clean_gate: 1.0, teacher_adv_gate: 1.0, tm_grad_cos: 1.0, tm_scale: 1.0, tm_ps_scale: 1.0
2026-09-17 18:19:42.458 | INFO     | __main__:<module>:867 - lr:0.1 weight_nat: 0.25516786071083175, nat_loss: 0.014895408414304256, weight_adv: 0.7448321392891682, adv_loss: 0.03294919431209564 weight-klloss3 0.039375 Loss3: 0.03519826754927635 clean_ce: 0.18785642087459564, adv_ce: 1.2090167999267578, adv_margin: 0.5225116014480591, clean_gate: 0.5270270109176636, teacher_margin: 0.7367123961448669, teacher_margin_gate: 0.6439228653907776, teacher_clean_gate: 1.0, teacher_adv_gate: 1.0, tm_grad_cos: 1.0, tm_scale: 1.0, tm_ps_scale: 1.0
2026-09-17 18:20:29.110 | INFO     | __main__:<module>:867 - lr:0.1 weight_nat: 0.2522776458375128, nat_loss: 0.019416524097323418, weight_adv: 0.7477223541624873, adv_loss: 0.0350484736263752 weight-klloss3 0.039375 Loss3: 0.039113279432058334 clean_ce: 0.2153802365064621, adv_ce: 1.4547597169876099, adv_margin: 0.6990071535110474, clean_gate: 0.49716323614120483, teacher_margin: 0.7325432300567627, teacher_margin_gate: 0.6040899753570557, teacher_clean_gate: 1.0, teacher_adv_gate: 1.0, tm_grad_cos: 1.0, tm_scale: 1.0, tm_ps_scale: 1.0
2026-09-17 18:21:15.664 | INFO     | __main__:<module>:867 - lr:0.1 weight_nat: 0.25590431327203944, nat_loss: 0.021436629816889763, weight_adv: 0.7440956867279606, adv_loss: 0.040906377136707306 weight-klloss3 0.039375 Loss3: 0.04767279326915741 clean_ce: 0.2086082547903061, adv_ce: 1.6852538585662842, adv_margin: 0.9740676879882812, clean_gate: 0.45581090450286865, teacher_margin: 0.8117893934249878, teacher_margin_gate: 0.57365882396698, teacher_clean_gate: 1.0, teacher_adv_gate: 1.0, tm_grad_cos: 1.0, tm_scale: 1.0, tm_ps_scale: 1.0
2026-09-17 18:21:57.529 | INFO     | __main__:<module>:870 - TRAIN_EPOCH_RESOURCE epoch=63 seconds=182.24817000329494 peak_allocated_bytes=7557683200
2026-09-17 18:21:57.530 | INFO     | __main__:<module>:477 - METHOD epoch=64 views=1 awp_gamma=0.0 consistency_weight=0.0
2026-09-17 18:21:57.530 | INFO     | __main__:<module>:480 - the 64th epoch 
2026-09-17 18:21:58.038 | INFO     | __main__:<module>:867 - lr:0.1 weight_nat: 0.2576344605007492, nat_loss: 0.014507243409752846, weight_adv: 0.7423655394992509, adv_loss: 0.03108343854546547 weight-klloss3 0.04000000000000001 Loss3: 0.039496392011642456 clean_ce: 0.20368894934654236, adv_ce: 1.3572182655334473, adv_margin: 0.6057236790657043, clean_gate: 0.501314640045166, teacher_margin: 0.6945815086364746, teacher_margin_gate: 0.5752968192100525, teacher_clean_gate: 1.0, teacher_adv_gate: 1.0, tm_grad_cos: 1.0, tm_scale: 1.0, tm_ps_scale: 1.0
2026-09-17 18:22:44.595 | INFO     | __main__:<module>:867 - lr:0.1 weight_nat: 0.2553002707484736, nat_loss: 0.015103332698345184, weight_adv: 0.7446997292515265, adv_loss: 0.028118174523115158 weight-klloss3 0.04000000000000001 Loss3: 0.03532516956329346 clean_ce: 0.21775496006011963, adv_ce: 1.3393296003341675, adv_margin: 0.6654378771781921, clean_gate: 0.5043128728866577, teacher_margin: 0.6207547783851624, teacher_margin_gate: 0.5720394849777222, teacher_clean_gate: 1.0, teacher_adv_gate: 1.0, tm_grad_cos: 1.0, tm_scale: 1.0, tm_ps_scale: 1.0
2026-09-17 18:23:31.188 | INFO     | __main__:<module>:867 - lr:0.1 weight_nat: 0.2533988668624689, nat_loss: 0.01453526969999075, weight_adv: 0.7466011331375312, adv_loss: 0.029523855075240135 weight-klloss3 0.04000000000000001 Loss3: 0.04126410931348801 clean_ce: 0.2038799524307251, adv_ce: 1.312646508216858, adv_margin: 0.5657199621200562, clean_gate: 0.5151599645614624, teacher_margin: 0.6835291981697083, teacher_margin_gate: 0.6149872541427612, teacher_clean_gate: 1.0, teacher_adv_gate: 1.0, tm_grad_cos: 1.0, tm_scale: 1.0, tm_ps_scale: 1.0
2026-09-17 18:24:17.798 | INFO     | __main__:<module>:867 - lr:0.1 weight_nat: 0.2613828587874281, nat_loss: 0.02414724789559841, weight_adv: 0.7386171412125719, adv_loss: 0.03075924888253212 weight-klloss3 0.04000000000000001 Loss3: 0.03291745483875275 clean_ce: 0.23949994146823883, adv_ce: 1.2675800323486328, adv_margin: 0.5414654612541199, clean_gate: 0.5277979969978333, teacher_margin: 0.6733913421630859, teacher_margin_gate: 0.6233048439025879, teacher_clean_gate: 1.0, teacher_adv_gate: 1.0, tm_grad_cos: 1.0, tm_scale: 1.0, tm_ps_scale: 1.0
2026-09-17 18:24:59.588 | INFO     | __main__:<module>:870 - TRAIN_EPOCH_RESOURCE epoch=64 seconds=182.05792319774628 peak_allocated_bytes=7557683200
2026-09-17 18:24:59.588 | INFO     | __main__:<module>:477 - METHOD epoch=65 views=1 awp_gamma=0.0 consistency_weight=0.0
2026-09-17 18:24:59.589 | INFO     | __main__:<module>:480 - the 65th epoch 
2026-09-17 18:25:00.097 | INFO     | __main__:<module>:867 - lr:0.1 weight_nat: 0.2550999016699216, nat_loss: 0.013336692936718464, weight_adv: 0.7449000983300784, adv_loss: 0.031735002994537354 weight-klloss3 0.040625 Loss3: 0.034818485379219055 clean_ce: 0.19812461733818054, adv_ce: 1.464119791984558, adv_margin: 0.7543097734451294, clean_gate: 0.49212777614593506, teacher_margin: 0.6698462963104248, teacher_margin_gate: 0.5729929804801941, teacher_clean_gate: 1.0, teacher_adv_gate: 1.0, tm_grad_cos: 1.0, tm_scale: 1.0, tm_ps_scale: 1.0
2026-09-17 18:25:46.687 | INFO     | __main__:<module>:867 - lr:0.1 weight_nat: 0.25103689982782434, nat_loss: 0.015364770777523518, weight_adv: 0.7489631001721756, adv_loss: 0.03309483826160431 weight-klloss3 0.040625 Loss3: 0.028813522309064865 clean_ce: 0.2024421989917755, adv_ce: 1.241624355316162, adv_margin: 0.5282785296440125, clean_gate: 0.5267807245254517, teacher_margin: 0.7527311444282532, teacher_margin_gate: 0.6516963839530945, teacher_clean_gate: 1.0, teacher_adv_gate: 1.0, tm_grad_cos: 1.0, tm_scale: 1.0, tm_ps_scale: 1.0
2026-09-17 18:26:33.339 | INFO     | __main__:<module>:867 - lr:0.1 weight_nat: 0.2456289828543964, nat_loss: 0.015498021617531776, weight_adv: 0.7543710171456036, adv_loss: 0.02822113037109375 weight-klloss3 0.040625 Loss3: 0.04850625991821289 clean_ce: 0.18571972846984863, adv_ce: 1.2515790462493896, adv_margin: 0.5563554167747498, clean_gate: 0.5275493264198303, teacher_margin: 0.6520330905914307, teacher_margin_gate: 0.6327035427093506, teacher_clean_gate: 1.0, teacher_adv_gate: 1.0, tm_grad_cos: 1.0, tm_scale: 1.0, tm_ps_scale: 1.0
2026-09-17 18:27:19.899 | INFO     | __main__:<module>:867 - lr:0.1 weight_nat: 0.2560802413820197, nat_loss: 0.016871897503733635, weight_adv: 0.7439197586179803, adv_loss: 0.03296021372079849 weight-klloss3 0.040625 Loss3: 0.044800639152526855 clean_ce: 0.21081596612930298, adv_ce: 1.4357752799987793, adv_margin: 0.7434766888618469, clean_gate: 0.4887336790561676, teacher_margin: 0.7131430506706238, teacher_margin_gate: 0.5856190919876099, teacher_clean_gate: 1.0, teacher_adv_gate: 1.0, tm_grad_cos: 1.0, tm_scale: 1.0, tm_ps_scale: 1.0
2026-09-17 18:28:01.787 | INFO     | __main__:<module>:870 - TRAIN_EPOCH_RESOURCE epoch=65 seconds=182.19844623282552 peak_allocated_bytes=7557683200
2026-09-17 18:28:01.788 | INFO     | __main__:<module>:477 - METHOD epoch=66 views=1 awp_gamma=0.0 consistency_weight=0.0
2026-09-17 18:28:01.788 | INFO     | __main__:<module>:480 - the 66th epoch 
2026-09-17 18:28:02.296 | INFO     | __main__:<module>:867 - lr:0.1 weight_nat: 0.25963432295097005, nat_loss: 0.0342232882976532, weight_adv: 0.74036567704903, adv_loss: 0.049883678555488586 weight-klloss3 0.04125 Loss3: 0.028364449739456177 clean_ce: 0.281213641166687, adv_ce: 1.5222735404968262, adv_margin: 0.7535640001296997, clean_gate: 0.4793524146080017, teacher_margin: 0.9319111108779907, teacher_margin_gate: 0.6077961921691895, teacher_clean_gate: 1.0, teacher_adv_gate: 1.0, tm_grad_cos: 1.0, tm_scale: 1.0, tm_ps_scale: 1.0
2026-09-17 18:28:49.053 | INFO     | __main__:<module>:867 - lr:0.1 weight_nat: 0.25321302161917175, nat_loss: 0.020683394744992256, weight_adv: 0.7467869783808283, adv_loss: 0.03713304549455643 weight-klloss3 0.04125 Loss3: 0.038281120359897614 clean_ce: 0.19605794548988342, adv_ce: 1.4170715808868408, adv_margin: 0.7600434422492981, clean_gate: 0.4938560724258423, teacher_margin: 0.7773274183273315, teacher_margin_gate: 0.6206820011138916, teacher_clean_gate: 1.0, teacher_adv_gate: 1.0, tm_grad_cos: 1.0, tm_scale: 1.0, tm_ps_scale: 1.0
2026-09-17 18:29:35.794 | INFO     | __main__:<module>:867 - lr:0.1 weight_nat: 0.2598834975888327, nat_loss: 0.024987593293190002, weight_adv: 0.7401165024111673, adv_loss: 0.034913480281829834 weight-klloss3 0.04125 Loss3: 0.04043653979897499 clean_ce: 0.2403552383184433, adv_ce: 1.5656795501708984, adv_margin: 0.7956030964851379, clean_gate: 0.4777313768863678, teacher_margin: 0.7177982330322266, teacher_margin_gate: 0.5672301650047302, teacher_clean_gate: 1.0, teacher_adv_gate: 1.0, tm_grad_cos: 1.0, tm_scale: 1.0, tm_ps_scale: 1.0
2026-09-17 18:30:22.469 | INFO     | __main__:<module>:867 - lr:0.1 weight_nat: 0.24704591178337096, nat_loss: 0.01614832691848278, weight_adv: 0.752954088216629, adv_loss: 0.031839609146118164 weight-klloss3 0.04125 Loss3: 0.039602816104888916 clean_ce: 0.21782897412776947, adv_ce: 1.3847696781158447, adv_margin: 0.6501212120056152, clean_gate: 0.4967900514602661, teacher_margin: 0.6986026763916016, teacher_margin_gate: 0.577252984046936, teacher_clean_gate: 1.0, teacher_adv_gate: 1.0, tm_grad_cos: 1.0, tm_scale: 1.0, tm_ps_scale: 1.0
2026-09-17 18:31:04.425 | INFO     | __main__:<module>:870 - TRAIN_EPOCH_RESOURCE epoch=66 seconds=182.6364336796105 peak_allocated_bytes=7557683200
2026-09-17 18:31:04.425 | INFO     | __main__:<module>:477 - METHOD epoch=67 views=1 awp_gamma=0.0 consistency_weight=0.0
2026-09-17 18:31:04.425 | INFO     | __main__:<module>:480 - the 67th epoch 
2026-09-17 18:31:04.969 | INFO     | __main__:<module>:867 - lr:0.1 weight_nat: 0.2463546871672434, nat_loss: 0.02460058592259884, weight_adv: 0.7536453128327567, adv_loss: 0.03457651659846306 weight-klloss3 0.041875 Loss3: 0.027016449719667435 clean_ce: 0.2644258141517639, adv_ce: 1.3012583255767822, adv_margin: 0.48868197202682495, clean_gate: 0.5182017087936401, teacher_margin: 0.747661828994751, teacher_margin_gate: 0.6190457344055176, teacher_clean_gate: 1.0, teacher_adv_gate: 1.0, tm_grad_cos: 1.0, tm_scale: 1.0, tm_ps_scale: 1.0
2026-09-17 18:31:51.915 | INFO     | __main__:<module>:867 - lr:0.1 weight_nat: 0.24813237458642218, nat_loss: 0.013413043692708015, weight_adv: 0.7518676254135778, adv_loss: 0.03288131207227707 weight-klloss3 0.041875 Loss3: 0.02934454381465912 clean_ce: 0.20072820782661438, adv_ce: 1.3415892124176025, adv_margin: 0.5987115502357483, clean_gate: 0.5126999616622925, teacher_margin: 0.6905425190925598, teacher_margin_gate: 0.5952128171920776, teacher_clean_gate: 1.0, teacher_adv_gate: 1.0, tm_grad_cos: 1.0, tm_scale: 1.0, tm_ps_scale: 1.0
2026-09-17 18:32:38.610 | INFO     | __main__:<module>:867 - lr:0.1 weight_nat: 0.2517086302998099, nat_loss: 0.012668082490563393, weight_adv: 0.7482913697001901, adv_loss: 0.03293418139219284 weight-klloss3 0.041875 Loss3: 0.04651827737689018 clean_ce: 0.1980326920747757, adv_ce: 1.295166254043579, adv_margin: 0.5937999486923218, clean_gate: 0.5145208239555359, teacher_margin: 0.7758840918540955, teacher_margin_gate: 0.6376322507858276, teacher_clean_gate: 1.0, teacher_adv_gate: 1.0, tm_grad_cos: 1.0, tm_scale: 1.0, tm_ps_scale: 1.0
2026-09-17 18:33:25.271 | INFO     | __main__:<module>:867 - lr:0.1 weight_nat: 0.24895335548039674, nat_loss: 0.014037436805665493, weight_adv: 0.7510466445196032, adv_loss: 0.037150196731090546 weight-klloss3 0.041875 Loss3: 0.040716398507356644 clean_ce: 0.2043037712574005, adv_ce: 1.3104647397994995, adv_margin: 0.6585522294044495, clean_gate: 0.512418806552887, teacher_margin: 0.8044028282165527, teacher_margin_gate: 0.6543375253677368, teacher_clean_gate: 1.0, teacher_adv_gate: 1.0, tm_grad_cos: 1.0, tm_scale: 1.0, tm_ps_scale: 1.0
2026-09-17 18:34:07.465 | INFO     | __main__:<module>:870 - TRAIN_EPOCH_RESOURCE epoch=67 seconds=183.03925715759397 peak_allocated_bytes=7557683200
2026-09-17 18:34:07.465 | INFO     | __main__:<module>:477 - METHOD epoch=68 views=1 awp_gamma=0.0 consistency_weight=0.0
2026-09-17 18:34:07.465 | INFO     | __main__:<module>:480 - the 68th epoch 
2026-09-17 18:34:07.972 | INFO     | __main__:<module>:867 - lr:0.1 weight_nat: 0.26363825550613335, nat_loss: 0.020620858296751976, weight_adv: 0.7363617444938666, adv_loss: 0.04192088544368744 weight-klloss3 0.0425 Loss3: 0.03962978348135948 clean_ce: 0.2043105959892273, adv_ce: 1.4547730684280396, adv_margin: 0.760443389415741, clean_gate: 0.4774688482284546, teacher_margin: 0.9586296081542969, teacher_margin_gate: 0.6528984308242798, teacher_clean_gate: 1.0, teacher_adv_gate: 1.0, tm_grad_cos: 1.0, tm_scale: 1.0, tm_ps_scale: 1.0
2026-09-17 18:34:54.736 | INFO     | __main__:<module>:867 - lr:0.1 weight_nat: 0.25428910637999314, nat_loss: 0.016770517453551292, weight_adv: 0.7457108936200069, adv_loss: 0.03194645419716835 weight-klloss3 0.0425 Loss3: 0.04012218862771988 clean_ce: 0.2001616656780243, adv_ce: 1.4127122163772583, adv_margin: 0.6754099726676941, clean_gate: 0.5037851333618164, teacher_margin: 0.7142317295074463, teacher_margin_gate: 0.5892931222915649, teacher_clean_gate: 1.0, teacher_adv_gate: 1.0, tm_grad_cos: 1.0, tm_scale: 1.0, tm_ps_scale: 1.0
2026-09-17 18:35:41.670 | INFO     | __main__:<module>:867 - lr:0.1 weight_nat: 0.25364582703291133, nat_loss: 0.015506932511925697, weight_adv: 0.7463541729670887, adv_loss: 0.027497023344039917 weight-klloss3 0.0425 Loss3: 0.03968087211251259 clean_ce: 0.20918935537338257, adv_ce: 1.243614912033081, adv_margin: 0.5472639799118042, clean_gate: 0.527623176574707, teacher_margin: 0.5886282920837402, teacher_margin_gate: 0.5957042574882507, teacher_clean_gate: 1.0, teacher_adv_gate: 1.0, tm_grad_cos: 1.0, tm_scale: 1.0, tm_ps_scale: 1.0
2026-09-17 18:36:28.542 | INFO     | __main__:<module>:867 - lr:0.1 weight_nat: 0.24960504368347397, nat_loss: 0.024635277688503265, weight_adv: 0.7503949563165261, adv_loss: 0.03184784576296806 weight-klloss3 0.0425 Loss3: 0.03234865516424179 clean_ce: 0.2395843118429184, adv_ce: 1.4104830026626587, adv_margin: 0.7136784791946411, clean_gate: 0.49581456184387207, teacher_margin: 0.6704082489013672, teacher_margin_gate: 0.5708205103874207, teacher_clean_gate: 1.0, teacher_adv_gate: 1.0, tm_grad_cos: 1.0, tm_scale: 1.0, tm_ps_scale: 1.0
2026-09-17 18:37:10.627 | INFO     | __main__:<module>:870 - TRAIN_EPOCH_RESOURCE epoch=68 seconds=183.16186733171344 peak_allocated_bytes=7557683200
2026-09-17 18:37:10.628 | INFO     | __main__:<module>:477 - METHOD epoch=69 views=1 awp_gamma=0.0 consistency_weight=0.0
2026-09-17 18:37:10.628 | INFO     | __main__:<module>:480 - the 69th epoch 
2026-09-17 18:37:11.138 | INFO     | __main__:<module>:867 - lr:0.1 weight_nat: 0.25818467584795357, nat_loss: 0.020013559609651566, weight_adv: 0.7418153241520464, adv_loss: 0.037635013461112976 weight-klloss3 0.043125000000000004 Loss3: 0.03840840235352516 clean_ce: 0.21487769484519958, adv_ce: 1.5629202127456665, adv_margin: 0.8706767559051514, clean_gate: 0.47400397062301636, teacher_margin: 0.7875274419784546, teacher_margin_gate: 0.584630012512207, teacher_clean_gate: 1.0, teacher_adv_gate: 1.0, tm_grad_cos: 1.0, tm_scale: 1.0, tm_ps_scale: 1.0
2026-09-17 18:37:57.829 | INFO     | __main__:<module>:867 - lr:0.1 weight_nat: 0.24941032230643367, nat_loss: 0.020337577909231186, weight_adv: 0.7505896776935663, adv_loss: 0.034763358533382416 weight-klloss3 0.043125000000000004 Loss3: 0.03501451760530472 clean_ce: 0.20898135006427765, adv_ce: 1.4683607816696167, adv_margin: 0.7545866966247559, clean_gate: 0.4916040301322937, teacher_margin: 0.7209099531173706, teacher_margin_gate: 0.5830220580101013, teacher_clean_gate: 1.0, teacher_adv_gate: 1.0, tm_grad_cos: 1.0, tm_scale: 1.0, tm_ps_scale: 1.0
2026-09-17 18:38:44.545 | INFO     | __main__:<module>:867 - lr:0.1 weight_nat: 0.25545399247867223, nat_loss: 0.015626460313796997, weight_adv: 0.7445460075213278, adv_loss: 0.029979027807712555 weight-klloss3 0.043125000000000004 Loss3: 0.03335076570510864 clean_ce: 0.18858250975608826, adv_ce: 1.3496811389923096, adv_margin: 0.666283369064331, clean_gate: 0.5062650442123413, teacher_margin: 0.655213475227356, teacher_margin_gate: 0.5989314317703247, teacher_clean_gate: 1.0, teacher_adv_gate: 1.0, tm_grad_cos: 1.0, tm_scale: 1.0, tm_ps_scale: 1.0
2026-09-17 18:39:31.139 | INFO     | __main__:<module>:867 - lr:0.1 weight_nat: 0.2576178642721528, nat_loss: 0.01634596288204193, weight_adv: 0.7423821357278472, adv_loss: 0.03387670964002609 weight-klloss3 0.043125000000000004 Loss3: 0.039373978972435 clean_ce: 0.21378833055496216, adv_ce: 1.3473584651947021, adv_margin: 0.6184539794921875, clean_gate: 0.5006411075592041, teacher_margin: 0.7773390412330627, teacher_margin_gate: 0.6024458408355713, teacher_clean_gate: 1.0, teacher_adv_gate: 1.0, tm_grad_cos: 1.0, tm_scale: 1.0, tm_ps_scale: 1.0
2026-09-17 18:40:12.924 | INFO     | __main__:<module>:870 - TRAIN_EPOCH_RESOURCE epoch=69 seconds=182.29595759138465 peak_allocated_bytes=7557683200
2026-09-17 18:40:12.925 | INFO     | __main__:<module>:477 - METHOD epoch=70 views=1 awp_gamma=0.0 consistency_weight=0.0
2026-09-17 18:40:12.925 | INFO     | __main__:<module>:480 - the 70th epoch 
2026-09-17 18:40:13.432 | INFO     | __main__:<module>:867 - lr:0.1 weight_nat: 0.26218150538422796, nat_loss: 0.013004881329834461, weight_adv: 0.737818494615772, adv_loss: 0.03312905877828598 weight-klloss3 0.043750000000000004 Loss3: 0.05408560484647751 clean_ce: 0.20437949895858765, adv_ce: 1.2826519012451172, adv_margin: 0.6003634929656982, clean_gate: 0.5094925165176392, teacher_margin: 0.7751345038414001, teacher_margin_gate: 0.6252971291542053, teacher_clean_gate: 1.0, teacher_adv_gate: 1.0, tm_grad_cos: 1.0, tm_scale: 1.0, tm_ps_scale: 1.0
2026-09-17 18:40:59.990 | INFO     | __main__:<module>:867 - lr:0.1 weight_nat: 0.24211836318678012, nat_loss: 0.018244544044137, weight_adv: 0.75788163681322, adv_loss: 0.0365803986787796 weight-klloss3 0.043750000000000004 Loss3: 0.03798477724194527 clean_ce: 0.1989542543888092, adv_ce: 1.4699548482894897, adv_margin: 0.7718502283096313, clean_gate: 0.48593002557754517, teacher_margin: 0.7968037724494934, teacher_margin_gate: 0.5985572338104248, teacher_clean_gate: 1.0, teacher_adv_gate: 1.0, tm_grad_cos: 1.0, tm_scale: 1.0, tm_ps_scale: 1.0
2026-09-17 18:41:46.611 | INFO     | __main__:<module>:867 - lr:0.1 weight_nat: 0.24441688064133343, nat_loss: 0.016759607940912247, weight_adv: 0.7555831193586666, adv_loss: 0.041287731379270554 weight-klloss3 0.043750000000000004 Loss3: 0.03505416959524155 clean_ce: 0.19119688868522644, adv_ce: 1.443476915359497, adv_margin: 0.7447186708450317, clean_gate: 0.48519331216812134, teacher_margin: 0.8692398071289062, teacher_margin_gate: 0.6337206363677979, teacher_clean_gate: 1.0, teacher_adv_gate: 1.0, tm_grad_cos: 1.0, tm_scale: 1.0, tm_ps_scale: 1.0
2026-09-17 18:42:33.194 | INFO     | __main__:<module>:867 - lr:0.1 weight_nat: 0.259143345243516, nat_loss: 0.015592369250953197, weight_adv: 0.7408566547564841, adv_loss: 0.032902881503105164 weight-klloss3 0.043750000000000004 Loss3: 0.033092059195041656 clean_ce: 0.19648292660713196, adv_ce: 1.2870633602142334, adv_margin: 0.5716925263404846, clean_gate: 0.521489143371582, teacher_margin: 0.7299578785896301, teacher_margin_gate: 0.6245675086975098, teacher_clean_gate: 1.0, teacher_adv_gate: 1.0, tm_grad_cos: 1.0, tm_scale: 1.0, tm_ps_scale: 1.0
2026-09-17 18:43:15.244 | INFO     | __main__:<module>:870 - TRAIN_EPOCH_RESOURCE epoch=70 seconds=182.31920331344008 peak_allocated_bytes=7557683200
2026-09-17 18:43:47.192 | INFO     | __main__:<module>:927 - student robust acc 0.4953, teacher robust acc 0.6773, nat teacher robust acc 0.4704
2026-09-17 18:43:53.775 | INFO     | __main__:<module>:998 - best accuracy:0.67665
2026-09-17 18:43:53.776 | INFO     | __main__:<module>:1001 - student natural acc 0.8580, adv teacher natural acc 0.8608, nat teacher natural acc 0.9318
2026-09-17 18:43:53.777 | INFO     | __main__:<module>:477 - METHOD epoch=71 views=1 awp_gamma=0.0 consistency_weight=0.0
2026-09-17 18:43:53.777 | INFO     | __main__:<module>:480 - the 71th epoch 
2026-09-17 18:43:54.285 | INFO     | __main__:<module>:867 - lr:0.1 weight_nat: 0.25838858813280785, nat_loss: 0.015937797725200653, weight_adv: 0.7416114118671921, adv_loss: 0.03503412753343582 weight-klloss3 0.044375 Loss3: 0.03924097865819931 clean_ce: 0.1793314814567566, adv_ce: 1.3293694257736206, adv_margin: 0.7620062232017517, clean_gate: 0.5133860111236572, teacher_margin: 0.7216342091560364, teacher_margin_gate: 0.6379818916320801, teacher_clean_gate: 1.0, teacher_adv_gate: 1.0, tm_grad_cos: 1.0, tm_scale: 1.0, tm_ps_scale: 1.0
2026-09-17 18:44:40.929 | INFO     | __main__:<module>:867 - lr:0.1 weight_nat: 0.24708016089129786, nat_loss: 0.017970437183976173, weight_adv: 0.7529198391087021, adv_loss: 0.033937081694602966 weight-klloss3 0.044375 Loss3: 0.03820979967713356 clean_ce: 0.21496641635894775, adv_ce: 1.408212661743164, adv_margin: 0.6887027025222778, clean_gate: 0.5043495893478394, teacher_margin: 0.741887092590332, teacher_margin_gate: 0.5940772891044617, teacher_clean_gate: 1.0, teacher_adv_gate: 1.0, tm_grad_cos: 1.0, tm_scale: 1.0, tm_ps_scale: 1.0
2026-09-17 18:45:27.694 | INFO     | __main__:<module>:867 - lr:0.1 weight_nat: 0.24478815322200842, nat_loss: 0.018861988559365273, weight_adv: 0.7552118467779916, adv_loss: 0.03113683871924877 weight-klloss3 0.044375 Loss3: 0.04082631319761276 clean_ce: 0.21802186965942383, adv_ce: 1.3761308193206787, adv_margin: 0.7295675277709961, clean_gate: 0.512535572052002, teacher_margin: 0.6156866550445557, teacher_margin_gate: 0.5850409269332886, teacher_clean_gate: 1.0, teacher_adv_gate: 1.0, tm_grad_cos: 1.0, tm_scale: 1.0, tm_ps_scale: 1.0
2026-09-17 18:46:14.570 | INFO     | __main__:<module>:867 - lr:0.1 weight_nat: 0.2506662947345756, nat_loss: 0.01341912429779768, weight_adv: 0.7493337052654245, adv_loss: 0.031081315129995346 weight-klloss3 0.044375 Loss3: 0.038819022476673126 clean_ce: 0.20827186107635498, adv_ce: 1.4025623798370361, adv_margin: 0.6113179326057434, clean_gate: 0.4975276589393616, teacher_margin: 0.7440214157104492, teacher_margin_gate: 0.5964324474334717, teacher_clean_gate: 1.0, teacher_adv_gate: 1.0, tm_grad_cos: 1.0, tm_scale: 1.0, tm_ps_scale: 1.0
2026-09-17 18:46:56.789 | INFO     | __main__:<module>:870 - TRAIN_EPOCH_RESOURCE epoch=71 seconds=183.01111978292465 peak_allocated_bytes=7563827200
2026-09-17 18:46:56.789 | INFO     | __main__:<module>:477 - METHOD epoch=72 views=1 awp_gamma=0.0 consistency_weight=0.0
2026-09-17 18:46:56.789 | INFO     | __main__:<module>:480 - the 72th epoch 
2026-09-17 18:46:57.295 | INFO     | __main__:<module>:867 - lr:0.1 weight_nat: 0.2439353775071576, nat_loss: 0.014150358736515045, weight_adv: 0.7560646224928425, adv_loss: 0.028412355110049248 weight-klloss3 0.045000000000000005 Loss3: 0.04424341768026352 clean_ce: 0.17676374316215515, adv_ce: 1.3173284530639648, adv_margin: 0.5951616764068604, clean_gate: 0.515618085861206, teacher_margin: 0.6404742002487183, teacher_margin_gate: 0.609635055065155, teacher_clean_gate: 1.0, teacher_adv_gate: 1.0, tm_grad_cos: 1.0, tm_scale: 1.0, tm_ps_scale: 1.0
2026-09-17 18:47:43.880 | INFO     | __main__:<module>:867 - lr:0.1 weight_nat: 0.2502921252935419, nat_loss: 0.014414265751838684, weight_adv: 0.7497078747064582, adv_loss: 0.041503436863422394 weight-klloss3 0.045000000000000005 Loss3: 0.05226139724254608 clean_ce: 0.21185219287872314, adv_ce: 1.4310022592544556, adv_margin: 0.7745954990386963, clean_gate: 0.48702797293663025, teacher_margin: 0.8635768294334412, teacher_margin_gate: 0.6199085712432861, teacher_clean_gate: 1.0, teacher_adv_gate: 1.0, tm_grad_cos: 1.0, tm_scale: 1.0, tm_ps_scale: 1.0
2026-09-17 18:48:30.472 | INFO     | __main__:<module>:867 - lr:0.1 weight_nat: 0.25530964280742025, nat_loss: 0.017935847863554955, weight_adv: 0.7446903571925798, adv_loss: 0.03539236634969711 weight-klloss3 0.045000000000000005 Loss3: 0.04852844402194023 clean_ce: 0.19896438717842102, adv_ce: 1.240513801574707, adv_margin: 0.5914303064346313, clean_gate: 0.5279067158699036, teacher_margin: 0.7768839597702026, teacher_margin_gate: 0.6607349514961243, teacher_clean_gate: 1.0, teacher_adv_gate: 1.0, tm_grad_cos: 1.0, tm_scale: 1.0, tm_ps_scale: 1.0
2026-09-17 18:49:17.107 | INFO     | __main__:<module>:867 - lr:0.1 weight_nat: 0.2425229345131782, nat_loss: 0.017350822687149048, weight_adv: 0.7574770654868219, adv_loss: 0.036032989621162415 weight-klloss3 0.045000000000000005 Loss3: 0.04191429913043976 clean_ce: 0.21540550887584686, adv_ce: 1.3684390783309937, adv_margin: 0.6336961984634399, clean_gate: 0.5093713402748108, teacher_margin: 0.7333096265792847, teacher_margin_gate: 0.6220676898956299, teacher_clean_gate: 1.0, teacher_adv_gate: 1.0, tm_grad_cos: 1.0, tm_scale: 1.0, tm_ps_scale: 1.0
2026-09-17 18:49:58.926 | INFO     | __main__:<module>:870 - TRAIN_EPOCH_RESOURCE epoch=72 seconds=182.1365534029901 peak_allocated_bytes=7563827200
2026-09-17 18:49:58.927 | INFO     | __main__:<module>:477 - METHOD epoch=73 views=1 awp_gamma=0.0 consistency_weight=0.0
2026-09-17 18:49:58.927 | INFO     | __main__:<module>:480 - the 73th epoch 
2026-09-17 18:49:59.435 | INFO     | __main__:<module>:867 - lr:0.1 weight_nat: 0.24987534065430167, nat_loss: 0.01374840922653675, weight_adv: 0.7501246593456983, adv_loss: 0.04478954151272774 weight-klloss3 0.045625 Loss3: 0.0365120954811573 clean_ce: 0.1722187101840973, adv_ce: 1.3644834756851196, adv_margin: 0.7730172872543335, clean_gate: 0.5201868414878845, teacher_margin: 0.7586805820465088, teacher_margin_gate: 0.6614898443222046, teacher_clean_gate: 1.0, teacher_adv_gate: 1.0, tm_grad_cos: 1.0, tm_scale: 1.0, tm_ps_scale: 1.0
2026-09-17 18:50:46.044 | INFO     | __main__:<module>:867 - lr:0.1 weight_nat: 0.2484449951394302, nat_loss: 0.01972426474094391, weight_adv: 0.7515550048605699, adv_loss: 0.029582953080534935 weight-klloss3 0.045625 Loss3: 0.04458966106176376 clean_ce: 0.20714256167411804, adv_ce: 1.4513700008392334, adv_margin: 0.8211170434951782, clean_gate: 0.49453410506248474, teacher_margin: 0.6354177594184875, teacher_margin_gate: 0.5718103647232056, teacher_clean_gate: 1.0, teacher_adv_gate: 1.0, tm_grad_cos: 1.0, tm_scale: 1.0, tm_ps_scale: 1.0
2026-09-17 18:51:32.712 | INFO     | __main__:<module>:867 - lr:0.1 weight_nat: 0.2452238694075864, nat_loss: 0.014568187296390533, weight_adv: 0.7547761305924137, adv_loss: 0.03222206234931946 weight-klloss3 0.045625 Loss3: 0.03736329451203346 clean_ce: 0.1957024186849594, adv_ce: 1.2749377489089966, adv_margin: 0.5689824819564819, clean_gate: 0.5213360786437988, teacher_margin: 0.740236759185791, teacher_margin_gate: 0.6349999904632568, teacher_clean_gate: 1.0, teacher_adv_gate: 1.0, tm_grad_cos: 1.0, tm_scale: 1.0, tm_ps_scale: 1.0
2026-09-17 18:52:19.320 | INFO     | __main__:<module>:867 - lr:0.1 weight_nat: 0.24844501640828573, nat_loss: 0.016655588522553444, weight_adv: 0.7515549835917144, adv_loss: 0.038182128220796585 weight-klloss3 0.045625 Loss3: 0.03016573004424572 clean_ce: 0.18684305250644684, adv_ce: 1.4943559169769287, adv_margin: 0.8676555752754211, clean_gate: 0.4853622317314148, teacher_margin: 0.7403280138969421, teacher_margin_gate: 0.5884271860122681, teacher_clean_gate: 1.0, teacher_adv_gate: 1.0, tm_grad_cos: 1.0, tm_scale: 1.0, tm_ps_scale: 1.0
2026-09-17 18:53:01.235 | INFO     | __main__:<module>:870 - TRAIN_EPOCH_RESOURCE epoch=73 seconds=182.3078187070787 peak_allocated_bytes=7563827200
2026-09-17 18:53:01.235 | INFO     | __main__:<module>:477 - METHOD epoch=74 views=1 awp_gamma=0.0 consistency_weight=0.0
2026-09-17 18:53:01.235 | INFO     | __main__:<module>:480 - the 74th epoch 
2026-09-17 18:53:01.747 | INFO     | __main__:<module>:867 - lr:0.1 weight_nat: 0.24295166339267937, nat_loss: 0.020573562011122704, weight_adv: 0.7570483366073207, adv_loss: 0.03355078399181366 weight-klloss3 0.046250000000000006 Loss3: 0.03983689844608307 clean_ce: 0.2290068119764328, adv_ce: 1.3270583152770996, adv_margin: 0.5933517217636108, clean_gate: 0.5055381059646606, teacher_margin: 0.7314659357070923, teacher_margin_gate: 0.5909960269927979, teacher_clean_gate: 1.0, teacher_adv_gate: 1.0, tm_grad_cos: 1.0, tm_scale: 1.0, tm_ps_scale: 1.0
2026-09-17 18:53:48.395 | INFO     | __main__:<module>:867 - lr:0.1 weight_nat: 0.24464162458681218, nat_loss: 0.016951680183410645, weight_adv: 0.755358375413188, adv_loss: 0.03224772959947586 weight-klloss3 0.046250000000000006 Loss3: 0.03826122730970383 clean_ce: 0.21241477131843567, adv_ce: 1.3822909593582153, adv_margin: 0.6639970541000366, clean_gate: 0.49336767196655273, teacher_margin: 0.753150224685669, teacher_margin_gate: 0.5915473699569702, teacher_clean_gate: 1.0, teacher_adv_gate: 1.0, tm_grad_cos: 1.0, tm_scale: 1.0, tm_ps_scale: 1.0
2026-09-17 18:54:35.056 | INFO     | __main__:<module>:867 - lr:0.1 weight_nat: 0.24655714950783555, nat_loss: 0.015076527372002602, weight_adv: 0.7534428504921644, adv_loss: 0.03396828845143318 weight-klloss3 0.046250000000000006 Loss3: 0.05057968944311142 clean_ce: 0.20265214145183563, adv_ce: 1.2762266397476196, adv_margin: 0.5510590672492981, clean_gate: 0.5182821750640869, teacher_margin: 0.7886538505554199, teacher_margin_gate: 0.6416875123977661, teacher_clean_gate: 1.0, teacher_adv_gate: 1.0, tm_grad_cos: 1.0, tm_scale: 1.0, tm_ps_scale: 1.0
2026-09-17 18:55:21.734 | INFO     | __main__:<module>:867 - lr:0.1 weight_nat: 0.25045114306646493, nat_loss: 0.018499260768294334, weight_adv: 0.7495488569335351, adv_loss: 0.033615779131650925 weight-klloss3 0.046250000000000006 Loss3: 0.041318848729133606 clean_ce: 0.20177938044071198, adv_ce: 1.3946717977523804, adv_margin: 0.674003005027771, clean_gate: 0.4953592121601105, teacher_margin: 0.763935387134552, teacher_margin_gate: 0.6091315746307373, teacher_clean_gate: 1.0, teacher_adv_gate: 1.0, tm_grad_cos: 1.0, tm_scale: 1.0, tm_ps_scale: 1.0
2026-09-17 18:56:03.660 | INFO     | __main__:<module>:870 - TRAIN_EPOCH_RESOURCE epoch=74 seconds=182.42424347624183 peak_allocated_bytes=7563827200
2026-09-17 18:56:03.660 | INFO     | __main__:<module>:477 - METHOD epoch=75 views=1 awp_gamma=0.0 consistency_weight=0.0
2026-09-17 18:56:03.660 | INFO     | __main__:<module>:480 - the 75th epoch 
2026-09-17 18:56:04.170 | INFO     | __main__:<module>:867 - lr:0.1 weight_nat: 0.24862718724855326, nat_loss: 0.016746968030929565, weight_adv: 0.7513728127514467, adv_loss: 0.03783411160111427 weight-klloss3 0.046875 Loss3: 0.036330677568912506 clean_ce: 0.20690295100212097, adv_ce: 1.408311367034912, adv_margin: 0.6604446172714233, clean_gate: 0.5026751756668091, teacher_margin: 0.8365139961242676, teacher_margin_gate: 0.6341667771339417, teacher_clean_gate: 1.0, teacher_adv_gate: 1.0, tm_grad_cos: 1.0, tm_scale: 1.0, tm_ps_scale: 1.0
2026-09-17 18:56:50.928 | INFO     | __main__:<module>:867 - lr:0.1 weight_nat: 0.2540147361202525, nat_loss: 0.017118029296398163, weight_adv: 0.7459852638797476, adv_loss: 0.03318018466234207 weight-klloss3 0.046875 Loss3: 0.03144679218530655 clean_ce: 0.2172929346561432, adv_ce: 1.302368402481079, adv_margin: 0.6328293681144714, clean_gate: 0.521082878112793, teacher_margin: 0.6630253195762634, teacher_margin_gate: 0.6192888021469116, teacher_clean_gate: 1.0, teacher_adv_gate: 1.0, tm_grad_cos: 1.0, tm_scale: 1.0, tm_ps_scale: 1.0
2026-09-17 18:57:37.658 | INFO     | __main__:<module>:867 - lr:0.1 weight_nat: 0.2551722078159246, nat_loss: 0.014222219586372375, weight_adv: 0.7448277921840754, adv_loss: 0.031192200258374214 weight-klloss3 0.046875 Loss3: 0.05028555914759636 clean_ce: 0.19908878207206726, adv_ce: 1.2403961420059204, adv_margin: 0.5211366415023804, clean_gate: 0.5214948058128357, teacher_margin: 0.7904822826385498, teacher_margin_gate: 0.6458341479301453, teacher_clean_gate: 1.0, teacher_adv_gate: 1.0, tm_grad_cos: 1.0, tm_scale: 1.0, tm_ps_scale: 1.0
2026-09-17 18:58:24.542 | INFO     | __main__:<module>:867 - lr:0.1 weight_nat: 0.25546511806821376, nat_loss: 0.019008396193385124, weight_adv: 0.7445348819317863, adv_loss: 0.039434611797332764 weight-klloss3 0.046875 Loss3: 0.04731333255767822 clean_ce: 0.20682448148727417, adv_ce: 1.473701000213623, adv_margin: 0.8054976463317871, clean_gate: 0.48989999294281006, teacher_margin: 0.7809658050537109, teacher_margin_gate: 0.615039587020874, teacher_clean_gate: 1.0, teacher_adv_gate: 1.0, tm_grad_cos: 1.0, tm_scale: 1.0, tm_ps_scale: 1.0
2026-09-17 18:59:06.557 | INFO     | __main__:<module>:870 - TRAIN_EPOCH_RESOURCE epoch=75 seconds=182.89498211443424 peak_allocated_bytes=7563827200
2026-09-17 18:59:06.558 | INFO     | __main__:<module>:477 - METHOD epoch=76 views=1 awp_gamma=0.0 consistency_weight=0.0
2026-09-17 18:59:06.558 | INFO     | __main__:<module>:480 - the 76th epoch 
2026-09-17 18:59:07.063 | INFO     | __main__:<module>:867 - lr:0.1 weight_nat: 0.2495723756883483, nat_loss: 0.015349074266850948, weight_adv: 0.7504276243116518, adv_loss: 0.030263228341937065 weight-klloss3 0.0475 Loss3: 0.03981590270996094 clean_ce: 0.21586069464683533, adv_ce: 1.2619386911392212, adv_margin: 0.5214686393737793, clean_gate: 0.5263910293579102, teacher_margin: 0.7224321961402893, teacher_margin_gate: 0.6355199813842773, teacher_clean_gate: 1.0, teacher_adv_gate: 1.0, tm_grad_cos: 1.0, tm_scale: 1.0, tm_ps_scale: 1.0
2026-09-17 18:59:53.765 | INFO     | __main__:<module>:867 - lr:0.1 weight_nat: 0.26960835897769103, nat_loss: 0.019750304520130157, weight_adv: 0.7303916410223089, adv_loss: 0.039775557816028595 weight-klloss3 0.0475 Loss3: 0.04394490644335747 clean_ce: 0.20334109663963318, adv_ce: 1.451098084449768, adv_margin: 0.7998514175415039, clean_gate: 0.4952824115753174, teacher_margin: 0.8192894458770752, teacher_margin_gate: 0.6226487159729004, teacher_clean_gate: 1.0, teacher_adv_gate: 1.0, tm_grad_cos: 1.0, tm_scale: 1.0, tm_ps_scale: 1.0
2026-09-17 19:00:40.540 | INFO     | __main__:<module>:867 - lr:0.1 weight_nat: 0.25555945289717696, nat_loss: 0.013726213946938515, weight_adv: 0.744440547102823, adv_loss: 0.03028680570423603 weight-klloss3 0.0475 Loss3: 0.03454812988638878 clean_ce: 0.1993754506111145, adv_ce: 1.2438020706176758, adv_margin: 0.5602846145629883, clean_gate: 0.5235314965248108, teacher_margin: 0.7175157070159912, teacher_margin_gate: 0.6306604146957397, teacher_clean_gate: 1.0, teacher_adv_gate: 1.0, tm_grad_cos: 1.0, tm_scale: 1.0, tm_ps_scale: 1.0
2026-09-17 19:01:27.429 | INFO     | __main__:<module>:867 - lr:0.1 weight_nat: 0.24299180988014243, nat_loss: 0.020819831639528275, weight_adv: 0.7570081901198576, adv_loss: 0.03796565905213356 weight-klloss3 0.0475 Loss3: 0.040932487696409225 clean_ce: 0.20880605280399323, adv_ce: 1.541312575340271, adv_margin: 0.8110033273696899, clean_gate: 0.4707285165786743, teacher_margin: 0.7950631976127625, teacher_margin_gate: 0.5689355134963989, teacher_clean_gate: 1.0, teacher_adv_gate: 1.0, tm_grad_cos: 1.0, tm_scale: 1.0, tm_ps_scale: 1.0
2026-09-17 19:02:09.444 | INFO     | __main__:<module>:870 - TRAIN_EPOCH_RESOURCE epoch=76 seconds=182.88420364633203 peak_allocated_bytes=7563827200
2026-09-17 19:02:09.445 | INFO     | __main__:<module>:477 - METHOD epoch=77 views=1 awp_gamma=0.0 consistency_weight=0.0
2026-09-17 19:02:09.445 | INFO     | __main__:<module>:480 - the 77th epoch 
2026-09-17 19:02:09.954 | INFO     | __main__:<module>:867 - lr:0.1 weight_nat: 0.24591486320072528, nat_loss: 0.0173187218606472, weight_adv: 0.7540851367992748, adv_loss: 0.034450046718120575 weight-klloss3 0.048125 Loss3: 0.04491470754146576 clean_ce: 0.20933976769447327, adv_ce: 1.4291298389434814, adv_margin: 0.6690491437911987, clean_gate: 0.48504921793937683, teacher_margin: 0.7732262015342712, teacher_margin_gate: 0.5792167782783508, teacher_clean_gate: 1.0, teacher_adv_gate: 1.0, tm_grad_cos: 1.0, tm_scale: 1.0, tm_ps_scale: 1.0
2026-09-17 19:02:56.669 | INFO     | __main__:<module>:867 - lr:0.1 weight_nat: 0.24929821049316445, nat_loss: 0.017134344205260277, weight_adv: 0.7507017895068355, adv_loss: 0.034956611692905426 weight-klloss3 0.048125 Loss3: 0.03930719941854477 clean_ce: 0.20605409145355225, adv_ce: 1.3919812440872192, adv_margin: 0.7375239133834839, clean_gate: 0.49803510308265686, teacher_margin: 0.7668851613998413, teacher_margin_gate: 0.6141948699951172, teacher_clean_gate: 1.0, teacher_adv_gate: 1.0, tm_grad_cos: 1.0, tm_scale: 1.0, tm_ps_scale: 1.0
2026-09-17 19:03:43.449 | INFO     | __main__:<module>:867 - lr:0.1 weight_nat: 0.2477190519809311, nat_loss: 0.020447788760066032, weight_adv: 0.7522809480190689, adv_loss: 0.03769369795918465 weight-klloss3 0.048125 Loss3: 0.04367658495903015 clean_ce: 0.2202642858028412, adv_ce: 1.313207983970642, adv_margin: 0.5313740968704224, clean_gate: 0.5120445489883423, teacher_margin: 0.8890522718429565, teacher_margin_gate: 0.6568770408630371, teacher_clean_gate: 1.0, teacher_adv_gate: 1.0, tm_grad_cos: 1.0, tm_scale: 1.0, tm_ps_scale: 1.0
2026-09-17 19:04:30.184 | INFO     | __main__:<module>:867 - lr:0.1 weight_nat: 0.25089467461353, nat_loss: 0.020064247772097588, weight_adv: 0.7491053253864701, adv_loss: 0.026444202288985252 weight-klloss3 0.048125 Loss3: 0.04842124134302139 clean_ce: 0.20406827330589294, adv_ce: 1.2282401323318481, adv_margin: 0.539628267288208, clean_gate: 0.5322007536888123, teacher_margin: 0.6546725034713745, teacher_margin_gate: 0.6360455751419067, teacher_clean_gate: 1.0, teacher_adv_gate: 1.0, tm_grad_cos: 1.0, tm_scale: 1.0, tm_ps_scale: 1.0
2026-09-17 19:05:12.117 | INFO     | __main__:<module>:870 - TRAIN_EPOCH_RESOURCE epoch=77 seconds=182.66988346725702 peak_allocated_bytes=7563827200
2026-09-17 19:05:12.118 | INFO     | __main__:<module>:477 - METHOD epoch=78 views=1 awp_gamma=0.0 consistency_weight=0.0
2026-09-17 19:05:12.118 | INFO     | __main__:<module>:480 - the 78th epoch 
2026-09-17 19:05:12.621 | INFO     | __main__:<module>:867 - lr:0.1 weight_nat: 0.25640962281724744, nat_loss: 0.01544451154768467, weight_adv: 0.7435903771827526, adv_loss: 0.030988456681370735 weight-klloss3 0.04875 Loss3: 0.023484230041503906 clean_ce: 0.1922004371881485, adv_ce: 1.3302775621414185, adv_margin: 0.6533307433128357, clean_gate: 0.5197004079818726, teacher_margin: 0.645908534526825, teacher_margin_gate: 0.6001743078231812, teacher_clean_gate: 1.0, teacher_adv_gate: 1.0, tm_grad_cos: 1.0, tm_scale: 1.0, tm_ps_scale: 1.0
2026-09-17 19:05:59.437 | INFO     | __main__:<module>:867 - lr:0.1 weight_nat: 0.2504593614045572, nat_loss: 0.022435059770941734, weight_adv: 0.7495406385954428, adv_loss: 0.034359097480773926 weight-klloss3 0.04875 Loss3: 0.03906486928462982 clean_ce: 0.21104764938354492, adv_ce: 1.4392327070236206, adv_margin: 0.7759778499603271, clean_gate: 0.5006071329116821, teacher_margin: 0.7348884344100952, teacher_margin_gate: 0.589037299156189, teacher_clean_gate: 1.0, teacher_adv_gate: 1.0, tm_grad_cos: 1.0, tm_scale: 1.0, tm_ps_scale: 1.0
2026-09-17 19:06:46.133 | INFO     | __main__:<module>:867 - lr:0.1 weight_nat: 0.2534030176628255, nat_loss: 0.03582913801074028, weight_adv: 0.7465969823371745, adv_loss: 0.036856599152088165 weight-klloss3 0.04875 Loss3: 0.026167701929807663 clean_ce: 0.2837248742580414, adv_ce: 1.5014030933380127, adv_margin: 0.7763863801956177, clean_gate: 0.4849822521209717, teacher_margin: 0.788581371307373, teacher_margin_gate: 0.5925095677375793, teacher_clean_gate: 1.0, teacher_adv_gate: 1.0, tm_grad_cos: 1.0, tm_scale: 1.0, tm_ps_scale: 1.0
2026-09-17 19:07:32.808 | INFO     | __main__:<module>:867 - lr:0.1 weight_nat: 0.2521856100585722, nat_loss: 0.015284848399460316, weight_adv: 0.7478143899414278, adv_loss: 0.032866932451725006 weight-klloss3 0.04875 Loss3: 0.05055048316717148 clean_ce: 0.19120176136493683, adv_ce: 1.2509477138519287, adv_margin: 0.5198262333869934, clean_gate: 0.5216982364654541, teacher_margin: 0.7548354864120483, teacher_margin_gate: 0.6419205069541931, teacher_clean_gate: 1.0, teacher_adv_gate: 1.0, tm_grad_cos: 1.0, tm_scale: 1.0, tm_ps_scale: 1.0
2026-09-17 19:08:14.691 | INFO     | __main__:<module>:870 - TRAIN_EPOCH_RESOURCE epoch=78 seconds=182.56825003772974 peak_allocated_bytes=7563827200
2026-09-17 19:08:14.692 | INFO     | __main__:<module>:477 - METHOD epoch=79 views=1 awp_gamma=0.0 consistency_weight=0.0
2026-09-17 19:08:14.692 | INFO     | __main__:<module>:480 - the 79th epoch 
2026-09-17 19:08:15.192 | INFO     | __main__:<module>:867 - lr:0.1 weight_nat: 0.24862168085744565, nat_loss: 0.016744980588555336, weight_adv: 0.7513783191425544, adv_loss: 0.03444783389568329 weight-klloss3 0.049375 Loss3: 0.03099653124809265 clean_ce: 0.18508943915367126, adv_ce: 1.3896219730377197, adv_margin: 0.7208431959152222, clean_gate: 0.5046401619911194, teacher_margin: 0.7070133090019226, teacher_margin_gate: 0.6050362586975098, teacher_clean_gate: 1.0, teacher_adv_gate: 1.0, tm_grad_cos: 1.0, tm_scale: 1.0, tm_ps_scale: 1.0
2026-09-17 19:09:01.928 | INFO     | __main__:<module>:867 - lr:0.1 weight_nat: 0.25867155430153144, nat_loss: 0.019277838990092278, weight_adv: 0.7413284456984687, adv_loss: 0.029004983603954315 weight-klloss3 0.049375 Loss3: 0.03809142857789993 clean_ce: 0.2269057333469391, adv_ce: 1.3154860734939575, adv_margin: 0.6050697565078735, clean_gate: 0.5116748809814453, teacher_margin: 0.657523512840271, teacher_margin_gate: 0.6060483455657959, teacher_clean_gate: 1.0, teacher_adv_gate: 1.0, tm_grad_cos: 1.0, tm_scale: 1.0, tm_ps_scale: 1.0
2026-09-17 19:09:48.900 | INFO     | __main__:<module>:867 - lr:0.1 weight_nat: 0.25138086330263, nat_loss: 0.01791980303823948, weight_adv: 0.74861913669737, adv_loss: 0.032448090612888336 weight-klloss3 0.049375 Loss3: 0.04775456339120865 clean_ce: 0.19929158687591553, adv_ce: 1.4094011783599854, adv_margin: 0.7365434765815735, clean_gate: 0.5042943954467773, teacher_margin: 0.720247209072113, teacher_margin_gate: 0.6169549226760864, teacher_clean_gate: 1.0, teacher_adv_gate: 1.0, tm_grad_cos: 1.0, tm_scale: 1.0, tm_ps_scale: 1.0
2026-09-17 19:10:35.501 | INFO     | __main__:<module>:867 - lr:0.1 weight_nat: 0.24569383217793767, nat_loss: 0.024869773536920547, weight_adv: 0.7543061678220623, adv_loss: 0.03542912006378174 weight-klloss3 0.049375 Loss3: 0.040531329810619354 clean_ce: 0.22127655148506165, adv_ce: 1.1773669719696045, adv_margin: 0.4526335895061493, clean_gate: 0.5230882167816162, teacher_margin: 0.8775589466094971, teacher_margin_gate: 0.6775081157684326, teacher_clean_gate: 1.0, teacher_adv_gate: 1.0, tm_grad_cos: 1.0, tm_scale: 1.0, tm_ps_scale: 1.0
2026-09-17 19:11:17.340 | INFO     | __main__:<module>:870 - TRAIN_EPOCH_RESOURCE epoch=79 seconds=182.6492224186659 peak_allocated_bytes=7563827200
2026-09-17 19:11:17.341 | INFO     | __main__:<module>:477 - METHOD epoch=80 views=1 awp_gamma=0.0 consistency_weight=0.0
2026-09-17 19:11:17.341 | INFO     | __main__:<module>:480 - the 80th epoch 
2026-09-17 19:11:17.851 | INFO     | __main__:<module>:867 - lr:0.1 weight_nat: 0.24933217781152006, nat_loss: 0.014472655020654202, weight_adv: 0.7506678221884799, adv_loss: 0.032758306711912155 weight-klloss3 0.05 Loss3: 0.03477340564131737 clean_ce: 0.21010854840278625, adv_ce: 1.4682201147079468, adv_margin: 0.786139965057373, clean_gate: 0.49845391511917114, teacher_margin: 0.6384384632110596, teacher_margin_gate: 0.5783010125160217, teacher_clean_gate: 1.0, teacher_adv_gate: 1.0, tm_grad_cos: 1.0, tm_scale: 1.0, tm_ps_scale: 1.0
2026-09-17 19:12:04.421 | INFO     | __main__:<module>:867 - lr:0.1 weight_nat: 0.2433863197684565, nat_loss: 0.023736588656902313, weight_adv: 0.7566136802315435, adv_loss: 0.03133804723620415 weight-klloss3 0.05 Loss3: 0.037042275071144104 clean_ce: 0.21218353509902954, adv_ce: 1.4088621139526367, adv_margin: 0.692268967628479, clean_gate: 0.49918627738952637, teacher_margin: 0.7024046182632446, teacher_margin_gate: 0.589640736579895, teacher_clean_gate: 1.0, teacher_adv_gate: 1.0, tm_grad_cos: 1.0, tm_scale: 1.0, tm_ps_scale: 1.0
2026-09-17 19:12:50.965 | INFO     | __main__:<module>:867 - lr:0.1 weight_nat: 0.23722428019049857, nat_loss: 0.015128311701118946, weight_adv: 0.7627757198095013, adv_loss: 0.03313320875167847 weight-klloss3 0.05 Loss3: 0.034469593316316605 clean_ce: 0.19926777482032776, adv_ce: 1.4315487146377563, adv_margin: 0.7255468368530273, clean_gate: 0.4969949722290039, teacher_margin: 0.689684271812439, teacher_margin_gate: 0.5856777429580688, teacher_clean_gate: 1.0, teacher_adv_gate: 1.0, tm_grad_cos: 1.0, tm_scale: 1.0, tm_ps_scale: 1.0
2026-09-17 19:13:37.572 | INFO     | __main__:<module>:867 - lr:0.1 weight_nat: 0.24482653597426934, nat_loss: 0.01216958835721016, weight_adv: 0.7551734640257306, adv_loss: 0.025509623810648918 weight-klloss3 0.05 Loss3: 0.04612215608358383 clean_ce: 0.1914364993572235, adv_ce: 1.2069014310836792, adv_margin: 0.5091863870620728, clean_gate: 0.5449284315109253, teacher_margin: 0.5665947198867798, teacher_margin_gate: 0.628970742225647, teacher_clean_gate: 1.0, teacher_adv_gate: 1.0, tm_grad_cos: 1.0, tm_scale: 1.0, tm_ps_scale: 1.0
2026-09-17 19:14:19.339 | INFO     | __main__:<module>:870 - TRAIN_EPOCH_RESOURCE epoch=80 seconds=181.99666241556406 peak_allocated_bytes=7563827200
2026-09-17 19:14:51.188 | INFO     | __main__:<module>:927 - student robust acc 0.5027, teacher robust acc 0.6768, nat teacher robust acc 0.4718
2026-09-17 19:14:57.785 | INFO     | __main__:<module>:998 - best accuracy:0.6832
2026-09-17 19:14:57.788 | INFO     | __main__:<module>:1001 - student natural acc 0.8637, adv teacher natural acc 0.8662, nat teacher natural acc 0.9318
2026-09-17 19:14:57.790 | INFO     | __main__:<module>:477 - METHOD epoch=81 views=1 awp_gamma=0.0 consistency_weight=0.0
2026-09-17 19:14:57.790 | INFO     | __main__:<module>:480 - the 81th epoch 
2026-09-17 19:14:58.289 | INFO     | __main__:<module>:867 - lr:0.1 weight_nat: 0.2504111115300709, nat_loss: 0.01518124621361494, weight_adv: 0.7495888884699291, adv_loss: 0.02639061212539673 weight-klloss3 0.05 Loss3: 0.030169308185577393 clean_ce: 0.1913069188594818, adv_ce: 1.209841012954712, adv_margin: 0.5338006019592285, clean_gate: 0.5396926999092102, teacher_margin: 0.5890763998031616, teacher_margin_gate: 0.6452685594558716, teacher_clean_gate: 1.0, teacher_adv_gate: 1.0, tm_grad_cos: 1.0, tm_scale: 1.0, tm_ps_scale: 1.0
2026-09-17 19:15:44.865 | INFO     | __main__:<module>:867 - lr:0.1 weight_nat: 0.24564450286178904, nat_loss: 0.018499573692679405, weight_adv: 0.7543554971382112, adv_loss: 0.030144136399030685 weight-klloss3 0.05 Loss3: 0.04047166183590889 clean_ce: 0.20619535446166992, adv_ce: 1.372685432434082, adv_margin: 0.6793138980865479, clean_gate: 0.498252809047699, teacher_margin: 0.680708646774292, teacher_margin_gate: 0.5956778526306152, teacher_clean_gate: 1.0, teacher_adv_gate: 1.0, tm_grad_cos: 1.0, tm_scale: 1.0, tm_ps_scale: 1.0
2026-09-17 19:16:31.384 | INFO     | __main__:<module>:867 - lr:0.1 weight_nat: 0.24041798384976118, nat_loss: 0.015289053320884705, weight_adv: 0.7595820161502388, adv_loss: 0.02857549488544464 weight-klloss3 0.05 Loss3: 0.04455118626356125 clean_ce: 0.18839381635189056, adv_ce: 1.3822605609893799, adv_margin: 0.6487301588058472, clean_gate: 0.5011695623397827, teacher_margin: 0.6669455170631409, teacher_margin_gate: 0.5803338289260864, teacher_clean_gate: 1.0, teacher_adv_gate: 1.0, tm_grad_cos: 1.0, tm_scale: 1.0, tm_ps_scale: 1.0
2026-09-17 19:17:17.925 | INFO     | __main__:<module>:867 - lr:0.1 weight_nat: 0.24556438361018074, nat_loss: 0.01679568737745285, weight_adv: 0.7544356163898194, adv_loss: 0.03578115627169609 weight-klloss3 0.05 Loss3: 0.028315400704741478 clean_ce: 0.20348474383354187, adv_ce: 1.3788667917251587, adv_margin: 0.6746194362640381, clean_gate: 0.5063492059707642, teacher_margin: 0.7758018374443054, teacher_margin_gate: 0.6104470491409302, teacher_clean_gate: 1.0, teacher_adv_gate: 1.0, tm_grad_cos: 1.0, tm_scale: 1.0, tm_ps_scale: 1.0
2026-09-17 19:17:59.687 | INFO     | __main__:<module>:870 - TRAIN_EPOCH_RESOURCE epoch=81 seconds=181.8966207653284 peak_allocated_bytes=7557683200
2026-09-17 19:17:59.687 | INFO     | __main__:<module>:477 - METHOD epoch=82 views=1 awp_gamma=0.0 consistency_weight=0.0
2026-09-17 19:17:59.687 | INFO     | __main__:<module>:480 - the 82th epoch 
2026-09-17 19:18:00.194 | INFO     | __main__:<module>:867 - lr:0.1 weight_nat: 0.24661504023446298, nat_loss: 0.020202090963721275, weight_adv: 0.753384959765537, adv_loss: 0.030451614409685135 weight-klloss3 0.05 Loss3: 0.04261738061904907 clean_ce: 0.20020997524261475, adv_ce: 1.320744514465332, adv_margin: 0.6019781231880188, clean_gate: 0.5110749006271362, teacher_margin: 0.6594740152359009, teacher_margin_gate: 0.6043996810913086, teacher_clean_gate: 1.0, teacher_adv_gate: 1.0, tm_grad_cos: 1.0, tm_scale: 1.0, tm_ps_scale: 1.0
2026-09-17 19:18:46.833 | INFO     | __main__:<module>:867 - lr:0.1 weight_nat: 0.24388253422082148, nat_loss: 0.015248842537403107, weight_adv: 0.7561174657791787, adv_loss: 0.02515207603573799 weight-klloss3 0.05 Loss3: 0.024939581751823425 clean_ce: 0.20289137959480286, adv_ce: 1.3193832635879517, adv_margin: 0.6083167791366577, clean_gate: 0.5126097202301025, teacher_margin: 0.5951049327850342, teacher_margin_gate: 0.5762938261032104, teacher_clean_gate: 1.0, teacher_adv_gate: 1.0, tm_grad_cos: 1.0, tm_scale: 1.0, tm_ps_scale: 1.0
2026-09-17 19:19:33.443 | INFO     | __main__:<module>:867 - lr:0.1 weight_nat: 0.2371629734496734, nat_loss: 0.014730415306985378, weight_adv: 0.7628370265503267, adv_loss: 0.034587401896715164 weight-klloss3 0.05 Loss3: 0.030044402927160263 clean_ce: 0.19104382395744324, adv_ce: 1.208523154258728, adv_margin: 0.533694863319397, clean_gate: 0.5356264710426331, teacher_margin: 0.8242411613464355, teacher_margin_gate: 0.6712842583656311, teacher_clean_gate: 1.0, teacher_adv_gate: 1.0, tm_grad_cos: 1.0, tm_scale: 1.0, tm_ps_scale: 1.0
2026-09-17 19:20:20.166 | INFO     | __main__:<module>:867 - lr:0.1 weight_nat: 0.23916926249722534, nat_loss: 0.018174052238464355, weight_adv: 0.7608307375027745, adv_loss: 0.02970397099852562 weight-klloss3 0.05 Loss3: 0.053162213414907455 clean_ce: 0.21789008378982544, adv_ce: 1.4364712238311768, adv_margin: 0.6869052648544312, clean_gate: 0.49141591787338257, teacher_margin: 0.706405758857727, teacher_margin_gate: 0.5905600190162659, teacher_clean_gate: 1.0, teacher_adv_gate: 1.0, tm_grad_cos: 1.0, tm_scale: 1.0, tm_ps_scale: 1.0
2026-09-17 19:21:02.018 | INFO     | __main__:<module>:870 - TRAIN_EPOCH_RESOURCE epoch=82 seconds=182.3312195390463 peak_allocated_bytes=7557683200
2026-09-17 19:21:02.019 | INFO     | __main__:<module>:477 - METHOD epoch=83 views=1 awp_gamma=0.0 consistency_weight=0.0
2026-09-17 19:21:02.019 | INFO     | __main__:<module>:480 - the 83th epoch 
2026-09-17 19:21:02.526 | INFO     | __main__:<module>:867 - lr:0.1 weight_nat: 0.2512934242986234, nat_loss: 0.025438090786337852, weight_adv: 0.7487065757013766, adv_loss: 0.0345168337225914 weight-klloss3 0.05 Loss3: 0.04505918174982071 clean_ce: 0.22820550203323364, adv_ce: 1.3498955965042114, adv_margin: 0.622177004814148, clean_gate: 0.511067271232605, teacher_margin: 0.7822260856628418, teacher_margin_gate: 0.631043553352356, teacher_clean_gate: 1.0, teacher_adv_gate: 1.0, tm_grad_cos: 1.0, tm_scale: 1.0, tm_ps_scale: 1.0
2026-09-17 19:21:49.148 | INFO     | __main__:<module>:867 - lr:0.1 weight_nat: 0.25013777164740947, nat_loss: 0.01650223694741726, weight_adv: 0.7498622283525906, adv_loss: 0.034572675824165344 weight-klloss3 0.05 Loss3: 0.03746173158288002 clean_ce: 0.2089138925075531, adv_ce: 1.2749593257904053, adv_margin: 0.5442231297492981, clean_gate: 0.5149852633476257, teacher_margin: 0.800728440284729, teacher_margin_gate: 0.64066481590271, teacher_clean_gate: 1.0, teacher_adv_gate: 1.0, tm_grad_cos: 1.0, tm_scale: 1.0, tm_ps_scale: 1.0
2026-09-17 19:22:35.704 | INFO     | __main__:<module>:867 - lr:0.1 weight_nat: 0.2654237279365149, nat_loss: 0.015395062044262886, weight_adv: 0.7345762720634851, adv_loss: 0.03669772297143936 weight-klloss3 0.05 Loss3: 0.03557036444544792 clean_ce: 0.1960555613040924, adv_ce: 1.3846502304077148, adv_margin: 0.7406919598579407, clean_gate: 0.5013828277587891, teacher_margin: 0.7703625559806824, teacher_margin_gate: 0.6143414974212646, teacher_clean_gate: 1.0, teacher_adv_gate: 1.0, tm_grad_cos: 1.0, tm_scale: 1.0, tm_ps_scale: 1.0
2026-09-17 19:23:22.242 | INFO     | __main__:<module>:867 - lr:0.1 weight_nat: 0.24748671484206805, nat_loss: 0.01703205518424511, weight_adv: 0.7525132851579321, adv_loss: 0.03100038692355156 weight-klloss3 0.05 Loss3: 0.05936814099550247 clean_ce: 0.21186211705207825, adv_ce: 1.285737156867981, adv_margin: 0.6044324636459351, clean_gate: 0.5220913290977478, teacher_margin: 0.6714370250701904, teacher_margin_gate: 0.621463418006897, teacher_clean_gate: 1.0, teacher_adv_gate: 1.0, tm_grad_cos: 1.0, tm_scale: 1.0, tm_ps_scale: 1.0
2026-09-17 19:24:04.004 | INFO     | __main__:<module>:870 - TRAIN_EPOCH_RESOURCE epoch=83 seconds=181.98513308167458 peak_allocated_bytes=7557683200
2026-09-17 19:24:04.004 | INFO     | __main__:<module>:477 - METHOD epoch=84 views=1 awp_gamma=0.0 consistency_weight=0.0
2026-09-17 19:24:04.005 | INFO     | __main__:<module>:480 - the 84th epoch 
2026-09-17 19:24:04.512 | INFO     | __main__:<module>:867 - lr:0.1 weight_nat: 0.24744733412548603, nat_loss: 0.014356053434312344, weight_adv: 0.7525526658745141, adv_loss: 0.032932884991168976 weight-klloss3 0.05 Loss3: 0.049768440425395966 clean_ce: 0.19472184777259827, adv_ce: 1.368098258972168, adv_margin: 0.6083165407180786, clean_gate: 0.5021824836730957, teacher_margin: 0.7735090851783752, teacher_margin_gate: 0.6197525262832642, teacher_clean_gate: 1.0, teacher_adv_gate: 1.0, tm_grad_cos: 1.0, tm_scale: 1.0, tm_ps_scale: 1.0
2026-09-17 19:24:51.208 | INFO     | __main__:<module>:867 - lr:0.1 weight_nat: 0.24320487641412228, nat_loss: 0.01486238557845354, weight_adv: 0.7567951235858779, adv_loss: 0.03485073149204254 weight-klloss3 0.05 Loss3: 0.04675758630037308 clean_ce: 0.181625097990036, adv_ce: 1.4371668100357056, adv_margin: 0.7684929966926575, clean_gate: 0.49090123176574707, teacher_margin: 0.8269132375717163, teacher_margin_gate: 0.6230745315551758, teacher_clean_gate: 1.0, teacher_adv_gate: 1.0, tm_grad_cos: 1.0, tm_scale: 1.0, tm_ps_scale: 1.0
2026-09-17 19:25:37.786 | INFO     | __main__:<module>:867 - lr:0.1 weight_nat: 0.2442177201790856, nat_loss: 0.013024115934967995, weight_adv: 0.7557822798209143, adv_loss: 0.027801617980003357 weight-klloss3 0.05 Loss3: 0.028133951127529144 clean_ce: 0.19397273659706116, adv_ce: 1.1994649171829224, adv_margin: 0.5164185762405396, clean_gate: 0.5288715362548828, teacher_margin: 0.6507042646408081, teacher_margin_gate: 0.6052660942077637, teacher_clean_gate: 1.0, teacher_adv_gate: 1.0, tm_grad_cos: 1.0, tm_scale: 1.0, tm_ps_scale: 1.0
2026-09-17 19:26:24.343 | INFO     | __main__:<module>:867 - lr:0.1 weight_nat: 0.24898253168761592, nat_loss: 0.020626172423362732, weight_adv: 0.751017468312384, adv_loss: 0.031602293252944946 weight-klloss3 0.05 Loss3: 0.030719149857759476 clean_ce: 0.22357124090194702, adv_ce: 1.3412123918533325, adv_margin: 0.6058754920959473, clean_gate: 0.5132665634155273, teacher_margin: 0.7241222262382507, teacher_margin_gate: 0.6140679717063904, teacher_clean_gate: 1.0, teacher_adv_gate: 1.0, tm_grad_cos: 1.0, tm_scale: 1.0, tm_ps_scale: 1.0
2026-09-17 19:27:06.166 | INFO     | __main__:<module>:870 - TRAIN_EPOCH_RESOURCE epoch=84 seconds=182.16103599220514 peak_allocated_bytes=7557683200
2026-09-17 19:27:06.166 | INFO     | __main__:<module>:477 - METHOD epoch=85 views=1 awp_gamma=0.0 consistency_weight=0.0
2026-09-17 19:27:06.166 | INFO     | __main__:<module>:480 - the 85th epoch 
2026-09-17 19:27:06.673 | INFO     | __main__:<module>:867 - lr:0.1 weight_nat: 0.2536102315945144, nat_loss: 0.020429318770766258, weight_adv: 0.7463897684054857, adv_loss: 0.031138943508267403 weight-klloss3 0.05 Loss3: 0.03424615040421486 clean_ce: 0.21570655703544617, adv_ce: 1.3718066215515137, adv_margin: 0.6397346258163452, clean_gate: 0.5009334087371826, teacher_margin: 0.7110943794250488, teacher_margin_gate: 0.5872373580932617, teacher_clean_gate: 1.0, teacher_adv_gate: 1.0, tm_grad_cos: 1.0, tm_scale: 1.0, tm_ps_scale: 1.0
2026-09-17 19:27:53.191 | INFO     | __main__:<module>:867 - lr:0.1 weight_nat: 0.2437504421765927, nat_loss: 0.016456076875329018, weight_adv: 0.7562495578234072, adv_loss: 0.03542511165142059 weight-klloss3 0.05 Loss3: 0.05659119784832001 clean_ce: 0.2121269255876541, adv_ce: 1.3473292589187622, adv_margin: 0.634427547454834, clean_gate: 0.5024672746658325, teacher_margin: 0.8468529582023621, teacher_margin_gate: 0.635343074798584, teacher_clean_gate: 1.0, teacher_adv_gate: 1.0, tm_grad_cos: 1.0, tm_scale: 1.0, tm_ps_scale: 1.0
2026-09-17 19:28:39.796 | INFO     | __main__:<module>:867 - lr:0.1 weight_nat: 0.24351099472079843, nat_loss: 0.014732405543327332, weight_adv: 0.7564890052792016, adv_loss: 0.029174523428082466 weight-klloss3 0.05 Loss3: 0.043853480368852615 clean_ce: 0.21261653304100037, adv_ce: 1.1425186395645142, adv_margin: 0.4686773419380188, clean_gate: 0.543236494064331, teacher_margin: 0.695519208908081, teacher_margin_gate: 0.6537388563156128, teacher_clean_gate: 1.0, teacher_adv_gate: 1.0, tm_grad_cos: 1.0, tm_scale: 1.0, tm_ps_scale: 1.0
2026-09-17 19:29:26.411 | INFO     | __main__:<module>:867 - lr:0.1 weight_nat: 0.2495305099107198, nat_loss: 0.015452262945473194, weight_adv: 0.7504694900892801, adv_loss: 0.0276082381606102 weight-klloss3 0.05 Loss3: 0.042548686265945435 clean_ce: 0.22937406599521637, adv_ce: 1.2927619218826294, adv_margin: 0.5461535453796387, clean_gate: 0.5316144227981567, teacher_margin: 0.5818450450897217, teacher_margin_gate: 0.5964330434799194, teacher_clean_gate: 1.0, teacher_adv_gate: 1.0, tm_grad_cos: 1.0, tm_scale: 1.0, tm_ps_scale: 1.0
2026-09-17 19:30:08.199 | INFO     | __main__:<module>:870 - TRAIN_EPOCH_RESOURCE epoch=85 seconds=182.03285006061196 peak_allocated_bytes=7557683200
2026-09-17 19:30:08.200 | INFO     | __main__:<module>:477 - METHOD epoch=86 views=1 awp_gamma=0.0 consistency_weight=0.0
2026-09-17 19:30:08.200 | INFO     | __main__:<module>:480 - the 86th epoch 
2026-09-17 19:30:08.707 | INFO     | __main__:<module>:867 - lr:0.1 weight_nat: 0.2495558660633904, nat_loss: 0.013809639029204845, weight_adv: 0.7504441339366098, adv_loss: 0.027800165116786957 weight-klloss3 0.05 Loss3: 0.03667668253183365 clean_ce: 0.1889323890209198, adv_ce: 1.3664348125457764, adv_margin: 0.7208904027938843, clean_gate: 0.5142329931259155, teacher_margin: 0.5957273840904236, teacher_margin_gate: 0.5851802825927734, teacher_clean_gate: 1.0, teacher_adv_gate: 1.0, tm_grad_cos: 1.0, tm_scale: 1.0, tm_ps_scale: 1.0
2026-09-17 19:30:55.335 | INFO     | __main__:<module>:867 - lr:0.1 weight_nat: 0.24669498285988042, nat_loss: 0.017521226778626442, weight_adv: 0.7533050171401198, adv_loss: 0.03443089872598648 weight-klloss3 0.05 Loss3: 0.03725409135222435 clean_ce: 0.19354712963104248, adv_ce: 1.4198613166809082, adv_margin: 0.7586293816566467, clean_gate: 0.49104151129722595, teacher_margin: 0.7676519155502319, teacher_margin_gate: 0.5961763858795166, teacher_clean_gate: 1.0, teacher_adv_gate: 1.0, tm_grad_cos: 1.0, tm_scale: 1.0, tm_ps_scale: 1.0
2026-09-17 19:31:41.920 | INFO     | __main__:<module>:867 - lr:0.1 weight_nat: 0.24877519108907106, nat_loss: 0.019713107496500015, weight_adv: 0.751224808910929, adv_loss: 0.03223225101828575 weight-klloss3 0.05 Loss3: 0.028050746768712997 clean_ce: 0.2095039188861847, adv_ce: 1.2721142768859863, adv_margin: 0.565863311290741, clean_gate: 0.5190222263336182, teacher_margin: 0.7279745936393738, teacher_margin_gate: 0.6279485821723938, teacher_clean_gate: 1.0, teacher_adv_gate: 1.0, tm_grad_cos: 1.0, tm_scale: 1.0, tm_ps_scale: 1.0
2026-09-17 19:32:28.488 | INFO     | __main__:<module>:867 - lr:0.1 weight_nat: 0.23933880849904302, nat_loss: 0.016909869387745857, weight_adv: 0.760661191500957, adv_loss: 0.034588802605867386 weight-klloss3 0.05 Loss3: 0.03819824755191803 clean_ce: 0.18753598630428314, adv_ce: 1.4103851318359375, adv_margin: 0.7644335031509399, clean_gate: 0.4972822070121765, teacher_margin: 0.7299796342849731, teacher_margin_gate: 0.5912448167800903, teacher_clean_gate: 1.0, teacher_adv_gate: 1.0, tm_grad_cos: 1.0, tm_scale: 1.0, tm_ps_scale: 1.0
2026-09-17 19:33:10.257 | INFO     | __main__:<module>:870 - TRAIN_EPOCH_RESOURCE epoch=86 seconds=182.05693442746997 peak_allocated_bytes=7557683200
2026-09-17 19:33:10.257 | INFO     | __main__:<module>:477 - METHOD epoch=87 views=1 awp_gamma=0.0 consistency_weight=0.0
2026-09-17 19:33:10.257 | INFO     | __main__:<module>:480 - the 87th epoch 
2026-09-17 19:33:10.764 | INFO     | __main__:<module>:867 - lr:0.1 weight_nat: 0.24359588831644952, nat_loss: 0.01558584626764059, weight_adv: 0.7564041116835505, adv_loss: 0.02558085136115551 weight-klloss3 0.05 Loss3: 0.04296838492155075 clean_ce: 0.21096226572990417, adv_ce: 1.2978450059890747, adv_margin: 0.6090906262397766, clean_gate: 0.5204993486404419, teacher_margin: 0.5952320098876953, teacher_margin_gate: 0.5873227119445801, teacher_clean_gate: 1.0, teacher_adv_gate: 1.0, tm_grad_cos: 1.0, tm_scale: 1.0, tm_ps_scale: 1.0
2026-09-17 19:33:57.316 | INFO     | __main__:<module>:867 - lr:0.1 weight_nat: 0.24329263667905526, nat_loss: 0.01771724782884121, weight_adv: 0.7567073633209449, adv_loss: 0.03483124077320099 weight-klloss3 0.05 Loss3: 0.03731665760278702 clean_ce: 0.2035938948392868, adv_ce: 1.342147946357727, adv_margin: 0.6302843689918518, clean_gate: 0.5115091800689697, teacher_margin: 0.7398926615715027, teacher_margin_gate: 0.620388388633728, teacher_clean_gate: 1.0, teacher_adv_gate: 1.0, tm_grad_cos: 1.0, tm_scale: 1.0, tm_ps_scale: 1.0
2026-09-17 19:34:43.813 | INFO     | __main__:<module>:867 - lr:0.1 weight_nat: 0.2536616334669333, nat_loss: 0.01650862582027912, weight_adv: 0.7463383665330667, adv_loss: 0.04217873513698578 weight-klloss3 0.05 Loss3: 0.025202345103025436 clean_ce: 0.180690735578537, adv_ce: 1.3265094757080078, adv_margin: 0.6722173690795898, clean_gate: 0.4959486722946167, teacher_margin: 0.9370487332344055, teacher_margin_gate: 0.6564407348632812, teacher_clean_gate: 1.0, teacher_adv_gate: 1.0, tm_grad_cos: 1.0, tm_scale: 1.0, tm_ps_scale: 1.0
2026-09-17 19:35:30.421 | INFO     | __main__:<module>:867 - lr:0.1 weight_nat: 0.24021889683171246, nat_loss: 0.01801014505326748, weight_adv: 0.7597811031682874, adv_loss: 0.03787694126367569 weight-klloss3 0.05 Loss3: 0.044277794659137726 clean_ce: 0.2275134176015854, adv_ce: 1.3655377626419067, adv_margin: 0.6229755282402039, clean_gate: 0.5123549699783325, teacher_margin: 0.8049864768981934, teacher_margin_gate: 0.6207939386367798, teacher_clean_gate: 1.0, teacher_adv_gate: 1.0, tm_grad_cos: 1.0, tm_scale: 1.0, tm_ps_scale: 1.0
2026-09-17 19:36:12.199 | INFO     | __main__:<module>:870 - TRAIN_EPOCH_RESOURCE epoch=87 seconds=181.9418961405754 peak_allocated_bytes=7557683200
2026-09-17 19:36:12.200 | INFO     | __main__:<module>:477 - METHOD epoch=88 views=1 awp_gamma=0.0 consistency_weight=0.0
2026-09-17 19:36:12.200 | INFO     | __main__:<module>:480 - the 88th epoch 
2026-09-17 19:36:12.707 | INFO     | __main__:<module>:867 - lr:0.1 weight_nat: 0.2376719278809793, nat_loss: 0.013160675764083862, weight_adv: 0.7623280721190209, adv_loss: 0.026104260236024857 weight-klloss3 0.05 Loss3: 0.035521745681762695 clean_ce: 0.1808508038520813, adv_ce: 1.2016005516052246, adv_margin: 0.5073117017745972, clean_gate: 0.5325332283973694, teacher_margin: 0.657864511013031, teacher_margin_gate: 0.6493726968765259, teacher_clean_gate: 1.0, teacher_adv_gate: 1.0, tm_grad_cos: 1.0, tm_scale: 1.0, tm_ps_scale: 1.0
2026-09-17 19:36:59.211 | INFO     | __main__:<module>:867 - lr:0.1 weight_nat: 0.2510354648028266, nat_loss: 0.022544899955391884, weight_adv: 0.7489645351971734, adv_loss: 0.03446509689092636 weight-klloss3 0.05 Loss3: 0.03087567538022995 clean_ce: 0.21494229137897491, adv_ce: 1.3258614540100098, adv_margin: 0.6167131066322327, clean_gate: 0.509599506855011, teacher_margin: 0.7734119892120361, teacher_margin_gate: 0.626558780670166, teacher_clean_gate: 1.0, teacher_adv_gate: 1.0, tm_grad_cos: 1.0, tm_scale: 1.0, tm_ps_scale: 1.0
2026-09-17 19:37:45.788 | INFO     | __main__:<module>:867 - lr:0.1 weight_nat: 0.24151266685039366, nat_loss: 0.014366084709763527, weight_adv: 0.7584873331496064, adv_loss: 0.03196407109498978 weight-klloss3 0.05 Loss3: 0.03830644115805626 clean_ce: 0.19868087768554688, adv_ce: 1.3473249673843384, adv_margin: 0.7292999029159546, clean_gate: 0.5046942234039307, teacher_margin: 0.7304956316947937, teacher_margin_gate: 0.612194299697876, teacher_clean_gate: 1.0, teacher_adv_gate: 1.0, tm_grad_cos: 1.0, tm_scale: 1.0, tm_ps_scale: 1.0
2026-09-17 19:38:32.564 | INFO     | __main__:<module>:867 - lr:0.1 weight_nat: 0.24390553248612007, nat_loss: 0.013011169619858265, weight_adv: 0.75609446751388, adv_loss: 0.0283595472574234 weight-klloss3 0.05 Loss3: 0.031729161739349365 clean_ce: 0.19388464093208313, adv_ce: 1.1808377504348755, adv_margin: 0.4846459925174713, clean_gate: 0.5450933575630188, teacher_margin: 0.6880571842193604, teacher_margin_gate: 0.6527758836746216, teacher_clean_gate: 1.0, teacher_adv_gate: 1.0, tm_grad_cos: 1.0, tm_scale: 1.0, tm_ps_scale: 1.0
2026-09-17 19:39:14.563 | INFO     | __main__:<module>:870 - TRAIN_EPOCH_RESOURCE epoch=88 seconds=182.36281765252352 peak_allocated_bytes=7557683200
2026-09-17 19:39:14.564 | INFO     | __main__:<module>:477 - METHOD epoch=89 views=1 awp_gamma=0.0 consistency_weight=0.0
2026-09-17 19:39:14.564 | INFO     | __main__:<module>:480 - the 89th epoch 
2026-09-17 19:39:15.072 | INFO     | __main__:<module>:867 - lr:0.1 weight_nat: 0.24206536897114625, nat_loss: 0.015630362555384636, weight_adv: 0.7579346310288538, adv_loss: 0.03098597750067711 weight-klloss3 0.05 Loss3: 0.023395206779241562 clean_ce: 0.19912871718406677, adv_ce: 1.1894255876541138, adv_margin: 0.47629955410957336, clean_gate: 0.5313259363174438, teacher_margin: 0.7825387716293335, teacher_margin_gate: 0.6499574780464172, teacher_clean_gate: 1.0, teacher_adv_gate: 1.0, tm_grad_cos: 1.0, tm_scale: 1.0, tm_ps_scale: 1.0
2026-09-17 19:40:01.737 | INFO     | __main__:<module>:867 - lr:0.1 weight_nat: 0.2393257579280208, nat_loss: 0.029010219499468803, weight_adv: 0.7606742420719791, adv_loss: 0.03404833748936653 weight-klloss3 0.05 Loss3: 0.02575695514678955 clean_ce: 0.25057506561279297, adv_ce: 1.3795326948165894, adv_margin: 0.6600289344787598, clean_gate: 0.5106642246246338, teacher_margin: 0.7066047787666321, teacher_margin_gate: 0.6024036407470703, teacher_clean_gate: 1.0, teacher_adv_gate: 1.0, tm_grad_cos: 1.0, tm_scale: 1.0, tm_ps_scale: 1.0
2026-09-17 19:40:48.491 | INFO     | __main__:<module>:867 - lr:0.1 weight_nat: 0.2390616265934491, nat_loss: 0.018694361671805382, weight_adv: 0.7609383734065508, adv_loss: 0.032842401415109634 weight-klloss3 0.05 Loss3: 0.034306950867176056 clean_ce: 0.20941615104675293, adv_ce: 1.2795480489730835, adv_margin: 0.5653560757637024, clean_gate: 0.5086559057235718, teacher_margin: 0.7556726932525635, teacher_margin_gate: 0.6219794750213623, teacher_clean_gate: 1.0, teacher_adv_gate: 1.0, tm_grad_cos: 1.0, tm_scale: 1.0, tm_ps_scale: 1.0
2026-09-17 19:41:35.108 | INFO     | __main__:<module>:867 - lr:0.1 weight_nat: 0.2442304869727025, nat_loss: 0.02293883077800274, weight_adv: 0.7557695130272977, adv_loss: 0.031122587621212006 weight-klloss3 0.05 Loss3: 0.043369635939598083 clean_ce: 0.21714776754379272, adv_ce: 1.325930118560791, adv_margin: 0.6313755512237549, clean_gate: 0.5126249194145203, teacher_margin: 0.7112579345703125, teacher_margin_gate: 0.6151889562606812, teacher_clean_gate: 1.0, teacher_adv_gate: 1.0, tm_grad_cos: 1.0, tm_scale: 1.0, tm_ps_scale: 1.0
2026-09-17 19:42:16.955 | INFO     | __main__:<module>:870 - TRAIN_EPOCH_RESOURCE epoch=89 seconds=182.3908148407936 peak_allocated_bytes=7557683200
2026-09-17 19:42:16.955 | INFO     | __main__:<module>:477 - METHOD epoch=90 views=1 awp_gamma=0.0 consistency_weight=0.0
2026-09-17 19:42:16.955 | INFO     | __main__:<module>:480 - the 90th epoch 
2026-09-17 19:42:17.465 | INFO     | __main__:<module>:867 - lr:0.1 weight_nat: 0.24289757425383296, nat_loss: 0.014078186824917793, weight_adv: 0.7571024257461669, adv_loss: 0.03365403786301613 weight-klloss3 0.05 Loss3: 0.03806048631668091 clean_ce: 0.20083753764629364, adv_ce: 1.3207560777664185, adv_margin: 0.6227148175239563, clean_gate: 0.5183165669441223, teacher_margin: 0.699367880821228, teacher_margin_gate: 0.6181449890136719, teacher_clean_gate: 1.0, teacher_adv_gate: 1.0, tm_grad_cos: 1.0, tm_scale: 1.0, tm_ps_scale: 1.0
2026-09-17 19:43:04.089 | INFO     | __main__:<module>:867 - lr:0.1 weight_nat: 0.24124596430973394, nat_loss: 0.014440945349633694, weight_adv: 0.758754035690266, adv_loss: 0.02676711417734623 weight-klloss3 0.05 Loss3: 0.03685586899518967 clean_ce: 0.19268393516540527, adv_ce: 1.1056660413742065, adv_margin: 0.385744571685791, clean_gate: 0.5554840564727783, teacher_margin: 0.6336801648139954, teacher_margin_gate: 0.6572290658950806, teacher_clean_gate: 1.0, teacher_adv_gate: 1.0, tm_grad_cos: 1.0, tm_scale: 1.0, tm_ps_scale: 1.0
2026-09-17 19:43:50.679 | INFO     | __main__:<module>:867 - lr:0.1 weight_nat: 0.2442294862891599, nat_loss: 0.01843870058655739, weight_adv: 0.75577051371084, adv_loss: 0.03125312551856041 weight-klloss3 0.05 Loss3: 0.04075491428375244 clean_ce: 0.1943180114030838, adv_ce: 1.4051016569137573, adv_margin: 0.699773907661438, clean_gate: 0.5021731853485107, teacher_margin: 0.7033109664916992, teacher_margin_gate: 0.6047214865684509, teacher_clean_gate: 1.0, teacher_adv_gate: 1.0, tm_grad_cos: 1.0, tm_scale: 1.0, tm_ps_scale: 1.0
2026-09-17 19:44:37.270 | INFO     | __main__:<module>:867 - lr:0.1 weight_nat: 0.24250956058584122, nat_loss: 0.017054513096809387, weight_adv: 0.7574904394141587, adv_loss: 0.03352385759353638 weight-klloss3 0.05 Loss3: 0.04284924268722534 clean_ce: 0.21137341856956482, adv_ce: 1.3561040163040161, adv_margin: 0.6349291801452637, clean_gate: 0.5060198903083801, teacher_margin: 0.7395957708358765, teacher_margin_gate: 0.6074409484863281, teacher_clean_gate: 1.0, teacher_adv_gate: 1.0, tm_grad_cos: 1.0, tm_scale: 1.0, tm_ps_scale: 1.0
2026-09-17 19:45:19.192 | INFO     | __main__:<module>:870 - TRAIN_EPOCH_RESOURCE epoch=90 seconds=182.2364591062069 peak_allocated_bytes=7557683200
2026-09-17 19:45:52.157 | INFO     | __main__:<module>:927 - student robust acc 0.5065, teacher robust acc 0.6780, nat teacher robust acc 0.4719
2026-09-17 19:45:58.728 | INFO     | __main__:<module>:998 - best accuracy:0.6862999999999999
2026-09-17 19:45:58.728 | INFO     | __main__:<module>:1001 - student natural acc 0.8661, adv teacher natural acc 0.8673, nat teacher natural acc 0.9318
2026-09-17 19:45:58.730 | INFO     | __main__:<module>:477 - METHOD epoch=91 views=1 awp_gamma=0.0 consistency_weight=0.0
2026-09-17 19:45:58.730 | INFO     | __main__:<module>:480 - the 91th epoch 
2026-09-17 19:45:59.220 | INFO     | __main__:<module>:867 - lr:0.1 weight_nat: 0.24641126146215897, nat_loss: 0.017258798703551292, weight_adv: 0.753588738537841, adv_loss: 0.036714449524879456 weight-klloss3 0.05 Loss3: 0.03427043557167053 clean_ce: 0.21273082494735718, adv_ce: 1.3300292491912842, adv_margin: 0.6395289897918701, clean_gate: 0.5109522342681885, teacher_margin: 0.826193630695343, teacher_margin_gate: 0.6403378248214722, teacher_clean_gate: 1.0, teacher_adv_gate: 1.0, tm_grad_cos: 1.0, tm_scale: 1.0, tm_ps_scale: 1.0
2026-09-17 19:46:45.714 | INFO     | __main__:<module>:867 - lr:0.1 weight_nat: 0.2418469509273984, nat_loss: 0.018173066899180412, weight_adv: 0.7581530490726017, adv_loss: 0.031183652579784393 weight-klloss3 0.05 Loss3: 0.0367489829659462 clean_ce: 0.206534743309021, adv_ce: 1.2097598314285278, adv_margin: 0.5197874903678894, clean_gate: 0.533165454864502, teacher_margin: 0.7465726137161255, teacher_margin_gate: 0.6535804271697998, teacher_clean_gate: 1.0, teacher_adv_gate: 1.0, tm_grad_cos: 1.0, tm_scale: 1.0, tm_ps_scale: 1.0
2026-09-17 19:47:32.230 | INFO     | __main__:<module>:867 - lr:0.1 weight_nat: 0.272404322499719, nat_loss: 0.01982908509671688, weight_adv: 0.727595677500281, adv_loss: 0.037093229591846466 weight-klloss3 0.05 Loss3: 0.0337395966053009 clean_ce: 0.20647524297237396, adv_ce: 1.4708001613616943, adv_margin: 0.7429925203323364, clean_gate: 0.4814293086528778, teacher_margin: 0.8501691222190857, teacher_margin_gate: 0.6063821315765381, teacher_clean_gate: 1.0, teacher_adv_gate: 1.0, tm_grad_cos: 1.0, tm_scale: 1.0, tm_ps_scale: 1.0
2026-09-17 19:48:18.675 | INFO     | __main__:<module>:867 - lr:0.1 weight_nat: 0.265996127174974, nat_loss: 0.018668144941329956, weight_adv: 0.7340038728250261, adv_loss: 0.03480442985892296 weight-klloss3 0.05 Loss3: 0.038977041840553284 clean_ce: 0.1960444450378418, adv_ce: 1.303041696548462, adv_margin: 0.6436792612075806, clean_gate: 0.5209218263626099, teacher_margin: 0.7705612182617188, teacher_margin_gate: 0.6343904733657837, teacher_clean_gate: 1.0, teacher_adv_gate: 1.0, tm_grad_cos: 1.0, tm_scale: 1.0, tm_ps_scale: 1.0
2026-09-17 19:49:00.640 | INFO     | __main__:<module>:870 - TRAIN_EPOCH_RESOURCE epoch=91 seconds=181.91002290695906 peak_allocated_bytes=7563827200
2026-09-17 19:49:00.641 | INFO     | __main__:<module>:477 - METHOD epoch=92 views=1 awp_gamma=0.0 consistency_weight=0.0
2026-09-17 19:49:00.641 | INFO     | __main__:<module>:480 - the 92th epoch 
2026-09-17 19:49:01.151 | INFO     | __main__:<module>:867 - lr:0.1 weight_nat: 0.2614287219617337, nat_loss: 0.017474206164479256, weight_adv: 0.7385712780382663, adv_loss: 0.03619200736284256 weight-klloss3 0.05 Loss3: 0.03809640556573868 clean_ce: 0.195688396692276, adv_ce: 1.3696539402008057, adv_margin: 0.7403229475021362, clean_gate: 0.5094153881072998, teacher_margin: 0.7786391973495483, teacher_margin_gate: 0.6325480937957764, teacher_clean_gate: 1.0, teacher_adv_gate: 1.0, tm_grad_cos: 1.0, tm_scale: 1.0, tm_ps_scale: 1.0
2026-09-17 19:49:48.107 | INFO     | __main__:<module>:867 - lr:0.1 weight_nat: 0.2560404815462358, nat_loss: 0.01966833882033825, weight_adv: 0.7439595184537643, adv_loss: 0.03496399149298668 weight-klloss3 0.05 Loss3: 0.04616580903530121 clean_ce: 0.1974995881319046, adv_ce: 1.4407750368118286, adv_margin: 0.7585991621017456, clean_gate: 0.48498764634132385, teacher_margin: 0.8421128392219543, teacher_margin_gate: 0.609959602355957, teacher_clean_gate: 1.0, teacher_adv_gate: 1.0, tm_grad_cos: 1.0, tm_scale: 1.0, tm_ps_scale: 1.0
2026-09-17 19:50:34.827 | INFO     | __main__:<module>:867 - lr:0.1 weight_nat: 0.25470002468391806, nat_loss: 0.01562289334833622, weight_adv: 0.745299975316082, adv_loss: 0.025987792760133743 weight-klloss3 0.05 Loss3: 0.03761344030499458 clean_ce: 0.20445525646209717, adv_ce: 1.159271478652954, adv_margin: 0.5379949808120728, clean_gate: 0.5513002276420593, teacher_margin: 0.6023432016372681, teacher_margin_gate: 0.6553114056587219, teacher_clean_gate: 1.0, teacher_adv_gate: 1.0, tm_grad_cos: 1.0, tm_scale: 1.0, tm_ps_scale: 1.0
2026-09-17 19:51:21.415 | INFO     | __main__:<module>:867 - lr:0.1 weight_nat: 0.250568502661385, nat_loss: 0.026132857427001, weight_adv: 0.749431497338615, adv_loss: 0.03318984434008598 weight-klloss3 0.05 Loss3: 0.03613227978348732 clean_ce: 0.24715842306613922, adv_ce: 1.3526933193206787, adv_margin: 0.6374592781066895, clean_gate: 0.5082943439483643, teacher_margin: 0.7529972791671753, teacher_margin_gate: 0.6200915575027466, teacher_clean_gate: 1.0, teacher_adv_gate: 1.0, tm_grad_cos: 1.0, tm_scale: 1.0, tm_ps_scale: 1.0
2026-09-17 19:52:03.508 | INFO     | __main__:<module>:870 - TRAIN_EPOCH_RESOURCE epoch=92 seconds=182.8675055988133 peak_allocated_bytes=7563827200
2026-09-17 19:52:03.509 | INFO     | __main__:<module>:477 - METHOD epoch=93 views=1 awp_gamma=0.0 consistency_weight=0.0
2026-09-17 19:52:03.509 | INFO     | __main__:<module>:480 - the 93th epoch 
2026-09-17 19:52:04.041 | INFO     | __main__:<module>:867 - lr:0.1 weight_nat: 0.25338357550777824, nat_loss: 0.023332322016358376, weight_adv: 0.7466164244922218, adv_loss: 0.03074466809630394 weight-klloss3 0.05 Loss3: 0.03015388734638691 clean_ce: 0.2113773226737976, adv_ce: 1.3799424171447754, adv_margin: 0.6896190643310547, clean_gate: 0.4985255300998688, teacher_margin: 0.7004980444908142, teacher_margin_gate: 0.5942137241363525, teacher_clean_gate: 1.0, teacher_adv_gate: 1.0, tm_grad_cos: 1.0, tm_scale: 1.0, tm_ps_scale: 1.0
2026-09-17 19:52:50.693 | INFO     | __main__:<module>:867 - lr:0.1 weight_nat: 0.24740842405207494, nat_loss: 0.019024625420570374, weight_adv: 0.7525915759479251, adv_loss: 0.03259890526533127 weight-klloss3 0.05 Loss3: 0.032725051045417786 clean_ce: 0.20049883425235748, adv_ce: 1.2497960329055786, adv_margin: 0.5992134809494019, clean_gate: 0.523627758026123, teacher_margin: 0.7508494257926941, teacher_margin_gate: 0.6384789943695068, teacher_clean_gate: 1.0, teacher_adv_gate: 1.0, tm_grad_cos: 1.0, tm_scale: 1.0, tm_ps_scale: 1.0
2026-09-17 19:53:37.070 | INFO     | __main__:<module>:867 - lr:0.1 weight_nat: 0.24386087884174254, nat_loss: 0.015095449052751064, weight_adv: 0.7561391211582574, adv_loss: 0.0335269570350647 weight-klloss3 0.05 Loss3: 0.031059257686138153 clean_ce: 0.2027987837791443, adv_ce: 1.2897850275039673, adv_margin: 0.5795223116874695, clean_gate: 0.5109065175056458, teacher_margin: 0.842840313911438, teacher_margin_gate: 0.6414348483085632, teacher_clean_gate: 1.0, teacher_adv_gate: 1.0, tm_grad_cos: 1.0, tm_scale: 1.0, tm_ps_scale: 1.0
2026-09-17 19:54:23.737 | INFO     | __main__:<module>:867 - lr:0.1 weight_nat: 0.2497241736148476, nat_loss: 0.02403850294649601, weight_adv: 0.7502758263851524, adv_loss: 0.03935430943965912 weight-klloss3 0.05 Loss3: 0.037699345499277115 clean_ce: 0.22010596096515656, adv_ce: 1.3851497173309326, adv_margin: 0.7073771953582764, clean_gate: 0.5051056146621704, teacher_margin: 0.8511321544647217, teacher_margin_gate: 0.6342261433601379, teacher_clean_gate: 1.0, teacher_adv_gate: 1.0, tm_grad_cos: 1.0, tm_scale: 1.0, tm_ps_scale: 1.0
2026-09-17 19:55:05.566 | INFO     | __main__:<module>:870 - TRAIN_EPOCH_RESOURCE epoch=93 seconds=182.05726623162627 peak_allocated_bytes=7563827200
2026-09-17 19:55:05.567 | INFO     | __main__:<module>:477 - METHOD epoch=94 views=1 awp_gamma=0.0 consistency_weight=0.0
2026-09-17 19:55:05.567 | INFO     | __main__:<module>:480 - the 94th epoch 
2026-09-17 19:55:06.074 | INFO     | __main__:<module>:867 - lr:0.1 weight_nat: 0.24849777717237595, nat_loss: 0.01554977148771286, weight_adv: 0.751502222827624, adv_loss: 0.028036542236804962 weight-klloss3 0.05 Loss3: 0.03403591364622116 clean_ce: 0.20475025475025177, adv_ce: 1.2093676328659058, adv_margin: 0.48017922043800354, clean_gate: 0.5355408191680908, teacher_margin: 0.6525702476501465, teacher_margin_gate: 0.6244384050369263, teacher_clean_gate: 1.0, teacher_adv_gate: 1.0, tm_grad_cos: 1.0, tm_scale: 1.0, tm_ps_scale: 1.0
2026-09-17 19:55:52.834 | INFO     | __main__:<module>:867 - lr:0.1 weight_nat: 0.24725544456915152, nat_loss: 0.019063571467995644, weight_adv: 0.7527445554308486, adv_loss: 0.0308358334004879 weight-klloss3 0.05 Loss3: 0.039039019495248795 clean_ce: 0.20398789644241333, adv_ce: 1.271471381187439, adv_margin: 0.6077723503112793, clean_gate: 0.520808219909668, teacher_margin: 0.6853225827217102, teacher_margin_gate: 0.6218788623809814, teacher_clean_gate: 1.0, teacher_adv_gate: 1.0, tm_grad_cos: 1.0, tm_scale: 1.0, tm_ps_scale: 1.0
2026-09-17 19:56:39.649 | INFO     | __main__:<module>:867 - lr:0.1 weight_nat: 0.24314613956686257, nat_loss: 0.015862448140978813, weight_adv: 0.7568538604331376, adv_loss: 0.029860522598028183 weight-klloss3 0.05 Loss3: 0.032879941165447235 clean_ce: 0.21668016910552979, adv_ce: 1.3992217779159546, adv_margin: 0.699076771736145, clean_gate: 0.5055345296859741, teacher_margin: 0.7108885049819946, teacher_margin_gate: 0.5966747403144836, teacher_clean_gate: 1.0, teacher_adv_gate: 1.0, tm_grad_cos: 1.0, tm_scale: 1.0, tm_ps_scale: 1.0
2026-09-17 19:57:26.480 | INFO     | __main__:<module>:867 - lr:0.1 weight_nat: 0.2417368213330522, nat_loss: 0.017675651237368584, weight_adv: 0.7582631786669479, adv_loss: 0.042244940996170044 weight-klloss3 0.05 Loss3: 0.04038413614034653 clean_ce: 0.20722799003124237, adv_ce: 1.4717878103256226, adv_margin: 0.7504549026489258, clean_gate: 0.47798991203308105, teacher_margin: 0.8933308720588684, teacher_margin_gate: 0.6159101724624634, teacher_clean_gate: 1.0, teacher_adv_gate: 1.0, tm_grad_cos: 1.0, tm_scale: 1.0, tm_ps_scale: 1.0
2026-09-17 19:58:08.344 | INFO     | __main__:<module>:870 - TRAIN_EPOCH_RESOURCE epoch=94 seconds=182.77696626260877 peak_allocated_bytes=7563827200
2026-09-17 19:58:08.344 | INFO     | __main__:<module>:477 - METHOD epoch=95 views=1 awp_gamma=0.0 consistency_weight=0.0
2026-09-17 19:58:08.344 | INFO     | __main__:<module>:480 - the 95th epoch 
2026-09-17 19:58:08.851 | INFO     | __main__:<module>:867 - lr:0.1 weight_nat: 0.2394236566256873, nat_loss: 0.01590150222182274, weight_adv: 0.7605763433743127, adv_loss: 0.02875497192144394 weight-klloss3 0.05 Loss3: 0.03979342430830002 clean_ce: 0.19931891560554504, adv_ce: 1.3100945949554443, adv_margin: 0.6267027854919434, clean_gate: 0.5142146348953247, teacher_margin: 0.6367843151092529, teacher_margin_gate: 0.5871791839599609, teacher_clean_gate: 1.0, teacher_adv_gate: 1.0, tm_grad_cos: 1.0, tm_scale: 1.0, tm_ps_scale: 1.0
2026-09-17 19:58:55.422 | INFO     | __main__:<module>:867 - lr:0.1 weight_nat: 0.2384816770684352, nat_loss: 0.01713346503674984, weight_adv: 0.7615183229315647, adv_loss: 0.030907263979315758 weight-klloss3 0.05 Loss3: 0.039109524339437485 clean_ce: 0.20713618397712708, adv_ce: 1.4751191139221191, adv_margin: 0.7838724851608276, clean_gate: 0.48965364694595337, teacher_margin: 0.6796534061431885, teacher_margin_gate: 0.5562682151794434, teacher_clean_gate: 1.0, teacher_adv_gate: 1.0, tm_grad_cos: 1.0, tm_scale: 1.0, tm_ps_scale: 1.0
2026-09-17 19:59:41.910 | INFO     | __main__:<module>:867 - lr:0.1 weight_nat: 0.2682990206296787, nat_loss: 0.02123141475021839, weight_adv: 0.7317009793703213, adv_loss: 0.031181221827864647 weight-klloss3 0.05 Loss3: 0.039161428809165955 clean_ce: 0.20372530817985535, adv_ce: 1.3407343626022339, adv_margin: 0.6988165378570557, clean_gate: 0.5120512247085571, teacher_margin: 0.7000230550765991, teacher_margin_gate: 0.6157286167144775, teacher_clean_gate: 1.0, teacher_adv_gate: 1.0, tm_grad_cos: 1.0, tm_scale: 1.0, tm_ps_scale: 1.0
2026-09-17 20:00:28.481 | INFO     | __main__:<module>:867 - lr:0.1 weight_nat: 0.25434665343872126, nat_loss: 0.015687838196754456, weight_adv: 0.7456533465612788, adv_loss: 0.0323038212954998 weight-klloss3 0.05 Loss3: 0.03843184933066368 clean_ce: 0.20450782775878906, adv_ce: 1.3112819194793701, adv_margin: 0.6768366694450378, clean_gate: 0.5202534198760986, teacher_margin: 0.6965161561965942, teacher_margin_gate: 0.6320849657058716, teacher_clean_gate: 1.0, teacher_adv_gate: 1.0, tm_grad_cos: 1.0, tm_scale: 1.0, tm_ps_scale: 1.0
2026-09-17 20:01:10.415 | INFO     | __main__:<module>:870 - TRAIN_EPOCH_RESOURCE epoch=95 seconds=182.07028925791383 peak_allocated_bytes=7563827200
2026-09-17 20:01:10.415 | INFO     | __main__:<module>:477 - METHOD epoch=96 views=1 awp_gamma=0.0 consistency_weight=0.0
2026-09-17 20:01:10.415 | INFO     | __main__:<module>:480 - the 96th epoch 
2026-09-17 20:01:10.927 | INFO     | __main__:<module>:867 - lr:0.1 weight_nat: 0.2480059560789993, nat_loss: 0.015074029564857483, weight_adv: 0.7519940439210009, adv_loss: 0.040659159421920776 weight-klloss3 0.05 Loss3: 0.04769182950258255 clean_ce: 0.1783035695552826, adv_ce: 1.600265622138977, adv_margin: 1.0091495513916016, clean_gate: 0.4685518443584442, teacher_margin: 0.7968807220458984, teacher_margin_gate: 0.5839910507202148, teacher_clean_gate: 1.0, teacher_adv_gate: 1.0, tm_grad_cos: 1.0, tm_scale: 1.0, tm_ps_scale: 1.0
2026-09-17 20:01:57.603 | INFO     | __main__:<module>:867 - lr:0.1 weight_nat: 0.2455662714265448, nat_loss: 0.015671657398343086, weight_adv: 0.7544337285734551, adv_loss: 0.03531734645366669 weight-klloss3 0.05 Loss3: 0.04684353619813919 clean_ce: 0.19085875153541565, adv_ce: 1.3137588500976562, adv_margin: 0.6447336673736572, clean_gate: 0.509721040725708, teacher_margin: 0.8030534982681274, teacher_margin_gate: 0.6452151536941528, teacher_clean_gate: 1.0, teacher_adv_gate: 1.0, tm_grad_cos: 1.0, tm_scale: 1.0, tm_ps_scale: 1.0
2026-09-17 20:02:44.196 | INFO     | __main__:<module>:867 - lr:0.1 weight_nat: 0.24742820952887795, nat_loss: 0.017424358054995537, weight_adv: 0.7525717904711222, adv_loss: 0.02606520801782608 weight-klloss3 0.05 Loss3: 0.03841780498623848 clean_ce: 0.21061237156391144, adv_ce: 1.262318730354309, adv_margin: 0.5514205694198608, clean_gate: 0.5341410636901855, teacher_margin: 0.597809910774231, teacher_margin_gate: 0.601219654083252, teacher_clean_gate: 1.0, teacher_adv_gate: 1.0, tm_grad_cos: 1.0, tm_scale: 1.0, tm_ps_scale: 1.0
2026-09-17 20:03:30.949 | INFO     | __main__:<module>:867 - lr:0.1 weight_nat: 0.24907379434489468, nat_loss: 0.017617693170905113, weight_adv: 0.7509262056551055, adv_loss: 0.03186246007680893 weight-klloss3 0.05 Loss3: 0.03205674886703491 clean_ce: 0.19646503031253815, adv_ce: 1.2760422229766846, adv_margin: 0.6277961134910583, clean_gate: 0.5282431244850159, teacher_margin: 0.7460677623748779, teacher_margin_gate: 0.6597104668617249, teacher_clean_gate: 1.0, teacher_adv_gate: 1.0, tm_grad_cos: 1.0, tm_scale: 1.0, tm_ps_scale: 1.0
2026-09-17 20:04:12.958 | INFO     | __main__:<module>:870 - TRAIN_EPOCH_RESOURCE epoch=96 seconds=182.54260255396366 peak_allocated_bytes=7563827200
2026-09-17 20:04:12.959 | INFO     | __main__:<module>:477 - METHOD epoch=97 views=1 awp_gamma=0.0 consistency_weight=0.0
2026-09-17 20:04:12.959 | INFO     | __main__:<module>:480 - the 97th epoch 
2026-09-17 20:04:13.465 | INFO     | __main__:<module>:867 - lr:0.1 weight_nat: 0.2397030032787559, nat_loss: 0.025826245546340942, weight_adv: 0.7602969967212442, adv_loss: 0.03121407888829708 weight-klloss3 0.05 Loss3: 0.034052588045597076 clean_ce: 0.22915905714035034, adv_ce: 1.2136021852493286, adv_margin: 0.5303796529769897, clean_gate: 0.5373251438140869, teacher_margin: 0.7078021764755249, teacher_margin_gate: 0.6359683275222778, teacher_clean_gate: 1.0, teacher_adv_gate: 1.0, tm_grad_cos: 1.0, tm_scale: 1.0, tm_ps_scale: 1.0
2026-09-17 20:04:59.924 | INFO     | __main__:<module>:867 - lr:0.1 weight_nat: 0.24118610757535847, nat_loss: 0.015565303154289722, weight_adv: 0.7588138924246416, adv_loss: 0.02643056958913803 weight-klloss3 0.05 Loss3: 0.040939055383205414 clean_ce: 0.1997915804386139, adv_ce: 1.192772388458252, adv_margin: 0.5570850372314453, clean_gate: 0.5447586178779602, teacher_margin: 0.6153557300567627, teacher_margin_gate: 0.6315997838973999, teacher_clean_gate: 1.0, teacher_adv_gate: 1.0, tm_grad_cos: 1.0, tm_scale: 1.0, tm_ps_scale: 1.0
2026-09-17 20:05:46.605 | INFO     | __main__:<module>:867 - lr:0.1 weight_nat: 0.2508972948582783, nat_loss: 0.01707862876355648, weight_adv: 0.7491027051417218, adv_loss: 0.033752623945474625 weight-klloss3 0.05 Loss3: 0.04814567416906357 clean_ce: 0.20605826377868652, adv_ce: 1.3907939195632935, adv_margin: 0.6899766325950623, clean_gate: 0.5129523277282715, teacher_margin: 0.7237952947616577, teacher_margin_gate: 0.6320844888687134, teacher_clean_gate: 1.0, teacher_adv_gate: 1.0, tm_grad_cos: 1.0, tm_scale: 1.0, tm_ps_scale: 1.0
2026-09-17 20:06:33.212 | INFO     | __main__:<module>:867 - lr:0.1 weight_nat: 0.24574150199159883, nat_loss: 0.02019849419593811, weight_adv: 0.7542584980084012, adv_loss: 0.03188092261552811 weight-klloss3 0.05 Loss3: 0.03734194487333298 clean_ce: 0.20059818029403687, adv_ce: 1.3658690452575684, adv_margin: 0.6499230861663818, clean_gate: 0.5049513578414917, teacher_margin: 0.7163814306259155, teacher_margin_gate: 0.5874754190444946, teacher_clean_gate: 1.0, teacher_adv_gate: 1.0, tm_grad_cos: 1.0, tm_scale: 1.0, tm_ps_scale: 1.0
2026-09-17 20:07:14.996 | INFO     | __main__:<module>:870 - TRAIN_EPOCH_RESOURCE epoch=97 seconds=182.03723377734423 peak_allocated_bytes=7563827200
2026-09-17 20:07:14.997 | INFO     | __main__:<module>:477 - METHOD epoch=98 views=1 awp_gamma=0.0 consistency_weight=0.0
2026-09-17 20:07:14.997 | INFO     | __main__:<module>:480 - the 98th epoch 
2026-09-17 20:07:15.509 | INFO     | __main__:<module>:867 - lr:0.1 weight_nat: 0.24610980109841715, nat_loss: 0.01788748800754547, weight_adv: 0.7538901989015827, adv_loss: 0.02862611785531044 weight-klloss3 0.05 Loss3: 0.03330279141664505 clean_ce: 0.20267438888549805, adv_ce: 1.2556780576705933, adv_margin: 0.5980419516563416, clean_gate: 0.5357273817062378, teacher_margin: 0.6630464792251587, teacher_margin_gate: 0.6431379318237305, teacher_clean_gate: 1.0, teacher_adv_gate: 1.0, tm_grad_cos: 1.0, tm_scale: 1.0, tm_ps_scale: 1.0
2026-09-17 20:08:02.381 | INFO     | __main__:<module>:867 - lr:0.1 weight_nat: 0.2399623775945377, nat_loss: 0.014278620481491089, weight_adv: 0.7600376224054622, adv_loss: 0.032797545194625854 weight-klloss3 0.05 Loss3: 0.04307936877012253 clean_ce: 0.1869518756866455, adv_ce: 1.342620611190796, adv_margin: 0.643600344657898, clean_gate: 0.5160610675811768, teacher_margin: 0.7082833647727966, teacher_margin_gate: 0.6269248723983765, teacher_clean_gate: 1.0, teacher_adv_gate: 1.0, tm_grad_cos: 1.0, tm_scale: 1.0, tm_ps_scale: 1.0
2026-09-17 20:08:49.023 | INFO     | __main__:<module>:867 - lr:0.1 weight_nat: 0.2348736742001066, nat_loss: 0.015825947746634483, weight_adv: 0.7651263257998936, adv_loss: 0.03438364714384079 weight-klloss3 0.05 Loss3: 0.03656928986310959 clean_ce: 0.180947408080101, adv_ce: 1.4679428339004517, adv_margin: 0.8321654796600342, clean_gate: 0.4924663007259369, teacher_margin: 0.704608142375946, teacher_margin_gate: 0.5930641889572144, teacher_clean_gate: 1.0, teacher_adv_gate: 1.0, tm_grad_cos: 1.0, tm_scale: 1.0, tm_ps_scale: 1.0
2026-09-17 20:09:36.133 | INFO     | __main__:<module>:867 - lr:0.1 weight_nat: 0.24460482829595379, nat_loss: 0.015682457014918327, weight_adv: 0.7553951717040462, adv_loss: 0.03328081592917442 weight-klloss3 0.05 Loss3: 0.03473455831408501 clean_ce: 0.20362797379493713, adv_ce: 1.3640944957733154, adv_margin: 0.6854976415634155, clean_gate: 0.4967525005340576, teacher_margin: 0.752680778503418, teacher_margin_gate: 0.6018526554107666, teacher_clean_gate: 1.0, teacher_adv_gate: 1.0, tm_grad_cos: 1.0, tm_scale: 1.0, tm_ps_scale: 1.0
2026-09-17 20:10:17.973 | INFO     | __main__:<module>:870 - TRAIN_EPOCH_RESOURCE epoch=98 seconds=182.9758344963193 peak_allocated_bytes=7563827200
2026-09-17 20:10:17.973 | INFO     | __main__:<module>:477 - METHOD epoch=99 views=1 awp_gamma=0.0 consistency_weight=0.0
2026-09-17 20:10:17.973 | INFO     | __main__:<module>:480 - the 99th epoch 
2026-09-17 20:10:18.481 | INFO     | __main__:<module>:867 - lr:0.1 weight_nat: 0.2535150579086907, nat_loss: 0.022468598559498787, weight_adv: 0.7464849420913093, adv_loss: 0.040111467242240906 weight-klloss3 0.05 Loss3: 0.041537780314683914 clean_ce: 0.2000064104795456, adv_ce: 1.4105819463729858, adv_margin: 0.7122644186019897, clean_gate: 0.4951757490634918, teacher_margin: 0.9250479936599731, teacher_margin_gate: 0.6435960531234741, teacher_clean_gate: 1.0, teacher_adv_gate: 1.0, tm_grad_cos: 1.0, tm_scale: 1.0, tm_ps_scale: 1.0
2026-09-17 20:11:05.080 | INFO     | __main__:<module>:867 - lr:0.1 weight_nat: 0.2455920595235316, nat_loss: 0.01412022765725851, weight_adv: 0.7544079404764684, adv_loss: 0.027536481618881226 weight-klloss3 0.05 Loss3: 0.04434557259082794 clean_ce: 0.17666634917259216, adv_ce: 1.1917012929916382, adv_margin: 0.546572208404541, clean_gate: 0.5430458188056946, teacher_margin: 0.68044513463974, teacher_margin_gate: 0.6425268650054932, teacher_clean_gate: 1.0, teacher_adv_gate: 1.0, tm_grad_cos: 1.0, tm_scale: 1.0, tm_ps_scale: 1.0
2026-09-17 20:11:51.622 | INFO     | __main__:<module>:867 - lr:0.1 weight_nat: 0.24314305718404264, nat_loss: 0.01258022803813219, weight_adv: 0.7568569428159574, adv_loss: 0.028173282742500305 weight-klloss3 0.05 Loss3: 0.04265285283327103 clean_ce: 0.18763911724090576, adv_ce: 1.1087630987167358, adv_margin: 0.43908533453941345, clean_gate: 0.553629457950592, teacher_margin: 0.7091898918151855, teacher_margin_gate: 0.6804478764533997, teacher_clean_gate: 1.0, teacher_adv_gate: 1.0, tm_grad_cos: 1.0, tm_scale: 1.0, tm_ps_scale: 1.0
2026-09-17 20:12:38.197 | INFO     | __main__:<module>:867 - lr:0.1 weight_nat: 0.2507725073654367, nat_loss: 0.02124970220029354, weight_adv: 0.7492274926345633, adv_loss: 0.03231518715620041 weight-klloss3 0.05 Loss3: 0.05253908783197403 clean_ce: 0.22744567692279816, adv_ce: 1.3697394132614136, adv_margin: 0.6842793226242065, clean_gate: 0.507590651512146, teacher_margin: 0.7621310949325562, teacher_margin_gate: 0.6275154948234558, teacher_clean_gate: 1.0, teacher_adv_gate: 1.0, tm_grad_cos: 1.0, tm_scale: 1.0, tm_ps_scale: 1.0
2026-09-17 20:13:19.992 | INFO     | __main__:<module>:870 - TRAIN_EPOCH_RESOURCE epoch=99 seconds=182.01840844005346 peak_allocated_bytes=7563827200
2026-09-17 20:13:19.994 | INFO     | __main__:<module>:477 - METHOD epoch=100 views=1 awp_gamma=0.0 consistency_weight=0.0
2026-09-17 20:13:19.994 | INFO     | __main__:<module>:480 - the 100th epoch 
2026-09-17 20:13:20.499 | INFO     | __main__:<module>:867 - lr:0.1 weight_nat: 0.24185945743205106, nat_loss: 0.021777158603072166, weight_adv: 0.7581405425679488, adv_loss: 0.032224878668785095 weight-klloss3 0.05 Loss3: 0.0465242825448513 clean_ce: 0.1880810558795929, adv_ce: 1.3815680742263794, adv_margin: 0.705769419670105, clean_gate: 0.4990645945072174, teacher_margin: 0.7056671380996704, teacher_margin_gate: 0.5904412269592285, teacher_clean_gate: 1.0, teacher_adv_gate: 1.0, tm_grad_cos: 1.0, tm_scale: 1.0, tm_ps_scale: 1.0
2026-09-17 20:14:07.108 | INFO     | __main__:<module>:867 - lr:0.1 weight_nat: 0.25018626687547874, nat_loss: 0.019075552001595497, weight_adv: 0.7498137331245213, adv_loss: 0.03226267546415329 weight-klloss3 0.05 Loss3: 0.04314899072051048 clean_ce: 0.19370228052139282, adv_ce: 1.3323805332183838, adv_margin: 0.6670354604721069, clean_gate: 0.5162385106086731, teacher_margin: 0.7447322010993958, teacher_margin_gate: 0.6303327083587646, teacher_clean_gate: 1.0, teacher_adv_gate: 1.0, tm_grad_cos: 1.0, tm_scale: 1.0, tm_ps_scale: 1.0
2026-09-17 20:14:53.704 | INFO     | __main__:<module>:867 - lr:0.1 weight_nat: 0.24320750395877608, nat_loss: 0.01633453741669655, weight_adv: 0.756792496041224, adv_loss: 0.03809443488717079 weight-klloss3 0.05 Loss3: 0.05119391530752182 clean_ce: 0.1697908490896225, adv_ce: 1.4464131593704224, adv_margin: 0.8385181427001953, clean_gate: 0.48693275451660156, teacher_margin: 0.8473982810974121, teacher_margin_gate: 0.6305426359176636, teacher_clean_gate: 1.0, teacher_adv_gate: 1.0, tm_grad_cos: 1.0, tm_scale: 1.0, tm_ps_scale: 1.0
2026-09-17 20:15:40.263 | INFO     | __main__:<module>:867 - lr:0.1 weight_nat: 0.2403908857857555, nat_loss: 0.015716129913926125, weight_adv: 0.7596091142142445, adv_loss: 0.037509772926568985 weight-klloss3 0.05 Loss3: 0.05014357715845108 clean_ce: 0.20151758193969727, adv_ce: 1.5188194513320923, adv_margin: 0.8831013441085815, clean_gate: 0.484882652759552, teacher_margin: 0.8034283518791199, teacher_margin_gate: 0.6109999418258667, teacher_clean_gate: 1.0, teacher_adv_gate: 1.0, tm_grad_cos: 1.0, tm_scale: 1.0, tm_ps_scale: 1.0
2026-09-17 20:16:22.101 | INFO     | __main__:<module>:870 - TRAIN_EPOCH_RESOURCE epoch=100 seconds=182.10690439492464 peak_allocated_bytes=7563827200
2026-09-17 20:16:54.462 | INFO     | __main__:<module>:927 - student robust acc 0.5076, teacher robust acc 0.6806, nat teacher robust acc 0.4827
2026-09-17 20:17:02.136 | INFO     | __main__:<module>:998 - best accuracy:0.6876500000000001
2026-09-17 20:17:02.136 | INFO     | __main__:<module>:1001 - student natural acc 0.8677, adv teacher natural acc 0.8714, nat teacher natural acc 0.9318
2026-09-17 20:17:02.138 | INFO     | __main__:<module>:477 - METHOD epoch=101 views=1 awp_gamma=0.0 consistency_weight=0.0
2026-09-17 20:17:02.138 | INFO     | __main__:<module>:480 - the 101th epoch 
2026-09-17 20:17:02.647 | INFO     | __main__:<module>:867 - lr:0.1 weight_nat: 0.2402457742893614, nat_loss: 0.013247459195554256, weight_adv: 0.7597542257106387, adv_loss: 0.028451865538954735 weight-klloss3 0.05 Loss3: 0.04067995399236679 clean_ce: 0.2039451152086258, adv_ce: 1.252236008644104, adv_margin: 0.5565722584724426, clean_gate: 0.5287671089172363, teacher_margin: 0.6323555707931519, teacher_margin_gate: 0.6285099983215332, teacher_clean_gate: 1.0, teacher_adv_gate: 1.0, tm_grad_cos: 1.0, tm_scale: 1.0, tm_ps_scale: 1.0
2026-09-17 20:17:49.302 | INFO     | __main__:<module>:867 - lr:0.1 weight_nat: 0.24399089319814515, nat_loss: 0.014766543172299862, weight_adv: 0.756009106801855, adv_loss: 0.037547916173934937 weight-klloss3 0.05 Loss3: 0.029202230274677277 clean_ce: 0.1802544891834259, adv_ce: 1.4224295616149902, adv_margin: 0.8007935881614685, clean_gate: 0.5025097131729126, teacher_margin: 0.7860422134399414, teacher_margin_gate: 0.6120501756668091, teacher_clean_gate: 1.0, teacher_adv_gate: 1.0, tm_grad_cos: 1.0, tm_scale: 1.0, tm_ps_scale: 1.0
2026-09-17 20:18:35.915 | INFO     | __main__:<module>:867 - lr:0.1 weight_nat: 0.24097287101846368, nat_loss: 0.015322181396186352, weight_adv: 0.7590271289815362, adv_loss: 0.03381992131471634 weight-klloss3 0.05 Loss3: 0.0549931637942791 clean_ce: 0.18717394769191742, adv_ce: 1.3596056699752808, adv_margin: 0.7065842151641846, clean_gate: 0.5082107186317444, teacher_margin: 0.8122539520263672, teacher_margin_gate: 0.6390012502670288, teacher_clean_gate: 1.0, teacher_adv_gate: 1.0, tm_grad_cos: 1.0, tm_scale: 1.0, tm_ps_scale: 1.0
2026-09-17 20:19:22.592 | INFO     | __main__:<module>:867 - lr:0.1 weight_nat: 0.2424589015861227, nat_loss: 0.017575282603502274, weight_adv: 0.7575410984138773, adv_loss: 0.03436140716075897 weight-klloss3 0.05 Loss3: 0.03720029443502426 clean_ce: 0.20548295974731445, adv_ce: 1.433777928352356, adv_margin: 0.7349023222923279, clean_gate: 0.5011578798294067, teacher_margin: 0.7218747138977051, teacher_margin_gate: 0.6048370003700256, teacher_clean_gate: 1.0, teacher_adv_gate: 1.0, tm_grad_cos: 1.0, tm_scale: 1.0, tm_ps_scale: 1.0
2026-09-17 20:20:04.438 | INFO     | __main__:<module>:870 - TRAIN_EPOCH_RESOURCE epoch=101 seconds=182.2994642034173 peak_allocated_bytes=7557683200
2026-09-17 20:20:04.438 | INFO     | __main__:<module>:477 - METHOD epoch=102 views=1 awp_gamma=0.0 consistency_weight=0.0
2026-09-17 20:20:04.438 | INFO     | __main__:<module>:480 - the 102th epoch 
2026-09-17 20:20:04.945 | INFO     | __main__:<module>:867 - lr:0.1 weight_nat: 0.24138980775294053, nat_loss: 0.01575268618762493, weight_adv: 0.7586101922470595, adv_loss: 0.03322058916091919 weight-klloss3 0.05 Loss3: 0.0364740788936615 clean_ce: 0.18571603298187256, adv_ce: 1.3388983011245728, adv_margin: 0.6854663491249084, clean_gate: 0.5011317729949951, teacher_margin: 0.7854208946228027, teacher_margin_gate: 0.6112061738967896, teacher_clean_gate: 1.0, teacher_adv_gate: 1.0, tm_grad_cos: 1.0, tm_scale: 1.0, tm_ps_scale: 1.0
2026-09-17 20:20:51.526 | INFO     | __main__:<module>:867 - lr:0.1 weight_nat: 0.2337473959395025, nat_loss: 0.015606500208377838, weight_adv: 0.7662526040604976, adv_loss: 0.030300350859761238 weight-klloss3 0.05 Loss3: 0.04003897309303284 clean_ce: 0.19377420842647552, adv_ce: 1.2179404497146606, adv_margin: 0.5717570185661316, clean_gate: 0.5342613458633423, teacher_margin: 0.705391526222229, teacher_margin_gate: 0.6462469696998596, teacher_clean_gate: 1.0, teacher_adv_gate: 1.0, tm_grad_cos: 1.0, tm_scale: 1.0, tm_ps_scale: 1.0
2026-09-17 20:21:38.199 | INFO     | __main__:<module>:867 - lr:0.1 weight_nat: 0.2435288143006527, nat_loss: 0.026541221886873245, weight_adv: 0.7564711856993473, adv_loss: 0.03245527669787407 weight-klloss3 0.05 Loss3: 0.019161798059940338 clean_ce: 0.2393457144498825, adv_ce: 1.2575308084487915, adv_margin: 0.5915629863739014, clean_gate: 0.5250378847122192, teacher_margin: 0.6934494972229004, teacher_margin_gate: 0.6186367273330688, teacher_clean_gate: 1.0, teacher_adv_gate: 1.0, tm_grad_cos: 1.0, tm_scale: 1.0, tm_ps_scale: 1.0
2026-09-17 20:22:24.876 | INFO     | __main__:<module>:867 - lr:0.1 weight_nat: 0.23697208110143225, nat_loss: 0.01634345017373562, weight_adv: 0.7630279188985678, adv_loss: 0.03206767141819 weight-klloss3 0.05 Loss3: 0.045518431812524796 clean_ce: 0.21719783544540405, adv_ce: 1.324617862701416, adv_margin: 0.5836107730865479, clean_gate: 0.5190890431404114, teacher_margin: 0.7251942157745361, teacher_margin_gate: 0.6208879351615906, teacher_clean_gate: 1.0, teacher_adv_gate: 1.0, tm_grad_cos: 1.0, tm_scale: 1.0, tm_ps_scale: 1.0
2026-09-17 20:23:06.846 | INFO     | __main__:<module>:870 - TRAIN_EPOCH_RESOURCE epoch=102 seconds=182.40786908566952 peak_allocated_bytes=7557683200
2026-09-17 20:23:06.847 | INFO     | __main__:<module>:477 - METHOD epoch=103 views=1 awp_gamma=0.0 consistency_weight=0.0
2026-09-17 20:23:06.847 | INFO     | __main__:<module>:480 - the 103th epoch 
2026-09-17 20:23:07.355 | INFO     | __main__:<module>:867 - lr:0.1 weight_nat: 0.24315391305499992, nat_loss: 0.015375343151390553, weight_adv: 0.7568460869450001, adv_loss: 0.0496855229139328 weight-klloss3 0.05 Loss3: 0.045888740569353104 clean_ce: 0.16216064989566803, adv_ce: 1.6061102151870728, adv_margin: 1.0438902378082275, clean_gate: 0.47968539595603943, teacher_margin: 0.9568474292755127, teacher_margin_gate: 0.6447604894638062, teacher_clean_gate: 1.0, teacher_adv_gate: 1.0, tm_grad_cos: 1.0, tm_scale: 1.0, tm_ps_scale: 1.0
2026-09-17 20:23:54.093 | INFO     | __main__:<module>:867 - lr:0.1 weight_nat: 0.24209016128857846, nat_loss: 0.01935775950551033, weight_adv: 0.7579098387114215, adv_loss: 0.03201474994421005 weight-klloss3 0.05 Loss3: 0.03314860165119171 clean_ce: 0.20561832189559937, adv_ce: 1.3426328897476196, adv_margin: 0.7424999475479126, clean_gate: 0.5062913298606873, teacher_margin: 0.6862224340438843, teacher_margin_gate: 0.5920261144638062, teacher_clean_gate: 1.0, teacher_adv_gate: 1.0, tm_grad_cos: 1.0, tm_scale: 1.0, tm_ps_scale: 1.0
2026-09-17 20:24:40.960 | INFO     | __main__:<module>:867 - lr:0.1 weight_nat: 0.24543064457965133, nat_loss: 0.01711983047425747, weight_adv: 0.7545693554203486, adv_loss: 0.03037584200501442 weight-klloss3 0.05 Loss3: 0.038223206996917725 clean_ce: 0.193184494972229, adv_ce: 1.3997472524642944, adv_margin: 0.7387617230415344, clean_gate: 0.5018635988235474, teacher_margin: 0.6657780408859253, teacher_margin_gate: 0.5890206098556519, teacher_clean_gate: 1.0, teacher_adv_gate: 1.0, tm_grad_cos: 1.0, tm_scale: 1.0, tm_ps_scale: 1.0
2026-09-17 20:25:27.719 | INFO     | __main__:<module>:867 - lr:0.1 weight_nat: 0.24970529853731116, nat_loss: 0.02144298516213894, weight_adv: 0.750294701462689, adv_loss: 0.046162717044353485 weight-klloss3 0.05 Loss3: 0.047453731298446655 clean_ce: 0.18150180578231812, adv_ce: 1.4778094291687012, adv_margin: 0.7783503532409668, clean_gate: 0.4725431203842163, teacher_margin: 1.1019943952560425, teacher_margin_gate: 0.6661975383758545, teacher_clean_gate: 1.0, teacher_adv_gate: 1.0, tm_grad_cos: 1.0, tm_scale: 1.0, tm_ps_scale: 1.0
2026-09-17 20:26:09.766 | INFO     | __main__:<module>:870 - TRAIN_EPOCH_RESOURCE epoch=103 seconds=182.91901548206806 peak_allocated_bytes=7557683200
2026-09-17 20:26:09.768 | INFO     | __main__:<module>:477 - METHOD epoch=104 views=1 awp_gamma=0.0 consistency_weight=0.0
2026-09-17 20:26:09.768 | INFO     | __main__:<module>:480 - the 104th epoch 
2026-09-17 20:26:10.274 | INFO     | __main__:<module>:867 - lr:0.1 weight_nat: 0.2425845431483725, nat_loss: 0.023243343457579613, weight_adv: 0.7574154568516277, adv_loss: 0.032369788736104965 weight-klloss3 0.05 Loss3: 0.031116047874093056 clean_ce: 0.2132328450679779, adv_ce: 1.2659122943878174, adv_margin: 0.5729258060455322, clean_gate: 0.5200393199920654, teacher_margin: 0.7738574743270874, teacher_margin_gate: 0.6514284610748291, teacher_clean_gate: 1.0, teacher_adv_gate: 1.0, tm_grad_cos: 1.0, tm_scale: 1.0, tm_ps_scale: 1.0
2026-09-17 20:26:57.182 | INFO     | __main__:<module>:867 - lr:0.1 weight_nat: 0.23815387519902112, nat_loss: 0.013716663233935833, weight_adv: 0.761846124800979, adv_loss: 0.024276815354824066 weight-klloss3 0.05 Loss3: 0.03281271457672119 clean_ce: 0.20063400268554688, adv_ce: 1.1235520839691162, adv_margin: 0.4664580523967743, clean_gate: 0.5528282523155212, teacher_margin: 0.5715053081512451, teacher_margin_gate: 0.639548122882843, teacher_clean_gate: 1.0, teacher_adv_gate: 1.0, tm_grad_cos: 1.0, tm_scale: 1.0, tm_ps_scale: 1.0
2026-09-17 20:27:43.903 | INFO     | __main__:<module>:867 - lr:0.1 weight_nat: 0.237697854564198, nat_loss: 0.01442071795463562, weight_adv: 0.7623021454358021, adv_loss: 0.033509161323308945 weight-klloss3 0.05 Loss3: 0.05182129144668579 clean_ce: 0.1937401443719864, adv_ce: 1.3455846309661865, adv_margin: 0.676083505153656, clean_gate: 0.4979315996170044, teacher_margin: 0.8437016010284424, teacher_margin_gate: 0.6403319835662842, teacher_clean_gate: 1.0, teacher_adv_gate: 1.0, tm_grad_cos: 1.0, tm_scale: 1.0, tm_ps_scale: 1.0
2026-09-17 20:28:30.537 | INFO     | __main__:<module>:867 - lr:0.1 weight_nat: 0.2354039247847957, nat_loss: 0.017833808436989784, weight_adv: 0.7645960752152045, adv_loss: 0.031173858791589737 weight-klloss3 0.05 Loss3: 0.04986856132745743 clean_ce: 0.19159027934074402, adv_ce: 1.4493825435638428, adv_margin: 0.7928871512413025, clean_gate: 0.499977171421051, teacher_margin: 0.7599327564239502, teacher_margin_gate: 0.6169455647468567, teacher_clean_gate: 1.0, teacher_adv_gate: 1.0, tm_grad_cos: 1.0, tm_scale: 1.0, tm_ps_scale: 1.0
2026-09-17 20:29:12.496 | INFO     | __main__:<module>:870 - TRAIN_EPOCH_RESOURCE epoch=104 seconds=182.72819689288735 peak_allocated_bytes=7557683200
2026-09-17 20:29:12.497 | INFO     | __main__:<module>:477 - METHOD epoch=105 views=1 awp_gamma=0.0 consistency_weight=0.0
2026-09-17 20:29:12.497 | INFO     | __main__:<module>:480 - the 105th epoch 
2026-09-17 20:29:13.004 | INFO     | __main__:<module>:867 - lr:0.1 weight_nat: 0.23727636683376757, nat_loss: 0.02046797052025795, weight_adv: 0.7627236331662325, adv_loss: 0.030240774154663086 weight-klloss3 0.05 Loss3: 0.0360691137611866 clean_ce: 0.23081853985786438, adv_ce: 1.308355689048767, adv_margin: 0.6132253408432007, clean_gate: 0.5147024393081665, teacher_margin: 0.746461033821106, teacher_margin_gate: 0.6263461112976074, teacher_clean_gate: 1.0, teacher_adv_gate: 1.0, tm_grad_cos: 1.0, tm_scale: 1.0, tm_ps_scale: 1.0
2026-09-17 20:29:59.676 | INFO     | __main__:<module>:867 - lr:0.1 weight_nat: 0.2344009863182716, nat_loss: 0.013761988840997219, weight_adv: 0.7655990136817286, adv_loss: 0.031900402158498764 weight-klloss3 0.05 Loss3: 0.04444985091686249 clean_ce: 0.18675580620765686, adv_ce: 1.2829408645629883, adv_margin: 0.5943034887313843, clean_gate: 0.5084249973297119, teacher_margin: 0.7263062596321106, teacher_margin_gate: 0.6018378734588623, teacher_clean_gate: 1.0, teacher_adv_gate: 1.0, tm_grad_cos: 1.0, tm_scale: 1.0, tm_ps_scale: 1.0
2026-09-17 20:30:46.392 | INFO     | __main__:<module>:867 - lr:0.1 weight_nat: 0.2334555093701298, nat_loss: 0.012603848241269588, weight_adv: 0.7665444906298703, adv_loss: 0.029642511159181595 weight-klloss3 0.05 Loss3: 0.0401686429977417 clean_ce: 0.1843508929014206, adv_ce: 1.263344168663025, adv_margin: 0.5736901760101318, clean_gate: 0.5226107835769653, teacher_margin: 0.737960934638977, teacher_margin_gate: 0.6315665245056152, teacher_clean_gate: 1.0, teacher_adv_gate: 1.0, tm_grad_cos: 1.0, tm_scale: 1.0, tm_ps_scale: 1.0
2026-09-17 20:31:33.181 | INFO     | __main__:<module>:867 - lr:0.1 weight_nat: 0.24830343362861915, nat_loss: 0.017674511298537254, weight_adv: 0.7516965663713807, adv_loss: 0.033411137759685516 weight-klloss3 0.05 Loss3: 0.035219915211200714 clean_ce: 0.19320666790008545, adv_ce: 1.2954246997833252, adv_margin: 0.6455026268959045, clean_gate: 0.5121135115623474, teacher_margin: 0.7360174655914307, teacher_margin_gate: 0.6244465112686157, teacher_clean_gate: 1.0, teacher_adv_gate: 1.0, tm_grad_cos: 1.0, tm_scale: 1.0, tm_ps_scale: 1.0
2026-09-17 20:32:14.912 | INFO     | __main__:<module>:870 - TRAIN_EPOCH_RESOURCE epoch=105 seconds=182.41455616429448 peak_allocated_bytes=7557683200
2026-09-17 20:32:14.912 | INFO     | __main__:<module>:477 - METHOD epoch=106 views=1 awp_gamma=0.0 consistency_weight=0.0
2026-09-17 20:32:14.912 | INFO     | __main__:<module>:480 - the 106th epoch 
2026-09-17 20:32:15.416 | INFO     | __main__:<module>:867 - lr:0.1 weight_nat: 0.23357068864979813, nat_loss: 0.013357899151742458, weight_adv: 0.766429311350202, adv_loss: 0.030256643891334534 weight-klloss3 0.05 Loss3: 0.03675186261534691 clean_ce: 0.19109803438186646, adv_ce: 1.2122224569320679, adv_margin: 0.5285521745681763, clean_gate: 0.5469262599945068, teacher_margin: 0.6271677017211914, teacher_margin_gate: 0.639844536781311, teacher_clean_gate: 1.0, teacher_adv_gate: 1.0, tm_grad_cos: 1.0, tm_scale: 1.0, tm_ps_scale: 1.0
2026-09-17 20:33:01.926 | INFO     | __main__:<module>:867 - lr:0.1 weight_nat: 0.23647426190883533, nat_loss: 0.01808036118745804, weight_adv: 0.7635257380911648, adv_loss: 0.034547626972198486 weight-klloss3 0.05 Loss3: 0.037497617304325104 clean_ce: 0.20698384940624237, adv_ce: 1.435983419418335, adv_margin: 0.7635405659675598, clean_gate: 0.49309980869293213, teacher_margin: 0.7790966033935547, teacher_margin_gate: 0.6112868785858154, teacher_clean_gate: 1.0, teacher_adv_gate: 1.0, tm_grad_cos: 1.0, tm_scale: 1.0, tm_ps_scale: 1.0
2026-09-17 20:33:48.290 | INFO     | __main__:<module>:867 - lr:0.1 weight_nat: 0.23838552291020318, nat_loss: 0.016772283241152763, weight_adv: 0.7616144770897968, adv_loss: 0.03182230144739151 weight-klloss3 0.05 Loss3: 0.03643236309289932 clean_ce: 0.2022686004638672, adv_ce: 1.3024924993515015, adv_margin: 0.5972497463226318, clean_gate: 0.508175790309906, teacher_margin: 0.774055004119873, teacher_margin_gate: 0.6226751804351807, teacher_clean_gate: 1.0, teacher_adv_gate: 1.0, tm_grad_cos: 1.0, tm_scale: 1.0, tm_ps_scale: 1.0
2026-09-17 20:34:34.756 | INFO     | __main__:<module>:867 - lr:0.1 weight_nat: 0.25496104368925504, nat_loss: 0.015837451443076134, weight_adv: 0.745038956310745, adv_loss: 0.031974148005247116 weight-klloss3 0.05 Loss3: 0.03713700920343399 clean_ce: 0.21598191559314728, adv_ce: 1.3929970264434814, adv_margin: 0.7249730229377747, clean_gate: 0.5052245259284973, teacher_margin: 0.6352881193161011, teacher_margin_gate: 0.5960656404495239, teacher_clean_gate: 1.0, teacher_adv_gate: 1.0, tm_grad_cos: 1.0, tm_scale: 1.0, tm_ps_scale: 1.0
2026-09-17 20:35:16.589 | INFO     | __main__:<module>:870 - TRAIN_EPOCH_RESOURCE epoch=106 seconds=181.67653885483742 peak_allocated_bytes=7557683200
2026-09-17 20:35:16.589 | INFO     | __main__:<module>:477 - METHOD epoch=107 views=1 awp_gamma=0.0 consistency_weight=0.0
2026-09-17 20:35:16.589 | INFO     | __main__:<module>:480 - the 107th epoch 
2026-09-17 20:35:17.096 | INFO     | __main__:<module>:867 - lr:0.1 weight_nat: 0.23922542420814627, nat_loss: 0.01567102037370205, weight_adv: 0.7607745757918537, adv_loss: 0.02738742157816887 weight-klloss3 0.05 Loss3: 0.04886829853057861 clean_ce: 0.2081482857465744, adv_ce: 1.213574767112732, adv_margin: 0.557816207408905, clean_gate: 0.5369778871536255, teacher_margin: 0.6454629898071289, teacher_margin_gate: 0.6309199333190918, teacher_clean_gate: 1.0, teacher_adv_gate: 1.0, tm_grad_cos: 1.0, tm_scale: 1.0, tm_ps_scale: 1.0
2026-09-17 20:36:03.684 | INFO     | __main__:<module>:867 - lr:0.1 weight_nat: 0.2411524082260155, nat_loss: 0.014897595159709454, weight_adv: 0.7588475917739844, adv_loss: 0.03775472939014435 weight-klloss3 0.05 Loss3: 0.04558928310871124 clean_ce: 0.1752186417579651, adv_ce: 1.3441635370254517, adv_margin: 0.6320677399635315, clean_gate: 0.5099155306816101, teacher_margin: 0.8865687251091003, teacher_margin_gate: 0.6568765640258789, teacher_clean_gate: 1.0, teacher_adv_gate: 1.0, tm_grad_cos: 1.0, tm_scale: 1.0, tm_ps_scale: 1.0
2026-09-17 20:36:50.261 | INFO     | __main__:<module>:867 - lr:0.1 weight_nat: 0.23949101130411007, nat_loss: 0.018093174323439598, weight_adv: 0.7605089886958898, adv_loss: 0.03817684203386307 weight-klloss3 0.05 Loss3: 0.03535586595535278 clean_ce: 0.1963936686515808, adv_ce: 1.3875164985656738, adv_margin: 0.6850078105926514, clean_gate: 0.4984997808933258, teacher_margin: 0.8211032152175903, teacher_margin_gate: 0.6072519421577454, teacher_clean_gate: 1.0, teacher_adv_gate: 1.0, tm_grad_cos: 1.0, tm_scale: 1.0, tm_ps_scale: 1.0
2026-09-17 20:37:36.871 | INFO     | __main__:<module>:867 - lr:0.1 weight_nat: 0.23908469128608517, nat_loss: 0.015758056193590164, weight_adv: 0.7609153087139148, adv_loss: 0.03347528725862503 weight-klloss3 0.05 Loss3: 0.04043509066104889 clean_ce: 0.21010848879814148, adv_ce: 1.217489242553711, adv_margin: 0.5319715142250061, clean_gate: 0.5381693840026855, teacher_margin: 0.7568964958190918, teacher_margin_gate: 0.6478058695793152, teacher_clean_gate: 1.0, teacher_adv_gate: 1.0, tm_grad_cos: 1.0, tm_scale: 1.0, tm_ps_scale: 1.0
2026-09-17 20:38:18.799 | INFO     | __main__:<module>:870 - TRAIN_EPOCH_RESOURCE epoch=107 seconds=182.2095300629735 peak_allocated_bytes=7557683200
2026-09-17 20:38:18.799 | INFO     | __main__:<module>:477 - METHOD epoch=108 views=1 awp_gamma=0.0 consistency_weight=0.0
2026-09-17 20:38:18.800 | INFO     | __main__:<module>:480 - the 108th epoch 
2026-09-17 20:38:19.308 | INFO     | __main__:<module>:867 - lr:0.1 weight_nat: 0.24321666099282585, nat_loss: 0.01711772382259369, weight_adv: 0.7567833390071742, adv_loss: 0.03239823505282402 weight-klloss3 0.05 Loss3: 0.04135063290596008 clean_ce: 0.2094825953245163, adv_ce: 1.2771042585372925, adv_margin: 0.595392107963562, clean_gate: 0.511620044708252, teacher_margin: 0.7836834788322449, teacher_margin_gate: 0.6396382451057434, teacher_clean_gate: 1.0, teacher_adv_gate: 1.0, tm_grad_cos: 1.0, tm_scale: 1.0, tm_ps_scale: 1.0
2026-09-17 20:39:05.902 | INFO     | __main__:<module>:867 - lr:0.1 weight_nat: 0.23548984644747992, nat_loss: 0.01569906435906887, weight_adv: 0.76451015355252, adv_loss: 0.030785905197262764 weight-klloss3 0.05 Loss3: 0.044545792043209076 clean_ce: 0.18822310864925385, adv_ce: 1.2839276790618896, adv_margin: 0.5435281991958618, clean_gate: 0.5135799646377563, teacher_margin: 0.783794641494751, teacher_margin_gate: 0.6235044002532959, teacher_clean_gate: 1.0, teacher_adv_gate: 1.0, tm_grad_cos: 1.0, tm_scale: 1.0, tm_ps_scale: 1.0
2026-09-17 20:39:52.517 | INFO     | __main__:<module>:867 - lr:0.1 weight_nat: 0.24136438836520796, nat_loss: 0.01337056141346693, weight_adv: 0.758635611634792, adv_loss: 0.029239460825920105 weight-klloss3 0.05 Loss3: 0.03101966716349125 clean_ce: 0.19007232785224915, adv_ce: 1.2526310682296753, adv_margin: 0.5907151699066162, clean_gate: 0.535631537437439, teacher_margin: 0.6604365110397339, teacher_margin_gate: 0.6309529542922974, teacher_clean_gate: 1.0, teacher_adv_gate: 1.0, tm_grad_cos: 1.0, tm_scale: 1.0, tm_ps_scale: 1.0
2026-09-17 20:40:39.100 | INFO     | __main__:<module>:867 - lr:0.1 weight_nat: 0.24552190251829317, nat_loss: 0.012750649824738503, weight_adv: 0.7544780974817069, adv_loss: 0.026858285069465637 weight-klloss3 0.05 Loss3: 0.03883345425128937 clean_ce: 0.18973296880722046, adv_ce: 1.1606870889663696, adv_margin: 0.5206477642059326, clean_gate: 0.5466218590736389, teacher_margin: 0.6284246444702148, teacher_margin_gate: 0.6368554830551147, teacher_clean_gate: 1.0, teacher_adv_gate: 1.0, tm_grad_cos: 1.0, tm_scale: 1.0, tm_ps_scale: 1.0
2026-09-17 20:41:21.045 | INFO     | __main__:<module>:870 - TRAIN_EPOCH_RESOURCE epoch=108 seconds=182.24529922381043 peak_allocated_bytes=7557683200
2026-09-17 20:41:21.045 | INFO     | __main__:<module>:477 - METHOD epoch=109 views=1 awp_gamma=0.0 consistency_weight=0.0
2026-09-17 20:41:21.045 | INFO     | __main__:<module>:480 - the 109th epoch 
2026-09-17 20:41:21.578 | INFO     | __main__:<module>:867 - lr:0.1 weight_nat: 0.24785145959618693, nat_loss: 0.018566081300377846, weight_adv: 0.7521485404038132, adv_loss: 0.030735377222299576 weight-klloss3 0.05 Loss3: 0.04215633124113083 clean_ce: 0.21015530824661255, adv_ce: 1.3330286741256714, adv_margin: 0.6465740203857422, clean_gate: 0.5158103704452515, teacher_margin: 0.6875146627426147, teacher_margin_gate: 0.6156352758407593, teacher_clean_gate: 1.0, teacher_adv_gate: 1.0, tm_grad_cos: 1.0, tm_scale: 1.0, tm_ps_scale: 1.0
2026-09-17 20:42:08.058 | INFO     | __main__:<module>:867 - lr:0.1 weight_nat: 0.23506796712415842, nat_loss: 0.01421339251101017, weight_adv: 0.7649320328758415, adv_loss: 0.030597005039453506 weight-klloss3 0.05 Loss3: 0.04079994186758995 clean_ce: 0.20902308821678162, adv_ce: 1.3135899305343628, adv_margin: 0.6098636984825134, clean_gate: 0.5212611556053162, teacher_margin: 0.7304606437683105, teacher_margin_gate: 0.6459792852401733, teacher_clean_gate: 1.0, teacher_adv_gate: 1.0, tm_grad_cos: 1.0, tm_scale: 1.0, tm_ps_scale: 1.0
2026-09-17 20:42:54.444 | INFO     | __main__:<module>:867 - lr:0.1 weight_nat: 0.23442318097683829, nat_loss: 0.01149019319564104, weight_adv: 0.7655768190231617, adv_loss: 0.026767197996377945 weight-klloss3 0.05 Loss3: 0.04870738089084625 clean_ce: 0.16989734768867493, adv_ce: 1.0797346830368042, adv_margin: 0.4139489531517029, clean_gate: 0.5450393557548523, teacher_margin: 0.6755154728889465, teacher_margin_gate: 0.650072455406189, teacher_clean_gate: 1.0, teacher_adv_gate: 1.0, tm_grad_cos: 1.0, tm_scale: 1.0, tm_ps_scale: 1.0
2026-09-17 20:43:40.876 | INFO     | __main__:<module>:867 - lr:0.1 weight_nat: 0.240077179899908, nat_loss: 0.015676764771342278, weight_adv: 0.759922820100092, adv_loss: 0.030334146693348885 weight-klloss3 0.05 Loss3: 0.05001646280288696 clean_ce: 0.18900340795516968, adv_ce: 1.1850864887237549, adv_margin: 0.5042437314987183, clean_gate: 0.5365995168685913, teacher_margin: 0.739001452922821, teacher_margin_gate: 0.6553664803504944, teacher_clean_gate: 1.0, teacher_adv_gate: 1.0, tm_grad_cos: 1.0, tm_scale: 1.0, tm_ps_scale: 1.0
2026-09-17 20:44:22.549 | INFO     | __main__:<module>:870 - TRAIN_EPOCH_RESOURCE epoch=109 seconds=181.5031049065292 peak_allocated_bytes=7557683200
2026-09-17 20:44:22.549 | INFO     | __main__:<module>:477 - METHOD epoch=110 views=1 awp_gamma=0.0 consistency_weight=0.0
2026-09-17 20:44:22.549 | INFO     | __main__:<module>:480 - the 110th epoch 
2026-09-17 20:44:23.053 | INFO     | __main__:<module>:867 - lr:0.1 weight_nat: 0.2416256888942114, nat_loss: 0.014716419391334057, weight_adv: 0.7583743111057886, adv_loss: 0.03074062429368496 weight-klloss3 0.05 Loss3: 0.032280370593070984 clean_ce: 0.20245051383972168, adv_ce: 1.1752663850784302, adv_margin: 0.4618445932865143, clean_gate: 0.5419091582298279, teacher_margin: 0.755974531173706, teacher_margin_gate: 0.6689361333847046, teacher_clean_gate: 1.0, teacher_adv_gate: 1.0, tm_grad_cos: 1.0, tm_scale: 1.0, tm_ps_scale: 1.0
2026-09-17 20:45:09.432 | INFO     | __main__:<module>:867 - lr:0.1 weight_nat: 0.24733696078718545, nat_loss: 0.011663990095257759, weight_adv: 0.7526630392128146, adv_loss: 0.03332175314426422 weight-klloss3 0.05 Loss3: 0.03551577031612396 clean_ce: 0.16774903237819672, adv_ce: 1.2431637048721313, adv_margin: 0.6094413995742798, clean_gate: 0.5182007551193237, teacher_margin: 0.7902754545211792, teacher_margin_gate: 0.6402196884155273, teacher_clean_gate: 1.0, teacher_adv_gate: 1.0, tm_grad_cos: 1.0, tm_scale: 1.0, tm_ps_scale: 1.0
2026-09-17 20:45:55.807 | INFO     | __main__:<module>:867 - lr:0.1 weight_nat: 0.23271066246422292, nat_loss: 0.021700218319892883, weight_adv: 0.7672893375357772, adv_loss: 0.02554938942193985 weight-klloss3 0.05 Loss3: 0.023603353649377823 clean_ce: 0.22175653278827667, adv_ce: 1.3570551872253418, adv_margin: 0.6386373043060303, clean_gate: 0.5165332555770874, teacher_margin: 0.5848431587219238, teacher_margin_gate: 0.58073890209198, teacher_clean_gate: 1.0, teacher_adv_gate: 1.0, tm_grad_cos: 1.0, tm_scale: 1.0, tm_ps_scale: 1.0
2026-09-17 20:46:42.221 | INFO     | __main__:<module>:867 - lr:0.1 weight_nat: 0.2369755607450211, nat_loss: 0.017300955951213837, weight_adv: 0.7630244392549789, adv_loss: 0.03753231465816498 weight-klloss3 0.05 Loss3: 0.03773173317313194 clean_ce: 0.18890833854675293, adv_ce: 1.2155027389526367, adv_margin: 0.5397093892097473, clean_gate: 0.5266261100769043, teacher_margin: 0.8632855415344238, teacher_margin_gate: 0.6793280243873596, teacher_clean_gate: 1.0, teacher_adv_gate: 1.0, tm_grad_cos: 1.0, tm_scale: 1.0, tm_ps_scale: 1.0
2026-09-17 20:47:23.862 | INFO     | __main__:<module>:870 - TRAIN_EPOCH_RESOURCE epoch=110 seconds=181.312725096941 peak_allocated_bytes=7557683200
2026-09-17 20:47:56.144 | INFO     | __main__:<module>:927 - student robust acc 0.5099, teacher robust acc 0.6822, nat teacher robust acc 0.4873
2026-09-17 20:48:02.591 | INFO     | __main__:<module>:998 - best accuracy:0.6897500000000001
2026-09-17 20:48:02.591 | INFO     | __main__:<module>:1001 - student natural acc 0.8696, adv teacher natural acc 0.8726, nat teacher natural acc 0.9318
2026-09-17 20:48:02.593 | INFO     | __main__:<module>:477 - METHOD epoch=111 views=1 awp_gamma=0.0 consistency_weight=0.0
2026-09-17 20:48:02.593 | INFO     | __main__:<module>:480 - the 111th epoch 
2026-09-17 20:48:03.078 | INFO     | __main__:<module>:867 - lr:0.1 weight_nat: 0.23508569417763675, nat_loss: 0.01643401011824608, weight_adv: 0.7649143058223633, adv_loss: 0.036600686609745026 weight-klloss3 0.05 Loss3: 0.035122644156217575 clean_ce: 0.1857415735721588, adv_ce: 1.4804800748825073, adv_margin: 0.8816852569580078, clean_gate: 0.4856291711330414, teacher_margin: 0.7233496904373169, teacher_margin_gate: 0.5870930552482605, teacher_clean_gate: 1.0, teacher_adv_gate: 1.0, tm_grad_cos: 1.0, tm_scale: 1.0, tm_ps_scale: 1.0
2026-09-17 20:48:49.543 | INFO     | __main__:<module>:867 - lr:0.1 weight_nat: 0.2399588718354175, nat_loss: 0.028235966339707375, weight_adv: 0.7600411281645827, adv_loss: 0.04004857689142227 weight-klloss3 0.05 Loss3: 0.03339643031358719 clean_ce: 0.24586164951324463, adv_ce: 1.354761004447937, adv_margin: 0.6268424987792969, clean_gate: 0.49862122535705566, teacher_margin: 0.8489305973052979, teacher_margin_gate: 0.6272763013839722, teacher_clean_gate: 1.0, teacher_adv_gate: 1.0, tm_grad_cos: 1.0, tm_scale: 1.0, tm_ps_scale: 1.0
2026-09-17 20:49:36.194 | INFO     | __main__:<module>:867 - lr:0.1 weight_nat: 0.2357809533504725, nat_loss: 0.014676976017653942, weight_adv: 0.7642190466495276, adv_loss: 0.03210122510790825 weight-klloss3 0.05 Loss3: 0.034462518990039825 clean_ce: 0.19314447045326233, adv_ce: 1.1866979598999023, adv_margin: 0.48944199085235596, clean_gate: 0.52213454246521, teacher_margin: 0.7973663806915283, teacher_margin_gate: 0.6300028562545776, teacher_clean_gate: 1.0, teacher_adv_gate: 1.0, tm_grad_cos: 1.0, tm_scale: 1.0, tm_ps_scale: 1.0
2026-09-17 20:50:22.760 | INFO     | __main__:<module>:867 - lr:0.1 weight_nat: 0.23028607090189443, nat_loss: 0.01773088239133358, weight_adv: 0.7697139290981057, adv_loss: 0.03432492911815643 weight-klloss3 0.05 Loss3: 0.029420364648103714 clean_ce: 0.20279806852340698, adv_ce: 1.377089023590088, adv_margin: 0.6755854487419128, clean_gate: 0.5068049430847168, teacher_margin: 0.7577276229858398, teacher_margin_gate: 0.6300287246704102, teacher_clean_gate: 1.0, teacher_adv_gate: 1.0, tm_grad_cos: 1.0, tm_scale: 1.0, tm_ps_scale: 1.0
2026-09-17 20:51:04.570 | INFO     | __main__:<module>:870 - TRAIN_EPOCH_RESOURCE epoch=111 seconds=181.97728445753455 peak_allocated_bytes=7563827200
2026-09-17 20:51:04.571 | INFO     | __main__:<module>:477 - METHOD epoch=112 views=1 awp_gamma=0.0 consistency_weight=0.0
2026-09-17 20:51:04.571 | INFO     | __main__:<module>:480 - the 112th epoch 
2026-09-17 20:51:05.079 | INFO     | __main__:<module>:867 - lr:0.1 weight_nat: 0.23401501102968372, nat_loss: 0.013970895670354366, weight_adv: 0.7659849889703162, adv_loss: 0.028796421363949776 weight-klloss3 0.05 Loss3: 0.05091466009616852 clean_ce: 0.19062379002571106, adv_ce: 1.224150538444519, adv_margin: 0.5630085468292236, clean_gate: 0.5205647945404053, teacher_margin: 0.6863799691200256, teacher_margin_gate: 0.6302399635314941, teacher_clean_gate: 1.0, teacher_adv_gate: 1.0, tm_grad_cos: 1.0, tm_scale: 1.0, tm_ps_scale: 1.0
2026-09-17 20:51:51.699 | INFO     | __main__:<module>:867 - lr:0.1 weight_nat: 0.23249283872846035, nat_loss: 0.012528312392532825, weight_adv: 0.7675071612715395, adv_loss: 0.025238536298274994 weight-klloss3 0.05 Loss3: 0.03857048973441124 clean_ce: 0.18810689449310303, adv_ce: 1.1368130445480347, adv_margin: 0.4674654006958008, clean_gate: 0.5491085052490234, teacher_margin: 0.5890724658966064, teacher_margin_gate: 0.6305569410324097, teacher_clean_gate: 1.0, teacher_adv_gate: 1.0, tm_grad_cos: 1.0, tm_scale: 1.0, tm_ps_scale: 1.0
2026-09-17 20:52:38.226 | INFO     | __main__:<module>:867 - lr:0.1 weight_nat: 0.23938632089381773, nat_loss: 0.014530516229569912, weight_adv: 0.7606136791061824, adv_loss: 0.026134707033634186 weight-klloss3 0.05 Loss3: 0.03688338026404381 clean_ce: 0.2029908299446106, adv_ce: 1.2123242616653442, adv_margin: 0.5154496431350708, clean_gate: 0.5284706950187683, teacher_margin: 0.6284415125846863, teacher_margin_gate: 0.6068101525306702, teacher_clean_gate: 1.0, teacher_adv_gate: 1.0, tm_grad_cos: 1.0, tm_scale: 1.0, tm_ps_scale: 1.0
2026-09-17 20:53:24.728 | INFO     | __main__:<module>:867 - lr:0.1 weight_nat: 0.23291831534570961, nat_loss: 0.01746942847967148, weight_adv: 0.7670816846542903, adv_loss: 0.031417060643434525 weight-klloss3 0.05 Loss3: 0.030733833089470863 clean_ce: 0.20441874861717224, adv_ce: 1.2623097896575928, adv_margin: 0.6026821136474609, clean_gate: 0.5175532698631287, teacher_margin: 0.7613757252693176, teacher_margin_gate: 0.626890242099762, teacher_clean_gate: 1.0, teacher_adv_gate: 1.0, tm_grad_cos: 1.0, tm_scale: 1.0, tm_ps_scale: 1.0
2026-09-17 20:54:06.433 | INFO     | __main__:<module>:870 - TRAIN_EPOCH_RESOURCE epoch=112 seconds=181.86259038746357 peak_allocated_bytes=7563827200
2026-09-17 20:54:06.434 | INFO     | __main__:<module>:477 - METHOD epoch=113 views=1 awp_gamma=0.0 consistency_weight=0.0
2026-09-17 20:54:06.434 | INFO     | __main__:<module>:480 - the 113th epoch 
2026-09-17 20:54:06.939 | INFO     | __main__:<module>:867 - lr:0.1 weight_nat: 0.23257397830449578, nat_loss: 0.01765100471675396, weight_adv: 0.7674260216955042, adv_loss: 0.03213052451610565 weight-klloss3 0.05 Loss3: 0.04886271804571152 clean_ce: 0.2010766863822937, adv_ce: 1.3132648468017578, adv_margin: 0.6533700227737427, clean_gate: 0.5230987071990967, teacher_margin: 0.7400549054145813, teacher_margin_gate: 0.6306289434432983, teacher_clean_gate: 1.0, teacher_adv_gate: 1.0, tm_grad_cos: 1.0, tm_scale: 1.0, tm_ps_scale: 1.0
2026-09-17 20:54:53.452 | INFO     | __main__:<module>:867 - lr:0.1 weight_nat: 0.24139368107322903, nat_loss: 0.015215021558105946, weight_adv: 0.7586063189267709, adv_loss: 0.029529988765716553 weight-klloss3 0.05 Loss3: 0.028208162635564804 clean_ce: 0.19501495361328125, adv_ce: 1.1608479022979736, adv_margin: 0.4722382128238678, clean_gate: 0.5433728694915771, teacher_margin: 0.6986634135246277, teacher_margin_gate: 0.6521176099777222, teacher_clean_gate: 1.0, teacher_adv_gate: 1.0, tm_grad_cos: 1.0, tm_scale: 1.0, tm_ps_scale: 1.0
2026-09-17 20:55:39.962 | INFO     | __main__:<module>:867 - lr:0.1 weight_nat: 0.23684375295360294, nat_loss: 0.01796334609389305, weight_adv: 0.7631562470463971, adv_loss: 0.031887833029031754 weight-klloss3 0.05 Loss3: 0.04180781543254852 clean_ce: 0.2010427713394165, adv_ce: 1.3672559261322021, adv_margin: 0.6373293399810791, clean_gate: 0.497359961271286, teacher_margin: 0.7866021990776062, teacher_margin_gate: 0.6254022121429443, teacher_clean_gate: 1.0, teacher_adv_gate: 1.0, tm_grad_cos: 1.0, tm_scale: 1.0, tm_ps_scale: 1.0
2026-09-17 20:56:26.350 | INFO     | __main__:<module>:867 - lr:0.1 weight_nat: 0.23970792034123362, nat_loss: 0.0154068348929286, weight_adv: 0.7602920796587663, adv_loss: 0.030025707557797432 weight-klloss3 0.05 Loss3: 0.03842053562402725 clean_ce: 0.20217421650886536, adv_ce: 1.243376612663269, adv_margin: 0.5424172878265381, clean_gate: 0.5299420952796936, teacher_margin: 0.7170921564102173, teacher_margin_gate: 0.6437920331954956, teacher_clean_gate: 1.0, teacher_adv_gate: 1.0, tm_grad_cos: 1.0, tm_scale: 1.0, tm_ps_scale: 1.0
2026-09-17 20:57:08.053 | INFO     | __main__:<module>:870 - TRAIN_EPOCH_RESOURCE epoch=113 seconds=181.61899158358574 peak_allocated_bytes=7563827200
2026-09-17 20:57:08.053 | INFO     | __main__:<module>:477 - METHOD epoch=114 views=1 awp_gamma=0.0 consistency_weight=0.0
2026-09-17 20:57:08.053 | INFO     | __main__:<module>:480 - the 114th epoch 
2026-09-17 20:57:08.560 | INFO     | __main__:<module>:867 - lr:0.1 weight_nat: 0.24490137830090178, nat_loss: 0.019920097663998604, weight_adv: 0.7550986216990981, adv_loss: 0.02842920646071434 weight-klloss3 0.05 Loss3: 0.02817409299314022 clean_ce: 0.21836236119270325, adv_ce: 1.1186281442642212, adv_margin: 0.42563456296920776, clean_gate: 0.54777991771698, teacher_margin: 0.7133402824401855, teacher_margin_gate: 0.6624776124954224, teacher_clean_gate: 1.0, teacher_adv_gate: 1.0, tm_grad_cos: 1.0, tm_scale: 1.0, tm_ps_scale: 1.0
2026-09-17 20:57:55.043 | INFO     | __main__:<module>:867 - lr:0.1 weight_nat: 0.23507052376853818, nat_loss: 0.014092688448727131, weight_adv: 0.7649294762314618, adv_loss: 0.028332393616437912 weight-klloss3 0.05 Loss3: 0.0390763059258461 clean_ce: 0.18566274642944336, adv_ce: 1.1630795001983643, adv_margin: 0.5306082367897034, clean_gate: 0.5457935929298401, teacher_margin: 0.615476131439209, teacher_margin_gate: 0.6378227472305298, teacher_clean_gate: 1.0, teacher_adv_gate: 1.0, tm_grad_cos: 1.0, tm_scale: 1.0, tm_ps_scale: 1.0
2026-09-17 20:58:41.576 | INFO     | __main__:<module>:867 - lr:0.1 weight_nat: 0.2344693642644354, nat_loss: 0.01597699336707592, weight_adv: 0.7655306357355647, adv_loss: 0.04199722409248352 weight-klloss3 0.05 Loss3: 0.04239627718925476 clean_ce: 0.17035935819149017, adv_ce: 1.4569978713989258, adv_margin: 0.8313447833061218, clean_gate: 0.49065542221069336, teacher_margin: 0.8434504270553589, teacher_margin_gate: 0.6419241428375244, teacher_clean_gate: 1.0, teacher_adv_gate: 1.0, tm_grad_cos: 1.0, tm_scale: 1.0, tm_ps_scale: 1.0
2026-09-17 20:59:28.125 | INFO     | __main__:<module>:867 - lr:0.1 weight_nat: 0.23513829667625505, nat_loss: 0.01388158556073904, weight_adv: 0.7648617033237449, adv_loss: 0.032251838594675064 weight-klloss3 0.05 Loss3: 0.051364026963710785 clean_ce: 0.1943436563014984, adv_ce: 1.2634176015853882, adv_margin: 0.585343599319458, clean_gate: 0.521970272064209, teacher_margin: 0.7754558324813843, teacher_margin_gate: 0.6526042819023132, teacher_clean_gate: 1.0, teacher_adv_gate: 1.0, tm_grad_cos: 1.0, tm_scale: 1.0, tm_ps_scale: 1.0
2026-09-17 21:00:09.887 | INFO     | __main__:<module>:870 - TRAIN_EPOCH_RESOURCE epoch=114 seconds=181.83375769481063 peak_allocated_bytes=7563827200
2026-09-17 21:00:09.888 | INFO     | __main__:<module>:477 - METHOD epoch=115 views=1 awp_gamma=0.0 consistency_weight=0.0
2026-09-17 21:00:09.888 | INFO     | __main__:<module>:480 - the 115th epoch 
2026-09-17 21:00:10.395 | INFO     | __main__:<module>:867 - lr:0.1 weight_nat: 0.24295608448675562, nat_loss: 0.01435304619371891, weight_adv: 0.7570439155132443, adv_loss: 0.029702045023441315 weight-klloss3 0.05 Loss3: 0.04368968680500984 clean_ce: 0.20288744568824768, adv_ce: 1.248813509941101, adv_margin: 0.5706504583358765, clean_gate: 0.5248664617538452, teacher_margin: 0.730362594127655, teacher_margin_gate: 0.6195487976074219, teacher_clean_gate: 1.0, teacher_adv_gate: 1.0, tm_grad_cos: 1.0, tm_scale: 1.0, tm_ps_scale: 1.0
2026-09-17 21:00:56.931 | INFO     | __main__:<module>:867 - lr:0.1 weight_nat: 0.24826672189343363, nat_loss: 0.013563314452767372, weight_adv: 0.7517332781065664, adv_loss: 0.03047458827495575 weight-klloss3 0.05 Loss3: 0.03764096274971962 clean_ce: 0.18765559792518616, adv_ce: 1.3165208101272583, adv_margin: 0.6355233788490295, clean_gate: 0.5168766975402832, teacher_margin: 0.7406896948814392, teacher_margin_gate: 0.6330702304840088, teacher_clean_gate: 1.0, teacher_adv_gate: 1.0, tm_grad_cos: 1.0, tm_scale: 1.0, tm_ps_scale: 1.0
2026-09-17 21:01:43.550 | INFO     | __main__:<module>:867 - lr:0.1 weight_nat: 0.2522871018503369, nat_loss: 0.017235061153769493, weight_adv: 0.747712898149663, adv_loss: 0.034149348735809326 weight-klloss3 0.05 Loss3: 0.04054475575685501 clean_ce: 0.19366857409477234, adv_ce: 1.2733951807022095, adv_margin: 0.5772890448570251, clean_gate: 0.5212377309799194, teacher_margin: 0.7879891395568848, teacher_margin_gate: 0.6494089365005493, teacher_clean_gate: 1.0, teacher_adv_gate: 1.0, tm_grad_cos: 1.0, tm_scale: 1.0, tm_ps_scale: 1.0
2026-09-17 21:02:30.072 | INFO     | __main__:<module>:867 - lr:0.1 weight_nat: 0.24197462093171415, nat_loss: 0.01247323490679264, weight_adv: 0.7580253790682858, adv_loss: 0.026794133707880974 weight-klloss3 0.05 Loss3: 0.05348304659128189 clean_ce: 0.1901652067899704, adv_ce: 1.0874990224838257, adv_margin: 0.4627172350883484, clean_gate: 0.5499762892723083, teacher_margin: 0.699894905090332, teacher_margin_gate: 0.6612117290496826, teacher_clean_gate: 1.0, teacher_adv_gate: 1.0, tm_grad_cos: 1.0, tm_scale: 1.0, tm_ps_scale: 1.0
2026-09-17 21:03:11.812 | INFO     | __main__:<module>:870 - TRAIN_EPOCH_RESOURCE epoch=115 seconds=181.9243014641106 peak_allocated_bytes=7563827200
2026-09-17 21:03:11.812 | INFO     | __main__:<module>:477 - METHOD epoch=116 views=1 awp_gamma=0.0 consistency_weight=0.0
2026-09-17 21:03:11.812 | INFO     | __main__:<module>:480 - the 116th epoch 
2026-09-17 21:03:12.319 | INFO     | __main__:<module>:867 - lr:0.1 weight_nat: 0.24264377281754024, nat_loss: 0.020861433818936348, weight_adv: 0.7573562271824598, adv_loss: 0.02925844117999077 weight-klloss3 0.05 Loss3: 0.03313835710287094 clean_ce: 0.2225683182477951, adv_ce: 1.2220884561538696, adv_margin: 0.5185170769691467, clean_gate: 0.5248709917068481, teacher_margin: 0.7480037212371826, teacher_margin_gate: 0.6591416597366333, teacher_clean_gate: 1.0, teacher_adv_gate: 1.0, tm_grad_cos: 1.0, tm_scale: 1.0, tm_ps_scale: 1.0
2026-09-17 21:03:58.840 | INFO     | __main__:<module>:867 - lr:0.1 weight_nat: 0.25240485907205157, nat_loss: 0.01600346900522709, weight_adv: 0.7475951409279485, adv_loss: 0.02787846513092518 weight-klloss3 0.05 Loss3: 0.028719287365674973 clean_ce: 0.20988139510154724, adv_ce: 1.1320664882659912, adv_margin: 0.45557689666748047, clean_gate: 0.5504937171936035, teacher_margin: 0.6733729839324951, teacher_margin_gate: 0.6685675978660583, teacher_clean_gate: 1.0, teacher_adv_gate: 1.0, tm_grad_cos: 1.0, tm_scale: 1.0, tm_ps_scale: 1.0
2026-09-17 21:04:45.498 | INFO     | __main__:<module>:867 - lr:0.1 weight_nat: 0.24015951547305994, nat_loss: 0.01652269996702671, weight_adv: 0.7598404845269401, adv_loss: 0.028280649334192276 weight-klloss3 0.05 Loss3: 0.041889891028404236 clean_ce: 0.1930515170097351, adv_ce: 1.3230098485946655, adv_margin: 0.6460025310516357, clean_gate: 0.5217908620834351, teacher_margin: 0.6461663246154785, teacher_margin_gate: 0.6200340390205383, teacher_clean_gate: 1.0, teacher_adv_gate: 1.0, tm_grad_cos: 1.0, tm_scale: 1.0, tm_ps_scale: 1.0
2026-09-17 21:05:32.151 | INFO     | __main__:<module>:867 - lr:0.1 weight_nat: 0.2422425813951133, nat_loss: 0.01487163919955492, weight_adv: 0.7577574186048868, adv_loss: 0.028369540348649025 weight-klloss3 0.05 Loss3: 0.03384075313806534 clean_ce: 0.19342008233070374, adv_ce: 1.31172776222229, adv_margin: 0.6505670547485352, clean_gate: 0.5307708382606506, teacher_margin: 0.621280312538147, teacher_margin_gate: 0.6105773448944092, teacher_clean_gate: 1.0, teacher_adv_gate: 1.0, tm_grad_cos: 1.0, tm_scale: 1.0, tm_ps_scale: 1.0
2026-09-17 21:06:14.181 | INFO     | __main__:<module>:870 - TRAIN_EPOCH_RESOURCE epoch=116 seconds=182.3687096387148 peak_allocated_bytes=7563827200
2026-09-17 21:06:14.182 | INFO     | __main__:<module>:477 - METHOD epoch=117 views=1 awp_gamma=0.0 consistency_weight=0.0
2026-09-17 21:06:14.182 | INFO     | __main__:<module>:480 - the 117th epoch 
2026-09-17 21:06:14.692 | INFO     | __main__:<module>:867 - lr:0.1 weight_nat: 0.2376881115506456, nat_loss: 0.014105789363384247, weight_adv: 0.7623118884493545, adv_loss: 0.02715401165187359 weight-klloss3 0.05 Loss3: 0.03634106367826462 clean_ce: 0.19363060593605042, adv_ce: 1.1803873777389526, adv_margin: 0.48306941986083984, clean_gate: 0.5412286520004272, teacher_margin: 0.6303324103355408, teacher_margin_gate: 0.6181199550628662, teacher_clean_gate: 1.0, teacher_adv_gate: 1.0, tm_grad_cos: 1.0, tm_scale: 1.0, tm_ps_scale: 1.0
2026-09-17 21:07:02.435 | INFO     | __main__:<module>:867 - lr:0.1 weight_nat: 0.23964054867485204, nat_loss: 0.011709028854966164, weight_adv: 0.7603594513251482, adv_loss: 0.02593263052403927 weight-klloss3 0.05 Loss3: 0.03309713676571846 clean_ce: 0.18145930767059326, adv_ce: 1.090578317642212, adv_margin: 0.4390771687030792, clean_gate: 0.5571648478507996, teacher_margin: 0.620668888092041, teacher_margin_gate: 0.6605379581451416, teacher_clean_gate: 1.0, teacher_adv_gate: 1.0, tm_grad_cos: 1.0, tm_scale: 1.0, tm_ps_scale: 1.0
2026-09-17 21:07:49.171 | INFO     | __main__:<module>:867 - lr:0.1 weight_nat: 0.23818262159077042, nat_loss: 0.0134213762357831, weight_adv: 0.7618173784092296, adv_loss: 0.032969359308481216 weight-klloss3 0.05 Loss3: 0.03428557515144348 clean_ce: 0.1986522376537323, adv_ce: 1.247230887413025, adv_margin: 0.5635221600532532, clean_gate: 0.5284203290939331, teacher_margin: 0.7420651912689209, teacher_margin_gate: 0.6423680782318115, teacher_clean_gate: 1.0, teacher_adv_gate: 1.0, tm_grad_cos: 1.0, tm_scale: 1.0, tm_ps_scale: 1.0
2026-09-17 21:08:35.714 | INFO     | __main__:<module>:867 - lr:0.1 weight_nat: 0.23002991487834804, nat_loss: 0.01279067900031805, weight_adv: 0.7699700851216521, adv_loss: 0.04044591262936592 weight-klloss3 0.05 Loss3: 0.048303838819265366 clean_ce: 0.16863054037094116, adv_ce: 1.4095758199691772, adv_margin: 0.7474756240844727, clean_gate: 0.49190768599510193, teacher_margin: 0.9104201197624207, teacher_margin_gate: 0.6306309700012207, teacher_clean_gate: 1.0, teacher_adv_gate: 1.0, tm_grad_cos: 1.0, tm_scale: 1.0, tm_ps_scale: 1.0
2026-09-17 21:09:17.523 | INFO     | __main__:<module>:870 - TRAIN_EPOCH_RESOURCE epoch=117 seconds=183.34072433039546 peak_allocated_bytes=7563827200
2026-09-17 21:09:17.523 | INFO     | __main__:<module>:477 - METHOD epoch=118 views=1 awp_gamma=0.0 consistency_weight=0.0
2026-09-17 21:09:17.523 | INFO     | __main__:<module>:480 - the 118th epoch 
2026-09-17 21:09:18.030 | INFO     | __main__:<module>:867 - lr:0.1 weight_nat: 0.2320499465779334, nat_loss: 0.014832458458840847, weight_adv: 0.7679500534220665, adv_loss: 0.02768535539507866 weight-klloss3 0.05 Loss3: 0.03290633112192154 clean_ce: 0.19239214062690735, adv_ce: 1.2996773719787598, adv_margin: 0.6278479099273682, clean_gate: 0.521195650100708, teacher_margin: 0.6255911588668823, teacher_margin_gate: 0.5978898406028748, teacher_clean_gate: 1.0, teacher_adv_gate: 1.0, tm_grad_cos: 1.0, tm_scale: 1.0, tm_ps_scale: 1.0
2026-09-17 21:10:04.374 | INFO     | __main__:<module>:867 - lr:0.1 weight_nat: 0.23216795263252873, nat_loss: 0.014928710646927357, weight_adv: 0.7678320473674713, adv_loss: 0.037524085491895676 weight-klloss3 0.05 Loss3: 0.0500267818570137 clean_ce: 0.18214723467826843, adv_ce: 1.3831164836883545, adv_margin: 0.7049392461776733, clean_gate: 0.4967339038848877, teacher_margin: 0.8851000070571899, teacher_margin_gate: 0.635094404220581, teacher_clean_gate: 1.0, teacher_adv_gate: 1.0, tm_grad_cos: 1.0, tm_scale: 1.0, tm_ps_scale: 1.0
2026-09-17 21:10:50.994 | INFO     | __main__:<module>:867 - lr:0.1 weight_nat: 0.23052887025974944, nat_loss: 0.01423817127943039, weight_adv: 0.7694711297402507, adv_loss: 0.030508872121572495 weight-klloss3 0.05 Loss3: 0.032501548528671265 clean_ce: 0.19406208395957947, adv_ce: 1.243204116821289, adv_margin: 0.5192627310752869, clean_gate: 0.5254257321357727, teacher_margin: 0.7283540368080139, teacher_margin_gate: 0.6292908191680908, teacher_clean_gate: 1.0, teacher_adv_gate: 1.0, tm_grad_cos: 1.0, tm_scale: 1.0, tm_ps_scale: 1.0
2026-09-17 21:11:37.836 | INFO     | __main__:<module>:867 - lr:0.1 weight_nat: 0.25183096290107093, nat_loss: 0.020029427483677864, weight_adv: 0.7481690370989291, adv_loss: 0.030163774266839027 weight-klloss3 0.05 Loss3: 0.03744890168309212 clean_ce: 0.19710280001163483, adv_ce: 1.2021647691726685, adv_margin: 0.5431200265884399, clean_gate: 0.5352711081504822, teacher_margin: 0.6917297840118408, teacher_margin_gate: 0.6505162715911865, teacher_clean_gate: 1.0, teacher_adv_gate: 1.0, tm_grad_cos: 1.0, tm_scale: 1.0, tm_ps_scale: 1.0
2026-09-17 21:12:19.841 | INFO     | __main__:<module>:870 - TRAIN_EPOCH_RESOURCE epoch=118 seconds=182.31719502434134 peak_allocated_bytes=7563827200
2026-09-17 21:12:19.841 | INFO     | __main__:<module>:477 - METHOD epoch=119 views=1 awp_gamma=0.0 consistency_weight=0.0
2026-09-17 21:12:19.841 | INFO     | __main__:<module>:480 - the 119th epoch 
2026-09-17 21:12:20.353 | INFO     | __main__:<module>:867 - lr:0.1 weight_nat: 0.24073395497380365, nat_loss: 0.011826318688690662, weight_adv: 0.7592660450261964, adv_loss: 0.02134643867611885 weight-klloss3 0.05 Loss3: 0.04673902690410614 clean_ce: 0.19205182790756226, adv_ce: 1.1784874200820923, adv_margin: 0.5068106055259705, clean_gate: 0.5359383225440979, teacher_margin: 0.5459182262420654, teacher_margin_gate: 0.5872561931610107, teacher_clean_gate: 1.0, teacher_adv_gate: 1.0, tm_grad_cos: 1.0, tm_scale: 1.0, tm_ps_scale: 1.0
2026-09-17 21:13:07.193 | INFO     | __main__:<module>:867 - lr:0.1 weight_nat: 0.2471297460799116, nat_loss: 0.019192775711417198, weight_adv: 0.7528702539200883, adv_loss: 0.02974199876189232 weight-klloss3 0.05 Loss3: 0.03326306492090225 clean_ce: 0.2168375700712204, adv_ce: 1.3627837896347046, adv_margin: 0.6705888509750366, clean_gate: 0.49918678402900696, teacher_margin: 0.7190898060798645, teacher_margin_gate: 0.6062613725662231, teacher_clean_gate: 1.0, teacher_adv_gate: 1.0, tm_grad_cos: 1.0, tm_scale: 1.0, tm_ps_scale: 1.0
2026-09-17 21:13:54.141 | INFO     | __main__:<module>:867 - lr:0.1 weight_nat: 0.2562154825834339, nat_loss: 0.01328186970204115, weight_adv: 0.743784517416566, adv_loss: 0.02998702973127365 weight-klloss3 0.05 Loss3: 0.03290162235498428 clean_ce: 0.19007155299186707, adv_ce: 1.2690355777740479, adv_margin: 0.5929335951805115, clean_gate: 0.519262433052063, teacher_margin: 0.7047345638275146, teacher_margin_gate: 0.6083776950836182, teacher_clean_gate: 1.0, teacher_adv_gate: 1.0, tm_grad_cos: 1.0, tm_scale: 1.0, tm_ps_scale: 1.0
2026-09-17 21:14:41.019 | INFO     | __main__:<module>:867 - lr:0.1 weight_nat: 0.23609962720157918, nat_loss: 0.014483364298939705, weight_adv: 0.7639003727984207, adv_loss: 0.040125131607055664 weight-klloss3 0.05 Loss3: 0.052049148827791214 clean_ce: 0.1832585334777832, adv_ce: 1.3939948081970215, adv_margin: 0.7458430528640747, clean_gate: 0.5084302425384521, teacher_margin: 0.8812684416770935, teacher_margin_gate: 0.6583176255226135, teacher_clean_gate: 1.0, teacher_adv_gate: 1.0, tm_grad_cos: 1.0, tm_scale: 1.0, tm_ps_scale: 1.0
2026-09-17 21:15:23.028 | INFO     | __main__:<module>:870 - TRAIN_EPOCH_RESOURCE epoch=119 seconds=183.1858292631805 peak_allocated_bytes=7563827200
2026-09-17 21:15:23.028 | INFO     | __main__:<module>:477 - METHOD epoch=120 views=1 awp_gamma=0.0 consistency_weight=0.0
2026-09-17 21:15:23.028 | INFO     | __main__:<module>:480 - the 120th epoch 
2026-09-17 21:15:23.539 | INFO     | __main__:<module>:867 - lr:0.1 weight_nat: 0.23378461142688026, nat_loss: 0.011109266430139542, weight_adv: 0.7662153885731198, adv_loss: 0.029478970915079117 weight-klloss3 0.05 Loss3: 0.03594589978456497 clean_ce: 0.17676250636577606, adv_ce: 1.143688678741455, adv_margin: 0.4890427589416504, clean_gate: 0.5465061068534851, teacher_margin: 0.735896646976471, teacher_margin_gate: 0.6802422404289246, teacher_clean_gate: 1.0, teacher_adv_gate: 1.0, tm_grad_cos: 1.0, tm_scale: 1.0, tm_ps_scale: 1.0
2026-09-17 21:16:10.383 | INFO     | __main__:<module>:867 - lr:0.1 weight_nat: 0.23611285726937828, nat_loss: 0.015902889892458916, weight_adv: 0.7638871427306217, adv_loss: 0.03117063082754612 weight-klloss3 0.05 Loss3: 0.025342507287859917 clean_ce: 0.18845361471176147, adv_ce: 1.4144752025604248, adv_margin: 0.7047738432884216, clean_gate: 0.502791702747345, teacher_margin: 0.6964454650878906, teacher_margin_gate: 0.6020752191543579, teacher_clean_gate: 1.0, teacher_adv_gate: 1.0, tm_grad_cos: 1.0, tm_scale: 1.0, tm_ps_scale: 1.0
2026-09-17 21:16:57.271 | INFO     | __main__:<module>:867 - lr:0.1 weight_nat: 0.23503257669441086, nat_loss: 0.016595203429460526, weight_adv: 0.7649674233055892, adv_loss: 0.026783816516399384 weight-klloss3 0.05 Loss3: 0.038377486169338226 clean_ce: 0.20193059742450714, adv_ce: 1.2980597019195557, adv_margin: 0.6473336219787598, clean_gate: 0.5207960605621338, teacher_margin: 0.595012903213501, teacher_margin_gate: 0.5962839722633362, teacher_clean_gate: 1.0, teacher_adv_gate: 1.0, tm_grad_cos: 1.0, tm_scale: 1.0, tm_ps_scale: 1.0
2026-09-17 21:17:44.018 | INFO     | __main__:<module>:867 - lr:0.1 weight_nat: 0.23795047910921194, nat_loss: 0.01706315577030182, weight_adv: 0.762049520890788, adv_loss: 0.042186565697193146 weight-klloss3 0.05 Loss3: 0.04531268775463104 clean_ce: 0.20186081528663635, adv_ce: 1.526037573814392, adv_margin: 0.8300937414169312, clean_gate: 0.47263625264167786, teacher_margin: 0.878299355506897, teacher_margin_gate: 0.6059993505477905, teacher_clean_gate: 1.0, teacher_adv_gate: 1.0, tm_grad_cos: 1.0, tm_scale: 1.0, tm_ps_scale: 1.0
2026-09-17 21:18:25.986 | INFO     | __main__:<module>:870 - TRAIN_EPOCH_RESOURCE epoch=120 seconds=182.9577391371131 peak_allocated_bytes=7563827200
2026-09-17 21:18:58.978 | INFO     | __main__:<module>:927 - student robust acc 0.5163, teacher robust acc 0.6836, nat teacher robust acc 0.4923
2026-09-17 21:19:05.689 | INFO     | __main__:<module>:998 - best accuracy:0.6927
2026-09-17 21:19:05.690 | INFO     | __main__:<module>:1001 - student natural acc 0.8691, adv teacher natural acc 0.8743, nat teacher natural acc 0.9318
2026-09-17 21:19:05.691 | INFO     | __main__:<module>:477 - METHOD epoch=121 views=2 awp_gamma=2.5e-05 consistency_weight=0.0125
2026-09-17 21:19:05.691 | INFO     | __main__:<module>:480 - the 121th epoch 
2026-09-17 21:19:06.946 | INFO     | __main__:<module>:492 - METHOD_BATCH epoch=121 step=0 adv_kd=0.033697210252285004 awp_gamma=2.5e-05 awp_relative_norm_max=2.5000003006425686e-05 clean_ce=0.17012755572795868 clean_ce_term=0.000106329724076204 consistency_term=6.379913975251839e-05 consistency_weight=0.0125 js_raw=0.051039308309555054 lr=0.1 nat_kd=0.014033881947398186 pcgrad_conflicts=0 push=0.04068552702665329 push_term=0.0020342764910310507 student_updates=1 teacher_ce=0.503878191113472 teacher_lr=8.13189529921204e-05 teacher_margin=0.7176159620285034 teacher_margin_term=0.0 teacher_updates=1 temp_adv=1.0979999999999892 temp_nat=3.6549999999997076 temperature_updates=1 total_loss=0.04993550106883049 views=2
2026-09-17 21:21:07.844 | INFO     | __main__:<module>:492 - METHOD_BATCH epoch=121 step=100 adv_kd=0.02480391040444374 awp_gamma=2.5e-05 awp_relative_norm_max=2.5000003006425686e-05 clean_ce=0.17011883854866028 clean_ce_term=0.00010632426710799336 consistency_term=3.737570295925252e-05 consistency_weight=0.0125 js_raw=0.02990056201815605 lr=0.1 nat_kd=0.014164176769554615 pcgrad_conflicts=0 push=0.034866176545619965 push_term=0.0017433089669793844 student_updates=1 teacher_ce=0.613985538482666 teacher_lr=8.13189529921204e-05 teacher_margin=0.5690550804138184 teacher_margin_term=0.0 teacher_updates=1 temp_adv=1.0879999999999903 temp_nat=3.6649999999997065 temperature_updates=1 total_loss=0.04085509851574898 views=2
2026-09-17 21:23:08.688 | INFO     | __main__:<module>:492 - METHOD_BATCH epoch=121 step=200 adv_kd=0.03310408070683479 awp_gamma=2.5e-05 awp_relative_norm_max=2.5000003006425686e-05 clean_ce=0.20402216911315918 clean_ce_term=0.0001275138492928818 consistency_term=7.012256537564099e-05 consistency_weight=0.0125 js_raw=0.056098051369190216 lr=0.1 nat_kd=0.02270883321762085 pcgrad_conflicts=0 push=0.04141528159379959 push_term=0.0020707640796899796 student_updates=1 teacher_ce=0.6279514133930206 teacher_lr=8.13189529921204e-05 teacher_margin=0.754907488822937 teacher_margin_term=0.0 teacher_updates=1 temp_adv=1.0979999999999892 temp_nat=3.6549999999997076 temperature_updates=1 total_loss=0.058081310242414474 views=2
2026-09-17 21:25:08.527 | INFO     | __main__:<module>:492 - METHOD_BATCH epoch=121 step=300 adv_kd=0.028605293482542038 awp_gamma=2.5e-05 awp_relative_norm_max=2.5000003006425686e-05 clean_ce=0.1719060093164444 clean_ce_term=0.00010744125756900758 consistency_term=5.3227453463478014e-05 consistency_weight=0.0125 js_raw=0.042581964284181595 lr=0.1 nat_kd=0.012685272842645645 pcgrad_conflicts=0 push=0.039984337985515594 push_term=0.001999216852709651 student_updates=1 teacher_ce=0.5295989215373993 teacher_lr=8.13189529921204e-05 teacher_margin=0.685973048210144 teacher_margin_term=0.0 teacher_updates=1 temp_adv=1.0959999999999894 temp_nat=3.6569999999997074 temperature_updates=1 total_loss=0.043450452387332916 views=2
2026-09-17 21:26:55.602 | INFO     | __main__:<module>:870 - TRAIN_EPOCH_RESOURCE epoch=121 seconds=469.910428840667 peak_allocated_bytes=8125391360
2026-09-17 21:26:55.602 | INFO     | __main__:<module>:477 - METHOD epoch=122 views=2 awp_gamma=5e-05 consistency_weight=0.025
2026-09-17 21:26:55.603 | INFO     | __main__:<module>:480 - the 122th epoch 
2026-09-17 21:26:56.801 | INFO     | __main__:<module>:492 - METHOD_BATCH epoch=122 step=0 adv_kd=0.020536746829748154 awp_gamma=5e-05 awp_relative_norm_max=5.000000601285137e-05 clean_ce=0.18994486331939697 clean_ce_term=0.00023743108613416553 consistency_term=8.010707824723795e-05 consistency_weight=0.025 js_raw=0.03204283118247986 lr=0.1 nat_kd=0.014407031238079071 pcgrad_conflicts=0 push=0.050353266298770905 push_term=0.0025176634080708027 student_updates=1 teacher_ce=0.5958402752876282 teacher_lr=8.08259125989517e-05 teacher_margin=0.54648756980896 teacher_margin_term=0.0 teacher_updates=1 temp_adv=1.0949999999999895 temp_nat=3.6579999999997073 temperature_updates=1 total_loss=0.037778981029987335 views=2
2026-09-17 21:28:55.652 | INFO     | __main__:<module>:492 - METHOD_BATCH epoch=122 step=100 adv_kd=0.02958730049431324 awp_gamma=5e-05 awp_relative_norm_max=5.0000002374872565e-05 clean_ce=0.18840762972831726 clean_ce_term=0.00023550953483209014 consistency_term=9.259129728889093e-05 consistency_weight=0.025 js_raw=0.03703651577234268 lr=0.1 nat_kd=0.013314764946699142 pcgrad_conflicts=0 push=0.03680018335580826 push_term=0.0018400091212242842 student_updates=1 teacher_ce=0.4396863430738449 teacher_lr=8.08259125989517e-05 teacher_margin=0.7350185513496399 teacher_margin_term=0.0 teacher_updates=1 temp_adv=1.0969999999999893 temp_nat=3.6559999999997075 temperature_updates=1 total_loss=0.04507017508149147 views=2
2026-09-17 21:30:55.963 | INFO     | __main__:<module>:492 - METHOD_BATCH epoch=122 step=200 adv_kd=0.032038573175668716 awp_gamma=5e-05 awp_relative_norm_max=5.000000601285137e-05 clean_ce=0.19996847212314606 clean_ce_term=0.00024996057618409395 consistency_term=6.905383634148166e-05 consistency_weight=0.025 js_raw=0.02762153558433056 lr=0.1 nat_kd=0.017989926040172577 pcgrad_conflicts=0 push=0.03432105481624603 push_term=0.0017160526476800442 student_updates=1 teacher_ce=0.5571112334728241 teacher_lr=8.08259125989517e-05 teacher_margin=0.7979699373245239 teacher_margin_term=0.0 teacher_updates=1 temp_adv=1.0969999999999893 temp_nat=3.6559999999997075 temperature_updates=1 total_loss=0.05206356197595596 views=2
2026-09-17 21:32:57.113 | INFO     | __main__:<module>:492 - METHOD_BATCH epoch=122 step=300 adv_kd=0.02843431383371353 awp_gamma=5e-05 awp_relative_norm_max=5.000000601285137e-05 clean_ce=0.20288288593292236 clean_ce_term=0.0002536035899538547 consistency_term=7.586121500935405e-05 consistency_weight=0.025 js_raw=0.030344484373927116 lr=0.1 nat_kd=0.014742523431777954 pcgrad_conflicts=0 push=0.03328446298837662 push_term=0.0016642232658341527 student_updates=1 teacher_ce=0.6279312074184418 teacher_lr=8.08259125989517e-05 teacher_margin=0.6012653112411499 teacher_margin_term=0.0 teacher_updates=1 temp_adv=1.1009999999999889 temp_nat=3.651999999999708 temperature_updates=1 total_loss=0.04517052322626114 views=2
2026-09-17 21:34:45.768 | INFO     | __main__:<module>:870 - TRAIN_EPOCH_RESOURCE epoch=122 seconds=470.16416189447045 peak_allocated_bytes=8125391360
2026-09-17 21:34:45.768 | INFO     | __main__:<module>:477 - METHOD epoch=123 views=2 awp_gamma=7.5e-05 consistency_weight=0.0375
2026-09-17 21:34:45.768 | INFO     | __main__:<module>:480 - the 123th epoch 
2026-09-17 21:34:46.995 | INFO     | __main__:<module>:492 - METHOD_BATCH epoch=123 step=0 adv_kd=0.024868210777640343 awp_gamma=7.5e-05 awp_relative_norm_max=7.500001083826646e-05 clean_ce=0.1859530508518219 clean_ce_term=0.0003486619680188596 consistency_term=0.00013511268480215222 consistency_weight=0.0375 js_raw=0.03603004664182663 lr=0.1 nat_kd=0.011410661041736603 pcgrad_conflicts=0 push=0.0374741293489933 push_term=0.001873706467449665 student_updates=1 teacher_ce=0.566216915845871 teacher_lr=8.032799481590585e-05 teacher_margin=0.5609424114227295 teacher_margin_term=0.0 teacher_updates=1 temp_adv=1.0979999999999892 temp_nat=3.6549999999997076 temperature_updates=1 total_loss=0.038636352866888046 views=2
2026-09-17 21:36:47.260 | INFO     | __main__:<module>:492 - METHOD_BATCH epoch=123 step=100 adv_kd=0.030042052268981934 awp_gamma=7.5e-05 awp_relative_norm_max=7.500001083826646e-05 clean_ce=0.1789671629667282 clean_ce_term=0.00033556343987584114 consistency_term=0.00017795887833926827 consistency_weight=0.0375 js_raw=0.04745569825172424 lr=0.1 nat_kd=0.013609282672405243 pcgrad_conflicts=0 push=0.039610326290130615 push_term=0.001980516593903303 student_updates=1 teacher_ce=0.5022222995758057 teacher_lr=8.032799481590585e-05 teacher_margin=0.658888041973114 teacher_margin_term=0.0 teacher_updates=1 temp_adv=1.0939999999999896 temp_nat=3.658999999999707 temperature_updates=1 total_loss=0.046145372092723846 views=2
2026-09-17 21:38:46.735 | INFO     | __main__:<module>:492 - METHOD_BATCH epoch=123 step=200 adv_kd=0.026073187589645386 awp_gamma=7.5e-05 awp_relative_norm_max=7.500001083826646e-05 clean_ce=0.16615882515907288 clean_ce_term=0.0003115477738901973 consistency_term=0.00011833035387098789 consistency_weight=0.0375 js_raw=0.03155475854873657 lr=0.1 nat_kd=0.00962504930794239 pcgrad_conflicts=0 push=0.044507987797260284 push_term=0.0022253994829952717 student_updates=1 teacher_ce=0.44243162870407104 teacher_lr=8.032799481590585e-05 teacher_margin=0.6649011373519897 teacher_margin_term=0.0 teacher_updates=1 temp_adv=1.0979999999999892 temp_nat=3.6549999999997076 temperature_updates=1 total_loss=0.038353513926267624 views=2
2026-09-17 21:40:46.248 | INFO     | __main__:<module>:492 - METHOD_BATCH epoch=123 step=300 adv_kd=0.03181992098689079 awp_gamma=7.5e-05 awp_relative_norm_max=7.500001811422408e-05 clean_ce=0.18468284606933594 clean_ce_term=0.0003462803433649242 consistency_term=0.00010598399967420846 consistency_weight=0.0375 js_raw=0.02826239913702011 lr=0.1 nat_kd=0.016324058175086975 pcgrad_conflicts=0 push=0.03485395759344101 push_term=0.001742697786539793 student_updates=1 teacher_ce=0.5003953576087952 teacher_lr=8.032799481590585e-05 teacher_margin=0.7088733315467834 teacher_margin_term=0.0 teacher_updates=1 temp_adv=1.1019999999999888 temp_nat=3.650999999999708 temperature_updates=1 total_loss=0.05033893883228302 views=2
2026-09-17 21:42:33.892 | INFO     | __main__:<module>:870 - TRAIN_EPOCH_RESOURCE epoch=123 seconds=468.123743288219 peak_allocated_bytes=8125391360
2026-09-17 21:42:33.893 | INFO     | __main__:<module>:477 - METHOD epoch=124 views=2 awp_gamma=0.0001 consistency_weight=0.05
2026-09-17 21:42:33.893 | INFO     | __main__:<module>:480 - the 124th epoch 
2026-09-17 21:42:35.104 | INFO     | __main__:<module>:492 - METHOD_BATCH epoch=124 step=0 adv_kd=0.025972669944167137 awp_gamma=0.0001 awp_relative_norm_max=0.00010000001202570274 clean_ce=0.17857220768928528 clean_ce_term=0.00044643052387982607 consistency_term=0.00017864500114228576 consistency_weight=0.05 js_raw=0.035728998482227325 lr=0.1 nat_kd=0.014787878841161728 pcgrad_conflicts=0 push=0.046223461627960205 push_term=0.002311173127964139 student_updates=1 teacher_ce=0.6076295077800751 teacher_lr=7.982527878847149e-05 teacher_margin=0.6705472469329834 teacher_margin_term=0.0 teacher_updates=1 temp_adv=1.098999999999989 temp_nat=3.6539999999997077 temperature_updates=1 total_loss=0.043696798384189606 views=2
2026-09-17 21:44:34.267 | INFO     | __main__:<module>:492 - METHOD_BATCH epoch=124 step=100 adv_kd=0.029220307245850563 awp_gamma=0.0001 awp_relative_norm_max=0.00010000001202570274 clean_ce=0.17194011807441711 clean_ce_term=0.00042985030449926853 consistency_term=0.00016706738097127527 consistency_weight=0.05 js_raw=0.03341347724199295 lr=0.1 nat_kd=0.013097264803946018 pcgrad_conflicts=0 push=0.03758120909333229 push_term=0.0018790604081004858 student_updates=1 teacher_ce=0.5572858154773712 teacher_lr=7.982527878847149e-05 teacher_margin=0.6930914521217346 teacher_margin_term=0.0 teacher_updates=1 temp_adv=1.098999999999989 temp_nat=3.6539999999997077 temperature_updates=1 total_loss=0.04479354992508888 views=2
2026-09-17 21:46:33.952 | INFO     | __main__:<module>:492 - METHOD_BATCH epoch=124 step=200 adv_kd=0.025549478828907013 awp_gamma=0.0001 awp_relative_norm_max=0.00010000001202570274 clean_ce=0.1690545380115509 clean_ce_term=0.00042263633804395795 consistency_term=0.00017614339594729245 consistency_weight=0.05 js_raw=0.0352286770939827 lr=0.1 nat_kd=0.012932928279042244 pcgrad_conflicts=0 push=0.03466477245092392 push_term=0.0017332385759800673 student_updates=1 teacher_ce=0.5401099324226379 teacher_lr=7.982527878847149e-05 teacher_margin=0.7210984826087952 teacher_margin_term=0.0 teacher_updates=1 temp_adv=1.1009999999999889 temp_nat=3.651999999999708 temperature_updates=1 total_loss=0.04081442579627037 views=2
2026-09-17 21:48:33.961 | INFO     | __main__:<module>:492 - METHOD_BATCH epoch=124 step=300 adv_kd=0.02528032287955284 awp_gamma=0.0001 awp_relative_norm_max=0.00010000001202570274 clean_ce=0.19376999139785767 clean_ce_term=0.0004844249924644828 consistency_term=0.0001510668225819245 consistency_weight=0.05 js_raw=0.030213363468647003 lr=0.1 nat_kd=0.015137879177927971 pcgrad_conflicts=0 push=0.03746393695473671 push_term=0.0018731968011707067 student_updates=1 teacher_ce=0.6124961376190186 teacher_lr=7.982527878847149e-05 teacher_margin=0.5698235630989075 teacher_margin_term=0.0 teacher_updates=1 temp_adv=1.1069999999999882 temp_nat=3.6459999999997086 temperature_updates=1 total_loss=0.04292689263820648 views=2
2026-09-17 21:50:22.836 | INFO     | __main__:<module>:870 - TRAIN_EPOCH_RESOURCE epoch=124 seconds=468.9426616318524 peak_allocated_bytes=8125391360
2026-09-17 21:50:22.837 | INFO     | __main__:<module>:477 - METHOD epoch=125 views=2 awp_gamma=0.000125 consistency_weight=0.0625
2026-09-17 21:50:22.837 | INFO     | __main__:<module>:480 - the 125th epoch 
2026-09-17 21:50:24.050 | INFO     | __main__:<module>:492 - METHOD_BATCH epoch=125 step=0 adv_kd=0.023138167336583138 awp_gamma=0.000125 awp_relative_norm_max=0.00012500002048909664 clean_ce=0.16582608222961426 clean_ce_term=0.0005182065069675446 consistency_term=0.00019605531997513026 consistency_weight=0.0625 js_raw=0.03136885166168213 lr=0.1 nat_kd=0.009715322405099869 pcgrad_conflicts=0 push=0.03327983245253563 push_term=0.001663991715759039 student_updates=1 teacher_ce=0.5139566659927368 teacher_lr=7.931784442127823e-05 teacher_margin=0.5923653841018677 teacher_margin_term=0.0 teacher_updates=1 temp_adv=1.0939999999999896 temp_nat=3.658999999999707 temperature_updates=1 total_loss=0.03523174300789833 views=2
2026-09-17 21:52:23.207 | INFO     | __main__:<module>:492 - METHOD_BATCH epoch=125 step=100 adv_kd=0.02811969630420208 awp_gamma=0.000125 awp_relative_norm_max=0.00012500002048909664 clean_ce=0.1750764548778534 clean_ce_term=0.0005471139447763562 consistency_term=0.00026377892936579883 consistency_weight=0.0625 js_raw=0.04220462590456009 lr=0.1 nat_kd=0.013342615216970444 pcgrad_conflicts=0 push=0.03463129699230194 push_term=0.0017315649893134832 student_updates=1 teacher_ce=0.558310329914093 teacher_lr=7.931784442127823e-05 teacher_margin=0.6324367523193359 teacher_margin_term=0.0 teacher_updates=1 temp_adv=1.0979999999999892 temp_nat=3.6549999999997076 temperature_updates=1 total_loss=0.04400476813316345 views=2
2026-09-17 21:54:22.173 | INFO     | __main__:<module>:492 - METHOD_BATCH epoch=125 step=200 adv_kd=0.035241447389125824 awp_gamma=0.000125 awp_relative_norm_max=0.00012500002048909664 clean_ce=0.16173918545246124 clean_ce_term=0.000505434931255877 consistency_term=0.00023204825993161649 consistency_weight=0.0625 js_raw=0.037127722054719925 lr=0.1 nat_kd=0.01445857249200344 pcgrad_conflicts=0 push=0.04106467217206955 push_term=0.0020532337948679924 student_updates=1 teacher_ce=0.5402750670909882 teacher_lr=7.931784442127823e-05 teacher_margin=0.7590499520301819 teacher_margin_term=0.0 teacher_updates=1 temp_adv=1.1039999999999885 temp_nat=3.6489999999997083 temperature_updates=1 total_loss=0.052490733563899994 views=2
2026-09-17 21:56:22.413 | INFO     | __main__:<module>:492 - METHOD_BATCH epoch=125 step=300 adv_kd=0.03169025480747223 awp_gamma=0.000125 awp_relative_norm_max=0.00012500002048909664 clean_ce=0.17704150080680847 clean_ce_term=0.0005532547365874052 consistency_term=0.00016893944120965898 consistency_weight=0.0625 js_raw=0.027030309662222862 lr=0.1 nat_kd=0.01577911525964737 pcgrad_conflicts=0 push=0.039412036538124084 push_term=0.0019706017337739468 student_updates=1 teacher_ce=0.5524105727672577 teacher_lr=7.931784442127823e-05 teacher_margin=0.722229540348053 teacher_margin_term=0.0 teacher_updates=1 temp_adv=1.0979999999999892 temp_nat=3.6549999999997076 temperature_updates=1 total_loss=0.05016216263175011 views=2
2026-09-17 21:58:09.971 | INFO     | __main__:<module>:870 - TRAIN_EPOCH_RESOURCE epoch=125 seconds=467.13360711559653 peak_allocated_bytes=8125391360
2026-09-17 21:58:09.971 | INFO     | __main__:<module>:477 - METHOD epoch=126 views=2 awp_gamma=0.00015 consistency_weight=0.075
2026-09-17 21:58:09.971 | INFO     | __main__:<module>:480 - the 126th epoch 
2026-09-17 21:58:11.159 | INFO     | __main__:<module>:492 - METHOD_BATCH epoch=126 step=0 adv_kd=0.026379656046628952 awp_gamma=0.00015 awp_relative_norm_max=0.00015000002167653292 clean_ce=0.16415323317050934 clean_ce_term=0.0006155746523290873 consistency_term=0.00017531195771880448 consistency_weight=0.075 js_raw=0.023374926298856735 lr=0.1 nat_kd=0.010984987020492554 pcgrad_conflicts=0 push=0.03968677669763565 push_term=0.001984338741749525 student_updates=1 teacher_ce=0.5122120380401611 teacher_lr=7.88057723652648e-05 teacher_margin=0.6536192893981934 teacher_margin_term=0.0 teacher_updates=1 temp_adv=1.0889999999999902 temp_nat=3.6639999999997066 temperature_updates=1 total_loss=0.04013986885547638 views=2
2026-09-17 22:00:10.132 | INFO     | __main__:<module>:492 - METHOD_BATCH epoch=126 step=100 adv_kd=0.029394319280982018 awp_gamma=0.00015 awp_relative_norm_max=0.00015000002167653292 clean_ce=0.18261121213436127 clean_ce_term=0.0006847920594736934 consistency_term=0.0003116472507826984 consistency_weight=0.075 js_raw=0.041552964597940445 lr=0.1 nat_kd=0.014199499040842056 pcgrad_conflicts=0 push=0.04178274795413017 push_term=0.0020891374442726374 student_updates=1 teacher_ce=0.6291798651218414 teacher_lr=7.88057723652648e-05 teacher_margin=0.7091667652130127 teacher_margin_term=0.0 teacher_updates=1 temp_adv=1.108999999999988 temp_nat=3.643999999999709 temperature_updates=1 total_loss=0.04667939245700836 views=2
2026-09-17 22:02:08.646 | INFO     | __main__:<module>:492 - METHOD_BATCH epoch=126 step=200 adv_kd=0.03096041828393936 awp_gamma=0.00015 awp_relative_norm_max=0.00015000002167653292 clean_ce=0.20016542077064514 clean_ce_term=0.0007506202673539519 consistency_term=0.0004212780040688813 consistency_weight=0.075 js_raw=0.056170396506786346 lr=0.1 nat_kd=0.017851755023002625 pcgrad_conflicts=0 push=0.038054872304201126 push_term=0.0019027437083423138 student_updates=1 teacher_ce=0.5006163567304611 teacher_lr=7.88057723652648e-05 teacher_margin=0.7119254469871521 teacher_margin_term=0.0 teacher_updates=1 temp_adv=1.1009999999999889 temp_nat=3.651999999999708 temperature_updates=1 total_loss=0.05188681185245514 views=2
2026-09-17 22:04:07.708 | INFO     | __main__:<module>:492 - METHOD_BATCH epoch=126 step=300 adv_kd=0.032092250883579254 awp_gamma=0.00015 awp_relative_norm_max=0.00015000002167653292 clean_ce=0.18996122479438782 clean_ce_term=0.0007123546092770994 consistency_term=0.00019449880346655846 consistency_weight=0.075 js_raw=0.025933172553777695 lr=0.1 nat_kd=0.014837320894002914 pcgrad_conflicts=0 push=0.0392250195145607 push_term=0.0019612510222941637 student_updates=1 teacher_ce=0.47965626418590546 teacher_lr=7.88057723652648e-05 teacher_margin=0.7463831901550293 teacher_margin_term=0.0 teacher_updates=1 temp_adv=1.098999999999989 temp_nat=3.6539999999997077 temperature_updates=1 total_loss=0.049797676503658295 views=2
2026-09-17 22:05:54.407 | INFO     | __main__:<module>:870 - TRAIN_EPOCH_RESOURCE epoch=126 seconds=464.4349461235106 peak_allocated_bytes=8125391360
2026-09-17 22:05:54.410 | INFO     | __main__:<module>:477 - METHOD epoch=127 views=2 awp_gamma=0.000175 consistency_weight=0.0875
2026-09-17 22:05:54.410 | INFO     | __main__:<module>:480 - the 127th epoch 
2026-09-17 22:05:55.600 | INFO     | __main__:<module>:492 - METHOD_BATCH epoch=127 step=0 adv_kd=0.031136125326156616 awp_gamma=0.000175 awp_relative_norm_max=0.0001750000228639692 clean_ce=0.19170400500297546 clean_ce_term=0.0008387049892917275 consistency_term=0.000509310862980783 consistency_weight=0.0875 js_raw=0.0582069531083107 lr=0.1 nat_kd=0.017611049115657806 pcgrad_conflicts=0 push=0.0343194417655468 push_term=0.00171597208827734 student_updates=1 teacher_ce=0.5154646933078766 teacher_lr=7.828914400472826e-05 teacher_margin=0.8108505606651306 teacher_margin_term=0.0 teacher_updates=1 temp_adv=1.099999999999989 temp_nat=3.652999999999708 temperature_updates=1 total_loss=0.051811158657073975 views=2
2026-09-17 22:07:54.110 | INFO     | __main__:<module>:492 - METHOD_BATCH epoch=127 step=100 adv_kd=0.02948666363954544 awp_gamma=0.000175 awp_relative_norm_max=0.0001750000228639692 clean_ce=0.19050130248069763 clean_ce_term=0.0008334431913681328 consistency_term=0.0003359394904691726 consistency_weight=0.0875 js_raw=0.038393083959817886 lr=0.1 nat_kd=0.015945658087730408 pcgrad_conflicts=0 push=0.037093229591846466 push_term=0.0018546615028753877 student_updates=1 teacher_ce=0.5085268914699554 teacher_lr=7.828914400472826e-05 teacher_margin=0.6934071779251099 teacher_margin_term=0.0 teacher_updates=1 temp_adv=1.1059999999999883 temp_nat=3.6469999999997085 temperature_updates=1 total_loss=0.04845636337995529 views=2
2026-09-17 22:09:53.525 | INFO     | __main__:<module>:492 - METHOD_BATCH epoch=127 step=200 adv_kd=0.03208564966917038 awp_gamma=0.000175 awp_relative_norm_max=0.00017500000831205398 clean_ce=0.16930484771728516 clean_ce_term=0.0007407086668536067 consistency_term=0.0003660761285573244 consistency_weight=0.0875 js_raw=0.04183727130293846 lr=0.1 nat_kd=0.010297451168298721 pcgrad_conflicts=0 push=0.04543960094451904 push_term=0.002271980047225952 student_updates=1 teacher_ce=0.369677409529686 teacher_lr=7.828914400472826e-05 teacher_margin=0.8020415902137756 teacher_margin_term=0.0 teacher_updates=1 temp_adv=1.0979999999999892 temp_nat=3.6549999999997076 temperature_updates=1 total_loss=0.04576186463236809 views=2
2026-09-17 22:11:52.718 | INFO     | __main__:<module>:492 - METHOD_BATCH epoch=127 step=300 adv_kd=0.027588587254285812 awp_gamma=0.000175 awp_relative_norm_max=0.0001750000228639692 clean_ce=0.17878124117851257 clean_ce_term=0.0007821679464541376 consistency_term=0.0002507873286958784 consistency_weight=0.0875 js_raw=0.02866140939295292 lr=0.1 nat_kd=0.01581767201423645 pcgrad_conflicts=0 push=0.04788246750831604 push_term=0.0023941234685480595 student_updates=1 teacher_ce=0.5693429112434387 teacher_lr=7.828914400472826e-05 teacher_margin=0.636838436126709 teacher_margin_term=0.0 teacher_updates=1 temp_adv=1.1019999999999888 temp_nat=3.650999999999708 temperature_updates=1 total_loss=0.046833336353302 views=2
2026-09-17 22:13:38.474 | INFO     | __main__:<module>:870 - TRAIN_EPOCH_RESOURCE epoch=127 seconds=464.0629866980016 peak_allocated_bytes=8125391360
2026-09-17 22:13:38.475 | INFO     | __main__:<module>:477 - METHOD epoch=128 views=2 awp_gamma=0.0002 consistency_weight=0.1
2026-09-17 22:13:38.475 | INFO     | __main__:<module>:480 - the 128th epoch 
2026-09-17 22:13:39.666 | INFO     | __main__:<module>:492 - METHOD_BATCH epoch=128 step=0 adv_kd=0.025113606825470924 awp_gamma=0.0002 awp_relative_norm_max=0.0002000000240514055 clean_ce=0.1734345406293869 clean_ce_term=0.000867172668222338 consistency_term=0.0003638649359345436 consistency_weight=0.1 js_raw=0.03638649359345436 lr=0.1 nat_kd=0.010191538371145725 pcgrad_conflicts=0 push=0.044571325182914734 push_term=0.002228566212579608 student_updates=1 teacher_ce=0.48515672981739044 teacher_lr=7.776804144425558e-05 teacher_margin=0.6552164554595947 teacher_margin_term=0.0 teacher_updates=1 temp_adv=1.1049999999999884 temp_nat=3.6479999999997084 temperature_updates=1 total_loss=0.03876475244760513 views=2
2026-09-17 22:15:38.277 | INFO     | __main__:<module>:492 - METHOD_BATCH epoch=128 step=100 adv_kd=0.025060094892978668 awp_gamma=0.0002 awp_relative_norm_max=0.0002000000240514055 clean_ce=0.1757303774356842 clean_ce_term=0.0008786518592387438 consistency_term=0.00039374278276227415 consistency_weight=0.1 js_raw=0.039374276995658875 lr=0.1 nat_kd=0.012460587546229362 pcgrad_conflicts=0 push=0.04331308603286743 push_term=0.002165654208511114 student_updates=1 teacher_ce=0.5336675643920898 teacher_lr=7.776804144425558e-05 teacher_margin=0.596656322479248 teacher_margin_term=0.0 teacher_updates=1 temp_adv=1.1009999999999889 temp_nat=3.651999999999708 temperature_updates=1 total_loss=0.04095873609185219 views=2
2026-09-17 22:17:36.713 | INFO     | __main__:<module>:492 - METHOD_BATCH epoch=128 step=200 adv_kd=0.029036995023489 awp_gamma=0.0002 awp_relative_norm_max=0.0002000000240514055 clean_ce=0.1774473637342453 clean_ce_term=0.0008872367907315493 consistency_term=0.00028837646823376417 consistency_weight=0.1 js_raw=0.028837647289037704 lr=0.1 nat_kd=0.016386231407523155 pcgrad_conflicts=0 push=0.04183027520775795 push_term=0.0020915139466524124 student_updates=1 teacher_ce=0.5720243453979492 teacher_lr=7.776804144425558e-05 teacher_margin=0.6722197532653809 teacher_margin_term=0.0 teacher_updates=1 temp_adv=1.1029999999999887 temp_nat=3.649999999999708 temperature_updates=1 total_loss=0.04869035258889198 views=2
2026-09-17 22:19:35.322 | INFO     | __main__:<module>:492 - METHOD_BATCH epoch=128 step=300 adv_kd=0.03373396396636963 awp_gamma=0.0002 awp_relative_norm_max=0.0002000000240514055 clean_ce=0.16370049118995667 clean_ce_term=0.0008185025071725249 consistency_term=0.0005181923042982817 consistency_weight=0.1 js_raw=0.05181923136115074 lr=0.1 nat_kd=0.011509686708450317 pcgrad_conflicts=0 push=0.04168563336133957 push_term=0.002084281761199236 student_updates=1 teacher_ce=0.47308850288391113 teacher_lr=7.776804144425558e-05 teacher_margin=0.745036244392395 teacher_margin_term=0.0 teacher_updates=1 temp_adv=1.1069999999999882 temp_nat=3.6459999999997086 temperature_updates=1 total_loss=0.04866462200880051 views=2
2026-09-17 22:21:22.481 | INFO     | __main__:<module>:870 - TRAIN_EPOCH_RESOURCE epoch=128 seconds=464.00430376827717 peak_allocated_bytes=8125391360
2026-09-17 22:21:22.485 | INFO     | __main__:<module>:477 - METHOD epoch=129 views=2 awp_gamma=0.00022500000000000002 consistency_weight=0.1125
2026-09-17 22:21:22.485 | INFO     | __main__:<module>:480 - the 129th epoch 
2026-09-17 22:21:23.677 | INFO     | __main__:<module>:492 - METHOD_BATCH epoch=129 step=0 adv_kd=0.02694113738834858 awp_gamma=0.00022500000000000002 awp_relative_norm_max=0.00022500002523884177 clean_ce=0.17937737703323364 clean_ce_term=0.001008997787721455 consistency_term=0.00035574621870182455 consistency_weight=0.1125 js_raw=0.031621888279914856 lr=0.1 nat_kd=0.01149488054215908 pcgrad_conflicts=0 push=0.04408414289355278 push_term=0.0022042072378098965 student_updates=1 teacher_ce=0.48143628239631653 teacher_lr=7.724254749554032e-05 teacher_margin=0.6871941685676575 teacher_margin_term=0.0 teacher_updates=1 temp_adv=1.1019999999999888 temp_nat=3.650999999999708 temperature_updates=1 total_loss=0.04200496897101402 views=2
2026-09-17 22:23:22.412 | INFO     | __main__:<module>:492 - METHOD_BATCH epoch=129 step=100 adv_kd=0.027400139719247818 awp_gamma=0.00022500000000000002 awp_relative_norm_max=0.00022500002523884177 clean_ce=0.1817398965358734 clean_ce_term=0.0010222869459539652 consistency_term=0.0003332523338031024 consistency_weight=0.1125 js_raw=0.029622431844472885 lr=0.1 nat_kd=0.013365529477596283 pcgrad_conflicts=0 push=0.03491400554776192 push_term=0.0017457003705203533 student_updates=1 teacher_ce=0.6065377295017242 teacher_lr=7.724254749554032e-05 teacher_margin=0.5898604393005371 teacher_margin_term=0.0 teacher_updates=1 temp_adv=1.107999999999988 temp_nat=3.6449999999997087 temperature_updates=1 total_loss=0.04386690631508827 views=2
2026-09-17 22:25:21.116 | INFO     | __main__:<module>:492 - METHOD_BATCH epoch=129 step=200 adv_kd=0.023804957047104836 awp_gamma=0.00022500000000000002 awp_relative_norm_max=0.00022500002523884177 clean_ce=0.18640738725662231 clean_ce_term=0.0010485416278243065 consistency_term=0.0003431196673773229 consistency_weight=0.1125 js_raw=0.030499525368213654 lr=0.1 nat_kd=0.012580391019582748 pcgrad_conflicts=0 push=0.04358295351266861 push_term=0.0021791476756334305 student_updates=1 teacher_ce=0.4804815948009491 teacher_lr=7.724254749554032e-05 teacher_margin=0.6134110689163208 teacher_margin_term=0.0 teacher_updates=1 temp_adv=1.1059999999999883 temp_nat=3.6469999999997085 temperature_updates=1 total_loss=0.03995615616440773 views=2
2026-09-17 22:27:19.532 | INFO     | __main__:<module>:492 - METHOD_BATCH epoch=129 step=300 adv_kd=0.030043361708521843 awp_gamma=0.00022500000000000002 awp_relative_norm_max=0.00022500002523884177 clean_ce=0.17422738671302795 clean_ce_term=0.0009800291154533625 consistency_term=0.0004676640091929585 consistency_weight=0.1125 js_raw=0.041570134460926056 lr=0.1 nat_kd=0.013693862594664097 pcgrad_conflicts=0 push=0.04151443392038345 push_term=0.0020757215097546577 student_updates=1 teacher_ce=0.46517960727214813 teacher_lr=7.724254749554032e-05 teacher_margin=0.7328790426254272 teacher_margin_term=0.0 teacher_updates=1 temp_adv=1.1019999999999888 temp_nat=3.650999999999708 temperature_updates=1 total_loss=0.04726064205169678 views=2
2026-09-17 22:29:05.894 | INFO     | __main__:<module>:870 - TRAIN_EPOCH_RESOURCE epoch=129 seconds=463.40605648607016 peak_allocated_bytes=8125391360
2026-09-17 22:29:05.894 | INFO     | __main__:<module>:477 - METHOD epoch=130 views=2 awp_gamma=0.00025 consistency_weight=0.125
2026-09-17 22:29:05.894 | INFO     | __main__:<module>:480 - the 130th epoch 
2026-09-17 22:29:07.078 | INFO     | __main__:<module>:492 - METHOD_BATCH epoch=130 step=0 adv_kd=0.024155229330062866 awp_gamma=0.00025 awp_relative_norm_max=0.0002500000409781933 clean_ce=0.18713553249835968 clean_ce_term=0.0011695970315486193 consistency_term=0.00029199692653492093 consistency_weight=0.125 js_raw=0.0233597531914711 lr=0.1 nat_kd=0.013254140503704548 pcgrad_conflicts=0 push=0.0477617084980011 push_term=0.0023880857042968273 student_updates=1 teacher_ce=0.49475395679473877 teacher_lr=7.671274566408601e-05 teacher_margin=0.6381713151931763 teacher_margin_term=0.0 teacher_updates=1 temp_adv=1.1049999999999884 temp_nat=3.6479999999997084 temperature_updates=1 total_loss=0.041259050369262695 views=2
2026-09-17 22:31:05.817 | INFO     | __main__:<module>:492 - METHOD_BATCH epoch=130 step=100 adv_kd=0.02856219932436943 awp_gamma=0.00025 awp_relative_norm_max=0.0002500000409781933 clean_ce=0.17170149087905884 clean_ce_term=0.0010731343645602465 consistency_term=0.00045018340460956097 consistency_weight=0.125 js_raw=0.03601467236876488 lr=0.1 nat_kd=0.012652738019824028 pcgrad_conflicts=0 push=0.033824753016233444 push_term=0.0016912377905100584 student_updates=1 teacher_ce=0.48195189237594604 teacher_lr=7.671274566408601e-05 teacher_margin=0.720271110534668 teacher_margin_term=0.0 teacher_updates=1 temp_adv=1.098999999999989 temp_nat=3.6539999999997077 temperature_updates=1 total_loss=0.04442949220538139 views=2
2026-09-17 22:33:05.132 | INFO     | __main__:<module>:492 - METHOD_BATCH epoch=130 step=200 adv_kd=0.027234330773353577 awp_gamma=0.00025 awp_relative_norm_max=0.0002500000409781933 clean_ce=0.1923992782831192 clean_ce_term=0.0012024955358356237 consistency_term=0.00039475347148254514 consistency_weight=0.125 js_raw=0.031580276787281036 lr=0.1 nat_kd=0.016757821664214134 pcgrad_conflicts=0 push=0.03942791000008583 push_term=0.001971395453438163 student_updates=1 teacher_ce=0.6075685322284698 teacher_lr=7.671274566408601e-05 teacher_margin=0.6890289187431335 teacher_margin_term=0.0 teacher_updates=1 temp_adv=1.098999999999989 temp_nat=3.6539999999997077 temperature_updates=1 total_loss=0.04756079986691475 views=2
2026-09-17 22:35:04.539 | INFO     | __main__:<module>:492 - METHOD_BATCH epoch=130 step=300 adv_kd=0.031193723902106285 awp_gamma=0.00025 awp_relative_norm_max=0.0002500000409781933 clean_ce=0.1979750096797943 clean_ce_term=0.0012373438803479075 consistency_term=0.0004838271124754101 consistency_weight=0.125 js_raw=0.03870616853237152 lr=0.1 nat_kd=0.0141063891351223 pcgrad_conflicts=0 push=0.036921653896570206 push_term=0.001846082741394639 student_updates=1 teacher_ce=0.4900890439748764 teacher_lr=7.671274566408601e-05 teacher_margin=0.7991898059844971 teacher_margin_term=0.0 teacher_updates=1 temp_adv=1.1009999999999889 temp_nat=3.651999999999708 temperature_updates=1 total_loss=0.048867367208004 views=2
2026-09-17 22:36:51.780 | INFO     | __main__:<module>:870 - TRAIN_EPOCH_RESOURCE epoch=130 seconds=465.88524597883224 peak_allocated_bytes=8125391360
2026-09-17 22:37:24.273 | INFO     | __main__:<module>:927 - student robust acc 0.5238, teacher robust acc 0.6789, nat teacher robust acc 0.4916
2026-09-17 22:37:31.060 | INFO     | __main__:<module>:998 - best accuracy:0.69885
2026-09-17 22:37:31.060 | INFO     | __main__:<module>:1001 - student natural acc 0.8739, adv teacher natural acc 0.8734, nat teacher natural acc 0.9318
2026-09-17 22:37:31.064 | INFO     | __main__:<module>:477 - METHOD epoch=131 views=2 awp_gamma=0.000275 consistency_weight=0.1375
2026-09-17 22:37:31.064 | INFO     | __main__:<module>:480 - the 131th epoch 
2026-09-17 22:37:32.274 | INFO     | __main__:<module>:492 - METHOD_BATCH epoch=131 step=0 adv_kd=0.029674803838133812 awp_gamma=0.000275 awp_relative_norm_max=0.00027500002761371434 clean_ce=0.19647109508514404 clean_ce_term=0.0013507386902347207 consistency_term=0.0005201690946705639 consistency_weight=0.1375 js_raw=0.03783047944307327 lr=0.1 nat_kd=0.014124867506325245 pcgrad_conflicts=0 push=0.03748120367527008 push_term=0.0018740601371973753 student_updates=1 teacher_ce=0.568932831287384 teacher_lr=7.61787201357989e-05 teacher_margin=0.6774585247039795 teacher_margin_term=0.0 teacher_updates=1 temp_adv=1.1059999999999883 temp_nat=3.6469999999997085 temperature_updates=1 total_loss=0.04754464328289032 views=2
2026-09-17 22:39:31.827 | INFO     | __main__:<module>:492 - METHOD_BATCH epoch=131 step=100 adv_kd=0.03741956129670143 awp_gamma=0.000275 awp_relative_norm_max=0.00027500002761371434 clean_ce=0.16899843513965607 clean_ce_term=0.001161864260211587 consistency_term=0.0011455328203737736 consistency_weight=0.1375 js_raw=0.08331147581338882 lr=0.1 nat_kd=0.013360348530113697 pcgrad_conflicts=0 push=0.05442981421947479 push_term=0.002721490804105997 student_updates=1 teacher_ce=0.5351943075656891 teacher_lr=7.61787201357989e-05 teacher_margin=0.8087052702903748 teacher_margin_term=0.0 teacher_updates=1 temp_adv=1.1099999999999879 temp_nat=3.642999999999709 temperature_updates=1 total_loss=0.05580879747867584 views=2
2026-09-17 22:41:30.120 | INFO     | __main__:<module>:492 - METHOD_BATCH epoch=131 step=200 adv_kd=0.028538592159748077 awp_gamma=0.000275 awp_relative_norm_max=0.00027500002761371434 clean_ce=0.1665312647819519 clean_ce_term=0.0011449025478214025 consistency_term=0.0005921343108639121 consistency_weight=0.1375 js_raw=0.043064311146736145 lr=0.1 nat_kd=0.00986155029386282 pcgrad_conflicts=0 push=0.054237861186265945 push_term=0.0027118930593132973 student_updates=1 teacher_ce=0.4930046796798706 teacher_lr=7.61787201357989e-05 teacher_margin=0.666347324848175 teacher_margin_term=0.0 teacher_updates=1 temp_adv=1.0979999999999892 temp_nat=3.6549999999997076 temperature_updates=1 total_loss=0.04284907132387161 views=2
2026-09-17 22:43:28.126 | INFO     | __main__:<module>:492 - METHOD_BATCH epoch=131 step=300 adv_kd=0.022166229784488678 awp_gamma=0.000275 awp_relative_norm_max=0.00027500002761371434 clean_ce=0.18123412132263184 clean_ce_term=0.0012459845747798681 consistency_term=0.00046454244875349104 consistency_weight=0.1375 js_raw=0.0337849035859108 lr=0.1 nat_kd=0.013307899236679077 pcgrad_conflicts=0 push=0.03380858898162842 push_term=0.0016904296353459358 student_updates=1 teacher_ce=0.5344600677490234 teacher_lr=7.61787201357989e-05 teacher_margin=0.522223949432373 teacher_margin_term=0.0 teacher_updates=1 temp_adv=1.1019999999999888 temp_nat=3.650999999999708 temperature_updates=1 total_loss=0.03887508809566498 views=2
2026-09-17 22:45:14.047 | INFO     | __main__:<module>:870 - TRAIN_EPOCH_RESOURCE epoch=131 seconds=462.9823785685003 peak_allocated_bytes=8127488512
2026-09-17 22:45:14.047 | INFO     | __main__:<module>:477 - METHOD epoch=132 views=2 awp_gamma=0.0003 consistency_weight=0.15
2026-09-17 22:45:14.048 | INFO     | __main__:<module>:480 - the 132th epoch 
2026-09-17 22:45:15.227 | INFO     | __main__:<module>:492 - METHOD_BATCH epoch=132 step=0 adv_kd=0.02606755867600441 awp_gamma=0.0003 awp_relative_norm_max=0.00030000004335306585 clean_ce=0.1689956933259964 clean_ce_term=0.001267467625439167 consistency_term=0.0004814853018615395 consistency_weight=0.15 js_raw=0.03209901973605156 lr=0.1 nat_kd=0.010415401309728622 pcgrad_conflicts=0 push=0.040915437042713165 push_term=0.0020457718055695295 student_updates=1 teacher_ce=0.4793335199356079 teacher_lr=7.564055576347172e-05 teacher_margin=0.6582841873168945 teacher_margin_term=0.0 teacher_updates=1 temp_adv=1.1029999999999887 temp_nat=3.649999999999708 temperature_updates=1 total_loss=0.04027768224477768 views=2
2026-09-17 22:47:13.992 | INFO     | __main__:<module>:492 - METHOD_BATCH epoch=132 step=100 adv_kd=0.024511687457561493 awp_gamma=0.0003 awp_relative_norm_max=0.00030000004335306585 clean_ce=0.1682892143726349 clean_ce_term=0.001262169098481536 consistency_term=0.0005234316340647638 consistency_weight=0.15 js_raw=0.03489544242620468 lr=0.1 nat_kd=0.011340023949742317 pcgrad_conflicts=0 push=0.04165564104914665 push_term=0.0020827820990234613 student_updates=1 teacher_ce=0.46694764494895935 teacher_lr=7.564055576347172e-05 teacher_margin=0.5863152742385864 teacher_margin_term=0.0 teacher_updates=1 temp_adv=1.1109999999999878 temp_nat=3.641999999999709 temperature_updates=1 total_loss=0.039720095694065094 views=2
2026-09-17 22:49:13.268 | INFO     | __main__:<module>:492 - METHOD_BATCH epoch=132 step=200 adv_kd=0.027966657653450966 awp_gamma=0.0003 awp_relative_norm_max=0.00030000004335306585 clean_ce=0.16806352138519287 clean_ce_term=0.0012604764197021723 consistency_term=0.00045722132199443877 consistency_weight=0.15 js_raw=0.03048141859471798 lr=0.1 nat_kd=0.013561268337070942 pcgrad_conflicts=0 push=0.0350034162402153 push_term=0.0017501707188785076 student_updates=1 teacher_ce=0.5770236551761627 teacher_lr=7.564055576347172e-05 teacher_margin=0.6737587451934814 teacher_margin_term=0.0 teacher_updates=1 temp_adv=1.1049999999999884 temp_nat=3.6479999999997084 temperature_updates=1 total_loss=0.04499579221010208 views=2
2026-09-17 22:51:13.002 | INFO     | __main__:<module>:492 - METHOD_BATCH epoch=132 step=300 adv_kd=0.027707088738679886 awp_gamma=0.0003 awp_relative_norm_max=0.00030000004335306585 clean_ce=0.1676924228668213 clean_ce_term=0.001257693162187934 consistency_term=0.000554387632291764 consistency_weight=0.15 js_raw=0.036959171295166016 lr=0.1 nat_kd=0.012225722894072533 pcgrad_conflicts=0 push=0.04452574998140335 push_term=0.0022262874990701675 student_updates=1 teacher_ce=0.4130195528268814 teacher_lr=7.564055576347172e-05 teacher_margin=0.72654128074646 teacher_margin_term=0.0 teacher_updates=1 temp_adv=1.1029999999999887 temp_nat=3.649999999999708 temperature_updates=1 total_loss=0.04397117719054222 views=2
2026-09-17 22:53:00.426 | INFO     | __main__:<module>:870 - TRAIN_EPOCH_RESOURCE epoch=132 seconds=466.3776341304183 peak_allocated_bytes=8127488512
2026-09-17 22:53:00.426 | INFO     | __main__:<module>:477 - METHOD epoch=133 views=2 awp_gamma=0.00032500000000000004 consistency_weight=0.1625
2026-09-17 22:53:00.426 | INFO     | __main__:<module>:480 - the 133th epoch 
2026-09-17 22:53:01.615 | INFO     | __main__:<module>:492 - METHOD_BATCH epoch=133 step=0 adv_kd=0.02553461492061615 awp_gamma=0.00032500000000000004 awp_relative_norm_max=0.0003250000299885869 clean_ce=0.15897762775421143 clean_ce_term=0.0012916931882500648 consistency_term=0.0005222665495239198 consistency_weight=0.1625 js_raw=0.032139480113983154 lr=0.1 nat_kd=0.010247917845845222 pcgrad_conflicts=0 push=0.03645440936088562 push_term=0.0018227205146104097 student_updates=1 teacher_ce=0.5107419043779373 teacher_lr=7.509833805316117e-05 teacher_margin=0.5972962975502014 teacher_margin_term=0.0 teacher_updates=1 temp_adv=1.107999999999988 temp_nat=3.6449999999997087 temperature_updates=1 total_loss=0.039419207721948624 views=2
2026-09-17 22:55:00.675 | INFO     | __main__:<module>:492 - METHOD_BATCH epoch=133 step=100 adv_kd=0.027764488011598587 awp_gamma=0.00032500000000000004 awp_relative_norm_max=0.0003250000299885869 clean_ce=0.16288745403289795 clean_ce_term=0.001323460484854877 consistency_term=0.0005252693663351238 consistency_weight=0.1625 js_raw=0.03232426941394806 lr=0.1 nat_kd=0.0107391607016325 pcgrad_conflicts=0 push=0.040764689445495605 push_term=0.002038234379142523 student_updates=1 teacher_ce=0.5731567740440369 teacher_lr=7.509833805316117e-05 teacher_margin=0.6598612070083618 teacher_margin_term=0.0 teacher_updates=1 temp_adv=1.1039999999999885 temp_nat=3.6489999999997083 temperature_updates=1 total_loss=0.0423906110227108 views=2
2026-09-17 22:56:59.025 | INFO     | __main__:<module>:492 - METHOD_BATCH epoch=133 step=200 adv_kd=0.026135336607694626 awp_gamma=0.00032500000000000004 awp_relative_norm_max=0.0003250000299885869 clean_ce=0.18157930672168732 clean_ce_term=0.0014753318391740322 consistency_term=0.0006482084863819182 consistency_weight=0.1625 js_raw=0.039889752864837646 lr=0.1 nat_kd=0.01420387253165245 pcgrad_conflicts=0 push=0.03479699045419693 push_term=0.0017398495692759752 student_updates=1 teacher_ce=0.5024411827325821 teacher_lr=7.509833805316117e-05 teacher_margin=0.6484438180923462 teacher_margin_term=0.0 teacher_updates=1 temp_adv=1.1039999999999885 temp_nat=3.6489999999997083 temperature_updates=1 total_loss=0.04420259967446327 views=2
2026-09-17 22:58:57.159 | INFO     | __main__:<module>:492 - METHOD_BATCH epoch=133 step=300 adv_kd=0.023130077868700027 awp_gamma=0.00032500000000000004 awp_relative_norm_max=0.00032500005909241736 clean_ce=0.17385900020599365 clean_ce_term=0.0014126044698059559 consistency_term=0.0003547465894371271 consistency_weight=0.1625 js_raw=0.021830560639500618 lr=0.1 nat_kd=0.010465558618307114 pcgrad_conflicts=0 push=0.04102647677063942 push_term=0.0020513238850980997 student_updates=1 teacher_ce=0.450617715716362 teacher_lr=7.509833805316117e-05 teacher_margin=0.5533469915390015 teacher_margin_term=0.0 teacher_updates=1 temp_adv=1.107999999999988 temp_nat=3.6449999999997087 temperature_updates=1 total_loss=0.0374143123626709 views=2
2026-09-17 23:00:45.413 | INFO     | __main__:<module>:870 - TRAIN_EPOCH_RESOURCE epoch=133 seconds=464.98620921745896 peak_allocated_bytes=8127488512
2026-09-17 23:00:45.413 | INFO     | __main__:<module>:477 - METHOD epoch=134 views=2 awp_gamma=0.00035 consistency_weight=0.175
2026-09-17 23:00:45.413 | INFO     | __main__:<module>:480 - the 134th epoch 
2026-09-17 23:00:46.633 | INFO     | __main__:<module>:492 - METHOD_BATCH epoch=134 step=0 adv_kd=0.028739817440509796 awp_gamma=0.00035 awp_relative_norm_max=0.0003500000457279384 clean_ce=0.22791573405265808 clean_ce_term=0.001994262682273984 consistency_term=0.0005978881963528693 consistency_weight=0.175 js_raw=0.03416503965854645 lr=0.1 nat_kd=0.025832317769527435 pcgrad_conflicts=0 push=0.036379747092723846 push_term=0.0018189874244853854 student_updates=1 teacher_ce=0.6087416112422943 teacher_lr=7.455215315046091e-05 teacher_margin=0.7123521566390991 teacher_margin_term=0.0 teacher_updates=1 temp_adv=1.1069999999999882 temp_nat=3.6459999999997086 temperature_updates=1 total_loss=0.058983273804187775 views=2
2026-09-17 23:02:47.497 | INFO     | __main__:<module>:492 - METHOD_BATCH epoch=134 step=100 adv_kd=0.02921069785952568 awp_gamma=0.00035 awp_relative_norm_max=0.00035000001662410796 clean_ce=0.1912994235754013 clean_ce_term=0.0016738700214773417 consistency_term=0.0005498884129337966 consistency_weight=0.175 js_raw=0.031422194093465805 lr=0.1 nat_kd=0.015402068383991718 pcgrad_conflicts=0 push=0.03902926295995712 push_term=0.0019514630548655987 student_updates=1 teacher_ce=0.6045762598514557 teacher_lr=7.455215315046091e-05 teacher_margin=0.6942240595817566 teacher_margin_term=0.0 teacher_updates=1 temp_adv=1.1109999999999878 temp_nat=3.641999999999709 temperature_updates=1 total_loss=0.04878798872232437 views=2
2026-09-17 23:04:47.534 | INFO     | __main__:<module>:492 - METHOD_BATCH epoch=134 step=200 adv_kd=0.037338681519031525 awp_gamma=0.00035 awp_relative_norm_max=0.0003500000457279384 clean_ce=0.16419284045696259 clean_ce_term=0.001436687307432294 consistency_term=0.0009790010517463088 consistency_weight=0.175 js_raw=0.05594291538000107 lr=0.1 nat_kd=0.015162039548158646 pcgrad_conflicts=0 push=0.04586171731352806 push_term=0.0022930859122425318 student_updates=1 teacher_ce=0.46604570746421814 teacher_lr=7.455215315046091e-05 teacher_margin=0.8022984862327576 teacher_margin_term=0.0 teacher_updates=1 temp_adv=1.1049999999999884 temp_nat=3.6479999999997084 temperature_updates=1 total_loss=0.05720949545502663 views=2
2026-09-17 23:06:43.815 | INFO     | __main__:<module>:492 - METHOD_BATCH epoch=134 step=300 adv_kd=0.03110143542289734 awp_gamma=0.00035 awp_relative_norm_max=0.0003500000457279384 clean_ce=0.16844132542610168 clean_ce_term=0.001473861513659358 consistency_term=0.0007863753708079457 consistency_weight=0.175 js_raw=0.04493573680520058 lr=0.1 nat_kd=0.012080062180757523 pcgrad_conflicts=0 push=0.039570122957229614 push_term=0.001978506101295352 student_updates=1 teacher_ce=0.522801548242569 teacher_lr=7.455215315046091e-05 teacher_margin=0.6903653740882874 teacher_margin_term=0.0 teacher_updates=1 temp_adv=1.1069999999999882 temp_nat=3.6459999999997086 temperature_updates=1 total_loss=0.047420237213373184 views=2
2026-09-17 23:08:32.524 | INFO     | __main__:<module>:870 - TRAIN_EPOCH_RESOURCE epoch=134 seconds=467.1100836805999 peak_allocated_bytes=8127488512
2026-09-17 23:08:32.525 | INFO     | __main__:<module>:477 - METHOD epoch=135 views=2 awp_gamma=0.000375 consistency_weight=0.1875
2026-09-17 23:08:32.525 | INFO     | __main__:<module>:480 - the 135th epoch 
2026-09-17 23:08:33.734 | INFO     | __main__:<module>:492 - METHOD_BATCH epoch=135 step=0 adv_kd=0.028834030032157898 awp_gamma=0.000375 awp_relative_norm_max=0.0003750000614672899 clean_ce=0.17179003357887268 clean_ce_term=0.0016105317045003176 consistency_term=0.0006691694143228233 consistency_weight=0.1875 js_raw=0.035689033567905426 lr=0.1 nat_kd=0.013563467189669609 pcgrad_conflicts=0 push=0.03937298059463501 push_term=0.0019686489831656218 student_updates=1 teacher_ce=0.6085544228553772 teacher_lr=7.400208782667249e-05 teacher_margin=0.6826329231262207 teacher_margin_term=0.0 teacher_updates=1 temp_adv=1.1039999999999885 temp_nat=3.6489999999997083 temperature_updates=1 total_loss=0.04664584994316101 views=2
2026-09-17 23:10:33.730 | INFO     | __main__:<module>:492 - METHOD_BATCH epoch=135 step=100 adv_kd=0.025390341877937317 awp_gamma=0.000375 awp_relative_norm_max=0.00037500003236345947 clean_ce=0.1794697344303131 clean_ce_term=0.001682528993114829 consistency_term=0.000674073351547122 consistency_weight=0.1875 js_raw=0.03595057874917984 lr=0.1 nat_kd=0.014351502060890198 pcgrad_conflicts=0 push=0.029084324836730957 push_term=0.001454216311685741 student_updates=1 teacher_ce=0.6190136075019836 teacher_lr=7.400208782667249e-05 teacher_margin=0.5829064249992371 teacher_margin_term=0.0 teacher_updates=1 temp_adv=1.1099999999999879 temp_nat=3.642999999999709 temperature_updates=1 total_loss=0.043552663177251816 views=2
2026-09-17 23:12:34.238 | INFO     | __main__:<module>:492 - METHOD_BATCH epoch=135 step=200 adv_kd=0.030990559607744217 awp_gamma=0.000375 awp_relative_norm_max=0.0003750000614672899 clean_ce=0.1737072467803955 clean_ce_term=0.0016285054152831435 consistency_term=0.0006707485299557447 consistency_weight=0.1875 js_raw=0.03577325493097305 lr=0.1 nat_kd=0.011261815205216408 pcgrad_conflicts=0 push=0.027232829481363297 push_term=0.0013616415672004223 student_updates=1 teacher_ce=0.5172056257724762 teacher_lr=7.400208782667249e-05 teacher_margin=0.7154387831687927 teacher_margin_term=0.0 teacher_updates=1 temp_adv=1.107999999999988 temp_nat=3.6449999999997087 temperature_updates=1 total_loss=0.045913275331258774 views=2
2026-09-17 23:14:33.193 | INFO     | __main__:<module>:492 - METHOD_BATCH epoch=135 step=300 adv_kd=0.032812535762786865 awp_gamma=0.000375 awp_relative_norm_max=0.00037500003236345947 clean_ce=0.19240443408489227 clean_ce_term=0.0018037916161119938 consistency_term=0.000687212566845119 consistency_weight=0.1875 js_raw=0.036651335656642914 lr=0.1 nat_kd=0.015560124069452286 pcgrad_conflicts=0 push=0.031466905027627945 push_term=0.0015733451582491398 student_updates=1 teacher_ce=0.497112900018692 teacher_lr=7.400208782667249e-05 teacher_margin=0.7685727477073669 teacher_margin_term=0.0 teacher_updates=1 temp_adv=1.1099999999999879 temp_nat=3.642999999999709 temperature_updates=1 total_loss=0.052437011152505875 views=2
2026-09-17 23:16:20.900 | INFO     | __main__:<module>:870 - TRAIN_EPOCH_RESOURCE epoch=135 seconds=468.37460162490606 peak_allocated_bytes=8127488512
2026-09-17 23:16:20.900 | INFO     | __main__:<module>:477 - METHOD epoch=136 views=2 awp_gamma=0.0004 consistency_weight=0.2
2026-09-17 23:16:20.900 | INFO     | __main__:<module>:480 - the 136th epoch 
2026-09-17 23:16:22.093 | INFO     | __main__:<module>:492 - METHOD_BATCH epoch=136 step=0 adv_kd=0.03218289837241173 awp_gamma=0.0004 awp_relative_norm_max=0.0004000000189989805 clean_ce=0.18358907103538513 clean_ce_term=0.0018358908127993345 consistency_term=0.0007007238455116749 consistency_weight=0.2 js_raw=0.03503619134426117 lr=0.1 nat_kd=0.014122426509857178 pcgrad_conflicts=0 push=0.03896518796682358 push_term=0.0019482593052089214 student_updates=1 teacher_ce=0.5019493401050568 teacher_lr=7.344822946487632e-05 teacher_margin=0.7718027830123901 teacher_margin_term=0.0 teacher_updates=1 temp_adv=1.1149999999999873 temp_nat=3.6379999999997095 temperature_updates=1 total_loss=0.050790198147296906 views=2
2026-09-17 23:18:20.912 | INFO     | __main__:<module>:492 - METHOD_BATCH epoch=136 step=100 adv_kd=0.02737433835864067 awp_gamma=0.0004 awp_relative_norm_max=0.000400000048102811 clean_ce=0.1664457619190216 clean_ce_term=0.0016644576098769903 consistency_term=0.0006243084208108485 consistency_weight=0.2 js_raw=0.031215419992804527 lr=0.1 nat_kd=0.01157528255134821 pcgrad_conflicts=0 push=0.03411701321601868 push_term=0.0017058505909517407 student_updates=1 teacher_ce=0.5808627903461456 teacher_lr=7.344822946487632e-05 teacher_margin=0.6948109865188599 teacher_margin_term=0.0 teacher_updates=1 temp_adv=1.1009999999999889 temp_nat=3.651999999999708 temperature_updates=1 total_loss=0.04294424131512642 views=2
2026-09-17 23:20:19.623 | INFO     | __main__:<module>:492 - METHOD_BATCH epoch=136 step=200 adv_kd=0.025382671505212784 awp_gamma=0.0004 awp_relative_norm_max=0.000400000048102811 clean_ce=0.18113704025745392 clean_ce_term=0.001811370369978249 consistency_term=0.0004445202648639679 consistency_weight=0.2 js_raw=0.022226013243198395 lr=0.1 nat_kd=0.013538355007767677 pcgrad_conflicts=0 push=0.04290249943733215 push_term=0.002145125064998865 student_updates=1 teacher_ce=0.48674917221069336 teacher_lr=7.344822946487632e-05 teacher_margin=0.5861873626708984 teacher_margin_term=0.0 teacher_updates=1 temp_adv=1.1029999999999887 temp_nat=3.649999999999708 temperature_updates=1 total_loss=0.043322041630744934 views=2
2026-09-17 23:22:18.553 | INFO     | __main__:<module>:492 - METHOD_BATCH epoch=136 step=300 adv_kd=0.03421834856271744 awp_gamma=0.0004 awp_relative_norm_max=0.0004000000189989805 clean_ce=0.1643460988998413 clean_ce_term=0.0016434609424322844 consistency_term=0.000871011521667242 consistency_weight=0.2 js_raw=0.04355057328939438 lr=0.1 nat_kd=0.011851698160171509 pcgrad_conflicts=0 push=0.04658717289566994 push_term=0.0023293588310480118 student_updates=1 teacher_ce=0.4340534806251526 teacher_lr=7.344822946487632e-05 teacher_margin=0.8001797199249268 teacher_margin_term=0.0 teacher_updates=1 temp_adv=1.1129999999999876 temp_nat=3.6399999999997092 temperature_updates=1 total_loss=0.05091387405991554 views=2
2026-09-17 23:24:05.873 | INFO     | __main__:<module>:870 - TRAIN_EPOCH_RESOURCE epoch=136 seconds=464.97256391495466 peak_allocated_bytes=8127488512
2026-09-17 23:24:05.874 | INFO     | __main__:<module>:477 - METHOD epoch=137 views=2 awp_gamma=0.000425 consistency_weight=0.2125
2026-09-17 23:24:05.874 | INFO     | __main__:<module>:480 - the 137th epoch 
2026-09-17 23:24:07.074 | INFO     | __main__:<module>:492 - METHOD_BATCH epoch=137 step=0 adv_kd=0.02599785476922989 awp_gamma=0.000425 awp_relative_norm_max=0.0004250000638421625 clean_ce=0.17694567143917084 clean_ce_term=0.0018800478428602219 consistency_term=0.000573927944060415 consistency_weight=0.2125 js_raw=0.02700837329030037 lr=0.1 nat_kd=0.012808423489332199 pcgrad_conflicts=0 push=0.032217077910900116 push_term=0.0016108539421111345 student_updates=1 teacher_ce=0.4878863990306854 teacher_lr=7.289066604590528e-05 teacher_margin=0.6283175945281982 teacher_margin_term=0.0 teacher_updates=1 temp_adv=1.1099999999999879 temp_nat=3.642999999999709 temperature_updates=1 total_loss=0.042871106415987015 views=2
2026-09-17 23:26:06.872 | INFO     | __main__:<module>:492 - METHOD_BATCH epoch=137 step=100 adv_kd=0.023326454684138298 awp_gamma=0.000425 awp_relative_norm_max=0.0004250000638421625 clean_ce=0.1789664626121521 clean_ce_term=0.0019015187863260508 consistency_term=0.0008745313971303403 consistency_weight=0.2125 js_raw=0.0411544144153595 lr=0.1 nat_kd=0.010304215364158154 pcgrad_conflicts=0 push=0.04536791518330574 push_term=0.0022683958522975445 student_updates=1 teacher_ce=0.4884374737739563 teacher_lr=7.289066604590528e-05 teacher_margin=0.5919926166534424 teacher_margin_term=0.0 teacher_updates=1 temp_adv=1.1139999999999874 temp_nat=3.6389999999997094 temperature_updates=1 total_loss=0.03867511823773384 views=2
2026-09-17 23:28:05.762 | INFO     | __main__:<module>:492 - METHOD_BATCH epoch=137 step=200 adv_kd=0.02520403079688549 awp_gamma=0.000425 awp_relative_norm_max=0.0004250000638421625 clean_ce=0.1917727142572403 clean_ce_term=0.002037585247308016 consistency_term=0.0006267615826800466 consistency_weight=0.2125 js_raw=0.02949466183781624 lr=0.1 nat_kd=0.012778755277395248 pcgrad_conflicts=0 push=0.034944064915180206 push_term=0.0017472031759098172 student_updates=1 teacher_ce=0.5490524470806122 teacher_lr=7.289066604590528e-05 teacher_margin=0.6133951544761658 teacher_margin_term=0.0 teacher_updates=1 temp_adv=1.1019999999999888 temp_nat=3.650999999999708 temperature_updates=1 total_loss=0.04239433631300926 views=2
2026-09-17 23:30:05.229 | INFO     | __main__:<module>:492 - METHOD_BATCH epoch=137 step=300 adv_kd=0.030666451901197433 awp_gamma=0.000425 awp_relative_norm_max=0.0004250000638421625 clean_ce=0.17398402094841003 clean_ce_term=0.0018485800828784704 consistency_term=0.0006224989774636924 consistency_weight=0.2125 js_raw=0.02929406613111496 lr=0.1 nat_kd=0.01332974061369896 pcgrad_conflicts=0 push=0.04167354106903076 push_term=0.002083677100017667 student_updates=1 teacher_ce=0.548833042383194 teacher_lr=7.289066604590528e-05 teacher_margin=0.7476890087127686 teacher_margin_term=0.0 teacher_updates=1 temp_adv=1.107999999999988 temp_nat=3.6449999999997087 temperature_updates=1 total_loss=0.04855094477534294 views=2
2026-09-17 23:31:52.479 | INFO     | __main__:<module>:870 - TRAIN_EPOCH_RESOURCE epoch=137 seconds=466.6046272441745 peak_allocated_bytes=8127488512
2026-09-17 23:31:52.479 | INFO     | __main__:<module>:477 - METHOD epoch=138 views=2 awp_gamma=0.00045000000000000004 consistency_weight=0.225
2026-09-17 23:31:52.479 | INFO     | __main__:<module>:480 - the 138th epoch 
2026-09-17 23:31:53.677 | INFO     | __main__:<module>:492 - METHOD_BATCH epoch=138 step=0 adv_kd=0.028478173539042473 awp_gamma=0.00045000000000000004 awp_relative_norm_max=0.00045000005047768354 clean_ce=0.1736585646867752 clean_ce_term=0.0019536588806658983 consistency_term=0.0011268480448052287 consistency_weight=0.225 js_raw=0.050082139670848846 lr=0.1 nat_kd=0.012954296544194221 pcgrad_conflicts=0 push=0.04364985227584839 push_term=0.0021824927534908056 student_updates=1 teacher_ce=0.4486524760723114 teacher_lr=7.232948613422267e-05 teacher_margin=0.7652499675750732 teacher_margin_term=0.0 teacher_updates=1 temp_adv=1.108999999999988 temp_nat=3.643999999999709 temperature_updates=1 total_loss=0.04669547080993652 views=2
2026-09-17 23:33:53.712 | INFO     | __main__:<module>:492 - METHOD_BATCH epoch=138 step=100 adv_kd=0.029805410653352737 awp_gamma=0.00045000000000000004 awp_relative_norm_max=0.00045000005047768354 clean_ce=0.16939464211463928 clean_ce_term=0.0019056899473071098 consistency_term=0.000921594095416367 consistency_weight=0.225 js_raw=0.040959738194942474 lr=0.1 nat_kd=0.011203889735043049 pcgrad_conflicts=0 push=0.04476523399353027 push_term=0.0022382617462426424 student_updates=1 teacher_ce=0.41919873654842377 teacher_lr=7.232948613422267e-05 teacher_margin=0.7379897832870483 teacher_margin_term=0.0 teacher_updates=1 temp_adv=1.098999999999989 temp_nat=3.6539999999997077 temperature_updates=1 total_loss=0.046074848622083664 views=2
2026-09-17 23:35:53.187 | INFO     | __main__:<module>:492 - METHOD_BATCH epoch=138 step=200 adv_kd=0.03081141784787178 awp_gamma=0.00045000000000000004 awp_relative_norm_max=0.00045000005047768354 clean_ce=0.19219934940338135 clean_ce_term=0.0021622427739202976 consistency_term=0.0009455970721319318 consistency_weight=0.225 js_raw=0.04202653840184212 lr=0.1 nat_kd=0.016027851030230522 pcgrad_conflicts=0 push=0.03761705383658409 push_term=0.0018808527383953333 student_updates=1 teacher_ce=0.46535639464855194 teacher_lr=7.232948613422267e-05 teacher_margin=0.7458718419075012 teacher_margin_term=0.0 teacher_updates=1 temp_adv=1.1109999999999878 temp_nat=3.641999999999709 temperature_updates=1 total_loss=0.051827963441610336 views=2
2026-09-17 23:37:52.730 | INFO     | __main__:<module>:492 - METHOD_BATCH epoch=138 step=300 adv_kd=0.025622285902500153 awp_gamma=0.00045000000000000004 awp_relative_norm_max=0.00045000005047768354 clean_ce=0.19288168847560883 clean_ce_term=0.0021699192002415657 consistency_term=0.0010060220956802368 consistency_weight=0.225 js_raw=0.044712092727422714 lr=0.1 nat_kd=0.013200322166085243 pcgrad_conflicts=0 push=0.034965455532073975 push_term=0.0017482726834714413 student_updates=1 teacher_ce=0.4691222012042999 teacher_lr=7.232948613422267e-05 teacher_margin=0.6463940143585205 teacher_margin_term=0.0 teacher_updates=1 temp_adv=1.1149999999999873 temp_nat=3.6379999999997095 temperature_updates=1 total_loss=0.043746817857027054 views=2
2026-09-17 23:39:39.357 | INFO     | __main__:<module>:870 - TRAIN_EPOCH_RESOURCE epoch=138 seconds=466.8770446591079 peak_allocated_bytes=8127488512
2026-09-17 23:39:39.357 | INFO     | __main__:<module>:477 - METHOD epoch=139 views=2 awp_gamma=0.000475 consistency_weight=0.2375
2026-09-17 23:39:39.358 | INFO     | __main__:<module>:480 - the 139th epoch 
2026-09-17 23:39:40.549 | INFO     | __main__:<module>:492 - METHOD_BATCH epoch=139 step=0 adv_kd=0.029812566936016083 awp_gamma=0.000475 awp_relative_norm_max=0.00047500006621703506 clean_ce=0.18325085937976837 clean_ce_term=0.0021761038806289434 consistency_term=0.000877351441886276 consistency_weight=0.2375 js_raw=0.03694111108779907 lr=0.1 nat_kd=0.0168000515550375 pcgrad_conflicts=0 push=0.027644101530313492 push_term=0.0013822050532326102 student_updates=1 teacher_ce=0.48542746901512146 teacher_lr=7.176477886370735e-05 teacher_margin=0.7286739349365234 teacher_margin_term=0.0 teacher_updates=1 temp_adv=1.107999999999988 temp_nat=3.6449999999997087 temperature_updates=1 total_loss=0.05104827880859375 views=2
2026-09-17 23:41:39.184 | INFO     | __main__:<module>:492 - METHOD_BATCH epoch=139 step=100 adv_kd=0.023586928844451904 awp_gamma=0.000475 awp_relative_norm_max=0.00047500006621703506 clean_ce=0.18351593613624573 clean_ce_term=0.0021792515181005 consistency_term=0.0008406738052144647 consistency_weight=0.2375 js_raw=0.035396791994571686 lr=0.1 nat_kd=0.0139808040112257 pcgrad_conflicts=0 push=0.0393265038728714 push_term=0.001966325333341956 student_updates=1 teacher_ce=0.5398012399673462 teacher_lr=7.176477886370735e-05 teacher_margin=0.5567220449447632 teacher_margin_term=0.0 teacher_updates=1 temp_adv=1.1099999999999879 temp_nat=3.642999999999709 temperature_updates=1 total_loss=0.042553987354040146 views=2
2026-09-17 23:43:37.418 | INFO     | __main__:<module>:492 - METHOD_BATCH epoch=139 step=200 adv_kd=0.031977731734514236 awp_gamma=0.000475 awp_relative_norm_max=0.0004750000371132046 clean_ce=0.17890888452529907 clean_ce_term=0.002124542836099863 consistency_term=0.0008440657402388752 consistency_weight=0.2375 js_raw=0.03553961217403412 lr=0.1 nat_kd=0.01559034176170826 pcgrad_conflicts=0 push=0.04808585345745087 push_term=0.0024042928125709295 student_updates=1 teacher_ce=0.569953978061676 teacher_lr=7.176477886370735e-05 teacher_margin=0.7966123223304749 teacher_margin_term=0.0 teacher_updates=1 temp_adv=1.1059999999999883 temp_nat=3.6469999999997085 temperature_updates=1 total_loss=0.0529409758746624 views=2
2026-09-17 23:45:33.744 | INFO     | __main__:<module>:492 - METHOD_BATCH epoch=139 step=300 adv_kd=0.029416445642709732 awp_gamma=0.000475 awp_relative_norm_max=0.00047500006621703506 clean_ce=0.2013864368200302 clean_ce_term=0.0023914638441056013 consistency_term=0.0008168876520358026 consistency_weight=0.2375 js_raw=0.03439527004957199 lr=0.1 nat_kd=0.022459793835878372 pcgrad_conflicts=0 push=0.029038824141025543 push_term=0.0014519412070512772 student_updates=1 teacher_ce=0.5031302571296692 teacher_lr=7.176477886370735e-05 teacher_margin=0.6937708854675293 teacher_margin_term=0.0 teacher_updates=1 temp_adv=1.1139999999999874 temp_nat=3.6389999999997094 temperature_updates=1 total_loss=0.05653653293848038 views=2
2026-09-17 23:47:18.639 | INFO     | __main__:<module>:870 - TRAIN_EPOCH_RESOURCE epoch=139 seconds=459.2810070216656 peak_allocated_bytes=8127488512
2026-09-17 23:47:18.639 | INFO     | __main__:<module>:477 - METHOD epoch=140 views=2 awp_gamma=0.0005 consistency_weight=0.25
2026-09-17 23:47:18.640 | INFO     | __main__:<module>:480 - the 140th epoch 
2026-09-17 23:47:19.809 | INFO     | __main__:<module>:492 - METHOD_BATCH epoch=140 step=0 adv_kd=0.027648432180285454 awp_gamma=0.0005 awp_relative_norm_max=0.0005000000819563866 clean_ce=0.17311006784439087 clean_ce_term=0.002163875848054886 consistency_term=0.000789727084338665 consistency_weight=0.25 js_raw=0.0315890833735466 lr=0.1 nat_kd=0.012174922972917557 pcgrad_conflicts=0 push=0.05324319750070572 push_term=0.0026621599681675434 student_updates=1 teacher_ce=0.47575825452804565 teacher_lr=7.119663392334794e-05 teacher_margin=0.692441463470459 teacher_margin_term=0.0 teacher_updates=1 temp_adv=1.1109999999999878 temp_nat=3.641999999999709 temperature_updates=1 total_loss=0.04543912038207054 views=2
2026-09-17 23:49:16.158 | INFO     | __main__:<module>:492 - METHOD_BATCH epoch=140 step=100 adv_kd=0.026705903932452202 awp_gamma=0.0005 awp_relative_norm_max=0.0005000000819563866 clean_ce=0.17962242662906647 clean_ce_term=0.0022452804259955883 consistency_term=0.0006422937731258571 consistency_weight=0.25 js_raw=0.025691751390695572 lr=0.1 nat_kd=0.014895493164658546 pcgrad_conflicts=0 push=0.03182872384786606 push_term=0.0015914360992610455 student_updates=1 teacher_ce=0.5339788198471069 teacher_lr=7.119663392334794e-05 teacher_margin=0.6230438947677612 teacher_margin_term=0.0 teacher_updates=1 temp_adv=1.1169999999999871 temp_nat=3.6359999999997097 temperature_updates=1 total_loss=0.04608040675520897 views=2
2026-09-17 23:51:12.433 | INFO     | __main__:<module>:492 - METHOD_BATCH epoch=140 step=200 adv_kd=0.030759934335947037 awp_gamma=0.0005 awp_relative_norm_max=0.0005000000819563866 clean_ce=0.1727789044380188 clean_ce_term=0.0021597363520413637 consistency_term=0.0008740980993025005 consistency_weight=0.25 js_raw=0.03496392443776131 lr=0.1 nat_kd=0.011652521789073944 pcgrad_conflicts=0 push=0.03915787860751152 push_term=0.0019578938372433186 student_updates=1 teacher_ce=0.5161547064781189 teacher_lr=7.119663392334794e-05 teacher_margin=0.7009938955307007 teacher_margin_term=0.0 teacher_updates=1 temp_adv=1.108999999999988 temp_nat=3.643999999999709 temperature_updates=1 total_loss=0.04740418121218681 views=2
2026-09-17 23:53:09.504 | INFO     | __main__:<module>:492 - METHOD_BATCH epoch=140 step=300 adv_kd=0.03406411409378052 awp_gamma=0.0005 awp_relative_norm_max=0.0005000000819563866 clean_ce=0.17506036162376404 clean_ce_term=0.002188254613429308 consistency_term=0.0015421833377331495 consistency_weight=0.25 js_raw=0.06168733164668083 lr=0.1 nat_kd=0.018089670687913895 pcgrad_conflicts=0 push=0.04257960617542267 push_term=0.002128980355337262 student_updates=1 teacher_ce=0.6699238419532776 teacher_lr=7.119663392334794e-05 teacher_margin=0.6908692717552185 teacher_margin_term=0.0 teacher_updates=1 temp_adv=1.108999999999988 temp_nat=3.643999999999709 temperature_updates=1 total_loss=0.058013204485177994 views=2
2026-09-17 23:54:56.452 | INFO     | __main__:<module>:870 - TRAIN_EPOCH_RESOURCE epoch=140 seconds=457.8121774420142 peak_allocated_bytes=8127488512
2026-09-17 23:55:29.076 | INFO     | __main__:<module>:927 - student robust acc 0.5242, teacher robust acc 0.6793, nat teacher robust acc 0.4882
2026-09-17 23:55:35.564 | INFO     | __main__:<module>:998 - best accuracy:0.7006
2026-09-17 23:55:35.564 | INFO     | __main__:<module>:1001 - student natural acc 0.8770, adv teacher natural acc 0.8762, nat teacher natural acc 0.9318
2026-09-17 23:55:35.565 | INFO     | __main__:<module>:477 - METHOD epoch=141 views=2 awp_gamma=0.0005250000000000001 consistency_weight=0.2625
2026-09-17 23:55:35.565 | INFO     | __main__:<module>:480 - the 141th epoch 
2026-09-17 23:55:36.759 | INFO     | __main__:<module>:492 - METHOD_BATCH epoch=141 step=0 adv_kd=0.03004361130297184 awp_gamma=0.0005250000000000001 awp_relative_norm_max=0.0005250000394880772 clean_ce=0.19149018824100494 clean_ce_term=0.0025133085437119007 consistency_term=0.0010967907728627324 consistency_weight=0.2625 js_raw=0.04178250581026077 lr=0.1 nat_kd=0.017662325873970985 pcgrad_conflicts=0 push=0.035231221467256546 push_term=0.0017615610267966986 student_updates=1 teacher_ce=0.545257568359375 teacher_lr=7.062514154284863e-05 teacher_margin=0.6982349157333374 teacher_margin_term=8.727936801733449e-05 teacher_updates=1 temp_adv=1.1099999999999879 temp_nat=3.642999999999709 temperature_updates=1 total_loss=0.053164880722761154 views=2
2026-09-17 23:57:35.795 | INFO     | __main__:<module>:492 - METHOD_BATCH epoch=141 step=100 adv_kd=0.02588772028684616 awp_gamma=0.0005250000000000001 awp_relative_norm_max=0.0005250000394880772 clean_ce=0.17054951190948486 clean_ce_term=0.0022384622134268284 consistency_term=0.0013191497419029474 consistency_weight=0.2625 js_raw=0.05025332421064377 lr=0.1 nat_kd=0.014545625075697899 pcgrad_conflicts=0 push=0.044204793870449066 push_term=0.0022102398797869682 student_updates=1 teacher_ce=0.5070206224918365 teacher_lr=7.062514154284863e-05 teacher_margin=0.6137220859527588 teacher_margin_term=7.671525963814929e-05 teacher_updates=1 temp_adv=1.1139999999999874 temp_nat=3.6389999999997094 temperature_updates=1 total_loss=0.04627791419625282 views=2
2026-09-17 23:59:36.434 | INFO     | __main__:<module>:492 - METHOD_BATCH epoch=141 step=200 adv_kd=0.027657758444547653 awp_gamma=0.0005250000000000001 awp_relative_norm_max=0.0005250000394880772 clean_ce=0.18726316094398499 clean_ce_term=0.0024578289594501257 consistency_term=0.0008715717121958733 consistency_weight=0.2625 js_raw=0.03320273384451866 lr=0.1 nat_kd=0.01213134452700615 pcgrad_conflicts=0 push=0.030734211206436157 push_term=0.0015367106534540653 student_updates=1 teacher_ce=0.5638421475887299 teacher_lr=7.062514154284863e-05 teacher_margin=0.6729774475097656 teacher_margin_term=8.41221772134304e-05 teacher_updates=1 temp_adv=1.1159999999999872 temp_nat=3.6369999999997096 temperature_updates=1 total_loss=0.044739339500665665 views=2
2026-09-18 00:01:37.187 | INFO     | __main__:<module>:492 - METHOD_BATCH epoch=141 step=300 adv_kd=0.03551727905869484 awp_gamma=0.0005250000000000001 awp_relative_norm_max=0.0005250000394880772 clean_ce=0.16512122750282288 clean_ce_term=0.0021672160364687443 consistency_term=0.00134169717784971 consistency_weight=0.2625 js_raw=0.05111227557063103 lr=0.1 nat_kd=0.013967865146696568 pcgrad_conflicts=0 push=0.04164596647024155 push_term=0.0020822982769459486 student_updates=1 teacher_ce=0.5002819746732712 teacher_lr=7.062514154284863e-05 teacher_margin=0.710898756980896 teacher_margin_term=8.886234718374908e-05 teacher_updates=1 temp_adv=1.1059999999999883 temp_nat=3.6469999999997085 temperature_updates=1 total_loss=0.05516522005200386 views=2
2026-09-18 00:03:25.547 | INFO     | __main__:<module>:870 - TRAIN_EPOCH_RESOURCE epoch=141 seconds=469.9796180948615 peak_allocated_bytes=8125391360
2026-09-18 00:03:25.548 | INFO     | __main__:<module>:477 - METHOD epoch=142 views=2 awp_gamma=0.00055 consistency_weight=0.275
2026-09-18 00:03:25.548 | INFO     | __main__:<module>:480 - the 142th epoch 
2026-09-18 00:03:26.759 | INFO     | __main__:<module>:492 - METHOD_BATCH epoch=142 step=0 adv_kd=0.026469044387340546 awp_gamma=0.00055 awp_relative_norm_max=0.0005500000552274287 clean_ce=0.18393979966640472 clean_ce_term=0.0025291722267866135 consistency_term=0.0006925412453711033 consistency_weight=0.275 js_raw=0.025183318182826042 lr=0.1 nat_kd=0.013957658782601357 pcgrad_conflicts=0 push=0.042556509375572205 push_term=0.002127825515344739 student_updates=1 teacher_ce=0.5165249705314636 teacher_lr=7.005039247814891e-05 teacher_margin=0.6759355068206787 teacher_margin_term=0.0001689838827587664 teacher_updates=1 temp_adv=1.1049999999999884 temp_nat=3.6479999999997084 temperature_updates=1 total_loss=0.04594523087143898 views=2
2026-09-18 00:05:27.273 | INFO     | __main__:<module>:492 - METHOD_BATCH epoch=142 step=100 adv_kd=0.030297309160232544 awp_gamma=0.00055 awp_relative_norm_max=0.0005500000552274287 clean_ce=0.17670050263404846 clean_ce_term=0.00242963177151978 consistency_term=0.00077607057755813 consistency_weight=0.275 js_raw=0.02822074666619301 lr=0.1 nat_kd=0.015033325180411339 pcgrad_conflicts=0 push=0.027160707861185074 push_term=0.0013580354861915112 student_updates=1 teacher_ce=0.5199094116687775 teacher_lr=7.005039247814891e-05 teacher_margin=0.7478863596916199 teacher_margin_term=0.00018697159248404205 teacher_updates=1 temp_adv=1.1129999999999876 temp_nat=3.6399999999997092 temperature_updates=1 total_loss=0.050081346184015274 views=2
2026-09-18 00:07:27.347 | INFO     | __main__:<module>:492 - METHOD_BATCH epoch=142 step=200 adv_kd=0.025853147730231285 awp_gamma=0.00055 awp_relative_norm_max=0.0005500000552274287 clean_ce=0.1808026283979416 clean_ce_term=0.0024860361590981483 consistency_term=0.0007610535831190646 consistency_weight=0.275 js_raw=0.02767467498779297 lr=0.1 nat_kd=0.012468183413147926 pcgrad_conflicts=0 push=0.03480563312768936 push_term=0.0017402817029505968 student_updates=1 teacher_ce=0.507257729768753 teacher_lr=7.005039247814891e-05 teacher_margin=0.6404255628585815 teacher_margin_term=0.00016010639956220984 teacher_updates=1 temp_adv=1.1069999999999882 temp_nat=3.6459999999997086 temperature_updates=1 total_loss=0.04346881061792374 views=2
2026-09-18 00:09:26.455 | INFO     | __main__:<module>:492 - METHOD_BATCH epoch=142 step=300 adv_kd=0.029621664434671402 awp_gamma=0.00055 awp_relative_norm_max=0.0005500001134350896 clean_ce=0.1665189266204834 clean_ce_term=0.0022896351292729378 consistency_term=0.00089811667567119 consistency_weight=0.275 js_raw=0.032658785581588745 lr=0.1 nat_kd=0.01322831679135561 pcgrad_conflicts=0 push=0.04884539544582367 push_term=0.002442269818857312 student_updates=1 teacher_ce=0.5075270682573318 teacher_lr=7.005039247814891e-05 teacher_margin=0.7152034044265747 teacher_margin_term=0.0001788008667062968 teacher_updates=1 temp_adv=1.1169999999999871 temp_nat=3.6359999999997097 temperature_updates=1 total_loss=0.04865880310535431 views=2
2026-09-18 00:11:13.749 | INFO     | __main__:<module>:870 - TRAIN_EPOCH_RESOURCE epoch=142 seconds=468.20090913400054 peak_allocated_bytes=8125391360
2026-09-18 00:11:13.749 | INFO     | __main__:<module>:477 - METHOD epoch=143 views=2 awp_gamma=0.000575 consistency_weight=0.2875
2026-09-18 00:11:13.749 | INFO     | __main__:<module>:480 - the 143th epoch 
2026-09-18 00:11:14.951 | INFO     | __main__:<module>:492 - METHOD_BATCH epoch=143 step=0 adv_kd=0.0261218324303627 awp_gamma=0.000575 awp_relative_norm_max=0.0005750000709667802 clean_ce=0.15616562962532043 clean_ce_term=0.002244881121441722 consistency_term=0.0008683614432811737 consistency_weight=0.2875 js_raw=0.03020387701690197 lr=0.1 nat_kd=0.009742382913827896 pcgrad_conflicts=0 push=0.03990904241800308 push_term=0.0019954522140324116 student_updates=1 teacher_ce=0.4078497290611267 teacher_lr=6.947247799685952e-05 teacher_margin=0.6884577870368958 teacher_margin_term=0.0002581716689746827 teacher_updates=1 temp_adv=1.1059999999999883 temp_nat=3.6469999999997085 temperature_updates=1 total_loss=0.04123108088970184 views=2
2026-09-18 00:13:13.211 | INFO     | __main__:<module>:492 - METHOD_BATCH epoch=143 step=100 adv_kd=0.025494568049907684 awp_gamma=0.000575 awp_relative_norm_max=0.0005750000709667802 clean_ce=0.16453811526298523 clean_ce_term=0.0023652352392673492 consistency_term=0.0007824292406439781 consistency_weight=0.2875 js_raw=0.027214929461479187 lr=0.1 nat_kd=0.012413309887051582 pcgrad_conflicts=0 push=0.05261499434709549 push_term=0.0026307497173547745 student_updates=1 teacher_ce=0.5531807541847229 teacher_lr=6.947247799685952e-05 teacher_margin=0.6535241007804871 teacher_margin_term=0.0002450715401209891 teacher_updates=1 temp_adv=1.1119999999999877 temp_nat=3.640999999999709 temperature_updates=1 total_loss=0.04393136501312256 views=2
2026-09-18 00:15:12.637 | INFO     | __main__:<module>:492 - METHOD_BATCH epoch=143 step=200 adv_kd=0.026277095079421997 awp_gamma=0.000575 awp_relative_norm_max=0.0005750000709667802 clean_ce=0.16079872846603394 clean_ce_term=0.002311481861397624 consistency_term=0.0008263938943855464 consistency_weight=0.2875 js_raw=0.028744136914610863 lr=0.1 nat_kd=0.010912889614701271 pcgrad_conflicts=0 push=0.04801620543003082 push_term=0.0024008103646337986 student_updates=1 teacher_ce=0.4871240258216858 teacher_lr=6.947247799685952e-05 teacher_margin=0.6744213104248047 teacher_margin_term=0.00025290800840593874 teacher_updates=1 temp_adv=1.1139999999999874 temp_nat=3.6389999999997094 temperature_updates=1 total_loss=0.042981576174497604 views=2
2026-09-18 00:17:13.267 | INFO     | __main__:<module>:492 - METHOD_BATCH epoch=143 step=300 adv_kd=0.028634164482355118 awp_gamma=0.000575 awp_relative_norm_max=0.0005750000709667802 clean_ce=0.1564803123474121 clean_ce_term=0.0022494045551866293 consistency_term=0.0010786333587020636 consistency_weight=0.2875 js_raw=0.03751768171787262 lr=0.1 nat_kd=0.012331952340900898 pcgrad_conflicts=0 push=0.03733190894126892 push_term=0.0018665953539311886 student_updates=1 teacher_ce=0.5187501609325409 teacher_lr=6.947247799685952e-05 teacher_margin=0.7318315505981445 teacher_margin_term=0.0002744368393905461 teacher_updates=1 temp_adv=1.1159999999999872 temp_nat=3.6369999999997096 temperature_updates=1 total_loss=0.04643518477678299 views=2
2026-09-18 00:19:00.556 | INFO     | __main__:<module>:870 - TRAIN_EPOCH_RESOURCE epoch=143 seconds=466.80583119392395 peak_allocated_bytes=8125391360
2026-09-18 00:19:00.556 | INFO     | __main__:<module>:477 - METHOD epoch=144 views=2 awp_gamma=0.0006 consistency_weight=0.3
2026-09-18 00:19:00.556 | INFO     | __main__:<module>:480 - the 144th epoch 
2026-09-18 00:19:01.754 | INFO     | __main__:<module>:492 - METHOD_BATCH epoch=144 step=0 adv_kd=0.02510959655046463 awp_gamma=0.0006 awp_relative_norm_max=0.0006000000867061317 clean_ce=0.1730002611875534 clean_ce_term=0.002595003694295883 consistency_term=0.0008305161609314382 consistency_weight=0.3 js_raw=0.027683869004249573 lr=0.1 nat_kd=0.012172849848866463 pcgrad_conflicts=0 push=0.031086064875125885 push_term=0.0015543032204732299 student_updates=1 teacher_ce=0.5229071974754333 teacher_lr=6.889148986361689e-05 teacher_margin=0.6493022441864014 teacher_margin_term=0.00032465116237290204 teacher_updates=1 temp_adv=1.1149999999999873 temp_nat=3.6379999999997095 temperature_updates=1 total_loss=0.04258692264556885 views=2
2026-09-18 00:21:00.237 | INFO     | __main__:<module>:492 - METHOD_BATCH epoch=144 step=100 adv_kd=0.026340357959270477 awp_gamma=0.0006 awp_relative_norm_max=0.0006000000867061317 clean_ce=0.1840606927871704 clean_ce_term=0.002760910429060459 consistency_term=0.0010396527359262109 consistency_weight=0.3 js_raw=0.03465509042143822 lr=0.1 nat_kd=0.013606471009552479 pcgrad_conflicts=0 push=0.033645592629909515 push_term=0.0016822796314954758 student_updates=1 teacher_ce=0.5113552212715149 teacher_lr=6.889148986361689e-05 teacher_margin=0.6706647872924805 teacher_margin_term=0.0003353324136696756 teacher_updates=1 temp_adv=1.1129999999999876 temp_nat=3.6399999999997092 temperature_updates=1 total_loss=0.04576500505208969 views=2
2026-09-18 00:22:59.008 | INFO     | __main__:<module>:492 - METHOD_BATCH epoch=144 step=200 adv_kd=0.029331892728805542 awp_gamma=0.0006 awp_relative_norm_max=0.0006000001449137926 clean_ce=0.18525467813014984 clean_ce_term=0.002778820227831602 consistency_term=0.000775564054492861 consistency_weight=0.3 js_raw=0.025852134451270103 lr=0.1 nat_kd=0.01375420019030571 pcgrad_conflicts=0 push=0.040132246911525726 push_term=0.0020066124852746725 student_updates=1 teacher_ce=0.4631565809249878 teacher_lr=6.889148986361689e-05 teacher_margin=0.6876525282859802 teacher_margin_term=0.00034382627927698195 teacher_updates=1 temp_adv=1.1109999999999878 temp_nat=3.641999999999709 temperature_updates=1 total_loss=0.04899091646075249 views=2
2026-09-18 00:24:57.607 | INFO     | __main__:<module>:492 - METHOD_BATCH epoch=144 step=300 adv_kd=0.027432646602392197 awp_gamma=0.0006 awp_relative_norm_max=0.0006000000867061317 clean_ce=0.16436558961868286 clean_ce_term=0.002465483732521534 consistency_term=0.0009323530248366296 consistency_weight=0.3 js_raw=0.031078431755304337 lr=0.1 nat_kd=0.010943297296762466 pcgrad_conflicts=0 push=0.046024274080991745 push_term=0.0023012137971818447 student_updates=1 teacher_ce=0.4724072068929672 teacher_lr=6.889148986361689e-05 teacher_margin=0.6506162881851196 teacher_margin_term=0.0003253081813454628 teacher_updates=1 temp_adv=1.1149999999999873 temp_nat=3.6379999999997095 temperature_updates=1 total_loss=0.044400300830602646 views=2
2026-09-18 00:26:46.086 | INFO     | __main__:<module>:870 - TRAIN_EPOCH_RESOURCE epoch=144 seconds=465.5295218527317 peak_allocated_bytes=8125391360
2026-09-18 00:26:46.087 | INFO     | __main__:<module>:477 - METHOD epoch=145 views=2 awp_gamma=0.000625 consistency_weight=0.3125
2026-09-18 00:26:46.087 | INFO     | __main__:<module>:480 - the 145th epoch 
2026-09-18 00:26:47.299 | INFO     | __main__:<module>:492 - METHOD_BATCH epoch=145 step=0 adv_kd=0.02824026346206665 awp_gamma=0.000625 awp_relative_norm_max=0.0006250001024454832 clean_ce=0.17321258783340454 clean_ce_term=0.002706446684896946 consistency_term=0.001114899874664843 consistency_weight=0.3125 js_raw=0.03567679598927498 lr=0.1 nat_kd=0.015666384249925613 pcgrad_conflicts=0 push=0.030344180762767792 push_term=0.0015172091079875827 student_updates=1 teacher_ce=0.616478681564331 teacher_lr=6.830752032535859e-05 teacher_margin=0.6261755228042603 teacher_margin_term=0.0003913597029168159 teacher_updates=1 temp_adv=1.1159999999999872 temp_nat=3.6369999999997096 temperature_updates=1 total_loss=0.049636565148830414 views=2
2026-09-18 00:28:45.254 | INFO     | __main__:<module>:492 - METHOD_BATCH epoch=145 step=100 adv_kd=0.03183489292860031 awp_gamma=0.000625 awp_relative_norm_max=0.0006250000442378223 clean_ce=0.1652396321296692 clean_ce_term=0.002581869252026081 consistency_term=0.0012494709808379412 consistency_weight=0.3125 js_raw=0.03998307138681412 lr=0.1 nat_kd=0.012338714674115181 pcgrad_conflicts=0 push=0.045345377177000046 push_term=0.0022672689519822598 student_updates=1 teacher_ce=0.43598881363868713 teacher_lr=6.830752032535859e-05 teacher_margin=0.7632582783699036 teacher_margin_term=0.0004770364030264318 teacher_updates=1 temp_adv=1.1139999999999874 temp_nat=3.6389999999997094 temperature_updates=1 total_loss=0.05074924975633621 views=2
2026-09-18 00:30:43.062 | INFO     | __main__:<module>:492 - METHOD_BATCH epoch=145 step=200 adv_kd=0.031006941571831703 awp_gamma=0.000625 awp_relative_norm_max=0.0006250000442378223 clean_ce=0.16005608439445496 clean_ce_term=0.0025008763186633587 consistency_term=0.0012151780538260937 consistency_weight=0.3125 js_raw=0.038885697722435 lr=0.1 nat_kd=0.014149343594908714 pcgrad_conflicts=0 push=0.040856488049030304 push_term=0.002042824402451515 student_updates=1 teacher_ce=0.508842796087265 teacher_lr=6.830752032535859e-05 teacher_margin=0.6768687963485718 teacher_margin_term=0.0004230430058669299 teacher_updates=1 temp_adv=1.1199999999999868 temp_nat=3.63299999999971 temperature_updates=1 total_loss=0.051338206976652145 views=2
2026-09-18 00:32:39.026 | INFO     | __main__:<module>:492 - METHOD_BATCH epoch=145 step=300 adv_kd=0.0342085137963295 awp_gamma=0.000625 awp_relative_norm_max=0.0006250000442378223 clean_ce=0.16925707459449768 clean_ce_term=0.0026446417905390263 consistency_term=0.0016760732978582382 consistency_weight=0.3125 js_raw=0.05363434553146362 lr=0.1 nat_kd=0.014585629105567932 pcgrad_conflicts=0 push=0.041413549333810806 push_term=0.0020706774666905403 student_updates=1 teacher_ce=0.49767714738845825 teacher_lr=6.830752032535859e-05 teacher_margin=0.7347675561904907 teacher_margin_term=0.0004592296900227666 teacher_updates=1 temp_adv=1.1099999999999879 temp_nat=3.642999999999709 temperature_updates=1 total_loss=0.05564476549625397 views=2
2026-09-18 00:34:23.209 | INFO     | __main__:<module>:870 - TRAIN_EPOCH_RESOURCE epoch=145 seconds=457.1217813678086 peak_allocated_bytes=8125391360
2026-09-18 00:34:23.209 | INFO     | __main__:<module>:477 - METHOD epoch=146 views=2 awp_gamma=0.0006500000000000001 consistency_weight=0.325
2026-09-18 00:34:23.210 | INFO     | __main__:<module>:480 - the 146th epoch 
2026-09-18 00:34:24.369 | INFO     | __main__:<module>:492 - METHOD_BATCH epoch=146 step=0 adv_kd=0.026772186160087585 awp_gamma=0.0006500000000000001 awp_relative_norm_max=0.0006500000599771738 clean_ce=0.18365123867988586 clean_ce_term=0.002984332386404276 consistency_term=0.001543611055240035 consistency_weight=0.325 js_raw=0.047495726495981216 lr=0.1 nat_kd=0.012913893908262253 pcgrad_conflicts=0 push=0.049617357552051544 push_term=0.0024808680173009634 student_updates=1 teacher_ce=0.48773330450057983 teacher_lr=6.772066209652216e-05 teacher_margin=0.7197286486625671 teacher_margin_term=0.0005397964850999415 teacher_updates=1 temp_adv=1.1209999999999867 temp_nat=3.63199999999971 temperature_updates=1 total_loss=0.04723468795418739 views=2
2026-09-18 00:36:22.780 | INFO     | __main__:<module>:492 - METHOD_BATCH epoch=146 step=100 adv_kd=0.027498610317707062 awp_gamma=0.0006500000000000001 awp_relative_norm_max=0.0006500000599771738 clean_ce=0.17582456767559052 clean_ce_term=0.002857149112969637 consistency_term=0.0010416331933811307 consistency_weight=0.325 js_raw=0.032050251960754395 lr=0.1 nat_kd=0.013345101848244667 pcgrad_conflicts=0 push=0.030524205416440964 push_term=0.0015262102242559195 student_updates=1 teacher_ce=0.45869483053684235 teacher_lr=6.772066209652216e-05 teacher_margin=0.6879335045814514 teacher_margin_term=0.0005159501451998949 teacher_updates=1 temp_adv=1.1129999999999876 temp_nat=3.6399999999997092 temperature_updates=1 total_loss=0.0467846505343914 views=2
2026-09-18 00:38:21.867 | INFO     | __main__:<module>:492 - METHOD_BATCH epoch=146 step=200 adv_kd=0.038554806262254715 awp_gamma=0.0006500000000000001 awp_relative_norm_max=0.0006500000599771738 clean_ce=0.17325185239315033 clean_ce_term=0.0028153425082564354 consistency_term=0.0017714252462610602 consistency_weight=0.325 js_raw=0.05450539290904999 lr=0.1 nat_kd=0.01546105183660984 pcgrad_conflicts=0 push=0.04373449459671974 push_term=0.002186724916100502 student_updates=1 teacher_ce=0.5244849622249603 teacher_lr=6.772066209652216e-05 teacher_margin=0.8583773374557495 teacher_margin_term=0.0006437830161303282 teacher_updates=1 temp_adv=1.1149999999999873 temp_nat=3.6379999999997095 temperature_updates=1 total_loss=0.061433129012584686 views=2
2026-09-18 00:40:21.383 | INFO     | __main__:<module>:492 - METHOD_BATCH epoch=146 step=300 adv_kd=0.028384368866682053 awp_gamma=0.0006500000000000001 awp_relative_norm_max=0.0006500000599771738 clean_ce=0.18356545269489288 clean_ce_term=0.00298293842934072 consistency_term=0.0009593648719601333 consistency_weight=0.325 js_raw=0.029518920928239822 lr=0.1 nat_kd=0.015177354216575623 pcgrad_conflicts=0 push=0.03646088019013405 push_term=0.001823043916374445 student_updates=1 teacher_ce=0.5260500609874725 teacher_lr=6.772066209652216e-05 teacher_margin=0.6492332220077515 teacher_margin_term=0.00048692492418922484 teacher_updates=1 temp_adv=1.118999999999987 temp_nat=3.63399999999971 temperature_updates=1 total_loss=0.049814000725746155 views=2
2026-09-18 00:42:08.082 | INFO     | __main__:<module>:870 - TRAIN_EPOCH_RESOURCE epoch=146 seconds=464.87252251431346 peak_allocated_bytes=8125391360
2026-09-18 00:42:08.083 | INFO     | __main__:<module>:477 - METHOD epoch=147 views=2 awp_gamma=0.000675 consistency_weight=0.3375
2026-09-18 00:42:08.083 | INFO     | __main__:<module>:480 - the 147th epoch 
2026-09-18 00:42:09.273 | INFO     | __main__:<module>:492 - METHOD_BATCH epoch=147 step=0 adv_kd=0.026454709470272064 awp_gamma=0.000675 awp_relative_norm_max=0.0006750000757165253 clean_ce=0.1442795991897583 clean_ce_term=0.0024347184225916862 consistency_term=0.0010493602603673935 consistency_weight=0.3375 js_raw=0.03109215572476387 lr=0.1 nat_kd=0.010598795488476753 pcgrad_conflicts=0 push=0.042451150715351105 push_term=0.00212255772203207 student_updates=1 teacher_ce=0.4234532117843628 teacher_lr=6.713100834416958e-05 teacher_margin=0.6456277370452881 teacher_margin_term=0.000564924324862659 teacher_updates=1 temp_adv=1.1119999999999877 temp_nat=3.640999999999709 temperature_updates=1 total_loss=0.043225064873695374 views=2
2026-09-18 00:44:08.177 | INFO     | __main__:<module>:492 - METHOD_BATCH epoch=147 step=100 adv_kd=0.026129599660634995 awp_gamma=0.000675 awp_relative_norm_max=0.0006750000757165253 clean_ce=0.17321603000164032 clean_ce_term=0.002923020627349615 consistency_term=0.0011020462261512876 consistency_weight=0.3375 js_raw=0.03265321999788284 lr=0.1 nat_kd=0.013664407655596733 pcgrad_conflicts=0 push=0.04139808937907219 push_term=0.0020699044689536095 student_updates=1 teacher_ce=0.5166714191436768 teacher_lr=6.713100834416958e-05 teacher_margin=0.6610337495803833 teacher_margin_term=0.0005784045206382871 teacher_updates=1 temp_adv=1.117999999999987 temp_nat=3.63499999999971 temperature_updates=1 total_loss=0.046467382460832596 views=2
2026-09-18 00:46:07.896 | INFO     | __main__:<module>:492 - METHOD_BATCH epoch=147 step=200 adv_kd=0.030333958566188812 awp_gamma=0.000675 awp_relative_norm_max=0.0006750000757165253 clean_ce=0.15792420506477356 clean_ce_term=0.0026649711653590202 consistency_term=0.0016145015833899379 consistency_weight=0.3375 js_raw=0.04783708229660988 lr=0.1 nat_kd=0.010397762060165405 pcgrad_conflicts=0 push=0.042467523366212845 push_term=0.0021233761217445135 student_updates=1 teacher_ce=0.5101803541183472 teacher_lr=6.713100834416958e-05 teacher_margin=0.7034580707550049 teacher_margin_term=0.0006155258161015809 teacher_updates=1 temp_adv=1.1159999999999872 temp_nat=3.6369999999997096 temperature_updates=1 total_loss=0.04775009676814079 views=2
2026-09-18 00:48:06.803 | INFO     | __main__:<module>:492 - METHOD_BATCH epoch=147 step=300 adv_kd=0.031571775674819946 awp_gamma=0.000675 awp_relative_norm_max=0.0006750000757165253 clean_ce=0.1747211366891861 clean_ce_term=0.002948419190943241 consistency_term=0.0009194658487103879 consistency_weight=0.3375 js_raw=0.02724343165755272 lr=0.1 nat_kd=0.014583767391741276 pcgrad_conflicts=0 push=0.03806708753108978 push_term=0.001903354306705296 student_updates=1 teacher_ce=0.4292302578687668 teacher_lr=6.713100834416958e-05 teacher_margin=0.7786847352981567 teacher_margin_term=0.0006813491927459836 teacher_updates=1 temp_adv=1.1119999999999877 temp_nat=3.640999999999709 temperature_updates=1 total_loss=0.052608128637075424 views=2
2026-09-18 00:49:51.805 | INFO     | __main__:<module>:870 - TRAIN_EPOCH_RESOURCE epoch=147 seconds=463.7213955372572 peak_allocated_bytes=8125391360
2026-09-18 00:49:51.805 | INFO     | __main__:<module>:477 - METHOD epoch=148 views=2 awp_gamma=0.0007 consistency_weight=0.35
2026-09-18 00:49:51.805 | INFO     | __main__:<module>:480 - the 148th epoch 
2026-09-18 00:49:53.012 | INFO     | __main__:<module>:492 - METHOD_BATCH epoch=148 step=0 adv_kd=0.03219209611415863 awp_gamma=0.0007 awp_relative_norm_max=0.0007000000914558768 clean_ce=0.1851457804441452 clean_ce_term=0.0032400512136518955 consistency_term=0.0013255762169137597 consistency_weight=0.35 js_raw=0.037873607128858566 lr=0.1 nat_kd=0.01497885212302208 pcgrad_conflicts=0 push=0.04966827854514122 push_term=0.0024834140203893185 student_updates=1 teacher_ce=0.49964894354343414 teacher_lr=6.653865267303979e-05 teacher_margin=0.7349786162376404 teacher_margin_term=0.0007349786465056241 teacher_updates=1 temp_adv=1.1129999999999876 temp_nat=3.6399999999997092 temperature_updates=1 total_loss=0.05495496839284897 views=2
2026-09-18 00:51:49.596 | INFO     | __main__:<module>:492 - METHOD_BATCH epoch=148 step=100 adv_kd=0.02893417328596115 awp_gamma=0.0007 awp_relative_norm_max=0.0007000000332482159 clean_ce=0.15633068978786469 clean_ce_term=0.002735787071287632 consistency_term=0.001081684953533113 consistency_weight=0.35 js_raw=0.030905282124876976 lr=0.1 nat_kd=0.010716301389038563 pcgrad_conflicts=0 push=0.03214016929268837 push_term=0.0016070085112005472 student_updates=1 teacher_ce=0.4966505169868469 teacher_lr=6.653865267303979e-05 teacher_margin=0.7068769931793213 teacher_margin_term=0.0007068769773468375 teacher_updates=1 temp_adv=1.1169999999999871 temp_nat=3.6359999999997097 temperature_updates=1 total_loss=0.04578183591365814 views=2
2026-09-18 00:53:47.395 | INFO     | __main__:<module>:492 - METHOD_BATCH epoch=148 step=200 adv_kd=0.032755352556705475 awp_gamma=0.0007 awp_relative_norm_max=0.0007000000332482159 clean_ce=0.15122121572494507 clean_ce_term=0.002646371256560087 consistency_term=0.0014927344163879752 consistency_weight=0.35 js_raw=0.04264955222606659 lr=0.1 nat_kd=0.010826542973518372 pcgrad_conflicts=0 push=0.04801258444786072 push_term=0.002400629222393036 student_updates=1 teacher_ce=0.3970613181591034 teacher_lr=6.653865267303979e-05 teacher_margin=0.8486414551734924 teacher_margin_term=0.0008486415026709437 teacher_updates=1 temp_adv=1.1209999999999867 temp_nat=3.63199999999971 temperature_updates=1 total_loss=0.05097027122974396 views=2
2026-09-18 00:55:45.472 | INFO     | __main__:<module>:492 - METHOD_BATCH epoch=148 step=300 adv_kd=0.02902361750602722 awp_gamma=0.0007 awp_relative_norm_max=0.0007000000914558768 clean_ce=0.1744115650653839 clean_ce_term=0.0030522022861987352 consistency_term=0.0014804158126935363 consistency_weight=0.35 js_raw=0.042297594249248505 lr=0.1 nat_kd=0.013211332261562347 pcgrad_conflicts=0 push=0.040955375880002975 push_term=0.0020477687940001488 student_updates=1 teacher_ce=0.4344960004091263 teacher_lr=6.653865267303979e-05 teacher_margin=0.6875439286231995 teacher_margin_term=0.0006875440012663603 teacher_updates=1 temp_adv=1.1149999999999873 temp_nat=3.6379999999997095 temperature_updates=1 total_loss=0.04950287938117981 views=2
2026-09-18 00:57:33.265 | INFO     | __main__:<module>:870 - TRAIN_EPOCH_RESOURCE epoch=148 seconds=461.4595462754369 peak_allocated_bytes=8125391360
2026-09-18 00:57:33.266 | INFO     | __main__:<module>:477 - METHOD epoch=149 views=2 awp_gamma=0.000725 consistency_weight=0.3625
2026-09-18 00:57:33.266 | INFO     | __main__:<module>:480 - the 149th epoch 
2026-09-18 00:57:34.475 | INFO     | __main__:<module>:492 - METHOD_BATCH epoch=149 step=0 adv_kd=0.025536242872476578 awp_gamma=0.000725 awp_relative_norm_max=0.0007250001071952283 clean_ce=0.1775759607553482 clean_ce_term=0.0032185642048716545 consistency_term=0.0009644821402616799 consistency_weight=0.3625 js_raw=0.026606403291225433 lr=0.1 nat_kd=0.014428248628973961 pcgrad_conflicts=0 push=0.04367292299866676 push_term=0.002183646196499467 student_updates=1 teacher_ce=0.5784837901592255 teacher_lr=6.5943689110532e-05 teacher_margin=0.6092239022254944 teacher_margin_term=0.0006853768136352301 teacher_updates=1 temp_adv=1.1139999999999874 temp_nat=3.6389999999997094 temperature_updates=1 total_loss=0.04701656103134155 views=2
2026-09-18 00:59:34.676 | INFO     | __main__:<module>:492 - METHOD_BATCH epoch=149 step=100 adv_kd=0.031157728284597397 awp_gamma=0.000725 awp_relative_norm_max=0.0007250000489875674 clean_ce=0.1604878157377243 clean_ce_term=0.0029088417068123817 consistency_term=0.0010119382059201598 consistency_weight=0.3625 js_raw=0.027915537357330322 lr=0.1 nat_kd=0.012162072584033012 pcgrad_conflicts=0 push=0.04296687990427017 push_term=0.0021483441814780235 student_updates=1 teacher_ce=0.44715580344200134 teacher_lr=6.5943689110532e-05 teacher_margin=0.8287758827209473 teacher_margin_term=0.0009323728154413402 teacher_updates=1 temp_adv=1.1219999999999866 temp_nat=3.6309999999997102 temperature_updates=1 total_loss=0.050321295857429504 views=2
2026-09-18 01:01:31.285 | INFO     | __main__:<module>:492 - METHOD_BATCH epoch=149 step=200 adv_kd=0.032479867339134216 awp_gamma=0.000725 awp_relative_norm_max=0.0007250001071952283 clean_ce=0.17309921979904175 clean_ce_term=0.0031374231912195683 consistency_term=0.0011203461326658726 consistency_weight=0.3625 js_raw=0.03090609982609749 lr=0.1 nat_kd=0.015082087367773056 pcgrad_conflicts=0 push=0.03161376342177391 push_term=0.0015806881710886955 student_updates=1 teacher_ce=0.5662710964679718 teacher_lr=6.5943689110532e-05 teacher_margin=0.7978638410568237 teacher_margin_term=0.0008975967648439109 teacher_updates=1 temp_adv=1.1159999999999872 temp_nat=3.6369999999997096 temperature_updates=1 total_loss=0.05429800972342491 views=2
2026-09-18 01:03:27.698 | INFO     | __main__:<module>:492 - METHOD_BATCH epoch=149 step=300 adv_kd=0.028615456074476242 awp_gamma=0.000725 awp_relative_norm_max=0.0007250001071952283 clean_ce=0.15821485221385956 clean_ce_term=0.0028676441870629787 consistency_term=0.0011961825657635927 consistency_weight=0.3625 js_raw=0.032998137176036835 lr=0.1 nat_kd=0.01040077954530716 pcgrad_conflicts=0 push=0.03630536049604416 push_term=0.0018152680713683367 student_updates=1 teacher_ce=0.477389395236969 teacher_lr=6.5943689110532e-05 teacher_margin=0.7036532759666443 teacher_margin_term=0.000791609869338572 teacher_updates=1 temp_adv=1.107999999999988 temp_nat=3.6449999999997087 temperature_updates=1 total_loss=0.04568694159388542 views=2
2026-09-18 01:05:12.167 | INFO     | __main__:<module>:870 - TRAIN_EPOCH_RESOURCE epoch=149 seconds=458.9010325782001 peak_allocated_bytes=8125391360
2026-09-18 01:05:12.168 | INFO     | __main__:<module>:477 - METHOD epoch=150 views=2 awp_gamma=0.00075 consistency_weight=0.375
2026-09-18 01:05:12.168 | INFO     | __main__:<module>:480 - the 150th epoch 
2026-09-18 01:05:13.339 | INFO     | __main__:<module>:492 - METHOD_BATCH epoch=150 step=0 adv_kd=0.03456383943557739 awp_gamma=0.00075 awp_relative_norm_max=0.0007500001229345798 clean_ce=0.17645488679409027 clean_ce_term=0.0033085292670875788 consistency_term=0.001143155270256102 consistency_weight=0.375 js_raw=0.030484139919281006 lr=0.1 nat_kd=0.016037024557590485 pcgrad_conflicts=0 push=0.039641834795475006 push_term=0.0019820916932076216 student_updates=1 teacher_ce=0.5354873836040497 teacher_lr=6.534621209162178e-05 teacher_margin=0.7712176442146301 teacher_margin_term=0.0009640220087021589 teacher_updates=1 temp_adv=1.1149999999999873 temp_nat=3.6379999999997095 temperature_updates=1 total_loss=0.0579986572265625 views=2
2026-09-18 01:07:10.001 | INFO     | __main__:<module>:492 - METHOD_BATCH epoch=150 step=100 adv_kd=0.03257933631539345 awp_gamma=0.00075 awp_relative_norm_max=0.0007500001229345798 clean_ce=0.1928725689649582 clean_ce_term=0.0036163609474897385 consistency_term=0.0013542373199015856 consistency_weight=0.375 js_raw=0.03611299395561218 lr=0.1 nat_kd=0.019487328827381134 pcgrad_conflicts=0 push=0.0444759801030159 push_term=0.002223799005150795 student_updates=1 teacher_ce=0.6552529633045197 teacher_lr=6.534621209162178e-05 teacher_margin=0.7257810235023499 teacher_margin_term=0.0009072262328118086 teacher_updates=1 temp_adv=1.1169999999999871 temp_nat=3.6359999999997097 temperature_updates=1 total_loss=0.06016828492283821 views=2
2026-09-18 01:09:10.797 | INFO     | __main__:<module>:492 - METHOD_BATCH epoch=150 step=200 adv_kd=0.03107880800962448 awp_gamma=0.00075 awp_relative_norm_max=0.0007500000647269189 clean_ce=0.16684716939926147 clean_ce_term=0.003128384705632925 consistency_term=0.0016511455178260803 consistency_weight=0.375 js_raw=0.04403054714202881 lr=0.1 nat_kd=0.013961090706288815 pcgrad_conflicts=0 push=0.05099201202392578 push_term=0.002549600787460804 student_updates=1 teacher_ce=0.5312791764736176 teacher_lr=6.534621209162178e-05 teacher_margin=0.699694812297821 teacher_margin_term=0.0008746184757910669 teacher_updates=1 temp_adv=1.1209999999999867 temp_nat=3.63199999999971 temperature_updates=1 total_loss=0.053243644535541534 views=2
2026-09-18 01:11:10.313 | INFO     | __main__:<module>:492 - METHOD_BATCH epoch=150 step=300 adv_kd=0.032541424036026 awp_gamma=0.00075 awp_relative_norm_max=0.0007500001229345798 clean_ce=0.1779979020357132 clean_ce_term=0.0033374608028680086 consistency_term=0.0011141382856294513 consistency_weight=0.375 js_raw=0.029710352420806885 lr=0.1 nat_kd=0.016528915613889694 pcgrad_conflicts=0 push=0.03491043299436569 push_term=0.0017455215565860271 student_updates=1 teacher_ce=0.4455414116382599 teacher_lr=6.534621209162178e-05 teacher_margin=0.818311333656311 teacher_margin_term=0.001022889045998454 teacher_updates=1 temp_adv=1.1209999999999867 temp_nat=3.63199999999971 temperature_updates=1 total_loss=0.05629035085439682 views=2
2026-09-18 01:12:57.208 | INFO     | __main__:<module>:870 - TRAIN_EPOCH_RESOURCE epoch=150 seconds=465.039423301816 peak_allocated_bytes=8125391360
2026-09-18 01:13:29.620 | INFO     | __main__:<module>:927 - student robust acc 0.5299, teacher robust acc 0.6816, nat teacher robust acc 0.4864
2026-09-18 01:13:37.105 | INFO     | __main__:<module>:998 - best accuracy:0.7037
2026-09-18 01:13:37.105 | INFO     | __main__:<module>:1001 - student natural acc 0.8775, adv teacher natural acc 0.8759, nat teacher natural acc 0.9318
2026-09-18 01:13:37.107 | INFO     | __main__:<module>:477 - METHOD epoch=151 views=2 awp_gamma=0.0007750000000000001 consistency_weight=0.3875
2026-09-18 01:13:37.107 | INFO     | __main__:<module>:480 - the 151th epoch 
2026-09-18 01:13:38.307 | INFO     | __main__:<module>:492 - METHOD_BATCH epoch=151 step=0 adv_kd=0.028245549649000168 awp_gamma=0.0007750000000000001 awp_relative_norm_max=0.0007750001386739314 clean_ce=0.17213746905326843 clean_ce_term=0.0033351636957377195 consistency_term=0.0013489978155121207 consistency_weight=0.3875 js_raw=0.03481284901499748 lr=0.09998898973418141 nat_kd=0.012179521843791008 pcgrad_conflicts=0 push=0.04675055295228958 push_term=0.002337527461349964 student_updates=1 teacher_ce=0.5503584742546082 teacher_lr=6.474631644371254e-05 teacher_margin=0.6318628191947937 teacher_margin_term=0.0008688113885000348 teacher_updates=1 temp_adv=1.1159999999999872 temp_nat=3.6369999999997096 temperature_updates=1 total_loss=0.04831557348370552 views=2
2026-09-18 01:15:37.690 | INFO     | __main__:<module>:492 - METHOD_BATCH epoch=151 step=100 adv_kd=0.026374749839305878 awp_gamma=0.0007750000000000001 awp_relative_norm_max=0.0007750001386739314 clean_ce=0.18153953552246094 clean_ce_term=0.0035173287615180016 consistency_term=0.0014606134500354528 consistency_weight=0.3875 js_raw=0.03769325092434883 lr=0.09998898973418141 nat_kd=0.014082461595535278 pcgrad_conflicts=0 push=0.03248206526041031 push_term=0.0016241034027189016 student_updates=1 teacher_ce=0.5491217076778412 teacher_lr=6.474631644371254e-05 teacher_margin=0.6307602524757385 teacher_margin_term=0.0008672953117638826 teacher_updates=1 temp_adv=1.1139999999999874 temp_nat=3.6389999999997094 temperature_updates=1 total_loss=0.04792654886841774 views=2
2026-09-18 01:17:37.011 | INFO     | __main__:<module>:492 - METHOD_BATCH epoch=151 step=200 adv_kd=0.02849479764699936 awp_gamma=0.0007750000000000001 awp_relative_norm_max=0.0007750001386739314 clean_ce=0.1709694266319275 clean_ce_term=0.003312532790005207 consistency_term=0.001952226273715496 consistency_weight=0.3875 js_raw=0.05038003623485565 lr=0.09998898973418141 nat_kd=0.013535072095692158 pcgrad_conflicts=0 push=0.03999693691730499 push_term=0.001999847125262022 student_updates=1 teacher_ce=0.5499747395515442 teacher_lr=6.474631644371254e-05 teacher_margin=0.679473340511322 teacher_margin_term=0.0009342757984995842 teacher_updates=1 temp_adv=1.1159999999999872 temp_nat=3.6369999999997096 temperature_updates=1 total_loss=0.050228752195835114 views=2
2026-09-18 01:19:36.498 | INFO     | __main__:<module>:492 - METHOD_BATCH epoch=151 step=300 adv_kd=0.03666083514690399 awp_gamma=0.0007750000000000001 awp_relative_norm_max=0.0007750001386739314 clean_ce=0.19456921517848969 clean_ce_term=0.003769778646528721 consistency_term=0.0017803804948925972 consistency_weight=0.3875 js_raw=0.04594530537724495 lr=0.09998898973418141 nat_kd=0.019245948642492294 pcgrad_conflicts=0 push=0.04236164689064026 push_term=0.0021180822513997555 student_updates=1 teacher_ce=0.576390415430069 teacher_lr=6.474631644371254e-05 teacher_margin=0.7875596880912781 teacher_margin_term=0.0010828946251422167 teacher_updates=1 temp_adv=1.1199999999999868 temp_nat=3.63299999999971 temperature_updates=1 total_loss=0.06465791910886765 views=2
2026-09-18 01:21:23.688 | INFO     | __main__:<module>:870 - TRAIN_EPOCH_RESOURCE epoch=151 seconds=466.581003241241 peak_allocated_bytes=8127488512
2026-09-18 01:21:23.689 | INFO     | __main__:<module>:477 - METHOD epoch=152 views=2 awp_gamma=0.0008 consistency_weight=0.4
2026-09-18 01:21:23.689 | INFO     | __main__:<module>:480 - the 152th epoch 
2026-09-18 01:21:24.889 | INFO     | __main__:<module>:492 - METHOD_BATCH epoch=152 step=0 adv_kd=0.02430027350783348 awp_gamma=0.0008 awp_relative_norm_max=0.000800000096205622 clean_ce=0.17226484417915344 clean_ce_term=0.003445296548306942 consistency_term=0.0011954078217968345 consistency_weight=0.4 js_raw=0.029885193333029747 lr=0.09995596380529374 nat_kd=0.012485816143453121 pcgrad_conflicts=0 push=0.035945527255535126 push_term=0.0017972765490412712 student_updates=1 teacher_ce=0.4434586763381958 teacher_lr=6.414409737142498e-05 teacher_margin=0.6308760046958923 teacher_margin_term=0.000946314015891403 teacher_updates=1 temp_adv=1.1129999999999876 temp_nat=3.6399999999997092 temperature_updates=1 total_loss=0.04417038708925247 views=2
2026-09-18 01:23:24.384 | INFO     | __main__:<module>:492 - METHOD_BATCH epoch=152 step=100 adv_kd=0.028680145740509033 awp_gamma=0.0008 awp_relative_norm_max=0.000800000037997961 clean_ce=0.17727860808372498 clean_ce_term=0.003545572282746434 consistency_term=0.0010322734015062451 consistency_weight=0.4 js_raw=0.025806834921240807 lr=0.09995596380529374 nat_kd=0.01689985767006874 pcgrad_conflicts=0 push=0.029789861291646957 push_term=0.0014894930645823479 student_updates=1 teacher_ce=0.6186712980270386 teacher_lr=6.414409737142498e-05 teacher_margin=0.6264776587486267 teacher_margin_term=0.000939716468565166 teacher_updates=1 temp_adv=1.1149999999999873 temp_nat=3.6379999999997095 temperature_updates=1 total_loss=0.05258706584572792 views=2
2026-09-18 01:25:24.057 | INFO     | __main__:<module>:492 - METHOD_BATCH epoch=152 step=200 adv_kd=0.0288066528737545 awp_gamma=0.0008 awp_relative_norm_max=0.000800000096205622 clean_ce=0.18372491002082825 clean_ce_term=0.0036744982935488224 consistency_term=0.0018138354644179344 consistency_weight=0.4 js_raw=0.045345887541770935 lr=0.09995596380529374 nat_kd=0.01362244226038456 pcgrad_conflicts=0 push=0.04290600121021271 push_term=0.002145299920812249 student_updates=1 teacher_ce=0.5935407280921936 teacher_lr=6.414409737142498e-05 teacher_margin=0.6698470711708069 teacher_margin_term=0.0010047706309705973 teacher_updates=1 temp_adv=1.1209999999999867 temp_nat=3.63199999999971 temperature_updates=1 total_loss=0.051067501306533813 views=2
2026-09-18 01:27:24.012 | INFO     | __main__:<module>:492 - METHOD_BATCH epoch=152 step=300 adv_kd=0.02796108089387417 awp_gamma=0.0008 awp_relative_norm_max=0.000800000096205622 clean_ce=0.17375913262367249 clean_ce_term=0.0034751826897263527 consistency_term=0.001084128045476973 consistency_weight=0.4 js_raw=0.027103200554847717 lr=0.09995596380529374 nat_kd=0.01183709129691124 pcgrad_conflicts=0 push=0.03734636679291725 push_term=0.0018673184094950557 student_updates=1 teacher_ce=0.5446875095367432 teacher_lr=6.414409737142498e-05 teacher_margin=0.6732877492904663 teacher_margin_term=0.0010099316714331508 teacher_updates=1 temp_adv=1.1149999999999873 temp_nat=3.6379999999997095 temperature_updates=1 total_loss=0.047234732657670975 views=2
2026-09-18 01:29:12.647 | INFO     | __main__:<module>:870 - TRAIN_EPOCH_RESOURCE epoch=152 seconds=468.9574812501669 peak_allocated_bytes=8127488512
2026-09-18 01:29:12.647 | INFO     | __main__:<module>:477 - METHOD epoch=153 views=2 awp_gamma=0.000825 consistency_weight=0.4125
2026-09-18 01:29:12.648 | INFO     | __main__:<module>:480 - the 153th epoch 
2026-09-18 01:29:13.851 | INFO     | __main__:<module>:492 - METHOD_BATCH epoch=153 step=0 adv_kd=0.03482368588447571 awp_gamma=0.000825 awp_relative_norm_max=0.0008250001119449735 clean_ce=0.18495190143585205 clean_ce_term=0.003814633237197995 consistency_term=0.0010977673809975386 consistency_weight=0.4125 js_raw=0.02661254070699215 lr=0.09990093681686711 nat_kd=0.018685927614569664 pcgrad_conflicts=0 push=0.03159657120704651 push_term=0.0015798285603523254 student_updates=1 teacher_ce=0.5399207770824432 teacher_lr=6.353965044132693e-05 teacher_margin=0.7032932639122009 teacher_margin_term=0.0011428515426814556 teacher_updates=1 temp_adv=1.1159999999999872 temp_nat=3.6369999999997096 temperature_updates=1 total_loss=0.061144694685935974 views=2
2026-09-18 01:31:14.826 | INFO     | __main__:<module>:492 - METHOD_BATCH epoch=153 step=100 adv_kd=0.027054551988840103 awp_gamma=0.000825 awp_relative_norm_max=0.0008250001119449735 clean_ce=0.19482316076755524 clean_ce_term=0.004018227569758892 consistency_term=0.0014903595438227057 consistency_weight=0.4125 js_raw=0.03612992912530899 lr=0.09990093681686711 nat_kd=0.019061196595430374 pcgrad_conflicts=0 push=0.03820749372243881 push_term=0.0019103746162727475 student_updates=1 teacher_ce=0.6014050841331482 teacher_lr=6.353965044132693e-05 teacher_margin=0.5935184955596924 teacher_margin_term=0.0009644675301387906 teacher_updates=1 temp_adv=1.1199999999999868 temp_nat=3.63299999999971 temperature_updates=1 total_loss=0.054499175399541855 views=2
2026-09-18 01:33:16.040 | INFO     | __main__:<module>:492 - METHOD_BATCH epoch=153 step=200 adv_kd=0.042614731937646866 awp_gamma=0.000825 awp_relative_norm_max=0.0008250001119449735 clean_ce=0.15340358018875122 clean_ce_term=0.0031639491207897663 consistency_term=0.0017309701070189476 consistency_weight=0.4125 js_raw=0.041962914168834686 lr=0.09990093681686711 nat_kd=0.014653893187642097 pcgrad_conflicts=0 push=0.05080419033765793 push_term=0.002540209796279669 student_updates=1 teacher_ce=0.5471093654632568 teacher_lr=6.353965044132693e-05 teacher_margin=0.9472520351409912 teacher_margin_term=0.0015392845962196589 teacher_updates=1 temp_adv=1.1199999999999868 temp_nat=3.63299999999971 temperature_updates=1 total_loss=0.06624304503202438 views=2
2026-09-18 01:35:15.266 | INFO     | __main__:<module>:492 - METHOD_BATCH epoch=153 step=300 adv_kd=0.030763749033212662 awp_gamma=0.000825 awp_relative_norm_max=0.0008250001119449735 clean_ce=0.15102171897888184 clean_ce_term=0.0031148227863013744 consistency_term=0.001504050800576806 consistency_weight=0.4125 js_raw=0.03646183758974075 lr=0.09990093681686711 nat_kd=0.010088616982102394 pcgrad_conflicts=0 push=0.043503716588020325 push_term=0.0021751858294010162 student_updates=1 teacher_ce=0.48447275161743164 teacher_lr=6.353965044132693e-05 teacher_margin=0.7345370054244995 teacher_margin_term=0.0011936225928366184 teacher_updates=1 temp_adv=1.1159999999999872 temp_nat=3.6369999999997096 temperature_updates=1 total_loss=0.04884004965424538 views=2
2026-09-18 01:37:02.660 | INFO     | __main__:<module>:870 - TRAIN_EPOCH_RESOURCE epoch=153 seconds=470.0122532323003 peak_allocated_bytes=8127488512
2026-09-18 01:37:02.661 | INFO     | __main__:<module>:477 - METHOD epoch=154 views=2 awp_gamma=0.00085 consistency_weight=0.425
2026-09-18 01:37:02.661 | INFO     | __main__:<module>:480 - the 154th epoch 
2026-09-18 01:37:03.864 | INFO     | __main__:<module>:492 - METHOD_BATCH epoch=154 step=0 adv_kd=0.030574504286050797 awp_gamma=0.00085 awp_relative_norm_max=0.0008500000694766641 clean_ce=0.18236255645751953 clean_ce_term=0.003875204361975193 consistency_term=0.0015523693291470408 consistency_weight=0.425 js_raw=0.03652633726596832 lr=0.09982393310087144 nat_kd=0.01485680602490902 pcgrad_conflicts=0 push=0.03698749840259552 push_term=0.0018493749666959047 student_updates=1 teacher_ce=0.535487174987793 teacher_lr=6.29330715666056e-05 teacher_margin=0.7093522548675537 teacher_margin_term=0.0012413666117936373 teacher_updates=1 temp_adv=1.1169999999999871 temp_nat=3.6359999999997097 temperature_updates=1 total_loss=0.05394962802529335 views=2
2026-09-18 01:39:04.689 | INFO     | __main__:<module>:492 - METHOD_BATCH epoch=154 step=100 adv_kd=0.03353656083345413 awp_gamma=0.00085 awp_relative_norm_max=0.000850000127684325 clean_ce=0.16591018438339233 clean_ce_term=0.00352559145539999 consistency_term=0.0018547552172094584 consistency_weight=0.425 js_raw=0.04364129900932312 lr=0.09982393310087144 nat_kd=0.011316157877445221 pcgrad_conflicts=0 push=0.05066029727458954 push_term=0.002533014863729477 student_updates=1 teacher_ce=0.3878442347049713 teacher_lr=6.29330715666056e-05 teacher_margin=0.8259936571121216 teacher_margin_term=0.0014454888878390193 teacher_updates=1 temp_adv=1.1249999999999862 temp_nat=3.6279999999997106 temperature_updates=1 total_loss=0.0542115718126297 views=2
2026-09-18 01:41:05.482 | INFO     | __main__:<module>:492 - METHOD_BATCH epoch=154 step=200 adv_kd=0.027656901627779007 awp_gamma=0.00085 awp_relative_norm_max=0.000850000127684325 clean_ce=0.18042303621768951 clean_ce_term=0.0038339896127581596 consistency_term=0.0015105520142242312 consistency_weight=0.425 js_raw=0.03554239869117737 lr=0.09982393310087144 nat_kd=0.019144464284181595 pcgrad_conflicts=0 push=0.04641953855752945 push_term=0.0023209769278764725 student_updates=1 teacher_ce=0.6013897061347961 teacher_lr=6.29330715666056e-05 teacher_margin=0.6682469844818115 teacher_margin_term=0.0011694323038682342 teacher_updates=1 temp_adv=1.118999999999987 temp_nat=3.63399999999971 temperature_updates=1 total_loss=0.055636316537857056 views=2
2026-09-18 01:43:06.065 | INFO     | __main__:<module>:492 - METHOD_BATCH epoch=154 step=300 adv_kd=0.03188953176140785 awp_gamma=0.00085 awp_relative_norm_max=0.000850000127684325 clean_ce=0.19749942421913147 clean_ce_term=0.004196862690150738 consistency_term=0.0012876748805865645 consistency_weight=0.425 js_raw=0.030298233032226562 lr=0.09982393310087144 nat_kd=0.016292087733745575 pcgrad_conflicts=0 push=0.03347259759902954 push_term=0.0016736299730837345 student_updates=1 teacher_ce=0.5328554809093475 teacher_lr=6.29330715666056e-05 teacher_margin=0.7617015838623047 teacher_margin_term=0.0013329777866601944 teacher_updates=1 temp_adv=1.1209999999999867 temp_nat=3.63199999999971 temperature_updates=1 total_loss=0.05667276680469513 views=2
2026-09-18 01:44:51.908 | INFO     | __main__:<module>:870 - TRAIN_EPOCH_RESOURCE epoch=154 seconds=469.24686709418893 peak_allocated_bytes=8127488512
2026-09-18 01:44:51.909 | INFO     | __main__:<module>:477 - METHOD epoch=155 views=2 awp_gamma=0.000875 consistency_weight=0.4375
2026-09-18 01:44:51.909 | INFO     | __main__:<module>:480 - the 155th epoch 
2026-09-18 01:44:53.129 | INFO     | __main__:<module>:492 - METHOD_BATCH epoch=155 step=0 adv_kd=0.0324195995926857 awp_gamma=0.000875 awp_relative_norm_max=0.0008750001434236765 clean_ce=0.18214969336986542 clean_ce_term=0.00398452440276742 consistency_term=0.001436465885490179 consistency_weight=0.4375 js_raw=0.03283350542187691 lr=0.09972498670684993 nat_kd=0.015418891794979572 pcgrad_conflicts=0 push=0.045506589114665985 push_term=0.0022753295488655567 student_updates=1 teacher_ce=0.6055989563465118 teacher_lr=6.232445699168567e-05 teacher_margin=0.7432780265808105 teacher_margin_term=0.0013936463510617614 teacher_updates=1 temp_adv=1.1219999999999866 temp_nat=3.6309999999997102 temperature_updates=1 total_loss=0.05692846328020096 views=2
2026-09-18 01:46:53.038 | INFO     | __main__:<module>:492 - METHOD_BATCH epoch=155 step=100 adv_kd=0.03054334968328476 awp_gamma=0.000875 awp_relative_norm_max=0.0008750001434236765 clean_ce=0.17906473577022552 clean_ce_term=0.003917040769010782 consistency_term=0.0016705546295270324 consistency_weight=0.4375 js_raw=0.03818410634994507 lr=0.09972498670684993 nat_kd=0.015256287530064583 pcgrad_conflicts=0 push=0.04006693512201309 push_term=0.0020033468026667833 student_updates=1 teacher_ce=0.5331061482429504 teacher_lr=6.232445699168567e-05 teacher_margin=0.7019001245498657 teacher_margin_term=0.0013160626403987408 teacher_updates=1 temp_adv=1.117999999999987 temp_nat=3.63499999999971 temperature_updates=1 total_loss=0.0547066405415535 views=2
2026-09-18 01:48:52.777 | INFO     | __main__:<module>:492 - METHOD_BATCH epoch=155 step=200 adv_kd=0.025985725224018097 awp_gamma=0.000875 awp_relative_norm_max=0.0008750001434236765 clean_ce=0.16972291469573975 clean_ce_term=0.0037126888055354357 consistency_term=0.0012762449914589524 consistency_weight=0.4375 js_raw=0.02917131409049034 lr=0.09972498670684993 nat_kd=0.014153363183140755 pcgrad_conflicts=0 push=0.04756779596209526 push_term=0.0023783897049725056 student_updates=1 teacher_ce=0.5985708832740784 teacher_lr=6.232445699168567e-05 teacher_margin=0.6311002969741821 teacher_margin_term=0.001183312968350947 teacher_updates=1 temp_adv=1.1239999999999863 temp_nat=3.6289999999997105 temperature_updates=1 total_loss=0.04868972674012184 views=2
2026-09-18 01:50:52.417 | INFO     | __main__:<module>:492 - METHOD_BATCH epoch=155 step=300 adv_kd=0.03631294518709183 awp_gamma=0.000875 awp_relative_norm_max=0.0008750001434236765 clean_ce=0.20816253125667572 clean_ce_term=0.004553555510938168 consistency_term=0.0017780514899641275 consistency_weight=0.4375 js_raw=0.0406411774456501 lr=0.09972498670684993 nat_kd=0.02053738199174404 pcgrad_conflicts=0 push=0.03905332088470459 push_term=0.0019526660908013582 student_updates=1 teacher_ce=0.5819700062274933 teacher_lr=6.232445699168567e-05 teacher_margin=0.821812629699707 teacher_margin_term=0.0015408986946567893 teacher_updates=1 temp_adv=1.1239999999999863 temp_nat=3.6289999999997105 temperature_updates=1 total_loss=0.06667549908161163 views=2
2026-09-18 01:52:39.879 | INFO     | __main__:<module>:870 - TRAIN_EPOCH_RESOURCE epoch=155 seconds=467.9698283933103 peak_allocated_bytes=8127488512
2026-09-18 01:52:39.879 | INFO     | __main__:<module>:477 - METHOD epoch=156 views=2 awp_gamma=0.0009000000000000001 consistency_weight=0.45
2026-09-18 01:52:39.880 | INFO     | __main__:<module>:480 - the 156th epoch 
2026-09-18 01:52:41.071 | INFO     | __main__:<module>:492 - METHOD_BATCH epoch=156 step=0 adv_kd=0.029075969010591507 awp_gamma=0.0009000000000000001 awp_relative_norm_max=0.0009000000427477062 clean_ce=0.17286185920238495 clean_ce_term=0.0038893918972462416 consistency_term=0.001568053849041462 consistency_weight=0.45 js_raw=0.03484564274549484 lr=0.0996041413867123 nat_kd=0.013804729096591473 pcgrad_conflicts=0 push=0.03776588290929794 push_term=0.0018882941221818328 student_updates=1 teacher_ce=0.5521420240402222 teacher_lr=6.171390327679456e-05 teacher_margin=0.6539767384529114 teacher_margin_term=0.0013079536147415638 teacher_updates=1 temp_adv=1.1169999999999871 temp_nat=3.6359999999997097 temperature_updates=1 total_loss=0.051534391939640045 views=2
2026-09-18 01:54:40.625 | INFO     | __main__:<module>:492 - METHOD_BATCH epoch=156 step=100 adv_kd=0.02925420179963112 awp_gamma=0.0009000000000000001 awp_relative_norm_max=0.0009000001009553671 clean_ce=0.16130268573760986 clean_ce_term=0.0036293105222284794 consistency_term=0.0022457821760326624 consistency_weight=0.45 js_raw=0.04990627244114876 lr=0.0996041413867123 nat_kd=0.015018865466117859 pcgrad_conflicts=0 push=0.04435623809695244 push_term=0.0022178119979798794 student_updates=1 teacher_ce=0.633065938949585 teacher_lr=6.171390327679456e-05 teacher_margin=0.7180284261703491 teacher_margin_term=0.0014360568020492792 teacher_updates=1 temp_adv=1.1169999999999871 temp_nat=3.6359999999997097 temperature_updates=1 total_loss=0.05380202829837799 views=2
2026-09-18 01:56:38.851 | INFO     | __main__:<module>:492 - METHOD_BATCH epoch=156 step=200 adv_kd=0.031466469168663025 awp_gamma=0.0009000000000000001 awp_relative_norm_max=0.0009000001009553671 clean_ce=0.17491860687732697 clean_ce_term=0.003935668617486954 consistency_term=0.0014179425779730082 consistency_weight=0.45 js_raw=0.03150983527302742 lr=0.0996041413867123 nat_kd=0.013502482324838638 pcgrad_conflicts=0 push=0.04151780903339386 push_term=0.0020758905448019505 student_updates=1 teacher_ce=0.4918488562107086 teacher_lr=6.171390327679456e-05 teacher_margin=0.7028478384017944 teacher_margin_term=0.0014056956861168146 teacher_updates=1 temp_adv=1.1229999999999865 temp_nat=3.6299999999997103 temperature_updates=1 total_loss=0.053804147988557816 views=2
2026-09-18 01:58:36.441 | INFO     | __main__:<module>:492 - METHOD_BATCH epoch=156 step=300 adv_kd=0.029402194544672966 awp_gamma=0.0009000000000000001 awp_relative_norm_max=0.0009000001009553671 clean_ce=0.16802756488323212 clean_ce_term=0.0037806201726198196 consistency_term=0.001145983929745853 consistency_weight=0.45 js_raw=0.0254663098603487 lr=0.0996041413867123 nat_kd=0.013343384489417076 pcgrad_conflicts=0 push=0.03403928130865097 push_term=0.0017019640654325485 student_updates=1 teacher_ce=0.6069154441356659 teacher_lr=6.171390327679456e-05 teacher_margin=0.6405961513519287 teacher_margin_term=0.0012811924098059535 teacher_updates=1 temp_adv=1.1169999999999871 temp_nat=3.6359999999997097 temperature_updates=1 total_loss=0.050655342638492584 views=2
2026-09-18 02:00:22.678 | INFO     | __main__:<module>:870 - TRAIN_EPOCH_RESOURCE epoch=156 seconds=462.798066791147 peak_allocated_bytes=8127488512
2026-09-18 02:00:22.678 | INFO     | __main__:<module>:477 - METHOD epoch=157 views=2 awp_gamma=0.000925 consistency_weight=0.4625
2026-09-18 02:00:22.679 | INFO     | __main__:<module>:480 - the 157th epoch 
2026-09-18 02:00:23.859 | INFO     | __main__:<module>:492 - METHOD_BATCH epoch=157 step=0 adv_kd=0.03222322463989258 awp_gamma=0.000925 awp_relative_norm_max=0.0009250000584870577 clean_ce=0.1504637598991394 clean_ce_term=0.0034794744569808245 consistency_term=0.0024884657468646765 consistency_weight=0.4625 js_raw=0.053804662078619 lr=0.09946145057519529 nat_kd=0.01374833844602108 pcgrad_conflicts=0 push=0.03962593153119087 push_term=0.0019812965765595436 student_updates=1 teacher_ce=0.6443625390529633 teacher_lr=6.110150728247835e-05 teacher_margin=0.714777946472168 teacher_margin_term=0.00151890330016613 teacher_updates=1 temp_adv=1.1219999999999866 temp_nat=3.6309999999997102 temperature_updates=1 total_loss=0.05543970316648483 views=2
2026-09-18 02:02:23.055 | INFO     | __main__:<module>:492 - METHOD_BATCH epoch=157 step=100 adv_kd=0.03158143162727356 awp_gamma=0.000925 awp_relative_norm_max=0.0009250001166947186 clean_ce=0.1730538308620453 clean_ce_term=0.004001869820058346 consistency_term=0.0014783245278522372 consistency_weight=0.4625 js_raw=0.0319637730717659 lr=0.09946145057519529 nat_kd=0.01302546076476574 pcgrad_conflicts=0 push=0.039880551397800446 push_term=0.001994027756154537 student_updates=1 teacher_ce=0.5133054852485657 teacher_lr=6.110150728247835e-05 teacher_margin=0.7562201023101807 teacher_margin_term=0.0016069677658379078 teacher_updates=1 temp_adv=1.1239999999999863 temp_nat=3.6289999999997105 temperature_updates=1 total_loss=0.053688082844018936 views=2
2026-09-18 02:04:22.748 | INFO     | __main__:<module>:492 - METHOD_BATCH epoch=157 step=200 adv_kd=0.036020807921886444 awp_gamma=0.000925 awp_relative_norm_max=0.0009250001166947186 clean_ce=0.18321996927261353 clean_ce_term=0.004236961714923382 consistency_term=0.0018022520234808326 consistency_weight=0.4625 js_raw=0.03896761313080788 lr=0.09946145057519529 nat_kd=0.017278749495744705 pcgrad_conflicts=0 push=0.035721562802791595 push_term=0.001786078093573451 student_updates=1 teacher_ce=0.6053480207920074 teacher_lr=6.110150728247835e-05 teacher_margin=0.7803983092308044 teacher_margin_term=0.0016583465039730072 teacher_updates=1 temp_adv=1.1219999999999866 temp_nat=3.6309999999997102 temperature_updates=1 total_loss=0.06278319656848907 views=2
2026-09-18 02:06:21.956 | INFO     | __main__:<module>:492 - METHOD_BATCH epoch=157 step=300 adv_kd=0.026822440326213837 awp_gamma=0.000925 awp_relative_norm_max=0.0009250001166947186 clean_ce=0.1746521294116974 clean_ce_term=0.004038830287754536 consistency_term=0.0015682941302657127 consistency_weight=0.4625 js_raw=0.033909060060977936 lr=0.09946145057519529 nat_kd=0.015040320344269276 pcgrad_conflicts=0 push=0.04035228490829468 push_term=0.002017614431679249 student_updates=1 teacher_ce=0.5169508457183838 teacher_lr=6.110150728247835e-05 teacher_margin=0.6930745840072632 teacher_margin_term=0.0014727835077792406 teacher_updates=1 temp_adv=1.1219999999999866 temp_nat=3.6309999999997102 temperature_updates=1 total_loss=0.05096028745174408 views=2
2026-09-18 02:08:08.974 | INFO     | __main__:<module>:870 - TRAIN_EPOCH_RESOURCE epoch=157 seconds=466.2949437201023 peak_allocated_bytes=8127488512
2026-09-18 02:08:08.974 | INFO     | __main__:<module>:477 - METHOD epoch=158 views=2 awp_gamma=0.00095 consistency_weight=0.475
2026-09-18 02:08:08.975 | INFO     | __main__:<module>:480 - the 158th epoch 
2026-09-18 02:08:10.159 | INFO     | __main__:<module>:492 - METHOD_BATCH epoch=158 step=0 adv_kd=0.02867612987756729 awp_gamma=0.00095 awp_relative_norm_max=0.0009500001324340701 clean_ce=0.18208998441696167 clean_ce_term=0.00432463688775897 consistency_term=0.0017506432486698031 consistency_weight=0.475 js_raw=0.03685564547777176 lr=0.09929697736599877 nat_kd=0.014551570639014244 pcgrad_conflicts=0 push=0.03532899171113968 push_term=0.001766449655406177 student_updates=1 teacher_ce=0.5402067005634308 teacher_lr=6.04873661540703e-05 teacher_margin=0.6404126286506653 teacher_margin_term=0.0014409283176064491 teacher_updates=1 temp_adv=1.1309999999999856 temp_nat=3.6219999999997112 temperature_updates=1 total_loss=0.05251035839319229 views=2
2026-09-18 02:10:08.689 | INFO     | __main__:<module>:492 - METHOD_BATCH epoch=158 step=100 adv_kd=0.027969837188720703 awp_gamma=0.00095 awp_relative_norm_max=0.0009500001324340701 clean_ce=0.17880530655384064 clean_ce_term=0.004246626049280167 consistency_term=0.0015204178635030985 consistency_weight=0.475 js_raw=0.03200879693031311 lr=0.09929697736599877 nat_kd=0.013186967000365257 pcgrad_conflicts=0 push=0.049463286995887756 push_term=0.002473164349794388 student_updates=1 teacher_ce=0.5350884199142456 teacher_lr=6.04873661540703e-05 teacher_margin=0.6701792478561401 teacher_margin_term=0.001507903216406703 teacher_updates=1 temp_adv=1.118999999999987 temp_nat=3.63399999999971 temperature_updates=1 total_loss=0.05090491473674774 views=2
2026-09-18 02:12:06.790 | INFO     | __main__:<module>:492 - METHOD_BATCH epoch=158 step=200 adv_kd=0.03318362310528755 awp_gamma=0.00095 awp_relative_norm_max=0.0009500001324340701 clean_ce=0.16306383907794952 clean_ce_term=0.0038727661594748497 consistency_term=0.0020373216830193996 consistency_weight=0.475 js_raw=0.04289098083972931 lr=0.09929697736599877 nat_kd=0.016464361920952797 pcgrad_conflicts=0 push=0.03610991686582565 push_term=0.0018054959364235401 student_updates=1 teacher_ce=0.5550678372383118 teacher_lr=6.04873661540703e-05 teacher_margin=0.752427875995636 teacher_margin_term=0.0016929625999182463 teacher_updates=1 temp_adv=1.1169999999999871 temp_nat=3.6359999999997097 temperature_updates=1 total_loss=0.05905653163790703 views=2
2026-09-18 02:14:04.726 | INFO     | __main__:<module>:492 - METHOD_BATCH epoch=158 step=300 adv_kd=0.02804170548915863 awp_gamma=0.00095 awp_relative_norm_max=0.0009500001324340701 clean_ce=0.18453633785247803 clean_ce_term=0.004382737912237644 consistency_term=0.0014400999061763287 consistency_weight=0.475 js_raw=0.030317893251776695 lr=0.09929697736599877 nat_kd=0.014605848118662834 pcgrad_conflicts=0 push=0.03640805557370186 push_term=0.0018204029183834791 student_updates=1 teacher_ce=0.5340909361839294 teacher_lr=6.04873661540703e-05 teacher_margin=0.7255727648735046 teacher_margin_term=0.0016325386241078377 teacher_updates=1 temp_adv=1.1229999999999865 temp_nat=3.6299999999997103 temperature_updates=1 total_loss=0.05192333087325096 views=2
2026-09-18 02:15:51.276 | INFO     | __main__:<module>:870 - TRAIN_EPOCH_RESOURCE epoch=158 seconds=462.30139844864607 peak_allocated_bytes=8127488512
2026-09-18 02:15:51.277 | INFO     | __main__:<module>:477 - METHOD epoch=159 views=2 awp_gamma=0.000975 consistency_weight=0.4875
2026-09-18 02:15:51.277 | INFO     | __main__:<module>:480 - the 159th epoch 
2026-09-18 02:15:52.471 | INFO     | __main__:<module>:492 - METHOD_BATCH epoch=159 step=0 adv_kd=0.029604503884911537 awp_gamma=0.000975 awp_relative_norm_max=0.0009750001481734216 clean_ce=0.16923099756240845 clean_ce_term=0.004125005565583706 consistency_term=0.0019196184584870934 consistency_weight=0.4875 js_raw=0.03937678784132004 lr=0.09911079448360846 nat_kd=0.015044564381241798 pcgrad_conflicts=0 push=0.0448087714612484 push_term=0.0022404384799301624 student_updates=1 teacher_ce=0.5145964324474335 teacher_lr=5.9871577306114585e-05 teacher_margin=0.7338826656341553 teacher_margin_term=0.0017429711297154427 teacher_updates=1 temp_adv=1.1159999999999872 temp_nat=3.6369999999997096 temperature_updates=1 total_loss=0.05467710271477699 views=2
2026-09-18 02:17:51.717 | INFO     | __main__:<module>:492 - METHOD_BATCH epoch=159 step=100 adv_kd=0.026971453800797462 awp_gamma=0.000975 awp_relative_norm_max=0.0009750000899657607 clean_ce=0.17767897248268127 clean_ce_term=0.004330924712121487 consistency_term=0.0010008909739553928 consistency_weight=0.4875 js_raw=0.020531095564365387 lr=0.09911079448360846 nat_kd=0.013687020167708397 pcgrad_conflicts=0 push=0.031163766980171204 push_term=0.0015581883490085602 student_updates=1 teacher_ce=0.4441966563463211 teacher_lr=5.9871577306114585e-05 teacher_margin=0.655961275100708 teacher_margin_term=0.001557908020913601 teacher_updates=1 temp_adv=1.1259999999999861 temp_nat=3.6269999999997107 temperature_updates=1 total_loss=0.04910638555884361 views=2
2026-09-18 02:19:50.277 | INFO     | __main__:<module>:492 - METHOD_BATCH epoch=159 step=200 adv_kd=0.030161235481500626 awp_gamma=0.000975 awp_relative_norm_max=0.0009750000899657607 clean_ce=0.16893213987350464 clean_ce_term=0.004117720760405064 consistency_term=0.002501117531210184 consistency_weight=0.4875 js_raw=0.05130496993660927 lr=0.09911079448360846 nat_kd=0.013719797134399414 pcgrad_conflicts=0 push=0.06106143817305565 push_term=0.0030530719086527824 student_updates=1 teacher_ce=0.5175392627716064 teacher_lr=5.9871577306114585e-05 teacher_margin=0.6920083165168762 teacher_margin_term=0.0016435196157544851 teacher_updates=1 temp_adv=1.1219999999999866 temp_nat=3.6309999999997102 temperature_updates=1 total_loss=0.05519646778702736 views=2
2026-09-18 02:21:49.211 | INFO     | __main__:<module>:492 - METHOD_BATCH epoch=159 step=300 adv_kd=0.0325872078537941 awp_gamma=0.000975 awp_relative_norm_max=0.0009750001481734216 clean_ce=0.17194604873657227 clean_ce_term=0.004191184416413307 consistency_term=0.0020320634357631207 consistency_weight=0.4875 js_raw=0.04168334975838661 lr=0.09911079448360846 nat_kd=0.013273768126964569 pcgrad_conflicts=0 push=0.04539157450199127 push_term=0.002269578631967306 student_updates=1 teacher_ce=0.5065499842166901 teacher_lr=5.9871577306114585e-05 teacher_margin=0.7526683211326599 teacher_margin_term=0.0017875871853902936 teacher_updates=1 temp_adv=1.1199999999999868 temp_nat=3.63299999999971 temperature_updates=1 total_loss=0.05614139139652252 views=2
2026-09-18 02:23:36.101 | INFO     | __main__:<module>:870 - TRAIN_EPOCH_RESOURCE epoch=159 seconds=464.8238051235676 peak_allocated_bytes=8127488512
2026-09-18 02:23:36.102 | INFO     | __main__:<module>:477 - METHOD epoch=160 views=2 awp_gamma=0.001 consistency_weight=0.5
2026-09-18 02:23:36.102 | INFO     | __main__:<module>:480 - the 160th epoch 
2026-09-18 02:23:37.295 | INFO     | __main__:<module>:492 - METHOD_BATCH epoch=160 step=0 adv_kd=0.024687128141522408 awp_gamma=0.001 awp_relative_norm_max=0.0010000001639127731 clean_ce=0.15266965329647064 clean_ce_term=0.003816741518676281 consistency_term=0.0012729082955047488 consistency_weight=0.5 js_raw=0.025458164513111115 lr=0.09890298425081796 nat_kd=0.010504258796572685 pcgrad_conflicts=0 push=0.03909168764948845 push_term=0.0019545843824744225 student_updates=1 teacher_ce=0.5147258937358856 teacher_lr=5.925423840674787e-05 teacher_margin=0.6082413196563721 teacher_margin_term=0.0015206034295260906 teacher_updates=1 temp_adv=1.1169999999999871 temp_nat=3.6359999999997097 temperature_updates=1 total_loss=0.04375622421503067 views=2
2026-09-18 02:25:35.671 | INFO     | __main__:<module>:492 - METHOD_BATCH epoch=160 step=100 adv_kd=0.03442860394716263 awp_gamma=0.001 awp_relative_norm_max=0.0010000001639127731 clean_ce=0.1403225213289261 clean_ce_term=0.003508063033223152 consistency_term=0.002304874360561371 consistency_weight=0.5 js_raw=0.04609748721122742 lr=0.09890298425081796 nat_kd=0.011041190475225449 pcgrad_conflicts=0 push=0.037979211658239365 push_term=0.0018989606760442257 student_updates=1 teacher_ce=0.5744614899158478 teacher_lr=5.925423840674787e-05 teacher_margin=0.7294602394104004 teacher_margin_term=0.0018236504402011633 teacher_updates=1 temp_adv=1.1209999999999867 temp_nat=3.63199999999971 temperature_updates=1 total_loss=0.05500534176826477 views=2
2026-09-18 02:27:34.223 | INFO     | __main__:<module>:492 - METHOD_BATCH epoch=160 step=200 adv_kd=0.028916873037815094 awp_gamma=0.001 awp_relative_norm_max=0.0010000001639127731 clean_ce=0.16637247800827026 clean_ce_term=0.004159311763942242 consistency_term=0.0014570093480870128 consistency_weight=0.5 js_raw=0.029140185564756393 lr=0.09890298425081796 nat_kd=0.01590007171034813 pcgrad_conflicts=0 push=0.035397324711084366 push_term=0.0017698663286864758 student_updates=1 teacher_ce=0.5978614389896393 teacher_lr=5.925423840674787e-05 teacher_margin=0.6171878576278687 teacher_margin_term=0.0015429696068167686 teacher_updates=1 temp_adv=1.1169999999999871 temp_nat=3.6359999999997097 temperature_updates=1 total_loss=0.05374610051512718 views=2
2026-09-18 02:29:33.661 | INFO     | __main__:<module>:492 - METHOD_BATCH epoch=160 step=300 adv_kd=0.03403085842728615 awp_gamma=0.001 awp_relative_norm_max=0.0010000001639127731 clean_ce=0.16485300660133362 clean_ce_term=0.004121325444430113 consistency_term=0.0012352651683613658 consistency_weight=0.5 js_raw=0.024705301970243454 lr=0.09890298425081796 nat_kd=0.012568016536533833 pcgrad_conflicts=0 push=0.03891969844698906 push_term=0.0019459850154817104 student_updates=1 teacher_ce=0.5349328219890594 teacher_lr=5.925423840674787e-05 teacher_margin=0.7163922190666199 teacher_margin_term=0.001790980575606227 teacher_updates=1 temp_adv=1.1249999999999862 temp_nat=3.6279999999997106 temperature_updates=1 total_loss=0.05569243058562279 views=2
2026-09-18 02:31:21.528 | INFO     | __main__:<module>:870 - TRAIN_EPOCH_RESOURCE epoch=160 seconds=465.4255102276802 peak_allocated_bytes=8127488512
2026-09-18 02:31:53.977 | INFO     | __main__:<module>:927 - student robust acc 0.5277, teacher robust acc 0.6820, nat teacher robust acc 0.4866
2026-09-18 02:32:00.564 | INFO     | __main__:<module>:998 - best accuracy:0.704
2026-09-18 02:32:00.564 | INFO     | __main__:<module>:1001 - student natural acc 0.8803, adv teacher natural acc 0.8766, nat teacher natural acc 0.9318
2026-09-18 02:32:00.567 | INFO     | __main__:<module>:477 - METHOD epoch=161 views=2 awp_gamma=0.001 consistency_weight=0.5
2026-09-18 02:32:00.567 | INFO     | __main__:<module>:480 - the 161th epoch 
2026-09-18 02:32:01.795 | INFO     | __main__:<module>:492 - METHOD_BATCH epoch=161 step=0 adv_kd=0.02531859278678894 awp_gamma=0.001 awp_relative_norm_max=0.0010000001639127731 clean_ce=0.19093844294548035 clean_ce_term=0.0048927972093224525 consistency_term=0.001785462605766952 consistency_weight=0.5 js_raw=0.03570925071835518 lr=0.09867363855196438 nat_kd=0.016122255474328995 pcgrad_conflicts=0 push=0.026050645858049393 push_term=0.0013025322696194053 student_updates=1 teacher_ce=0.5641473233699799 teacher_lr=5.863544736204129e-05 teacher_margin=0.5915557146072388 teacher_margin_term=0.0015528338262811303 teacher_updates=1 temp_adv=1.127999999999986 temp_nat=3.624999999999711 temperature_updates=1 total_loss=0.05097447335720062 views=2
2026-09-18 02:34:01.039 | INFO     | __main__:<module>:492 - METHOD_BATCH epoch=161 step=100 adv_kd=0.031038448214530945 awp_gamma=0.001 awp_relative_norm_max=0.0010000001639127731 clean_ce=0.17439542710781097 clean_ce_term=0.004468882922083139 consistency_term=0.0015626378590241075 consistency_weight=0.5 js_raw=0.03125275671482086 lr=0.09867363855196438 nat_kd=0.014041649177670479 pcgrad_conflicts=0 push=0.04104755073785782 push_term=0.0020523774437606335 student_updates=1 teacher_ce=0.516217440366745 teacher_lr=5.863544736204129e-05 teacher_margin=0.6996551752090454 teacher_margin_term=0.0018365946598351002 teacher_updates=1 temp_adv=1.1239999999999863 temp_nat=3.6289999999997105 temperature_updates=1 total_loss=0.05500059202313423 views=2
2026-09-18 02:36:00.931 | INFO     | __main__:<module>:492 - METHOD_BATCH epoch=161 step=200 adv_kd=0.026828622445464134 awp_gamma=0.001 awp_relative_norm_max=0.0010000001639127731 clean_ce=0.2131468802690506 clean_ce_term=0.00546188885346055 consistency_term=0.0013226040173321962 consistency_weight=0.5 js_raw=0.02645207941532135 lr=0.09867363855196438 nat_kd=0.025264913216233253 pcgrad_conflicts=0 push=0.027286626398563385 push_term=0.0013643313432112336 student_updates=1 teacher_ce=0.5989975333213806 teacher_lr=5.863544736204129e-05 teacher_margin=0.6403968334197998 teacher_margin_term=0.0016810416709631681 teacher_updates=1 temp_adv=1.1239999999999863 temp_nat=3.6289999999997105 temperature_updates=1 total_loss=0.06192340329289436 views=2
2026-09-18 02:37:59.329 | INFO     | __main__:<module>:492 - METHOD_BATCH epoch=161 step=300 adv_kd=0.02867049351334572 awp_gamma=0.001 awp_relative_norm_max=0.0010000001639127731 clean_ce=0.17094449698925018 clean_ce_term=0.004380452446639538 consistency_term=0.002174164867028594 consistency_weight=0.5 js_raw=0.043483294546604156 lr=0.09867363855196438 nat_kd=0.013166571035981178 pcgrad_conflicts=0 push=0.04312208294868469 push_term=0.002156104426831007 student_updates=1 teacher_ce=0.5805424749851227 teacher_lr=5.863544736204129e-05 teacher_margin=0.6982663869857788 teacher_margin_term=0.0018329493468627334 teacher_updates=1 temp_adv=1.1159999999999872 temp_nat=3.6369999999997096 temperature_updates=1 total_loss=0.05238073691725731 views=2
2026-09-18 02:39:44.669 | INFO     | __main__:<module>:870 - TRAIN_EPOCH_RESOURCE epoch=161 seconds=464.10138633847237 peak_allocated_bytes=8125391360
2026-09-18 02:39:44.669 | INFO     | __main__:<module>:477 - METHOD epoch=162 views=2 awp_gamma=0.001 consistency_weight=0.5
2026-09-18 02:39:44.670 | INFO     | __main__:<module>:480 - the 162th epoch 
2026-09-18 02:39:45.835 | INFO     | __main__:<module>:492 - METHOD_BATCH epoch=162 step=0 adv_kd=0.030481182038784027 awp_gamma=0.001 awp_relative_norm_max=0.0010000001639127731 clean_ce=0.15689747035503387 clean_ce_term=0.00411855848506093 consistency_term=0.0014569596387445927 consistency_weight=0.5 js_raw=0.029139192774891853 lr=0.09842285879189458 nat_kd=0.012236427515745163 pcgrad_conflicts=0 push=0.04274376854300499 push_term=0.002137188334017992 student_updates=1 teacher_ce=0.5658998787403107 teacher_lr=5.8015302300304946e-05 teacher_margin=0.6753963828086853 teacher_margin_term=0.0018573401030153036 teacher_updates=1 temp_adv=1.1249999999999862 temp_nat=3.6279999999997106 temperature_updates=1 total_loss=0.05228766053915024 views=2
2026-09-18 02:41:43.310 | INFO     | __main__:<module>:492 - METHOD_BATCH epoch=162 step=100 adv_kd=0.03604019805788994 awp_gamma=0.001 awp_relative_norm_max=0.0010000001639127731 clean_ce=0.16365841031074524 clean_ce_term=0.004296032711863518 consistency_term=0.0020423971582204103 consistency_weight=0.5 js_raw=0.04084794223308563 lr=0.09842285879189458 nat_kd=0.012333603575825691 pcgrad_conflicts=0 push=0.04409243166446686 push_term=0.0022046216763556004 student_updates=1 teacher_ce=0.4578363597393036 teacher_lr=5.8015302300304946e-05 teacher_margin=0.8229279518127441 teacher_margin_term=0.002263051923364401 teacher_updates=1 temp_adv=1.126999999999986 temp_nat=3.625999999999711 temperature_updates=1 total_loss=0.05917990207672119 views=2
2026-09-18 02:43:41.459 | INFO     | __main__:<module>:492 - METHOD_BATCH epoch=162 step=200 adv_kd=0.027483955025672913 awp_gamma=0.001 awp_relative_norm_max=0.0010000001639127731 clean_ce=0.19054070115089417 clean_ce_term=0.005001693032681942 consistency_term=0.0017925273859873414 consistency_weight=0.5 js_raw=0.03585054725408554 lr=0.09842285879189458 nat_kd=0.019075045362114906 pcgrad_conflicts=0 push=0.03929206728935242 push_term=0.001964603317901492 student_updates=1 teacher_ce=0.5537815690040588 teacher_lr=5.8015302300304946e-05 teacher_margin=0.6029502153396606 teacher_margin_term=0.001658113207668066 teacher_updates=1 temp_adv=1.118999999999987 temp_nat=3.63399999999971 temperature_updates=1 total_loss=0.05697593837976456 views=2
2026-09-18 02:45:41.254 | INFO     | __main__:<module>:492 - METHOD_BATCH epoch=162 step=300 adv_kd=0.025491058826446533 awp_gamma=0.001 awp_relative_norm_max=0.0010000001639127731 clean_ce=0.18285399675369263 clean_ce_term=0.0047999173402786255 consistency_term=0.0012272701133042574 consistency_weight=0.5 js_raw=0.024545401334762573 lr=0.09842285879189458 nat_kd=0.01529422216117382 pcgrad_conflicts=0 push=0.04479803144931793 push_term=0.0022399015724658966 student_updates=1 teacher_ce=0.49870656430721283 teacher_lr=5.8015302300304946e-05 teacher_margin=0.6074447631835938 teacher_margin_term=0.0016704730223864317 teacher_updates=1 temp_adv=1.1229999999999865 temp_nat=3.6299999999997103 temperature_updates=1 total_loss=0.050722844898700714 views=2
2026-09-18 02:47:28.610 | INFO     | __main__:<module>:870 - TRAIN_EPOCH_RESOURCE epoch=162 seconds=463.9395765811205 peak_allocated_bytes=8125391360
2026-09-18 02:47:28.610 | INFO     | __main__:<module>:477 - METHOD epoch=163 views=2 awp_gamma=0.001 consistency_weight=0.5
2026-09-18 02:47:28.610 | INFO     | __main__:<module>:480 - the 163th epoch 
2026-09-18 02:47:29.790 | INFO     | __main__:<module>:492 - METHOD_BATCH epoch=163 step=0 adv_kd=0.03165356442332268 awp_gamma=0.001 awp_relative_norm_max=0.0010000001639127731 clean_ce=0.1567268967628479 clean_ce_term=0.004212035797536373 consistency_term=0.0021842990536242723 consistency_weight=0.5 js_raw=0.04368598014116287 lr=0.09815075585068012 nat_kd=0.013828340917825699 pcgrad_conflicts=0 push=0.05044492334127426 push_term=0.0025222464464604855 student_updates=1 teacher_ce=0.5707614123821259 teacher_lr=5.7393901556358144e-05 teacher_margin=0.7100638151168823 teacher_margin_term=0.002041433472186327 teacher_updates=1 temp_adv=1.1219999999999866 temp_nat=3.6309999999997102 temperature_updates=1 total_loss=0.05644191429018974 views=2
2026-09-18 02:49:29.918 | INFO     | __main__:<module>:492 - METHOD_BATCH epoch=163 step=100 adv_kd=0.03210984915494919 awp_gamma=0.001 awp_relative_norm_max=0.0010000001639127731 clean_ce=0.19390231370925903 clean_ce_term=0.005211124662309885 consistency_term=0.001762853586114943 consistency_weight=0.5 js_raw=0.03525707125663757 lr=0.09815075585068012 nat_kd=0.021491222083568573 pcgrad_conflicts=0 push=0.03387429565191269 push_term=0.0016937146428972483 student_updates=1 teacher_ce=0.5403933823108673 teacher_lr=5.7393901556358144e-05 teacher_margin=0.6983823776245117 teacher_margin_term=0.002007849281653762 teacher_updates=1 temp_adv=1.117999999999987 temp_nat=3.63499999999971 temperature_updates=1 total_loss=0.06427661329507828 views=2
2026-09-18 02:51:30.878 | INFO     | __main__:<module>:492 - METHOD_BATCH epoch=163 step=200 adv_kd=0.033483218401670456 awp_gamma=0.001 awp_relative_norm_max=0.0010000001639127731 clean_ce=0.19783629477024078 clean_ce_term=0.005316850729286671 consistency_term=0.001888371305540204 consistency_weight=0.5 js_raw=0.037767425179481506 lr=0.09815075585068012 nat_kd=0.017660008743405342 pcgrad_conflicts=0 push=0.0347134992480278 push_term=0.0017356749158352613 student_updates=1 teacher_ce=0.5094013810157776 teacher_lr=5.7393901556358144e-05 teacher_margin=0.7896387577056885 teacher_margin_term=0.0022702114656567574 teacher_updates=1 temp_adv=1.1259999999999861 temp_nat=3.6269999999997107 temperature_updates=1 total_loss=0.06235433369874954 views=2
2026-09-18 02:53:30.595 | INFO     | __main__:<module>:492 - METHOD_BATCH epoch=163 step=300 adv_kd=0.029317405074834824 awp_gamma=0.001 awp_relative_norm_max=0.0010000001639127731 clean_ce=0.18332749605178833 clean_ce_term=0.004926926456391811 consistency_term=0.001317095011472702 consistency_weight=0.5 js_raw=0.02634190022945404 lr=0.09815075585068012 nat_kd=0.017191344872117043 pcgrad_conflicts=0 push=0.031153202056884766 push_term=0.0015576600562781096 student_updates=1 teacher_ce=0.47363536059856415 teacher_lr=5.7393901556358144e-05 teacher_margin=0.6736037731170654 teacher_margin_term=0.0019366107881069183 teacher_updates=1 temp_adv=1.1219999999999866 temp_nat=3.6309999999997102 temperature_updates=1 total_loss=0.0562470443546772 views=2
2026-09-18 02:55:18.314 | INFO     | __main__:<module>:870 - TRAIN_EPOCH_RESOURCE epoch=163 seconds=469.70299922302365 peak_allocated_bytes=8125391360
2026-09-18 02:55:18.314 | INFO     | __main__:<module>:477 - METHOD epoch=164 views=2 awp_gamma=0.001 consistency_weight=0.5
2026-09-18 02:55:18.314 | INFO     | __main__:<module>:480 - the 164th epoch 
2026-09-18 02:55:19.510 | INFO     | __main__:<module>:492 - METHOD_BATCH epoch=164 step=0 adv_kd=0.03072489984333515 awp_gamma=0.001 awp_relative_norm_max=0.0010000001639127731 clean_ce=0.16887658834457397 clean_ce_term=0.004644106142222881 consistency_term=0.0017173833912238479 consistency_weight=0.5 js_raw=0.034347668290138245 lr=0.09785745003410154 nat_kd=0.015526785515248775 pcgrad_conflicts=0 push=0.04183465242385864 push_term=0.002091732807457447 student_updates=1 teacher_ce=0.51423180103302 teacher_lr=5.677134365576726e-05 teacher_margin=0.7559316754341125 teacher_margin_term=0.0022677951492369175 teacher_updates=1 temp_adv=1.118999999999987 temp_nat=3.63399999999971 temperature_updates=1 total_loss=0.05697270855307579 views=2
2026-09-18 02:57:20.294 | INFO     | __main__:<module>:492 - METHOD_BATCH epoch=164 step=100 adv_kd=0.024276789277791977 awp_gamma=0.001 awp_relative_norm_max=0.0010000001639127731 clean_ce=0.17710506916046143 clean_ce_term=0.004870389588177204 consistency_term=0.0018514955881983042 consistency_weight=0.5 js_raw=0.03702991083264351 lr=0.09785745003410154 nat_kd=0.01484689675271511 pcgrad_conflicts=0 push=0.03847890347242355 push_term=0.0019239450339227915 student_updates=1 teacher_ce=0.5637348592281342 teacher_lr=5.677134365576726e-05 teacher_margin=0.5544401407241821 teacher_margin_term=0.0016633204650133848 teacher_updates=1 temp_adv=1.1209999999999867 temp_nat=3.63199999999971 temperature_updates=1 total_loss=0.04943283647298813 views=2
2026-09-18 02:59:21.681 | INFO     | __main__:<module>:492 - METHOD_BATCH epoch=164 step=200 adv_kd=0.027892738580703735 awp_gamma=0.001 awp_relative_norm_max=0.0010000001639127731 clean_ce=0.15408949553966522 clean_ce_term=0.004237460903823376 consistency_term=0.0021924523171037436 consistency_weight=0.5 js_raw=0.04384904354810715 lr=0.09785745003410154 nat_kd=0.01271524466574192 pcgrad_conflicts=0 push=0.03804860636591911 push_term=0.0019024303182959557 student_updates=1 teacher_ce=0.4453872740268707 teacher_lr=5.677134365576726e-05 teacher_margin=0.7111718654632568 teacher_margin_term=0.002133515663444996 teacher_updates=1 temp_adv=1.1309999999999856 temp_nat=3.6219999999997112 temperature_updates=1 total_loss=0.051073841750621796 views=2
2026-09-18 03:01:22.784 | INFO     | __main__:<module>:492 - METHOD_BATCH epoch=164 step=300 adv_kd=0.03324037790298462 awp_gamma=0.001 awp_relative_norm_max=0.0010000001639127731 clean_ce=0.15488019585609436 clean_ce_term=0.004259205423295498 consistency_term=0.0012882340233772993 consistency_weight=0.5 js_raw=0.02576467953622341 lr=0.09785745003410154 nat_kd=0.012000461108982563 pcgrad_conflicts=0 push=0.031115230172872543 push_term=0.001555761555209756 student_updates=1 teacher_ce=0.4435971826314926 teacher_lr=5.677134365576726e-05 teacher_margin=0.7753112316131592 teacher_margin_term=0.0023259338922798634 teacher_updates=1 temp_adv=1.1209999999999867 temp_nat=3.63199999999971 temperature_updates=1 total_loss=0.054669976234436035 views=2
2026-09-18 03:03:12.592 | INFO     | __main__:<module>:870 - TRAIN_EPOCH_RESOURCE epoch=164 seconds=474.27766183391213 peak_allocated_bytes=8125391360
2026-09-18 03:03:12.593 | INFO     | __main__:<module>:477 - METHOD epoch=165 views=2 awp_gamma=0.001 consistency_weight=0.5
2026-09-18 03:03:12.593 | INFO     | __main__:<module>:480 - the 165th epoch 
2026-09-18 03:03:13.792 | INFO     | __main__:<module>:492 - METHOD_BATCH epoch=165 step=0 adv_kd=0.025953255593776703 awp_gamma=0.001 awp_relative_norm_max=0.0010000001639127731 clean_ce=0.1634652316570282 clean_ce_term=0.004597459454089403 consistency_term=0.001970173791050911 consistency_weight=0.5 js_raw=0.03940347582101822 lr=0.09754307101992409 nat_kd=0.012445047497749329 pcgrad_conflicts=0 push=0.030005160719156265 push_term=0.0015002579893916845 student_updates=1 teacher_ce=0.539963960647583 teacher_lr=5.6147727299054216e-05 teacher_margin=0.6200116872787476 teacher_margin_term=0.001937536639161408 teacher_updates=1 temp_adv=1.117999999999987 temp_nat=3.63499999999971 temperature_updates=1 total_loss=0.04840373247861862 views=2
2026-09-18 03:05:11.712 | INFO     | __main__:<module>:492 - METHOD_BATCH epoch=165 step=100 adv_kd=0.030972842127084732 awp_gamma=0.001 awp_relative_norm_max=0.0010000001639127731 clean_ce=0.1595320701599121 clean_ce_term=0.004486839286983013 consistency_term=0.00146154232788831 consistency_weight=0.5 js_raw=0.029230846092104912 lr=0.09754307101992409 nat_kd=0.013177720829844475 pcgrad_conflicts=0 push=0.04369139298796654 push_term=0.002184569835662842 student_updates=1 teacher_ce=0.5151825845241547 teacher_lr=5.6147727299054216e-05 teacher_margin=0.7453832626342773 teacher_margin_term=0.002329322975128889 teacher_updates=1 temp_adv=1.117999999999987 temp_nat=3.63499999999971 temperature_updates=1 total_loss=0.054612837731838226 views=2
2026-09-18 03:07:08.917 | INFO     | __main__:<module>:492 - METHOD_BATCH epoch=165 step=200 adv_kd=0.02790052443742752 awp_gamma=0.001 awp_relative_norm_max=0.0010000001639127731 clean_ce=0.14953765273094177 clean_ce_term=0.004205746576189995 consistency_term=0.0016694393707439303 consistency_weight=0.5 js_raw=0.033388786017894745 lr=0.09754307101992409 nat_kd=0.012116735801100731 pcgrad_conflicts=0 push=0.03438124060630798 push_term=0.0017190619837492704 student_updates=1 teacher_ce=0.5454849600791931 teacher_lr=5.6147727299054216e-05 teacher_margin=0.6027361154556274 teacher_margin_term=0.001883550314232707 teacher_updates=1 temp_adv=1.1219999999999866 temp_nat=3.6309999999997102 temperature_updates=1 total_loss=0.04949505999684334 views=2
2026-09-18 03:09:05.420 | INFO     | __main__:<module>:492 - METHOD_BATCH epoch=165 step=300 adv_kd=0.030832961201667786 awp_gamma=0.001 awp_relative_norm_max=0.0010000001639127731 clean_ce=0.1541772037744522 clean_ce_term=0.004336233716458082 consistency_term=0.0018158582970499992 consistency_weight=0.5 js_raw=0.036317165940999985 lr=0.09754307101992409 nat_kd=0.012510925531387329 pcgrad_conflicts=0 push=0.04548299312591553 push_term=0.002274149563163519 student_updates=1 teacher_ce=0.44504642486572266 teacher_lr=5.6147727299054216e-05 teacher_margin=0.7673405408859253 teacher_margin_term=0.002397939097136259 teacher_updates=1 temp_adv=1.127999999999986 temp_nat=3.624999999999711 temperature_updates=1 total_loss=0.05416807159781456 views=2
2026-09-18 03:10:50.997 | INFO     | __main__:<module>:870 - TRAIN_EPOCH_RESOURCE epoch=165 seconds=458.40357460454106 peak_allocated_bytes=8125391360
2026-09-18 03:10:50.998 | INFO     | __main__:<module>:477 - METHOD epoch=166 views=2 awp_gamma=0.001 consistency_weight=0.5
2026-09-18 03:10:50.998 | INFO     | __main__:<module>:480 - the 166th epoch 
2026-09-18 03:10:52.184 | INFO     | __main__:<module>:492 - METHOD_BATCH epoch=166 step=0 adv_kd=0.03277258947491646 awp_gamma=0.001 awp_relative_norm_max=0.0010000001639127731 clean_ce=0.1650160551071167 clean_ce_term=0.0047442116774618626 consistency_term=0.001394219696521759 consistency_weight=0.5 js_raw=0.02788439393043518 lr=0.09720775779998915 nat_kd=0.012774260714650154 pcgrad_conflicts=0 push=0.0401659719645977 push_term=0.002008298644796014 student_updates=1 teacher_ce=0.5900054275989532 teacher_lr=5.5523151345877925e-05 teacher_margin=0.773768424987793 teacher_margin_term=0.0025147474370896816 teacher_updates=1 temp_adv=1.1209999999999867 temp_nat=3.63199999999971 temperature_updates=1 total_loss=0.056208327412605286 views=2
2026-09-18 03:12:50.484 | INFO     | __main__:<module>:492 - METHOD_BATCH epoch=166 step=100 adv_kd=0.03366810455918312 awp_gamma=0.001 awp_relative_norm_max=0.0010000001639127731 clean_ce=0.20620408654212952 clean_ce_term=0.005928367376327515 consistency_term=0.001800883561372757 consistency_weight=0.5 js_raw=0.03601767122745514 lr=0.09720775779998915 nat_kd=0.024447474628686905 pcgrad_conflicts=0 push=0.04038261994719505 push_term=0.00201913109049201 student_updates=1 teacher_ce=0.5895563960075378 teacher_lr=5.5523151345877925e-05 teacher_margin=0.7671509981155396 teacher_margin_term=0.0024932408705353737 teacher_updates=1 temp_adv=1.118999999999987 temp_nat=3.63399999999971 temperature_updates=1 total_loss=0.07035718858242035 views=2
2026-09-18 03:14:48.829 | INFO     | __main__:<module>:492 - METHOD_BATCH epoch=166 step=200 adv_kd=0.029669828712940216 awp_gamma=0.001 awp_relative_norm_max=0.0010000001639127731 clean_ce=0.18326064944267273 clean_ce_term=0.005268744193017483 consistency_term=0.001714876270852983 consistency_weight=0.5 js_raw=0.03429752588272095 lr=0.09720775779998915 nat_kd=0.01755799911916256 pcgrad_conflicts=0 push=0.03744134306907654 push_term=0.0018720671068876982 student_updates=1 teacher_ce=0.610104888677597 teacher_lr=5.5523151345877925e-05 teacher_margin=0.6435779929161072 teacher_margin_term=0.00209162849932909 teacher_updates=1 temp_adv=1.1249999999999862 temp_nat=3.6279999999997106 temperature_updates=1 total_loss=0.05817515030503273 views=2
2026-09-18 03:16:47.754 | INFO     | __main__:<module>:492 - METHOD_BATCH epoch=166 step=300 adv_kd=0.030463751405477524 awp_gamma=0.001 awp_relative_norm_max=0.0010000001639127731 clean_ce=0.17633485794067383 clean_ce_term=0.0050696274265646935 consistency_term=0.0015259817009791732 consistency_weight=0.5 js_raw=0.03051963448524475 lr=0.09720775779998915 nat_kd=0.014885315671563148 pcgrad_conflicts=0 push=0.04400269687175751 push_term=0.0022001347970217466 student_updates=1 teacher_ce=0.5994585454463959 teacher_lr=5.5523151345877925e-05 teacher_margin=0.6772230863571167 teacher_margin_term=0.0022009750828146935 teacher_updates=1 temp_adv=1.1229999999999865 temp_nat=3.6299999999997103 temperature_updates=1 total_loss=0.05634578689932823 views=2
2026-09-18 03:18:34.538 | INFO     | __main__:<module>:870 - TRAIN_EPOCH_RESOURCE epoch=166 seconds=463.53964437544346 peak_allocated_bytes=8125391360
2026-09-18 03:18:34.538 | INFO     | __main__:<module>:477 - METHOD epoch=167 views=2 awp_gamma=0.001 consistency_weight=0.5
2026-09-18 03:18:34.538 | INFO     | __main__:<module>:480 - the 167th epoch 
2026-09-18 03:18:35.726 | INFO     | __main__:<module>:492 - METHOD_BATCH epoch=167 step=0 adv_kd=0.025336049497127533 awp_gamma=0.001 awp_relative_norm_max=0.0010000001639127731 clean_ce=0.15207529067993164 clean_ce_term=0.004467211663722992 consistency_term=0.001328836428001523 consistency_weight=0.5 js_raw=0.026576727628707886 lr=0.09685165861814751 nat_kd=0.012819262221455574 pcgrad_conflicts=0 push=0.049342356622219086 push_term=0.002467117737978697 student_updates=1 teacher_ce=0.5515693724155426 teacher_lr=5.489771479919126e-05 teacher_margin=0.6642761826515198 teacher_margin_term=0.002241932088509202 teacher_updates=1 temp_adv=1.1219999999999866 temp_nat=3.6309999999997102 temperature_updates=1 total_loss=0.048660408705472946 views=2
2026-09-18 03:20:34.114 | INFO     | __main__:<module>:492 - METHOD_BATCH epoch=167 step=100 adv_kd=0.02491391822695732 awp_gamma=0.001 awp_relative_norm_max=0.0010000001639127731 clean_ce=0.16621845960617065 clean_ce_term=0.00488266721367836 consistency_term=0.0012794224312528968 consistency_weight=0.5 js_raw=0.025588447228074074 lr=0.09685165861814751 nat_kd=0.012097109109163284 pcgrad_conflicts=0 push=0.04264627769589424 push_term=0.0021323140244930983 student_updates=1 teacher_ce=0.5621770322322845 teacher_lr=5.489771479919126e-05 teacher_margin=0.5886657238006592 teacher_margin_term=0.001986746909096837 teacher_updates=1 temp_adv=1.127999999999986 temp_nat=3.624999999999711 temperature_updates=1 total_loss=0.04729217290878296 views=2
2026-09-18 03:22:32.978 | INFO     | __main__:<module>:492 - METHOD_BATCH epoch=167 step=200 adv_kd=0.04529495909810066 awp_gamma=0.001 awp_relative_norm_max=0.0010000001639127731 clean_ce=0.13695453107357025 clean_ce_term=0.004023039247840643 consistency_term=0.004036544822156429 consistency_weight=0.5 js_raw=0.08073089271783829 lr=0.09685165861814751 nat_kd=0.012943473644554615 pcgrad_conflicts=0 push=0.03953932225704193 push_term=0.0019769659265875816 student_updates=1 teacher_ce=0.5707807540893555 teacher_lr=5.489771479919126e-05 teacher_margin=0.8356367945671082 teacher_margin_term=0.0028202743269503117 teacher_updates=1 temp_adv=1.1259999999999861 temp_nat=3.6269999999997107 temperature_updates=1 total_loss=0.07109525799751282 views=2
2026-09-18 03:24:31.908 | INFO     | __main__:<module>:492 - METHOD_BATCH epoch=167 step=300 adv_kd=0.033104851841926575 awp_gamma=0.001 awp_relative_norm_max=0.0010000001639127731 clean_ce=0.17268550395965576 clean_ce_term=0.005072636529803276 consistency_term=0.00197510770522058 consistency_weight=0.5 js_raw=0.03950215131044388 lr=0.09685165861814751 nat_kd=0.014756833203136921 pcgrad_conflicts=0 push=0.04133792221546173 push_term=0.0020668962970376015 student_updates=1 teacher_ce=0.46229277551174164 teacher_lr=5.489771479919126e-05 teacher_margin=0.7946041822433472 teacher_margin_term=0.00268178922124207 teacher_updates=1 temp_adv=1.1199999999999868 temp_nat=3.63299999999971 temperature_updates=1 total_loss=0.05965811014175415 views=2
2026-09-18 03:26:18.298 | INFO     | __main__:<module>:870 - TRAIN_EPOCH_RESOURCE epoch=167 seconds=463.7592908255756 peak_allocated_bytes=8125391360
2026-09-18 03:26:18.298 | INFO     | __main__:<module>:477 - METHOD epoch=168 views=2 awp_gamma=0.001 consistency_weight=0.5
2026-09-18 03:26:18.298 | INFO     | __main__:<module>:480 - the 168th epoch 
2026-09-18 03:26:19.479 | INFO     | __main__:<module>:492 - METHOD_BATCH epoch=168 step=0 adv_kd=0.025377877056598663 awp_gamma=0.001 awp_relative_norm_max=0.0010000001639127731 clean_ce=0.17656727135181427 clean_ce_term=0.005297018215060234 consistency_term=0.001320997136645019 consistency_weight=0.5 js_raw=0.02641994319856167 lr=0.0964749309040623 nat_kd=0.016209272667765617 pcgrad_conflicts=0 push=0.03024427965283394 push_term=0.0015122140757739544 student_updates=1 teacher_ce=0.6617421507835388 teacher_lr=5.427151678937617e-05 teacher_margin=0.5991737842559814 teacher_margin_term=0.0020971084013581276 teacher_updates=1 temp_adv=1.1289999999999858 temp_nat=3.623999999999711 temperature_updates=1 total_loss=0.0518144853413105 views=2
2026-09-18 03:28:18.056 | INFO     | __main__:<module>:492 - METHOD_BATCH epoch=168 step=100 adv_kd=0.031682759523391724 awp_gamma=0.001 awp_relative_norm_max=0.0010000001639127731 clean_ce=0.17103758454322815 clean_ce_term=0.005131127312779427 consistency_term=0.0017851069569587708 consistency_weight=0.5 js_raw=0.035702139139175415 lr=0.0964749309040623 nat_kd=0.016582248732447624 pcgrad_conflicts=0 push=0.043907083570957184 push_term=0.0021953543182462454 student_updates=1 teacher_ce=0.6188191473484039 teacher_lr=5.427151678937617e-05 teacher_margin=0.7420949935913086 teacher_margin_term=0.002597332699224353 teacher_updates=1 temp_adv=1.1249999999999862 temp_nat=3.6279999999997106 temperature_updates=1 total_loss=0.059973929077386856 views=2
2026-09-18 03:30:17.429 | INFO     | __main__:<module>:492 - METHOD_BATCH epoch=168 step=200 adv_kd=0.03191818296909332 awp_gamma=0.001 awp_relative_norm_max=0.0010000001639127731 clean_ce=0.15381407737731934 clean_ce_term=0.004614422097802162 consistency_term=0.0018500048900023103 consistency_weight=0.5 js_raw=0.03700009733438492 lr=0.0964749309040623 nat_kd=0.012008169665932655 pcgrad_conflicts=0 push=0.038862455636262894 push_term=0.0019431228283792734 student_updates=1 teacher_ce=0.4125979542732239 teacher_lr=5.427151678937617e-05 teacher_margin=0.8085893988609314 teacher_margin_term=0.0028300629928708076 teacher_updates=1 temp_adv=1.1329999999999854 temp_nat=3.6199999999997114 temperature_updates=1 total_loss=0.05516396090388298 views=2
2026-09-18 03:32:14.613 | INFO     | __main__:<module>:492 - METHOD_BATCH epoch=168 step=300 adv_kd=0.027219926938414574 awp_gamma=0.001 awp_relative_norm_max=0.0010000001639127731 clean_ce=0.1533607542514801 clean_ce_term=0.00460082245990634 consistency_term=0.0017649148358032107 consistency_weight=0.5 js_raw=0.03529829531908035 lr=0.0964749309040623 nat_kd=0.011562286876142025 pcgrad_conflicts=0 push=0.044767115265131 push_term=0.0022383558098226786 student_updates=1 teacher_ce=0.4341583549976349 teacher_lr=5.427151678937617e-05 teacher_margin=0.7287382483482361 teacher_margin_term=0.0025505837984383106 teacher_updates=1 temp_adv=1.1289999999999858 temp_nat=3.623999999999711 temperature_updates=1 total_loss=0.049936890602111816 views=2
2026-09-18 03:33:59.101 | INFO     | __main__:<module>:870 - TRAIN_EPOCH_RESOURCE epoch=168 seconds=460.80238212645054 peak_allocated_bytes=8125391360
2026-09-18 03:33:59.102 | INFO     | __main__:<module>:477 - METHOD epoch=169 views=2 awp_gamma=0.001 consistency_weight=0.5
2026-09-18 03:33:59.102 | INFO     | __main__:<module>:480 - the 169th epoch 
2026-09-18 03:34:00.258 | INFO     | __main__:<module>:492 - METHOD_BATCH epoch=169 step=0 adv_kd=0.028539149090647697 awp_gamma=0.001 awp_relative_norm_max=0.0010000001639127731 clean_ce=0.15411856770515442 clean_ce_term=0.0047198813408613205 consistency_term=0.0017929461318999529 consistency_weight=0.5 js_raw=0.03585892170667648 lr=0.09607774120291135 nat_kd=0.013533823192119598 pcgrad_conflicts=0 push=0.042262785136699677 push_term=0.002113139256834984 student_updates=1 teacher_ce=0.5266952216625214 teacher_lr=5.3644656558359475e-05 teacher_margin=0.6716454029083252 teacher_margin_term=0.002434714697301388 teacher_updates=1 temp_adv=1.1239999999999863 temp_nat=3.6289999999997105 temperature_updates=1 total_loss=0.05313365161418915 views=2
2026-09-18 03:35:59.056 | INFO     | __main__:<module>:492 - METHOD_BATCH epoch=169 step=100 adv_kd=0.026086270809173584 awp_gamma=0.001 awp_relative_norm_max=0.0010000001639127731 clean_ce=0.1707359254360199 clean_ce_term=0.005228787660598755 consistency_term=0.0016497875330969691 consistency_weight=0.5 js_raw=0.03299574926495552 lr=0.09607774120291135 nat_kd=0.013031333684921265 pcgrad_conflicts=0 push=0.043914541602134705 push_term=0.0021957270801067352 student_updates=1 teacher_ce=0.43084990978240967 teacher_lr=5.3644656558359475e-05 teacher_margin=0.7075402736663818 teacher_margin_term=0.0025648334994912148 teacher_updates=1 temp_adv=1.1339999999999852 temp_nat=3.6189999999997116 temperature_updates=1 total_loss=0.05075673758983612 views=2
2026-09-18 03:37:58.520 | INFO     | __main__:<module>:492 - METHOD_BATCH epoch=169 step=200 adv_kd=0.028857193887233734 awp_gamma=0.001 awp_relative_norm_max=0.0010000001639127731 clean_ce=0.17777550220489502 clean_ce_term=0.005444374866783619 consistency_term=0.0016281151911243796 consistency_weight=0.5 js_raw=0.03256230428814888 lr=0.09607774120291135 nat_kd=0.01546713337302208 pcgrad_conflicts=0 push=0.03831849619746208 push_term=0.0019159248331561685 student_updates=1 teacher_ce=0.4282582402229309 teacher_lr=5.3644656558359475e-05 teacher_margin=0.7077427506446838 teacher_margin_term=0.0025655673816800117 teacher_updates=1 temp_adv=1.1239999999999863 temp_nat=3.6289999999997105 temperature_updates=1 total_loss=0.05587830767035484 views=2
2026-09-18 03:39:57.809 | INFO     | __main__:<module>:492 - METHOD_BATCH epoch=169 step=300 adv_kd=0.029600318521261215 awp_gamma=0.001 awp_relative_norm_max=0.0010000001639127731 clean_ce=0.18802693486213684 clean_ce_term=0.005758325103670359 consistency_term=0.0016336108092218637 consistency_weight=0.5 js_raw=0.0326722152531147 lr=0.09607774120291135 nat_kd=0.014551816508173943 pcgrad_conflicts=0 push=0.029479321092367172 push_term=0.0014739660546183586 student_updates=1 teacher_ce=0.5258838832378387 teacher_lr=5.3644656558359475e-05 teacher_margin=0.7071584463119507 teacher_margin_term=0.0025634493213146925 teacher_updates=1 temp_adv=1.1239999999999863 temp_nat=3.6289999999997105 temperature_updates=1 total_loss=0.05558149144053459 views=2
2026-09-18 03:41:44.987 | INFO     | __main__:<module>:870 - TRAIN_EPOCH_RESOURCE epoch=169 seconds=465.8849635012448 peak_allocated_bytes=8125391360
2026-09-18 03:41:44.988 | INFO     | __main__:<module>:477 - METHOD epoch=170 views=2 awp_gamma=0.001 consistency_weight=0.5
2026-09-18 03:41:44.988 | INFO     | __main__:<module>:480 - the 170th epoch 
2026-09-18 03:41:46.176 | INFO     | __main__:<module>:492 - METHOD_BATCH epoch=170 step=0 adv_kd=0.025779223069548607 awp_gamma=0.001 awp_relative_norm_max=0.0010000001639127731 clean_ce=0.16522148251533508 clean_ce_term=0.005163171328604221 consistency_term=0.001015603425912559 consistency_weight=0.5 js_raw=0.02031206712126732 lr=0.09566026510102077 nat_kd=0.011668526567518711 pcgrad_conflicts=0 push=0.03711056709289551 push_term=0.0018555282149463892 student_updates=1 teacher_ce=0.47259853780269623 teacher_lr=5.301723344371193e-05 teacher_margin=0.6465638279914856 teacher_margin_term=0.0024246142711490393 teacher_updates=1 temp_adv=1.118999999999987 temp_nat=3.63399999999971 temperature_updates=1 total_loss=0.04790666699409485 views=2
2026-09-18 03:43:45.647 | INFO     | __main__:<module>:492 - METHOD_BATCH epoch=170 step=100 adv_kd=0.03717361390590668 awp_gamma=0.001 awp_relative_norm_max=0.0010000001639127731 clean_ce=0.16312432289123535 clean_ce_term=0.005097635090351105 consistency_term=0.0014871007297188044 consistency_weight=0.5 js_raw=0.029742013663053513 lr=0.09566026510102077 nat_kd=0.01364092342555523 pcgrad_conflicts=0 push=0.042789239436388016 push_term=0.002139461925253272 student_updates=1 teacher_ce=0.4573446661233902 teacher_lr=5.301723344371193e-05 teacher_margin=0.8839784860610962 teacher_margin_term=0.0033149193041026592 teacher_updates=1 temp_adv=1.1249999999999862 temp_nat=3.6279999999997106 temperature_updates=1 total_loss=0.06285365670919418 views=2
2026-09-18 03:45:45.030 | INFO     | __main__:<module>:492 - METHOD_BATCH epoch=170 step=200 adv_kd=0.03211607784032822 awp_gamma=0.001 awp_relative_norm_max=0.0010000001639127731 clean_ce=0.18580609560012817 clean_ce_term=0.005806440487504005 consistency_term=0.0017497483640909195 consistency_weight=0.5 js_raw=0.03499496728181839 lr=0.09566026510102077 nat_kd=0.01678326353430748 pcgrad_conflicts=0 push=0.035294681787490845 push_term=0.0017647340428084135 student_updates=1 teacher_ce=0.561730831861496 teacher_lr=5.301723344371193e-05 teacher_margin=0.7268446683883667 teacher_margin_term=0.00272566732019186 teacher_updates=1 temp_adv=1.1249999999999862 temp_nat=3.6279999999997106 temperature_updates=1 total_loss=0.06094593554735184 views=2
2026-09-18 03:47:44.015 | INFO     | __main__:<module>:492 - METHOD_BATCH epoch=170 step=300 adv_kd=0.03244940564036369 awp_gamma=0.001 awp_relative_norm_max=0.0010000001639127731 clean_ce=0.1444203108549118 clean_ce_term=0.004513134714215994 consistency_term=0.001166254747658968 consistency_weight=0.5 js_raw=0.02332509495317936 lr=0.09566026510102077 nat_kd=0.012504886835813522 pcgrad_conflicts=0 push=0.04089830815792084 push_term=0.002044915221631527 student_updates=1 teacher_ce=0.4906529039144516 teacher_lr=5.301723344371193e-05 teacher_margin=0.7851922512054443 teacher_margin_term=0.002944470848888159 teacher_updates=1 temp_adv=1.1289999999999858 temp_nat=3.623999999999711 temperature_updates=1 total_loss=0.05562306568026543 views=2
2026-09-18 03:49:29.820 | INFO     | __main__:<module>:870 - TRAIN_EPOCH_RESOURCE epoch=170 seconds=464.8320187702775 peak_allocated_bytes=8125391360
2026-09-18 03:50:01.699 | INFO     | __main__:<module>:927 - student robust acc 0.5309, teacher robust acc 0.6819, nat teacher robust acc 0.4849
2026-09-18 03:50:08.212 | INFO     | __main__:<module>:998 - best accuracy:0.70645
2026-09-18 03:50:08.213 | INFO     | __main__:<module>:1001 - student natural acc 0.8820, adv teacher natural acc 0.8770, nat teacher natural acc 0.9318
2026-09-18 03:50:08.214 | INFO     | __main__:<module>:477 - METHOD epoch=171 views=2 awp_gamma=0.001 consistency_weight=0.5
2026-09-18 03:50:08.214 | INFO     | __main__:<module>:480 - the 171th epoch 
2026-09-18 03:50:09.395 | INFO     | __main__:<module>:492 - METHOD_BATCH epoch=171 step=0 adv_kd=0.032509759068489075 awp_gamma=0.001 awp_relative_norm_max=0.0010000001639127731 clean_ce=0.16149984300136566 clean_ce_term=0.00514780730009079 consistency_term=0.002259159227833152 consistency_weight=0.5 js_raw=0.04518318548798561 lr=0.09522268714746318 nat_kd=0.0158064067363739 pcgrad_conflicts=0 push=0.042220547795295715 push_term=0.0021110274828970432 student_updates=1 teacher_ce=0.6527511179447174 teacher_lr=5.2389346862733105e-05 teacher_margin=0.6716768145561218 teacher_margin_term=0.002602747641503811 teacher_updates=1 temp_adv=1.1299999999999857 temp_nat=3.622999999999711 temperature_updates=1 total_loss=0.060436904430389404 views=2
2026-09-18 03:52:07.890 | INFO     | __main__:<module>:492 - METHOD_BATCH epoch=171 step=100 adv_kd=0.029386989772319794 awp_gamma=0.001 awp_relative_norm_max=0.0010000001639127731 clean_ce=0.14198920130729675 clean_ce_term=0.004525905475020409 consistency_term=0.002110776724293828 consistency_weight=0.5 js_raw=0.042215533554553986 lr=0.09522268714746318 nat_kd=0.011994294822216034 pcgrad_conflicts=0 push=0.036698684096336365 push_term=0.0018349341116845608 student_updates=1 teacher_ce=0.532895028591156 teacher_lr=5.2389346862733105e-05 teacher_margin=0.6435610055923462 teacher_margin_term=0.002493798965588212 teacher_updates=1 temp_adv=1.1239999999999863 temp_nat=3.6289999999997105 temperature_updates=1 total_loss=0.05234669893980026 views=2
2026-09-18 03:54:05.143 | INFO     | __main__:<module>:492 - METHOD_BATCH epoch=171 step=200 adv_kd=0.03162702918052673 awp_gamma=0.001 awp_relative_norm_max=0.0010000001639127731 clean_ce=0.16844691336154938 clean_ce_term=0.005369245074689388 consistency_term=0.0014382107183337212 consistency_weight=0.5 js_raw=0.028764214366674423 lr=0.09522268714746318 nat_kd=0.016319874674081802 pcgrad_conflicts=0 push=0.034684889018535614 push_term=0.0017342446371912956 student_updates=1 teacher_ce=0.4657359719276428 teacher_lr=5.2389346862733105e-05 teacher_margin=0.7673741579055786 teacher_margin_term=0.002973574912175536 teacher_updates=1 temp_adv=1.127999999999986 temp_nat=3.624999999999711 temperature_updates=1 total_loss=0.059462178498506546 views=2
2026-09-18 03:56:02.597 | INFO     | __main__:<module>:492 - METHOD_BATCH epoch=171 step=300 adv_kd=0.031363606452941895 awp_gamma=0.001 awp_relative_norm_max=0.0010000001639127731 clean_ce=0.1553783118724823 clean_ce_term=0.004952683113515377 consistency_term=0.0015384742291644216 consistency_weight=0.5 js_raw=0.030769484117627144 lr=0.09522268714746318 nat_kd=0.012333505786955357 pcgrad_conflicts=0 push=0.04225555434823036 push_term=0.0021127776708453894 student_updates=1 teacher_ce=0.4950547069311142 teacher_lr=5.2389346862733105e-05 teacher_margin=0.7180509567260742 teacher_margin_term=0.002782447263598442 teacher_updates=1 temp_adv=1.1259999999999861 temp_nat=3.6269999999997107 temperature_updates=1 total_loss=0.0550834946334362 views=2
2026-09-18 03:57:48.364 | INFO     | __main__:<module>:870 - TRAIN_EPOCH_RESOURCE epoch=171 seconds=460.1496025137603 peak_allocated_bytes=8127488512
2026-09-18 03:57:48.365 | INFO     | __main__:<module>:477 - METHOD epoch=172 views=2 awp_gamma=0.001 consistency_weight=0.5
2026-09-18 03:57:48.365 | INFO     | __main__:<module>:480 - the 172th epoch 
2026-09-18 03:57:49.540 | INFO     | __main__:<module>:492 - METHOD_BATCH epoch=172 step=0 adv_kd=0.030568964779376984 awp_gamma=0.001 awp_relative_norm_max=0.0010000001639127731 clean_ce=0.1454656571149826 clean_ce_term=0.00472763366997242 consistency_term=0.001423874869942665 consistency_weight=0.5 js_raw=0.028477497398853302 lr=0.09476520077165564 nat_kd=0.012251505628228188 pcgrad_conflicts=0 push=0.03812215477228165 push_term=0.0019061078783124685 student_updates=1 teacher_ce=0.46088968217372894 teacher_lr=5.1761096296524575e-05 teacher_margin=0.6727126836776733 teacher_margin_term=0.002690850757062435 teacher_updates=1 temp_adv=1.1289999999999858 temp_nat=3.623999999999711 temperature_updates=1 total_loss=0.05356893688440323 views=2
2026-09-18 03:59:47.736 | INFO     | __main__:<module>:492 - METHOD_BATCH epoch=172 step=100 adv_kd=0.03356727957725525 awp_gamma=0.001 awp_relative_norm_max=0.0010000001639127731 clean_ce=0.18759965896606445 clean_ce_term=0.006096988916397095 consistency_term=0.0015727354912087321 consistency_weight=0.5 js_raw=0.03145470842719078 lr=0.09476520077165564 nat_kd=0.02280346117913723 pcgrad_conflicts=0 push=0.03227312117815018 push_term=0.0016136561753228307 student_updates=1 teacher_ce=0.3998198062181473 teacher_lr=5.1761096296524575e-05 teacher_margin=0.8312432765960693 teacher_margin_term=0.003324973164126277 teacher_updates=1 temp_adv=1.1289999999999858 temp_nat=3.623999999999711 temperature_updates=1 total_loss=0.06897909194231033 views=2
2026-09-18 04:01:45.953 | INFO     | __main__:<module>:492 - METHOD_BATCH epoch=172 step=200 adv_kd=0.02574566751718521 awp_gamma=0.001 awp_relative_norm_max=0.0010000001639127731 clean_ce=0.16220495104789734 clean_ce_term=0.005271660629659891 consistency_term=0.0016071610152721405 consistency_weight=0.5 js_raw=0.03214322030544281 lr=0.09476520077165564 nat_kd=0.0173850916326046 pcgrad_conflicts=0 push=0.04010862857103348 push_term=0.00200543156825006 student_updates=1 teacher_ce=0.5780520737171173 teacher_lr=5.1761096296524575e-05 teacher_margin=0.6964854001998901 teacher_margin_term=0.0027859415858983994 teacher_updates=1 temp_adv=1.1209999999999867 temp_nat=3.63199999999971 temperature_updates=1 total_loss=0.05480095371603966 views=2
2026-09-18 04:03:43.923 | INFO     | __main__:<module>:492 - METHOD_BATCH epoch=172 step=300 adv_kd=0.02499319612979889 awp_gamma=0.001 awp_relative_norm_max=0.0010000001639127731 clean_ce=0.14994025230407715 clean_ce_term=0.0048730578273534775 consistency_term=0.0013731345534324646 consistency_weight=0.5 js_raw=0.027462691068649292 lr=0.09476520077165564 nat_kd=0.013622716069221497 pcgrad_conflicts=0 push=0.02863391861319542 push_term=0.0014316958840936422 student_updates=1 teacher_ce=0.5795324444770813 teacher_lr=5.1761096296524575e-05 teacher_margin=0.6294909715652466 teacher_margin_term=0.00251796399243176 teacher_updates=1 temp_adv=1.1229999999999865 temp_nat=3.6299999999997103 temperature_updates=1 total_loss=0.048811763525009155 views=2
2026-09-18 04:05:29.583 | INFO     | __main__:<module>:870 - TRAIN_EPOCH_RESOURCE epoch=172 seconds=461.21789425984025 peak_allocated_bytes=8127488512
2026-09-18 04:05:29.584 | INFO     | __main__:<module>:477 - METHOD epoch=173 views=2 awp_gamma=0.001 consistency_weight=0.5
2026-09-18 04:05:29.584 | INFO     | __main__:<module>:480 - the 173th epoch 
2026-09-18 04:05:30.760 | INFO     | __main__:<module>:492 - METHOD_BATCH epoch=173 step=0 adv_kd=0.023412592709064484 awp_gamma=0.001 awp_relative_norm_max=0.0010000001639127731 clean_ce=0.16207537055015564 clean_ce_term=0.005368746817111969 consistency_term=0.0012406440218910575 consistency_weight=0.5 js_raw=0.024812880903482437 lr=0.09428800819699468 nat_kd=0.011280275881290436 pcgrad_conflicts=0 push=0.03936609625816345 push_term=0.0019683048594743013 student_updates=1 teacher_ce=0.5461265742778778 teacher_lr=5.1132581274054204e-05 teacher_margin=0.5923565626144409 teacher_margin_term=0.002443470759317279 teacher_updates=1 temp_adv=1.127999999999986 temp_nat=3.624999999999711 temperature_updates=1 total_loss=0.045714039355516434 views=2
2026-09-18 04:07:28.469 | INFO     | __main__:<module>:492 - METHOD_BATCH epoch=173 step=100 adv_kd=0.025279682129621506 awp_gamma=0.001 awp_relative_norm_max=0.0010000001639127731 clean_ce=0.16217894852161407 clean_ce_term=0.005372177343815565 consistency_term=0.0010841138428077102 consistency_weight=0.5 js_raw=0.02168227545917034 lr=0.09428800819699468 nat_kd=0.013792085461318493 pcgrad_conflicts=0 push=0.029987599700689316 push_term=0.0014993799850344658 student_updates=1 teacher_ce=0.5004478991031647 teacher_lr=5.1132581274054204e-05 teacher_margin=0.6209777593612671 teacher_margin_term=0.002561533357948065 teacher_updates=1 temp_adv=1.1299999999999857 temp_nat=3.622999999999711 temperature_updates=1 total_loss=0.049588970839977264 views=2
2026-09-18 04:09:26.322 | INFO     | __main__:<module>:492 - METHOD_BATCH epoch=173 step=200 adv_kd=0.029141929000616074 awp_gamma=0.001 awp_relative_norm_max=0.0010000001639127731 clean_ce=0.18553194403648376 clean_ce_term=0.006145745050162077 consistency_term=0.0014112433418631554 consistency_weight=0.5 js_raw=0.028224866837263107 lr=0.09428800819699468 nat_kd=0.01995805650949478 pcgrad_conflicts=0 push=0.03215372562408447 push_term=0.0016076862812042236 student_updates=1 teacher_ce=0.5715218484401703 teacher_lr=5.1132581274054204e-05 teacher_margin=0.7309280037879944 teacher_margin_term=0.003015077905729413 teacher_updates=1 temp_adv=1.1319999999999855 temp_nat=3.6209999999997113 temperature_updates=1 total_loss=0.06127973645925522 views=2
2026-09-18 04:11:24.389 | INFO     | __main__:<module>:492 - METHOD_BATCH epoch=173 step=300 adv_kd=0.028867853805422783 awp_gamma=0.001 awp_relative_norm_max=0.0010000001639127731 clean_ce=0.16125813126564026 clean_ce_term=0.005341675132513046 consistency_term=0.00113170116674155 consistency_weight=0.5 js_raw=0.022634021937847137 lr=0.09428800819699468 nat_kd=0.013280322775244713 pcgrad_conflicts=0 push=0.0464412122964859 push_term=0.0023220605216920376 student_updates=1 teacher_ce=0.5462326109409332 teacher_lr=5.1132581274054204e-05 teacher_margin=0.6815084218978882 teacher_margin_term=0.0028112223371863365 teacher_updates=1 temp_adv=1.1239999999999863 temp_nat=3.6289999999997105 temperature_updates=1 total_loss=0.053754840046167374 views=2
2026-09-18 04:13:10.292 | INFO     | __main__:<module>:870 - TRAIN_EPOCH_RESOURCE epoch=173 seconds=460.7076363302767 peak_allocated_bytes=8127488512
2026-09-18 04:13:10.292 | INFO     | __main__:<module>:477 - METHOD epoch=174 views=2 awp_gamma=0.001 consistency_weight=0.5
2026-09-18 04:13:10.292 | INFO     | __main__:<module>:480 - the 174th epoch 
2026-09-18 04:13:11.476 | INFO     | __main__:<module>:492 - METHOD_BATCH epoch=174 step=0 adv_kd=0.02712176740169525 awp_gamma=0.001 awp_relative_norm_max=0.0010000001639127731 clean_ce=0.16917753219604492 clean_ce_term=0.005709741730242968 consistency_term=0.0018016936955973506 consistency_weight=0.5 js_raw=0.03603387251496315 lr=0.09379132035056717 nat_kd=0.013078223913908005 pcgrad_conflicts=0 push=0.02956289052963257 push_term=0.001478144433349371 student_updates=1 teacher_ce=0.6229214370250702 teacher_lr=5.0503901356213796e-05 teacher_margin=0.6343648433685303 teacher_margin_term=0.0026960507966578007 teacher_updates=1 temp_adv=1.1389999999999847 temp_nat=3.613999999999712 temperature_updates=1 total_loss=0.05188561975955963 views=2
2026-09-18 04:15:09.829 | INFO     | __main__:<module>:492 - METHOD_BATCH epoch=174 step=100 adv_kd=0.029148932546377182 awp_gamma=0.001 awp_relative_norm_max=0.0010000001639127731 clean_ce=0.18101786077022552 clean_ce_term=0.00610935315489769 consistency_term=0.001602450734935701 consistency_weight=0.5 js_raw=0.032049015164375305 lr=0.09379132035056717 nat_kd=0.014540993608534336 pcgrad_conflicts=0 push=0.040892183780670166 push_term=0.0020446092821657658 student_updates=1 teacher_ce=0.4683695584535599 teacher_lr=5.0503901356213796e-05 teacher_margin=0.6808536052703857 teacher_margin_term=0.002893627854064107 teacher_updates=1 temp_adv=1.1289999999999858 temp_nat=3.623999999999711 temperature_updates=1 total_loss=0.056339967995882034 views=2
2026-09-18 04:17:05.931 | INFO     | __main__:<module>:492 - METHOD_BATCH epoch=174 step=200 adv_kd=0.02373063936829567 awp_gamma=0.001 awp_relative_norm_max=0.0010000001639127731 clean_ce=0.174932599067688 clean_ce_term=0.005903975572437048 consistency_term=0.0018713854951784015 consistency_weight=0.5 js_raw=0.03742770850658417 lr=0.09379132035056717 nat_kd=0.015099883079528809 pcgrad_conflicts=0 push=0.034602612257003784 push_term=0.0017301307525485754 student_updates=1 teacher_ce=0.6725916564464569 teacher_lr=5.0503901356213796e-05 teacher_margin=0.5899436473846436 teacher_margin_term=0.0025072607677429914 teacher_updates=1 temp_adv=1.1229999999999865 temp_nat=3.6299999999997103 temperature_updates=1 total_loss=0.05084327608346939 views=2
2026-09-18 04:19:02.143 | INFO     | __main__:<module>:492 - METHOD_BATCH epoch=174 step=300 adv_kd=0.02859707921743393 awp_gamma=0.001 awp_relative_norm_max=0.0010000001639127731 clean_ce=0.22731363773345947 clean_ce_term=0.007671835366636515 consistency_term=0.0024067573249340057 consistency_weight=0.5 js_raw=0.048135146498680115 lr=0.09379132035056717 nat_kd=0.027031082659959793 pcgrad_conflicts=0 push=0.04220276698470116 push_term=0.0021101385354995728 student_updates=1 teacher_ce=0.6621787846088409 teacher_lr=5.0503901356213796e-05 teacher_margin=0.6499271392822266 teacher_margin_term=0.002762190531939268 teacher_updates=1 temp_adv=1.1249999999999862 temp_nat=3.6279999999997106 temperature_updates=1 total_loss=0.07057908177375793 views=2
2026-09-18 04:20:46.392 | INFO     | __main__:<module>:870 - TRAIN_EPOCH_RESOURCE epoch=174 seconds=456.0992166697979 peak_allocated_bytes=8127488512
2026-09-18 04:20:46.392 | INFO     | __main__:<module>:477 - METHOD epoch=175 views=2 awp_gamma=0.001 consistency_weight=0.5
2026-09-18 04:20:46.392 | INFO     | __main__:<module>:480 - the 175th epoch 
2026-09-18 04:20:47.550 | INFO     | __main__:<module>:492 - METHOD_BATCH epoch=175 step=0 adv_kd=0.0230926014482975 awp_gamma=0.001 awp_relative_norm_max=0.0010000001639127731 clean_ce=0.15878315269947052 clean_ce_term=0.005458171013742685 consistency_term=0.0017595443641766906 consistency_weight=0.5 js_raw=0.0351908877491951 lr=0.09327535676897769 nat_kd=0.012300403788685799 pcgrad_conflicts=0 push=0.04032277688384056 push_term=0.0020161387510597706 student_updates=1 teacher_ce=0.44253309071063995 teacher_lr=4.9875156119873e-05 teacher_margin=0.6002805233001709 teacher_margin_term=0.0026262272149324417 teacher_updates=1 temp_adv=1.1299999999999857 temp_nat=3.622999999999711 temperature_updates=1 total_loss=0.0472530871629715 views=2
2026-09-18 04:22:47.481 | INFO     | __main__:<module>:492 - METHOD_BATCH epoch=175 step=100 adv_kd=0.025775250047445297 awp_gamma=0.001 awp_relative_norm_max=0.0010000001639127731 clean_ce=0.14345040917396545 clean_ce_term=0.004931108094751835 consistency_term=0.0016976718325167894 consistency_weight=0.5 js_raw=0.033953435719013214 lr=0.09327535676897769 nat_kd=0.010486438870429993 pcgrad_conflicts=0 push=0.034026265144348145 push_term=0.001701313303783536 student_updates=1 teacher_ce=0.4693319797515869 teacher_lr=4.9875156119873e-05 teacher_margin=0.6398404240608215 teacher_margin_term=0.0027993018738925457 teacher_updates=1 temp_adv=1.1339999999999852 temp_nat=3.6189999999997116 temperature_updates=1 total_loss=0.04739108309149742 views=2
2026-09-18 04:24:46.244 | INFO     | __main__:<module>:492 - METHOD_BATCH epoch=175 step=200 adv_kd=0.03194548934698105 awp_gamma=0.001 awp_relative_norm_max=0.0010000001639127731 clean_ce=0.16491445899009705 clean_ce_term=0.0056689344346523285 consistency_term=0.0013475967571139336 consistency_weight=0.5 js_raw=0.02695193514227867 lr=0.09327535676897769 nat_kd=0.016332820057868958 pcgrad_conflicts=0 push=0.03304696083068848 push_term=0.0016523480881005526 student_updates=1 teacher_ce=0.595105767250061 teacher_lr=4.9875156119873e-05 teacher_margin=0.7520463466644287 teacher_margin_term=0.003290202934294939 teacher_updates=1 temp_adv=1.135999999999985 temp_nat=3.616999999999712 temperature_updates=1 total_loss=0.06023739278316498 views=2
2026-09-18 04:26:44.733 | INFO     | __main__:<module>:492 - METHOD_BATCH epoch=175 step=300 adv_kd=0.02494785748422146 awp_gamma=0.001 awp_relative_norm_max=0.0010000001639127731 clean_ce=0.17815616726875305 clean_ce_term=0.006124118808656931 consistency_term=0.001442198408767581 consistency_weight=0.5 js_raw=0.028843967244029045 lr=0.09327535676897769 nat_kd=0.01439259760081768 pcgrad_conflicts=0 push=0.04836876317858696 push_term=0.0024184382054954767 student_updates=1 teacher_ce=0.5390167832374573 teacher_lr=4.9875156119873e-05 teacher_margin=0.6375606060028076 teacher_margin_term=0.0027893276419490576 teacher_updates=1 temp_adv=1.1259999999999861 temp_nat=3.6269999999997107 temperature_updates=1 total_loss=0.052114538848400116 views=2
2026-09-18 04:28:31.935 | INFO     | __main__:<module>:870 - TRAIN_EPOCH_RESOURCE epoch=175 seconds=465.54249273240566 peak_allocated_bytes=8127488512
2026-09-18 04:28:31.936 | INFO     | __main__:<module>:477 - METHOD epoch=176 views=2 awp_gamma=0.001 consistency_weight=0.5
2026-09-18 04:28:31.936 | INFO     | __main__:<module>:480 - the 176th epoch 
2026-09-18 04:28:33.129 | INFO     | __main__:<module>:492 - METHOD_BATCH epoch=176 step=0 adv_kd=0.03033495508134365 awp_gamma=0.001 awp_relative_norm_max=0.0010000001639127731 clean_ce=0.1940424144268036 clean_ce_term=0.006791484542191029 consistency_term=0.0019801997113972902 consistency_weight=0.5 js_raw=0.03960399329662323 lr=0.09274034550033461 nat_kd=0.023142527788877487 pcgrad_conflicts=0 push=0.040290914475917816 push_term=0.002014545723795891 student_updates=1 teacher_ce=0.5723868310451508 teacher_lr=4.924644514193185e-05 teacher_margin=0.7243098020553589 teacher_margin_term=0.003259394085034728 teacher_updates=1 temp_adv=1.1249999999999862 temp_nat=3.6279999999997106 temperature_updates=1 total_loss=0.06752310693264008 views=2
2026-09-18 04:30:32.423 | INFO     | __main__:<module>:492 - METHOD_BATCH epoch=176 step=100 adv_kd=0.024788949638605118 awp_gamma=0.001 awp_relative_norm_max=0.0010000001639127731 clean_ce=0.16488277912139893 clean_ce_term=0.00577089749276638 consistency_term=0.0014838455244898796 consistency_weight=0.5 js_raw=0.029676910489797592 lr=0.09274034550033461 nat_kd=0.011305736377835274 pcgrad_conflicts=0 push=0.03381260111927986 push_term=0.0016906301025301218 student_updates=1 teacher_ce=0.5086901783943176 teacher_lr=4.924644514193185e-05 teacher_margin=0.6025290489196777 teacher_margin_term=0.0027113803662359715 teacher_updates=1 temp_adv=1.1309999999999856 temp_nat=3.6219999999997112 temperature_updates=1 total_loss=0.04775143787264824 views=2
2026-09-18 04:32:31.636 | INFO     | __main__:<module>:492 - METHOD_BATCH epoch=176 step=200 adv_kd=0.03401076793670654 awp_gamma=0.001 awp_relative_norm_max=0.0010000001639127731 clean_ce=0.17993435263633728 clean_ce_term=0.006297702435404062 consistency_term=0.0018894929671660066 consistency_weight=0.5 js_raw=0.037789858877658844 lr=0.09274034550033461 nat_kd=0.018734361976385117 pcgrad_conflicts=0 push=0.04032149165868759 push_term=0.002016074489802122 student_updates=1 teacher_ce=0.5076479315757751 teacher_lr=4.924644514193185e-05 teacher_margin=0.7976402044296265 teacher_margin_term=0.0035893807653337717 teacher_updates=1 temp_adv=1.126999999999986 temp_nat=3.625999999999711 temperature_updates=1 total_loss=0.0665377750992775 views=2
2026-09-18 04:34:30.665 | INFO     | __main__:<module>:492 - METHOD_BATCH epoch=176 step=300 adv_kd=0.029239440336823463 awp_gamma=0.001 awp_relative_norm_max=0.0010000001639127731 clean_ce=0.15429019927978516 clean_ce_term=0.005400156602263451 consistency_term=0.0018392540514469147 consistency_weight=0.5 js_raw=0.03678508102893829 lr=0.09274034550033461 nat_kd=0.01378313172608614 pcgrad_conflicts=0 push=0.03774338960647583 push_term=0.0018871696665883064 student_updates=1 teacher_ce=0.5228793025016785 teacher_lr=4.924644514193185e-05 teacher_margin=0.6988040208816528 teacher_margin_term=0.00314461812376976 teacher_updates=1 temp_adv=1.1289999999999858 temp_nat=3.623999999999711 temperature_updates=1 total_loss=0.055293772369623184 views=2
2026-09-18 04:36:16.554 | INFO     | __main__:<module>:870 - TRAIN_EPOCH_RESOURCE epoch=176 seconds=464.61810939759016 peak_allocated_bytes=8127488512
2026-09-18 04:36:16.555 | INFO     | __main__:<module>:477 - METHOD epoch=177 views=2 awp_gamma=0.001 consistency_weight=0.5
2026-09-18 04:36:16.555 | INFO     | __main__:<module>:480 - the 177th epoch 
2026-09-18 04:36:17.732 | INFO     | __main__:<module>:492 - METHOD_BATCH epoch=177 step=0 adv_kd=0.032292041927576065 awp_gamma=0.001 awp_relative_norm_max=0.0010000001639127731 clean_ce=0.19985085725784302 clean_ce_term=0.007119686808437109 consistency_term=0.0013912186259403825 consistency_weight=0.5 js_raw=0.027824372053146362 lr=0.09218652300243912 nat_kd=0.022470280528068542 pcgrad_conflicts=0 push=0.03210518881678581 push_term=0.0016052594874054193 student_updates=1 teacher_ce=0.4463149309158325 teacher_lr=4.861786798337445e-05 teacher_margin=0.7819414138793945 teacher_margin_term=0.0036164792254567146 teacher_updates=1 temp_adv=1.1319999999999855 temp_nat=3.6209999999997113 temperature_updates=1 total_loss=0.06849496066570282 views=2
2026-09-18 04:38:16.568 | INFO     | __main__:<module>:492 - METHOD_BATCH epoch=177 step=100 adv_kd=0.026027103886008263 awp_gamma=0.001 awp_relative_norm_max=0.0010000001639127731 clean_ce=0.16411840915679932 clean_ce_term=0.005846718326210976 consistency_term=0.0015431460924446583 consistency_weight=0.5 js_raw=0.030862921848893166 lr=0.09218652300243912 nat_kd=0.011780452914536 pcgrad_conflicts=0 push=0.0369952917098999 push_term=0.0018497646087780595 student_updates=1 teacher_ce=0.478900671005249 teacher_lr=4.861786798337445e-05 teacher_margin=0.5850752592086792 teacher_margin_term=0.002705973107367754 teacher_updates=1 temp_adv=1.127999999999986 temp_nat=3.624999999999711 temperature_updates=1 total_loss=0.049753155559301376 views=2
2026-09-18 04:40:16.283 | INFO     | __main__:<module>:492 - METHOD_BATCH epoch=177 step=200 adv_kd=0.02496536821126938 awp_gamma=0.001 awp_relative_norm_max=0.0010000001639127731 clean_ce=0.16462668776512146 clean_ce_term=0.005864826031029224 consistency_term=0.0014606030890718102 consistency_weight=0.5 js_raw=0.029212061315774918 lr=0.09218652300243912 nat_kd=0.013120166957378387 pcgrad_conflicts=0 push=0.04027952626347542 push_term=0.0020139762200415134 student_updates=1 teacher_ce=0.5269502997398376 teacher_lr=4.861786798337445e-05 teacher_margin=0.6149442195892334 teacher_margin_term=0.0028441171161830425 teacher_updates=1 temp_adv=1.1319999999999855 temp_nat=3.6209999999997113 temperature_updates=1 total_loss=0.05026905983686447 views=2
2026-09-18 04:42:15.150 | INFO     | __main__:<module>:492 - METHOD_BATCH epoch=177 step=300 adv_kd=0.026901159435510635 awp_gamma=0.001 awp_relative_norm_max=0.0010000001639127731 clean_ce=0.15559673309326172 clean_ce_term=0.005543133243918419 consistency_term=0.0018315647030249238 consistency_weight=0.5 js_raw=0.03663129359483719 lr=0.09218652300243912 nat_kd=0.016826454550027847 pcgrad_conflicts=0 push=0.043638236820697784 push_term=0.0021819118410348892 student_updates=1 teacher_ce=0.6134487092494965 teacher_lr=4.861786798337445e-05 teacher_margin=0.6702407598495483 teacher_margin_term=0.003099863650277257 teacher_updates=1 temp_adv=1.1299999999999857 temp_nat=3.622999999999711 temperature_updates=1 total_loss=0.05638409033417702 views=2
2026-09-18 04:44:01.570 | INFO     | __main__:<module>:870 - TRAIN_EPOCH_RESOURCE epoch=177 seconds=465.01344361156225 peak_allocated_bytes=8127488512
2026-09-18 04:44:01.580 | INFO     | __main__:<module>:477 - METHOD epoch=178 views=2 awp_gamma=0.001 consistency_weight=0.5
2026-09-18 04:44:01.580 | INFO     | __main__:<module>:480 - the 178th epoch 
2026-09-18 04:44:02.767 | INFO     | __main__:<module>:492 - METHOD_BATCH epoch=178 step=0 adv_kd=0.02014835551381111 awp_gamma=0.001 awp_relative_norm_max=0.0010000001639127731 clean_ce=0.14389784634113312 clean_ce_term=0.005216296762228012 consistency_term=0.001208267523907125 consistency_weight=0.5 js_raw=0.024165350943803787 lr=0.09161413403722336 nat_kd=0.009483844973146915 pcgrad_conflicts=0 push=0.041431840509176254 push_term=0.0020715920254588127 student_updates=1 teacher_ce=0.4870901256799698 teacher_lr=4.7989524173326635e-05 teacher_margin=0.5335789918899536 teacher_margin_term=0.0025345003232359886 teacher_updates=1 temp_adv=1.126999999999986 temp_nat=3.625999999999711 temperature_updates=1 total_loss=0.04066285490989685 views=2
2026-09-18 04:46:01.159 | INFO     | __main__:<module>:492 - METHOD_BATCH epoch=178 step=100 adv_kd=0.0329178050160408 awp_gamma=0.001 awp_relative_norm_max=0.0010000001639127731 clean_ce=0.15978562831878662 clean_ce_term=0.005792228505015373 consistency_term=0.002000334905460477 consistency_weight=0.5 js_raw=0.04000669717788696 lr=0.09161413403722336 nat_kd=0.013999180868268013 pcgrad_conflicts=0 push=0.047554247081279755 push_term=0.00237771263346076 student_updates=1 teacher_ce=0.5800007283687592 teacher_lr=4.7989524173326635e-05 teacher_margin=0.7452750205993652 teacher_margin_term=0.0035400562919676304 teacher_updates=1 temp_adv=1.1309999999999856 temp_nat=3.6219999999997112 temperature_updates=1 total_loss=0.06062731519341469 views=2
2026-09-18 04:47:59.394 | INFO     | __main__:<module>:492 - METHOD_BATCH epoch=178 step=200 adv_kd=0.025234250351786613 awp_gamma=0.001 awp_relative_norm_max=0.0010000001639127731 clean_ce=0.15627852082252502 clean_ce_term=0.005665095988661051 consistency_term=0.0016884260112419724 consistency_weight=0.5 js_raw=0.03376851975917816 lr=0.09161413403722336 nat_kd=0.012567568570375443 pcgrad_conflicts=0 push=0.052467286586761475 push_term=0.0026233643293380737 student_updates=1 teacher_ce=0.4753694534301758 teacher_lr=4.7989524173326635e-05 teacher_margin=0.665647029876709 teacher_margin_term=0.0031618233770132065 teacher_updates=1 temp_adv=1.1289999999999858 temp_nat=3.623999999999711 temperature_updates=1 total_loss=0.05094052851200104 views=2
2026-09-18 04:49:57.756 | INFO     | __main__:<module>:492 - METHOD_BATCH epoch=178 step=300 adv_kd=0.031084436923265457 awp_gamma=0.001 awp_relative_norm_max=0.0010000001639127731 clean_ce=0.18830490112304688 clean_ce_term=0.006826052442193031 consistency_term=0.0014901421964168549 consistency_weight=0.5 js_raw=0.029802843928337097 lr=0.09161413403722336 nat_kd=0.01944761537015438 pcgrad_conflicts=0 push=0.041923172771930695 push_term=0.0020961586851626635 student_updates=1 teacher_ce=0.478691041469574 teacher_lr=4.7989524173326635e-05 teacher_margin=0.745837390422821 teacher_margin_term=0.0035427275579422712 teacher_updates=1 temp_adv=1.1309999999999856 temp_nat=3.6219999999997112 temperature_updates=1 total_loss=0.06448714435100555 views=2
2026-09-18 04:51:43.731 | INFO     | __main__:<module>:870 - TRAIN_EPOCH_RESOURCE epoch=178 seconds=462.1511795036495 peak_allocated_bytes=8127488512
2026-09-18 04:51:43.732 | INFO     | __main__:<module>:477 - METHOD epoch=179 views=2 awp_gamma=0.001 consistency_weight=0.5
2026-09-18 04:51:43.732 | INFO     | __main__:<module>:480 - the 179th epoch 
2026-09-18 04:51:44.910 | INFO     | __main__:<module>:492 - METHOD_BATCH epoch=179 step=0 adv_kd=0.02615927718579769 awp_gamma=0.001 awp_relative_norm_max=0.0010000001639127731 clean_ce=0.1444755494594574 clean_ce_term=0.005327535327523947 consistency_term=0.001355177373625338 consistency_weight=0.5 js_raw=0.027103547006845474 lr=0.09102343156148424 nat_kd=0.011552812531590462 pcgrad_conflicts=0 push=0.03289634361863136 push_term=0.0016448171809315681 student_updates=1 teacher_ce=0.4854249209165573 teacher_lr=4.736151319312001e-05 teacher_margin=0.5928877592086792 teacher_margin_term=0.002890327712520957 teacher_updates=1 temp_adv=1.1239999999999863 temp_nat=3.6289999999997105 temperature_updates=1 total_loss=0.04892995208501816 views=2
2026-09-18 04:53:42.834 | INFO     | __main__:<module>:492 - METHOD_BATCH epoch=179 step=100 adv_kd=0.03086785599589348 awp_gamma=0.001 awp_relative_norm_max=0.0010000001639127731 clean_ce=0.17309913039207458 clean_ce_term=0.006383029744029045 consistency_term=0.001514232368208468 consistency_weight=0.5 js_raw=0.030284646898508072 lr=0.09102343156148424 nat_kd=0.01570184715092182 pcgrad_conflicts=0 push=0.043754931539297104 push_term=0.002187746576964855 student_updates=1 teacher_ce=0.569085955619812 teacher_lr=4.736151319312001e-05 teacher_margin=0.702748715877533 teacher_margin_term=0.0034258998930454254 teacher_updates=1 temp_adv=1.1259999999999861 temp_nat=3.6269999999997107 temperature_updates=1 total_loss=0.06008061021566391 views=2
2026-09-18 04:55:41.112 | INFO     | __main__:<module>:492 - METHOD_BATCH epoch=179 step=200 adv_kd=0.0304903294891119 awp_gamma=0.001 awp_relative_norm_max=0.0010000001639127731 clean_ce=0.1432332992553711 clean_ce_term=0.005281727761030197 consistency_term=0.0016807261854410172 consistency_weight=0.5 js_raw=0.03361452370882034 lr=0.09102343156148424 nat_kd=0.01134187076240778 pcgrad_conflicts=0 push=0.0442214198410511 push_term=0.0022110710851848125 student_updates=1 teacher_ce=0.5020165294408798 teacher_lr=4.736151319312001e-05 teacher_margin=0.7937897443771362 teacher_margin_term=0.0038697251584380865 teacher_updates=1 temp_adv=1.127999999999986 temp_nat=3.624999999999711 temperature_updates=1 total_loss=0.054875448346138 views=2
2026-09-18 04:57:39.554 | INFO     | __main__:<module>:492 - METHOD_BATCH epoch=179 step=300 adv_kd=0.027599899098277092 awp_gamma=0.001 awp_relative_norm_max=0.0010000001639127731 clean_ce=0.16916927695274353 clean_ce_term=0.006238116882741451 consistency_term=0.0017119459807872772 consistency_weight=0.5 js_raw=0.034238919615745544 lr=0.09102343156148424 nat_kd=0.014394603669643402 pcgrad_conflicts=0 push=0.05141090974211693 push_term=0.002570545533671975 student_updates=1 teacher_ce=0.5424516499042511 teacher_lr=4.736151319312001e-05 teacher_margin=0.6837050914764404 teacher_margin_term=0.0033330623991787434 teacher_updates=1 temp_adv=1.127999999999986 temp_nat=3.624999999999711 temperature_updates=1 total_loss=0.055848173797130585 views=2
2026-09-18 04:59:25.855 | INFO     | __main__:<module>:870 - TRAIN_EPOCH_RESOURCE epoch=179 seconds=462.12234875932336 peak_allocated_bytes=8127488512
2026-09-18 04:59:25.855 | INFO     | __main__:<module>:477 - METHOD epoch=180 views=2 awp_gamma=0.001 consistency_weight=0.5
2026-09-18 04:59:25.855 | INFO     | __main__:<module>:480 - the 180th epoch 
2026-09-18 04:59:27.046 | INFO     | __main__:<module>:492 - METHOD_BATCH epoch=180 step=0 adv_kd=0.02180343121290207 awp_gamma=0.001 awp_relative_norm_max=0.0010000001639127731 clean_ce=0.16659851372241974 clean_ce_term=0.006247444543987513 consistency_term=0.0015242317458614707 consistency_weight=0.5 js_raw=0.0304846353828907 lr=0.09041467661396314 nat_kd=0.012447277083992958 pcgrad_conflicts=0 push=0.03657251596450806 push_term=0.0018286257982254028 student_updates=1 teacher_ce=0.44313088059425354 teacher_lr=4.673393446036483e-05 teacher_margin=0.5850064754486084 teacher_margin_term=0.0029250322841107845 teacher_updates=1 temp_adv=1.126999999999986 temp_nat=3.625999999999711 temperature_updates=1 total_loss=0.04677604138851166 views=2
2026-09-18 05:01:25.351 | INFO     | __main__:<module>:492 - METHOD_BATCH epoch=180 step=100 adv_kd=0.029686404392123222 awp_gamma=0.001 awp_relative_norm_max=0.0010000001639127731 clean_ce=0.14867663383483887 clean_ce_term=0.0055753737688064575 consistency_term=0.001964535564184189 consistency_weight=0.5 js_raw=0.03929071128368378 lr=0.09041467661396314 nat_kd=0.012795870192348957 pcgrad_conflicts=0 push=0.04144175350666046 push_term=0.002072087721899152 student_updates=1 teacher_ce=0.5608811974525452 teacher_lr=4.673393446036483e-05 teacher_margin=0.7071741819381714 teacher_margin_term=0.0035358706954866648 teacher_updates=1 temp_adv=1.1309999999999856 temp_nat=3.6219999999997112 temperature_updates=1 total_loss=0.055630143731832504 views=2
2026-09-18 05:03:24.425 | INFO     | __main__:<module>:492 - METHOD_BATCH epoch=180 step=200 adv_kd=0.037530772387981415 awp_gamma=0.001 awp_relative_norm_max=0.0010000001639127731 clean_ce=0.1541936695575714 clean_ce_term=0.005782262422144413 consistency_term=0.0016805509803816676 consistency_weight=0.5 js_raw=0.03361101821064949 lr=0.09041467661396314 nat_kd=0.015591665171086788 pcgrad_conflicts=0 push=0.04873432219028473 push_term=0.0024367161095142365 student_updates=1 teacher_ce=0.4492027014493942 teacher_lr=4.673393446036483e-05 teacher_margin=0.8488855361938477 teacher_margin_term=0.004244427662342787 teacher_updates=1 temp_adv=1.1309999999999856 temp_nat=3.6219999999997112 temperature_updates=1 total_loss=0.06726640462875366 views=2
2026-09-18 05:05:23.335 | INFO     | __main__:<module>:492 - METHOD_BATCH epoch=180 step=300 adv_kd=0.028369301930069923 awp_gamma=0.001 awp_relative_norm_max=0.0010000001639127731 clean_ce=0.1649252325296402 clean_ce_term=0.006184696219861507 consistency_term=0.001783718355000019 consistency_weight=0.5 js_raw=0.03567436710000038 lr=0.09041467661396314 nat_kd=0.01601647213101387 pcgrad_conflicts=0 push=0.03849616274237633 push_term=0.0019248081371188164 student_updates=1 teacher_ce=0.5465115606784821 teacher_lr=4.673393446036483e-05 teacher_margin=0.6337357759475708 teacher_margin_term=0.003168678842484951 teacher_updates=1 temp_adv=1.1309999999999856 temp_nat=3.6219999999997112 temperature_updates=1 total_loss=0.05744767561554909 views=2
2026-09-18 05:07:09.701 | INFO     | __main__:<module>:870 - TRAIN_EPOCH_RESOURCE epoch=180 seconds=463.84547305107117 peak_allocated_bytes=8127488512
2026-09-18 05:07:42.364 | INFO     | __main__:<module>:927 - student robust acc 0.5310, teacher robust acc 0.6821, nat teacher robust acc 0.4940
2026-09-18 05:07:48.849 | INFO     | __main__:<module>:998 - best accuracy:0.7065
2026-09-18 05:07:48.850 | INFO     | __main__:<module>:1001 - student natural acc 0.8820, adv teacher natural acc 0.8776, nat teacher natural acc 0.9318
2026-09-18 05:07:48.851 | INFO     | __main__:<module>:477 - METHOD epoch=181 views=2 awp_gamma=0.001 consistency_weight=0.5
2026-09-18 05:07:48.851 | INFO     | __main__:<module>:480 - the 181th epoch 
2026-09-18 05:07:50.052 | INFO     | __main__:<module>:492 - METHOD_BATCH epoch=181 step=0 adv_kd=0.026615172624588013 awp_gamma=0.001 awp_relative_norm_max=0.0010000001639127731 clean_ce=0.1644495725631714 clean_ce_term=0.006269640289247036 consistency_term=0.0009956288849934936 consistency_weight=0.5 js_raw=0.01991257816553116 lr=0.08978813819882181 nat_kd=0.01065586507320404 pcgrad_conflicts=0 push=0.0370192676782608 push_term=0.0018509633373469114 student_updates=1 teacher_ce=0.44519540667533875 teacher_lr=4.6106887313034546e-05 teacher_margin=0.7191563248634338 teacher_margin_term=0.003685676259920001 teacher_updates=1 temp_adv=1.1319999999999855 temp_nat=3.6209999999997113 temperature_updates=1 total_loss=0.050072941929101944 views=2
2026-09-18 05:09:48.617 | INFO     | __main__:<module>:492 - METHOD_BATCH epoch=181 step=100 adv_kd=0.03188716620206833 awp_gamma=0.001 awp_relative_norm_max=0.0010000001639127731 clean_ce=0.14962774515151978 clean_ce_term=0.0057045575231313705 consistency_term=0.0014097265666350722 consistency_weight=0.5 js_raw=0.028194531798362732 lr=0.08978813819882181 nat_kd=0.013596264645457268 pcgrad_conflicts=0 push=0.04014532268047333 push_term=0.0020072662737220526 student_updates=1 teacher_ce=0.5181271433830261 teacher_lr=4.6106887313034546e-05 teacher_margin=0.7740322947502136 teacher_margin_term=0.003966915421187878 teacher_updates=1 temp_adv=1.1339999999999852 temp_nat=3.6189999999997116 temperature_updates=1 total_loss=0.05857190117239952 views=2
2026-09-18 05:11:44.765 | INFO     | __main__:<module>:492 - METHOD_BATCH epoch=181 step=200 adv_kd=0.029214227572083473 awp_gamma=0.001 awp_relative_norm_max=0.0010000001639127731 clean_ce=0.15869320929050446 clean_ce_term=0.0060501787811517715 consistency_term=0.0024340336676687002 consistency_weight=0.5 js_raw=0.04868067055940628 lr=0.08978813819882181 nat_kd=0.013312311843037605 pcgrad_conflicts=0 push=0.0342433862388134 push_term=0.0017121692653745413 student_updates=1 teacher_ce=0.5254111588001251 teacher_lr=4.6106887313034546e-05 teacher_margin=0.7361782789230347 teacher_margin_term=0.003772913943976164 teacher_updates=1 temp_adv=1.135999999999985 temp_nat=3.616999999999712 temperature_updates=1 total_loss=0.05649583414196968 views=2
2026-09-18 05:13:40.927 | INFO     | __main__:<module>:492 - METHOD_BATCH epoch=181 step=300 adv_kd=0.032619111239910126 awp_gamma=0.001 awp_relative_norm_max=0.0010000001639127731 clean_ce=0.168056458234787 clean_ce_term=0.006407152861356735 consistency_term=0.0018821492558345199 consistency_weight=0.5 js_raw=0.037642985582351685 lr=0.08978813819882181 nat_kd=0.015467194840312004 pcgrad_conflicts=0 push=0.029752522706985474 push_term=0.0014876262284815311 student_updates=1 teacher_ce=0.5298991501331329 teacher_lr=4.6106887313034546e-05 teacher_margin=0.7474005818367004 teacher_margin_term=0.0038304280024021864 teacher_updates=1 temp_adv=1.1319999999999855 temp_nat=3.6209999999997113 temperature_updates=1 total_loss=0.06169366091489792 views=2
2026-09-18 05:15:25.194 | INFO     | __main__:<module>:870 - TRAIN_EPOCH_RESOURCE epoch=181 seconds=456.3428465165198 peak_allocated_bytes=8125391360
2026-09-18 05:15:25.195 | INFO     | __main__:<module>:477 - METHOD epoch=182 views=2 awp_gamma=0.001 consistency_weight=0.5
2026-09-18 05:15:25.195 | INFO     | __main__:<module>:480 - the 182th epoch 
2026-09-18 05:15:26.352 | INFO     | __main__:<module>:492 - METHOD_BATCH epoch=182 step=0 adv_kd=0.027194732800126076 awp_gamma=0.001 awp_relative_norm_max=0.0010000001639127731 clean_ce=0.14426502585411072 clean_ce_term=0.005590269807726145 consistency_term=0.001773099647834897 consistency_weight=0.5 js_raw=0.035461992025375366 lr=0.08914409316556651 nat_kd=0.010710364207625389 pcgrad_conflicts=0 push=0.04583665356040001 push_term=0.002291832584887743 student_updates=1 teacher_ce=0.45993533730506897 teacher_lr=4.5480470993564535e-05 teacher_margin=0.6273698210716248 teacher_margin_term=0.003293691435828805 teacher_updates=1 temp_adv=1.126999999999986 temp_nat=3.625999999999711 temperature_updates=1 total_loss=0.050853993743658066 views=2
2026-09-18 05:17:22.663 | INFO     | __main__:<module>:492 - METHOD_BATCH epoch=182 step=100 adv_kd=0.024310370907187462 awp_gamma=0.001 awp_relative_norm_max=0.0010000001639127731 clean_ce=0.1657097041606903 clean_ce_term=0.006421250756829977 consistency_term=0.0019732662476599216 consistency_weight=0.5 js_raw=0.039465323090553284 lr=0.08914409316556651 nat_kd=0.014118661172688007 pcgrad_conflicts=0 push=0.04153884947299957 push_term=0.0020769424736499786 student_updates=1 teacher_ce=0.553503155708313 teacher_lr=4.5480470993564535e-05 teacher_margin=0.5786076784133911 teacher_margin_term=0.003037690185010433 teacher_updates=1 temp_adv=1.126999999999986 temp_nat=3.625999999999711 temperature_updates=1 total_loss=0.05193817988038063 views=2
2026-09-18 05:19:19.100 | INFO     | __main__:<module>:492 - METHOD_BATCH epoch=182 step=200 adv_kd=0.028817445039749146 awp_gamma=0.001 awp_relative_norm_max=0.0010000001639127731 clean_ce=0.15091994404792786 clean_ce_term=0.00584814790636301 consistency_term=0.0014142247382551432 consistency_weight=0.5 js_raw=0.02828449383378029 lr=0.08914409316556651 nat_kd=0.013022675178945065 pcgrad_conflicts=0 push=0.044914133846759796 push_term=0.0022457067389041185 student_updates=1 teacher_ce=0.532689094543457 teacher_lr=4.5480470993564535e-05 teacher_margin=0.6855680346488953 teacher_margin_term=0.0035992320626974106 teacher_updates=1 temp_adv=1.126999999999986 temp_nat=3.625999999999711 temperature_updates=1 total_loss=0.05494743585586548 views=2
2026-09-18 05:21:16.329 | INFO     | __main__:<module>:492 - METHOD_BATCH epoch=182 step=300 adv_kd=0.03215353563427925 awp_gamma=0.001 awp_relative_norm_max=0.0010000001639127731 clean_ce=0.15873625874519348 clean_ce_term=0.0061510298401117325 consistency_term=0.001646183431148529 consistency_weight=0.5 js_raw=0.03292366862297058 lr=0.08914409316556651 nat_kd=0.014208843000233173 pcgrad_conflicts=0 push=0.04029962420463562 push_term=0.002014981349930167 student_updates=1 teacher_ce=0.43793848156929016 teacher_lr=4.5480470993564535e-05 teacher_margin=0.8051772713661194 teacher_margin_term=0.004227180499583483 teacher_updates=1 temp_adv=1.1329999999999854 temp_nat=3.6199999999997114 temperature_updates=1 total_loss=0.06040175259113312 views=2
2026-09-18 05:23:02.990 | INFO     | __main__:<module>:870 - TRAIN_EPOCH_RESOURCE epoch=182 seconds=457.7946178801358 peak_allocated_bytes=8125391360
2026-09-18 05:23:02.990 | INFO     | __main__:<module>:477 - METHOD epoch=183 views=2 awp_gamma=0.001 consistency_weight=0.5
2026-09-18 05:23:02.990 | INFO     | __main__:<module>:480 - the 183th epoch 
2026-09-18 05:23:04.177 | INFO     | __main__:<module>:492 - METHOD_BATCH epoch=183 step=0 adv_kd=0.029121868312358856 awp_gamma=0.001 awp_relative_norm_max=0.0010000001639127731 clean_ce=0.13581514358520508 clean_ce_term=0.00534772127866745 consistency_term=0.0017342526698485017 consistency_weight=0.5 js_raw=0.034685052931308746 lr=0.08848282608547543 nat_kd=0.009924540296196938 pcgrad_conflicts=0 push=0.05332179367542267 push_term=0.0026660896837711334 student_updates=1 teacher_ce=0.4085293859243393 teacher_lr=4.485478463296722e-05 teacher_margin=0.7607666254043579 teacher_margin_term=0.004089120775461197 teacher_updates=1 temp_adv=1.127999999999986 temp_nat=3.624999999999711 temperature_updates=1 total_loss=0.05288359150290489 views=2
2026-09-18 05:25:02.938 | INFO     | __main__:<module>:492 - METHOD_BATCH epoch=183 step=100 adv_kd=0.026898834854364395 awp_gamma=0.001 awp_relative_norm_max=0.0010000001639127731 clean_ce=0.15793003141880035 clean_ce_term=0.006218494847416878 consistency_term=0.0017043385887518525 consistency_weight=0.5 js_raw=0.03408677130937576 lr=0.08848282608547543 nat_kd=0.014476452022790909 pcgrad_conflicts=0 push=0.03487366437911987 push_term=0.0017436831258237362 student_updates=1 teacher_ce=0.622841864824295 teacher_lr=4.485478463296722e-05 teacher_margin=0.6235805749893188 teacher_margin_term=0.0033517456613481045 teacher_updates=1 temp_adv=1.127999999999986 temp_nat=3.624999999999711 temperature_updates=1 total_loss=0.054393548518419266 views=2
2026-09-18 05:27:00.995 | INFO     | __main__:<module>:492 - METHOD_BATCH epoch=183 step=200 adv_kd=0.027554165571928024 awp_gamma=0.001 awp_relative_norm_max=0.0010000001639127731 clean_ce=0.1580338180065155 clean_ce_term=0.0062225814908742905 consistency_term=0.0021288718562573195 consistency_weight=0.5 js_raw=0.042577434331178665 lr=0.08848282608547543 nat_kd=0.014765847474336624 pcgrad_conflicts=0 push=0.03922697901725769 push_term=0.001961349043995142 student_updates=1 teacher_ce=0.5864485204219818 teacher_lr=4.485478463296722e-05 teacher_margin=0.615554690361023 teacher_margin_term=0.003308606334030628 teacher_updates=1 temp_adv=1.1339999999999852 temp_nat=3.6189999999997116 temperature_updates=1 total_loss=0.055941421538591385 views=2
2026-09-18 05:28:58.179 | INFO     | __main__:<module>:492 - METHOD_BATCH epoch=183 step=300 adv_kd=0.029434043914079666 awp_gamma=0.001 awp_relative_norm_max=0.0010000001639127731 clean_ce=0.16936124861240387 clean_ce_term=0.00666859932243824 consistency_term=0.0012363438727334142 consistency_weight=0.5 js_raw=0.024726876989006996 lr=0.08848282608547543 nat_kd=0.016046792268753052 pcgrad_conflicts=0 push=0.036938197910785675 push_term=0.0018469097558408976 student_updates=1 teacher_ce=0.5137503296136856 teacher_lr=4.485478463296722e-05 teacher_margin=0.7317138910293579 teacher_margin_term=0.003932962194085121 teacher_updates=1 temp_adv=1.1299999999999857 temp_nat=3.622999999999711 temperature_updates=1 total_loss=0.059165652841329575 views=2
2026-09-18 05:30:42.570 | INFO     | __main__:<module>:870 - TRAIN_EPOCH_RESOURCE epoch=183 seconds=459.5790968686342 peak_allocated_bytes=8125391360
2026-09-18 05:30:42.570 | INFO     | __main__:<module>:477 - METHOD epoch=184 views=2 awp_gamma=0.001 consistency_weight=0.5
2026-09-18 05:30:42.570 | INFO     | __main__:<module>:480 - the 184th epoch 
2026-09-18 05:30:43.732 | INFO     | __main__:<module>:492 - METHOD_BATCH epoch=184 step=0 adv_kd=0.026541676372289658 awp_gamma=0.001 awp_relative_norm_max=0.0010000001639127731 clean_ce=0.1600591242313385 clean_ce_term=0.006402364932000637 consistency_term=0.001638233894482255 consistency_weight=0.5 js_raw=0.032764676958322525 lr=0.08780462912458382 nat_kd=0.01150367222726345 pcgrad_conflicts=0 push=0.036867089569568634 push_term=0.001843354431912303 student_updates=1 teacher_ce=0.46316468715667725 teacher_lr=4.422992723496672e-05 teacher_margin=0.6794861555099487 teacher_margin_term=0.0037371739745140076 teacher_updates=1 temp_adv=1.136999999999985 temp_nat=3.615999999999712 temperature_updates=1 total_loss=0.05166647583246231 views=2
2026-09-18 05:32:40.315 | INFO     | __main__:<module>:492 - METHOD_BATCH epoch=184 step=100 adv_kd=0.022793108597397804 awp_gamma=0.001 awp_relative_norm_max=0.0010000001639127731 clean_ce=0.12494120001792908 clean_ce_term=0.004997647367417812 consistency_term=0.0011427163844928145 consistency_weight=0.5 js_raw=0.022854328155517578 lr=0.08780462912458382 nat_kd=0.010034333914518356 pcgrad_conflicts=0 push=0.027532249689102173 push_term=0.001376612577587366 student_updates=1 teacher_ce=0.46736834943294525 teacher_lr=4.422992723496672e-05 teacher_margin=0.5831472873687744 teacher_margin_term=0.003207310102880001 teacher_updates=1 temp_adv=1.126999999999986 temp_nat=3.625999999999711 temperature_updates=1 total_loss=0.0435517318546772 views=2
2026-09-18 05:34:38.447 | INFO     | __main__:<module>:492 - METHOD_BATCH epoch=184 step=200 adv_kd=0.025812305510044098 awp_gamma=0.001 awp_relative_norm_max=0.0010000001639127731 clean_ce=0.16889628767967224 clean_ce_term=0.006755851674824953 consistency_term=0.0015509717632085085 consistency_weight=0.5 js_raw=0.031019434332847595 lr=0.08780462912458382 nat_kd=0.015785658732056618 pcgrad_conflicts=0 push=0.03432619199156761 push_term=0.001716309692710638 student_updates=1 teacher_ce=0.5533168911933899 teacher_lr=4.422992723496672e-05 teacher_margin=0.548851490020752 teacher_margin_term=0.0030186830554157495 teacher_updates=1 temp_adv=1.1309999999999856 temp_nat=3.6219999999997112 temperature_updates=1 total_loss=0.054639782756567 views=2
2026-09-18 05:36:34.506 | INFO     | __main__:<module>:492 - METHOD_BATCH epoch=184 step=300 adv_kd=0.024943411350250244 awp_gamma=0.001 awp_relative_norm_max=0.0010000001639127731 clean_ce=0.1512570083141327 clean_ce_term=0.006050279829651117 consistency_term=0.0017801503418013453 consistency_weight=0.5 js_raw=0.035603005439043045 lr=0.08780462912458382 nat_kd=0.010365204885601997 pcgrad_conflicts=0 push=0.04961186647415161 push_term=0.0024805935099720955 student_updates=1 teacher_ce=0.46613994240760803 teacher_lr=4.422992723496672e-05 teacher_margin=0.6659576892852783 teacher_margin_term=0.003662767354398966 teacher_updates=1 temp_adv=1.1329999999999854 temp_nat=3.6199999999997114 temperature_updates=1 total_loss=0.04928240552544594 views=2
2026-09-18 05:38:19.195 | INFO     | __main__:<module>:870 - TRAIN_EPOCH_RESOURCE epoch=184 seconds=456.62406388297677 peak_allocated_bytes=8125391360
2026-09-18 05:38:19.195 | INFO     | __main__:<module>:477 - METHOD epoch=185 views=2 awp_gamma=0.001 consistency_weight=0.5
2026-09-18 05:38:19.195 | INFO     | __main__:<module>:480 - the 185th epoch 
2026-09-18 05:38:20.376 | INFO     | __main__:<module>:492 - METHOD_BATCH epoch=185 step=0 adv_kd=0.030138317495584488 awp_gamma=0.001 awp_relative_norm_max=0.0010000001639127731 clean_ce=0.16659735143184662 clean_ce_term=0.006768017075955868 consistency_term=0.0014949941541999578 consistency_weight=0.5 js_raw=0.029899882152676582 lr=0.08710980191328506 nat_kd=0.01638350822031498 pcgrad_conflicts=0 push=0.03399121016263962 push_term=0.0016995605546981096 student_updates=1 teacher_ce=0.537790447473526 teacher_lr=4.360599766015518e-05 teacher_margin=0.7308436036109924 teacher_margin_term=0.004110995680093765 teacher_updates=1 temp_adv=1.1319999999999855 temp_nat=3.6209999999997113 temperature_updates=1 total_loss=0.06059538573026657 views=2
2026-09-18 05:40:17.128 | INFO     | __main__:<module>:492 - METHOD_BATCH epoch=185 step=100 adv_kd=0.025273052975535393 awp_gamma=0.001 awp_relative_norm_max=0.0010000001639127731 clean_ce=0.1504700630903244 clean_ce_term=0.006112846080213785 consistency_term=0.0014382642693817616 consistency_weight=0.5 js_raw=0.02876528538763523 lr=0.08710980191328506 nat_kd=0.01380157470703125 pcgrad_conflicts=0 push=0.03246349096298218 push_term=0.0016231744084507227 student_updates=1 teacher_ce=0.5643431544303894 teacher_lr=4.360599766015518e-05 teacher_margin=0.5921863913536072 teacher_margin_term=0.0033310484141111374 teacher_updates=1 temp_adv=1.127999999999986 temp_nat=3.624999999999711 temperature_updates=1 total_loss=0.05157996341586113 views=2
2026-09-18 05:42:13.136 | INFO     | __main__:<module>:492 - METHOD_BATCH epoch=185 step=200 adv_kd=0.030066557228565216 awp_gamma=0.001 awp_relative_norm_max=0.0010000001639127731 clean_ce=0.16875150799751282 clean_ce_term=0.006855529733002186 consistency_term=0.0018463159212842584 consistency_weight=0.5 js_raw=0.03692631796002388 lr=0.08710980191328506 nat_kd=0.015244938433170319 pcgrad_conflicts=0 push=0.03714880347251892 push_term=0.0018574402201920748 student_updates=1 teacher_ce=0.47485651075839996 teacher_lr=4.360599766015518e-05 teacher_margin=0.7297839522361755 teacher_margin_term=0.004105035215616226 teacher_updates=1 temp_adv=1.1319999999999855 temp_nat=3.6209999999997113 temperature_updates=1 total_loss=0.059975817799568176 views=2
2026-09-18 05:44:09.227 | INFO     | __main__:<module>:492 - METHOD_BATCH epoch=185 step=300 adv_kd=0.029312577098608017 awp_gamma=0.001 awp_relative_norm_max=0.0010000001639127731 clean_ce=0.16819322109222412 clean_ce_term=0.006832849234342575 consistency_term=0.0013713773805648088 consistency_weight=0.5 js_raw=0.027427546679973602 lr=0.08710980191328506 nat_kd=0.015112536028027534 pcgrad_conflicts=0 push=0.022584713995456696 push_term=0.0011292357230558991 student_updates=1 teacher_ce=0.5893698632717133 teacher_lr=4.360599766015518e-05 teacher_margin=0.6803710460662842 teacher_margin_term=0.0038270873483270407 teacher_updates=1 temp_adv=1.135999999999985 temp_nat=3.616999999999712 temperature_updates=1 total_loss=0.05758566036820412 views=2
2026-09-18 05:45:53.701 | INFO     | __main__:<module>:870 - TRAIN_EPOCH_RESOURCE epoch=185 seconds=454.5048916451633 peak_allocated_bytes=8125391360
2026-09-18 05:45:53.701 | INFO     | __main__:<module>:477 - METHOD epoch=186 views=2 awp_gamma=0.001 consistency_weight=0.5
2026-09-18 05:45:53.701 | INFO     | __main__:<module>:480 - the 186th epoch 
2026-09-18 05:45:54.865 | INFO     | __main__:<module>:492 - METHOD_BATCH epoch=186 step=0 adv_kd=0.02311178669333458 awp_gamma=0.001 awp_relative_norm_max=0.0010000001639127731 clean_ce=0.13943594694137573 clean_ce_term=0.005751733668148518 consistency_term=0.0019111961591988802 consistency_weight=0.5 js_raw=0.03822392225265503 lr=0.08639865141260522 nat_kd=0.011527868919074535 pcgrad_conflicts=0 push=0.03947881609201431 push_term=0.001973940758034587 student_updates=1 teacher_ce=0.4621698558330536 teacher_lr=4.2983094610173406e-05 teacher_margin=0.5780944228172302 teacher_margin_term=0.0033240430057048798 teacher_updates=1 temp_adv=1.136999999999985 temp_nat=3.615999999999712 temperature_updates=1 total_loss=0.04760057106614113 views=2
2026-09-18 05:47:51.210 | INFO     | __main__:<module>:492 - METHOD_BATCH epoch=186 step=100 adv_kd=0.023149054497480392 awp_gamma=0.001 awp_relative_norm_max=0.0010000001639127731 clean_ce=0.1474701166152954 clean_ce_term=0.006083142478018999 consistency_term=0.0013531477889046073 consistency_weight=0.5 js_raw=0.027062954381108284 lr=0.08639865141260522 nat_kd=0.01173715852200985 pcgrad_conflicts=0 push=0.038142528384923935 push_term=0.0019071265123784542 student_updates=1 teacher_ce=0.49541841447353363 teacher_lr=4.2983094610173406e-05 teacher_margin=0.5832259654998779 teacher_margin_term=0.0033535496331751347 teacher_updates=1 temp_adv=1.1229999999999865 temp_nat=3.6299999999997103 temperature_updates=1 total_loss=0.04758318141102791 views=2
2026-09-18 05:49:48.596 | INFO     | __main__:<module>:492 - METHOD_BATCH epoch=186 step=200 adv_kd=0.03190603479743004 awp_gamma=0.001 awp_relative_norm_max=0.0010000001639127731 clean_ce=0.1712079644203186 clean_ce_term=0.007062328513711691 consistency_term=0.0016187600558623672 consistency_weight=0.5 js_raw=0.03237520158290863 lr=0.08639865141260522 nat_kd=0.015779808163642883 pcgrad_conflicts=0 push=0.02569098398089409 push_term=0.0012845492456108332 student_updates=1 teacher_ce=0.4488913118839264 teacher_lr=4.2983094610173406e-05 teacher_margin=0.7630800008773804 teacher_margin_term=0.004387709777802229 teacher_updates=1 temp_adv=1.1289999999999858 temp_nat=3.623999999999711 temperature_updates=1 total_loss=0.06203919276595116 views=2
2026-09-18 05:51:45.561 | INFO     | __main__:<module>:492 - METHOD_BATCH epoch=186 step=300 adv_kd=0.028076238930225372 awp_gamma=0.001 awp_relative_norm_max=0.0010000001639127731 clean_ce=0.1660478413105011 clean_ce_term=0.006849473342299461 consistency_term=0.0016204327112063766 consistency_weight=0.5 js_raw=0.03240865468978882 lr=0.08639865141260522 nat_kd=0.015490208752453327 pcgrad_conflicts=0 push=0.029632041230797768 push_term=0.0014816020848229527 student_updates=1 teacher_ce=0.5981173515319824 teacher_lr=4.2983094610173406e-05 teacher_margin=0.6448550224304199 teacher_margin_term=0.0037079164758324623 teacher_updates=1 temp_adv=1.136999999999985 temp_nat=3.615999999999712 temperature_updates=1 total_loss=0.057225871831178665 views=2
2026-09-18 05:53:30.154 | INFO     | __main__:<module>:870 - TRAIN_EPOCH_RESOURCE epoch=186 seconds=456.4523405767977 peak_allocated_bytes=8125391360
2026-09-18 05:53:30.154 | INFO     | __main__:<module>:477 - METHOD epoch=187 views=2 awp_gamma=0.001 consistency_weight=0.5
2026-09-18 05:53:30.154 | INFO     | __main__:<module>:480 - the 187th epoch 
2026-09-18 05:53:31.327 | INFO     | __main__:<module>:492 - METHOD_BATCH epoch=187 step=0 adv_kd=0.026555048301815987 awp_gamma=0.001 awp_relative_norm_max=0.0010000001639127731 clean_ce=0.17497223615646362 clean_ce_term=0.0073269628919661045 consistency_term=0.0018146783113479614 consistency_weight=0.5 js_raw=0.03629356622695923 lr=0.08567149177721237 nat_kd=0.015947356820106506 pcgrad_conflicts=0 push=0.04188162833452225 push_term=0.0020940816029906273 student_updates=1 teacher_ce=0.588027834892273 teacher_lr=4.236131661191854e-05 teacher_margin=0.6532154679298401 teacher_margin_term=0.0038376408629119396 teacher_updates=1 temp_adv=1.135999999999985 temp_nat=3.616999999999712 temperature_updates=1 total_loss=0.0575757697224617 views=2
2026-09-18 05:55:28.794 | INFO     | __main__:<module>:492 - METHOD_BATCH epoch=187 step=100 adv_kd=0.02889864891767502 awp_gamma=0.001 awp_relative_norm_max=0.0010000001639127731 clean_ce=0.16497576236724854 clean_ce_term=0.0069083599373698235 consistency_term=0.0014011283637955785 consistency_weight=0.5 js_raw=0.028022566810250282 lr=0.08567149177721237 nat_kd=0.015613477677106857 pcgrad_conflicts=0 push=0.04314377158880234 push_term=0.0021571884863078594 student_updates=1 teacher_ce=0.5374352335929871 teacher_lr=4.236131661191854e-05 teacher_margin=0.6552740335464478 teacher_margin_term=0.0038497347850352526 teacher_updates=1 temp_adv=1.127999999999986 temp_nat=3.624999999999711 temperature_updates=1 total_loss=0.05882854387164116 views=2
2026-09-18 05:57:25.051 | INFO     | __main__:<module>:492 - METHOD_BATCH epoch=187 step=200 adv_kd=0.03215032070875168 awp_gamma=0.001 awp_relative_norm_max=0.0010000001639127731 clean_ce=0.18261657655239105 clean_ce_term=0.0076470691710710526 consistency_term=0.001722689368762076 consistency_weight=0.5 js_raw=0.03445378690958023 lr=0.08567149177721237 nat_kd=0.018880695104599 pcgrad_conflicts=0 push=0.041284456849098206 push_term=0.0020642229355871677 student_updates=1 teacher_ce=0.5257249772548676 teacher_lr=4.236131661191854e-05 teacher_margin=0.6686716675758362 teacher_margin_term=0.003928445745259523 teacher_updates=1 temp_adv=1.1299999999999857 temp_nat=3.622999999999711 temperature_updates=1 total_loss=0.06639344245195389 views=2
2026-09-18 05:59:21.274 | INFO     | __main__:<module>:492 - METHOD_BATCH epoch=187 step=300 adv_kd=0.03508834168314934 awp_gamma=0.001 awp_relative_norm_max=0.0010000000474974513 clean_ce=0.1482810527086258 clean_ce_term=0.006209269165992737 consistency_term=0.00199047545902431 consistency_weight=0.5 js_raw=0.03980951011180878 lr=0.08567149177721237 nat_kd=0.013207586482167244 pcgrad_conflicts=0 push=0.04058454930782318 push_term=0.0020292275585234165 student_updates=1 teacher_ce=0.5296792387962341 teacher_lr=4.236131661191854e-05 teacher_margin=0.7909191250801086 teacher_margin_term=0.004646649584174156 teacher_updates=1 temp_adv=1.1319999999999855 temp_nat=3.6209999999997113 temperature_updates=1 total_loss=0.06317155063152313 views=2
2026-09-18 06:01:05.990 | INFO     | __main__:<module>:870 - TRAIN_EPOCH_RESOURCE epoch=187 seconds=455.8348655514419 peak_allocated_bytes=8125391360
2026-09-18 06:01:05.990 | INFO     | __main__:<module>:477 - METHOD epoch=188 views=2 awp_gamma=0.001 consistency_weight=0.5
2026-09-18 06:01:05.990 | INFO     | __main__:<module>:480 - the 188th epoch 
2026-09-18 06:01:07.157 | INFO     | __main__:<module>:492 - METHOD_BATCH epoch=188 step=0 adv_kd=0.02041563391685486 awp_gamma=0.001 awp_relative_norm_max=0.0010000001639127731 clean_ce=0.1424930840730667 clean_ce_term=0.006055955775082111 consistency_term=0.00144546281080693 consistency_weight=0.5 js_raw=0.02890925481915474 lr=0.08492864421522149 nat_kd=0.009416336193680763 pcgrad_conflicts=0 push=0.035466697067022324 push_term=0.0017733349232003093 student_updates=1 teacher_ce=0.42314058542251587 teacher_lr=4.174076200178101e-05 teacher_margin=0.5611153841018677 teacher_margin_term=0.003366691991686821 teacher_updates=1 temp_adv=1.1309999999999856 temp_nat=3.6219999999997112 temperature_updates=1 total_loss=0.04247341677546501 views=2
2026-09-18 06:03:04.781 | INFO     | __main__:<module>:492 - METHOD_BATCH epoch=188 step=100 adv_kd=0.051243774592876434 awp_gamma=0.001 awp_relative_norm_max=0.0010000001639127731 clean_ce=0.11648762971162796 clean_ce_term=0.004950724542140961 consistency_term=0.00313434936106205 consistency_weight=0.5 js_raw=0.062686987221241 lr=0.08492864421522149 nat_kd=0.010960063897073269 pcgrad_conflicts=0 push=0.05078277736902237 push_term=0.002539138775318861 student_updates=1 teacher_ce=0.4384285807609558 teacher_lr=4.174076200178101e-05 teacher_margin=0.9536513090133667 teacher_margin_term=0.00572190759703517 teacher_updates=1 temp_adv=1.1329999999999854 temp_nat=3.6199999999997114 temperature_updates=1 total_loss=0.07854995876550674 views=2
2026-09-18 06:05:02.986 | INFO     | __main__:<module>:492 - METHOD_BATCH epoch=188 step=200 adv_kd=0.027456767857074738 awp_gamma=0.001 awp_relative_norm_max=0.0010000001639127731 clean_ce=0.15634149312973022 clean_ce_term=0.0066445134580135345 consistency_term=0.0015864372253417969 consistency_weight=0.5 js_raw=0.03172874450683594 lr=0.08492864421522149 nat_kd=0.012929651886224747 pcgrad_conflicts=0 push=0.04819638282060623 push_term=0.0024098192807286978 student_updates=1 teacher_ce=0.5139319896697998 teacher_lr=4.174076200178101e-05 teacher_margin=0.6894839406013489 teacher_margin_term=0.004136903677135706 teacher_updates=1 temp_adv=1.1309999999999856 temp_nat=3.6219999999997112 temperature_updates=1 total_loss=0.055164091289043427 views=2
2026-09-18 06:06:59.600 | INFO     | __main__:<module>:492 - METHOD_BATCH epoch=188 step=300 adv_kd=0.02907419763505459 awp_gamma=0.001 awp_relative_norm_max=0.0010000001639127731 clean_ce=0.14251847565174103 clean_ce_term=0.006057035177946091 consistency_term=0.0015391152119264007 consistency_weight=0.5 js_raw=0.0307823047041893 lr=0.08492864421522149 nat_kd=0.013442521914839745 pcgrad_conflicts=0 push=0.03631895035505295 push_term=0.0018159477040171623 student_updates=1 teacher_ce=0.45276544988155365 teacher_lr=4.174076200178101e-05 teacher_margin=0.7367675304412842 teacher_margin_term=0.0044206054881215096 teacher_updates=1 temp_adv=1.1329999999999854 temp_nat=3.6199999999997114 temperature_updates=1 total_loss=0.05634942278265953 views=2
2026-09-18 06:08:44.039 | INFO     | __main__:<module>:870 - TRAIN_EPOCH_RESOURCE epoch=188 seconds=458.04818795621395 peak_allocated_bytes=8125391360
2026-09-18 06:08:44.039 | INFO     | __main__:<module>:477 - METHOD epoch=189 views=2 awp_gamma=0.001 consistency_weight=0.5
2026-09-18 06:08:44.039 | INFO     | __main__:<module>:480 - the 189th epoch 
2026-09-18 06:08:45.237 | INFO     | __main__:<module>:492 - METHOD_BATCH epoch=189 step=0 adv_kd=0.02826160565018654 awp_gamma=0.001 awp_relative_norm_max=0.0010000001639127731 clean_ce=0.17769268155097961 clean_ce_term=0.007662997115403414 consistency_term=0.0015229681739583611 consistency_weight=0.5 js_raw=0.030459363013505936 lr=0.08417043684485821 nat_kd=0.01748286373913288 pcgrad_conflicts=0 push=0.035523220896720886 push_term=0.0017761609051376581 student_updates=1 teacher_ce=0.5670492947101593 teacher_lr=4.1121528909913616e-05 teacher_margin=0.7183241248130798 teacher_margin_term=0.004399735014885664 teacher_updates=1 temp_adv=1.1299999999999857 temp_nat=3.622999999999711 temperature_updates=1 total_loss=0.06110633164644241 views=2
2026-09-18 06:10:44.852 | INFO     | __main__:<module>:492 - METHOD_BATCH epoch=189 step=100 adv_kd=0.022494159638881683 awp_gamma=0.001 awp_relative_norm_max=0.0010000001639127731 clean_ce=0.15263256430625916 clean_ce_term=0.00658227875828743 consistency_term=0.0019899646285921335 consistency_weight=0.5 js_raw=0.039799291640520096 lr=0.08417043684485821 nat_kd=0.012423870153725147 pcgrad_conflicts=0 push=0.03176402300596237 push_term=0.0015882012667134404 student_updates=1 teacher_ce=0.5774271786212921 teacher_lr=4.1121528909913616e-05 teacher_margin=0.5748065710067749 teacher_margin_term=0.003520689904689789 teacher_updates=1 temp_adv=1.127999999999986 temp_nat=3.624999999999711 temperature_updates=1 total_loss=0.04859916493296623 views=2
2026-09-18 06:12:44.276 | INFO     | __main__:<module>:492 - METHOD_BATCH epoch=189 step=200 adv_kd=0.023378439247608185 awp_gamma=0.001 awp_relative_norm_max=0.0010000001639127731 clean_ce=0.16314128041267395 clean_ce_term=0.007035467773675919 consistency_term=0.0016024099895730615 consistency_weight=0.5 js_raw=0.03204819932579994 lr=0.08417043684485821 nat_kd=0.015122177079319954 pcgrad_conflicts=0 push=0.03938381373882294 push_term=0.0019691907800734043 student_updates=1 teacher_ce=0.49750201404094696 teacher_lr=4.1121528909913616e-05 teacher_margin=0.5835829973220825 teacher_margin_term=0.003574445378035307 teacher_updates=1 temp_adv=1.1339999999999852 temp_nat=3.6189999999997116 temperature_updates=1 total_loss=0.05268213152885437 views=2
2026-09-18 06:14:43.886 | INFO     | __main__:<module>:492 - METHOD_BATCH epoch=189 step=300 adv_kd=0.028630679473280907 awp_gamma=0.001 awp_relative_norm_max=0.0010000001639127731 clean_ce=0.17296704649925232 clean_ce_term=0.007459203712642193 consistency_term=0.0014530669432133436 consistency_weight=0.5 js_raw=0.029061337932944298 lr=0.08417043684485821 nat_kd=0.015009189024567604 pcgrad_conflicts=0 push=0.03169604390859604 push_term=0.0015848020557314157 student_updates=1 teacher_ce=0.5672471821308136 teacher_lr=4.1121528909913616e-05 teacher_margin=0.7023218274116516 teacher_margin_term=0.004301721230149269 teacher_updates=1 temp_adv=1.1339999999999852 temp_nat=3.6189999999997116 temperature_updates=1 total_loss=0.05843866243958473 views=2
2026-09-18 06:16:32.391 | INFO     | __main__:<module>:870 - TRAIN_EPOCH_RESOURCE epoch=189 seconds=468.3510048352182 peak_allocated_bytes=8125391360
2026-09-18 06:16:32.391 | INFO     | __main__:<module>:477 - METHOD epoch=190 views=2 awp_gamma=0.001 consistency_weight=0.5
2026-09-18 06:16:32.391 | INFO     | __main__:<module>:480 - the 190th epoch 
2026-09-18 06:16:33.599 | INFO     | __main__:<module>:492 - METHOD_BATCH epoch=190 step=0 adv_kd=0.02917327918112278 awp_gamma=0.001 awp_relative_norm_max=0.0010000001639127731 clean_ce=0.1693139523267746 clean_ce_term=0.007407485507428646 consistency_term=0.0013389794621616602 consistency_weight=0.5 js_raw=0.02677958831191063 lr=0.08339720454804611 nat_kd=0.013854064047336578 pcgrad_conflicts=0 push=0.04107753187417984 push_term=0.0020538766402751207 student_updates=1 teacher_ce=0.5253060162067413 teacher_lr=4.0503715244535096e-05 teacher_margin=0.7152650356292725 teacher_margin_term=0.004470407031476498 teacher_updates=1 temp_adv=1.1429999999999843 temp_nat=3.6099999999997125 temperature_updates=1 total_loss=0.05829809233546257 views=2
2026-09-18 06:18:33.932 | INFO     | __main__:<module>:492 - METHOD_BATCH epoch=190 step=100 adv_kd=0.030076203867793083 awp_gamma=0.001 awp_relative_norm_max=0.0010000001639127731 clean_ce=0.14591717720031738 clean_ce_term=0.006383876316249371 consistency_term=0.001977528678253293 consistency_weight=0.5 js_raw=0.039550572633743286 lr=0.08339720454804611 nat_kd=0.01638036221265793 pcgrad_conflicts=0 push=0.047037675976753235 push_term=0.0023518837988376617 student_updates=1 teacher_ce=0.5562504827976227 teacher_lr=4.0503715244535096e-05 teacher_margin=0.6727347373962402 teacher_margin_term=0.004204591736197472 teacher_updates=1 temp_adv=1.1329999999999854 temp_nat=3.6199999999997114 temperature_updates=1 total_loss=0.061374444514513016 views=2
2026-09-18 06:20:33.001 | INFO     | __main__:<module>:492 - METHOD_BATCH epoch=190 step=200 adv_kd=0.033979907631874084 awp_gamma=0.001 awp_relative_norm_max=0.0010000001639127731 clean_ce=0.15395724773406982 clean_ce_term=0.00673562940210104 consistency_term=0.0020707035437226295 consistency_weight=0.5 js_raw=0.04141407087445259 lr=0.08339720454804611 nat_kd=0.014639198780059814 pcgrad_conflicts=0 push=0.0458899550139904 push_term=0.002294497797265649 student_updates=1 teacher_ce=0.538746565580368 teacher_lr=4.0503715244535096e-05 teacher_margin=0.7970631718635559 teacher_margin_term=0.004981644917279482 teacher_updates=1 temp_adv=1.1389999999999847 temp_nat=3.613999999999712 temperature_updates=1 total_loss=0.06470157951116562 views=2
2026-09-18 06:22:29.329 | INFO     | __main__:<module>:492 - METHOD_BATCH epoch=190 step=300 adv_kd=0.029549669474363327 awp_gamma=0.001 awp_relative_norm_max=0.0010000001639127731 clean_ce=0.16102032363414764 clean_ce_term=0.007044639438390732 consistency_term=0.0011269490933045745 consistency_weight=0.5 js_raw=0.022538982331752777 lr=0.08339720454804611 nat_kd=0.012827251106500626 pcgrad_conflicts=0 push=0.03947847709059715 push_term=0.0019739237613976 student_updates=1 teacher_ce=0.4435228258371353 teacher_lr=4.0503715244535096e-05 teacher_margin=0.6953920722007751 teacher_margin_term=0.00434620026499033 teacher_updates=1 temp_adv=1.1309999999999856 temp_nat=3.6219999999997112 temperature_updates=1 total_loss=0.05686863139271736 views=2
2026-09-18 06:24:14.206 | INFO     | __main__:<module>:870 - TRAIN_EPOCH_RESOURCE epoch=190 seconds=461.81427459046245 peak_allocated_bytes=8125391360
2026-09-18 06:24:46.222 | INFO     | __main__:<module>:927 - student robust acc 0.5341, teacher robust acc 0.6826, nat teacher robust acc 0.5031
2026-09-18 06:24:53.105 | INFO     | __main__:<module>:998 - best accuracy:0.7093
2026-09-18 06:24:53.105 | INFO     | __main__:<module>:1001 - student natural acc 0.8845, adv teacher natural acc 0.8782, nat teacher natural acc 0.9318
2026-09-18 06:24:53.107 | INFO     | __main__:<module>:477 - METHOD epoch=191 views=2 awp_gamma=0.001 consistency_weight=0.5
2026-09-18 06:24:53.107 | INFO     | __main__:<module>:480 - the 191th epoch 
2026-09-18 06:24:54.329 | INFO     | __main__:<module>:492 - METHOD_BATCH epoch=191 step=0 adv_kd=0.024688400328159332 awp_gamma=0.001 awp_relative_norm_max=0.0010000001639127731 clean_ce=0.18222656846046448 clean_ce_term=0.008086304180324078 consistency_term=0.0013928143307566643 consistency_weight=0.5 js_raw=0.027856286615133286 lr=0.08260928882098305 nat_kd=0.016966799274086952 pcgrad_conflicts=0 push=0.04111930727958679 push_term=0.0020559653639793396 student_updates=1 teacher_ce=0.5996379256248474 teacher_lr=3.9887418676270756e-05 teacher_margin=0.6525978446006775 teacher_margin_term=0.004160311073064804 teacher_updates=1 temp_adv=1.1299999999999857 temp_nat=3.622999999999711 temperature_updates=1 total_loss=0.05735059455037117 views=2
2026-09-18 06:26:50.918 | INFO     | __main__:<module>:492 - METHOD_BATCH epoch=191 step=100 adv_kd=0.026799362152814865 awp_gamma=0.001 awp_relative_norm_max=0.0010000001639127731 clean_ce=0.16339927911758423 clean_ce_term=0.00725084263831377 consistency_term=0.0016635984648019075 consistency_weight=0.5 js_raw=0.033271968364715576 lr=0.08260928882098305 nat_kd=0.01335541345179081 pcgrad_conflicts=0 push=0.043352268636226654 push_term=0.0021676134783774614 student_updates=1 teacher_ce=0.5596992075443268 teacher_lr=3.9887418676270756e-05 teacher_margin=0.695140540599823 teacher_margin_term=0.004431520588696003 teacher_updates=1 temp_adv=1.1379999999999848 temp_nat=3.614999999999712 temperature_updates=1 total_loss=0.05566835030913353 views=2
2026-09-18 06:28:47.332 | INFO     | __main__:<module>:492 - METHOD_BATCH epoch=191 step=200 adv_kd=0.028263771906495094 awp_gamma=0.001 awp_relative_norm_max=0.0010000001639127731 clean_ce=0.1570850908756256 clean_ce_term=0.006970650516450405 consistency_term=0.0015758572844788432 consistency_weight=0.5 js_raw=0.031517144292593 lr=0.08260928882098305 nat_kd=0.01407022587954998 pcgrad_conflicts=0 push=0.04183463752269745 push_term=0.0020917318761348724 student_updates=1 teacher_ce=0.49826890230178833 teacher_lr=3.9887418676270756e-05 teacher_margin=0.6872043609619141 teacher_margin_term=0.004380927421152592 teacher_updates=1 temp_adv=1.1379999999999848 temp_nat=3.614999999999712 temperature_updates=1 total_loss=0.05735316500067711 views=2
2026-09-18 06:30:44.069 | INFO     | __main__:<module>:492 - METHOD_BATCH epoch=191 step=300 adv_kd=0.026178613305091858 awp_gamma=0.001 awp_relative_norm_max=0.0010000001639127731 clean_ce=0.15153583884239197 clean_ce_term=0.00672440230846405 consistency_term=0.0018641774076968431 consistency_weight=0.5 js_raw=0.03728354722261429 lr=0.08260928882098305 nat_kd=0.01227303221821785 pcgrad_conflicts=0 push=0.0316505953669548 push_term=0.0015825298614799976 student_updates=1 teacher_ce=0.4820496290922165 teacher_lr=3.9887418676270756e-05 teacher_margin=0.6348315477371216 teacher_margin_term=0.0040470510721206665 teacher_updates=1 temp_adv=1.1379999999999848 temp_nat=3.614999999999712 temperature_updates=1 total_loss=0.05266980454325676 views=2
2026-09-18 06:32:29.079 | INFO     | __main__:<module>:870 - TRAIN_EPOCH_RESOURCE epoch=191 seconds=455.97137397900224 peak_allocated_bytes=8127488512
2026-09-18 06:32:29.079 | INFO     | __main__:<module>:477 - METHOD epoch=192 views=2 awp_gamma=0.001 consistency_weight=0.5
2026-09-18 06:32:29.079 | INFO     | __main__:<module>:480 - the 192th epoch 
2026-09-18 06:32:30.242 | INFO     | __main__:<module>:492 - METHOD_BATCH epoch=192 step=0 adv_kd=0.026744525879621506 awp_gamma=0.001 awp_relative_norm_max=0.0010000001639127731 clean_ce=0.1543947458267212 clean_ce_term=0.006947763729840517 consistency_term=0.0017817048355937004 consistency_weight=0.5 js_raw=0.03563409671187401 lr=0.08180703762177413 nat_kd=0.013893197290599346 pcgrad_conflicts=0 push=0.034521665424108505 push_term=0.0017260833410546184 student_updates=1 teacher_ce=0.5655178427696228 teacher_lr=3.927273662253263e-05 teacher_margin=0.6160638332366943 teacher_margin_term=0.00400441512465477 teacher_updates=1 temp_adv=1.1309999999999856 temp_nat=3.6219999999997112 temperature_updates=1 total_loss=0.05509769171476364 views=2
2026-09-18 06:34:26.930 | INFO     | __main__:<module>:492 - METHOD_BATCH epoch=192 step=100 adv_kd=0.02142871543765068 awp_gamma=0.001 awp_relative_norm_max=0.0010000000474974513 clean_ce=0.14562664926052094 clean_ce_term=0.006553199607878923 consistency_term=0.001963663613423705 consistency_weight=0.5 js_raw=0.03927327319979668 lr=0.08180703762177413 nat_kd=0.009972261264920235 pcgrad_conflicts=0 push=0.04341283440589905 push_term=0.0021706416737288237 student_updates=1 teacher_ce=0.5106478482484818 teacher_lr=3.927273662253263e-05 teacher_margin=0.5382959842681885 teacher_margin_term=0.0034989239647984505 teacher_updates=1 temp_adv=1.1289999999999858 temp_nat=3.623999999999711 temperature_updates=1 total_loss=0.04558740556240082 views=2
2026-09-18 06:36:23.498 | INFO     | __main__:<module>:492 - METHOD_BATCH epoch=192 step=200 adv_kd=0.025092769414186478 awp_gamma=0.001 awp_relative_norm_max=0.0010000001639127731 clean_ce=0.13907520473003387 clean_ce_term=0.006258384324610233 consistency_term=0.0019932908471673727 consistency_weight=0.5 js_raw=0.03986581787467003 lr=0.08180703762177413 nat_kd=0.011960482224822044 pcgrad_conflicts=0 push=0.04112279415130615 push_term=0.0020561397541314363 student_updates=1 teacher_ce=0.5351364314556122 teacher_lr=3.927273662253263e-05 teacher_margin=0.5699365139007568 teacher_margin_term=0.0037045872304588556 teacher_updates=1 temp_adv=1.136999999999985 temp_nat=3.615999999999712 temperature_updates=1 total_loss=0.051065653562545776 views=2
2026-09-18 06:38:20.210 | INFO     | __main__:<module>:492 - METHOD_BATCH epoch=192 step=300 adv_kd=0.026329373940825462 awp_gamma=0.001 awp_relative_norm_max=0.0010000001639127731 clean_ce=0.13615122437477112 clean_ce_term=0.006126805674284697 consistency_term=0.0016441807383671403 consistency_weight=0.5 js_raw=0.03288361430168152 lr=0.08180703762177413 nat_kd=0.011202654801309109 pcgrad_conflicts=0 push=0.030084827914834023 push_term=0.0015042414888739586 student_updates=1 teacher_ce=0.5275959968566895 teacher_lr=3.927273662253263e-05 teacher_margin=0.6339606642723083 teacher_margin_term=0.00412074476480484 teacher_updates=1 temp_adv=1.144999999999984 temp_nat=3.6079999999997128 temperature_updates=1 total_loss=0.05092800036072731 views=2
2026-09-18 06:40:04.911 | INFO     | __main__:<module>:870 - TRAIN_EPOCH_RESOURCE epoch=192 seconds=455.8310914635658 peak_allocated_bytes=8127488512
2026-09-18 06:40:04.911 | INFO     | __main__:<module>:477 - METHOD epoch=193 views=2 awp_gamma=0.001 consistency_weight=0.5
2026-09-18 06:40:04.911 | INFO     | __main__:<module>:480 - the 193th epoch 
2026-09-18 06:40:06.102 | INFO     | __main__:<module>:492 - METHOD_BATCH epoch=193 step=0 adv_kd=0.02349800057709217 awp_gamma=0.001 awp_relative_norm_max=0.0010000001639127731 clean_ce=0.14176204800605774 clean_ce_term=0.006467893254011869 consistency_term=0.001216673874296248 consistency_weight=0.5 js_raw=0.024333477020263672 lr=0.0809908052151894 nat_kd=0.01184120960533619 pcgrad_conflicts=0 push=0.0370364710688591 push_term=0.0018518236465752125 student_updates=1 teacher_ce=0.4530162364244461 teacher_lr=3.865976623194185e-05 teacher_margin=0.5699962973594666 teacher_margin_term=0.003776225261390209 teacher_updates=1 temp_adv=1.1319999999999855 temp_nat=3.6209999999997113 temperature_updates=1 total_loss=0.04865182191133499 views=2
2026-09-18 06:42:05.475 | INFO     | __main__:<module>:492 - METHOD_BATCH epoch=193 step=100 adv_kd=0.026778604835271835 awp_gamma=0.001 awp_relative_norm_max=0.0010000001639127731 clean_ce=0.14861389994621277 clean_ce_term=0.0067805093713104725 consistency_term=0.0015432374784722924 consistency_weight=0.5 js_raw=0.03086474910378456 lr=0.0809908052151894 nat_kd=0.013848889619112015 pcgrad_conflicts=0 push=0.04928039386868477 push_term=0.0024640196934342384 student_updates=1 teacher_ce=0.5668931007385254 teacher_lr=3.865976623194185e-05 teacher_margin=0.6488417983055115 teacher_margin_term=0.004298577085137367 teacher_updates=1 temp_adv=1.1399999999999846 temp_nat=3.612999999999712 temperature_updates=1 total_loss=0.05571383982896805 views=2
2026-09-18 06:44:05.077 | INFO     | __main__:<module>:492 - METHOD_BATCH epoch=193 step=200 adv_kd=0.027404624968767166 awp_gamma=0.001 awp_relative_norm_max=0.0010000001639127731 clean_ce=0.15270119905471802 clean_ce_term=0.0069669922813773155 consistency_term=0.0021156836301088333 consistency_weight=0.5 js_raw=0.042313672602176666 lr=0.0809908052151894 nat_kd=0.013749392703175545 pcgrad_conflicts=0 push=0.043490082025527954 push_term=0.0021745041012763977 student_updates=1 teacher_ce=0.5098388493061066 teacher_lr=3.865976623194185e-05 teacher_margin=0.690966010093689 teacher_margin_term=0.004577649757266045 teacher_updates=1 temp_adv=1.1319999999999855 temp_nat=3.6209999999997113 temperature_updates=1 total_loss=0.056988850235939026 views=2
2026-09-18 06:46:04.082 | INFO     | __main__:<module>:492 - METHOD_BATCH epoch=193 step=300 adv_kd=0.03166603669524193 awp_gamma=0.001 awp_relative_norm_max=0.0010000001639127731 clean_ce=0.15752246975898743 clean_ce_term=0.007186963222920895 consistency_term=0.00198331568390131 consistency_weight=0.5 js_raw=0.0396663136780262 lr=0.0809908052151894 nat_kd=0.012613832950592041 pcgrad_conflicts=0 push=0.04273233562707901 push_term=0.0021366167347878218 student_updates=1 teacher_ce=0.46319568157196045 teacher_lr=3.865976623194185e-05 teacher_margin=0.7173098921775818 teacher_margin_term=0.004752177745103836 teacher_updates=1 temp_adv=1.1339999999999852 temp_nat=3.6189999999997116 temperature_updates=1 total_loss=0.06033894419670105 views=2
2026-09-18 06:47:51.012 | INFO     | __main__:<module>:870 - TRAIN_EPOCH_RESOURCE epoch=193 seconds=466.09998562559485 peak_allocated_bytes=8127488512
2026-09-18 06:47:51.012 | INFO     | __main__:<module>:477 - METHOD epoch=194 views=2 awp_gamma=0.001 consistency_weight=0.5
2026-09-18 06:47:51.012 | INFO     | __main__:<module>:480 - the 194th epoch 
2026-09-18 06:47:52.197 | INFO     | __main__:<module>:492 - METHOD_BATCH epoch=194 step=0 adv_kd=0.03133327513933182 awp_gamma=0.001 awp_relative_norm_max=0.0010000001639127731 clean_ce=0.14340448379516602 clean_ce_term=0.006632457487285137 consistency_term=0.0017115575028583407 consistency_weight=0.5 js_raw=0.03423114866018295 lr=0.0801609520146163 nat_kd=0.01107440609484911 pcgrad_conflicts=0 push=0.0544930025935173 push_term=0.0027246500831097364 student_updates=1 teacher_ce=0.5146254599094391 teacher_lr=3.804860436879556e-05 teacher_margin=0.7332594394683838 teacher_margin_term=0.004949501249939203 teacher_updates=1 temp_adv=1.1329999999999854 temp_nat=3.6199999999997114 temperature_updates=1 total_loss=0.05842585116624832 views=2
2026-09-18 06:49:51.967 | INFO     | __main__:<module>:492 - METHOD_BATCH epoch=194 step=100 adv_kd=0.020223073661327362 awp_gamma=0.001 awp_relative_norm_max=0.0010000001639127731 clean_ce=0.14153115451335907 clean_ce_term=0.006545816082507372 consistency_term=0.0014020493254065514 consistency_weight=0.5 js_raw=0.028040986508131027 lr=0.0801609520146163 nat_kd=0.011292807757854462 pcgrad_conflicts=0 push=0.03774655610322952 push_term=0.0018873277585953474 student_updates=1 teacher_ce=0.5422711372375488 teacher_lr=3.804860436879556e-05 teacher_margin=0.47979819774627686 teacher_margin_term=0.0032386379316449165 teacher_updates=1 temp_adv=1.1349999999999851 temp_nat=3.6179999999997117 temperature_updates=1 total_loss=0.04458971321582794 views=2
2026-09-18 06:51:50.588 | INFO     | __main__:<module>:492 - METHOD_BATCH epoch=194 step=200 adv_kd=0.026240631937980652 awp_gamma=0.001 awp_relative_norm_max=0.0010000001639127731 clean_ce=0.15321674942970276 clean_ce_term=0.007086275145411491 consistency_term=0.0019059915794059634 consistency_weight=0.5 js_raw=0.038119830191135406 lr=0.0801609520146163 nat_kd=0.012175701558589935 pcgrad_conflicts=0 push=0.03489585965871811 push_term=0.0017447930295020342 student_updates=1 teacher_ce=0.5063076913356781 teacher_lr=3.804860436879556e-05 teacher_margin=0.6197697520256042 teacher_margin_term=0.004183446057140827 teacher_updates=1 temp_adv=1.1349999999999851 temp_nat=3.6179999999997117 temperature_updates=1 total_loss=0.053336843848228455 views=2
2026-09-18 06:53:50.320 | INFO     | __main__:<module>:492 - METHOD_BATCH epoch=194 step=300 adv_kd=0.03798894211649895 awp_gamma=0.001 awp_relative_norm_max=0.0010000001639127731 clean_ce=0.14545848965644836 clean_ce_term=0.00672745518386364 consistency_term=0.001381440320983529 consistency_weight=0.5 js_raw=0.027628805488348007 lr=0.0801609520146163 nat_kd=0.011694347485899925 pcgrad_conflicts=0 push=0.04087669402360916 push_term=0.0020438346546143293 student_updates=1 teacher_ce=0.4052925854921341 teacher_lr=3.804860436879556e-05 teacher_margin=0.92674720287323 teacher_margin_term=0.006255543790757656 teacher_updates=1 temp_adv=1.1349999999999851 temp_nat=3.6179999999997117 temperature_updates=1 total_loss=0.06609156727790833 views=2
2026-09-18 06:55:37.029 | INFO     | __main__:<module>:870 - TRAIN_EPOCH_RESOURCE epoch=194 seconds=466.016405120492 peak_allocated_bytes=8127488512
2026-09-18 06:55:37.029 | INFO     | __main__:<module>:477 - METHOD epoch=195 views=2 awp_gamma=0.001 consistency_weight=0.5
2026-09-18 06:55:37.029 | INFO     | __main__:<module>:480 - the 195th epoch 
2026-09-18 06:55:38.254 | INFO     | __main__:<module>:492 - METHOD_BATCH epoch=195 step=0 adv_kd=0.02410365454852581 awp_gamma=0.001 awp_relative_norm_max=0.0010000001639127731 clean_ce=0.14805617928504944 clean_ce_term=0.006940132938325405 consistency_term=0.0014678558800369501 consistency_weight=0.5 js_raw=0.029357116669416428 lr=0.07931784442127823 nat_kd=0.010925292037427425 pcgrad_conflicts=0 push=0.04933680221438408 push_term=0.0024668402038514614 student_updates=1 teacher_ce=0.4454115778207779 teacher_lr=3.7439347597580925e-05 teacher_margin=0.6292757987976074 teacher_margin_term=0.004326270893216133 teacher_updates=1 temp_adv=1.1399999999999846 temp_nat=3.612999999999712 temperature_updates=1 total_loss=0.05023004859685898 views=2
2026-09-18 06:57:38.180 | INFO     | __main__:<module>:492 - METHOD_BATCH epoch=195 step=100 adv_kd=0.023053918033838272 awp_gamma=0.001 awp_relative_norm_max=0.0010000001639127731 clean_ce=0.14485099911689758 clean_ce_term=0.006789890117943287 consistency_term=0.0011750918347388506 consistency_weight=0.5 js_raw=0.023501835763454437 lr=0.07931784442127823 nat_kd=0.011089703068137169 pcgrad_conflicts=0 push=0.04199706017971039 push_term=0.0020998530089855194 student_updates=1 teacher_ce=0.574070006608963 teacher_lr=3.7439347597580925e-05 teacher_margin=0.5702618360519409 teacher_margin_term=0.003920549992471933 teacher_updates=1 temp_adv=1.1339999999999852 temp_nat=3.6189999999997116 temperature_updates=1 total_loss=0.04812900722026825 views=2
2026-09-18 06:59:38.221 | INFO     | __main__:<module>:492 - METHOD_BATCH epoch=195 step=200 adv_kd=0.022667180746793747 awp_gamma=0.001 awp_relative_norm_max=0.0010000001639127731 clean_ce=0.14749962091445923 clean_ce_term=0.006914044264703989 consistency_term=0.0012684928951784968 consistency_weight=0.5 js_raw=0.025369856506586075 lr=0.07931784442127823 nat_kd=0.010338805615901947 pcgrad_conflicts=0 push=0.0458468459546566 push_term=0.002292342483997345 student_updates=1 teacher_ce=0.44023866951465607 teacher_lr=3.7439347597580925e-05 teacher_margin=0.6148108243942261 teacher_margin_term=0.004226824268698692 teacher_updates=1 temp_adv=1.1299999999999857 temp_nat=3.622999999999711 temperature_updates=1 total_loss=0.0477076880633831 views=2
2026-09-18 07:01:38.332 | INFO     | __main__:<module>:492 - METHOD_BATCH epoch=195 step=300 adv_kd=0.0232705045491457 awp_gamma=0.001 awp_relative_norm_max=0.0010000001639127731 clean_ce=0.15629273653030396 clean_ce_term=0.007326222490519285 consistency_term=0.0012622157810255885 consistency_weight=0.5 js_raw=0.02524431422352791 lr=0.07931784442127823 nat_kd=0.012512551620602608 pcgrad_conflicts=0 push=0.03430618345737457 push_term=0.0017153091030195355 student_updates=1 teacher_ce=0.5472812950611115 teacher_lr=3.7439347597580925e-05 teacher_margin=0.609877347946167 teacher_margin_term=0.004192906431853771 teacher_updates=1 temp_adv=1.1319999999999855 temp_nat=3.6209999999997113 temperature_updates=1 total_loss=0.050279710441827774 views=2
2026-09-18 07:03:25.941 | INFO     | __main__:<module>:870 - TRAIN_EPOCH_RESOURCE epoch=195 seconds=468.91102930903435 peak_allocated_bytes=8127488512
2026-09-18 07:03:25.941 | INFO     | __main__:<module>:477 - METHOD epoch=196 views=2 awp_gamma=0.001 consistency_weight=0.5
2026-09-18 07:03:25.941 | INFO     | __main__:<module>:480 - the 196th epoch 
2026-09-18 07:03:27.133 | INFO     | __main__:<module>:492 - METHOD_BATCH epoch=196 step=0 adv_kd=0.023328762501478195 awp_gamma=0.001 awp_relative_norm_max=0.0010000001639127731 clean_ce=0.1522703915834427 clean_ce_term=0.0072328438982367516 consistency_term=0.0009378180839121342 consistency_weight=0.5 js_raw=0.018756361678242683 lr=0.0784618546607908 nat_kd=0.014144949615001678 pcgrad_conflicts=0 push=0.03702562302350998 push_term=0.0018512810347601771 student_updates=1 teacher_ce=0.6092769503593445 teacher_lr=3.683209216753878e-05 teacher_margin=0.5576415061950684 teacher_margin_term=0.0039034904912114143 teacher_updates=1 temp_adv=1.1389999999999847 temp_nat=3.613999999999712 temperature_updates=1 total_loss=0.051399149000644684 views=2
2026-09-18 07:05:26.728 | INFO     | __main__:<module>:492 - METHOD_BATCH epoch=196 step=100 adv_kd=0.024959247559309006 awp_gamma=0.001 awp_relative_norm_max=0.0010000001639127731 clean_ce=0.13832305371761322 clean_ce_term=0.006570344790816307 consistency_term=0.0011278580641373992 consistency_weight=0.5 js_raw=0.022557159885764122 lr=0.0784618546607908 nat_kd=0.01172633096575737 pcgrad_conflicts=0 push=0.04446806758642197 push_term=0.002223403425887227 student_updates=1 teacher_ce=0.5127518475055695 teacher_lr=3.683209216753878e-05 teacher_margin=0.5728111267089844 teacher_margin_term=0.004009678028523922 teacher_updates=1 temp_adv=1.1309999999999856 temp_nat=3.6219999999997112 temperature_updates=1 total_loss=0.05061686411499977 views=2
2026-09-18 07:07:26.482 | INFO     | __main__:<module>:492 - METHOD_BATCH epoch=196 step=200 adv_kd=0.026140857487916946 awp_gamma=0.001 awp_relative_norm_max=0.0010000001639127731 clean_ce=0.13918618857860565 clean_ce_term=0.006611343938857317 consistency_term=0.0016592327738180757 consistency_weight=0.5 js_raw=0.033184655010700226 lr=0.0784618546607908 nat_kd=0.01236947812139988 pcgrad_conflicts=0 push=0.026798231527209282 push_term=0.0013399115996435285 student_updates=1 teacher_ce=0.526860773563385 teacher_lr=3.683209216753878e-05 teacher_margin=0.6178396940231323 teacher_margin_term=0.004324877634644508 teacher_updates=1 temp_adv=1.1329999999999854 temp_nat=3.6199999999997114 temperature_updates=1 total_loss=0.052445702254772186 views=2
2026-09-18 07:09:26.016 | INFO     | __main__:<module>:492 - METHOD_BATCH epoch=196 step=300 adv_kd=0.02927330508828163 awp_gamma=0.001 awp_relative_norm_max=0.0010000001639127731 clean_ce=0.14672021567821503 clean_ce_term=0.006969210226088762 consistency_term=0.0020182093139737844 consistency_weight=0.5 js_raw=0.040364183485507965 lr=0.0784618546607908 nat_kd=0.009931064210832119 pcgrad_conflicts=0 push=0.028112471103668213 push_term=0.0014056236250326037 student_updates=1 teacher_ce=0.41710264980793 teacher_lr=3.683209216753878e-05 teacher_margin=0.7264193296432495 teacher_margin_term=0.005084935575723648 teacher_updates=1 temp_adv=1.136999999999985 temp_nat=3.615999999999712 temperature_updates=1 total_loss=0.05468234792351723 views=2
2026-09-18 07:11:13.758 | INFO     | __main__:<module>:870 - TRAIN_EPOCH_RESOURCE epoch=196 seconds=467.8106642179191 peak_allocated_bytes=8127488512
2026-09-18 07:11:13.764 | INFO     | __main__:<module>:477 - METHOD epoch=197 views=2 awp_gamma=0.001 consistency_weight=0.5
2026-09-18 07:11:13.764 | INFO     | __main__:<module>:480 - the 197th epoch 
2026-09-18 07:11:14.974 | INFO     | __main__:<module>:492 - METHOD_BATCH epoch=197 step=0 adv_kd=0.027205463498830795 awp_gamma=0.001 awp_relative_norm_max=0.0010000001639127731 clean_ce=0.15605896711349487 clean_ce_term=0.007510337978601456 consistency_term=0.0022354035172611475 consistency_weight=0.5 js_raw=0.044708069413900375 lr=0.07759336061712988 nat_kd=0.011864274740219116 pcgrad_conflicts=0 push=0.03537390008568764 push_term=0.0017686949577182531 student_updates=1 teacher_ce=0.5377055108547211 teacher_lr=3.6226933997279435e-05 teacher_margin=0.6230056881904602 teacher_margin_term=0.00443891528993845 teacher_updates=1 temp_adv=1.135999999999985 temp_nat=3.616999999999712 temperature_updates=1 total_loss=0.05502309277653694 views=2
2026-09-18 07:13:15.117 | INFO     | __main__:<module>:492 - METHOD_BATCH epoch=197 step=100 adv_kd=0.026754019781947136 awp_gamma=0.001 awp_relative_norm_max=0.0010000001639127731 clean_ce=0.14728984236717224 clean_ce_term=0.0070883240550756454 consistency_term=0.0016170808812603354 consistency_weight=0.5 js_raw=0.032341618090867996 lr=0.07759336061712988 nat_kd=0.013969091698527336 pcgrad_conflicts=0 push=0.038297876715660095 push_term=0.0019148937426507473 student_updates=1 teacher_ce=0.6039860844612122 teacher_lr=3.6226933997279435e-05 teacher_margin=0.5873831510543823 teacher_margin_term=0.004185104742646217 teacher_updates=1 temp_adv=1.1299999999999857 temp_nat=3.622999999999711 temperature_updates=1 total_loss=0.05552851781249046 views=2
2026-09-18 07:15:15.371 | INFO     | __main__:<module>:492 - METHOD_BATCH epoch=197 step=200 adv_kd=0.02362963557243347 awp_gamma=0.001 awp_relative_norm_max=0.0010000001639127731 clean_ce=0.1284487247467041 clean_ce_term=0.0061815944500267506 consistency_term=0.001900057541206479 consistency_weight=0.5 js_raw=0.03800114989280701 lr=0.07759336061712988 nat_kd=0.010342239402234554 pcgrad_conflicts=0 push=0.04007433354854584 push_term=0.0020037167705595493 student_updates=1 teacher_ce=0.4125901311635971 teacher_lr=3.6226933997279435e-05 teacher_margin=0.6359305381774902 teacher_margin_term=0.004531004466116428 teacher_updates=1 temp_adv=1.1299999999999857 temp_nat=3.622999999999711 temperature_updates=1 total_loss=0.04858824983239174 views=2
2026-09-18 07:17:14.750 | INFO     | __main__:<module>:492 - METHOD_BATCH epoch=197 step=300 adv_kd=0.02559775859117508 awp_gamma=0.001 awp_relative_norm_max=0.0010000001639127731 clean_ce=0.1817907989025116 clean_ce_term=0.008748681284487247 consistency_term=0.001445830799639225 consistency_weight=0.5 js_raw=0.0289166159927845 lr=0.07759336061712988 nat_kd=0.016794642433524132 pcgrad_conflicts=0 push=0.03484130650758743 push_term=0.0017420651856809855 student_updates=1 teacher_ce=0.5523833632469177 teacher_lr=3.6226933997279435e-05 teacher_margin=0.6305122375488281 teacher_margin_term=0.004492399748414755 teacher_updates=1 temp_adv=1.1339999999999852 temp_nat=3.6189999999997116 temperature_updates=1 total_loss=0.05882138013839722 views=2
2026-09-18 07:19:00.439 | INFO     | __main__:<module>:870 - TRAIN_EPOCH_RESOURCE epoch=197 seconds=466.6742781624198 peak_allocated_bytes=8127488512
2026-09-18 07:19:00.439 | INFO     | __main__:<module>:477 - METHOD epoch=198 views=2 awp_gamma=0.001 consistency_weight=0.5
2026-09-18 07:19:00.439 | INFO     | __main__:<module>:480 - the 198th epoch 
2026-09-18 07:19:01.637 | INFO     | __main__:<module>:492 - METHOD_BATCH epoch=198 step=0 adv_kd=0.024287544190883636 awp_gamma=0.001 awp_relative_norm_max=0.0010000001639127731 clean_ce=0.15001815557479858 clean_ce_term=0.0073133851401507854 consistency_term=0.0012624561786651611 consistency_weight=0.5 js_raw=0.025249123573303223 lr=0.07671274566408602 nat_kd=0.011344525963068008 pcgrad_conflicts=0 push=0.03886424005031586 push_term=0.0019432120025157928 student_updates=1 teacher_ce=0.46097756922245026 teacher_lr=3.5623968659452956e-05 teacher_margin=0.6325679421424866 teacher_margin_term=0.0045861173421144485 teacher_updates=1 temp_adv=1.1349999999999851 temp_nat=3.6179999999997117 temperature_updates=1 total_loss=0.05073723942041397 views=2
2026-09-18 07:21:00.968 | INFO     | __main__:<module>:492 - METHOD_BATCH epoch=198 step=100 adv_kd=0.021393323317170143 awp_gamma=0.001 awp_relative_norm_max=0.0010000001639127731 clean_ce=0.1612069308757782 clean_ce_term=0.007858837023377419 consistency_term=0.0019049395341426134 consistency_weight=0.5 js_raw=0.038098789751529694 lr=0.07671274566408602 nat_kd=0.013467281125485897 pcgrad_conflicts=0 push=0.03232935816049576 push_term=0.0016164678381755948 student_updates=1 teacher_ce=0.4803735464811325 teacher_lr=3.5623968659452956e-05 teacher_margin=0.5091868042945862 teacher_margin_term=0.003691604360938072 teacher_updates=1 temp_adv=1.1349999999999851 temp_nat=3.6179999999997117 temperature_updates=1 total_loss=0.04993245378136635 views=2
2026-09-18 07:22:57.545 | INFO     | __main__:<module>:492 - METHOD_BATCH epoch=198 step=200 adv_kd=0.022022392600774765 awp_gamma=0.001 awp_relative_norm_max=0.0010000001639127731 clean_ce=0.13421159982681274 clean_ce_term=0.0065428148955106735 consistency_term=0.0015687126433476806 consistency_weight=0.5 js_raw=0.0313742533326149 lr=0.07671274566408602 nat_kd=0.013471303507685661 pcgrad_conflicts=0 push=0.030075713992118835 push_term=0.0015037857228890061 student_updates=1 teacher_ce=0.6768314838409424 teacher_lr=3.5623968659452956e-05 teacher_margin=0.5496258735656738 teacher_margin_term=0.003984787501394749 teacher_updates=1 temp_adv=1.1389999999999847 temp_nat=3.613999999999712 temperature_updates=1 total_loss=0.04909379780292511 views=2
2026-09-18 07:24:53.629 | INFO     | __main__:<module>:492 - METHOD_BATCH epoch=198 step=300 adv_kd=0.02785005234181881 awp_gamma=0.001 awp_relative_norm_max=0.0010000001639127731 clean_ce=0.15814480185508728 clean_ce_term=0.007709559053182602 consistency_term=0.00203312817029655 consistency_weight=0.5 js_raw=0.04066256061196327 lr=0.07671274566408602 nat_kd=0.012585248798131943 pcgrad_conflicts=0 push=0.04679302126169205 push_term=0.002339651109650731 student_updates=1 teacher_ce=0.4870261549949646 teacher_lr=3.5623968659452956e-05 teacher_margin=0.6857317686080933 teacher_margin_term=0.004971555434167385 teacher_updates=1 temp_adv=1.1389999999999847 temp_nat=3.613999999999712 temperature_updates=1 total_loss=0.057489193975925446 views=2
2026-09-18 07:26:37.899 | INFO     | __main__:<module>:870 - TRAIN_EPOCH_RESOURCE epoch=198 seconds=457.45943608134985 peak_allocated_bytes=8127488512
2026-09-18 07:26:37.900 | INFO     | __main__:<module>:477 - METHOD epoch=199 views=2 awp_gamma=0.001 consistency_weight=0.5
2026-09-18 07:26:37.900 | INFO     | __main__:<module>:480 - the 199th epoch 
2026-09-18 07:26:39.059 | INFO     | __main__:<module>:492 - METHOD_BATCH epoch=199 step=0 adv_kd=0.028304334729909897 awp_gamma=0.001 awp_relative_norm_max=0.0010000001639127731 clean_ce=0.1473032683134079 clean_ce_term=0.007273098919540644 consistency_term=0.0017272448167204857 consistency_weight=0.5 js_raw=0.034544896334409714 lr=0.07582039849428059 nat_kd=0.012223636731505394 pcgrad_conflicts=0 push=0.04175779968500137 push_term=0.0020878901705145836 student_updates=1 teacher_ce=0.5607921183109283 teacher_lr=3.502329136547651e-05 teacher_margin=0.6411981582641602 teacher_margin_term=0.004728836473077536 teacher_updates=1 temp_adv=1.1319999999999855 temp_nat=3.6209999999997113 temperature_updates=1 total_loss=0.05634503811597824 views=2
2026-09-18 07:28:35.186 | INFO     | __main__:<module>:492 - METHOD_BATCH epoch=199 step=100 adv_kd=0.02520137093961239 awp_gamma=0.001 awp_relative_norm_max=0.0010000001639127731 clean_ce=0.1580294668674469 clean_ce_term=0.007802705280482769 consistency_term=0.0017238851869478822 consistency_weight=0.5 js_raw=0.034477703273296356 lr=0.07582039849428059 nat_kd=0.01394027192145586 pcgrad_conflicts=0 push=0.04064449295401573 push_term=0.0020322247873991728 student_updates=1 teacher_ce=0.5586145222187042 teacher_lr=3.502329136547651e-05 teacher_margin=0.6002458333969116 teacher_margin_term=0.004426812753081322 teacher_updates=1 temp_adv=1.135999999999985 temp_nat=3.616999999999712 temperature_updates=1 total_loss=0.05512727051973343 views=2
2026-09-18 07:30:32.425 | INFO     | __main__:<module>:492 - METHOD_BATCH epoch=199 step=200 adv_kd=0.023690398782491684 awp_gamma=0.001 awp_relative_norm_max=0.0010000001639127731 clean_ce=0.14136609435081482 clean_ce_term=0.00697995163500309 consistency_term=0.0017360551282763481 consistency_weight=0.5 js_raw=0.03472110256552696 lr=0.07582039849428059 nat_kd=0.010050315409898758 pcgrad_conflicts=0 push=0.034886159002780914 push_term=0.0017443079268559813 student_updates=1 teacher_ce=0.47515204548835754 teacher_lr=3.502329136547651e-05 teacher_margin=0.6123795509338379 teacher_margin_term=0.004516299813985825 teacher_updates=1 temp_adv=1.1339999999999852 temp_nat=3.6189999999997116 temperature_updates=1 total_loss=0.048717327415943146 views=2
2026-09-18 07:32:29.233 | INFO     | __main__:<module>:492 - METHOD_BATCH epoch=199 step=300 adv_kd=0.02624277025461197 awp_gamma=0.001 awp_relative_norm_max=0.0010000001639127731 clean_ce=0.15067501366138458 clean_ce_term=0.0074395788833498955 consistency_term=0.0023868237622082233 consistency_weight=0.5 js_raw=0.04773647338151932 lr=0.07582039849428059 nat_kd=0.013926171697676182 pcgrad_conflicts=0 push=0.04412105679512024 push_term=0.0022060528863221407 student_updates=1 teacher_ce=0.583101749420166 teacher_lr=3.502329136547651e-05 teacher_margin=0.6021603345870972 teacher_margin_term=0.004440932534635067 teacher_updates=1 temp_adv=1.1339999999999852 temp_nat=3.6189999999997116 temperature_updates=1 total_loss=0.056642331182956696 views=2
2026-09-18 07:34:13.974 | INFO     | __main__:<module>:870 - TRAIN_EPOCH_RESOURCE epoch=199 seconds=456.07430708408356 peak_allocated_bytes=8127488512
2026-09-18 07:34:13.975 | INFO     | __main__:<module>:477 - METHOD epoch=200 views=2 awp_gamma=0.001 consistency_weight=0.5
2026-09-18 07:34:13.975 | INFO     | __main__:<module>:480 - the 200th epoch 
2026-09-18 07:34:15.138 | INFO     | __main__:<module>:492 - METHOD_BATCH epoch=200 step=0 adv_kd=0.02416323497891426 awp_gamma=0.001 awp_relative_norm_max=0.0010000001639127731 clean_ce=0.14105559885501862 clean_ce_term=0.007052780129015446 consistency_term=0.0017890738090500236 consistency_weight=0.5 js_raw=0.03578147664666176 lr=0.07491671294582096 nat_kd=0.011383780278265476 pcgrad_conflicts=0 push=0.043733540922403336 push_term=0.0021866769529879093 student_updates=1 teacher_ce=0.5286693871021271 teacher_lr=3.4424996950321364e-05 teacher_margin=0.5977422595024109 teacher_margin_term=0.004483066499233246 teacher_updates=1 temp_adv=1.1309999999999856 temp_nat=3.6219999999997112 temperature_updates=1 total_loss=0.05105861648917198 views=2
2026-09-18 07:36:11.468 | INFO     | __main__:<module>:492 - METHOD_BATCH epoch=200 step=100 adv_kd=0.026875434443354607 awp_gamma=0.001 awp_relative_norm_max=0.0010000001639127731 clean_ce=0.14220663905143738 clean_ce_term=0.0071103316731750965 consistency_term=0.002023633336648345 consistency_weight=0.5 js_raw=0.040472667664289474 lr=0.07491671294582096 nat_kd=0.01249297708272934 pcgrad_conflicts=0 push=0.04341302067041397 push_term=0.00217065098695457 student_updates=1 teacher_ce=0.5661719739437103 teacher_lr=3.4424996950321364e-05 teacher_margin=0.66512131690979 teacher_margin_term=0.004988409578800201 teacher_updates=1 temp_adv=1.1389999999999847 temp_nat=3.613999999999712 temperature_updates=1 total_loss=0.055661436170339584 views=2
2026-09-18 07:38:08.057 | INFO     | __main__:<module>:492 - METHOD_BATCH epoch=200 step=200 adv_kd=0.03041982278227806 awp_gamma=0.001 awp_relative_norm_max=0.0010000001639127731 clean_ce=0.19411957263946533 clean_ce_term=0.009705978445708752 consistency_term=0.0018225733656436205 consistency_weight=0.5 js_raw=0.036451466381549835 lr=0.07491671294582096 nat_kd=0.024545926600694656 pcgrad_conflicts=0 push=0.038626424968242645 push_term=0.001931321225129068 student_updates=1 teacher_ce=0.536668986082077 teacher_lr=3.4424996950321364e-05 teacher_margin=0.720618486404419 teacher_margin_term=0.0054046381264925 teacher_updates=1 temp_adv=1.1409999999999845 temp_nat=3.6119999999997123 temperature_updates=1 total_loss=0.0738302618265152 views=2
2026-09-18 07:40:04.465 | INFO     | __main__:<module>:492 - METHOD_BATCH epoch=200 step=300 adv_kd=0.02178911119699478 awp_gamma=0.001 awp_relative_norm_max=0.0010000001639127731 clean_ce=0.14688271284103394 clean_ce_term=0.007344135083258152 consistency_term=0.0015238671330735087 consistency_weight=0.5 js_raw=0.030477341264486313 lr=0.07491671294582096 nat_kd=0.012664388865232468 pcgrad_conflicts=0 push=0.036756135523319244 push_term=0.0018378067761659622 student_updates=1 teacher_ce=0.5418819189071655 teacher_lr=3.4424996950321364e-05 teacher_margin=0.5695339441299438 teacher_margin_term=0.00427150446921587 teacher_updates=1 temp_adv=1.136999999999985 temp_nat=3.615999999999712 temperature_updates=1 total_loss=0.04943081736564636 views=2
2026-09-18 07:41:49.208 | INFO     | __main__:<module>:870 - TRAIN_EPOCH_RESOURCE epoch=200 seconds=455.232386354357 peak_allocated_bytes=8127488512
2026-09-18 07:42:20.655 | INFO     | __main__:<module>:927 - student robust acc 0.5341, teacher robust acc 0.6843, nat teacher robust acc 0.5092
2026-09-18 07:42:28.071 | INFO     | __main__:<module>:998 - best accuracy:0.70965
2026-09-18 07:42:28.072 | INFO     | __main__:<module>:1001 - student natural acc 0.8852, adv teacher natural acc 0.8793, nat teacher natural acc 0.9318
2026-09-18 07:42:28.073 | INFO     | __main__:<module>:477 - METHOD epoch=201 views=2 awp_gamma=0.001 consistency_weight=0.5
2026-09-18 07:42:28.073 | INFO     | __main__:<module>:480 - the 201th epoch 
2026-09-18 07:42:29.248 | INFO     | __main__:<module>:492 - METHOD_BATCH epoch=201 step=0 adv_kd=0.022535860538482666 awp_gamma=0.001 awp_relative_norm_max=0.0010000001639127731 clean_ce=0.15518321096897125 clean_ce_term=0.007759160362184048 consistency_term=0.0015605502994731069 consistency_weight=0.5 js_raw=0.03121100552380085 lr=0.07400208782667249 nat_kd=0.017622362822294235 pcgrad_conflicts=0 push=0.03493833541870117 push_term=0.001746916794218123 student_updates=1 teacher_ce=0.517350822687149 teacher_lr=3.382917985736156e-05 teacher_margin=0.5061753988265991 teacher_margin_term=0.0038595874793827534 teacher_updates=1 temp_adv=1.1379999999999848 temp_nat=3.614999999999712 temperature_updates=1 total_loss=0.055084437131881714 views=2
2026-09-18 07:44:25.852 | INFO     | __main__:<module>:492 - METHOD_BATCH epoch=201 step=100 adv_kd=0.025476735085248947 awp_gamma=0.001 awp_relative_norm_max=0.0010000001639127731 clean_ce=0.1739215850830078 clean_ce_term=0.00869607925415039 consistency_term=0.0019018789753317833 consistency_weight=0.5 js_raw=0.038037579506635666 lr=0.07400208782667249 nat_kd=0.01864571124315262 pcgrad_conflicts=0 push=0.028592973947525024 push_term=0.0014296487206593156 student_updates=1 teacher_ce=0.5512203872203827 teacher_lr=3.382917985736156e-05 teacher_margin=0.6330115795135498 teacher_margin_term=0.004826713353395462 teacher_updates=1 temp_adv=1.1419999999999844 temp_nat=3.6109999999997124 temperature_updates=1 total_loss=0.06097676604986191 views=2
2026-09-18 07:46:22.155 | INFO     | __main__:<module>:492 - METHOD_BATCH epoch=201 step=200 adv_kd=0.027045153081417084 awp_gamma=0.001 awp_relative_norm_max=0.0010000001639127731 clean_ce=0.1281524896621704 clean_ce_term=0.006407625041902065 consistency_term=0.0022555359173566103 consistency_weight=0.5 js_raw=0.04511071741580963 lr=0.07400208782667249 nat_kd=0.010953353717923164 pcgrad_conflicts=0 push=0.03212103247642517 push_term=0.0016060515772551298 student_updates=1 teacher_ce=0.46705541014671326 teacher_lr=3.382917985736156e-05 teacher_margin=0.6554540991783142 teacher_margin_term=0.004997837357223034 teacher_updates=1 temp_adv=1.135999999999985 temp_nat=3.616999999999712 temperature_updates=1 total_loss=0.05326555669307709 views=2
2026-09-18 07:48:17.812 | INFO     | __main__:<module>:492 - METHOD_BATCH epoch=201 step=300 adv_kd=0.02981492690742016 awp_gamma=0.001 awp_relative_norm_max=0.0010000001639127731 clean_ce=0.12513479590415955 clean_ce_term=0.006256739608943462 consistency_term=0.0019364886684343219 consistency_weight=0.5 js_raw=0.038729771971702576 lr=0.07400208782667249 nat_kd=0.01216050609946251 pcgrad_conflicts=0 push=0.045511096715927124 push_term=0.0022755549289286137 student_updates=1 teacher_ce=0.5032949298620224 teacher_lr=3.382917985736156e-05 teacher_margin=0.7014696002006531 teacher_margin_term=0.0053487056866288185 teacher_updates=1 temp_adv=1.135999999999985 temp_nat=3.616999999999712 temperature_updates=1 total_loss=0.05779292434453964 views=2
2026-09-18 07:50:01.796 | INFO     | __main__:<module>:870 - TRAIN_EPOCH_RESOURCE epoch=201 seconds=453.72181049361825 peak_allocated_bytes=8125391360
2026-09-18 07:50:01.796 | INFO     | __main__:<module>:477 - METHOD epoch=202 views=2 awp_gamma=0.001 consistency_weight=0.5
2026-09-18 07:50:01.796 | INFO     | __main__:<module>:480 - the 202th epoch 
2026-09-18 07:50:02.952 | INFO     | __main__:<module>:492 - METHOD_BATCH epoch=202 step=0 adv_kd=0.022867344319820404 awp_gamma=0.001 awp_relative_norm_max=0.0010000001639127731 clean_ce=0.15414667129516602 clean_ce_term=0.007707333192229271 consistency_term=0.0013000461040064692 consistency_weight=0.5 js_raw=0.026000922545790672 lr=0.07307692673682611 nat_kd=0.016024373471736908 pcgrad_conflicts=0 push=0.03414740785956383 push_term=0.0017073703929781914 student_updates=1 teacher_ce=0.5479371249675751 teacher_lr=3.323593412328723e-05 teacher_margin=0.587462842464447 teacher_margin_term=0.004552836995571852 teacher_updates=1 temp_adv=1.1329999999999854 temp_nat=3.6199999999997114 temperature_updates=1 total_loss=0.05415930226445198 views=2
2026-09-18 07:51:58.842 | INFO     | __main__:<module>:492 - METHOD_BATCH epoch=202 step=100 adv_kd=0.028761329129338264 awp_gamma=0.001 awp_relative_norm_max=0.0010000001639127731 clean_ce=0.1300831288099289 clean_ce_term=0.00650415662676096 consistency_term=0.0022986463736742735 consistency_weight=0.5 js_raw=0.045972928404808044 lr=0.07307692673682611 nat_kd=0.011738067492842674 pcgrad_conflicts=0 push=0.03218097239732742 push_term=0.0016090485733002424 student_updates=1 teacher_ce=0.5968101322650909 teacher_lr=3.323593412328723e-05 teacher_margin=0.6062818169593811 teacher_margin_term=0.004698683973401785 teacher_updates=1 temp_adv=1.1409999999999845 temp_nat=3.6119999999997123 temperature_updates=1 total_loss=0.05560993403196335 views=2
2026-09-18 07:53:54.743 | INFO     | __main__:<module>:492 - METHOD_BATCH epoch=202 step=200 adv_kd=0.033201444894075394 awp_gamma=0.001 awp_relative_norm_max=0.0010000001639127731 clean_ce=0.14738421142101288 clean_ce_term=0.0073692104779183865 consistency_term=0.0025118531193584204 consistency_weight=0.5 js_raw=0.050237059593200684 lr=0.07307692673682611 nat_kd=0.01256830245256424 pcgrad_conflicts=0 push=0.04034832492470741 push_term=0.0020174162928014994 student_updates=1 teacher_ce=0.5395489037036896 teacher_lr=3.323593412328723e-05 teacher_margin=0.8264384269714355 teacher_margin_term=0.006404898129403591 teacher_updates=1 temp_adv=1.1309999999999856 temp_nat=3.6219999999997112 temperature_updates=1 total_loss=0.0640731230378151 views=2
2026-09-18 07:55:50.838 | INFO     | __main__:<module>:492 - METHOD_BATCH epoch=202 step=300 adv_kd=0.026531919836997986 awp_gamma=0.001 awp_relative_norm_max=0.0010000001639127731 clean_ce=0.1525207906961441 clean_ce_term=0.007626039907336235 consistency_term=0.001673990860581398 consistency_weight=0.5 js_raw=0.03347981721162796 lr=0.07307692673682611 nat_kd=0.015082623809576035 pcgrad_conflicts=0 push=0.03936034068465233 push_term=0.001968017080798745 student_updates=1 teacher_ce=0.5868690013885498 teacher_lr=3.323593412328723e-05 teacher_margin=0.6315183043479919 teacher_margin_term=0.004894266836345196 teacher_updates=1 temp_adv=1.1349999999999851 temp_nat=3.6179999999997117 temperature_updates=1 total_loss=0.05777685344219208 views=2
2026-09-18 07:57:35.418 | INFO     | __main__:<module>:870 - TRAIN_EPOCH_RESOURCE epoch=202 seconds=453.62189872190356 peak_allocated_bytes=8125391360
2026-09-18 07:57:35.419 | INFO     | __main__:<module>:477 - METHOD epoch=203 views=2 awp_gamma=0.001 consistency_weight=0.5
2026-09-18 07:57:35.419 | INFO     | __main__:<module>:480 - the 203th epoch 
2026-09-18 07:57:36.581 | INFO     | __main__:<module>:492 - METHOD_BATCH epoch=203 step=0 adv_kd=0.023348255082964897 awp_gamma=0.001 awp_relative_norm_max=0.0010000001639127731 clean_ce=0.14234980940818787 clean_ce_term=0.007117491215467453 consistency_term=0.0012860066490247846 consistency_weight=0.5 js_raw=0.025720132514834404 lr=0.07214163788834171 nat_kd=0.014203235507011414 pcgrad_conflicts=0 push=0.026116419583559036 push_term=0.0013058210024610162 student_updates=1 teacher_ce=0.4020538479089737 teacher_lr=3.26453533630847e-05 teacher_margin=0.5824170708656311 teacher_margin_term=0.004586534574627876 teacher_updates=1 temp_adv=1.135999999999985 temp_nat=3.616999999999712 temperature_updates=1 total_loss=0.051847346127033234 views=2
2026-09-18 07:59:32.613 | INFO     | __main__:<module>:492 - METHOD_BATCH epoch=203 step=100 adv_kd=0.02429458685219288 awp_gamma=0.001 awp_relative_norm_max=0.0010000001639127731 clean_ce=0.13522246479988098 clean_ce_term=0.006761123426258564 consistency_term=0.0017321392660960555 consistency_weight=0.5 js_raw=0.0346427857875824 lr=0.07214163788834171 nat_kd=0.011901291087269783 pcgrad_conflicts=0 push=0.03660592436790466 push_term=0.0018302961252629757 student_updates=1 teacher_ce=0.5544148087501526 teacher_lr=3.26453533630847e-05 teacher_margin=0.5354148745536804 teacher_margin_term=0.004216392058879137 teacher_updates=1 temp_adv=1.1339999999999852 temp_nat=3.6189999999997116 temperature_updates=1 total_loss=0.05073583126068115 views=2
2026-09-18 08:01:28.415 | INFO     | __main__:<module>:492 - METHOD_BATCH epoch=203 step=200 adv_kd=0.020492594689130783 awp_gamma=0.001 awp_relative_norm_max=0.0010000001639127731 clean_ce=0.1460690200328827 clean_ce_term=0.0073034511879086494 consistency_term=0.0018055796390399337 consistency_weight=0.5 js_raw=0.03611159324645996 lr=0.07214163788834171 nat_kd=0.012606323696672916 pcgrad_conflicts=0 push=0.038643211126327515 push_term=0.00193216057959944 student_updates=1 teacher_ce=0.4865894168615341 teacher_lr=3.26453533630847e-05 teacher_margin=0.5085620284080505 teacher_margin_term=0.0040049259550869465 teacher_updates=1 temp_adv=1.1419999999999844 temp_nat=3.6109999999997124 temperature_updates=1 total_loss=0.04814503714442253 views=2
2026-09-18 08:03:24.393 | INFO     | __main__:<module>:492 - METHOD_BATCH epoch=203 step=300 adv_kd=0.02496589720249176 awp_gamma=0.001 awp_relative_norm_max=0.0010000001639127731 clean_ce=0.2061288207769394 clean_ce_term=0.010306441225111485 consistency_term=0.002319930586963892 consistency_weight=0.5 js_raw=0.04639860987663269 lr=0.07214163788834171 nat_kd=0.02253204584121704 pcgrad_conflicts=0 push=0.027157897129654884 push_term=0.0013578948564827442 student_updates=1 teacher_ce=0.5536985993385315 teacher_lr=3.26453533630847e-05 teacher_margin=0.6379289031028748 teacher_margin_term=0.005023689940571785 teacher_updates=1 temp_adv=1.135999999999985 temp_nat=3.616999999999712 temperature_updates=1 total_loss=0.06650590151548386 views=2
2026-09-18 08:05:08.788 | INFO     | __main__:<module>:870 - TRAIN_EPOCH_RESOURCE epoch=203 seconds=453.3687925674021 peak_allocated_bytes=8125391360
2026-09-18 08:05:08.789 | INFO     | __main__:<module>:477 - METHOD epoch=204 views=2 awp_gamma=0.001 consistency_weight=0.5
2026-09-18 08:05:08.789 | INFO     | __main__:<module>:480 - the 204th epoch 
2026-09-18 08:05:09.948 | INFO     | __main__:<module>:492 - METHOD_BATCH epoch=204 step=0 adv_kd=0.022724376991391182 awp_gamma=0.001 awp_relative_norm_max=0.0010000001639127731 clean_ce=0.1494007408618927 clean_ce_term=0.00747003685683012 consistency_term=0.0015625881496816874 consistency_weight=0.5 js_raw=0.03125176206231117 lr=0.07119663392334794 nat_kd=0.012355906888842583 pcgrad_conflicts=0 push=0.026882702484726906 push_term=0.0013441351475194097 student_updates=1 teacher_ce=0.5409446358680725 teacher_lr=3.2057530755085696e-05 teacher_margin=0.5131795406341553 teacher_margin_term=0.0041054366156458855 teacher_updates=1 temp_adv=1.1349999999999851 temp_nat=3.6179999999997117 temperature_updates=1 total_loss=0.0495624765753746 views=2
2026-09-18 08:07:06.022 | INFO     | __main__:<module>:492 - METHOD_BATCH epoch=204 step=100 adv_kd=0.021615508943796158 awp_gamma=0.001 awp_relative_norm_max=0.0010000001639127731 clean_ce=0.17411676049232483 clean_ce_term=0.008705837652087212 consistency_term=0.0015617195749655366 consistency_weight=0.5 js_raw=0.031234391033649445 lr=0.07119663392334794 nat_kd=0.01621520332992077 pcgrad_conflicts=0 push=0.028766993433237076 push_term=0.0014383497182279825 student_updates=1 teacher_ce=0.5218634009361267 teacher_lr=3.2057530755085696e-05 teacher_margin=0.5585464239120483 teacher_margin_term=0.0044683716259896755 teacher_updates=1 temp_adv=1.1389999999999847 temp_nat=3.613999999999712 temperature_updates=1 total_loss=0.05400499328970909 views=2
2026-09-18 08:09:02.099 | INFO     | __main__:<module>:492 - METHOD_BATCH epoch=204 step=200 adv_kd=0.023800630122423172 awp_gamma=0.001 awp_relative_norm_max=0.0010000001639127731 clean_ce=0.13329127430915833 clean_ce_term=0.006664563436061144 consistency_term=0.0020084676798433065 consistency_weight=0.5 js_raw=0.04016935080289841 lr=0.07119663392334794 nat_kd=0.009442131966352463 pcgrad_conflicts=0 push=0.0474214032292366 push_term=0.002371069975197315 student_updates=1 teacher_ce=0.4682019352912903 teacher_lr=3.2057530755085696e-05 teacher_margin=0.6346887350082397 teacher_margin_term=0.005077510140836239 teacher_updates=1 temp_adv=1.1349999999999851 temp_nat=3.6179999999997117 temperature_updates=1 total_loss=0.049364373087882996 views=2
2026-09-18 08:10:58.351 | INFO     | __main__:<module>:492 - METHOD_BATCH epoch=204 step=300 adv_kd=0.034215833991765976 awp_gamma=0.001 awp_relative_norm_max=0.0010000001639127731 clean_ce=0.11687071621417999 clean_ce_term=0.0058435359969735146 consistency_term=0.002422180725261569 consistency_weight=0.5 js_raw=0.048443615436553955 lr=0.07119663392334794 nat_kd=0.00988694280385971 pcgrad_conflicts=0 push=0.0486079677939415 push_term=0.0024303984828293324 student_updates=1 teacher_ce=0.4967814236879349 teacher_lr=3.2057530755085696e-05 teacher_margin=0.7437564134597778 teacher_margin_term=0.005950051359832287 teacher_updates=1 temp_adv=1.1349999999999851 temp_nat=3.6179999999997117 temperature_updates=1 total_loss=0.06074894219636917 views=2
2026-09-18 08:12:43.079 | INFO     | __main__:<module>:870 - TRAIN_EPOCH_RESOURCE epoch=204 seconds=454.2899771668017 peak_allocated_bytes=8125391360
2026-09-18 08:12:43.079 | INFO     | __main__:<module>:477 - METHOD epoch=205 views=2 awp_gamma=0.001 consistency_weight=0.5
2026-09-18 08:12:43.079 | INFO     | __main__:<module>:480 - the 205th epoch 
2026-09-18 08:12:44.248 | INFO     | __main__:<module>:492 - METHOD_BATCH epoch=205 step=0 adv_kd=0.025804731994867325 awp_gamma=0.001 awp_relative_norm_max=0.0010000001639127731 clean_ce=0.18823707103729248 clean_ce_term=0.009411852806806564 consistency_term=0.0019513145089149475 consistency_weight=0.5 js_raw=0.03902629017829895 lr=0.07024233173008022 nat_kd=0.021605234593153 pcgrad_conflicts=0 push=0.037982404232025146 push_term=0.0018991203978657722 student_updates=1 teacher_ce=0.5602271258831024 teacher_lr=3.147255902608834e-05 teacher_margin=0.6484506130218506 teacher_margin_term=0.005268661305308342 teacher_updates=1 temp_adv=1.135999999999985 temp_nat=3.616999999999712 temperature_updates=1 total_loss=0.06594091653823853 views=2
2026-09-18 08:14:41.087 | INFO     | __main__:<module>:492 - METHOD_BATCH epoch=205 step=100 adv_kd=0.020703719928860664 awp_gamma=0.001 awp_relative_norm_max=0.0010000001639127731 clean_ce=0.14850735664367676 clean_ce_term=0.007425367832183838 consistency_term=0.001859712298028171 consistency_weight=0.5 js_raw=0.03719424456357956 lr=0.07024233173008022 nat_kd=0.013507469557225704 pcgrad_conflicts=0 push=0.03082125075161457 push_term=0.0015410624910145998 student_updates=1 teacher_ce=0.6317553222179413 teacher_lr=3.147255902608834e-05 teacher_margin=0.4969136118888855 teacher_margin_term=0.004037423059344292 teacher_updates=1 temp_adv=1.1419999999999844 temp_nat=3.6109999999997124 temperature_updates=1 total_loss=0.04907475784420967 views=2
2026-09-18 08:16:39.236 | INFO     | __main__:<module>:492 - METHOD_BATCH epoch=205 step=200 adv_kd=0.02855558507144451 awp_gamma=0.001 awp_relative_norm_max=0.0010000001639127731 clean_ce=0.1451265513896942 clean_ce_term=0.007256327196955681 consistency_term=0.0018160967156291008 consistency_weight=0.5 js_raw=0.036321934312582016 lr=0.07024233173008022 nat_kd=0.011538599617779255 pcgrad_conflicts=0 push=0.03248932212591171 push_term=0.0016244661528617144 student_updates=1 teacher_ce=0.5628769099712372 teacher_lr=3.147255902608834e-05 teacher_margin=0.6372112035751343 teacher_margin_term=0.0051773409359157085 teacher_updates=1 temp_adv=1.1339999999999852 temp_nat=3.6189999999997116 temperature_updates=1 total_loss=0.05596841499209404 views=2
2026-09-18 08:18:36.675 | INFO     | __main__:<module>:492 - METHOD_BATCH epoch=205 step=300 adv_kd=0.023019645363092422 awp_gamma=0.001 awp_relative_norm_max=0.0010000001639127731 clean_ce=0.13958504796028137 clean_ce_term=0.006979253143072128 consistency_term=0.001014186069369316 consistency_weight=0.5 js_raw=0.020283721387386322 lr=0.07024233173008022 nat_kd=0.011571153067052364 pcgrad_conflicts=0 push=0.03157777339220047 push_term=0.0015788887394592166 student_updates=1 teacher_ce=0.49260737001895905 teacher_lr=3.147255902608834e-05 teacher_margin=0.5781828165054321 teacher_margin_term=0.004697735421359539 teacher_updates=1 temp_adv=1.135999999999985 temp_nat=3.616999999999712 temperature_updates=1 total_loss=0.04886086285114288 views=2
2026-09-18 08:20:22.092 | INFO     | __main__:<module>:870 - TRAIN_EPOCH_RESOURCE epoch=205 seconds=459.01189993321896 peak_allocated_bytes=8125391360
2026-09-18 08:20:22.092 | INFO     | __main__:<module>:477 - METHOD epoch=206 views=2 awp_gamma=0.001 consistency_weight=0.5
2026-09-18 08:20:22.092 | INFO     | __main__:<module>:480 - the 206th epoch 
2026-09-18 08:20:23.260 | INFO     | __main__:<module>:492 - METHOD_BATCH epoch=206 step=0 adv_kd=0.028149031102657318 awp_gamma=0.001 awp_relative_norm_max=0.0010000001639127731 clean_ce=0.19481804966926575 clean_ce_term=0.009740903042256832 consistency_term=0.0019587837159633636 consistency_weight=0.5 js_raw=0.03917567431926727 lr=0.0692791522570401 nat_kd=0.022655554115772247 pcgrad_conflicts=0 push=0.02145903930068016 push_term=0.0010729519417509437 student_updates=1 teacher_ce=0.5554946959018707 teacher_lr=3.089053043655215e-05 teacher_margin=0.6871532797813416 teacher_margin_term=0.005669014528393745 teacher_updates=1 temp_adv=1.1429999999999843 temp_nat=3.6099999999997125 temperature_updates=1 total_loss=0.06924623250961304 views=2
2026-09-18 08:22:19.979 | INFO     | __main__:<module>:492 - METHOD_BATCH epoch=206 step=100 adv_kd=0.024042975157499313 awp_gamma=0.001 awp_relative_norm_max=0.0010000001639127731 clean_ce=0.15181474387645721 clean_ce_term=0.007590737193822861 consistency_term=0.0014271332183852792 consistency_weight=0.5 js_raw=0.028542663902044296 lr=0.0692791522570401 nat_kd=0.013909270986914635 pcgrad_conflicts=0 push=0.03587746620178223 push_term=0.0017938732635229826 student_updates=1 teacher_ce=0.5838244259357452 teacher_lr=3.089053043655215e-05 teacher_margin=0.554770827293396 teacher_margin_term=0.004576859064400196 teacher_updates=1 temp_adv=1.1409999999999845 temp_nat=3.6119999999997123 temperature_updates=1 total_loss=0.0533408485352993 views=2
2026-09-18 08:24:16.544 | INFO     | __main__:<module>:492 - METHOD_BATCH epoch=206 step=200 adv_kd=0.021916449069976807 awp_gamma=0.001 awp_relative_norm_max=0.0010000001639127731 clean_ce=0.15242895483970642 clean_ce_term=0.007621447555720806 consistency_term=0.0011615483090281487 consistency_weight=0.5 js_raw=0.023230966180562973 lr=0.0692791522570401 nat_kd=0.01070387102663517 pcgrad_conflicts=0 push=0.03974943235516548 push_term=0.0019874717108905315 student_updates=1 teacher_ce=0.4300323873758316 teacher_lr=3.089053043655215e-05 teacher_margin=0.5643185973167419 teacher_margin_term=0.004655628465116024 teacher_updates=1 temp_adv=1.1409999999999845 temp_nat=3.6119999999997123 temperature_updates=1 total_loss=0.04804641380906105 views=2
2026-09-18 08:26:13.386 | INFO     | __main__:<module>:492 - METHOD_BATCH epoch=206 step=300 adv_kd=0.026193492114543915 awp_gamma=0.001 awp_relative_norm_max=0.0010000001639127731 clean_ce=0.12081443518400192 clean_ce_term=0.006040721666067839 consistency_term=0.0014241915196180344 consistency_weight=0.5 js_raw=0.028483830392360687 lr=0.0692791522570401 nat_kd=0.011978879570960999 pcgrad_conflicts=0 push=0.03863274306058884 push_term=0.001931637292727828 student_updates=1 teacher_ce=0.5365404486656189 teacher_lr=3.089053043655215e-05 teacher_margin=0.5553185939788818 teacher_margin_term=0.004581378772854805 teacher_updates=1 temp_adv=1.136999999999985 temp_nat=3.615999999999712 temperature_updates=1 total_loss=0.05215030163526535 views=2
2026-09-18 08:27:58.405 | INFO     | __main__:<module>:870 - TRAIN_EPOCH_RESOURCE epoch=206 seconds=456.31214674934745 peak_allocated_bytes=8125391360
2026-09-18 08:27:58.405 | INFO     | __main__:<module>:477 - METHOD epoch=207 views=2 awp_gamma=0.001 consistency_weight=0.5
2026-09-18 08:27:58.405 | INFO     | __main__:<module>:480 - the 207th epoch 
2026-09-18 08:27:59.571 | INFO     | __main__:<module>:492 - METHOD_BATCH epoch=207 step=0 adv_kd=0.02683216705918312 awp_gamma=0.001 awp_relative_norm_max=0.0010000001639127731 clean_ce=0.15949726104736328 clean_ce_term=0.007974863052368164 consistency_term=0.0018789106979966164 consistency_weight=0.5 js_raw=0.03757821395993233 lr=0.06830752032535861 nat_kd=0.014457953162491322 pcgrad_conflicts=0 push=0.04104885086417198 push_term=0.0020524426363408566 student_updates=1 teacher_ce=0.5784041285514832 teacher_lr=3.0311536765869418e-05 teacher_margin=0.5551725625991821 teacher_margin_term=0.00464957021176815 teacher_updates=1 temp_adv=1.1399999999999846 temp_nat=3.612999999999712 temperature_updates=1 total_loss=0.05784590542316437 views=2
2026-09-18 08:29:55.713 | INFO     | __main__:<module>:492 - METHOD_BATCH epoch=207 step=100 adv_kd=0.01815471239387989 awp_gamma=0.001 awp_relative_norm_max=0.0010000001639127731 clean_ce=0.13420528173446655 clean_ce_term=0.0067102643661201 consistency_term=0.0015817586099728942 consistency_weight=0.5 js_raw=0.03163517266511917 lr=0.06830752032535861 nat_kd=0.01089438982307911 pcgrad_conflicts=0 push=0.027739984914660454 push_term=0.001386999269016087 student_updates=1 teacher_ce=0.5549819767475128 teacher_lr=3.0311536765869418e-05 teacher_margin=0.4488552212715149 teacher_margin_term=0.003759162500500679 teacher_updates=1 temp_adv=1.1399999999999846 temp_nat=3.612999999999712 temperature_updates=1 total_loss=0.042487286031246185 views=2
2026-09-18 08:31:51.719 | INFO     | __main__:<module>:492 - METHOD_BATCH epoch=207 step=200 adv_kd=0.03471210598945618 awp_gamma=0.001 awp_relative_norm_max=0.0010000001639127731 clean_ce=0.15680968761444092 clean_ce_term=0.00784048531204462 consistency_term=0.0021246105898171663 consistency_weight=0.5 js_raw=0.04249221086502075 lr=0.06830752032535861 nat_kd=0.015271561220288277 pcgrad_conflicts=0 push=0.031933777034282684 push_term=0.0015966888749971986 student_updates=1 teacher_ce=0.5002737790346146 teacher_lr=3.0311536765869418e-05 teacher_margin=0.759671151638031 teacher_margin_term=0.006362246349453926 teacher_updates=1 temp_adv=1.1399999999999846 temp_nat=3.612999999999712 temperature_updates=1 total_loss=0.06790769100189209 views=2
2026-09-18 08:33:47.817 | INFO     | __main__:<module>:492 - METHOD_BATCH epoch=207 step=300 adv_kd=0.029014714062213898 awp_gamma=0.001 awp_relative_norm_max=0.0010000001639127731 clean_ce=0.15229326486587524 clean_ce_term=0.007614663802087307 consistency_term=0.002268420299515128 consistency_weight=0.5 js_raw=0.04536840319633484 lr=0.06830752032535861 nat_kd=0.01357329823076725 pcgrad_conflicts=0 push=0.041236571967601776 push_term=0.0020618285052478313 student_updates=1 teacher_ce=0.5744071006774902 teacher_lr=3.0311536765869418e-05 teacher_margin=0.6064600944519043 teacher_margin_term=0.005079103633761406 teacher_updates=1 temp_adv=1.1419999999999844 temp_nat=3.6109999999997124 temperature_updates=1 total_loss=0.059612028300762177 views=2
2026-09-18 08:35:32.093 | INFO     | __main__:<module>:870 - TRAIN_EPOCH_RESOURCE epoch=207 seconds=453.68718707188964 peak_allocated_bytes=8125391360
2026-09-18 08:35:32.093 | INFO     | __main__:<module>:477 - METHOD epoch=208 views=2 awp_gamma=0.001 consistency_weight=0.5
2026-09-18 08:35:32.093 | INFO     | __main__:<module>:480 - the 208th epoch 
2026-09-18 08:35:33.251 | INFO     | __main__:<module>:492 - METHOD_BATCH epoch=208 step=0 adv_kd=0.024375271052122116 awp_gamma=0.001 awp_relative_norm_max=0.0010000001639127731 clean_ce=0.13201771676540375 clean_ce_term=0.0066008856520056725 consistency_term=0.0016312070656567812 consistency_weight=0.5 js_raw=0.03262414038181305 lr=0.06732786443944867 nat_kd=0.010414766147732735 pcgrad_conflicts=0 push=0.03882210701704025 push_term=0.0019411054672673345 student_updates=1 teacher_ce=0.5528491139411926 teacher_lr=2.973566929771548e-05 teacher_margin=0.6394858360290527 teacher_margin_term=0.00543562974780798 teacher_updates=1 temp_adv=1.1289999999999858 temp_nat=3.623999999999711 temperature_updates=1 total_loss=0.05039886385202408 views=2
2026-09-18 08:37:29.776 | INFO     | __main__:<module>:492 - METHOD_BATCH epoch=208 step=100 adv_kd=0.022482166066765785 awp_gamma=0.001 awp_relative_norm_max=0.0010000001639127731 clean_ce=0.14302222430706024 clean_ce_term=0.007151111029088497 consistency_term=0.001730533316731453 consistency_weight=0.5 js_raw=0.03461066633462906 lr=0.06732786443944867 nat_kd=0.010446211323142052 pcgrad_conflicts=0 push=0.03729831427335739 push_term=0.0018649159464985132 student_updates=1 teacher_ce=0.5416204631328583 teacher_lr=2.973566929771548e-05 teacher_margin=0.551066517829895 teacher_margin_term=0.004684065468609333 teacher_updates=1 temp_adv=1.1309999999999856 temp_nat=3.6219999999997112 temperature_updates=1 total_loss=0.04835900664329529 views=2
2026-09-18 08:39:25.766 | INFO     | __main__:<module>:492 - METHOD_BATCH epoch=208 step=200 adv_kd=0.023627452552318573 awp_gamma=0.001 awp_relative_norm_max=0.0010000001639127731 clean_ce=0.14799144864082336 clean_ce_term=0.007399572525173426 consistency_term=0.0015419665724039078 consistency_weight=0.5 js_raw=0.030839331448078156 lr=0.06732786443944867 nat_kd=0.01008695736527443 pcgrad_conflicts=0 push=0.03760027885437012 push_term=0.0018800139660015702 student_updates=1 teacher_ce=0.5100184977054596 teacher_lr=2.973566929771548e-05 teacher_margin=0.5940163135528564 teacher_margin_term=0.00504913879558444 teacher_updates=1 temp_adv=1.136999999999985 temp_nat=3.615999999999712 temperature_updates=1 total_loss=0.04958510398864746 views=2
2026-09-18 08:41:21.831 | INFO     | __main__:<module>:492 - METHOD_BATCH epoch=208 step=300 adv_kd=0.023200199007987976 awp_gamma=0.001 awp_relative_norm_max=0.0010000001639127731 clean_ce=0.1416454166173935 clean_ce_term=0.007082270924001932 consistency_term=0.0013880570186302066 consistency_weight=0.5 js_raw=0.02776114083826542 lr=0.06732786443944867 nat_kd=0.014622369781136513 pcgrad_conflicts=0 push=0.039838775992393494 push_term=0.0019919387996196747 student_updates=1 teacher_ce=0.5821096897125244 teacher_lr=2.973566929771548e-05 teacher_margin=0.5652970671653748 teacher_margin_term=0.004805025644600391 teacher_updates=1 temp_adv=1.1389999999999847 temp_nat=3.613999999999712 temperature_updates=1 total_loss=0.05308986455202103 views=2
2026-09-18 08:43:06.135 | INFO     | __main__:<module>:870 - TRAIN_EPOCH_RESOURCE epoch=208 seconds=454.0415854603052 peak_allocated_bytes=8125391360
2026-09-18 08:43:06.136 | INFO     | __main__:<module>:477 - METHOD epoch=209 views=2 awp_gamma=0.001 consistency_weight=0.5
2026-09-18 08:43:06.136 | INFO     | __main__:<module>:480 - the 209th epoch 
2026-09-18 08:43:07.296 | INFO     | __main__:<module>:492 - METHOD_BATCH epoch=209 step=0 adv_kd=0.019539978355169296 awp_gamma=0.001 awp_relative_norm_max=0.0010000001639127731 clean_ce=0.1544903963804245 clean_ce_term=0.007724519819021225 consistency_term=0.0017277790466323495 consistency_weight=0.5 js_raw=0.0345555804669857 lr=0.06634061659603142 nat_kd=0.010576927103102207 pcgrad_conflicts=0 push=0.03272977098822594 push_term=0.0016364885959774256 student_updates=1 teacher_ce=0.5783651769161224 teacher_lr=2.9163018805480094e-05 teacher_margin=0.472262978553772 teacher_margin_term=0.004073267802596092 teacher_updates=1 temp_adv=1.1439999999999841 temp_nat=3.6089999999997127 temperature_updates=1 total_loss=0.04527895897626877 views=2
2026-09-18 08:45:03.324 | INFO     | __main__:<module>:492 - METHOD_BATCH epoch=209 step=100 adv_kd=0.020494628697633743 awp_gamma=0.001 awp_relative_norm_max=0.0010000001639127731 clean_ce=0.133804589509964 clean_ce_term=0.0066902292892336845 consistency_term=0.0010579983936622739 consistency_weight=0.5 js_raw=0.02115996740758419 lr=0.06634061659603142 nat_kd=0.011547892354428768 pcgrad_conflicts=0 push=0.03482501953840256 push_term=0.0017412510933354497 student_updates=1 teacher_ce=0.49547356367111206 teacher_lr=2.9163018805480094e-05 teacher_margin=0.5756235122680664 teacher_margin_term=0.004964752122759819 teacher_updates=1 temp_adv=1.1419999999999844 temp_nat=3.6109999999997124 temperature_updates=1 total_loss=0.04649674892425537 views=2
2026-09-18 08:46:59.337 | INFO     | __main__:<module>:492 - METHOD_BATCH epoch=209 step=200 adv_kd=0.021361377090215683 awp_gamma=0.001 awp_relative_norm_max=0.0010000001639127731 clean_ce=0.1513018012046814 clean_ce_term=0.0075650904327631 consistency_term=0.001340848277322948 consistency_weight=0.5 js_raw=0.026816966012120247 lr=0.06634061659603142 nat_kd=0.012552393600344658 pcgrad_conflicts=0 push=0.04151567816734314 push_term=0.002075783908367157 student_updates=1 teacher_ce=0.5377746820449829 teacher_lr=2.9163018805480094e-05 teacher_margin=0.5349610447883606 teacher_margin_term=0.004614038858562708 teacher_updates=1 temp_adv=1.1379999999999848 temp_nat=3.614999999999712 temperature_updates=1 total_loss=0.049509529024362564 views=2
2026-09-18 08:48:56.330 | INFO     | __main__:<module>:492 - METHOD_BATCH epoch=209 step=300 adv_kd=0.03230978175997734 awp_gamma=0.001 awp_relative_norm_max=0.0010000001639127731 clean_ce=0.1483825147151947 clean_ce_term=0.007419126108288765 consistency_term=0.0016169663285836577 consistency_weight=0.5 js_raw=0.03233932703733444 lr=0.06634061659603142 nat_kd=0.01427733525633812 pcgrad_conflicts=0 push=0.036756597459316254 push_term=0.0018378300592303276 student_updates=1 teacher_ce=0.5034884363412857 teacher_lr=2.9163018805480094e-05 teacher_margin=0.7516170740127563 teacher_margin_term=0.00648269709199667 teacher_updates=1 temp_adv=1.1399999999999846 temp_nat=3.612999999999712 temperature_updates=1 total_loss=0.06394373625516891 views=2
2026-09-18 08:50:42.717 | INFO     | __main__:<module>:870 - TRAIN_EPOCH_RESOURCE epoch=209 seconds=456.5812551788986 peak_allocated_bytes=8125391360
2026-09-18 08:50:42.718 | INFO     | __main__:<module>:477 - METHOD epoch=210 views=2 awp_gamma=0.001 consistency_weight=0.5
2026-09-18 08:50:42.718 | INFO     | __main__:<module>:480 - the 210th epoch 
2026-09-18 08:50:43.920 | INFO     | __main__:<module>:492 - METHOD_BATCH epoch=210 step=0 adv_kd=0.02292468771338463 awp_gamma=0.001 awp_relative_norm_max=0.0010000001639127731 clean_ce=0.15053804218769073 clean_ce_term=0.007526902481913567 consistency_term=0.0019505050731822848 consistency_weight=0.5 js_raw=0.039010100066661835 lr=0.06534621209162177 nat_kd=0.011918257921934128 pcgrad_conflicts=0 push=0.035925738513469696 push_term=0.0017962870188057423 student_updates=1 teacher_ce=0.5218752473592758 teacher_lr=2.8593675537782213e-05 teacher_margin=0.5269219279289246 teacher_margin_term=0.004610566888004541 teacher_updates=1 temp_adv=1.1409999999999845 temp_nat=3.6119999999997123 temperature_updates=1 total_loss=0.05072720721364021 views=2
2026-09-18 08:52:42.177 | INFO     | __main__:<module>:492 - METHOD_BATCH epoch=210 step=100 adv_kd=0.01918642781674862 awp_gamma=0.001 awp_relative_norm_max=0.0010000001639127731 clean_ce=0.1570817083120346 clean_ce_term=0.00785408541560173 consistency_term=0.001436688588000834 consistency_weight=0.5 js_raw=0.028733771294355392 lr=0.06534621209162177 nat_kd=0.013459536246955395 pcgrad_conflicts=0 push=0.04179214686155319 push_term=0.002089607296511531 student_updates=1 teacher_ce=0.4862590432167053 teacher_lr=2.8593675537782213e-05 teacher_margin=0.5137633681297302 teacher_margin_term=0.004495429340749979 teacher_updates=1 temp_adv=1.1389999999999847 temp_nat=3.613999999999712 temperature_updates=1 total_loss=0.048521772027015686 views=2
2026-09-18 08:54:40.801 | INFO     | __main__:<module>:492 - METHOD_BATCH epoch=210 step=200 adv_kd=0.022751174867153168 awp_gamma=0.001 awp_relative_norm_max=0.0010000001639127731 clean_ce=0.14285889267921448 clean_ce_term=0.007142944727092981 consistency_term=0.0015603924402967095 consistency_weight=0.5 js_raw=0.031207848340272903 lr=0.06534621209162177 nat_kd=0.009860368445515633 pcgrad_conflicts=0 push=0.0354464054107666 push_term=0.0017723201308399439 student_updates=1 teacher_ce=0.42239589989185333 teacher_lr=2.8593675537782213e-05 teacher_margin=0.6148338317871094 teacher_margin_term=0.005379796028137207 teacher_updates=1 temp_adv=1.1389999999999847 temp_nat=3.613999999999712 temperature_updates=1 total_loss=0.0484669990837574 views=2
2026-09-18 08:56:38.948 | INFO     | __main__:<module>:492 - METHOD_BATCH epoch=210 step=300 adv_kd=0.024525588378310204 awp_gamma=0.001 awp_relative_norm_max=0.0010000001639127731 clean_ce=0.14132827520370483 clean_ce_term=0.007066413760185242 consistency_term=0.0014829806750640273 consistency_weight=0.5 js_raw=0.029659613966941833 lr=0.06534621209162177 nat_kd=0.009155066683888435 pcgrad_conflicts=0 push=0.03581465780735016 push_term=0.0017907328438013792 student_updates=1 teacher_ce=0.42821092903614044 teacher_lr=2.8593675537782213e-05 teacher_margin=0.6174957156181335 teacher_margin_term=0.0054030874744057655 teacher_updates=1 temp_adv=1.1389999999999847 temp_nat=3.613999999999712 temperature_updates=1 total_loss=0.04942386969923973 views=2
2026-09-18 08:58:24.977 | INFO     | __main__:<module>:870 - TRAIN_EPOCH_RESOURCE epoch=210 seconds=462.2560613192618 peak_allocated_bytes=8125391360
2026-09-18 08:58:57.004 | INFO     | __main__:<module>:927 - student robust acc 0.5350, teacher robust acc 0.6853, nat teacher robust acc 0.5160
2026-09-18 08:59:03.702 | INFO     | __main__:<module>:998 - best accuracy:0.7116
2026-09-18 08:59:03.703 | INFO     | __main__:<module>:1001 - student natural acc 0.8882, adv teacher natural acc 0.8792, nat teacher natural acc 0.9318
2026-09-18 08:59:03.709 | INFO     | __main__:<module>:477 - METHOD epoch=211 views=2 awp_gamma=0.001 consistency_weight=0.5
2026-09-18 08:59:03.709 | INFO     | __main__:<module>:480 - the 211th epoch 
2026-09-18 08:59:04.891 | INFO     | __main__:<module>:492 - METHOD_BATCH epoch=211 step=0 adv_kd=0.02206520363688469 awp_gamma=0.001 awp_relative_norm_max=0.0010000001639127731 clean_ce=0.14847519993782043 clean_ce_term=0.007423760369420052 consistency_term=0.0015787211013957858 consistency_weight=0.5 js_raw=0.031574420630931854 lr=0.06434508932856041 nat_kd=0.012629969045519829 pcgrad_conflicts=0 push=0.03625937178730965 push_term=0.001812968635931611 student_updates=1 teacher_ce=0.5211335122585297 teacher_lr=2.802772920407083e-05 teacher_margin=0.5830889940261841 teacher_margin_term=0.0051749153062701225 teacher_updates=1 temp_adv=1.1399999999999846 temp_nat=3.612999999999712 temperature_updates=1 total_loss=0.050685539841651917 views=2
2026-09-18 09:01:03.026 | INFO     | __main__:<module>:492 - METHOD_BATCH epoch=211 step=100 adv_kd=0.02384980022907257 awp_gamma=0.001 awp_relative_norm_max=0.0010000001639127731 clean_ce=0.1402060091495514 clean_ce_term=0.007010300178080797 consistency_term=0.0016243845457211137 consistency_weight=0.5 js_raw=0.032487690448760986 lr=0.06434508932856041 nat_kd=0.011430377140641212 pcgrad_conflicts=0 push=0.03047475963830948 push_term=0.0015237380284816027 student_updates=1 teacher_ce=0.4483083337545395 teacher_lr=2.802772920407083e-05 teacher_margin=0.5523488521575928 teacher_margin_term=0.004902096465229988 teacher_updates=1 temp_adv=1.1419999999999844 temp_nat=3.6109999999997124 temperature_updates=1 total_loss=0.050340693444013596 views=2
2026-09-18 09:03:00.969 | INFO     | __main__:<module>:492 - METHOD_BATCH epoch=211 step=200 adv_kd=0.019805721938610077 awp_gamma=0.001 awp_relative_norm_max=0.0010000001639127731 clean_ce=0.12816095352172852 clean_ce_term=0.006408047862350941 consistency_term=0.0013734209351241589 consistency_weight=0.5 js_raw=0.027468418702483177 lr=0.06434508932856041 nat_kd=0.011267172172665596 pcgrad_conflicts=0 push=0.03349302336573601 push_term=0.0016746511682868004 student_updates=1 teacher_ce=0.5833823382854462 teacher_lr=2.802772920407083e-05 teacher_margin=0.43884509801864624 teacher_margin_term=0.0038947504945099354 teacher_updates=1 temp_adv=1.1399999999999846 temp_nat=3.612999999999712 temperature_updates=1 total_loss=0.04442376643419266 views=2
2026-09-18 09:04:59.072 | INFO     | __main__:<module>:492 - METHOD_BATCH epoch=211 step=300 adv_kd=0.018923431634902954 awp_gamma=0.001 awp_relative_norm_max=0.0010000001639127731 clean_ce=0.12217029184103012 clean_ce_term=0.006108514964580536 consistency_term=0.0012119114398956299 consistency_weight=0.5 js_raw=0.024238228797912598 lr=0.06434508932856041 nat_kd=0.010159669443964958 pcgrad_conflicts=0 push=0.03439897671341896 push_term=0.001719948835670948 student_updates=1 teacher_ce=0.5093389749526978 teacher_lr=2.802772920407083e-05 teacher_margin=0.5031012296676636 teacher_margin_term=0.00446502398699522 teacher_updates=1 temp_adv=1.1399999999999846 temp_nat=3.612999999999712 temperature_updates=1 total_loss=0.0425884984433651 views=2
2026-09-18 09:06:44.829 | INFO     | __main__:<module>:870 - TRAIN_EPOCH_RESOURCE epoch=211 seconds=461.1199294440448 peak_allocated_bytes=8127488512
2026-09-18 09:06:44.830 | INFO     | __main__:<module>:477 - METHOD epoch=212 views=2 awp_gamma=0.001 consistency_weight=0.5
2026-09-18 09:06:44.830 | INFO     | __main__:<module>:480 - the 212th epoch 
2026-09-18 09:06:46.009 | INFO     | __main__:<module>:492 - METHOD_BATCH epoch=212 step=0 adv_kd=0.02103324607014656 awp_gamma=0.001 awp_relative_norm_max=0.0010000001639127731 clean_ce=0.14574405550956726 clean_ce_term=0.007287202402949333 consistency_term=0.0013967299601063132 consistency_weight=0.5 js_raw=0.027934599667787552 lr=0.06333768961967892 nat_kd=0.010933118872344494 pcgrad_conflicts=0 push=0.03480534628033638 push_term=0.0017402672674506903 student_updates=1 teacher_ce=0.6073170602321625 teacher_lr=2.746526896031365e-05 teacher_margin=0.5619407892227173 teacher_margin_term=0.005057466682046652 teacher_updates=1 temp_adv=1.1389999999999847 temp_nat=3.613999999999712 temperature_updates=1 total_loss=0.04744802787899971 views=2
2026-09-18 09:08:43.788 | INFO     | __main__:<module>:492 - METHOD_BATCH epoch=212 step=100 adv_kd=0.021905243396759033 awp_gamma=0.001 awp_relative_norm_max=0.0010000001639127731 clean_ce=0.12422800064086914 clean_ce_term=0.006211400032043457 consistency_term=0.001249045948497951 consistency_weight=0.5 js_raw=0.02498091757297516 lr=0.06333768961967892 nat_kd=0.011195773258805275 pcgrad_conflicts=0 push=0.03255414962768555 push_term=0.0016277076210826635 student_updates=1 teacher_ce=0.5512774884700775 teacher_lr=2.746526896031365e-05 teacher_margin=0.524765133857727 teacher_margin_term=0.004722886253148317 teacher_updates=1 temp_adv=1.1349999999999851 temp_nat=3.6179999999997117 temperature_updates=1 total_loss=0.0469120554625988 views=2
2026-09-18 09:10:43.113 | INFO     | __main__:<module>:492 - METHOD_BATCH epoch=212 step=200 adv_kd=0.022433701902627945 awp_gamma=0.001 awp_relative_norm_max=0.0010000001639127731 clean_ce=0.1427372694015503 clean_ce_term=0.007136863190680742 consistency_term=0.001971274381503463 consistency_weight=0.5 js_raw=0.03942548483610153 lr=0.06333768961967892 nat_kd=0.013854467310011387 pcgrad_conflicts=0 push=0.031097210943698883 push_term=0.0015548605006188154 student_updates=1 teacher_ce=0.5899461805820465 teacher_lr=2.746526896031365e-05 teacher_margin=0.4953162670135498 teacher_margin_term=0.004457846283912659 teacher_updates=1 temp_adv=1.1389999999999847 temp_nat=3.613999999999712 temperature_updates=1 total_loss=0.05140901356935501 views=2
2026-09-18 09:12:40.717 | INFO     | __main__:<module>:492 - METHOD_BATCH epoch=212 step=300 adv_kd=0.022460008040070534 awp_gamma=0.001 awp_relative_norm_max=0.0010000001639127731 clean_ce=0.13701248168945312 clean_ce_term=0.0068506235256791115 consistency_term=0.001365326694212854 consistency_weight=0.5 js_raw=0.027306532487273216 lr=0.06333768961967892 nat_kd=0.009231247007846832 pcgrad_conflicts=0 push=0.03480333834886551 push_term=0.0017401669174432755 student_updates=1 teacher_ce=0.48765623569488525 teacher_lr=2.746526896031365e-05 teacher_margin=0.5689164400100708 teacher_margin_term=0.0051202476024627686 teacher_updates=1 temp_adv=1.136999999999985 temp_nat=3.615999999999712 temperature_updates=1 total_loss=0.046767618507146835 views=2
2026-09-18 09:14:26.180 | INFO     | __main__:<module>:870 - TRAIN_EPOCH_RESOURCE epoch=212 seconds=461.35030230507255 peak_allocated_bytes=8127488512
2026-09-18 09:14:26.181 | INFO     | __main__:<module>:477 - METHOD epoch=213 views=2 awp_gamma=0.001 consistency_weight=0.5
2026-09-18 09:14:26.181 | INFO     | __main__:<module>:480 - the 213th epoch 
2026-09-18 09:14:27.356 | INFO     | __main__:<module>:492 - METHOD_BATCH epoch=213 step=0 adv_kd=0.02246423065662384 awp_gamma=0.001 awp_relative_norm_max=0.0010000001639127731 clean_ce=0.11200931668281555 clean_ce_term=0.005600466392934322 consistency_term=0.0021256885956972837 consistency_weight=0.5 js_raw=0.04251376911997795 lr=0.06232445699168568 nat_kd=0.008891329169273376 pcgrad_conflicts=0 push=0.03719507157802582 push_term=0.0018597536254674196 student_updates=1 teacher_ce=0.539347916841507 teacher_lr=2.690638339477651e-05 teacher_margin=0.5063613653182983 teacher_margin_term=0.004620547406375408 teacher_updates=1 temp_adv=1.1379999999999848 temp_nat=3.614999999999712 temperature_updates=1 total_loss=0.0455620139837265 views=2
2026-09-18 09:16:25.254 | INFO     | __main__:<module>:492 - METHOD_BATCH epoch=213 step=100 adv_kd=0.02457868494093418 awp_gamma=0.001 awp_relative_norm_max=0.0010000001639127731 clean_ce=0.13030776381492615 clean_ce_term=0.006515388377010822 consistency_term=0.0019679763354361057 consistency_weight=0.5 js_raw=0.039359524846076965 lr=0.06232445699168568 nat_kd=0.009378043934702873 pcgrad_conflicts=0 push=0.030021626502275467 push_term=0.0015010812785476446 student_updates=1 teacher_ce=0.49315398931503296 teacher_lr=2.690638339477651e-05 teacher_margin=0.5144020318984985 teacher_margin_term=0.0046939183957874775 teacher_updates=1 temp_adv=1.1439999999999841 temp_nat=3.6089999999997127 temperature_updates=1 total_loss=0.0486350953578949 views=2
2026-09-18 09:18:23.344 | INFO     | __main__:<module>:492 - METHOD_BATCH epoch=213 step=200 adv_kd=0.023079294711351395 awp_gamma=0.001 awp_relative_norm_max=0.0010000001639127731 clean_ce=0.14629575610160828 clean_ce_term=0.007314788177609444 consistency_term=0.0017036896897479892 consistency_weight=0.5 js_raw=0.03407379239797592 lr=0.06232445699168568 nat_kd=0.0118795745074749 pcgrad_conflicts=0 push=0.04267990589141846 push_term=0.002133995294570923 student_updates=1 teacher_ce=0.5263751447200775 teacher_lr=2.690638339477651e-05 teacher_margin=0.5749729871749878 teacher_margin_term=0.005246628075838089 teacher_updates=1 temp_adv=1.1399999999999846 temp_nat=3.612999999999712 temperature_updates=1 total_loss=0.051357969641685486 views=2
2026-09-18 09:20:21.076 | INFO     | __main__:<module>:492 - METHOD_BATCH epoch=213 step=300 adv_kd=0.019710559397935867 awp_gamma=0.001 awp_relative_norm_max=0.0010000001639127731 clean_ce=0.13847225904464722 clean_ce_term=0.006923613138496876 consistency_term=0.0011352639412507415 consistency_weight=0.5 js_raw=0.022705279290676117 lr=0.06232445699168568 nat_kd=0.009382621385157108 pcgrad_conflicts=0 push=0.03753886744379997 push_term=0.001876943395473063 student_updates=1 teacher_ce=0.4842609763145447 teacher_lr=2.690638339477651e-05 teacher_margin=0.5010441541671753 teacher_margin_term=0.004572028294205666 teacher_updates=1 temp_adv=1.1339999999999852 temp_nat=3.6189999999997116 temperature_updates=1 total_loss=0.04360102862119675 views=2
2026-09-18 09:22:06.759 | INFO     | __main__:<module>:870 - TRAIN_EPOCH_RESOURCE epoch=213 seconds=460.5775551609695 peak_allocated_bytes=8127488512
2026-09-18 09:22:06.760 | INFO     | __main__:<module>:477 - METHOD epoch=214 views=2 awp_gamma=0.001 consistency_weight=0.5
2026-09-18 09:22:06.760 | INFO     | __main__:<module>:480 - the 214th epoch 
2026-09-18 09:22:07.935 | INFO     | __main__:<module>:492 - METHOD_BATCH epoch=214 step=0 adv_kd=0.022940045222640038 awp_gamma=0.001 awp_relative_norm_max=0.0010000001639127731 clean_ce=0.14419907331466675 clean_ce_term=0.007209953851997852 consistency_term=0.0021265989635139704 consistency_weight=0.5 js_raw=0.04253197833895683 lr=0.06130583798736121 nat_kd=0.011303083971142769 pcgrad_conflicts=0 push=0.03707129508256912 push_term=0.0018535647541284561 student_updates=1 teacher_ce=0.4645192474126816 teacher_lr=2.635116051389537e-05 teacher_margin=0.5195888876914978 teacher_margin_term=0.004806197248399258 teacher_updates=1 temp_adv=1.136999999999985 temp_nat=3.615999999999712 temperature_updates=1 total_loss=0.0502394437789917 views=2
2026-09-18 09:24:05.402 | INFO     | __main__:<module>:492 - METHOD_BATCH epoch=214 step=100 adv_kd=0.01923922821879387 awp_gamma=0.001 awp_relative_norm_max=0.0010000001639127731 clean_ce=0.13508398830890656 clean_ce_term=0.006754199508577585 consistency_term=0.0015714698238298297 consistency_weight=0.5 js_raw=0.03142939507961273 lr=0.06130583798736121 nat_kd=0.009782765060663223 pcgrad_conflicts=0 push=0.03527606278657913 push_term=0.0017638031858950853 student_updates=1 teacher_ce=0.529629647731781 teacher_lr=2.635116051389537e-05 teacher_margin=0.4781177043914795 teacher_margin_term=0.0044225892052054405 teacher_updates=1 temp_adv=1.1309999999999856 temp_nat=3.6219999999997112 temperature_updates=1 total_loss=0.0435340479016304 views=2
2026-09-18 09:26:02.926 | INFO     | __main__:<module>:492 - METHOD_BATCH epoch=214 step=200 adv_kd=0.01932913437485695 awp_gamma=0.001 awp_relative_norm_max=0.0010000001639127731 clean_ce=0.12863485515117645 clean_ce_term=0.006431743036955595 consistency_term=0.001409046584740281 consistency_weight=0.5 js_raw=0.028180930763483047 lr=0.06130583798736121 nat_kd=0.008769234642386436 pcgrad_conflicts=0 push=0.03453534096479416 push_term=0.001726767048239708 student_updates=1 teacher_ce=0.5622564554214478 teacher_lr=2.635116051389537e-05 teacher_margin=0.4810945987701416 teacher_margin_term=0.004450125154107809 teacher_updates=1 temp_adv=1.1409999999999845 temp_nat=3.6119999999997123 temperature_updates=1 total_loss=0.04211604967713356 views=2
2026-09-18 09:28:00.764 | INFO     | __main__:<module>:492 - METHOD_BATCH epoch=214 step=300 adv_kd=0.021078303456306458 awp_gamma=0.001 awp_relative_norm_max=0.0010000001639127731 clean_ce=0.15463009476661682 clean_ce_term=0.007731504738330841 consistency_term=0.0012564646312966943 consistency_weight=0.5 js_raw=0.0251292921602726 lr=0.06130583798736121 nat_kd=0.011737022548913956 pcgrad_conflicts=0 push=0.04065575823187828 push_term=0.0020327880047261715 student_updates=1 teacher_ce=0.5421380698680878 teacher_lr=2.635116051389537e-05 teacher_margin=0.5313752889633179 teacher_margin_term=0.004915221594274044 teacher_updates=1 temp_adv=1.1389999999999847 temp_nat=3.613999999999712 temperature_updates=1 total_loss=0.04875130578875542 views=2
2026-09-18 09:29:46.582 | INFO     | __main__:<module>:870 - TRAIN_EPOCH_RESOURCE epoch=214 seconds=459.82203343883157 peak_allocated_bytes=8127488512
2026-09-18 09:29:46.583 | INFO     | __main__:<module>:477 - METHOD epoch=215 views=2 awp_gamma=0.001 consistency_weight=0.5
2026-09-18 09:29:46.583 | INFO     | __main__:<module>:480 - the 215th epoch 
2026-09-18 09:29:47.774 | INFO     | __main__:<module>:492 - METHOD_BATCH epoch=215 step=0 adv_kd=0.02517271414399147 awp_gamma=0.001 awp_relative_norm_max=0.0010000001639127731 clean_ce=0.11735241860151291 clean_ce_term=0.0058676209300756454 consistency_term=0.0014669972006231546 consistency_weight=0.5 js_raw=0.029339943081140518 lr=0.060282281466651357 nat_kd=0.008640890009701252 pcgrad_conflicts=0 push=0.03422094136476517 push_term=0.0017110472545027733 student_updates=1 teacher_ce=0.4901963025331497 teacher_lr=2.57996877282432e-05 teacher_margin=0.6452746987342834 teacher_margin_term=0.006049450486898422 teacher_updates=1 temp_adv=1.1299999999999857 temp_nat=3.622999999999711 temperature_updates=1 total_loss=0.048908721655607224 views=2
2026-09-18 09:31:45.243 | INFO     | __main__:<module>:492 - METHOD_BATCH epoch=215 step=100 adv_kd=0.022298138588666916 awp_gamma=0.001 awp_relative_norm_max=0.0010000001639127731 clean_ce=0.16453471779823303 clean_ce_term=0.008226735517382622 consistency_term=0.0017549016047269106 consistency_weight=0.5 js_raw=0.03509803116321564 lr=0.060282281466651357 nat_kd=0.014557596296072006 pcgrad_conflicts=0 push=0.03455204516649246 push_term=0.0017276022117584944 student_updates=1 teacher_ce=0.6288333535194397 teacher_lr=2.57996877282432e-05 teacher_margin=0.5369603633880615 teacher_margin_term=0.005034003872424364 teacher_updates=1 temp_adv=1.1301109091108967 temp_nat=3.6228890908887994 temperature_updates=1 total_loss=0.053598977625370026 views=2
2026-09-18 09:33:42.749 | INFO     | __main__:<module>:492 - METHOD_BATCH epoch=215 step=200 adv_kd=0.02311285212635994 awp_gamma=0.001 awp_relative_norm_max=0.0010000001639127731 clean_ce=0.12005548924207687 clean_ce_term=0.006002774462103844 consistency_term=0.0020010971929877996 consistency_weight=0.5 js_raw=0.04002194106578827 lr=0.060282281466651357 nat_kd=0.009406806901097298 pcgrad_conflicts=0 push=0.04081347584724426 push_term=0.0020406737457960844 student_updates=1 teacher_ce=0.45998384058475494 teacher_lr=2.57996877282432e-05 teacher_margin=0.6155346035957336 teacher_margin_term=0.005770637188106775 teacher_updates=1 temp_adv=1.1301109091108967 temp_nat=3.6228890908887994 temperature_updates=1 total_loss=0.048334840685129166 views=2
2026-09-18 09:35:40.416 | INFO     | __main__:<module>:492 - METHOD_BATCH epoch=215 step=300 adv_kd=0.02071734517812729 awp_gamma=0.001 awp_relative_norm_max=0.0010000001639127731 clean_ce=0.15113459527492523 clean_ce_term=0.0075567299500107765 consistency_term=0.0011921165278181434 consistency_weight=0.5 js_raw=0.023842331022024155 lr=0.060282281466651357 nat_kd=0.01402653194963932 pcgrad_conflicts=0 push=0.027755120769143105 push_term=0.001387756085023284 student_updates=1 teacher_ce=0.5546246767044067 teacher_lr=2.57996877282432e-05 teacher_margin=0.5057556629180908 teacher_margin_term=0.004741459619253874 teacher_updates=1 temp_adv=1.1301109091108967 temp_nat=3.6228890908887994 temperature_updates=1 total_loss=0.04962193965911865 views=2
2026-09-18 09:37:26.148 | INFO     | __main__:<module>:870 - TRAIN_EPOCH_RESOURCE epoch=215 seconds=459.5641119927168 peak_allocated_bytes=8127488512
2026-09-18 09:37:26.148 | INFO     | __main__:<module>:477 - METHOD epoch=216 views=2 awp_gamma=0.001 consistency_weight=0.5
2026-09-18 09:37:26.148 | INFO     | __main__:<module>:480 - the 216th epoch 
2026-09-18 09:37:27.326 | INFO     | __main__:<module>:492 - METHOD_BATCH epoch=216 step=0 adv_kd=0.024600164964795113 awp_gamma=0.001 awp_relative_norm_max=0.0010000001639127731 clean_ce=0.144063338637352 clean_ce_term=0.007203166838735342 consistency_term=0.0013145437696948647 consistency_weight=0.5 js_raw=0.026290874928236008 lr=0.05925423840674787 nat_kd=0.012561889365315437 pcgrad_conflicts=0 push=0.037147775292396545 push_term=0.0018573887646198273 student_updates=1 teacher_ce=0.469022661447525 teacher_lr=2.525205183859442e-05 teacher_margin=0.6035616397857666 teacher_margin_term=0.005733835510909557 teacher_updates=1 temp_adv=1.1301109091108967 temp_nat=3.6228890908887994 temperature_updates=1 total_loss=0.053270984441041946 views=2
2026-09-18 09:39:24.895 | INFO     | __main__:<module>:492 - METHOD_BATCH epoch=216 step=100 adv_kd=0.020121213048696518 awp_gamma=0.001 awp_relative_norm_max=0.0010000001639127731 clean_ce=0.13615703582763672 clean_ce_term=0.006807852536439896 consistency_term=0.0013520028442144394 consistency_weight=0.5 js_raw=0.027040056884288788 lr=0.05925423840674787 nat_kd=0.010845532640814781 pcgrad_conflicts=0 push=0.03928427770733833 push_term=0.001964214025065303 student_updates=1 teacher_ce=0.5603125691413879 teacher_lr=2.525205183859442e-05 teacher_margin=0.482287734746933 teacher_margin_term=0.0045817336067557335 teacher_updates=1 temp_adv=1.1301109091108967 temp_nat=3.6228890908887994 temperature_updates=1 total_loss=0.04567255079746246 views=2
2026-09-18 09:41:22.362 | INFO     | __main__:<module>:492 - METHOD_BATCH epoch=216 step=200 adv_kd=0.020238779485225677 awp_gamma=0.001 awp_relative_norm_max=0.0010000001639127731 clean_ce=0.13413295149803162 clean_ce_term=0.006706647574901581 consistency_term=0.0015500352019444108 consistency_weight=0.5 js_raw=0.03100070357322693 lr=0.05925423840674787 nat_kd=0.009469432756304741 pcgrad_conflicts=0 push=0.03984300419688225 push_term=0.0019921502098441124 student_updates=1 teacher_ce=0.5612640082836151 teacher_lr=2.525205183859442e-05 teacher_margin=0.4901816248893738 teacher_margin_term=0.004656725097447634 teacher_updates=1 temp_adv=1.1301109091108967 temp_nat=3.6228890908887994 temperature_updates=1 total_loss=0.04461377114057541 views=2
2026-09-18 09:43:19.933 | INFO     | __main__:<module>:492 - METHOD_BATCH epoch=216 step=300 adv_kd=0.0206656064838171 awp_gamma=0.001 awp_relative_norm_max=0.0010000001639127731 clean_ce=0.13588106632232666 clean_ce_term=0.006794053129851818 consistency_term=0.0017256982391700149 consistency_weight=0.5 js_raw=0.034513965249061584 lr=0.05925423840674787 nat_kd=0.010555109940469265 pcgrad_conflicts=0 push=0.03680147975683212 push_term=0.0018400740809738636 student_updates=1 teacher_ce=0.5624198615550995 teacher_lr=2.525205183859442e-05 teacher_margin=0.5100629329681396 teacher_margin_term=0.00484559778124094 teacher_updates=1 temp_adv=1.1301109091108967 temp_nat=3.6228890908887994 temperature_updates=1 total_loss=0.04642614349722862 views=2
2026-09-18 09:45:05.385 | INFO     | __main__:<module>:870 - TRAIN_EPOCH_RESOURCE epoch=216 seconds=459.23640282452106 peak_allocated_bytes=8127488512
2026-09-18 09:45:05.386 | INFO     | __main__:<module>:477 - METHOD epoch=217 views=2 awp_gamma=0.001 consistency_weight=0.5
2026-09-18 09:45:05.386 | INFO     | __main__:<module>:480 - the 217th epoch 
2026-09-18 09:45:06.560 | INFO     | __main__:<module>:492 - METHOD_BATCH epoch=217 step=0 adv_kd=0.02029220201075077 awp_gamma=0.001 awp_relative_norm_max=0.0010000001639127731 clean_ce=0.12913577258586884 clean_ce_term=0.006456788629293442 consistency_term=0.0015296518104150891 consistency_weight=0.5 js_raw=0.030593035742640495 lr=0.05822216170124611 nat_kd=0.00858356524258852 pcgrad_conflicts=0 push=0.05368892103433609 push_term=0.0026844460517168045 student_updates=1 teacher_ce=0.451033353805542 teacher_lr=2.470833902208863e-05 teacher_margin=0.5367839336395264 teacher_margin_term=0.005166545044630766 teacher_updates=1 temp_adv=1.1301109091108967 temp_nat=3.6228890908887994 temperature_updates=1 total_loss=0.04471319913864136 views=2
2026-09-18 09:47:03.955 | INFO     | __main__:<module>:492 - METHOD_BATCH epoch=217 step=100 adv_kd=0.024497810751199722 awp_gamma=0.001 awp_relative_norm_max=0.0010000001639127731 clean_ce=0.13290026783943176 clean_ce_term=0.006645013112574816 consistency_term=0.0017627746565267444 consistency_weight=0.5 js_raw=0.035255491733551025 lr=0.05822216170124611 nat_kd=0.013218311592936516 pcgrad_conflicts=0 push=0.03327449411153793 push_term=0.0016637247754260898 student_updates=1 teacher_ce=0.5542284548282623 teacher_lr=2.470833902208863e-05 teacher_margin=0.58443284034729 teacher_margin_term=0.0056251659989356995 teacher_updates=1 temp_adv=1.1301109091108967 temp_nat=3.6228890908887994 temperature_updates=1 total_loss=0.05341280251741409 views=2
2026-09-18 09:49:01.536 | INFO     | __main__:<module>:492 - METHOD_BATCH epoch=217 step=200 adv_kd=0.01939985156059265 awp_gamma=0.001 awp_relative_norm_max=0.0010000001639127731 clean_ce=0.1272469311952591 clean_ce_term=0.0063623469322919846 consistency_term=0.001236195326782763 consistency_weight=0.5 js_raw=0.024723906069993973 lr=0.05822216170124611 nat_kd=0.011259006336331367 pcgrad_conflicts=0 push=0.03508920222520828 push_term=0.0017544601578265429 student_updates=1 teacher_ce=0.6025955379009247 teacher_lr=2.470833902208863e-05 teacher_margin=0.4385407865047455 teacher_margin_term=0.004220955073833466 teacher_updates=1 temp_adv=1.1301109091108967 temp_nat=3.6228890908887994 temperature_updates=1 total_loss=0.044232819229364395 views=2
2026-09-18 09:50:59.072 | INFO     | __main__:<module>:492 - METHOD_BATCH epoch=217 step=300 adv_kd=0.02497272938489914 awp_gamma=0.001 awp_relative_norm_max=0.0010000001639127731 clean_ce=0.14187873899936676 clean_ce_term=0.007093937136232853 consistency_term=0.0015330930473282933 consistency_weight=0.5 js_raw=0.03066186048090458 lr=0.05822216170124611 nat_kd=0.011295669712126255 pcgrad_conflicts=0 push=0.039830468595027924 push_term=0.00199152366258204 student_updates=1 teacher_ce=0.5211436599493027 teacher_lr=2.470833902208863e-05 teacher_margin=0.5401325821876526 teacher_margin_term=0.005198775790631771 teacher_updates=1 temp_adv=1.1301109091108967 temp_nat=3.6228890908887994 temperature_updates=1 total_loss=0.05208573117852211 views=2
2026-09-18 09:52:44.812 | INFO     | __main__:<module>:870 - TRAIN_EPOCH_RESOURCE epoch=217 seconds=459.4260631427169 peak_allocated_bytes=8127488512
2026-09-18 09:52:44.815 | INFO     | __main__:<module>:477 - METHOD epoch=218 views=2 awp_gamma=0.001 consistency_weight=0.5
2026-09-18 09:52:44.815 | INFO     | __main__:<module>:480 - the 218th epoch 
2026-09-18 09:52:46.008 | INFO     | __main__:<module>:492 - METHOD_BATCH epoch=218 step=0 adv_kd=0.024641063064336777 awp_gamma=0.001 awp_relative_norm_max=0.0010000001639127731 clean_ce=0.1404912918806076 clean_ce_term=0.007024564780294895 consistency_term=0.0020960369147360325 consistency_weight=0.5 js_raw=0.0419207364320755 lr=0.05718650595846991 nat_kd=0.010467249900102615 pcgrad_conflicts=0 push=0.03729485720396042 push_term=0.0018647429533302784 student_updates=1 teacher_ce=0.4398650974035263 teacher_lr=2.416863481849594e-05 teacher_margin=0.641472578048706 teacher_margin_term=0.006254357751458883 teacher_updates=1 temp_adv=1.1301109091108967 temp_nat=3.6228890908887994 temperature_updates=1 total_loss=0.052348021417856216 views=2
2026-09-18 09:54:44.616 | INFO     | __main__:<module>:492 - METHOD_BATCH epoch=218 step=100 adv_kd=0.020984742790460587 awp_gamma=0.001 awp_relative_norm_max=0.0010000001639127731 clean_ce=0.141562819480896 clean_ce_term=0.007078141439706087 consistency_term=0.0020020236261188984 consistency_weight=0.5 js_raw=0.04004047065973282 lr=0.05718650595846991 nat_kd=0.011133017018437386 pcgrad_conflicts=0 push=0.038770828396081924 push_term=0.0019385414198040962 student_updates=1 teacher_ce=0.6133151054382324 teacher_lr=2.416863481849594e-05 teacher_margin=0.4425315856933594 teacher_margin_term=0.00431468291208148 teacher_updates=1 temp_adv=1.1301109091108967 temp_nat=3.6228890908887994 temperature_updates=1 total_loss=0.04745115339756012 views=2
2026-09-18 09:56:43.220 | INFO     | __main__:<module>:492 - METHOD_BATCH epoch=218 step=200 adv_kd=0.017256326973438263 awp_gamma=0.001 awp_relative_norm_max=0.0010000001639127731 clean_ce=0.14781054854393005 clean_ce_term=0.007390527054667473 consistency_term=0.0015198695473372936 consistency_weight=0.5 js_raw=0.030397390946745872 lr=0.05718650595846991 nat_kd=0.010447008535265923 pcgrad_conflicts=0 push=0.030961651355028152 push_term=0.0015480825677514076 student_updates=1 teacher_ce=0.5845147669315338 teacher_lr=2.416863481849594e-05 teacher_margin=0.41108348965644836 teacher_margin_term=0.004008064046502113 teacher_updates=1 temp_adv=1.1301109091108967 temp_nat=3.6228890908887994 temperature_updates=1 total_loss=0.042169880121946335 views=2
2026-09-18 09:58:41.149 | INFO     | __main__:<module>:492 - METHOD_BATCH epoch=218 step=300 adv_kd=0.023310944437980652 awp_gamma=0.001 awp_relative_norm_max=0.0010000001639127731 clean_ce=0.13174748420715332 clean_ce_term=0.006587374489754438 consistency_term=0.0014252107357606292 consistency_weight=0.5 js_raw=0.02850421518087387 lr=0.05718650595846991 nat_kd=0.009497374296188354 pcgrad_conflicts=0 push=0.020914068445563316 push_term=0.0010457034222781658 student_updates=1 teacher_ce=0.43043678998947144 teacher_lr=2.416863481849594e-05 teacher_margin=0.573387086391449 teacher_margin_term=0.005590524058789015 teacher_updates=1 temp_adv=1.1301109091108967 temp_nat=3.6228890908887994 temperature_updates=1 total_loss=0.04745713248848915 views=2
2026-09-18 10:00:27.005 | INFO     | __main__:<module>:870 - TRAIN_EPOCH_RESOURCE epoch=218 seconds=462.18991028517485 peak_allocated_bytes=8127488512
2026-09-18 10:00:27.006 | INFO     | __main__:<module>:477 - METHOD epoch=219 views=2 awp_gamma=0.001 consistency_weight=0.5
2026-09-18 10:00:27.006 | INFO     | __main__:<module>:480 - the 219th epoch 
2026-09-18 10:00:28.195 | INFO     | __main__:<module>:492 - METHOD_BATCH epoch=219 step=0 adv_kd=0.01390712521970272 awp_gamma=0.001 awp_relative_norm_max=0.0010000001639127731 clean_ce=0.14582867920398712 clean_ce_term=0.007291434332728386 consistency_term=0.0012660323409363627 consistency_weight=0.5 js_raw=0.025320645421743393 lr=0.05614772729905422 nat_kd=0.011227494105696678 pcgrad_conflicts=0 push=0.03092031367123127 push_term=0.0015460157301276922 student_updates=1 teacher_ce=0.6193910837173462 teacher_lr=2.3633024116586585e-05 teacher_margin=0.35911116003990173 teacher_margin_term=0.003546222811564803 teacher_updates=1 temp_adv=1.1301109091108967 temp_nat=3.6228890908887994 temperature_updates=1 total_loss=0.03878432512283325 views=2
2026-09-18 10:02:26.657 | INFO     | __main__:<module>:492 - METHOD_BATCH epoch=219 step=100 adv_kd=0.026217693462967873 awp_gamma=0.001 awp_relative_norm_max=0.0010000001639127731 clean_ce=0.13334140181541443 clean_ce_term=0.006667070556432009 consistency_term=0.0019632105249911547 consistency_weight=0.5 js_raw=0.03926420956850052 lr=0.05614772729905422 nat_kd=0.010296415537595749 pcgrad_conflicts=0 push=0.03726577386260033 push_term=0.0018632886931300163 student_updates=1 teacher_ce=0.49251919984817505 teacher_lr=2.3633024116586585e-05 teacher_margin=0.6177198886871338 teacher_margin_term=0.006099984049797058 teacher_updates=1 temp_adv=1.1301109091108967 temp_nat=3.6228890908887994 temperature_updates=1 total_loss=0.05310766026377678 views=2
2026-09-18 10:04:25.493 | INFO     | __main__:<module>:492 - METHOD_BATCH epoch=219 step=200 adv_kd=0.02273435890674591 awp_gamma=0.001 awp_relative_norm_max=0.0010000001639127731 clean_ce=0.1566636562347412 clean_ce_term=0.00783318281173706 consistency_term=0.0016882952768355608 consistency_weight=0.5 js_raw=0.03376590460538864 lr=0.05614772729905422 nat_kd=0.01169490534812212 pcgrad_conflicts=0 push=0.0349801629781723 push_term=0.001749008079059422 student_updates=1 teacher_ce=0.48478272557258606 teacher_lr=2.3633024116586585e-05 teacher_margin=0.49560123682022095 teacher_margin_term=0.004894062411040068 teacher_updates=1 temp_adv=1.1301109091108967 temp_nat=3.6228890908887994 temperature_updates=1 total_loss=0.05059381201863289 views=2
2026-09-18 10:06:23.607 | INFO     | __main__:<module>:492 - METHOD_BATCH epoch=219 step=300 adv_kd=0.014593484811484814 awp_gamma=0.001 awp_relative_norm_max=0.0010000001639127731 clean_ce=0.1261003017425537 clean_ce_term=0.006305014714598656 consistency_term=0.0010917903855443 consistency_weight=0.5 js_raw=0.021835807710886 lr=0.05614772729905422 nat_kd=0.008934552781283855 pcgrad_conflicts=0 push=0.0304652638733387 push_term=0.0015232632867991924 student_updates=1 teacher_ce=0.5208182036876678 teacher_lr=2.3633024116586585e-05 teacher_margin=0.3618183434009552 teacher_margin_term=0.0035729561932384968 teacher_updates=1 temp_adv=1.1301109091108967 temp_nat=3.6228890908887994 temperature_updates=1 total_loss=0.03602106124162674 views=2
2026-09-18 10:08:09.326 | INFO     | __main__:<module>:870 - TRAIN_EPOCH_RESOURCE epoch=219 seconds=462.3090720847249 peak_allocated_bytes=8127488512
2026-09-18 10:08:09.332 | INFO     | __main__:<module>:477 - METHOD epoch=220 views=2 awp_gamma=0.001 consistency_weight=0.5
2026-09-18 10:08:09.332 | INFO     | __main__:<module>:480 - the 220th epoch 
2026-09-18 10:08:10.519 | INFO     | __main__:<module>:492 - METHOD_BATCH epoch=220 step=0 adv_kd=0.01587148755788803 awp_gamma=0.001 awp_relative_norm_max=0.0010000001639127731 clean_ce=0.14475879073143005 clean_ce_term=0.0072379400953650475 consistency_term=0.0011449719313532114 consistency_weight=0.5 js_raw=0.022899437695741653 lr=0.05510628315287637 nat_kd=0.01134698186069727 pcgrad_conflicts=0 push=0.03354223445057869 push_term=0.0016771117225289345 student_updates=1 teacher_ce=0.5585902631282806 teacher_lr=2.310159114060635e-05 teacher_margin=0.3715554177761078 teacher_margin_term=0.003715554252266884 teacher_updates=1 temp_adv=1.1301109091108967 temp_nat=3.6228890908887994 temperature_updates=1 total_loss=0.04099404811859131 views=2
2026-09-18 10:10:08.298 | INFO     | __main__:<module>:492 - METHOD_BATCH epoch=220 step=100 adv_kd=0.028868263587355614 awp_gamma=0.001 awp_relative_norm_max=0.0010000001639127731 clean_ce=0.15648970007896423 clean_ce_term=0.007824484258890152 consistency_term=0.0029048528522253036 consistency_weight=0.5 js_raw=0.05809705704450607 lr=0.05510628315287637 nat_kd=0.01905054971575737 pcgrad_conflicts=0 push=0.034267932176589966 push_term=0.0017133967485278845 student_updates=1 teacher_ce=0.5792353451251984 teacher_lr=2.310159114060635e-05 teacher_margin=0.6490891575813293 teacher_margin_term=0.006490891333669424 teacher_updates=1 temp_adv=1.1301109091108967 temp_nat=3.6228890908887994 temperature_updates=1 total_loss=0.06685244292020798 views=2
2026-09-18 10:12:05.606 | INFO     | __main__:<module>:492 - METHOD_BATCH epoch=220 step=200 adv_kd=0.0191703662276268 awp_gamma=0.001 awp_relative_norm_max=0.001000000280328095 clean_ce=0.1424904465675354 clean_ce_term=0.007124521769583225 consistency_term=0.0016191868344321847 consistency_weight=0.5 js_raw=0.03238373622298241 lr=0.05510628315287637 nat_kd=0.011625462211668491 pcgrad_conflicts=0 push=0.03666965663433075 push_term=0.0018334828782826662 student_updates=1 teacher_ce=0.5609071850776672 teacher_lr=2.310159114060635e-05 teacher_margin=0.4452809691429138 teacher_margin_term=0.004452809691429138 teacher_updates=1 temp_adv=1.1301109091108967 temp_nat=3.6228890908887994 temperature_updates=1 total_loss=0.04582582786679268 views=2
2026-09-18 10:14:02.205 | INFO     | __main__:<module>:492 - METHOD_BATCH epoch=220 step=300 adv_kd=0.01808050274848938 awp_gamma=0.001 awp_relative_norm_max=0.0010000001639127731 clean_ce=0.1435578167438507 clean_ce_term=0.007177890278398991 consistency_term=0.0014000681694597006 consistency_weight=0.5 js_raw=0.028001362457871437 lr=0.05510628315287637 nat_kd=0.009726272895932198 pcgrad_conflicts=0 push=0.03719997778534889 push_term=0.001859998912550509 student_updates=1 teacher_ce=0.4484647959470749 teacher_lr=2.310159114060635e-05 teacher_margin=0.4468270242214203 teacher_margin_term=0.0044682701118290424 teacher_updates=1 temp_adv=1.1301109091108967 temp_nat=3.6228890908887994 temperature_updates=1 total_loss=0.04271300137042999 views=2
2026-09-18 10:15:47.032 | INFO     | __main__:<module>:870 - TRAIN_EPOCH_RESOURCE epoch=220 seconds=457.70003989338875 peak_allocated_bytes=8127488512
2026-09-18 10:16:17.876 | INFO     | __main__:<module>:927 - student robust acc 0.5385, teacher robust acc 0.6818, nat teacher robust acc 0.5246
2026-09-18 10:16:24.852 | INFO     | __main__:<module>:998 - best accuracy:0.7144999999999999
2026-09-18 10:16:24.857 | INFO     | __main__:<module>:1001 - student natural acc 0.8905, adv teacher natural acc 0.8787, nat teacher natural acc 0.9318
2026-09-18 10:16:24.874 | INFO     | __main__:<module>:477 - METHOD epoch=221 views=2 awp_gamma=0.001 consistency_weight=0.5
2026-09-18 10:16:24.874 | INFO     | __main__:<module>:480 - the 221th epoch 
2026-09-18 10:16:26.061 | INFO     | __main__:<module>:492 - METHOD_BATCH epoch=221 step=0 adv_kd=0.021017467603087425 awp_gamma=0.001 awp_relative_norm_max=0.0010000001639127731 clean_ce=0.13223707675933838 clean_ce_term=0.006611853837966919 consistency_term=0.0016273370711132884 consistency_weight=0.5 js_raw=0.032546740025281906 lr=0.05406263205542694 nat_kd=0.010263592004776001 pcgrad_conflicts=0 push=0.03659261018037796 push_term=0.001829630578868091 student_updates=1 teacher_ce=0.5601405501365662 teacher_lr=2.2574419436860326e-05 teacher_margin=0.5207167863845825 teacher_margin_term=0.005207167938351631 teacher_updates=1 temp_adv=1.1301109091108967 temp_nat=3.6228890908887994 temperature_updates=1 total_loss=0.046557050198316574 views=2
2026-09-18 10:18:22.738 | INFO     | __main__:<module>:492 - METHOD_BATCH epoch=221 step=100 adv_kd=0.02111731842160225 awp_gamma=0.001 awp_relative_norm_max=0.0010000001639127731 clean_ce=0.12796355783939362 clean_ce_term=0.006398177705705166 consistency_term=0.001470046816393733 consistency_weight=0.5 js_raw=0.029400935396552086 lr=0.05406263205542694 nat_kd=0.01092107780277729 pcgrad_conflicts=0 push=0.03835485130548477 push_term=0.001917742658406496 student_updates=1 teacher_ce=0.5404064953327179 teacher_lr=2.2574419436860326e-05 teacher_margin=0.5259531736373901 teacher_margin_term=0.0052595315501093864 teacher_updates=1 temp_adv=1.1301109091108967 temp_nat=3.6228890908887994 temperature_updates=1 total_loss=0.04708389937877655 views=2
2026-09-18 10:20:19.201 | INFO     | __main__:<module>:492 - METHOD_BATCH epoch=221 step=200 adv_kd=0.020091645419597626 awp_gamma=0.001 awp_relative_norm_max=0.0010000001639127731 clean_ce=0.13750895857810974 clean_ce_term=0.006875447928905487 consistency_term=0.0012659385101869702 consistency_weight=0.5 js_raw=0.025318769738078117 lr=0.05406263205542694 nat_kd=0.009355618618428707 pcgrad_conflicts=0 push=0.03647029399871826 push_term=0.001823514699935913 student_updates=1 teacher_ce=0.46504320204257965 teacher_lr=2.2574419436860326e-05 teacher_margin=0.4888079762458801 teacher_margin_term=0.004888080060482025 teacher_updates=1 temp_adv=1.1301109091108967 temp_nat=3.6228890908887994 temperature_updates=1 total_loss=0.044300246983766556 views=2
2026-09-18 10:22:15.956 | INFO     | __main__:<module>:492 - METHOD_BATCH epoch=221 step=300 adv_kd=0.022079888731241226 awp_gamma=0.001 awp_relative_norm_max=0.0010000001639127731 clean_ce=0.1506044566631317 clean_ce_term=0.007530222646892071 consistency_term=0.0018000142881646752 consistency_weight=0.5 js_raw=0.03600028529763222 lr=0.05406263205542694 nat_kd=0.011698959395289421 pcgrad_conflicts=0 push=0.03837193176150322 push_term=0.0019185965647920966 student_updates=1 teacher_ce=0.49081939458847046 teacher_lr=2.2574419436860326e-05 teacher_margin=0.5375902652740479 teacher_margin_term=0.005375902634114027 teacher_updates=1 temp_adv=1.1301109091108967 temp_nat=3.6228890908887994 temperature_updates=1 total_loss=0.05040358752012253 views=2
2026-09-18 10:24:00.561 | INFO     | __main__:<module>:870 - TRAIN_EPOCH_RESOURCE epoch=221 seconds=455.686952996999 peak_allocated_bytes=8125391360
2026-09-18 10:24:00.562 | INFO     | __main__:<module>:477 - METHOD epoch=222 views=2 awp_gamma=0.001 consistency_weight=0.5
2026-09-18 10:24:00.562 | INFO     | __main__:<module>:480 - the 222th epoch 
2026-09-18 10:24:01.731 | INFO     | __main__:<module>:492 - METHOD_BATCH epoch=222 step=0 adv_kd=0.019245896488428116 awp_gamma=0.001 awp_relative_norm_max=0.0010000001639127731 clean_ce=0.1312616467475891 clean_ce_term=0.006563082337379456 consistency_term=0.0014191226800903678 consistency_weight=0.5 js_raw=0.028382454067468643 lr=0.05301723344371193 nat_kd=0.009612144902348518 pcgrad_conflicts=0 push=0.031322527676820755 push_term=0.0015661263605579734 student_updates=1 teacher_ce=0.4882640242576599 teacher_lr=2.205159186040729e-05 teacher_margin=0.5096797347068787 teacher_margin_term=0.005096796900033951 teacher_updates=1 temp_adv=1.1301109091108967 temp_nat=3.6228890908887994 temperature_updates=1 total_loss=0.04350316897034645 views=2
2026-09-18 10:25:58.204 | INFO     | __main__:<module>:492 - METHOD_BATCH epoch=222 step=100 adv_kd=0.023677218705415726 awp_gamma=0.001 awp_relative_norm_max=0.0010000001639127731 clean_ce=0.13489753007888794 clean_ce_term=0.006744876503944397 consistency_term=0.0017004050314426422 consistency_weight=0.5 js_raw=0.034008100628852844 lr=0.05301723344371193 nat_kd=0.010707652196288109 pcgrad_conflicts=0 push=0.03219863772392273 push_term=0.0016099319327622652 student_updates=1 teacher_ce=0.6020440757274628 teacher_lr=2.205159186040729e-05 teacher_margin=0.5153658986091614 teacher_margin_term=0.005153658799827099 teacher_updates=1 temp_adv=1.1301109091108967 temp_nat=3.6228890908887994 temperature_updates=1 total_loss=0.049593742936849594 views=2
2026-09-18 10:27:54.565 | INFO     | __main__:<module>:492 - METHOD_BATCH epoch=222 step=200 adv_kd=0.020694352686405182 awp_gamma=0.001 awp_relative_norm_max=0.0010000001639127731 clean_ce=0.14121106266975403 clean_ce_term=0.0070605529472231865 consistency_term=0.001274822629056871 consistency_weight=0.5 js_raw=0.025496451184153557 lr=0.05301723344371193 nat_kd=0.01188646536320448 pcgrad_conflicts=0 push=0.043179336935281754 push_term=0.0021589668467640877 student_updates=1 teacher_ce=0.41157166659832 teacher_lr=2.205159186040729e-05 teacher_margin=0.5426406264305115 teacher_margin_term=0.005426405929028988 teacher_updates=1 temp_adv=1.1301109091108967 temp_nat=3.6228890908887994 temperature_updates=1 total_loss=0.04850156605243683 views=2
2026-09-18 10:29:50.758 | INFO     | __main__:<module>:492 - METHOD_BATCH epoch=222 step=300 adv_kd=0.025099016726017 awp_gamma=0.001 awp_relative_norm_max=0.0010000001639127731 clean_ce=0.12237095832824707 clean_ce_term=0.0061185481026768684 consistency_term=0.0031187981367111206 consistency_weight=0.5 js_raw=0.06237596273422241 lr=0.05301723344371193 nat_kd=0.010597651824355125 pcgrad_conflicts=0 push=0.04785933345556259 push_term=0.002392966765910387 student_updates=1 teacher_ce=0.5460354387760162 teacher_lr=2.205159186040729e-05 teacher_margin=0.5587763786315918 teacher_margin_term=0.005587764084339142 teacher_updates=1 temp_adv=1.1301109091108967 temp_nat=3.6228890908887994 temperature_updates=1 total_loss=0.05291474610567093 views=2
2026-09-18 10:31:35.308 | INFO     | __main__:<module>:870 - TRAIN_EPOCH_RESOURCE epoch=222 seconds=454.7453622817993 peak_allocated_bytes=8125391360
2026-09-18 10:31:35.308 | INFO     | __main__:<module>:477 - METHOD epoch=223 views=2 awp_gamma=0.001 consistency_weight=0.5
2026-09-18 10:31:35.308 | INFO     | __main__:<module>:480 - the 223th epoch 
2026-09-18 10:31:36.473 | INFO     | __main__:<module>:492 - METHOD_BATCH epoch=223 step=0 adv_kd=0.01917422190308571 awp_gamma=0.001 awp_relative_norm_max=0.0010000001639127731 clean_ce=0.13299351930618286 clean_ce_term=0.006649675779044628 consistency_term=0.0017059084493666887 consistency_weight=0.5 js_raw=0.0341181680560112 lr=0.051970547451777246 nat_kd=0.009105494245886803 pcgrad_conflicts=0 push=0.038227252662181854 push_term=0.0019113628659397364 student_updates=1 teacher_ce=0.5318916141986847 teacher_lr=2.1533190561866453e-05 teacher_margin=0.46731996536254883 teacher_margin_term=0.004673199728131294 teacher_updates=1 temp_adv=1.1301109091108967 temp_nat=3.6228890908887994 temperature_updates=1 total_loss=0.04321986436843872 views=2
2026-09-18 10:33:32.685 | INFO     | __main__:<module>:492 - METHOD_BATCH epoch=223 step=100 adv_kd=0.02137918397784233 awp_gamma=0.001 awp_relative_norm_max=0.0010000001639127731 clean_ce=0.12219764292240143 clean_ce_term=0.006109882146120071 consistency_term=0.001768219517543912 consistency_weight=0.5 js_raw=0.035364389419555664 lr=0.051970547451777246 nat_kd=0.009648646228015423 pcgrad_conflicts=0 push=0.04979503154754639 push_term=0.002489751437678933 student_updates=1 teacher_ce=0.45600754022598267 teacher_lr=2.1533190561866453e-05 teacher_margin=0.530505359172821 teacher_margin_term=0.005305053666234016 teacher_updates=1 temp_adv=1.1301109091108967 temp_nat=3.6228890908887994 temperature_updates=1 total_loss=0.04670073464512825 views=2
2026-09-18 10:35:28.927 | INFO     | __main__:<module>:492 - METHOD_BATCH epoch=223 step=200 adv_kd=0.017101556062698364 awp_gamma=0.001 awp_relative_norm_max=0.0010000001639127731 clean_ce=0.13828910887241364 clean_ce_term=0.006914455443620682 consistency_term=0.001706813694909215 consistency_weight=0.5 js_raw=0.034136272966861725 lr=0.051970547451777246 nat_kd=0.010708373971283436 pcgrad_conflicts=0 push=0.025531141087412834 push_term=0.0012765571009367704 student_updates=1 teacher_ce=0.6077374517917633 teacher_lr=2.1533190561866453e-05 teacher_margin=0.45380914211273193 teacher_margin_term=0.0045380908995866776 teacher_updates=1 temp_adv=1.1301109091108967 temp_nat=3.6228890908887994 temperature_updates=1 total_loss=0.04224584624171257 views=2
2026-09-18 10:37:25.239 | INFO     | __main__:<module>:492 - METHOD_BATCH epoch=223 step=300 adv_kd=0.022679662331938744 awp_gamma=0.001 awp_relative_norm_max=0.0010000001639127731 clean_ce=0.1364048719406128 clean_ce_term=0.006820243317633867 consistency_term=0.0018024620367214084 consistency_weight=0.5 js_raw=0.036049239337444305 lr=0.051970547451777246 nat_kd=0.01100426446646452 pcgrad_conflicts=0 push=0.03234133496880531 push_term=0.0016170667950063944 student_updates=1 teacher_ce=0.5682594180107117 teacher_lr=2.1533190561866453e-05 teacher_margin=0.5025681257247925 teacher_margin_term=0.005025681108236313 teacher_updates=1 temp_adv=1.1301109091108967 temp_nat=3.6228890908887994 temperature_updates=1 total_loss=0.04894937947392464 views=2
2026-09-18 10:39:09.644 | INFO     | __main__:<module>:870 - TRAIN_EPOCH_RESOURCE epoch=223 seconds=454.33556843176484 peak_allocated_bytes=8125391360
2026-09-18 10:39:09.645 | INFO     | __main__:<module>:477 - METHOD epoch=224 views=2 awp_gamma=0.001 consistency_weight=0.5
2026-09-18 10:39:09.645 | INFO     | __main__:<module>:480 - the 224th epoch 
2026-09-18 10:39:10.807 | INFO     | __main__:<module>:492 - METHOD_BATCH epoch=224 step=0 adv_kd=0.022330794483423233 awp_gamma=0.001 awp_relative_norm_max=0.0010000001639127731 clean_ce=0.18727008998394012 clean_ce_term=0.009363504126667976 consistency_term=0.0015462434384971857 consistency_weight=0.5 js_raw=0.03092486783862114 lr=0.05092303470594787 nat_kd=0.025571636855602264 pcgrad_conflicts=0 push=0.034278277307748795 push_term=0.0017139138653874397 student_updates=1 teacher_ce=0.6023893654346466 teacher_lr=2.1019296974338922e-05 teacher_margin=0.5299662947654724 teacher_margin_term=0.005299662705510855 teacher_updates=1 temp_adv=1.1301109091108967 temp_nat=3.6228890908887994 temperature_updates=1 total_loss=0.06582575291395187 views=2
2026-09-18 10:41:06.304 | INFO     | __main__:<module>:492 - METHOD_BATCH epoch=224 step=100 adv_kd=0.02075013890862465 awp_gamma=0.001 awp_relative_norm_max=0.0010000001639127731 clean_ce=0.1298205703496933 clean_ce_term=0.00649102870374918 consistency_term=0.002287119859829545 consistency_weight=0.5 js_raw=0.045742396265268326 lr=0.05092303470594787 nat_kd=0.00944402627646923 pcgrad_conflicts=0 push=0.045639365911483765 push_term=0.0022819682490080595 student_updates=1 teacher_ce=0.5170639157295227 teacher_lr=2.1019296974338922e-05 teacher_margin=0.5590643882751465 teacher_margin_term=0.005590643733739853 teacher_updates=1 temp_adv=1.1301109091108967 temp_nat=3.6228890908887994 temperature_updates=1 total_loss=0.04684492200613022 views=2
2026-09-18 10:43:01.696 | INFO     | __main__:<module>:492 - METHOD_BATCH epoch=224 step=200 adv_kd=0.014106785878539085 awp_gamma=0.001 awp_relative_norm_max=0.0010000001639127731 clean_ce=0.14090684056282043 clean_ce_term=0.007045342121273279 consistency_term=0.0009781282860785723 consistency_weight=0.5 js_raw=0.01956256479024887 lr=0.05092303470594787 nat_kd=0.01057220995426178 pcgrad_conflicts=0 push=0.038136936724185944 push_term=0.0019068469991907477 student_updates=1 teacher_ce=0.5225026905536652 teacher_lr=2.1019296974338922e-05 teacher_margin=0.3655076026916504 teacher_margin_term=0.003655076026916504 teacher_updates=1 temp_adv=1.1301109091108967 temp_nat=3.6228890908887994 temperature_updates=1 total_loss=0.03826438635587692 views=2
2026-09-18 10:44:56.769 | INFO     | __main__:<module>:492 - METHOD_BATCH epoch=224 step=300 adv_kd=0.027511244639754295 awp_gamma=0.001 awp_relative_norm_max=0.0010000001639127731 clean_ce=0.1472063660621643 clean_ce_term=0.007360318209975958 consistency_term=0.00236925994977355 consistency_weight=0.5 js_raw=0.04738519713282585 lr=0.05092303470594787 nat_kd=0.01242014579474926 pcgrad_conflicts=0 push=0.037657804787158966 push_term=0.0018828902393579483 student_updates=1 teacher_ce=0.5701751410961151 teacher_lr=2.1019296974338922e-05 teacher_margin=0.6611043214797974 teacher_margin_term=0.006611043121665716 teacher_updates=1 temp_adv=1.1301109091108967 temp_nat=3.6228890908887994 temperature_updates=1 total_loss=0.05815489962697029 views=2
2026-09-18 10:46:40.359 | INFO     | __main__:<module>:870 - TRAIN_EPOCH_RESOURCE epoch=224 seconds=450.71347434073687 peak_allocated_bytes=8125391360
2026-09-18 10:46:40.359 | INFO     | __main__:<module>:477 - METHOD epoch=225 views=2 awp_gamma=0.001 consistency_weight=0.5
2026-09-18 10:46:40.359 | INFO     | __main__:<module>:480 - the 225th epoch 
2026-09-18 10:46:41.514 | INFO     | __main__:<module>:492 - METHOD_BATCH epoch=225 step=0 adv_kd=0.01998034492135048 awp_gamma=0.001 awp_relative_norm_max=0.0010000001639127731 clean_ce=0.15057139098644257 clean_ce_term=0.007528569549322128 consistency_term=0.001657575718127191 consistency_weight=0.5 js_raw=0.03315151482820511 lr=0.049875156119873004 nat_kd=0.014081703498959541 pcgrad_conflicts=0 push=0.032057687640190125 push_term=0.001602884498424828 student_updates=1 teacher_ce=0.6464181840419769 teacher_lr=2.0509991800446132e-05 teacher_margin=0.5095791220664978 teacher_margin_term=0.005095791071653366 teacher_updates=1 temp_adv=1.1301109091108967 temp_nat=3.6228890908887994 temperature_updates=1 total_loss=0.0499468669295311 views=2
2026-09-18 10:48:36.660 | INFO     | __main__:<module>:492 - METHOD_BATCH epoch=225 step=100 adv_kd=0.014512967318296432 awp_gamma=0.001 awp_relative_norm_max=0.0010000001639127731 clean_ce=0.12822958827018738 clean_ce_term=0.006411479786038399 consistency_term=0.0013433715794235468 consistency_weight=0.5 js_raw=0.02686743065714836 lr=0.049875156119873004 nat_kd=0.008410224691033363 pcgrad_conflicts=0 push=0.0354713499546051 push_term=0.0017735674045979977 student_updates=1 teacher_ce=0.3909420371055603 teacher_lr=2.0509991800446132e-05 teacher_margin=0.3950163722038269 teacher_margin_term=0.003950163722038269 teacher_updates=1 temp_adv=1.1301109091108967 temp_nat=3.6228890908887994 temperature_updates=1 total_loss=0.03640177473425865 views=2
2026-09-18 10:50:31.545 | INFO     | __main__:<module>:492 - METHOD_BATCH epoch=225 step=200 adv_kd=0.016460128128528595 awp_gamma=0.001 awp_relative_norm_max=0.0010000001639127731 clean_ce=0.14792782068252563 clean_ce_term=0.007396390661597252 consistency_term=0.001065872609615326 consistency_weight=0.5 js_raw=0.02131745219230652 lr=0.049875156119873004 nat_kd=0.014424433000385761 pcgrad_conflicts=0 push=0.021248776465654373 push_term=0.0010624388232827187 student_updates=1 teacher_ce=0.6491169631481171 teacher_lr=2.0509991800446132e-05 teacher_margin=0.35807913541793823 teacher_margin_term=0.003580791177228093 teacher_updates=1 temp_adv=1.1301109091108967 temp_nat=3.6228890908887994 temperature_updates=1 total_loss=0.04399005323648453 views=2
2026-09-18 10:52:26.359 | INFO     | __main__:<module>:492 - METHOD_BATCH epoch=225 step=300 adv_kd=0.026916813105344772 awp_gamma=0.001 awp_relative_norm_max=0.0010000001639127731 clean_ce=0.15901684761047363 clean_ce_term=0.007950842380523682 consistency_term=0.0018898946000263095 consistency_weight=0.5 js_raw=0.03779789060354233 lr=0.049875156119873004 nat_kd=0.014181234873831272 pcgrad_conflicts=0 push=0.035198379307985306 push_term=0.0017599189886823297 student_updates=1 teacher_ce=0.5400878190994263 teacher_lr=2.0509991800446132e-05 teacher_margin=0.6495925188064575 teacher_margin_term=0.006495925597846508 teacher_updates=1 temp_adv=1.1301109091108967 temp_nat=3.6228890908887994 temperature_updates=1 total_loss=0.05919462814927101 views=2
2026-09-18 10:54:09.570 | INFO     | __main__:<module>:870 - TRAIN_EPOCH_RESOURCE epoch=225 seconds=449.2109195627272 peak_allocated_bytes=8125391360
2026-09-18 10:54:09.571 | INFO     | __main__:<module>:477 - METHOD epoch=226 views=2 awp_gamma=0.001 consistency_weight=0.5
2026-09-18 10:54:09.571 | INFO     | __main__:<module>:480 - the 226th epoch 
2026-09-18 10:54:10.722 | INFO     | __main__:<module>:492 - METHOD_BATCH epoch=226 step=0 adv_kd=0.017187336459755898 awp_gamma=0.001 awp_relative_norm_max=0.0010000001639127731 clean_ce=0.13294285535812378 clean_ce_term=0.006647142581641674 consistency_term=0.0017943866550922394 consistency_weight=0.5 js_raw=0.03588773310184479 lr=0.048827372689469545 nat_kd=0.009563576430082321 pcgrad_conflicts=0 push=0.039638701826334 push_term=0.0019819349981844425 student_updates=1 teacher_ce=0.5548218786716461 teacher_lr=2.000535499948697e-05 teacher_margin=0.444193035364151 teacher_margin_term=0.00444192998111248 teacher_updates=1 temp_adv=1.1301109091108967 temp_nat=3.6228890908887994 temperature_updates=1 total_loss=0.04161630943417549 views=2
2026-09-18 10:56:05.488 | INFO     | __main__:<module>:492 - METHOD_BATCH epoch=226 step=100 adv_kd=0.023824121803045273 awp_gamma=0.001 awp_relative_norm_max=0.0010000001639127731 clean_ce=0.1296437680721283 clean_ce_term=0.00648218858987093 consistency_term=0.0022126485127955675 consistency_weight=0.5 js_raw=0.044252969324588776 lr=0.048827372689469545 nat_kd=0.009585870429873466 pcgrad_conflicts=0 push=0.035067006945610046 push_term=0.0017533504869788885 student_updates=1 teacher_ce=0.4633878618478775 teacher_lr=2.000535499948697e-05 teacher_margin=0.5216250419616699 teacher_margin_term=0.005216250661760569 teacher_updates=1 temp_adv=1.1301109091108967 temp_nat=3.6228890908887994 temperature_updates=1 total_loss=0.049074430018663406 views=2
2026-09-18 10:58:00.398 | INFO     | __main__:<module>:492 - METHOD_BATCH epoch=226 step=200 adv_kd=0.019217707216739655 awp_gamma=0.001 awp_relative_norm_max=0.0010000001639127731 clean_ce=0.14225509762763977 clean_ce_term=0.007112755440175533 consistency_term=0.001735567464493215 consistency_weight=0.5 js_raw=0.03471134975552559 lr=0.048827372689469545 nat_kd=0.010033965110778809 pcgrad_conflicts=0 push=0.03648128733038902 push_term=0.0018240644130855799 student_updates=1 teacher_ce=0.5212742388248444 teacher_lr=2.000535499948697e-05 teacher_margin=0.487080454826355 teacher_margin_term=0.004870804026722908 teacher_updates=1 temp_adv=1.1301109091108967 temp_nat=3.6228890908887994 temperature_updates=1 total_loss=0.04479486495256424 views=2
2026-09-18 10:59:55.348 | INFO     | __main__:<module>:492 - METHOD_BATCH epoch=226 step=300 adv_kd=0.01912812516093254 awp_gamma=0.001 awp_relative_norm_max=0.0010000001639127731 clean_ce=0.13419154286384583 clean_ce_term=0.006709577050060034 consistency_term=0.0015348895685747266 consistency_weight=0.5 js_raw=0.030697790905833244 lr=0.048827372689469545 nat_kd=0.010405202396214008 pcgrad_conflicts=0 push=0.045171670615673065 push_term=0.002258583437651396 student_updates=1 teacher_ce=0.5063525438308716 teacher_lr=2.000535499948697e-05 teacher_margin=0.4442477822303772 teacher_margin_term=0.004442477598786354 teacher_updates=1 temp_adv=1.1301109091108967 temp_nat=3.6228890908887994 temperature_updates=1 total_loss=0.044478852301836014 views=2
2026-09-18 11:01:38.572 | INFO     | __main__:<module>:870 - TRAIN_EPOCH_RESOURCE epoch=226 seconds=449.00058483332396 peak_allocated_bytes=8125391360
2026-09-18 11:01:38.572 | INFO     | __main__:<module>:477 - METHOD epoch=227 views=2 awp_gamma=0.001 consistency_weight=0.5
2026-09-18 11:01:38.573 | INFO     | __main__:<module>:480 - the 227th epoch 
2026-09-18 11:01:39.724 | INFO     | __main__:<module>:492 - METHOD_BATCH epoch=227 step=0 adv_kd=0.016046371310949326 awp_gamma=0.001 awp_relative_norm_max=0.0010000001639127731 clean_ce=0.12390554696321487 clean_ce_term=0.006195277441293001 consistency_term=0.0009833803633227944 consistency_weight=0.5 js_raw=0.0196676068007946 lr=0.04778014528785533 nat_kd=0.008977623656392097 pcgrad_conflicts=0 push=0.03200281783938408 push_term=0.0016001409385353327 student_updates=1 teacher_ce=0.47803646326065063 teacher_lr=1.950546577471579e-05 teacher_margin=0.43929150700569153 teacher_margin_term=0.004392914939671755 teacher_updates=1 temp_adv=1.1301109091108967 temp_nat=3.6228890908887994 temperature_updates=1 total_loss=0.03819570690393448 views=2
2026-09-18 11:03:34.627 | INFO     | __main__:<module>:492 - METHOD_BATCH epoch=227 step=100 adv_kd=0.013682959601283073 awp_gamma=0.001 awp_relative_norm_max=0.0010000001639127731 clean_ce=0.12204539775848389 clean_ce_term=0.0061022695153951645 consistency_term=0.001459787948988378 consistency_weight=0.5 js_raw=0.02919575944542885 lr=0.04778014528785533 nat_kd=0.007924789562821388 pcgrad_conflicts=0 push=0.033144041895866394 push_term=0.0016572020249441266 student_updates=1 teacher_ce=0.5442063808441162 teacher_lr=1.950546577471579e-05 teacher_margin=0.3415065109729767 teacher_margin_term=0.003415064886212349 teacher_updates=1 temp_adv=1.1301109091108967 temp_nat=3.6228890908887994 temperature_updates=1 total_loss=0.03424207493662834 views=2
2026-09-18 11:05:29.527 | INFO     | __main__:<module>:492 - METHOD_BATCH epoch=227 step=200 adv_kd=0.016748882830142975 awp_gamma=0.001 awp_relative_norm_max=0.0010000001639127731 clean_ce=0.1247689425945282 clean_ce_term=0.0062384470365941525 consistency_term=0.001159396953880787 consistency_weight=0.5 js_raw=0.023187939077615738 lr=0.04778014528785533 nat_kd=0.010335474275052547 pcgrad_conflicts=0 push=0.043319035321474075 push_term=0.0021659517660737038 student_updates=1 teacher_ce=0.4881769269704819 teacher_lr=1.950546577471579e-05 teacher_margin=0.44596290588378906 teacher_margin_term=0.004459628835320473 teacher_updates=1 temp_adv=1.1301109091108967 temp_nat=3.6228890908887994 temperature_updates=1 total_loss=0.04110777750611305 views=2
2026-09-18 11:07:24.766 | INFO     | __main__:<module>:492 - METHOD_BATCH epoch=227 step=300 adv_kd=0.024848146364092827 awp_gamma=0.001 awp_relative_norm_max=0.0010000001639127731 clean_ce=0.12986326217651367 clean_ce_term=0.0064931632950901985 consistency_term=0.0019106678664684296 consistency_weight=0.5 js_raw=0.03821335732936859 lr=0.04778014528785533 nat_kd=0.010596178472042084 pcgrad_conflicts=0 push=0.04316496104001999 push_term=0.002158248331397772 student_updates=1 teacher_ce=0.5550118684768677 teacher_lr=1.950546577471579e-05 teacher_margin=0.595355749130249 teacher_margin_term=0.005953557789325714 teacher_updates=1 temp_adv=1.1301109091108967 temp_nat=3.6228890908887994 temperature_updates=1 total_loss=0.05195996165275574 views=2
2026-09-18 11:09:10.572 | INFO     | __main__:<module>:870 - TRAIN_EPOCH_RESOURCE epoch=227 seconds=451.9949387125671 peak_allocated_bytes=8125391360
2026-09-18 11:09:10.591 | INFO     | __main__:<module>:477 - METHOD epoch=228 views=2 awp_gamma=0.001 consistency_weight=0.5
2026-09-18 11:09:10.591 | INFO     | __main__:<module>:480 - the 228th epoch 
2026-09-18 11:09:11.788 | INFO     | __main__:<module>:492 - METHOD_BATCH epoch=228 step=0 adv_kd=0.017582610249519348 awp_gamma=0.001 awp_relative_norm_max=0.0010000001639127731 clean_ce=0.12638619542121887 clean_ce_term=0.006319309584796429 consistency_term=0.0015715474728494883 consistency_weight=0.5 js_raw=0.03143094852566719 lr=0.04673393446036483 nat_kd=0.008846716955304146 pcgrad_conflicts=0 push=0.045097466558218 push_term=0.002254873514175415 student_updates=1 teacher_ce=0.47963187098503113 teacher_lr=1.901040256074372e-05 teacher_margin=0.4705173373222351 teacher_margin_term=0.004705172963440418 teacher_updates=1 temp_adv=1.1301109091108967 temp_nat=3.6228890908887994 temperature_updates=1 total_loss=0.04128023236989975 views=2
2026-09-18 11:11:09.581 | INFO     | __main__:<module>:492 - METHOD_BATCH epoch=228 step=100 adv_kd=0.01750066876411438 awp_gamma=0.001 awp_relative_norm_max=0.0010000001639127731 clean_ce=0.1525222510099411 clean_ce_term=0.007626112550497055 consistency_term=0.0014273201813921332 consistency_weight=0.5 js_raw=0.028546404093503952 lr=0.04673393446036483 nat_kd=0.012457470409572124 pcgrad_conflicts=0 push=0.034202367067337036 push_term=0.001710118493065238 student_updates=1 teacher_ce=0.6375464498996735 teacher_lr=1.901040256074372e-05 teacher_margin=0.4295346736907959 teacher_margin_term=0.004295346327126026 teacher_updates=1 temp_adv=1.1301109091108967 temp_nat=3.6228890908887994 temperature_updates=1 total_loss=0.04501703754067421 views=2
2026-09-18 11:13:06.480 | INFO     | __main__:<module>:492 - METHOD_BATCH epoch=228 step=200 adv_kd=0.014035498723387718 awp_gamma=0.001 awp_relative_norm_max=0.0010000001639127731 clean_ce=0.14228636026382446 clean_ce_term=0.007114318199455738 consistency_term=0.0011959715047851205 consistency_weight=0.5 js_raw=0.023919429630041122 lr=0.04673393446036483 nat_kd=0.010136457160115242 pcgrad_conflicts=0 push=0.03830769658088684 push_term=0.0019153847824782133 student_updates=1 teacher_ce=0.5340179204940796 teacher_lr=1.901040256074372e-05 teacher_margin=0.34185895323753357 teacher_margin_term=0.003418589476495981 teacher_updates=1 temp_adv=1.1301109091108967 temp_nat=3.6228890908887994 temperature_updates=1 total_loss=0.03781621903181076 views=2
2026-09-18 11:15:03.765 | INFO     | __main__:<module>:492 - METHOD_BATCH epoch=228 step=300 adv_kd=0.019243821501731873 awp_gamma=0.001 awp_relative_norm_max=0.0010000001639127731 clean_ce=0.12935680150985718 clean_ce_term=0.006467840634286404 consistency_term=0.0013041545171290636 consistency_weight=0.5 js_raw=0.026083089411258698 lr=0.04673393446036483 nat_kd=0.009694579988718033 pcgrad_conflicts=0 push=0.03229068964719772 push_term=0.001614534412510693 student_updates=1 teacher_ce=0.4745534211397171 teacher_lr=1.901040256074372e-05 teacher_margin=0.5180705189704895 teacher_margin_term=0.005180705338716507 teacher_updates=1 temp_adv=1.1301109091108967 temp_nat=3.6228890908887994 temperature_updates=1 total_loss=0.04350563511252403 views=2
2026-09-18 11:16:49.205 | INFO     | __main__:<module>:870 - TRAIN_EPOCH_RESOURCE epoch=228 seconds=458.61385536566377 peak_allocated_bytes=8125391360
2026-09-18 11:16:49.206 | INFO     | __main__:<module>:477 - METHOD epoch=229 views=2 awp_gamma=0.001 consistency_weight=0.5
2026-09-18 11:16:49.206 | INFO     | __main__:<module>:480 - the 229th epoch 
2026-09-18 11:16:50.378 | INFO     | __main__:<module>:492 - METHOD_BATCH epoch=229 step=0 adv_kd=0.017935022711753845 awp_gamma=0.001 awp_relative_norm_max=0.0010000001639127731 clean_ce=0.14207014441490173 clean_ce_term=0.007103507407009602 consistency_term=0.001204758882522583 consistency_weight=0.5 js_raw=0.02409517765045166 lr=0.045689200219738255 nat_kd=0.011772127822041512 pcgrad_conflicts=0 push=0.030872615054249763 push_term=0.0015436308458447456 student_updates=1 teacher_ce=0.49743081629276276 teacher_lr=1.852024301106453e-05 teacher_margin=0.4439280033111572 teacher_margin_term=0.004439279902726412 teacher_updates=1 temp_adv=1.1301109091108967 temp_nat=3.6228890908887994 temperature_updates=1 total_loss=0.04399832710623741 views=2
2026-09-18 11:18:47.281 | INFO     | __main__:<module>:492 - METHOD_BATCH epoch=229 step=100 adv_kd=0.01661955937743187 awp_gamma=0.001 awp_relative_norm_max=0.0010000001639127731 clean_ce=0.12720611691474915 clean_ce_term=0.006360305473208427 consistency_term=0.001018040464259684 consistency_weight=0.5 js_raw=0.020360808819532394 lr=0.045689200219738255 nat_kd=0.01061071828007698 pcgrad_conflicts=0 push=0.03444579243659973 push_term=0.0017222895985469222 student_updates=1 teacher_ce=0.509259045124054 teacher_lr=1.852024301106453e-05 teacher_margin=0.37472984194755554 teacher_margin_term=0.0037472983822226524 teacher_updates=1 temp_adv=1.1301109091108967 temp_nat=3.6228890908887994 temperature_updates=1 total_loss=0.04007820785045624 views=2
2026-09-18 11:20:43.953 | INFO     | __main__:<module>:492 - METHOD_BATCH epoch=229 step=200 adv_kd=0.01783854141831398 awp_gamma=0.001 awp_relative_norm_max=0.0010000001639127731 clean_ce=0.11967489123344421 clean_ce_term=0.005983744747936726 consistency_term=0.001609116792678833 consistency_weight=0.5 js_raw=0.03218233585357666 lr=0.045689200219738255 nat_kd=0.009332762099802494 pcgrad_conflicts=0 push=0.02496001124382019 push_term=0.001248000655323267 student_updates=1 teacher_ce=0.45974989235401154 teacher_lr=1.852024301106453e-05 teacher_margin=0.5024887323379517 teacher_margin_term=0.005024887155741453 teacher_updates=1 temp_adv=1.1301109091108967 temp_nat=3.6228890908887994 temperature_updates=1 total_loss=0.04103705286979675 views=2
2026-09-18 11:22:41.161 | INFO     | __main__:<module>:492 - METHOD_BATCH epoch=229 step=300 adv_kd=0.02124430239200592 awp_gamma=0.001 awp_relative_norm_max=0.0010000001639127731 clean_ce=0.12620417773723602 clean_ce_term=0.006310208700597286 consistency_term=0.001999767031520605 consistency_weight=0.5 js_raw=0.03999533876776695 lr=0.045689200219738255 nat_kd=0.009262103587388992 pcgrad_conflicts=0 push=0.04268551245331764 push_term=0.002134275622665882 student_updates=1 teacher_ce=0.4635595977306366 teacher_lr=1.852024301106453e-05 teacher_margin=0.4991797208786011 teacher_margin_term=0.004991796799004078 teacher_updates=1 temp_adv=1.1301109091108967 temp_nat=3.6228890908887994 temperature_updates=1 total_loss=0.04594245180487633 views=2
2026-09-18 11:24:26.563 | INFO     | __main__:<module>:870 - TRAIN_EPOCH_RESOURCE epoch=229 seconds=457.35635909438133 peak_allocated_bytes=8125391360
2026-09-18 11:24:26.563 | INFO     | __main__:<module>:477 - METHOD epoch=230 views=2 awp_gamma=0.001 consistency_weight=0.5
2026-09-18 11:24:26.563 | INFO     | __main__:<module>:480 - the 230th epoch 
2026-09-18 11:24:27.736 | INFO     | __main__:<module>:492 - METHOD_BATCH epoch=230 step=0 adv_kd=0.014996866695582867 awp_gamma=0.001 awp_relative_norm_max=0.0010000001639127731 clean_ce=0.14360275864601135 clean_ce_term=0.007180137559771538 consistency_term=0.001605349825695157 consistency_weight=0.5 js_raw=0.032106995582580566 lr=0.044646401841576866 nat_kd=0.012951841577887535 pcgrad_conflicts=0 push=0.03186216950416565 push_term=0.0015931085217744112 student_updates=1 teacher_ce=0.633480429649353 teacher_lr=1.803506398570773e-05 teacher_margin=0.3825027644634247 teacher_margin_term=0.003825027495622635 teacher_updates=1 temp_adv=1.1301109091108967 temp_nat=3.6228890908887994 temperature_updates=1 total_loss=0.04215233400464058 views=2
2026-09-18 11:26:24.737 | INFO     | __main__:<module>:492 - METHOD_BATCH epoch=230 step=100 adv_kd=0.0152430459856987 awp_gamma=0.001 awp_relative_norm_max=0.0010000001639127731 clean_ce=0.13581889867782593 clean_ce_term=0.006790945306420326 consistency_term=0.001316029578447342 consistency_weight=0.5 js_raw=0.02632059156894684 lr=0.044646401841576866 nat_kd=0.00976525992155075 pcgrad_conflicts=0 push=0.03260055556893349 push_term=0.0016300277784466743 student_updates=1 teacher_ce=0.6092619299888611 teacher_lr=1.803506398570773e-05 teacher_margin=0.3866019546985626 teacher_margin_term=0.0038660194259136915 teacher_updates=1 temp_adv=1.1301109091108967 temp_nat=3.6228890908887994 temperature_updates=1 total_loss=0.03861132636666298 views=2
2026-09-18 11:28:21.184 | INFO     | __main__:<module>:492 - METHOD_BATCH epoch=230 step=200 adv_kd=0.016825271770358086 awp_gamma=0.001 awp_relative_norm_max=0.0010000001639127731 clean_ce=0.12583234906196594 clean_ce_term=0.006291617639362812 consistency_term=0.0013536288170143962 consistency_weight=0.5 js_raw=0.027072574943304062 lr=0.044646401841576866 nat_kd=0.008865920826792717 pcgrad_conflicts=0 push=0.028476856648921967 push_term=0.0014238429721444845 student_updates=1 teacher_ce=0.5029374808073044 teacher_lr=1.803506398570773e-05 teacher_margin=0.4567779302597046 teacher_margin_term=0.00456777960062027 teacher_updates=1 temp_adv=1.1301109091108967 temp_nat=3.6228890908887994 temperature_updates=1 total_loss=0.039328061044216156 views=2
2026-09-18 11:30:17.444 | INFO     | __main__:<module>:492 - METHOD_BATCH epoch=230 step=300 adv_kd=0.018373603001236916 awp_gamma=0.001 awp_relative_norm_max=0.0010000001639127731 clean_ce=0.1330094039440155 clean_ce_term=0.0066504706628620625 consistency_term=0.0016107384581118822 consistency_weight=0.5 js_raw=0.03221476823091507 lr=0.044646401841576866 nat_kd=0.010880966670811176 pcgrad_conflicts=0 push=0.03837451711297035 push_term=0.0019187259022146463 student_updates=1 teacher_ce=0.5812661945819855 teacher_lr=1.803506398570773e-05 teacher_margin=0.4285927414894104 teacher_margin_term=0.0042859273962676525 teacher_updates=1 temp_adv=1.1301109091108967 temp_nat=3.6228890908887994 temperature_updates=1 total_loss=0.04372043162584305 views=2
2026-09-18 11:32:01.474 | INFO     | __main__:<module>:870 - TRAIN_EPOCH_RESOURCE epoch=230 seconds=454.91019106283784 peak_allocated_bytes=8125391360
2026-09-18 11:32:32.705 | INFO     | __main__:<module>:927 - student robust acc 0.5379, teacher robust acc 0.6830, nat teacher robust acc 0.5307
2026-09-18 11:32:39.198 | INFO     | __main__:<module>:998 - best accuracy:0.71505
2026-09-18 11:32:39.198 | INFO     | __main__:<module>:1001 - student natural acc 0.8922, adv teacher natural acc 0.8796, nat teacher natural acc 0.9318
2026-09-18 11:32:39.200 | INFO     | __main__:<module>:477 - METHOD epoch=231 views=2 awp_gamma=0.001 consistency_weight=0.5
2026-09-18 11:32:39.200 | INFO     | __main__:<module>:480 - the 231th epoch 
2026-09-18 11:32:40.371 | INFO     | __main__:<module>:492 - METHOD_BATCH epoch=231 step=0 adv_kd=0.014842741191387177 awp_gamma=0.001 awp_relative_norm_max=0.0010000001639127731 clean_ce=0.14794735610485077 clean_ce_term=0.007397368084639311 consistency_term=0.0013520031934604049 consistency_weight=0.5 js_raw=0.027040064334869385 lr=0.04360599766015518 nat_kd=0.015525372698903084 pcgrad_conflicts=0 push=0.029795974493026733 push_term=0.0014897987712174654 student_updates=1 teacher_ce=0.5336346328258514 teacher_lr=1.7554941539020694e-05 teacher_margin=0.38728436827659607 teacher_margin_term=0.003872843459248543 teacher_updates=1 temp_adv=1.1301109091108967 temp_nat=3.6228890908887994 temperature_updates=1 total_loss=0.044480130076408386 views=2
2026-09-18 11:34:37.156 | INFO     | __main__:<module>:492 - METHOD_BATCH epoch=231 step=100 adv_kd=0.017535457387566566 awp_gamma=0.001 awp_relative_norm_max=0.0010000001639127731 clean_ce=0.15146857500076294 clean_ce_term=0.007573429495096207 consistency_term=0.001554179354570806 consistency_weight=0.5 js_raw=0.031083587557077408 lr=0.04360599766015518 nat_kd=0.013299510814249516 pcgrad_conflicts=0 push=0.033040378242731094 push_term=0.001652018865570426 student_updates=1 teacher_ce=0.5158859491348267 teacher_lr=1.7554941539020694e-05 teacher_margin=0.4352632164955139 teacher_margin_term=0.004352631978690624 teacher_updates=1 temp_adv=1.1301109091108967 temp_nat=3.6228890908887994 temperature_updates=1 total_loss=0.0459672287106514 views=2
2026-09-18 11:36:34.140 | INFO     | __main__:<module>:492 - METHOD_BATCH epoch=231 step=200 adv_kd=0.02157648280262947 awp_gamma=0.001 awp_relative_norm_max=0.0010000001639127731 clean_ce=0.14227144420146942 clean_ce_term=0.007113572210073471 consistency_term=0.0016064051305875182 consistency_weight=0.5 js_raw=0.03212810307741165 lr=0.04360599766015518 nat_kd=0.012647949159145355 pcgrad_conflicts=0 push=0.035986751317977905 push_term=0.001799337682314217 student_updates=1 teacher_ce=0.5777899920940399 teacher_lr=1.7554941539020694e-05 teacher_margin=0.5560624003410339 teacher_margin_term=0.005560623481869698 teacher_updates=1 temp_adv=1.1301109091108967 temp_nat=3.6228890908887994 temperature_updates=1 total_loss=0.05030436813831329 views=2
2026-09-18 11:38:30.626 | INFO     | __main__:<module>:492 - METHOD_BATCH epoch=231 step=300 adv_kd=0.023858346045017242 awp_gamma=0.001 awp_relative_norm_max=0.0010000001639127731 clean_ce=0.13822269439697266 clean_ce_term=0.00691113481298089 consistency_term=0.001698910491541028 consistency_weight=0.5 js_raw=0.033978208899497986 lr=0.04360599766015518 nat_kd=0.012831819243729115 pcgrad_conflicts=0 push=0.03277713805437088 push_term=0.001638856832869351 student_updates=1 teacher_ce=0.6164413392543793 teacher_lr=1.7554941539020694e-05 teacher_margin=0.5454692244529724 teacher_margin_term=0.005454692058265209 teacher_updates=1 temp_adv=1.1301109091108967 temp_nat=3.6228890908887994 temperature_updates=1 total_loss=0.05239376425743103 views=2
2026-09-18 11:40:15.174 | INFO     | __main__:<module>:870 - TRAIN_EPOCH_RESOURCE epoch=231 seconds=455.9724668376148 peak_allocated_bytes=8127488512
2026-09-18 11:40:15.175 | INFO     | __main__:<module>:477 - METHOD epoch=232 views=2 awp_gamma=0.001 consistency_weight=0.5
2026-09-18 11:40:15.175 | INFO     | __main__:<module>:480 - the 232th epoch 
2026-09-18 11:40:16.336 | INFO     | __main__:<module>:492 - METHOD_BATCH epoch=232 step=0 adv_kd=0.01864832639694214 awp_gamma=0.001 awp_relative_norm_max=0.0010000001639127731 clean_ce=0.1272580325603485 clean_ce_term=0.006362902000546455 consistency_term=0.0011699175229296088 consistency_weight=0.5 js_raw=0.023398350924253464 lr=0.04256844486468253 nat_kd=0.008894880302250385 pcgrad_conflicts=0 push=0.03506794571876526 push_term=0.0017533974023535848 student_updates=1 teacher_ce=0.39491797983646393 teacher_lr=1.707995090758158e-05 teacher_margin=0.515283465385437 teacher_margin_term=0.005152834579348564 teacher_updates=1 temp_adv=1.1301109091108967 temp_nat=3.6228890908887994 temperature_updates=1 total_loss=0.0419822558760643 views=2
2026-09-18 11:42:12.670 | INFO     | __main__:<module>:492 - METHOD_BATCH epoch=232 step=100 adv_kd=0.014911044389009476 awp_gamma=0.001 awp_relative_norm_max=0.0010000001639127731 clean_ce=0.13414153456687927 clean_ce_term=0.006707076448947191 consistency_term=0.0019060518825426698 consistency_weight=0.5 js_raw=0.03812103718519211 lr=0.04256844486468253 nat_kd=0.008562999777495861 pcgrad_conflicts=0 push=0.036402538418769836 push_term=0.0018201270140707493 student_updates=1 teacher_ce=0.4827096611261368 teacher_lr=1.707995090758158e-05 teacher_margin=0.3868175446987152 teacher_margin_term=0.0038681752048432827 teacher_updates=1 temp_adv=1.1301109091108967 temp_nat=3.6228890908887994 temperature_updates=1 total_loss=0.03777547553181648 views=2
2026-09-18 11:44:09.249 | INFO     | __main__:<module>:492 - METHOD_BATCH epoch=232 step=200 adv_kd=0.01622767746448517 awp_gamma=0.001 awp_relative_norm_max=0.0010000001639127731 clean_ce=0.13488894701004028 clean_ce_term=0.006744447164237499 consistency_term=0.0013684406876564026 consistency_weight=0.5 js_raw=0.027368813753128052 lr=0.04256844486468253 nat_kd=0.008548256009817123 pcgrad_conflicts=0 push=0.032707251608371735 push_term=0.0016353626269847155 student_updates=1 teacher_ce=0.5167419910430908 teacher_lr=1.707995090758158e-05 teacher_margin=0.4713732898235321 teacher_margin_term=0.004713732749223709 teacher_updates=1 temp_adv=1.1301109091108967 temp_nat=3.6228890908887994 temperature_updates=1 total_loss=0.039237916469573975 views=2
2026-09-18 11:46:05.771 | INFO     | __main__:<module>:492 - METHOD_BATCH epoch=232 step=300 adv_kd=0.020357642322778702 awp_gamma=0.001 awp_relative_norm_max=0.0010000001639127731 clean_ce=0.12470005452632904 clean_ce_term=0.006235003005713224 consistency_term=0.0020166293252259493 consistency_weight=0.5 js_raw=0.04033258557319641 lr=0.04256844486468253 nat_kd=0.009017987176775932 pcgrad_conflicts=0 push=0.04705214127898216 push_term=0.0023526072036474943 student_updates=1 teacher_ce=0.4274961054325104 teacher_lr=1.707995090758158e-05 teacher_margin=0.5082426071166992 teacher_margin_term=0.005082425661385059 teacher_updates=1 temp_adv=1.1301109091108967 temp_nat=3.6228890908887994 temperature_updates=1 total_loss=0.045062292367219925 views=2
2026-09-18 11:47:50.478 | INFO     | __main__:<module>:870 - TRAIN_EPOCH_RESOURCE epoch=232 seconds=455.30332776904106 peak_allocated_bytes=8127488512
2026-09-18 11:47:50.479 | INFO     | __main__:<module>:477 - METHOD epoch=233 views=2 awp_gamma=0.001 consistency_weight=0.5
2026-09-18 11:47:50.479 | INFO     | __main__:<module>:480 - the 233th epoch 
2026-09-18 11:47:51.647 | INFO     | __main__:<module>:492 - METHOD_BATCH epoch=233 step=0 adv_kd=0.018906954675912857 awp_gamma=0.001 awp_relative_norm_max=0.0010000001639127731 clean_ce=0.1507250964641571 clean_ce_term=0.007536254823207855 consistency_term=0.002007611794397235 consistency_weight=0.5 js_raw=0.040152233093976974 lr=0.04153419929610434 nat_kd=0.010817479342222214 pcgrad_conflicts=0 push=0.04249615594744682 push_term=0.002124807797372341 student_updates=1 teacher_ce=0.5363493859767914 teacher_lr=1.6610166498245057e-05 teacher_margin=0.4653274714946747 teacher_margin_term=0.004653274547308683 teacher_updates=1 temp_adv=1.1301109091108967 temp_nat=3.6228890908887994 temperature_updates=1 total_loss=0.04604637995362282 views=2
2026-09-18 11:49:48.196 | INFO     | __main__:<module>:492 - METHOD_BATCH epoch=233 step=100 adv_kd=0.012564659118652344 awp_gamma=0.001 awp_relative_norm_max=0.0010000001639127731 clean_ce=0.12729746103286743 clean_ce_term=0.006364873144775629 consistency_term=0.0010858349269255996 consistency_weight=0.5 js_raw=0.02171669900417328 lr=0.04153419929610434 nat_kd=0.007552317343652248 pcgrad_conflicts=0 push=0.03252986818552017 push_term=0.0016264934092760086 student_updates=1 teacher_ce=0.43435703217983246 teacher_lr=1.6610166498245057e-05 teacher_margin=0.34875696897506714 teacher_margin_term=0.003487569512799382 teacher_updates=1 temp_adv=1.1301109091108967 temp_nat=3.6228890908887994 temperature_updates=1 total_loss=0.032681748270988464 views=2
2026-09-18 11:51:44.712 | INFO     | __main__:<module>:492 - METHOD_BATCH epoch=233 step=200 adv_kd=0.01790010929107666 awp_gamma=0.001 awp_relative_norm_max=0.0010000001639127731 clean_ce=0.1273764818906784 clean_ce_term=0.006368824280798435 consistency_term=0.0017259623855352402 consistency_weight=0.5 js_raw=0.0345192477107048 lr=0.04153419929610434 nat_kd=0.009369684383273125 pcgrad_conflicts=0 push=0.03247358277440071 push_term=0.0016236791852861643 student_updates=1 teacher_ce=0.47103795409202576 teacher_lr=1.6610166498245057e-05 teacher_margin=0.45958083868026733 teacher_margin_term=0.004595808684825897 teacher_updates=1 temp_adv=1.1301109091108967 temp_nat=3.6228890908887994 temperature_updates=1 total_loss=0.0415840670466423 views=2
2026-09-18 11:53:42.172 | INFO     | __main__:<module>:492 - METHOD_BATCH epoch=233 step=300 adv_kd=0.02169560268521309 awp_gamma=0.001 awp_relative_norm_max=0.0010000001639127731 clean_ce=0.14417299628257751 clean_ce_term=0.007208649534732103 consistency_term=0.0017483413685113192 consistency_weight=0.5 js_raw=0.03496682643890381 lr=0.04153419929610434 nat_kd=0.015055656433105469 pcgrad_conflicts=0 push=0.036667145788669586 push_term=0.0018333573825657368 student_updates=1 teacher_ce=0.5976247191429138 teacher_lr=1.6610166498245057e-05 teacher_margin=0.519673228263855 teacher_margin_term=0.005196732468903065 teacher_updates=1 temp_adv=1.1301109091108967 temp_nat=3.6228890908887994 temperature_updates=1 total_loss=0.05273834243416786 views=2
2026-09-18 11:55:27.621 | INFO     | __main__:<module>:870 - TRAIN_EPOCH_RESOURCE epoch=233 seconds=457.14117700234056 peak_allocated_bytes=8127488512
2026-09-18 11:55:27.621 | INFO     | __main__:<module>:477 - METHOD epoch=234 views=2 awp_gamma=0.001 consistency_weight=0.5
2026-09-18 11:55:27.621 | INFO     | __main__:<module>:480 - the 234th epoch 
2026-09-18 11:55:28.790 | INFO     | __main__:<module>:492 - METHOD_BATCH epoch=234 step=0 adv_kd=0.013751085847616196 awp_gamma=0.001 awp_relative_norm_max=0.0010000001639127731 clean_ce=0.1375492960214615 clean_ce_term=0.006877465173602104 consistency_term=0.001257913769222796 consistency_weight=0.5 js_raw=0.025158274918794632 lr=0.040503715244535096 nat_kd=0.010039535351097584 pcgrad_conflicts=0 push=0.041718967258930206 push_term=0.0020859483629465103 student_updates=1 teacher_ce=0.5314059853553772 teacher_lr=1.614566187632305e-05 teacher_margin=0.38368844985961914 teacher_margin_term=0.003836884628981352 teacher_updates=1 temp_adv=1.1301109091108967 temp_nat=3.6228890908887994 temperature_updates=1 total_loss=0.037848833948373795 views=2
2026-09-18 11:57:25.451 | INFO     | __main__:<module>:492 - METHOD_BATCH epoch=234 step=100 adv_kd=0.017064519226551056 awp_gamma=0.001 awp_relative_norm_max=0.0010000001639127731 clean_ce=0.1380048394203186 clean_ce_term=0.006900242529809475 consistency_term=0.001954851672053337 consistency_weight=0.5 js_raw=0.03909703344106674 lr=0.040503715244535096 nat_kd=0.009166525676846504 pcgrad_conflicts=0 push=0.04041697084903717 push_term=0.0020208486821502447 student_updates=1 teacher_ce=0.43275322020053864 teacher_lr=1.614566187632305e-05 teacher_margin=0.4788196086883545 teacher_margin_term=0.004788195714354515 teacher_updates=1 temp_adv=1.1301109091108967 temp_nat=3.6228890908887994 temperature_updates=1 total_loss=0.04189518094062805 views=2
2026-09-18 11:59:22.466 | INFO     | __main__:<module>:492 - METHOD_BATCH epoch=234 step=200 adv_kd=0.01907697319984436 awp_gamma=0.001 awp_relative_norm_max=0.0010000001639127731 clean_ce=0.13874763250350952 clean_ce_term=0.006937382277101278 consistency_term=0.0013640540419146419 consistency_weight=0.5 js_raw=0.027281079441308975 lr=0.040503715244535096 nat_kd=0.012936986982822418 pcgrad_conflicts=0 push=0.034925125539302826 push_term=0.001746256137266755 student_updates=1 teacher_ce=0.4547759145498276 teacher_lr=1.614566187632305e-05 teacher_margin=0.48018690943717957 teacher_margin_term=0.0048018693923950195 teacher_updates=1 temp_adv=1.1301109091108967 temp_nat=3.6228890908887994 temperature_updates=1 total_loss=0.04686351865530014 views=2
2026-09-18 12:01:19.231 | INFO     | __main__:<module>:492 - METHOD_BATCH epoch=234 step=300 adv_kd=0.01696230284869671 awp_gamma=0.001 awp_relative_norm_max=0.0010000001639127731 clean_ce=0.14604464173316956 clean_ce_term=0.007302232552319765 consistency_term=0.0015763394767418504 consistency_weight=0.5 js_raw=0.03152678906917572 lr=0.040503715244535096 nat_kd=0.009349030442535877 pcgrad_conflicts=0 push=0.030582308769226074 push_term=0.0015291154850274324 student_updates=1 teacher_ce=0.5241502225399017 teacher_lr=1.614566187632305e-05 teacher_margin=0.47539713978767395 teacher_margin_term=0.0047539714723825455 teacher_updates=1 temp_adv=1.1301109091108967 temp_nat=3.6228890908887994 temperature_updates=1 total_loss=0.041472990065813065 views=2
2026-09-18 12:03:04.068 | INFO     | __main__:<module>:870 - TRAIN_EPOCH_RESOURCE epoch=234 seconds=456.44581059738994 peak_allocated_bytes=8127488512
2026-09-18 12:03:04.068 | INFO     | __main__:<module>:477 - METHOD epoch=235 views=2 awp_gamma=0.001 consistency_weight=0.5
2026-09-18 12:03:04.068 | INFO     | __main__:<module>:480 - the 235th epoch 
2026-09-18 12:03:05.235 | INFO     | __main__:<module>:492 - METHOD_BATCH epoch=235 step=0 adv_kd=0.01415155827999115 awp_gamma=0.001 awp_relative_norm_max=0.0010000001639127731 clean_ce=0.13197830319404602 clean_ce_term=0.006598914973437786 consistency_term=0.0015219993656501174 consistency_weight=0.5 js_raw=0.030439987778663635 lr=0.03947744524741262 nat_kd=0.009818213060498238 pcgrad_conflicts=0 push=0.03698545694351196 push_term=0.0018492728704586625 student_updates=1 teacher_ce=0.5916312336921692 teacher_lr=1.5686509753901947e-05 teacher_margin=0.3263854384422302 teacher_margin_term=0.0032638544216752052 teacher_updates=1 temp_adv=1.1301109091108967 temp_nat=3.6228890908887994 temperature_updates=1 total_loss=0.03720381483435631 views=2
2026-09-18 12:05:01.900 | INFO     | __main__:<module>:492 - METHOD_BATCH epoch=235 step=100 adv_kd=0.014944339171051979 awp_gamma=0.001 awp_relative_norm_max=0.0010000001639127731 clean_ce=0.1283791959285736 clean_ce_term=0.00641896016895771 consistency_term=0.0009243011591024697 consistency_weight=0.5 js_raw=0.01848602294921875 lr=0.03947744524741262 nat_kd=0.009589594788849354 pcgrad_conflicts=0 push=0.03485758602619171 push_term=0.001742879394441843 student_updates=1 teacher_ce=0.4722217470407486 teacher_lr=1.5686509753901947e-05 teacher_margin=0.4026075005531311 teacher_margin_term=0.004026074893772602 teacher_updates=1 temp_adv=1.1301109091108967 temp_nat=3.6228890908887994 temperature_updates=1 total_loss=0.03764614835381508 views=2
2026-09-18 12:06:58.588 | INFO     | __main__:<module>:492 - METHOD_BATCH epoch=235 step=200 adv_kd=0.014606397598981857 awp_gamma=0.001 awp_relative_norm_max=0.0010000001639127731 clean_ce=0.1480444073677063 clean_ce_term=0.007402220740914345 consistency_term=0.0012909859651699662 consistency_weight=0.5 js_raw=0.025819718837738037 lr=0.03947744524741262 nat_kd=0.01702459156513214 pcgrad_conflicts=0 push=0.021194083616137505 push_term=0.001059704227373004 student_updates=1 teacher_ce=0.5150143504142761 teacher_lr=1.5686509753901947e-05 teacher_margin=0.36470887064933777 teacher_margin_term=0.0036470885388553143 teacher_updates=1 temp_adv=1.1301109091108967 temp_nat=3.6228890908887994 temperature_updates=1 total_loss=0.04503098875284195 views=2
2026-09-18 12:08:55.438 | INFO     | __main__:<module>:492 - METHOD_BATCH epoch=235 step=300 adv_kd=0.016506493091583252 awp_gamma=0.001 awp_relative_norm_max=0.0010000001639127731 clean_ce=0.13730578124523163 clean_ce_term=0.006865289062261581 consistency_term=0.0009457580745220184 consistency_weight=0.5 js_raw=0.01891516149044037 lr=0.03947744524741262 nat_kd=0.010471118614077568 pcgrad_conflicts=0 push=0.02810106985270977 push_term=0.0014050535392016172 student_updates=1 teacher_ce=0.5291137099266052 teacher_lr=1.5686509753901947e-05 teacher_margin=0.4059237539768219 teacher_margin_term=0.00405923742800951 teacher_updates=1 temp_adv=1.1301109091108967 temp_nat=3.6228890908887994 temperature_updates=1 total_loss=0.04025295004248619 views=2
2026-09-18 12:10:40.314 | INFO     | __main__:<module>:870 - TRAIN_EPOCH_RESOURCE epoch=235 seconds=456.2436794489622 peak_allocated_bytes=8127488512
2026-09-18 12:10:40.314 | INFO     | __main__:<module>:477 - METHOD epoch=236 views=2 awp_gamma=0.001 consistency_weight=0.5
2026-09-18 12:10:40.314 | INFO     | __main__:<module>:480 - the 236th epoch 
2026-09-18 12:10:41.482 | INFO     | __main__:<module>:492 - METHOD_BATCH epoch=236 step=0 adv_kd=0.012914585880935192 awp_gamma=0.001 awp_relative_norm_max=0.0010000001639127731 clean_ce=0.1351812183856964 clean_ce_term=0.006759060546755791 consistency_term=0.0011760405031964183 consistency_weight=0.5 js_raw=0.023520810529589653 lr=0.03845583988846525 nat_kd=0.01232796348631382 pcgrad_conflicts=0 push=0.034734275192022324 push_term=0.001736713806167245 student_updates=1 teacher_ce=0.5506266951560974 teacher_lr=1.523278197829834e-05 teacher_margin=0.31312668323516846 teacher_margin_term=0.0031312666833400726 teacher_updates=1 temp_adv=1.1301109091108967 temp_nat=3.6228890908887994 temperature_updates=1 total_loss=0.03804563358426094 views=2
2026-09-18 12:12:38.187 | INFO     | __main__:<module>:492 - METHOD_BATCH epoch=236 step=100 adv_kd=0.017062868922948837 awp_gamma=0.001 awp_relative_norm_max=0.0010000001639127731 clean_ce=0.13782069087028503 clean_ce_term=0.006891034543514252 consistency_term=0.0018343040719628334 consistency_weight=0.5 js_raw=0.03668608143925667 lr=0.03845583988846525 nat_kd=0.009931576438248158 pcgrad_conflicts=0 push=0.046966396272182465 push_term=0.0023483196273446083 student_updates=1 teacher_ce=0.5146189033985138 teacher_lr=1.523278197829834e-05 teacher_margin=0.4493047595024109 teacher_margin_term=0.0044930474832654 teacher_updates=1 temp_adv=1.1301109091108967 temp_nat=3.6228890908887994 temperature_updates=1 total_loss=0.04256115108728409 views=2
2026-09-18 12:14:34.639 | INFO     | __main__:<module>:492 - METHOD_BATCH epoch=236 step=200 adv_kd=0.01726432889699936 awp_gamma=0.001 awp_relative_norm_max=0.0010000001639127731 clean_ce=0.1275385320186615 clean_ce_term=0.00637692678719759 consistency_term=0.001871217042207718 consistency_weight=0.5 js_raw=0.03742434084415436 lr=0.03845583988846525 nat_kd=0.007891980931162834 pcgrad_conflicts=0 push=0.03339734673500061 push_term=0.0016698671970516443 student_updates=1 teacher_ce=0.6289134323596954 teacher_lr=1.523278197829834e-05 teacher_margin=0.3800390660762787 teacher_margin_term=0.0038003907538950443 teacher_updates=1 temp_adv=1.1301109091108967 temp_nat=3.6228890908887994 temperature_updates=1 total_loss=0.03887471184134483 views=2
2026-09-18 12:16:30.883 | INFO     | __main__:<module>:492 - METHOD_BATCH epoch=236 step=300 adv_kd=0.01669631339609623 awp_gamma=0.001 awp_relative_norm_max=0.0010000001639127731 clean_ce=0.1383885145187378 clean_ce_term=0.006919425912201405 consistency_term=0.0012559554306790233 consistency_weight=0.5 js_raw=0.025119109079241753 lr=0.03845583988846525 nat_kd=0.010671463795006275 pcgrad_conflicts=0 push=0.032058630138635635 push_term=0.0016029315302148461 student_updates=1 teacher_ce=0.5468376278877258 teacher_lr=1.523278197829834e-05 teacher_margin=0.4414225220680237 teacher_margin_term=0.004414224997162819 teacher_updates=1 temp_adv=1.1301109091108967 temp_nat=3.6228890908887994 temperature_updates=1 total_loss=0.04156031459569931 views=2
2026-09-18 12:18:15.263 | INFO     | __main__:<module>:870 - TRAIN_EPOCH_RESOURCE epoch=236 seconds=454.94819021224976 peak_allocated_bytes=8127488512
2026-09-18 12:18:15.263 | INFO     | __main__:<module>:477 - METHOD epoch=237 views=2 awp_gamma=0.001 consistency_weight=0.5
2026-09-18 12:18:15.264 | INFO     | __main__:<module>:480 - the 237th epoch 
2026-09-18 12:18:16.429 | INFO     | __main__:<module>:492 - METHOD_BATCH epoch=237 step=0 adv_kd=0.01429132092744112 awp_gamma=0.001 awp_relative_norm_max=0.0010000001639127731 clean_ce=0.1474325954914093 clean_ce_term=0.00737162958830595 consistency_term=0.0018956767162308097 consistency_weight=0.5 js_raw=0.03791353479027748 lr=0.037439347597580934 nat_kd=0.013198010623455048 pcgrad_conflicts=0 push=0.03629335016012192 push_term=0.0018146676011383533 student_updates=1 teacher_ce=0.5588095784187317 teacher_lr=1.4784549520655335e-05 teacher_margin=0.3397776484489441 teacher_margin_term=0.0033977762795984745 teacher_updates=1 temp_adv=1.1301109091108967 temp_nat=3.6228890908887994 temperature_updates=1 total_loss=0.04196907952427864 views=2
2026-09-18 12:20:12.537 | INFO     | __main__:<module>:492 - METHOD_BATCH epoch=237 step=100 adv_kd=0.01618853211402893 awp_gamma=0.001 awp_relative_norm_max=0.0010000001639127731 clean_ce=0.11575634032487869 clean_ce_term=0.00578781682997942 consistency_term=0.0014240076998248696 consistency_weight=0.5 js_raw=0.028480153530836105 lr=0.037439347597580934 nat_kd=0.008927000686526299 pcgrad_conflicts=0 push=0.034611377865076065 push_term=0.001730568939819932 student_updates=1 teacher_ce=0.5443935096263885 teacher_lr=1.4784549520655335e-05 teacher_margin=0.4503100514411926 teacher_margin_term=0.004503100179135799 teacher_updates=1 temp_adv=1.1301109091108967 temp_nat=3.6228890908887994 temperature_updates=1 total_loss=0.038561027497053146 views=2
2026-09-18 12:22:08.700 | INFO     | __main__:<module>:492 - METHOD_BATCH epoch=237 step=200 adv_kd=0.013175835832953453 awp_gamma=0.001 awp_relative_norm_max=0.0010000001639127731 clean_ce=0.13574908673763275 clean_ce_term=0.006787454709410667 consistency_term=0.0017003167886286974 consistency_weight=0.5 js_raw=0.03400633484125137 lr=0.037439347597580934 nat_kd=0.01021857000887394 pcgrad_conflicts=0 push=0.03539957106113434 push_term=0.0017699787858873606 student_updates=1 teacher_ce=0.6795167624950409 teacher_lr=1.4784549520655335e-05 teacher_margin=0.2770422101020813 teacher_margin_term=0.002770422026515007 teacher_updates=1 temp_adv=1.1301109091108967 temp_nat=3.6228890908887994 temperature_updates=1 total_loss=0.03642257675528526 views=2
2026-09-18 12:24:04.846 | INFO     | __main__:<module>:492 - METHOD_BATCH epoch=237 step=300 adv_kd=0.020320193842053413 awp_gamma=0.001 awp_relative_norm_max=0.0010000001639127731 clean_ce=0.14153943955898285 clean_ce_term=0.007076972164213657 consistency_term=0.0018986668437719345 consistency_weight=0.5 js_raw=0.03797333687543869 lr=0.037439347597580934 nat_kd=0.010758192278444767 pcgrad_conflicts=0 push=0.04198732599616051 push_term=0.002099366392940283 student_updates=1 teacher_ce=0.4158082604408264 teacher_lr=1.4784549520655335e-05 teacher_margin=0.5546003580093384 teacher_margin_term=0.005546003580093384 teacher_updates=1 temp_adv=1.1301109091108967 temp_nat=3.6228890908887994 temperature_updates=1 total_loss=0.047699399292469025 views=2
2026-09-18 12:25:49.377 | INFO     | __main__:<module>:870 - TRAIN_EPOCH_RESOURCE epoch=237 seconds=454.11351865530014 peak_allocated_bytes=8127488512
2026-09-18 12:25:49.378 | INFO     | __main__:<module>:477 - METHOD epoch=238 views=2 awp_gamma=0.001 consistency_weight=0.5
2026-09-18 12:25:49.378 | INFO     | __main__:<module>:480 - the 238th epoch 
2026-09-18 12:25:50.550 | INFO     | __main__:<module>:492 - METHOD_BATCH epoch=238 step=0 adv_kd=0.01654626429080963 awp_gamma=0.001 awp_relative_norm_max=0.0010000001639127731 clean_ce=0.12703247368335724 clean_ce_term=0.006351623684167862 consistency_term=0.0017148833721876144 consistency_weight=0.5 js_raw=0.03429766744375229 lr=0.03642841445166847 nat_kd=0.008576449006795883 pcgrad_conflicts=0 push=0.03341799974441528 push_term=0.0016709000337868929 student_updates=1 teacher_ce=0.5358324348926544 teacher_lr=1.4341882464680924e-05 teacher_margin=0.43688851594924927 teacher_margin_term=0.004368884954601526 teacher_updates=1 temp_adv=1.1301109091108967 temp_nat=3.6228890908887994 temperature_updates=1 total_loss=0.039229005575180054 views=2
2026-09-18 12:27:45.885 | INFO     | __main__:<module>:492 - METHOD_BATCH epoch=238 step=100 adv_kd=0.019913723692297935 awp_gamma=0.001 awp_relative_norm_max=0.0010000001639127731 clean_ce=0.1200052946805954 clean_ce_term=0.006000264547765255 consistency_term=0.0014974938239902258 consistency_weight=0.5 js_raw=0.02994987554848194 lr=0.03642841445166847 nat_kd=0.00957702286541462 pcgrad_conflicts=0 push=0.04123419150710106 push_term=0.002061709761619568 student_updates=1 teacher_ce=0.4909960627555847 teacher_lr=1.4341882464680924e-05 teacher_margin=0.4918687045574188 teacher_margin_term=0.004918687045574188 teacher_updates=1 temp_adv=1.1301109091108967 temp_nat=3.6228890908887994 temperature_updates=1 total_loss=0.04396890103816986 views=2
2026-09-18 12:29:41.557 | INFO     | __main__:<module>:492 - METHOD_BATCH epoch=238 step=200 adv_kd=0.013273213990032673 awp_gamma=0.001 awp_relative_norm_max=0.0010000001639127731 clean_ce=0.12509803473949432 clean_ce_term=0.006254902109503746 consistency_term=0.0011891992762684822 consistency_weight=0.5 js_raw=0.023783985525369644 lr=0.03642841445166847 nat_kd=0.008306333795189857 pcgrad_conflicts=0 push=0.027648665010929108 push_term=0.0013824333436787128 student_updates=1 teacher_ce=0.5507926046848297 teacher_lr=1.4341882464680924e-05 teacher_margin=0.3538947105407715 teacher_margin_term=0.0035389468539506197 teacher_updates=1 temp_adv=1.1301109091108967 temp_nat=3.6228890908887994 temperature_updates=1 total_loss=0.033945027738809586 views=2
2026-09-18 12:31:37.112 | INFO     | __main__:<module>:492 - METHOD_BATCH epoch=238 step=300 adv_kd=0.0132924634963274 awp_gamma=0.001 awp_relative_norm_max=0.0010000001639127731 clean_ce=0.136402428150177 clean_ce_term=0.00682012178003788 consistency_term=0.0013021150371059775 consistency_weight=0.5 js_raw=0.026042301207780838 lr=0.03642841445166847 nat_kd=0.007949138060212135 pcgrad_conflicts=0 push=0.03075398877263069 push_term=0.0015376994851976633 student_updates=1 teacher_ce=0.47636979818344116 teacher_lr=1.4341882464680924e-05 teacher_margin=0.369378924369812 teacher_margin_term=0.0036937890108674765 teacher_updates=1 temp_adv=1.1301109091108967 temp_nat=3.6228890908887994 temperature_updates=1 total_loss=0.03459532558917999 views=2
2026-09-18 12:33:20.849 | INFO     | __main__:<module>:870 - TRAIN_EPOCH_RESOURCE epoch=238 seconds=451.47054652124643 peak_allocated_bytes=8127488512
2026-09-18 12:33:20.849 | INFO     | __main__:<module>:477 - METHOD epoch=239 views=2 awp_gamma=0.001 consistency_weight=0.5
2026-09-18 12:33:20.849 | INFO     | __main__:<module>:480 - the 239th epoch 
2026-09-18 12:33:22.012 | INFO     | __main__:<module>:492 - METHOD_BATCH epoch=239 step=0 adv_kd=0.015645552426576614 awp_gamma=0.001 awp_relative_norm_max=0.0010000001639127731 clean_ce=0.13505837321281433 clean_ce_term=0.006752918474376202 consistency_term=0.0014393763849511743 consistency_weight=0.5 js_raw=0.028787527233362198 lr=0.03542348397659967 nat_kd=0.00934474915266037 pcgrad_conflicts=0 push=0.04063203185796738 push_term=0.002031601732596755 student_updates=1 teacher_ce=0.5527468621730804 teacher_lr=1.3904849995530317e-05 teacher_margin=0.40591979026794434 teacher_margin_term=0.004059197381138802 teacher_updates=1 temp_adv=1.1301109091108967 temp_nat=3.6228890908887994 temperature_updates=1 total_loss=0.039273396134376526 views=2
2026-09-18 12:35:17.438 | INFO     | __main__:<module>:492 - METHOD_BATCH epoch=239 step=100 adv_kd=0.012046047486364841 awp_gamma=0.001 awp_relative_norm_max=0.0010000001639127731 clean_ce=0.13260701298713684 clean_ce_term=0.006630350835621357 consistency_term=0.0018442388391122222 consistency_weight=0.5 js_raw=0.03688477724790573 lr=0.03542348397659967 nat_kd=0.010428780689835548 pcgrad_conflicts=0 push=0.029251493513584137 push_term=0.0014625746989622712 student_updates=1 teacher_ce=0.5411668419837952 teacher_lr=1.3904849995530317e-05 teacher_margin=0.29773980379104614 teacher_margin_term=0.002977397758513689 teacher_updates=1 temp_adv=1.1301109091108967 temp_nat=3.6228890908887994 temperature_updates=1 total_loss=0.03538938984274864 views=2
2026-09-18 12:37:13.399 | INFO     | __main__:<module>:492 - METHOD_BATCH epoch=239 step=200 adv_kd=0.021153448149561882 awp_gamma=0.001 awp_relative_norm_max=0.0010000001639127731 clean_ce=0.1435987651348114 clean_ce_term=0.007179938722401857 consistency_term=0.0017846551490947604 consistency_weight=0.5 js_raw=0.035693101584911346 lr=0.03542348397659967 nat_kd=0.017174070701003075 pcgrad_conflicts=0 push=0.03052566573023796 push_term=0.0015262833330780268 student_updates=1 teacher_ce=0.6067368686199188 teacher_lr=1.3904849995530317e-05 teacher_margin=0.5234928727149963 teacher_margin_term=0.005234928801655769 teacher_updates=1 temp_adv=1.1301109091108967 temp_nat=3.6228890908887994 temperature_updates=1 total_loss=0.054053325206041336 views=2
2026-09-18 12:39:10.051 | INFO     | __main__:<module>:492 - METHOD_BATCH epoch=239 step=300 adv_kd=0.016440648585557938 awp_gamma=0.001 awp_relative_norm_max=0.0010000001639127731 clean_ce=0.1234092265367508 clean_ce_term=0.0061704618856310844 consistency_term=0.0014790112618356943 consistency_weight=0.5 js_raw=0.02958022430539131 lr=0.03542348397659967 nat_kd=0.010033491998910904 pcgrad_conflicts=0 push=0.035782985389232635 push_term=0.0017891493625938892 student_updates=1 teacher_ce=0.567470908164978 teacher_lr=1.3904849995530317e-05 teacher_margin=0.3999183177947998 teacher_margin_term=0.00399918295443058 teacher_updates=1 temp_adv=1.1301109091108967 temp_nat=3.6228890908887994 temperature_updates=1 total_loss=0.039911944419145584 views=2
2026-09-18 12:40:54.811 | INFO     | __main__:<module>:870 - TRAIN_EPOCH_RESOURCE epoch=239 seconds=453.95953707396984 peak_allocated_bytes=8127488512
2026-09-18 12:40:54.812 | INFO     | __main__:<module>:477 - METHOD epoch=240 views=2 awp_gamma=0.001 consistency_weight=0.5
2026-09-18 12:40:54.812 | INFO     | __main__:<module>:480 - the 240th epoch 
2026-09-18 12:40:55.986 | INFO     | __main__:<module>:492 - METHOD_BATCH epoch=240 step=0 adv_kd=0.015224730595946312 awp_gamma=0.001 awp_relative_norm_max=0.0010000001639127731 clean_ce=0.13443045318126678 clean_ce_term=0.006721522659063339 consistency_term=0.0012132548727095127 consistency_weight=0.5 js_raw=0.024265097454190254 lr=0.03442499695032136 nat_kd=0.010323122143745422 pcgrad_conflicts=0 push=0.03696412593126297 push_term=0.0018482061568647623 student_updates=1 teacher_ce=0.5292147397994995 teacher_lr=1.3473520388834256e-05 teacher_margin=0.39735183119773865 teacher_margin_term=0.003973518498241901 teacher_updates=1 temp_adv=1.1301109091108967 temp_nat=3.6228890908887994 temperature_updates=1 total_loss=0.03930435702204704 views=2
2026-09-18 12:42:52.570 | INFO     | __main__:<module>:492 - METHOD_BATCH epoch=240 step=100 adv_kd=0.017705759033560753 awp_gamma=0.001 awp_relative_norm_max=0.0010000001639127731 clean_ce=0.1282622218132019 clean_ce_term=0.006413111463189125 consistency_term=0.0019455569563433528 consistency_weight=0.5 js_raw=0.038911137729883194 lr=0.03442499695032136 nat_kd=0.00967293418943882 pcgrad_conflicts=0 push=0.035484787076711655 push_term=0.0017742393538355827 student_updates=1 teacher_ce=0.4979938715696335 teacher_lr=1.3473520388834256e-05 teacher_margin=0.4935681223869324 teacher_margin_term=0.004935680888593197 teacher_updates=1 temp_adv=1.1301109091108967 temp_nat=3.6228890908887994 temperature_updates=1 total_loss=0.042447280138731 views=2
2026-09-18 12:44:49.573 | INFO     | __main__:<module>:492 - METHOD_BATCH epoch=240 step=200 adv_kd=0.013587560504674911 awp_gamma=0.001 awp_relative_norm_max=0.0010000001639127731 clean_ce=0.1424138993024826 clean_ce_term=0.00712069496512413 consistency_term=0.001351726590655744 consistency_weight=0.5 js_raw=0.02703453227877617 lr=0.03442499695032136 nat_kd=0.00962289422750473 pcgrad_conflicts=0 push=0.03256112337112427 push_term=0.0016280562849715352 student_updates=1 teacher_ce=0.532337486743927 teacher_lr=1.3473520388834256e-05 teacher_margin=0.3331035375595093 teacher_margin_term=0.0033310353755950928 teacher_updates=1 temp_adv=1.1301109091108967 temp_nat=3.6228890908887994 temperature_updates=1 total_loss=0.03664196655154228 views=2
2026-09-18 12:46:47.461 | INFO     | __main__:<module>:492 - METHOD_BATCH epoch=240 step=300 adv_kd=0.016749659553170204 awp_gamma=0.001 awp_relative_norm_max=0.0010000001639127731 clean_ce=0.12746009230613708 clean_ce_term=0.006373004987835884 consistency_term=0.0009553356212563813 consistency_weight=0.5 js_raw=0.019106712192296982 lr=0.03442499695032136 nat_kd=0.009182089939713478 pcgrad_conflicts=0 push=0.03582049906253815 push_term=0.0017910250462591648 student_updates=1 teacher_ce=0.4363732933998108 teacher_lr=1.3473520388834256e-05 teacher_margin=0.44047707319259644 teacher_margin_term=0.00440477067604661 teacher_updates=1 temp_adv=1.1301109091108967 temp_nat=3.6228890908887994 temperature_updates=1 total_loss=0.03945589065551758 views=2
2026-09-18 12:48:33.003 | INFO     | __main__:<module>:870 - TRAIN_EPOCH_RESOURCE epoch=240 seconds=458.1834669969976 peak_allocated_bytes=8127488512
2026-09-18 12:49:05.114 | INFO     | __main__:<module>:927 - student robust acc 0.5338, teacher robust acc 0.6841, nat teacher robust acc 0.5392
2026-09-18 12:49:10.722 | INFO     | __main__:<module>:1001 - student natural acc 0.8943, adv teacher natural acc 0.8785, nat teacher natural acc 0.9318
2026-09-18 12:49:10.743 | INFO     | __main__:<module>:477 - METHOD epoch=241 views=2 awp_gamma=0.001 consistency_weight=0.5
2026-09-18 12:49:10.744 | INFO     | __main__:<module>:480 - the 241th epoch 
2026-09-18 12:49:11.937 | INFO     | __main__:<module>:492 - METHOD_BATCH epoch=241 step=0 adv_kd=0.01366938091814518 awp_gamma=0.001 awp_relative_norm_max=0.0010000001639127731 clean_ce=0.12792149186134338 clean_ce_term=0.006396074313670397 consistency_term=0.0012845227029174566 consistency_weight=0.5 js_raw=0.025690453127026558 lr=0.03343339120722491 nat_kd=0.008121194317936897 pcgrad_conflicts=0 push=0.02696320414543152 push_term=0.001348160207271576 student_updates=1 teacher_ce=0.46967996656894684 teacher_lr=1.3047960999874738e-05 teacher_margin=0.34823906421661377 teacher_margin_term=0.003482390660792589 teacher_updates=1 temp_adv=1.1301109091108967 temp_nat=3.6228890908887994 temperature_updates=1 total_loss=0.034301720559597015 views=2
2026-09-18 12:51:09.617 | INFO     | __main__:<module>:492 - METHOD_BATCH epoch=241 step=100 adv_kd=0.015143689699470997 awp_gamma=0.001 awp_relative_norm_max=0.0010000001639127731 clean_ce=0.14049497246742249 clean_ce_term=0.007024749182164669 consistency_term=0.0012084332993254066 consistency_weight=0.5 js_raw=0.02416866458952427 lr=0.03343339120722491 nat_kd=0.011298935860395432 pcgrad_conflicts=0 push=0.02480597048997879 push_term=0.001240298617631197 student_updates=1 teacher_ce=0.5572609603404999 teacher_lr=1.3047960999874738e-05 teacher_margin=0.3755404055118561 teacher_margin_term=0.0037554041482508183 teacher_updates=1 temp_adv=1.1301109091108967 temp_nat=3.6228890908887994 temperature_updates=1 total_loss=0.039671506732702255 views=2
2026-09-18 12:53:06.761 | INFO     | __main__:<module>:492 - METHOD_BATCH epoch=241 step=200 adv_kd=0.015388797968626022 awp_gamma=0.001 awp_relative_norm_max=0.0010000001639127731 clean_ce=0.12619617581367493 clean_ce_term=0.006309809163212776 consistency_term=0.0016218352830037475 consistency_weight=0.5 js_raw=0.03243670612573624 lr=0.03343339120722491 nat_kd=0.008677682839334011 pcgrad_conflicts=0 push=0.023353569209575653 push_term=0.0011676785070449114 student_updates=1 teacher_ce=0.5580028593540192 teacher_lr=1.3047960999874738e-05 teacher_margin=0.3727199137210846 teacher_margin_term=0.0037271990440785885 teacher_updates=1 temp_adv=1.1301109091108967 temp_nat=3.6228890908887994 temperature_updates=1 total_loss=0.036893002688884735 views=2
2026-09-18 12:55:03.847 | INFO     | __main__:<module>:492 - METHOD_BATCH epoch=241 step=300 adv_kd=0.015124816447496414 awp_gamma=0.001 awp_relative_norm_max=0.0010000001639127731 clean_ce=0.12795910239219666 clean_ce_term=0.00639795558527112 consistency_term=0.001682734931819141 consistency_weight=0.5 js_raw=0.033654697239398956 lr=0.03343339120722491 nat_kd=0.00872107408940792 pcgrad_conflicts=0 push=0.0274336114525795 push_term=0.0013716805260628462 student_updates=1 teacher_ce=0.4246465116739273 teacher_lr=1.3047960999874738e-05 teacher_margin=0.44540441036224365 teacher_margin_term=0.004454044159501791 teacher_updates=1 temp_adv=1.1301109091108967 temp_nat=3.6228890908887994 temperature_updates=1 total_loss=0.03775230795145035 views=2
2026-09-18 12:56:48.677 | INFO     | __main__:<module>:870 - TRAIN_EPOCH_RESOURCE epoch=241 seconds=457.9329786412418 peak_allocated_bytes=8125391360
2026-09-18 12:56:48.677 | INFO     | __main__:<module>:477 - METHOD epoch=242 views=2 awp_gamma=0.001 consistency_weight=0.5
2026-09-18 12:56:48.677 | INFO     | __main__:<module>:480 - the 242th epoch 
2026-09-18 12:56:49.845 | INFO     | __main__:<module>:492 - METHOD_BATCH epoch=242 step=0 adv_kd=0.012887595221400261 awp_gamma=0.001 awp_relative_norm_max=0.0010000001639127731 clean_ce=0.13326823711395264 clean_ce_term=0.006663411855697632 consistency_term=0.0011693136766552925 consistency_weight=0.5 js_raw=0.02338627353310585 lr=0.03244910144386133 nat_kd=0.010093530640006065 pcgrad_conflicts=0 push=0.035542745143175125 push_term=0.0017771372804418206 student_updates=1 teacher_ce=0.5098971426486969 teacher_lr=1.2628238252909975e-05 teacher_margin=0.3535933494567871 teacher_margin_term=0.0035359335597604513 teacher_updates=1 temp_adv=1.1301109091108967 temp_nat=3.6228890908887994 temperature_updates=1 total_loss=0.03612692281603813 views=2
2026-09-18 12:58:46.582 | INFO     | __main__:<module>:492 - METHOD_BATCH epoch=242 step=100 adv_kd=0.012795869261026382 awp_gamma=0.001 awp_relative_norm_max=0.0010000001639127731 clean_ce=0.13068917393684387 clean_ce_term=0.0065344590693712234 consistency_term=0.0012084441259503365 consistency_weight=0.5 js_raw=0.02416888251900673 lr=0.03244910144386133 nat_kd=0.010681706480681896 pcgrad_conflicts=0 push=0.024184271693229675 push_term=0.0012092136312276125 student_updates=1 teacher_ce=0.5836458206176758 teacher_lr=1.2628238252909975e-05 teacher_margin=0.3380372226238251 teacher_margin_term=0.0033803721889853477 teacher_updates=1 temp_adv=1.1301109091108967 temp_nat=3.6228890908887994 temperature_updates=1 total_loss=0.035810064524412155 views=2
2026-09-18 13:00:43.367 | INFO     | __main__:<module>:492 - METHOD_BATCH epoch=242 step=200 adv_kd=0.013584425672888756 awp_gamma=0.001 awp_relative_norm_max=0.0010000000474974513 clean_ce=0.14440877735614777 clean_ce_term=0.007220438681542873 consistency_term=0.0012391621712595224 consistency_weight=0.5 js_raw=0.024783242493867874 lr=0.03244910144386133 nat_kd=0.00950024463236332 pcgrad_conflicts=0 push=0.033039115369319916 push_term=0.0016519557684659958 student_updates=1 teacher_ce=0.574146956205368 teacher_lr=1.2628238252909975e-05 teacher_margin=0.3737640678882599 teacher_margin_term=0.00373764056712389 teacher_updates=1 temp_adv=1.1301109091108967 temp_nat=3.6228890908887994 temperature_updates=1 total_loss=0.036933865398168564 views=2
2026-09-18 13:02:40.194 | INFO     | __main__:<module>:492 - METHOD_BATCH epoch=242 step=300 adv_kd=0.013557124882936478 awp_gamma=0.001 awp_relative_norm_max=0.0010000001639127731 clean_ce=0.12526638805866241 clean_ce_term=0.006263319402933121 consistency_term=0.0012460125144571066 consistency_weight=0.5 js_raw=0.024920249357819557 lr=0.03244910144386133 nat_kd=0.011493432335555553 pcgrad_conflicts=0 push=0.025607170537114143 push_term=0.0012803585268557072 student_updates=1 teacher_ce=0.5351795852184296 teacher_lr=1.2628238252909975e-05 teacher_margin=0.3508896231651306 teacher_margin_term=0.0035088961012661457 teacher_updates=1 temp_adv=1.1301109091108967 temp_nat=3.6228890908887994 temperature_updates=1 total_loss=0.037349142134189606 views=2
2026-09-18 13:04:24.998 | INFO     | __main__:<module>:870 - TRAIN_EPOCH_RESOURCE epoch=242 seconds=456.3171353302896 peak_allocated_bytes=8125391360
2026-09-18 13:04:24.999 | INFO     | __main__:<module>:477 - METHOD epoch=243 views=2 awp_gamma=0.001 consistency_weight=0.5
2026-09-18 13:04:24.999 | INFO     | __main__:<module>:480 - the 243th epoch 
2026-09-18 13:04:26.176 | INFO     | __main__:<module>:492 - METHOD_BATCH epoch=243 step=0 adv_kd=0.012521426193416119 awp_gamma=0.001 awp_relative_norm_max=0.0010000001639127731 clean_ce=0.13211998343467712 clean_ce_term=0.006605999544262886 consistency_term=0.0012214859016239643 consistency_weight=0.5 js_raw=0.024429718032479286 lr=0.03147255902608835 nat_kd=0.009073608554899693 pcgrad_conflicts=0 push=0.03613293170928955 push_term=0.0018066465854644775 student_updates=1 teacher_ce=0.5511479675769806 teacher_lr=1.2214417630650503e-05 teacher_margin=0.3139171600341797 teacher_margin_term=0.003139171516522765 teacher_updates=1 temp_adv=1.1301109091108967 temp_nat=3.6228890908887994 temperature_updates=1 total_loss=0.03436833620071411 views=2
2026-09-18 13:06:22.909 | INFO     | __main__:<module>:492 - METHOD_BATCH epoch=243 step=100 adv_kd=0.012473644688725471 awp_gamma=0.001 awp_relative_norm_max=0.0010000001639127731 clean_ce=0.12401468306779861 clean_ce_term=0.006200734525918961 consistency_term=0.0014403639361262321 consistency_weight=0.5 js_raw=0.028807278722524643 lr=0.03147255902608835 nat_kd=0.00925862044095993 pcgrad_conflicts=0 push=0.038197100162506104 push_term=0.001909855054691434 student_updates=1 teacher_ce=0.5759834349155426 teacher_lr=1.2214417630650503e-05 teacher_margin=0.32760849595069885 teacher_margin_term=0.003276085015386343 teacher_updates=1 temp_adv=1.1301109091108967 temp_nat=3.6228890908887994 temperature_updates=1 total_loss=0.034559305757284164 views=2
2026-09-18 13:08:19.608 | INFO     | __main__:<module>:492 - METHOD_BATCH epoch=243 step=200 adv_kd=0.014880705624818802 awp_gamma=0.001 awp_relative_norm_max=0.0010000001639127731 clean_ce=0.12405691295862198 clean_ce_term=0.006202845834195614 consistency_term=0.0011706846999004483 consistency_weight=0.5 js_raw=0.02341369353234768 lr=0.03147255902608835 nat_kd=0.008998840115964413 pcgrad_conflicts=0 push=0.035135798156261444 push_term=0.0017567898612469435 student_updates=1 teacher_ce=0.5162090957164764 teacher_lr=1.2214417630650503e-05 teacher_margin=0.37568026781082153 teacher_margin_term=0.0037568025290966034 teacher_updates=1 temp_adv=1.1301109091108967 temp_nat=3.6228890908887994 temperature_updates=1 total_loss=0.036766666918992996 views=2
2026-09-18 13:10:16.303 | INFO     | __main__:<module>:492 - METHOD_BATCH epoch=243 step=300 adv_kd=0.01512211561203003 awp_gamma=0.001 awp_relative_norm_max=0.0010000001639127731 clean_ce=0.12850558757781982 clean_ce_term=0.006425279658287764 consistency_term=0.0018203180516138673 consistency_weight=0.5 js_raw=0.03640636056661606 lr=0.03147255902608835 nat_kd=0.008924417197704315 pcgrad_conflicts=0 push=0.03194626420736313 push_term=0.0015973130939528346 student_updates=1 teacher_ce=0.5414043366909027 teacher_lr=1.2214417630650503e-05 teacher_margin=0.41968557238578796 teacher_margin_term=0.004196855705231428 teacher_updates=1 temp_adv=1.1301109091108967 temp_nat=3.6228890908887994 temperature_updates=1 total_loss=0.03808629885315895 views=2
2026-09-18 13:12:01.198 | INFO     | __main__:<module>:870 - TRAIN_EPOCH_RESOURCE epoch=243 seconds=456.1984341517091 peak_allocated_bytes=8125391360
2026-09-18 13:12:01.198 | INFO     | __main__:<module>:477 - METHOD epoch=244 views=2 awp_gamma=0.001 consistency_weight=0.5
2026-09-18 13:12:01.198 | INFO     | __main__:<module>:480 - the 244th epoch 
2026-09-18 13:12:02.362 | INFO     | __main__:<module>:492 - METHOD_BATCH epoch=244 step=0 adv_kd=0.01575503870844841 awp_gamma=0.001 awp_relative_norm_max=0.0010000001639127731 clean_ce=0.12018850445747375 clean_ce_term=0.006009425036609173 consistency_term=0.0018718140199780464 consistency_weight=0.5 js_raw=0.03743628039956093 lr=0.030504191797736106 nat_kd=0.00809386558830738 pcgrad_conflicts=0 push=0.026740223169326782 push_term=0.0013370111119002104 student_updates=1 teacher_ce=0.5483713150024414 teacher_lr=1.1806563663887756e-05 teacher_margin=0.3471439480781555 teacher_margin_term=0.0034714394714683294 teacher_updates=1 temp_adv=1.1301109091108967 temp_nat=3.6228890908887994 temperature_updates=1 total_loss=0.03653859347105026 views=2
2026-09-18 13:13:58.519 | INFO     | __main__:<module>:492 - METHOD_BATCH epoch=244 step=100 adv_kd=0.011543840169906616 awp_gamma=0.001 awp_relative_norm_max=0.0010000001639127731 clean_ce=0.14137956500053406 clean_ce_term=0.007068977691233158 consistency_term=0.0015095075359568 consistency_weight=0.5 js_raw=0.030190149322152138 lr=0.030504191797736106 nat_kd=0.009008018299937248 pcgrad_conflicts=0 push=0.030734114348888397 push_term=0.0015367057640105486 student_updates=1 teacher_ce=0.44816403090953827 teacher_lr=1.1806563663887756e-05 teacher_margin=0.3388460874557495 teacher_margin_term=0.003388460725545883 teacher_updates=1 temp_adv=1.1301109091108967 temp_nat=3.6228890908887994 temperature_updates=1 total_loss=0.03405550867319107 views=2
2026-09-18 13:15:54.748 | INFO     | __main__:<module>:492 - METHOD_BATCH epoch=244 step=200 adv_kd=0.01920348033308983 awp_gamma=0.001 awp_relative_norm_max=0.0010000001639127731 clean_ce=0.13367687165737152 clean_ce_term=0.0066838436760008335 consistency_term=0.0017352149588987231 consistency_weight=0.5 js_raw=0.0347042977809906 lr=0.030504191797736106 nat_kd=0.00975935347378254 pcgrad_conflicts=0 push=0.02789393812417984 push_term=0.0013946969993412495 student_updates=1 teacher_ce=0.757570743560791 teacher_lr=1.1806563663887756e-05 teacher_margin=0.3834521472454071 teacher_margin_term=0.003834521397948265 teacher_updates=1 temp_adv=1.1301109091108967 temp_nat=3.6228890908887994 temperature_updates=1 total_loss=0.04261111095547676 views=2
2026-09-18 13:17:50.821 | INFO     | __main__:<module>:492 - METHOD_BATCH epoch=244 step=300 adv_kd=0.015463504008948803 awp_gamma=0.001 awp_relative_norm_max=0.0010000001639127731 clean_ce=0.12817788124084473 clean_ce_term=0.006408894434571266 consistency_term=0.0014663718175143003 consistency_weight=0.5 js_raw=0.029327435418963432 lr=0.030504191797736106 nat_kd=0.007644940167665482 pcgrad_conflicts=0 push=0.032124146819114685 push_term=0.0016062073409557343 student_updates=1 teacher_ce=0.5097860097885132 teacher_lr=1.1806563663887756e-05 teacher_margin=0.38449209928512573 teacher_margin_term=0.003844921011477709 teacher_updates=1 temp_adv=1.1301109091108967 temp_nat=3.6228890908887994 temperature_updates=1 total_loss=0.0364348366856575 views=2
2026-09-18 13:19:34.885 | INFO     | __main__:<module>:870 - TRAIN_EPOCH_RESOURCE epoch=244 seconds=453.6861929856241 peak_allocated_bytes=8125391360
2026-09-18 13:19:34.885 | INFO     | __main__:<module>:477 - METHOD epoch=245 views=2 awp_gamma=0.001 consistency_weight=0.5
2026-09-18 13:19:34.885 | INFO     | __main__:<module>:480 - the 245th epoch 
2026-09-18 13:19:36.047 | INFO     | __main__:<module>:492 - METHOD_BATCH epoch=245 step=0 adv_kd=0.012662508524954319 awp_gamma=0.001 awp_relative_norm_max=0.0010000001639127731 clean_ce=0.12189042568206787 clean_ce_term=0.006094520911574364 consistency_term=0.0014604706084355712 consistency_weight=0.5 js_raw=0.029209410771727562 lr=0.02954442389087664 nat_kd=0.007156896870583296 pcgrad_conflicts=0 push=0.03598758205771446 push_term=0.0017993791261687875 student_updates=1 teacher_ce=0.5097648501396179 teacher_lr=1.140473992127705e-05 teacher_margin=0.33113470673561096 teacher_margin_term=0.003311346983537078 teacher_updates=1 temp_adv=1.1301109091108967 temp_nat=3.6228890908887994 temperature_updates=1 total_loss=0.032485123723745346 views=2
2026-09-18 13:21:33.718 | INFO     | __main__:<module>:492 - METHOD_BATCH epoch=245 step=100 adv_kd=0.01245795376598835 awp_gamma=0.001 awp_relative_norm_max=0.0010000001639127731 clean_ce=0.14368313550949097 clean_ce_term=0.007184157148003578 consistency_term=0.0007919445051811635 consistency_weight=0.5 js_raw=0.01583888940513134 lr=0.02954442389087664 nat_kd=0.007258483208715916 pcgrad_conflicts=0 push=0.030196351930499077 push_term=0.0015098175499588251 student_updates=1 teacher_ce=0.476310670375824 teacher_lr=1.140473992127705e-05 teacher_margin=0.3272674083709717 teacher_margin_term=0.003272674046456814 teacher_updates=1 temp_adv=1.1301109091108967 temp_nat=3.6228890908887994 temperature_updates=1 total_loss=0.03247503191232681 views=2
2026-09-18 13:23:31.376 | INFO     | __main__:<module>:492 - METHOD_BATCH epoch=245 step=200 adv_kd=0.015656329691410065 awp_gamma=0.001 awp_relative_norm_max=0.0010000001639127731 clean_ce=0.12566998600959778 clean_ce_term=0.006283499300479889 consistency_term=0.002120628720149398 consistency_weight=0.5 js_raw=0.04241257160902023 lr=0.02954442389087664 nat_kd=0.00949083175510168 pcgrad_conflicts=0 push=0.03672787919640541 push_term=0.0018363939598202705 student_updates=1 teacher_ce=0.5090456902980804 teacher_lr=1.140473992127705e-05 teacher_margin=0.38680195808410645 teacher_margin_term=0.003868019673973322 teacher_updates=1 temp_adv=1.1301109091108967 temp_nat=3.6228890908887994 temperature_updates=1 total_loss=0.03925570100545883 views=2
2026-09-18 13:25:28.936 | INFO     | __main__:<module>:492 - METHOD_BATCH epoch=245 step=300 adv_kd=0.016675200313329697 awp_gamma=0.001 awp_relative_norm_max=0.0010000001639127731 clean_ce=0.13209983706474304 clean_ce_term=0.006604991853237152 consistency_term=0.0016826328355818987 consistency_weight=0.5 js_raw=0.0336526557803154 lr=0.02954442389087664 nat_kd=0.009805267676711082 pcgrad_conflicts=0 push=0.03245673328638077 push_term=0.001622836571186781 student_updates=1 teacher_ce=0.5649622976779938 teacher_lr=1.140473992127705e-05 teacher_margin=0.39718353748321533 teacher_margin_term=0.003971835132688284 teacher_updates=1 temp_adv=1.1301109091108967 temp_nat=3.6228890908887994 temperature_updates=1 total_loss=0.04036276787519455 views=2
2026-09-18 13:27:13.486 | INFO     | __main__:<module>:870 - TRAIN_EPOCH_RESOURCE epoch=245 seconds=458.60060719028115 peak_allocated_bytes=8125391360
2026-09-18 13:27:13.487 | INFO     | __main__:<module>:477 - METHOD epoch=246 views=2 awp_gamma=0.001 consistency_weight=0.5
2026-09-18 13:27:13.487 | INFO     | __main__:<module>:480 - the 246th epoch 
2026-09-18 13:27:14.661 | INFO     | __main__:<module>:492 - METHOD_BATCH epoch=246 step=0 adv_kd=0.013080243021249771 awp_gamma=0.001 awp_relative_norm_max=0.0010000001639127731 clean_ce=0.13263213634490967 clean_ce_term=0.006631607189774513 consistency_term=0.002341954270377755 consistency_weight=0.5 js_raw=0.04683908447623253 lr=0.028593675537782214 nat_kd=0.007219789084047079 pcgrad_conflicts=0 push=0.029826082289218903 push_term=0.0014913041377440095 student_updates=1 teacher_ce=0.5748677253723145 teacher_lr=1.1009008999276551e-05 teacher_margin=0.33613598346710205 teacher_margin_term=0.00336135970428586 teacher_updates=1 temp_adv=1.1301109091108967 temp_nat=3.6228890908887994 temperature_updates=1 total_loss=0.03412625938653946 views=2
2026-09-18 13:29:11.368 | INFO     | __main__:<module>:492 - METHOD_BATCH epoch=246 step=100 adv_kd=0.028073526918888092 awp_gamma=0.001 awp_relative_norm_max=0.0010000001639127731 clean_ce=0.11135905981063843 clean_ce_term=0.005567952990531921 consistency_term=0.002707656240090728 consistency_weight=0.5 js_raw=0.05415312200784683 lr=0.028593675537782214 nat_kd=0.007683611009269953 pcgrad_conflicts=0 push=0.03903694450855255 push_term=0.0019518472254276276 student_updates=1 teacher_ce=0.5318999588489532 teacher_lr=1.1009008999276551e-05 teacher_margin=0.5329557657241821 teacher_margin_term=0.005329557694494724 teacher_updates=1 temp_adv=1.1301109091108967 temp_nat=3.6228890908887994 temperature_updates=1 total_loss=0.05131414905190468 views=2
2026-09-18 13:31:08.128 | INFO     | __main__:<module>:492 - METHOD_BATCH epoch=246 step=200 adv_kd=0.013409599661827087 awp_gamma=0.001 awp_relative_norm_max=0.0010000001639127731 clean_ce=0.1371925324201584 clean_ce_term=0.006859626621007919 consistency_term=0.0015482129529118538 consistency_weight=0.5 js_raw=0.030964259058237076 lr=0.028593675537782214 nat_kd=0.013053381815552711 pcgrad_conflicts=0 push=0.021877355873584747 push_term=0.0010938678169623017 student_updates=1 teacher_ce=0.5802663862705231 teacher_lr=1.1009008999276551e-05 teacher_margin=0.37352490425109863 teacher_margin_term=0.0037352489307522774 teacher_updates=1 temp_adv=1.1301109091108967 temp_nat=3.6228890908887994 temperature_updates=1 total_loss=0.03969993814826012 views=2
2026-09-18 13:33:04.825 | INFO     | __main__:<module>:492 - METHOD_BATCH epoch=246 step=300 adv_kd=0.01130010187625885 awp_gamma=0.001 awp_relative_norm_max=0.0010000001639127731 clean_ce=0.12892726063728333 clean_ce_term=0.0064463624730706215 consistency_term=0.0013608025619760156 consistency_weight=0.5 js_raw=0.027216050773859024 lr=0.028593675537782214 nat_kd=0.007676265202462673 pcgrad_conflicts=0 push=0.035155974328517914 push_term=0.0017577988328412175 student_updates=1 teacher_ce=0.5038562119007111 teacher_lr=1.1009008999276551e-05 teacher_margin=0.2841656804084778 teacher_margin_term=0.002841656794771552 teacher_updates=1 temp_adv=1.1301109091108967 temp_nat=3.6228890908887994 temperature_updates=1 total_loss=0.03138298913836479 views=2
2026-09-18 13:34:49.637 | INFO     | __main__:<module>:870 - TRAIN_EPOCH_RESOURCE epoch=246 seconds=456.15001103654504 peak_allocated_bytes=8125391360
2026-09-18 13:34:49.640 | INFO     | __main__:<module>:477 - METHOD epoch=247 views=2 awp_gamma=0.001 consistency_weight=0.5
2026-09-18 13:34:49.640 | INFO     | __main__:<module>:480 - the 247th epoch 
2026-09-18 13:34:50.812 | INFO     | __main__:<module>:492 - METHOD_BATCH epoch=247 step=0 adv_kd=0.01074312161654234 awp_gamma=0.001 awp_relative_norm_max=0.0010000001639127731 clean_ce=0.1334548443555832 clean_ce_term=0.006672742310911417 consistency_term=0.0015775656793266535 consistency_weight=0.5 js_raw=0.031551312655210495 lr=0.02765236288465644 nat_kd=0.008103187195956707 pcgrad_conflicts=0 push=0.029221175238490105 push_term=0.0014610587386414409 student_updates=1 teacher_ce=0.5118311643600464 teacher_lr=1.0619432512243703e-05 teacher_margin=0.2681831121444702 teacher_margin_term=0.002681831130757928 teacher_updates=1 temp_adv=1.1301109091108967 temp_nat=3.6228890908887994 temperature_updates=1 total_loss=0.031239507719874382 views=2
2026-09-18 13:36:47.282 | INFO     | __main__:<module>:492 - METHOD_BATCH epoch=247 step=100 adv_kd=0.011355660855770111 awp_gamma=0.001 awp_relative_norm_max=0.0010000001639127731 clean_ce=0.13000726699829102 clean_ce_term=0.006500363349914551 consistency_term=0.0013764918548986316 consistency_weight=0.5 js_raw=0.02752983570098877 lr=0.02765236288465644 nat_kd=0.007288265973329544 pcgrad_conflicts=0 push=0.03467663377523422 push_term=0.0017338317120447755 student_updates=1 teacher_ce=0.5053520798683167 teacher_lr=1.0619432512243703e-05 teacher_margin=0.29697152972221375 teacher_margin_term=0.002969715278595686 teacher_updates=1 temp_adv=1.1301109091108967 temp_nat=3.6228890908887994 temperature_updates=1 total_loss=0.0312243290245533 views=2
2026-09-18 13:38:43.667 | INFO     | __main__:<module>:492 - METHOD_BATCH epoch=247 step=200 adv_kd=0.011862513609230518 awp_gamma=0.001 awp_relative_norm_max=0.0010000001639127731 clean_ce=0.13658618927001953 clean_ce_term=0.006829309277236462 consistency_term=0.0009770726319402456 consistency_weight=0.5 js_raw=0.019541451707482338 lr=0.02765236288465644 nat_kd=0.008519675582647324 pcgrad_conflicts=0 push=0.03206780552864075 push_term=0.001603390322998166 student_updates=1 teacher_ce=0.5084640681743622 teacher_lr=1.0619432512243703e-05 teacher_margin=0.3291896879673004 teacher_margin_term=0.003291896777227521 teacher_updates=1 temp_adv=1.1301109091108967 temp_nat=3.6228890908887994 temperature_updates=1 total_loss=0.03308385610580444 views=2
2026-09-18 13:40:40.186 | INFO     | __main__:<module>:492 - METHOD_BATCH epoch=247 step=300 adv_kd=0.012671942822635174 awp_gamma=0.001 awp_relative_norm_max=0.0010000001639127731 clean_ce=0.13025406002998352 clean_ce_term=0.006512703374028206 consistency_term=0.0017465375130996108 consistency_weight=0.5 js_raw=0.0349307507276535 lr=0.02765236288465644 nat_kd=0.007775403559207916 pcgrad_conflicts=0 push=0.029594166204333305 push_term=0.001479708356782794 student_updates=1 teacher_ce=0.5583137571811676 teacher_lr=1.0619432512243703e-05 teacher_margin=0.3193516731262207 teacher_margin_term=0.0031935167498886585 teacher_updates=1 temp_adv=1.1301109091108967 temp_nat=3.6228890908887994 temperature_updates=1 total_loss=0.03337981551885605 views=2
2026-09-18 13:42:25.022 | INFO     | __main__:<module>:870 - TRAIN_EPOCH_RESOURCE epoch=247 seconds=455.3738555498421 peak_allocated_bytes=8125391360
2026-09-18 13:42:25.027 | INFO     | __main__:<module>:477 - METHOD epoch=248 views=2 awp_gamma=0.001 consistency_weight=0.5
2026-09-18 13:42:25.027 | INFO     | __main__:<module>:480 - the 248th epoch 
2026-09-18 13:42:26.196 | INFO     | __main__:<module>:492 - METHOD_BATCH epoch=248 step=0 adv_kd=0.011989280581474304 awp_gamma=0.001 awp_relative_norm_max=0.0010000001639127731 clean_ce=0.12547625601291656 clean_ce_term=0.006273812614381313 consistency_term=0.0011201429879292846 consistency_weight=0.5 js_raw=0.02240286022424698 lr=0.0267208978072214 nat_kd=0.00938994437456131 pcgrad_conflicts=0 push=0.03906286880373955 push_term=0.0019531433936208487 student_updates=1 teacher_ce=0.5177606642246246 teacher_lr=1.0236071082690776e-05 teacher_margin=0.30976665019989014 teacher_margin_term=0.0030976664274930954 teacher_updates=1 temp_adv=1.1301109091108967 temp_nat=3.6228890908887994 temperature_updates=1 total_loss=0.03382398933172226 views=2
2026-09-18 13:44:22.842 | INFO     | __main__:<module>:492 - METHOD_BATCH epoch=248 step=100 adv_kd=0.010354755446314812 awp_gamma=0.001 awp_relative_norm_max=0.0010000001639127731 clean_ce=0.13051694631576538 clean_ce_term=0.006525847595185041 consistency_term=0.001562162535265088 consistency_weight=0.5 js_raw=0.031243249773979187 lr=0.0267208978072214 nat_kd=0.007281952537596226 pcgrad_conflicts=0 push=0.03135896474123001 push_term=0.001567948260344565 student_updates=1 teacher_ce=0.6288110911846161 teacher_lr=1.0236071082690776e-05 teacher_margin=0.25319430232048035 teacher_margin_term=0.0025319429114460945 teacher_updates=1 temp_adv=1.1301109091108967 temp_nat=3.6228890908887994 temperature_updates=1 total_loss=0.02982461079955101 views=2
2026-09-18 13:46:19.643 | INFO     | __main__:<module>:492 - METHOD_BATCH epoch=248 step=200 adv_kd=0.011990189552307129 awp_gamma=0.001 awp_relative_norm_max=0.0010000001639127731 clean_ce=0.13092200458049774 clean_ce_term=0.00654610013589263 consistency_term=0.0015491731464862823 consistency_weight=0.5 js_raw=0.030983462929725647 lr=0.0267208978072214 nat_kd=0.006808838807046413 pcgrad_conflicts=0 push=0.032112859189510345 push_term=0.0016056429594755173 student_updates=1 teacher_ce=0.5289419293403625 teacher_lr=1.0236071082690776e-05 teacher_margin=0.311076283454895 teacher_margin_term=0.0031107626855373383 teacher_updates=1 temp_adv=1.1301109091108967 temp_nat=3.6228890908887994 temperature_updates=1 total_loss=0.03161070495843887 views=2
2026-09-18 13:48:16.064 | INFO     | __main__:<module>:492 - METHOD_BATCH epoch=248 step=300 adv_kd=0.011273052543401718 awp_gamma=0.001 awp_relative_norm_max=0.0010000001639127731 clean_ce=0.13166214525699615 clean_ce_term=0.006583107635378838 consistency_term=0.00099494110327214 consistency_weight=0.5 js_raw=0.01989882066845894 lr=0.0267208978072214 nat_kd=0.008445007726550102 pcgrad_conflicts=0 push=0.03234570845961571 push_term=0.0016172854229807854 student_updates=1 teacher_ce=0.6434287130832672 teacher_lr=1.0236071082690776e-05 teacher_margin=0.34367603063583374 teacher_margin_term=0.00343676027841866 teacher_updates=1 temp_adv=1.1301109091108967 temp_nat=3.6228890908887994 temperature_updates=1 total_loss=0.03235015273094177 views=2
2026-09-18 13:50:00.802 | INFO     | __main__:<module>:870 - TRAIN_EPOCH_RESOURCE epoch=248 seconds=455.76800625026226 peak_allocated_bytes=8125391360
2026-09-18 13:50:00.811 | INFO     | __main__:<module>:477 - METHOD epoch=249 views=2 awp_gamma=0.001 consistency_weight=0.5
2026-09-18 13:50:00.811 | INFO     | __main__:<module>:480 - the 249th epoch 
2026-09-18 13:50:01.989 | INFO     | __main__:<module>:492 - METHOD_BATCH epoch=249 step=0 adv_kd=0.01382516697049141 awp_gamma=0.001 awp_relative_norm_max=0.0010000001639127731 clean_ce=0.14414015412330627 clean_ce_term=0.007207008078694344 consistency_term=0.001425248454324901 consistency_weight=0.5 js_raw=0.02850496955215931 lr=0.02579968772824318 nat_kd=0.008540461771190166 pcgrad_conflicts=0 push=0.01746414601802826 push_term=0.0008732073474675417 student_updates=1 teacher_ce=0.5598237216472626 teacher_lr=9.85898433170128e-06 teacher_margin=0.3258187770843506 teacher_margin_term=0.0032581877894699574 teacher_updates=1 temp_adv=1.1301109091108967 temp_nat=3.6228890908887994 temperature_updates=1 total_loss=0.035129282623529434 views=2
2026-09-18 13:51:58.495 | INFO     | __main__:<module>:492 - METHOD_BATCH epoch=249 step=100 adv_kd=0.012343230657279491 awp_gamma=0.001 awp_relative_norm_max=0.0010000001639127731 clean_ce=0.12474548816680908 clean_ce_term=0.0062372745014727116 consistency_term=0.0014034858904778957 consistency_weight=0.5 js_raw=0.028069717809557915 lr=0.02579968772824318 nat_kd=0.007868373766541481 pcgrad_conflicts=0 push=0.0315440371632576 push_term=0.0015772018814459443 student_updates=1 teacher_ce=0.5966441929340363 teacher_lr=9.85898433170128e-06 teacher_margin=0.33704569935798645 teacher_margin_term=0.003370456863194704 teacher_updates=1 temp_adv=1.1301109091108967 temp_nat=3.6228890908887994 temperature_updates=1 total_loss=0.03280002251267433 views=2
2026-09-18 13:53:55.152 | INFO     | __main__:<module>:492 - METHOD_BATCH epoch=249 step=200 adv_kd=0.012023037299513817 awp_gamma=0.001 awp_relative_norm_max=0.0010000001639127731 clean_ce=0.1344813108444214 clean_ce_term=0.006724066101014614 consistency_term=0.001263685873709619 consistency_weight=0.5 js_raw=0.02527371607720852 lr=0.02579968772824318 nat_kd=0.009146430529654026 pcgrad_conflicts=0 push=0.033758409321308136 push_term=0.001687920419499278 student_updates=1 teacher_ce=0.5318273901939392 teacher_lr=9.85898433170128e-06 teacher_margin=0.28841257095336914 teacher_margin_term=0.002884125569835305 teacher_updates=1 temp_adv=1.1301109091108967 temp_nat=3.6228890908887994 temperature_updates=1 total_loss=0.03372926637530327 views=2
2026-09-18 13:55:51.718 | INFO     | __main__:<module>:492 - METHOD_BATCH epoch=249 step=300 adv_kd=0.012891474179923534 awp_gamma=0.001 awp_relative_norm_max=0.0010000001639127731 clean_ce=0.12562403082847595 clean_ce_term=0.006281201262027025 consistency_term=0.0009793777717277408 consistency_weight=0.5 js_raw=0.019587555900216103 lr=0.02579968772824318 nat_kd=0.009550013579428196 pcgrad_conflicts=0 push=0.0345069095492363 push_term=0.001725345617160201 student_updates=1 teacher_ce=0.49874189496040344 teacher_lr=9.85898433170128e-06 teacher_margin=0.32555118203163147 teacher_margin_term=0.0032555116340517998 teacher_updates=1 temp_adv=1.1301109091108967 temp_nat=3.6228890908887994 temperature_updates=1 total_loss=0.034682925790548325 views=2
2026-09-18 13:57:36.277 | INFO     | __main__:<module>:870 - TRAIN_EPOCH_RESOURCE epoch=249 seconds=455.4616732671857 peak_allocated_bytes=8125391360
2026-09-18 13:57:36.277 | INFO     | __main__:<module>:477 - METHOD epoch=250 views=2 awp_gamma=0.001 consistency_weight=0.5
2026-09-18 13:57:36.278 | INFO     | __main__:<module>:480 - the 250th epoch 
2026-09-18 13:57:37.448 | INFO     | __main__:<module>:492 - METHOD_BATCH epoch=250 step=0 adv_kd=0.009282455779612064 awp_gamma=0.001 awp_relative_norm_max=0.0010000001639127731 clean_ce=0.12001118808984756 clean_ce_term=0.006000559777021408 consistency_term=0.001341077615506947 consistency_weight=0.5 js_raw=0.026821551844477654 lr=0.024889135437077315 nat_kd=0.010297589004039764 pcgrad_conflicts=0 push=0.02912401780486107 push_term=0.0014562008436769247 student_updates=1 teacher_ce=0.4780546724796295 teacher_lr=9.48823086950831e-06 teacher_margin=0.2585136890411377 teacher_margin_term=0.0025851367972791195 teacher_updates=1 temp_adv=1.1301109091108967 temp_nat=3.6228890908887994 temperature_updates=1 total_loss=0.030963020399212837 views=2
2026-09-18 13:59:33.702 | INFO     | __main__:<module>:492 - METHOD_BATCH epoch=250 step=100 adv_kd=0.011738890781998634 awp_gamma=0.001 awp_relative_norm_max=0.0010000001639127731 clean_ce=0.12270699441432953 clean_ce_term=0.006135350093245506 consistency_term=0.0011489121243357658 consistency_weight=0.5 js_raw=0.022978242486715317 lr=0.024889135437077315 nat_kd=0.009249428287148476 pcgrad_conflicts=0 push=0.03371606022119522 push_term=0.001685802941210568 student_updates=1 teacher_ce=0.56904137134552 teacher_lr=9.48823086950831e-06 teacher_margin=0.33429989218711853 teacher_margin_term=0.0033429989125579596 teacher_updates=1 temp_adv=1.1301109091108967 temp_nat=3.6228890908887994 temperature_updates=1 total_loss=0.03330138325691223 views=2
2026-09-18 14:01:30.099 | INFO     | __main__:<module>:492 - METHOD_BATCH epoch=250 step=200 adv_kd=0.013240648433566093 awp_gamma=0.001 awp_relative_norm_max=0.0010000001639127731 clean_ce=0.12633821368217468 clean_ce_term=0.0063169109635055065 consistency_term=0.001130716409534216 consistency_weight=0.5 js_raw=0.02261432819068432 lr=0.024889135437077315 nat_kd=0.008542515337467194 pcgrad_conflicts=0 push=0.028586212545633316 push_term=0.001429310766980052 student_updates=1 teacher_ce=0.5434746742248535 teacher_lr=9.48823086950831e-06 teacher_margin=0.3097299337387085 teacher_margin_term=0.003097299486398697 teacher_updates=1 temp_adv=1.1301109091108967 temp_nat=3.6228890908887994 temperature_updates=1 total_loss=0.03375740349292755 views=2
2026-09-18 14:03:26.080 | INFO     | __main__:<module>:492 - METHOD_BATCH epoch=250 step=300 adv_kd=0.011599643155932426 awp_gamma=0.001 awp_relative_norm_max=0.0010000001639127731 clean_ce=0.1266258805990219 clean_ce_term=0.006331294309347868 consistency_term=0.001420833868905902 consistency_weight=0.5 js_raw=0.028416676446795464 lr=0.024889135437077315 nat_kd=0.008495432324707508 pcgrad_conflicts=0 push=0.027678191661834717 push_term=0.0013839096063748002 student_updates=1 teacher_ce=0.5348534286022186 teacher_lr=9.48823086950831e-06 teacher_margin=0.32302260398864746 teacher_margin_term=0.0032302257604897022 teacher_updates=1 temp_adv=1.1301109091108967 temp_nat=3.6228890908887994 temperature_updates=1 total_loss=0.03246133774518967 views=2
2026-09-18 14:05:10.148 | INFO     | __main__:<module>:870 - TRAIN_EPOCH_RESOURCE epoch=250 seconds=453.87055042758584 peak_allocated_bytes=8125391360
2026-09-18 14:05:40.685 | INFO     | __main__:<module>:927 - student robust acc 0.5343, teacher robust acc 0.6849, nat teacher robust acc 0.5420
2026-09-18 14:05:48.047 | INFO     | __main__:<module>:998 - best accuracy:0.7152000000000001
2026-09-18 14:05:48.048 | INFO     | __main__:<module>:1001 - student natural acc 0.8961, adv teacher natural acc 0.8791, nat teacher natural acc 0.9318
2026-09-18 14:05:48.051 | INFO     | __main__:<module>:477 - METHOD epoch=251 views=2 awp_gamma=0.001 consistency_weight=0.5
2026-09-18 14:05:48.052 | INFO     | __main__:<module>:480 - the 251th epoch 
2026-09-18 14:05:49.230 | INFO     | __main__:<module>:492 - METHOD_BATCH epoch=251 step=0 adv_kd=0.012877406552433968 awp_gamma=0.001 awp_relative_norm_max=0.0010000001639127731 clean_ce=0.11189869046211243 clean_ce_term=0.005594934336841106 consistency_term=0.0020255737472325563 consistency_weight=0.5 js_raw=0.04051147401332855 lr=0.023989638911314483 nat_kd=0.007015325129032135 pcgrad_conflicts=0 push=0.039939962327480316 push_term=0.0019969982095062733 student_updates=1 teacher_ce=0.6107851564884186 teacher_lr=9.12386828623678e-06 teacher_margin=0.29040926694869995 teacher_margin_term=0.0029040928930044174 teacher_updates=1 temp_adv=1.1301109091108967 temp_nat=3.6228890908887994 temperature_updates=1 total_loss=0.032414332032203674 views=2
2026-09-18 14:07:45.383 | INFO     | __main__:<module>:492 - METHOD_BATCH epoch=251 step=100 adv_kd=0.010871284641325474 awp_gamma=0.001 awp_relative_norm_max=0.0010000001639127731 clean_ce=0.1337902992963791 clean_ce_term=0.0066895149648189545 consistency_term=0.0018659023335203528 consistency_weight=0.5 js_raw=0.037318047136068344 lr=0.023989638911314483 nat_kd=0.008363459259271622 pcgrad_conflicts=0 push=0.03902421146631241 push_term=0.0019512106664478779 student_updates=1 teacher_ce=0.5941717624664307 teacher_lr=9.12386828623678e-06 teacher_margin=0.25162291526794434 teacher_margin_term=0.002516229171305895 teacher_updates=1 temp_adv=1.1301109091108967 temp_nat=3.6228890908887994 temperature_updates=1 total_loss=0.032257601618766785 views=2
2026-09-18 14:09:41.466 | INFO     | __main__:<module>:492 - METHOD_BATCH epoch=251 step=200 adv_kd=0.011799629777669907 awp_gamma=0.001 awp_relative_norm_max=0.0010000001639127731 clean_ce=0.12558108568191528 clean_ce_term=0.006279054097831249 consistency_term=0.0012152643175795674 consistency_weight=0.5 js_raw=0.02430528588593006 lr=0.023989638911314483 nat_kd=0.007580649107694626 pcgrad_conflicts=0 push=0.03305167332291603 push_term=0.0016525837127119303 student_updates=1 teacher_ce=0.44137831032276154 teacher_lr=9.12386828623678e-06 teacher_margin=0.3440226912498474 teacher_margin_term=0.0034402268938720226 teacher_updates=1 temp_adv=1.1301109091108967 temp_nat=3.6228890908887994 temperature_updates=1 total_loss=0.0319674089550972 views=2
2026-09-18 14:11:37.663 | INFO     | __main__:<module>:492 - METHOD_BATCH epoch=251 step=300 adv_kd=0.012620341032743454 awp_gamma=0.001 awp_relative_norm_max=0.0010000001639127731 clean_ce=0.1171116977930069 clean_ce_term=0.005855584982782602 consistency_term=0.0017197889974340796 consistency_weight=0.5 js_raw=0.03439578041434288 lr=0.023989638911314483 nat_kd=0.00780651718378067 pcgrad_conflicts=0 push=0.048846013844013214 push_term=0.002442300785332918 student_updates=1 teacher_ce=0.5131891071796417 teacher_lr=9.12386828623678e-06 teacher_margin=0.2898825407028198 teacher_margin_term=0.0028988253325223923 teacher_updates=1 temp_adv=1.1301109091108967 temp_nat=3.6228890908887994 temperature_updates=1 total_loss=0.0333433598279953 views=2
2026-09-18 14:13:22.061 | INFO     | __main__:<module>:870 - TRAIN_EPOCH_RESOURCE epoch=251 seconds=454.0092796571553 peak_allocated_bytes=8127488512
2026-09-18 14:13:52.611 | INFO     | __main__:<module>:927 - student robust acc 0.5326, teacher robust acc 0.6850, nat teacher robust acc 0.5425
2026-09-18 14:13:59.165 | INFO     | __main__:<module>:1001 - student natural acc 0.8967, adv teacher natural acc 0.8796, nat teacher natural acc 0.9318
2026-09-18 14:13:59.167 | INFO     | __main__:<module>:477 - METHOD epoch=252 views=2 awp_gamma=0.001 consistency_weight=0.5
2026-09-18 14:13:59.167 | INFO     | __main__:<module>:480 - the 252th epoch 
2026-09-18 14:14:00.328 | INFO     | __main__:<module>:492 - METHOD_BATCH epoch=252 step=0 adv_kd=0.011880304664373398 awp_gamma=0.001 awp_relative_norm_max=0.0010000001639127731 clean_ce=0.13450978696346283 clean_ce_term=0.0067254891619086266 consistency_term=0.0014424858381971717 consistency_weight=0.5 js_raw=0.028849715366959572 lr=0.02310159114060635 nat_kd=0.008609415963292122 pcgrad_conflicts=0 push=0.03634319081902504 push_term=0.0018171595875173807 student_updates=1 teacher_ce=0.5742570459842682 teacher_lr=8.765953142810843e-06 teacher_margin=0.2811740040779114 teacher_margin_term=0.0028117401525378227 teacher_updates=1 temp_adv=1.1301109091108967 temp_nat=3.6228890908887994 temperature_updates=1 total_loss=0.03328659385442734 views=2
2026-09-18 14:15:56.057 | INFO     | __main__:<module>:492 - METHOD_BATCH epoch=252 step=100 adv_kd=0.013011518865823746 awp_gamma=0.001 awp_relative_norm_max=0.0010000001639127731 clean_ce=0.13182488083839417 clean_ce_term=0.006591244135051966 consistency_term=0.0016045136144384742 consistency_weight=0.5 js_raw=0.03209027275443077 lr=0.02310159114060635 nat_kd=0.008862750604748726 pcgrad_conflicts=0 push=0.028748705983161926 push_term=0.0014374353922903538 student_updates=1 teacher_ce=0.5324457287788391 teacher_lr=8.765953142810843e-06 teacher_margin=0.37185195088386536 teacher_margin_term=0.0037185195833444595 teacher_updates=1 temp_adv=1.1301109091108967 temp_nat=3.6228890908887994 temperature_updates=1 total_loss=0.03522597998380661 views=2
2026-09-18 14:17:52.546 | INFO     | __main__:<module>:492 - METHOD_BATCH epoch=252 step=200 adv_kd=0.0111690117046237 awp_gamma=0.001 awp_relative_norm_max=0.0010000001639127731 clean_ce=0.12774910032749176 clean_ce_term=0.0063874549232423306 consistency_term=0.0015349992318078876 consistency_weight=0.5 js_raw=0.03069998323917389 lr=0.02310159114060635 nat_kd=0.007134961895644665 pcgrad_conflicts=0 push=0.040583256632089615 push_term=0.0020291628316044807 student_updates=1 teacher_ce=0.539251446723938 teacher_lr=8.765953142810843e-06 teacher_margin=0.2962409257888794 teacher_margin_term=0.002962409285828471 teacher_updates=1 temp_adv=1.1301109091108967 temp_nat=3.6228890908887994 temperature_updates=1 total_loss=0.031217999756336212 views=2
2026-09-18 14:19:49.111 | INFO     | __main__:<module>:492 - METHOD_BATCH epoch=252 step=300 adv_kd=0.011878742836415768 awp_gamma=0.001 awp_relative_norm_max=0.0010000001639127731 clean_ce=0.12215221673250198 clean_ce_term=0.006107611116021872 consistency_term=0.0015380572294816375 consistency_weight=0.5 js_raw=0.030761145055294037 lr=0.02310159114060635 nat_kd=0.007690265774726868 pcgrad_conflicts=0 push=0.03682196885347366 push_term=0.001841098302975297 student_updates=1 teacher_ce=0.43875278532505035 teacher_lr=8.765953142810843e-06 teacher_margin=0.3355120122432709 teacher_margin_term=0.00335512007586658 teacher_updates=1 temp_adv=1.1301109091108967 temp_nat=3.6228890908887994 temperature_updates=1 total_loss=0.03241089731454849 views=2
2026-09-18 14:21:32.942 | INFO     | __main__:<module>:870 - TRAIN_EPOCH_RESOURCE epoch=252 seconds=453.7743480540812 peak_allocated_bytes=8125391360
2026-09-18 14:22:02.791 | INFO     | __main__:<module>:927 - student robust acc 0.5334, teacher robust acc 0.6854, nat teacher robust acc 0.5441
2026-09-18 14:22:09.092 | INFO     | __main__:<module>:1001 - student natural acc 0.8962, adv teacher natural acc 0.8799, nat teacher natural acc 0.9318
2026-09-18 14:22:09.094 | INFO     | __main__:<module>:477 - METHOD epoch=253 views=2 awp_gamma=0.001 consistency_weight=0.5
2026-09-18 14:22:09.094 | INFO     | __main__:<module>:480 - the 253th epoch 
2026-09-18 14:22:10.251 | INFO     | __main__:<module>:492 - METHOD_BATCH epoch=253 step=0 adv_kd=0.009149845689535141 awp_gamma=0.001 awp_relative_norm_max=0.0010000001639127731 clean_ce=0.13274751603603363 clean_ce_term=0.0066373758018016815 consistency_term=0.001273500849492848 consistency_weight=0.5 js_raw=0.02547001652419567 lr=0.02222537995275011 nat_kd=0.008999457582831383 pcgrad_conflicts=0 push=0.03613229840993881 push_term=0.0018066149204969406 student_updates=1 teacher_ce=0.5155166685581207 teacher_lr=8.414540962027861e-06 teacher_margin=0.23845195770263672 teacher_margin_term=0.0023845196701586246 teacher_updates=1 temp_adv=1.1301109091108967 temp_nat=3.6228890908887994 temperature_updates=1 total_loss=0.030251314863562584 views=2
2026-09-18 14:24:05.973 | INFO     | __main__:<module>:492 - METHOD_BATCH epoch=253 step=100 adv_kd=0.011552779003977776 awp_gamma=0.001 awp_relative_norm_max=0.0010000001639127731 clean_ce=0.12729209661483765 clean_ce_term=0.00636460492387414 consistency_term=0.0019120242213830352 consistency_weight=0.5 js_raw=0.03824048489332199 lr=0.02222537995275011 nat_kd=0.008962675929069519 pcgrad_conflicts=0 push=0.03308362141251564 push_term=0.0016541810473427176 student_updates=1 teacher_ce=0.6266852617263794 teacher_lr=8.414540962027861e-06 teacher_margin=0.29343757033348083 teacher_margin_term=0.0029343757778406143 teacher_updates=1 temp_adv=1.1301109091108967 temp_nat=3.6228890908887994 temperature_updates=1 total_loss=0.03338064253330231 views=2
2026-09-18 14:26:02.445 | INFO     | __main__:<module>:492 - METHOD_BATCH epoch=253 step=200 adv_kd=0.010625283233821392 awp_gamma=0.001 awp_relative_norm_max=0.0010000001639127731 clean_ce=0.12607640027999878 clean_ce_term=0.006303820293396711 consistency_term=0.0009814969962462783 consistency_weight=0.5 js_raw=0.019629940390586853 lr=0.02222537995275011 nat_kd=0.007696998305618763 pcgrad_conflicts=0 push=0.03969839960336685 push_term=0.001984919887036085 student_updates=1 teacher_ce=0.4927029311656952 teacher_lr=8.414540962027861e-06 teacher_margin=0.24570053815841675 teacher_margin_term=0.002457005437463522 teacher_updates=1 temp_adv=1.1301109091108967 temp_nat=3.6228890908887994 temperature_updates=1 total_loss=0.0300495233386755 views=2
2026-09-18 14:27:58.968 | INFO     | __main__:<module>:492 - METHOD_BATCH epoch=253 step=300 adv_kd=0.009523900225758553 awp_gamma=0.001 awp_relative_norm_max=0.0010000001639127731 clean_ce=0.1330595314502716 clean_ce_term=0.006652976851910353 consistency_term=0.0007621045806445181 consistency_weight=0.5 js_raw=0.015242091380059719 lr=0.02222537995275011 nat_kd=0.009200256317853928 pcgrad_conflicts=0 push=0.03511790931224823 push_term=0.0017558953259140253 student_updates=1 teacher_ce=0.4280407577753067 teacher_lr=8.414540962027861e-06 teacher_margin=0.27966639399528503 teacher_margin_term=0.0027966639026999474 teacher_updates=1 temp_adv=1.1301109091108967 temp_nat=3.6228890908887994 temperature_updates=1 total_loss=0.03069179877638817 views=2
2026-09-18 14:29:43.567 | INFO     | __main__:<module>:870 - TRAIN_EPOCH_RESOURCE epoch=253 seconds=454.47292405739427 peak_allocated_bytes=8127488512
2026-09-18 14:30:15.002 | INFO     | __main__:<module>:927 - student robust acc 0.5306, teacher robust acc 0.6863, nat teacher robust acc 0.5417
2026-09-18 14:30:21.466 | INFO     | __main__:<module>:1001 - student natural acc 0.8979, adv teacher natural acc 0.8797, nat teacher natural acc 0.9318
2026-09-18 14:30:21.468 | INFO     | __main__:<module>:477 - METHOD epoch=254 views=2 awp_gamma=0.001 consistency_weight=0.5
2026-09-18 14:30:21.468 | INFO     | __main__:<module>:480 - the 254th epoch 
2026-09-18 14:30:22.636 | INFO     | __main__:<module>:492 - METHOD_BATCH epoch=254 step=0 adv_kd=0.010588040575385094 awp_gamma=0.001 awp_relative_norm_max=0.0010000001639127731 clean_ce=0.12159004807472229 clean_ce_term=0.0060795024037361145 consistency_term=0.0012132157571613789 consistency_weight=0.5 js_raw=0.024264315143227577 lr=0.021361387842109093 nat_kd=0.008980206213891506 pcgrad_conflicts=0 push=0.026991259306669235 push_term=0.0013495630118995905 student_updates=1 teacher_ce=0.597139298915863 teacher_lr=8.069686219800432e-06 teacher_margin=0.25965046882629395 teacher_margin_term=0.0025965047534555197 teacher_updates=1 temp_adv=1.1301109091108967 temp_nat=3.6228890908887994 temperature_updates=1 total_loss=0.03080703131854534 views=2
2026-09-18 14:32:19.050 | INFO     | __main__:<module>:492 - METHOD_BATCH epoch=254 step=100 adv_kd=0.010023773647844791 awp_gamma=0.001 awp_relative_norm_max=0.0010000001639127731 clean_ce=0.13150140643119812 clean_ce_term=0.006575070321559906 consistency_term=0.0012493281392380595 consistency_weight=0.5 js_raw=0.02498656138777733 lr=0.021361387842109093 nat_kd=0.007706537842750549 pcgrad_conflicts=0 push=0.034569330513477325 push_term=0.0017284664791077375 student_updates=1 teacher_ce=0.55557581782341 teacher_lr=8.069686219800432e-06 teacher_margin=0.23954389989376068 teacher_margin_term=0.002395438961684704 teacher_updates=1 temp_adv=1.1301109091108967 temp_nat=3.6228890908887994 temperature_updates=1 total_loss=0.029678616672754288 views=2
2026-09-18 14:34:15.641 | INFO     | __main__:<module>:492 - METHOD_BATCH epoch=254 step=200 adv_kd=0.010291787795722485 awp_gamma=0.001 awp_relative_norm_max=0.0010000001639127731 clean_ce=0.12770044803619385 clean_ce_term=0.006385021843016148 consistency_term=0.0015173542778939009 consistency_weight=0.5 js_raw=0.030347084626555443 lr=0.021361387842109093 nat_kd=0.00645768316462636 pcgrad_conflicts=0 push=0.030945071950554848 push_term=0.001547253574244678 student_updates=1 teacher_ce=0.45621202886104584 teacher_lr=8.069686219800432e-06 teacher_margin=0.2625791132450104 teacher_margin_term=0.002625791123136878 teacher_updates=1 temp_adv=1.1301109091108967 temp_nat=3.6228890908887994 temperature_updates=1 total_loss=0.02882489003241062 views=2
2026-09-18 14:36:12.109 | INFO     | __main__:<module>:492 - METHOD_BATCH epoch=254 step=300 adv_kd=0.01241518184542656 awp_gamma=0.001 awp_relative_norm_max=0.0010000001639127731 clean_ce=0.10700340569019318 clean_ce_term=0.005350170191377401 consistency_term=0.0011993239168077707 consistency_weight=0.5 js_raw=0.02398647740483284 lr=0.021361387842109093 nat_kd=0.008717099204659462 pcgrad_conflicts=0 push=0.03239428624510765 push_term=0.0016197143122553825 student_updates=1 teacher_ce=0.4803609251976013 teacher_lr=8.069686219800432e-06 teacher_margin=0.3278210759162903 teacher_margin_term=0.003278210759162903 teacher_updates=1 temp_adv=1.1301109091108967 temp_nat=3.6228890908887994 temperature_updates=1 total_loss=0.0325797013938427 views=2
2026-09-18 14:37:56.670 | INFO     | __main__:<module>:870 - TRAIN_EPOCH_RESOURCE epoch=254 seconds=455.19566029682755 peak_allocated_bytes=8125391360
2026-09-18 14:38:28.072 | INFO     | __main__:<module>:927 - student robust acc 0.5326, teacher robust acc 0.6874, nat teacher robust acc 0.5413
2026-09-18 14:38:34.491 | INFO     | __main__:<module>:1001 - student natural acc 0.8974, adv teacher natural acc 0.8787, nat teacher natural acc 0.9318
2026-09-18 14:38:34.493 | INFO     | __main__:<module>:477 - METHOD epoch=255 views=2 awp_gamma=0.001 consistency_weight=0.5
2026-09-18 14:38:34.493 | INFO     | __main__:<module>:480 - the 255th epoch 
2026-09-18 14:38:35.661 | INFO     | __main__:<module>:492 - METHOD_BATCH epoch=255 step=0 adv_kd=0.010132724419236183 awp_gamma=0.001 awp_relative_norm_max=0.0010000001639127731 clean_ce=0.12092821300029755 clean_ce_term=0.006046411115676165 consistency_term=0.0014978005783632398 consistency_weight=0.5 js_raw=0.029956011101603508 lr=0.020509991800446135 nat_kd=0.0059985872358083725 pcgrad_conflicts=0 push=0.03091816045343876 push_term=0.0015459080459550023 student_updates=1 teacher_ce=0.5559765100479126 teacher_lr=7.731442336567935e-06 teacher_margin=0.26688259840011597 teacher_margin_term=0.0026688259094953537 teacher_updates=1 temp_adv=1.1301109091108967 temp_nat=3.6228890908887994 temperature_updates=1 total_loss=0.02789025940001011 views=2
2026-09-18 14:40:32.158 | INFO     | __main__:<module>:492 - METHOD_BATCH epoch=255 step=100 adv_kd=0.01078922301530838 awp_gamma=0.001 awp_relative_norm_max=0.0010000001639127731 clean_ce=0.12315887212753296 clean_ce_term=0.0061579435132443905 consistency_term=0.001577141578309238 consistency_weight=0.5 js_raw=0.0315428301692009 lr=0.020509991800446135 nat_kd=0.006835273001343012 pcgrad_conflicts=0 push=0.030622869729995728 push_term=0.0015311434399336576 student_updates=1 teacher_ce=0.5799807608127594 teacher_lr=7.731442336567935e-06 teacher_margin=0.2830376625061035 teacher_margin_term=0.0028303763829171658 teacher_updates=1 temp_adv=1.1301109091108967 temp_nat=3.6228890908887994 temperature_updates=1 total_loss=0.029721099883317947 views=2
2026-09-18 14:42:28.675 | INFO     | __main__:<module>:492 - METHOD_BATCH epoch=255 step=200 adv_kd=0.012222656980156898 awp_gamma=0.001 awp_relative_norm_max=0.0010000001639127731 clean_ce=0.12357045710086823 clean_ce_term=0.006178522482514381 consistency_term=0.0013002416817471385 consistency_weight=0.5 js_raw=0.026004832237958908 lr=0.020509991800446135 nat_kd=0.007009097374975681 pcgrad_conflicts=0 push=0.03027275949716568 push_term=0.0015136380679905415 student_updates=1 teacher_ce=0.45629337430000305 teacher_lr=7.731442336567935e-06 teacher_margin=0.3398515582084656 teacher_margin_term=0.003398515284061432 teacher_updates=1 temp_adv=1.1301109091108967 temp_nat=3.6228890908887994 temperature_updates=1 total_loss=0.03162267059087753 views=2
2026-09-18 14:44:25.173 | INFO     | __main__:<module>:492 - METHOD_BATCH epoch=255 step=300 adv_kd=0.008720064535737038 awp_gamma=0.001 awp_relative_norm_max=0.0010000001639127731 clean_ce=0.12402250617742538 clean_ce_term=0.006201125215739012 consistency_term=0.001399739645421505 consistency_weight=0.5 js_raw=0.0279947929084301 lr=0.020509991800446135 nat_kd=0.00880077388137579 pcgrad_conflicts=0 push=0.04080688953399658 push_term=0.002040344523265958 student_updates=1 teacher_ce=0.523170530796051 teacher_lr=7.731442336567935e-06 teacher_margin=0.23201966285705566 teacher_margin_term=0.0023201964795589447 teacher_updates=1 temp_adv=1.1301109091108967 temp_nat=3.6228890908887994 temperature_updates=1 total_loss=0.029482245445251465 views=2
2026-09-18 14:46:09.756 | INFO     | __main__:<module>:870 - TRAIN_EPOCH_RESOURCE epoch=255 seconds=455.26280907168984 peak_allocated_bytes=8127488512
2026-09-18 14:46:41.196 | INFO     | __main__:<module>:927 - student robust acc 0.5333, teacher robust acc 0.6837, nat teacher robust acc 0.5416
2026-09-18 14:46:47.641 | INFO     | __main__:<module>:1001 - student natural acc 0.8966, adv teacher natural acc 0.8780, nat teacher natural acc 0.9318
2026-09-18 14:46:47.643 | INFO     | __main__:<module>:477 - METHOD epoch=256 views=2 awp_gamma=0.001 consistency_weight=0.5
2026-09-18 14:46:47.643 | INFO     | __main__:<module>:480 - the 256th epoch 
2026-09-18 14:46:48.813 | INFO     | __main__:<module>:492 - METHOD_BATCH epoch=256 step=0 adv_kd=0.00940487626940012 awp_gamma=0.001 awp_relative_norm_max=0.0010000001639127731 clean_ce=0.1338696926832199 clean_ce_term=0.006693484727293253 consistency_term=0.000987901701591909 consistency_weight=0.5 js_raw=0.019758032634854317 lr=0.019671563150245056 nat_kd=0.007178801577538252 pcgrad_conflicts=0 push=0.035390473902225494 push_term=0.001769523718394339 student_updates=1 teacher_ce=0.5052736401557922 teacher_lr=7.399861668878823e-06 teacher_margin=0.2242838442325592 teacher_margin_term=0.0022428384982049465 teacher_updates=1 temp_adv=1.1301109091108967 temp_nat=3.6228890908887994 temperature_updates=1 total_loss=0.028277426958084106 views=2
2026-09-18 14:48:45.168 | INFO     | __main__:<module>:492 - METHOD_BATCH epoch=256 step=100 adv_kd=0.009880250319838524 awp_gamma=0.001 awp_relative_norm_max=0.0010000001639127731 clean_ce=0.12210777401924133 clean_ce_term=0.006105388980358839 consistency_term=0.0013698237016797066 consistency_weight=0.5 js_raw=0.02739647403359413 lr=0.019671563150245056 nat_kd=0.007992371916770935 pcgrad_conflicts=0 push=0.024550609290599823 push_term=0.0012275304179638624 student_updates=1 teacher_ce=0.56118044257164 teacher_lr=7.399861668878823e-06 teacher_margin=0.24596673250198364 teacher_margin_term=0.002459667157381773 teacher_updates=1 temp_adv=1.1301109091108967 temp_nat=3.6228890908887994 temperature_updates=1 total_loss=0.02903503179550171 views=2
2026-09-18 14:50:41.543 | INFO     | __main__:<module>:492 - METHOD_BATCH epoch=256 step=200 adv_kd=0.010185605846345425 awp_gamma=0.001 awp_relative_norm_max=0.0010000001639127731 clean_ce=0.11888544261455536 clean_ce_term=0.005944272503256798 consistency_term=0.001231062808074057 consistency_weight=0.5 js_raw=0.024621255695819855 lr=0.019671563150245056 nat_kd=0.007431562524288893 pcgrad_conflicts=0 push=0.032845593988895416 push_term=0.0016422797925770283 student_updates=1 teacher_ce=0.5533255040645599 teacher_lr=7.399861668878823e-06 teacher_margin=0.2379576563835144 teacher_margin_term=0.002379576675593853 teacher_updates=1 temp_adv=1.1301109091108967 temp_nat=3.6228890908887994 temperature_updates=1 total_loss=0.02881436049938202 views=2
2026-09-18 14:52:37.634 | INFO     | __main__:<module>:492 - METHOD_BATCH epoch=256 step=300 adv_kd=0.011577021330595016 awp_gamma=0.001 awp_relative_norm_max=0.0010000001639127731 clean_ce=0.12889301776885986 clean_ce_term=0.006444651633501053 consistency_term=0.001205598353408277 consistency_weight=0.5 js_raw=0.024111967533826828 lr=0.019671563150245056 nat_kd=0.009037580341100693 pcgrad_conflicts=0 push=0.02797916904091835 push_term=0.0013989584986120462 student_updates=1 teacher_ce=0.5981530249118805 teacher_lr=7.399861668878823e-06 teacher_margin=0.26872098445892334 teacher_margin_term=0.002687209751456976 teacher_updates=1 temp_adv=1.1301109091108967 temp_nat=3.6228890908887994 temperature_updates=1 total_loss=0.032351016998291016 views=2
2026-09-18 14:54:21.855 | INFO     | __main__:<module>:870 - TRAIN_EPOCH_RESOURCE epoch=256 seconds=454.20935962349176 peak_allocated_bytes=8125391360
2026-09-18 14:54:52.535 | INFO     | __main__:<module>:927 - student robust acc 0.5326, teacher robust acc 0.6852, nat teacher robust acc 0.5450
2026-09-18 14:54:58.978 | INFO     | __main__:<module>:1001 - student natural acc 0.8967, adv teacher natural acc 0.8791, nat teacher natural acc 0.9318
2026-09-18 14:54:58.980 | INFO     | __main__:<module>:477 - METHOD epoch=257 views=2 awp_gamma=0.001 consistency_weight=0.5
2026-09-18 14:54:58.980 | INFO     | __main__:<module>:480 - the 257th epoch 
2026-09-18 14:55:00.151 | INFO     | __main__:<module>:492 - METHOD_BATCH epoch=257 step=0 adv_kd=0.009048640727996826 awp_gamma=0.001 awp_relative_norm_max=0.0010000001639127731 clean_ce=0.1143692135810852 clean_ce_term=0.005718461237847805 consistency_term=0.0013080263743177056 consistency_weight=0.5 js_raw=0.026160527020692825 lr=0.01884646738059459 nat_kd=0.006579405162483454 pcgrad_conflicts=0 push=0.0327930711209774 push_term=0.0016396535793319345 student_updates=1 teacher_ce=0.4260314702987671 teacher_lr=7.074995501145022e-06 teacher_margin=0.23183278739452362 teacher_margin_term=0.0023183277808129787 teacher_updates=1 temp_adv=1.1301109091108967 temp_nat=3.6228890908887994 temperature_updates=1 total_loss=0.02661251462996006 views=2
2026-09-18 14:56:56.371 | INFO     | __main__:<module>:492 - METHOD_BATCH epoch=257 step=100 adv_kd=0.01013290323317051 awp_gamma=0.001 awp_relative_norm_max=0.0010000001639127731 clean_ce=0.1286848783493042 clean_ce_term=0.006434244103729725 consistency_term=0.0008767130202613771 consistency_weight=0.5 js_raw=0.01753425970673561 lr=0.01884646738059459 nat_kd=0.007173510268330574 pcgrad_conflicts=0 push=0.026624508202075958 push_term=0.0013312253868207335 student_updates=1 teacher_ce=0.5468012988567352 teacher_lr=7.074995501145022e-06 teacher_margin=0.22555093467235565 teacher_margin_term=0.0022555093746632338 teacher_updates=1 temp_adv=1.1301109091108967 temp_nat=3.6228890908887994 temperature_updates=1 total_loss=0.02820410579442978 views=2
2026-09-18 14:58:52.687 | INFO     | __main__:<module>:492 - METHOD_BATCH epoch=257 step=200 adv_kd=0.0079873725771904 awp_gamma=0.001 awp_relative_norm_max=0.0010000001639127731 clean_ce=0.13179317116737366 clean_ce_term=0.006589658558368683 consistency_term=0.0013035314623266459 consistency_weight=0.5 js_raw=0.026070628315210342 lr=0.01884646738059459 nat_kd=0.006281676236540079 pcgrad_conflicts=0 push=0.025028806179761887 push_term=0.0012514403788372874 student_updates=1 teacher_ce=0.5115872472524643 teacher_lr=7.074995501145022e-06 teacher_margin=0.21516390144824982 teacher_margin_term=0.0021516389679163694 teacher_updates=1 temp_adv=1.1301109091108967 temp_nat=3.6228890908887994 temperature_updates=1 total_loss=0.025565316900610924 views=2
2026-09-18 15:00:49.068 | INFO     | __main__:<module>:492 - METHOD_BATCH epoch=257 step=300 adv_kd=0.01260516420006752 awp_gamma=0.001 awp_relative_norm_max=0.0010000001639127731 clean_ce=0.13057419657707214 clean_ce_term=0.006528709549456835 consistency_term=0.0016151935560628772 consistency_weight=0.5 js_raw=0.03230386972427368 lr=0.01884646738059459 nat_kd=0.007663708180189133 pcgrad_conflicts=0 push=0.03237574175000191 push_term=0.0016187871806323528 student_updates=1 teacher_ce=0.5657177269458771 teacher_lr=7.074995501145022e-06 teacher_margin=0.3346271812915802 teacher_margin_term=0.003346271812915802 teacher_updates=1 temp_adv=1.1301109091108967 temp_nat=3.6228890908887994 temperature_updates=1 total_loss=0.03337783366441727 views=2
2026-09-18 15:02:33.597 | INFO     | __main__:<module>:870 - TRAIN_EPOCH_RESOURCE epoch=257 seconds=454.6167916171253 peak_allocated_bytes=8127488512
2026-09-18 15:03:05.082 | INFO     | __main__:<module>:927 - student robust acc 0.5321, teacher robust acc 0.6872, nat teacher robust acc 0.5423
2026-09-18 15:03:11.731 | INFO     | __main__:<module>:1001 - student natural acc 0.8975, adv teacher natural acc 0.8805, nat teacher natural acc 0.9318
2026-09-18 15:03:11.732 | INFO     | __main__:<module>:477 - METHOD epoch=258 views=2 awp_gamma=0.001 consistency_weight=0.5
2026-09-18 15:03:11.733 | INFO     | __main__:<module>:480 - the 258th epoch 
2026-09-18 15:03:12.900 | INFO     | __main__:<module>:492 - METHOD_BATCH epoch=258 step=0 adv_kd=0.02014276385307312 awp_gamma=0.001 awp_relative_norm_max=0.0010000001639127731 clean_ce=0.12265589833259583 clean_ce_term=0.006132795475423336 consistency_term=0.0014870647573843598 consistency_weight=0.5 js_raw=0.02974129468202591 lr=0.018035063985707728 nat_kd=0.007378283888101578 pcgrad_conflicts=0 push=0.02726849727332592 push_term=0.0013634248171001673 student_updates=1 teacher_ce=0.5543306767940521 teacher_lr=6.756894037569858e-06 teacher_margin=0.3363499343395233 teacher_margin_term=0.003363499417901039 teacher_updates=1 temp_adv=1.1301109091108967 temp_nat=3.6228890908887994 temperature_updates=1 total_loss=0.0398678295314312 views=2
2026-09-18 15:05:09.335 | INFO     | __main__:<module>:492 - METHOD_BATCH epoch=258 step=100 adv_kd=0.00886632315814495 awp_gamma=0.001 awp_relative_norm_max=0.0010000001639127731 clean_ce=0.13541436195373535 clean_ce_term=0.006770717911422253 consistency_term=0.000983468838967383 consistency_weight=0.5 js_raw=0.01966937631368637 lr=0.018035063985707728 nat_kd=0.007309537380933762 pcgrad_conflicts=0 push=0.029393013566732407 push_term=0.001469650655053556 student_updates=1 teacher_ce=0.4963289350271225 teacher_lr=6.756894037569858e-06 teacher_margin=0.22193346917629242 teacher_margin_term=0.0022193347103893757 teacher_updates=1 temp_adv=1.1301109091108967 temp_nat=3.6228890908887994 temperature_updates=1 total_loss=0.027619032189249992 views=2
2026-09-18 15:07:05.881 | INFO     | __main__:<module>:492 - METHOD_BATCH epoch=258 step=200 adv_kd=0.010403310880064964 awp_gamma=0.001 awp_relative_norm_max=0.0010000001639127731 clean_ce=0.1280115842819214 clean_ce_term=0.006400578655302525 consistency_term=0.0011176177067682147 consistency_weight=0.5 js_raw=0.022352352738380432 lr=0.018035063985707728 nat_kd=0.010481434874236584 pcgrad_conflicts=0 push=0.035548027604818344 push_term=0.001777401426807046 student_updates=1 teacher_ce=0.5406853258609772 teacher_lr=6.756894037569858e-06 teacher_margin=0.29739487171173096 teacher_margin_term=0.0029739486053586006 teacher_updates=1 temp_adv=1.1301109091108967 temp_nat=3.6228890908887994 temperature_updates=1 total_loss=0.03315429389476776 views=2
2026-09-18 15:09:02.231 | INFO     | __main__:<module>:492 - METHOD_BATCH epoch=258 step=300 adv_kd=0.009615696035325527 awp_gamma=0.001 awp_relative_norm_max=0.0010000001639127731 clean_ce=0.12562884390354156 clean_ce_term=0.006281442008912563 consistency_term=0.0015826888848096132 consistency_weight=0.5 js_raw=0.03165377676486969 lr=0.018035063985707728 nat_kd=0.007924042642116547 pcgrad_conflicts=0 push=0.03057543747127056 push_term=0.0015287718269973993 student_updates=1 teacher_ce=0.5196124017238617 teacher_lr=6.756894037569858e-06 teacher_margin=0.2121187448501587 teacher_margin_term=0.0021211872808635235 teacher_updates=1 temp_adv=1.1301109091108967 temp_nat=3.6228890908887994 temperature_updates=1 total_loss=0.029053829610347748 views=2
2026-09-18 15:10:46.811 | INFO     | __main__:<module>:870 - TRAIN_EPOCH_RESOURCE epoch=258 seconds=455.0775244683027 peak_allocated_bytes=8125391360
2026-09-18 15:11:18.387 | INFO     | __main__:<module>:927 - student robust acc 0.5328, teacher robust acc 0.6864, nat teacher robust acc 0.5396
2026-09-18 15:11:24.935 | INFO     | __main__:<module>:1001 - student natural acc 0.8969, adv teacher natural acc 0.8793, nat teacher natural acc 0.9318
2026-09-18 15:11:24.937 | INFO     | __main__:<module>:477 - METHOD epoch=259 views=2 awp_gamma=0.001 consistency_weight=0.5
2026-09-18 15:11:24.937 | INFO     | __main__:<module>:480 - the 259th epoch 
2026-09-18 15:11:26.089 | INFO     | __main__:<module>:492 - METHOD_BATCH epoch=259 step=0 adv_kd=0.007743641268461943 awp_gamma=0.001 awp_relative_norm_max=0.0010000001639127731 clean_ce=0.1306973397731781 clean_ce_term=0.006534866988658905 consistency_term=0.001120040426030755 consistency_weight=0.5 js_raw=0.022400807589292526 lr=0.017237706306148577 nat_kd=0.008067337796092033 pcgrad_conflicts=0 push=0.03128637373447418 push_term=0.0015643187798559666 student_updates=1 teacher_ce=0.3764062970876694 teacher_lr=6.445606394250721e-06 teacher_margin=0.20405340194702148 teacher_margin_term=0.0020405338145792484 teacher_updates=1 temp_adv=1.1301109091108967 temp_nat=3.6228890908887994 temperature_updates=1 total_loss=0.02707074023783207 views=2
2026-09-18 15:13:21.358 | INFO     | __main__:<module>:492 - METHOD_BATCH epoch=259 step=100 adv_kd=0.008004345931112766 awp_gamma=0.001 awp_relative_norm_max=0.0010000001639127731 clean_ce=0.1447957456111908 clean_ce_term=0.007239787373691797 consistency_term=0.0013313618255779147 consistency_weight=0.5 js_raw=0.02662723697721958 lr=0.017237706306148577 nat_kd=0.008384992368519306 pcgrad_conflicts=0 push=0.030667372047901154 push_term=0.0015333686023950577 student_updates=1 teacher_ce=0.5852440595626831 teacher_lr=6.445606394250721e-06 teacher_margin=0.1740596741437912 teacher_margin_term=0.0017405967228114605 teacher_updates=1 temp_adv=1.1301109091108967 temp_nat=3.6228890908887994 temperature_updates=1 total_loss=0.0282344501465559 views=2
2026-09-18 15:15:17.403 | INFO     | __main__:<module>:492 - METHOD_BATCH epoch=259 step=200 adv_kd=0.00760312657803297 awp_gamma=0.001 awp_relative_norm_max=0.0010000001639127731 clean_ce=0.1230497732758522 clean_ce_term=0.006152488756924868 consistency_term=0.001011308515444398 consistency_weight=0.5 js_raw=0.020226169377565384 lr=0.017237706306148577 nat_kd=0.008026288822293282 pcgrad_conflicts=0 push=0.035238590091466904 push_term=0.0017619294812902808 student_updates=1 teacher_ce=0.4681015610694885 teacher_lr=6.445606394250721e-06 teacher_margin=0.21549507975578308 teacher_margin_term=0.002154950750991702 teacher_updates=1 temp_adv=1.1301109091108967 temp_nat=3.6228890908887994 temperature_updates=1 total_loss=0.026710093021392822 views=2
2026-09-18 15:17:13.432 | INFO     | __main__:<module>:492 - METHOD_BATCH epoch=259 step=300 adv_kd=0.008022326976060867 awp_gamma=0.001 awp_relative_norm_max=0.0010000001639127731 clean_ce=0.12940825521945953 clean_ce_term=0.006470412947237492 consistency_term=0.000991353066638112 consistency_weight=0.5 js_raw=0.019827060401439667 lr=0.017237706306148577 nat_kd=0.00842943787574768 pcgrad_conflicts=0 push=0.03156672418117523 push_term=0.0015783363487571478 student_updates=1 teacher_ce=0.5603373348712921 teacher_lr=6.445606394250721e-06 teacher_margin=0.18614539504051208 teacher_margin_term=0.0018614539876580238 teacher_updates=1 temp_adv=1.1301109091108967 temp_nat=3.6228890908887994 temperature_updates=1 total_loss=0.027353322133421898 views=2
2026-09-18 15:18:57.617 | INFO     | __main__:<module>:870 - TRAIN_EPOCH_RESOURCE epoch=259 seconds=452.67956936731935 peak_allocated_bytes=8127488512
2026-09-18 15:19:28.031 | INFO     | __main__:<module>:927 - student robust acc 0.5327, teacher robust acc 0.6847, nat teacher robust acc 0.5411
2026-09-18 15:19:34.433 | INFO     | __main__:<module>:1001 - student natural acc 0.8976, adv teacher natural acc 0.8798, nat teacher natural acc 0.9318
2026-09-18 15:19:34.434 | INFO     | __main__:<module>:477 - METHOD epoch=260 views=2 awp_gamma=0.001 consistency_weight=0.5
2026-09-18 15:19:34.435 | INFO     | __main__:<module>:480 - the 260th epoch 
2026-09-18 15:19:35.598 | INFO     | __main__:<module>:492 - METHOD_BATCH epoch=260 step=0 adv_kd=0.008545334450900555 awp_gamma=0.001 awp_relative_norm_max=0.0010000001639127731 clean_ce=0.11666953563690186 clean_ce_term=0.005833476781845093 consistency_term=0.0011625915067270398 consistency_weight=0.5 js_raw=0.02325182966887951 lr=0.01645474137283715 nat_kd=0.008373025804758072 pcgrad_conflicts=0 push=0.03026207908987999 push_term=0.0015131040709093213 student_updates=1 teacher_ce=0.6833287477493286 teacher_lr=6.1411805914575665e-06 teacher_margin=0.1696431040763855 teacher_margin_term=0.001696431078016758 teacher_updates=1 temp_adv=1.1301109091108967 temp_nat=3.6228890908887994 temperature_updates=1 total_loss=0.027123965322971344 views=2
2026-09-18 15:21:31.747 | INFO     | __main__:<module>:492 - METHOD_BATCH epoch=260 step=100 adv_kd=0.009230067953467369 awp_gamma=0.001 awp_relative_norm_max=0.0010000001639127731 clean_ce=0.12797358632087708 clean_ce_term=0.006398679688572884 consistency_term=0.0018299308139830828 consistency_weight=0.5 js_raw=0.03659861534833908 lr=0.01645474137283715 nat_kd=0.006540450267493725 pcgrad_conflicts=0 push=0.03170185163617134 push_term=0.0015850926283746958 student_updates=1 teacher_ce=0.5685463845729828 teacher_lr=6.1411805914575665e-06 teacher_margin=0.2311476320028305 teacher_margin_term=0.0023114762734621763 teacher_updates=1 temp_adv=1.1301109091108967 temp_nat=3.6228890908887994 temperature_updates=1 total_loss=0.027895698323845863 views=2
2026-09-18 15:23:28.299 | INFO     | __main__:<module>:492 - METHOD_BATCH epoch=260 step=200 adv_kd=0.009366514161229134 awp_gamma=0.001 awp_relative_norm_max=0.0010000001639127731 clean_ce=0.12828543782234192 clean_ce_term=0.006414272356778383 consistency_term=0.0011729762190952897 consistency_weight=0.5 js_raw=0.023459523916244507 lr=0.01645474137283715 nat_kd=0.007017210125923157 pcgrad_conflicts=0 push=0.03504636138677597 push_term=0.0017523181159049273 student_updates=1 teacher_ce=0.4965861439704895 teacher_lr=6.1411805914575665e-06 teacher_margin=0.24182918667793274 teacher_margin_term=0.0024182917550206184 teacher_updates=1 temp_adv=1.1301109091108967 temp_nat=3.6228890908887994 temperature_updates=1 total_loss=0.028141582384705544 views=2
2026-09-18 15:25:24.625 | INFO     | __main__:<module>:492 - METHOD_BATCH epoch=260 step=300 adv_kd=0.01192430965602398 awp_gamma=0.001 awp_relative_norm_max=0.0010000001639127731 clean_ce=0.12361791729927063 clean_ce_term=0.006180895958095789 consistency_term=0.0013482407666742802 consistency_weight=0.5 js_raw=0.026964815333485603 lr=0.01645474137283715 nat_kd=0.00714894849807024 pcgrad_conflicts=0 push=0.02640366181731224 push_term=0.0013201830442994833 student_updates=1 teacher_ce=0.47250430285930634 teacher_lr=6.1411805914575665e-06 teacher_margin=0.3050864338874817 teacher_margin_term=0.0030508642084896564 teacher_updates=1 temp_adv=1.1301109091108967 temp_nat=3.6228890908887994 temperature_updates=1 total_loss=0.030973443761467934 views=2
2026-09-18 15:27:09.058 | INFO     | __main__:<module>:870 - TRAIN_EPOCH_RESOURCE epoch=260 seconds=454.6234078332782 peak_allocated_bytes=8125391360
2026-09-18 15:27:40.227 | INFO     | __main__:<module>:927 - student robust acc 0.5301, teacher robust acc 0.6862, nat teacher robust acc 0.5383
2026-09-18 15:27:46.731 | INFO     | __main__:<module>:1001 - student natural acc 0.8980, adv teacher natural acc 0.8796, nat teacher natural acc 0.9318
2026-09-18 15:27:46.733 | INFO     | __main__:<module>:477 - METHOD epoch=261 views=2 awp_gamma=0.001 consistency_weight=0.5
2026-09-18 15:27:46.733 | INFO     | __main__:<module>:480 - the 261th epoch 
2026-09-18 15:27:47.900 | INFO     | __main__:<module>:492 - METHOD_BATCH epoch=261 step=0 adv_kd=0.008274800144135952 awp_gamma=0.001 awp_relative_norm_max=0.0010000001639127731 clean_ce=0.11237764358520508 clean_ce_term=0.005618882365524769 consistency_term=0.0009435752290301025 consistency_weight=0.5 js_raw=0.018871504813432693 lr=0.01568650975390193 nat_kd=0.007082151249051094 pcgrad_conflicts=0 push=0.028806420043110847 push_term=0.001440320978872478 student_updates=1 teacher_ce=0.5974428653717041 teacher_lr=5.8436635460888395e-06 teacher_margin=0.17331333458423615 teacher_margin_term=0.0017331333365291357 teacher_updates=1 temp_adv=1.1301109091108967 temp_nat=3.6228890908887994 temperature_updates=1 total_loss=0.02509286254644394 views=2
2026-09-18 15:29:44.659 | INFO     | __main__:<module>:492 - METHOD_BATCH epoch=261 step=100 adv_kd=0.009692814201116562 awp_gamma=0.001 awp_relative_norm_max=0.0010000001639127731 clean_ce=0.12007875740528107 clean_ce_term=0.006003937683999538 consistency_term=0.0009987977100536227 consistency_weight=0.5 js_raw=0.019975952804088593 lr=0.01568650975390193 nat_kd=0.007928946055471897 pcgrad_conflicts=0 push=0.03843744844198227 push_term=0.0019218724919483066 student_updates=1 teacher_ce=0.5055984556674957 teacher_lr=5.8436635460888395e-06 teacher_margin=0.2492285668849945 teacher_margin_term=0.002492285333573818 teacher_updates=1 temp_adv=1.1301109091108967 temp_nat=3.6228890908887994 temperature_updates=1 total_loss=0.029038650915026665 views=2
2026-09-18 15:31:41.362 | INFO     | __main__:<module>:492 - METHOD_BATCH epoch=261 step=200 adv_kd=0.008820031769573689 awp_gamma=0.001 awp_relative_norm_max=0.0010000001639127731 clean_ce=0.12239556014537811 clean_ce_term=0.006119777914136648 consistency_term=0.0008309705299325287 consistency_weight=0.5 js_raw=0.01661941036581993 lr=0.01568650975390193 nat_kd=0.00733760604634881 pcgrad_conflicts=0 push=0.024946916848421097 push_term=0.0012473458191379905 student_updates=1 teacher_ce=0.6282841265201569 teacher_lr=5.8436635460888395e-06 teacher_margin=0.21627682447433472 teacher_margin_term=0.0021627680398523808 teacher_updates=1 temp_adv=1.1301109091108967 temp_nat=3.6228890908887994 temperature_updates=1 total_loss=0.026518497616052628 views=2
2026-09-18 15:33:38.043 | INFO     | __main__:<module>:492 - METHOD_BATCH epoch=261 step=300 adv_kd=0.00858277641236782 awp_gamma=0.001 awp_relative_norm_max=0.0010000001639127731 clean_ce=0.13191922008991241 clean_ce_term=0.006595961283892393 consistency_term=0.0011980211129412055 consistency_weight=0.5 js_raw=0.023960422724485397 lr=0.01568650975390193 nat_kd=0.007431561592966318 pcgrad_conflicts=0 push=0.03295540064573288 push_term=0.0016477699391543865 student_updates=1 teacher_ce=0.5848828852176666 teacher_lr=5.8436635460888395e-06 teacher_margin=0.20456194877624512 teacher_margin_term=0.00204561953432858 teacher_updates=1 temp_adv=1.1301109091108967 temp_nat=3.6228890908887994 temperature_updates=1 total_loss=0.027501709759235382 views=2
2026-09-18 15:35:22.523 | INFO     | __main__:<module>:870 - TRAIN_EPOCH_RESOURCE epoch=261 seconds=455.789077244699 peak_allocated_bytes=8127488512
2026-09-18 15:35:53.123 | INFO     | __main__:<module>:927 - student robust acc 0.5299, teacher robust acc 0.6891, nat teacher robust acc 0.5377
2026-09-18 15:35:59.604 | INFO     | __main__:<module>:1001 - student natural acc 0.8982, adv teacher natural acc 0.8788, nat teacher natural acc 0.9318
2026-09-18 15:35:59.605 | INFO     | __main__:<module>:477 - METHOD epoch=262 views=2 awp_gamma=0.001 consistency_weight=0.5
2026-09-18 15:35:59.605 | INFO     | __main__:<module>:480 - the 262th epoch 
2026-09-18 15:36:00.776 | INFO     | __main__:<module>:492 - METHOD_BATCH epoch=262 step=0 adv_kd=0.009215474128723145 awp_gamma=0.001 awp_relative_norm_max=0.0010000001639127731 clean_ce=0.11794392019510269 clean_ce_term=0.005897196009755135 consistency_term=0.0009724073461256921 consistency_weight=0.5 js_raw=0.01944814622402191 lr=0.01493334540444774 nat_kd=0.00697766337543726 pcgrad_conflicts=0 push=0.03796837851405144 push_term=0.0018984188791364431 student_updates=1 teacher_ce=0.48860257863998413 teacher_lr=5.553101064305629e-06 teacher_margin=0.23951305449008942 teacher_margin_term=0.0023951304610818624 teacher_updates=1 temp_adv=1.1301109091108967 temp_nat=3.6228890908887994 temperature_updates=1 total_loss=0.027356289327144623 views=2
2026-09-18 15:37:57.124 | INFO     | __main__:<module>:492 - METHOD_BATCH epoch=262 step=100 adv_kd=0.010400118306279182 awp_gamma=0.001 awp_relative_norm_max=0.0010000001639127731 clean_ce=0.1379537284374237 clean_ce_term=0.00689768698066473 consistency_term=0.0011782838264480233 consistency_weight=0.5 js_raw=0.02356567606329918 lr=0.01493334540444774 nat_kd=0.007805589586496353 pcgrad_conflicts=0 push=0.034776732325553894 push_term=0.0017388365231454372 student_updates=1 teacher_ce=0.6263003349304199 teacher_lr=5.553101064305629e-06 teacher_margin=0.22615697979927063 teacher_margin_term=0.0022615697234869003 teacher_updates=1 temp_adv=1.1301109091108967 temp_nat=3.6228890908887994 temperature_updates=1 total_loss=0.03028208389878273 views=2
2026-09-18 15:39:53.148 | INFO     | __main__:<module>:492 - METHOD_BATCH epoch=262 step=200 adv_kd=0.007513309363275766 awp_gamma=0.001 awp_relative_norm_max=0.0010000001639127731 clean_ce=0.12834730744361877 clean_ce_term=0.006417365744709969 consistency_term=0.0015205644303932786 consistency_weight=0.5 js_raw=0.030411288142204285 lr=0.01493334540444774 nat_kd=0.008343351073563099 pcgrad_conflicts=0 push=0.03176194056868553 push_term=0.0015880970750004053 student_updates=1 teacher_ce=0.5588020384311676 teacher_lr=5.553101064305629e-06 teacher_margin=0.16737858951091766 teacher_margin_term=0.0016737858531996608 teacher_updates=1 temp_adv=1.1301109091108967 temp_nat=3.6228890908887994 temperature_updates=1 total_loss=0.02705647237598896 views=2
2026-09-18 15:41:49.817 | INFO     | __main__:<module>:492 - METHOD_BATCH epoch=262 step=300 adv_kd=0.008565087802708149 awp_gamma=0.001 awp_relative_norm_max=0.0010000001639127731 clean_ce=0.11858847737312317 clean_ce_term=0.005929424427449703 consistency_term=0.0009103288757614791 consistency_weight=0.5 js_raw=0.018206577748060226 lr=0.01493334540444774 nat_kd=0.0067801037803292274 pcgrad_conflicts=0 push=0.032799042761325836 push_term=0.0016399523010477424 student_updates=1 teacher_ce=0.4246591627597809 teacher_lr=5.553101064305629e-06 teacher_margin=0.25093555450439453 teacher_margin_term=0.0025093555450439453 teacher_updates=1 temp_adv=1.1301109091108967 temp_nat=3.6228890908887994 temperature_updates=1 total_loss=0.02633425034582615 views=2
2026-09-18 15:43:34.540 | INFO     | __main__:<module>:870 - TRAIN_EPOCH_RESOURCE epoch=262 seconds=454.9344612658024 peak_allocated_bytes=8125391360
2026-09-18 15:44:05.983 | INFO     | __main__:<module>:927 - student robust acc 0.5299, teacher robust acc 0.6883, nat teacher robust acc 0.5371
2026-09-18 15:44:12.411 | INFO     | __main__:<module>:1001 - student natural acc 0.8983, adv teacher natural acc 0.8791, nat teacher natural acc 0.9318
2026-09-18 15:44:12.413 | INFO     | __main__:<module>:477 - METHOD epoch=263 views=2 awp_gamma=0.001 consistency_weight=0.5
2026-09-18 15:44:12.413 | INFO     | __main__:<module>:480 - the 263th epoch 
2026-09-18 15:44:13.579 | INFO     | __main__:<module>:492 - METHOD_BATCH epoch=263 step=0 adv_kd=0.007735271006822586 awp_gamma=0.001 awp_relative_norm_max=0.0010000001639127731 clean_ce=0.12913668155670166 clean_ce_term=0.006456834264099598 consistency_term=0.0008970032795332372 consistency_weight=0.5 js_raw=0.017940064892172813 lr=0.01419557551930627 nat_kd=0.00795821100473404 pcgrad_conflicts=0 push=0.029518891125917435 push_term=0.0014759445330128074 student_updates=1 teacher_ce=0.5648171603679657 teacher_lr=5.269537834345444e-06 teacher_margin=0.20948076248168945 teacher_margin_term=0.00209480756893754 teacher_updates=1 temp_adv=1.1301109091108967 temp_nat=3.6228890908887994 temperature_updates=1 total_loss=0.026618072763085365 views=2
2026-09-18 15:46:09.950 | INFO     | __main__:<module>:492 - METHOD_BATCH epoch=263 step=100 adv_kd=0.007059766910970211 awp_gamma=0.001 awp_relative_norm_max=0.0010000001639127731 clean_ce=0.12488232553005219 clean_ce_term=0.006244116462767124 consistency_term=0.0011735325679183006 consistency_weight=0.5 js_raw=0.023470651358366013 lr=0.01419557551930627 nat_kd=0.007484604604542255 pcgrad_conflicts=0 push=0.026400083675980568 push_term=0.0013200042303651571 student_updates=1 teacher_ce=0.6043917238712311 teacher_lr=5.269537834345444e-06 teacher_margin=0.16233327984809875 teacher_margin_term=0.0016233327332884073 teacher_updates=1 temp_adv=1.1301109091108967 temp_nat=3.6228890908887994 temperature_updates=1 total_loss=0.024905357509851456 views=2
2026-09-18 15:48:06.334 | INFO     | __main__:<module>:492 - METHOD_BATCH epoch=263 step=200 adv_kd=0.008128880523145199 awp_gamma=0.001 awp_relative_norm_max=0.0010000001639127731 clean_ce=0.1286688894033432 clean_ce_term=0.0064334445632994175 consistency_term=0.0012735015479847789 consistency_weight=0.5 js_raw=0.025470031425356865 lr=0.01419557551930627 nat_kd=0.007331201806664467 pcgrad_conflicts=0 push=0.03689909353852272 push_term=0.001844954676926136 student_updates=1 teacher_ce=0.514961302280426 teacher_lr=5.269537834345444e-06 teacher_margin=0.20511795580387115 teacher_margin_term=0.0020511795300990343 teacher_updates=1 temp_adv=1.1301109091108967 temp_nat=3.6228890908887994 temperature_updates=1 total_loss=0.02706316113471985 views=2
2026-09-18 15:50:02.667 | INFO     | __main__:<module>:492 - METHOD_BATCH epoch=263 step=300 adv_kd=0.009239502251148224 awp_gamma=0.001 awp_relative_norm_max=0.0010000001639127731 clean_ce=0.13543292880058289 clean_ce_term=0.006771646905690432 consistency_term=0.0012816208181902766 consistency_weight=0.5 js_raw=0.02563241496682167 lr=0.01419557551930627 nat_kd=0.006655781529843807 pcgrad_conflicts=0 push=0.0372687429189682 push_term=0.0018634370062500238 student_updates=1 teacher_ce=0.5700954496860504 teacher_lr=5.269537834345444e-06 teacher_margin=0.2426690310239792 teacher_margin_term=0.002426690189167857 teacher_updates=1 temp_adv=1.1301109091108967 temp_nat=3.6228890908887994 temperature_updates=1 total_loss=0.028238682076334953 views=2
2026-09-18 15:51:47.078 | INFO     | __main__:<module>:870 - TRAIN_EPOCH_RESOURCE epoch=263 seconds=454.6643169298768 peak_allocated_bytes=8127488512
2026-09-18 15:52:18.277 | INFO     | __main__:<module>:927 - student robust acc 0.5291, teacher robust acc 0.6869, nat teacher robust acc 0.5382
2026-09-18 15:52:24.704 | INFO     | __main__:<module>:1001 - student natural acc 0.8993, adv teacher natural acc 0.8780, nat teacher natural acc 0.9318
2026-09-18 15:52:24.705 | INFO     | __main__:<module>:477 - METHOD epoch=264 views=2 awp_gamma=0.001 consistency_weight=0.5
2026-09-18 15:52:24.706 | INFO     | __main__:<module>:480 - the 264th epoch 
2026-09-18 15:52:25.872 | INFO     | __main__:<module>:492 - METHOD_BATCH epoch=264 step=0 adv_kd=0.007315985858440399 awp_gamma=0.001 awp_relative_norm_max=0.001000000280328095 clean_ce=0.12494872510433197 clean_ce_term=0.006247436627745628 consistency_term=0.0010676023084670305 consistency_weight=0.5 js_raw=0.021352045238018036 lr=0.013473520388834273 nat_kd=0.00801839493215084 pcgrad_conflicts=0 push=0.02905205637216568 push_term=0.0014526029117405415 student_updates=1 teacher_ce=0.5368563234806061 teacher_lr=4.993017419516739e-06 teacher_margin=0.17462363839149475 teacher_margin_term=0.0017462363466620445 teacher_updates=1 temp_adv=1.1301109091108967 temp_nat=3.6228890908887994 temperature_updates=1 total_loss=0.025848260149359703 views=2
2026-09-18 15:54:22.336 | INFO     | __main__:<module>:492 - METHOD_BATCH epoch=264 step=100 adv_kd=0.00837507750838995 awp_gamma=0.001 awp_relative_norm_max=0.0010000001639127731 clean_ce=0.12668511271476746 clean_ce_term=0.0063342563807964325 consistency_term=0.0015119536546990275 consistency_weight=0.5 js_raw=0.030239073559641838 lr=0.013473520388834273 nat_kd=0.007107926532626152 pcgrad_conflicts=0 push=0.03484649211168289 push_term=0.0017423245590180159 student_updates=1 teacher_ce=0.6187167763710022 teacher_lr=4.993017419516739e-06 teacher_margin=0.17475764453411102 teacher_margin_term=0.0017475764034315944 teacher_updates=1 temp_adv=1.1301109091108967 temp_nat=3.6228890908887994 temperature_updates=1 total_loss=0.02681911550462246 views=2
2026-09-18 15:56:18.675 | INFO     | __main__:<module>:492 - METHOD_BATCH epoch=264 step=200 adv_kd=0.009378563612699509 awp_gamma=0.001 awp_relative_norm_max=0.0010000001639127731 clean_ce=0.1234300285577774 clean_ce_term=0.006171501707285643 consistency_term=0.0011370651191100478 consistency_weight=0.5 js_raw=0.022741302847862244 lr=0.013473520388834273 nat_kd=0.006449696607887745 pcgrad_conflicts=0 push=0.032556988298892975 push_term=0.0016278495313599706 student_updates=1 teacher_ce=0.491473063826561 teacher_lr=4.993017419516739e-06 teacher_margin=0.2245514988899231 teacher_margin_term=0.0022455151192843914 teacher_updates=1 temp_adv=1.1301109091108967 temp_nat=3.6228890908887994 temperature_updates=1 total_loss=0.02701018936932087 views=2
2026-09-18 15:58:15.048 | INFO     | __main__:<module>:492 - METHOD_BATCH epoch=264 step=300 adv_kd=0.009020508266985416 awp_gamma=0.001 awp_relative_norm_max=0.0010000001639127731 clean_ce=0.12374892830848694 clean_ce_term=0.006187446881085634 consistency_term=0.0011669762898236513 consistency_weight=0.5 js_raw=0.02333952486515045 lr=0.013473520388834273 nat_kd=0.008646231144666672 pcgrad_conflicts=0 push=0.0470195934176445 push_term=0.00235097948461771 student_updates=1 teacher_ce=0.5117556750774384 teacher_lr=4.993017419516739e-06 teacher_margin=0.2544803023338318 teacher_margin_term=0.0025448030792176723 teacher_updates=1 temp_adv=1.1301109091108967 temp_nat=3.6228890908887994 temperature_updates=1 total_loss=0.029916945844888687 views=2
2026-09-18 15:59:59.604 | INFO     | __main__:<module>:870 - TRAIN_EPOCH_RESOURCE epoch=264 seconds=454.8977743573487 peak_allocated_bytes=8125391360
2026-09-18 16:00:29.805 | INFO     | __main__:<module>:927 - student robust acc 0.5287, teacher robust acc 0.6878, nat teacher robust acc 0.5382
2026-09-18 16:00:36.122 | INFO     | __main__:<module>:1001 - student natural acc 0.8994, adv teacher natural acc 0.8789, nat teacher natural acc 0.9318
2026-09-18 16:00:36.142 | INFO     | __main__:<module>:477 - METHOD epoch=265 views=2 awp_gamma=0.001 consistency_weight=0.5
2026-09-18 16:00:36.142 | INFO     | __main__:<module>:480 - the 265th epoch 
2026-09-18 16:00:37.296 | INFO     | __main__:<module>:492 - METHOD_BATCH epoch=265 step=0 adv_kd=0.007991771213710308 awp_gamma=0.001 awp_relative_norm_max=0.0010000001639127731 clean_ce=0.1342974603176117 clean_ce_term=0.006714873015880585 consistency_term=0.000971808738540858 consistency_weight=0.5 js_raw=0.019436175003647804 lr=0.012767493257823852 nat_kd=0.00612317631021142 pcgrad_conflicts=0 push=0.028721125796437263 push_term=0.001436056336387992 student_updates=1 teacher_ce=0.5308981239795685 teacher_lr=4.723582251375188e-06 teacher_margin=0.18090024590492249 teacher_margin_term=0.001809002598747611 teacher_updates=1 temp_adv=1.1301109091108967 temp_nat=3.6228890908887994 temperature_updates=1 total_loss=0.025046687573194504 views=2
2026-09-18 16:02:32.157 | INFO     | __main__:<module>:492 - METHOD_BATCH epoch=265 step=100 adv_kd=0.006684638559818268 awp_gamma=0.001 awp_relative_norm_max=0.0010000001639127731 clean_ce=0.1245252788066864 clean_ce_term=0.00622626394033432 consistency_term=0.001046765479259193 consistency_weight=0.5 js_raw=0.020935308188199997 lr=0.012767493257823852 nat_kd=0.006923817563802004 pcgrad_conflicts=0 push=0.03186962753534317 push_term=0.001593481283634901 student_updates=1 teacher_ce=0.49496445059776306 teacher_lr=4.723582251375188e-06 teacher_margin=0.13850998878479004 teacher_margin_term=0.0013850998366251588 teacher_updates=1 temp_adv=1.1301109091108967 temp_nat=3.6228890908887994 temperature_updates=1 total_loss=0.023860067129135132 views=2
2026-09-18 16:04:27.532 | INFO     | __main__:<module>:492 - METHOD_BATCH epoch=265 step=200 adv_kd=0.0070481691509485245 awp_gamma=0.001 awp_relative_norm_max=0.0010000001639127731 clean_ce=0.12907150387763977 clean_ce_term=0.006453575566411018 consistency_term=0.0007710577920079231 consistency_weight=0.5 js_raw=0.015421155840158463 lr=0.012767493257823852 nat_kd=0.0075235976837575436 pcgrad_conflicts=0 push=0.03853173553943634 push_term=0.0019265868468210101 student_updates=1 teacher_ce=0.4709159880876541 teacher_lr=4.723582251375188e-06 teacher_margin=0.1504434496164322 teacher_margin_term=0.0015044345054775476 teacher_updates=1 temp_adv=1.1301109091108967 temp_nat=3.6228890908887994 temperature_updates=1 total_loss=0.025227420032024384 views=2
2026-09-18 16:06:23.837 | INFO     | __main__:<module>:492 - METHOD_BATCH epoch=265 step=300 adv_kd=0.007804641500115395 awp_gamma=0.001 awp_relative_norm_max=0.0010000001639127731 clean_ce=0.1172567754983902 clean_ce_term=0.005862839054316282 consistency_term=0.0008868527947925031 consistency_weight=0.5 js_raw=0.01773705519735813 lr=0.012767493257823852 nat_kd=0.006237647030502558 pcgrad_conflicts=0 push=0.026834117248654366 push_term=0.001341705908998847 student_updates=1 teacher_ce=0.4537536948919296 teacher_lr=4.723582251375188e-06 teacher_margin=0.20040704309940338 teacher_margin_term=0.0020040704403072596 teacher_updates=1 temp_adv=1.1301109091108967 temp_nat=3.6228890908887994 temperature_updates=1 total_loss=0.02413775585591793 views=2
2026-09-18 16:08:08.245 | INFO     | __main__:<module>:870 - TRAIN_EPOCH_RESOURCE epoch=265 seconds=452.102167122066 peak_allocated_bytes=8127488512
2026-09-18 16:08:39.187 | INFO     | __main__:<module>:927 - student robust acc 0.5280, teacher robust acc 0.6895, nat teacher robust acc 0.5335
2026-09-18 16:08:45.614 | INFO     | __main__:<module>:1001 - student natural acc 0.8995, adv teacher natural acc 0.8797, nat teacher natural acc 0.9318
2026-09-18 16:08:45.615 | INFO     | __main__:<module>:477 - METHOD epoch=266 views=2 awp_gamma=0.001 consistency_weight=0.5
2026-09-18 16:08:45.615 | INFO     | __main__:<module>:480 - the 266th epoch 
2026-09-18 16:08:46.780 | INFO     | __main__:<module>:492 - METHOD_BATCH epoch=266 step=0 adv_kd=0.006017215549945831 awp_gamma=0.001 awp_relative_norm_max=0.0010000001639127731 clean_ce=0.12220320105552673 clean_ce_term=0.006110159680247307 consistency_term=0.0008448368753306568 consistency_weight=0.5 js_raw=0.01689673773944378 lr=0.012077800187587227 nat_kd=0.007285790517926216 pcgrad_conflicts=0 push=0.0377693846821785 push_term=0.0018884693272411823 student_updates=1 teacher_ce=0.5552250146865845 teacher_lr=4.46127362308281e-06 teacher_margin=0.1660655289888382 teacher_margin_term=0.001660655252635479 teacher_updates=1 temp_adv=1.1301109091108967 temp_nat=3.6228890908887994 temperature_updates=1 total_loss=0.02380712702870369 views=2
2026-09-18 16:10:43.058 | INFO     | __main__:<module>:492 - METHOD_BATCH epoch=266 step=100 adv_kd=0.0077383555471897125 awp_gamma=0.001 awp_relative_norm_max=0.0010000001639127731 clean_ce=0.12581542134284973 clean_ce_term=0.006290771067142487 consistency_term=0.0012049594661220908 consistency_weight=0.5 js_raw=0.024099187925457954 lr=0.012077800187587227 nat_kd=0.006798854563385248 pcgrad_conflicts=0 push=0.0336405411362648 push_term=0.001682027243077755 student_updates=1 teacher_ce=0.6710406839847565 teacher_lr=4.46127362308281e-06 teacher_margin=0.14390653371810913 teacher_margin_term=0.0014390653232112527 teacher_updates=1 temp_adv=1.1301109091108967 temp_nat=3.6228890908887994 temperature_updates=1 total_loss=0.025154035538434982 views=2
2026-09-18 16:12:39.220 | INFO     | __main__:<module>:492 - METHOD_BATCH epoch=266 step=200 adv_kd=0.007386425510048866 awp_gamma=0.001 awp_relative_norm_max=0.0010000001639127731 clean_ce=0.11970245838165283 clean_ce_term=0.0059851231053471565 consistency_term=0.0009941671742126346 consistency_weight=0.5 js_raw=0.01988334208726883 lr=0.012077800187587227 nat_kd=0.0064965421333909035 pcgrad_conflicts=0 push=0.03201121464371681 push_term=0.0016005607321858406 student_updates=1 teacher_ce=0.6082440912723541 teacher_lr=4.46127362308281e-06 teacher_margin=0.19269508123397827 teacher_margin_term=0.0019269506447017193 teacher_updates=1 temp_adv=1.1301109091108967 temp_nat=3.6228890908887994 temperature_updates=1 total_loss=0.02438976801931858 views=2
2026-09-18 16:14:35.520 | INFO     | __main__:<module>:492 - METHOD_BATCH epoch=266 step=300 adv_kd=0.007244659587740898 awp_gamma=0.001 awp_relative_norm_max=0.0010000001639127731 clean_ce=0.12687177956104279 clean_ce_term=0.006343589164316654 consistency_term=0.0011676583671942353 consistency_weight=0.5 js_raw=0.02335316687822342 lr=0.012077800187587227 nat_kd=0.00707869092002511 pcgrad_conflicts=0 push=0.03176533803343773 push_term=0.001588266808539629 student_updates=1 teacher_ce=0.5969782471656799 teacher_lr=4.46127362308281e-06 teacher_margin=0.18287214636802673 teacher_margin_term=0.0018287213752046227 teacher_updates=1 temp_adv=1.1301109091108967 temp_nat=3.6228890908887994 temperature_updates=1 total_loss=0.025251585990190506 views=2
2026-09-18 16:16:20.075 | INFO     | __main__:<module>:870 - TRAIN_EPOCH_RESOURCE epoch=266 seconds=454.45952836051583 peak_allocated_bytes=8125391360
2026-09-18 16:16:50.688 | INFO     | __main__:<module>:927 - student robust acc 0.5267, teacher robust acc 0.6892, nat teacher robust acc 0.5310
2026-09-18 16:16:57.219 | INFO     | __main__:<module>:1001 - student natural acc 0.8994, adv teacher natural acc 0.8790, nat teacher natural acc 0.9318
2026-09-18 16:16:57.221 | INFO     | __main__:<module>:477 - METHOD epoch=267 views=2 awp_gamma=0.001 consistency_weight=0.5
2026-09-18 16:16:57.221 | INFO     | __main__:<module>:480 - the 267th epoch 
2026-09-18 16:16:58.387 | INFO     | __main__:<module>:492 - METHOD_BATCH epoch=267 step=0 adv_kd=0.007525934372097254 awp_gamma=0.001 awp_relative_norm_max=0.0010000001639127731 clean_ce=0.14300119876861572 clean_ce_term=0.007150060031563044 consistency_term=0.0016811777604743838 consistency_weight=0.5 js_raw=0.033623553812503815 lr=0.011404739921277048 nat_kd=0.008296620100736618 pcgrad_conflicts=0 push=0.03192185238003731 push_term=0.001596092595718801 student_updates=1 teacher_ce=0.6161092519760132 teacher_lr=4.2061316829511585e-06 teacher_margin=0.13754478096961975 teacher_margin_term=0.0013754477258771658 teacher_updates=1 temp_adv=1.1301109091108967 temp_nat=3.6228890908887994 temperature_updates=1 total_loss=0.02762533351778984 views=2
2026-09-18 16:18:54.709 | INFO     | __main__:<module>:492 - METHOD_BATCH epoch=267 step=100 adv_kd=0.005758671090006828 awp_gamma=0.001 awp_relative_norm_max=0.0010000001639127731 clean_ce=0.12484149634838104 clean_ce_term=0.006242075003683567 consistency_term=0.0006507216021418571 consistency_weight=0.5 js_raw=0.013014432042837143 lr=0.011404739921277048 nat_kd=0.006488769315183163 pcgrad_conflicts=0 push=0.03278554230928421 push_term=0.001639277208596468 student_updates=1 teacher_ce=0.45568880438804626 teacher_lr=4.2061316829511585e-06 teacher_margin=0.15051151812076569 teacher_margin_term=0.001505115069448948 teacher_updates=1 temp_adv=1.1301109091108967 temp_nat=3.6228890908887994 temperature_updates=1 total_loss=0.022284630686044693 views=2
2026-09-18 16:20:50.985 | INFO     | __main__:<module>:492 - METHOD_BATCH epoch=267 step=200 adv_kd=0.006176657043397427 awp_gamma=0.001 awp_relative_norm_max=0.0010000001639127731 clean_ce=0.13034865260124207 clean_ce_term=0.006517432630062103 consistency_term=0.000498028181027621 consistency_weight=0.5 js_raw=0.00996056292206049 lr=0.011404739921277048 nat_kd=0.006911398842930794 pcgrad_conflicts=0 push=0.03029550611972809 push_term=0.0015147754456847906 student_updates=1 teacher_ce=0.5558855831623077 teacher_lr=4.2061316829511585e-06 teacher_margin=0.1405445635318756 teacher_margin_term=0.0014054456260055304 teacher_updates=1 temp_adv=1.1301109091108967 temp_nat=3.6228890908887994 temperature_updates=1 total_loss=0.023023737594485283 views=2
2026-09-18 16:22:47.324 | INFO     | __main__:<module>:492 - METHOD_BATCH epoch=267 step=300 adv_kd=0.00646516028791666 awp_gamma=0.001 awp_relative_norm_max=0.0010000001639127731 clean_ce=0.12853802740573883 clean_ce_term=0.0064269015565514565 consistency_term=0.000997120514512062 consistency_weight=0.5 js_raw=0.01994241029024124 lr=0.011404739921277048 nat_kd=0.007295954506844282 pcgrad_conflicts=0 push=0.03373827785253525 push_term=0.0016869138926267624 student_updates=1 teacher_ce=0.5532253682613373 teacher_lr=4.2061316829511585e-06 teacher_margin=0.14506669342517853 teacher_margin_term=0.0014506669249385595 teacher_updates=1 temp_adv=1.1301109091108967 temp_nat=3.6228890908887994 temperature_updates=1 total_loss=0.024322716519236565 views=2
2026-09-18 16:24:31.707 | INFO     | __main__:<module>:870 - TRAIN_EPOCH_RESOURCE epoch=267 seconds=454.4853931814432 peak_allocated_bytes=8127488512
2026-09-18 16:25:02.391 | INFO     | __main__:<module>:927 - student robust acc 0.5246, teacher robust acc 0.6910, nat teacher robust acc 0.5298
2026-09-18 16:25:09.043 | INFO     | __main__:<module>:1001 - student natural acc 0.8996, adv teacher natural acc 0.8809, nat teacher natural acc 0.9318
2026-09-18 16:25:09.045 | INFO     | __main__:<module>:477 - METHOD epoch=268 views=2 awp_gamma=0.001 consistency_weight=0.5
2026-09-18 16:25:09.045 | INFO     | __main__:<module>:480 - the 268th epoch 
2026-09-18 16:25:10.220 | INFO     | __main__:<module>:492 - METHOD_BATCH epoch=268 step=0 adv_kd=0.006227887235581875 awp_gamma=0.001 awp_relative_norm_max=0.0010000001639127731 clean_ce=0.13277310132980347 clean_ce_term=0.006638655439019203 consistency_term=0.0010588215664029121 consistency_weight=0.5 js_raw=0.021176431328058243 lr=0.010748603752502549 nat_kd=0.006877283565700054 pcgrad_conflicts=0 push=0.02778087556362152 push_term=0.0013890438713133335 student_updates=1 teacher_ce=0.5834137499332428 teacher_lr=3.958195428169344e-06 teacher_margin=0.1378888189792633 teacher_margin_term=0.0013788881478831172 teacher_updates=1 temp_adv=1.1301109091108967 temp_nat=3.6228890908887994 temperature_updates=1 total_loss=0.023570578545331955 views=2
2026-09-18 16:27:06.565 | INFO     | __main__:<module>:492 - METHOD_BATCH epoch=268 step=100 adv_kd=0.005554018542170525 awp_gamma=0.001 awp_relative_norm_max=0.0010000001639127731 clean_ce=0.11415411531925201 clean_ce_term=0.005707705393433571 consistency_term=0.0008004526607692242 consistency_weight=0.5 js_raw=0.016009053215384483 lr=0.010748603752502549 nat_kd=0.006587861571460962 pcgrad_conflicts=0 push=0.041814856231212616 push_term=0.002090742811560631 student_updates=1 teacher_ce=0.49183639883995056 teacher_lr=3.958195428169344e-06 teacher_margin=0.13512885570526123 teacher_margin_term=0.0013512885197997093 teacher_updates=1 temp_adv=1.1301109091108967 temp_nat=3.6228890908887994 temperature_updates=1 total_loss=0.022092070430517197 views=2
2026-09-18 16:29:02.692 | INFO     | __main__:<module>:492 - METHOD_BATCH epoch=268 step=200 adv_kd=0.00633575301617384 awp_gamma=0.001 awp_relative_norm_max=0.0010000001639127731 clean_ce=0.13928720355033875 clean_ce_term=0.006964360363781452 consistency_term=0.0011452194303274155 consistency_weight=0.5 js_raw=0.02290438860654831 lr=0.010748603752502549 nat_kd=0.007576804608106613 pcgrad_conflicts=0 push=0.037499550729990005 push_term=0.0018749774899333715 student_updates=1 teacher_ce=0.5874581634998322 teacher_lr=3.958195428169344e-06 teacher_margin=0.13215908408164978 teacher_margin_term=0.0013215909712016582 teacher_updates=1 temp_adv=1.1301109091108967 temp_nat=3.6228890908887994 temperature_updates=1 total_loss=0.025218704715371132 views=2
2026-09-18 16:30:58.808 | INFO     | __main__:<module>:492 - METHOD_BATCH epoch=268 step=300 adv_kd=0.005938808899372816 awp_gamma=0.001 awp_relative_norm_max=0.0010000001639127731 clean_ce=0.13083064556121826 clean_ce_term=0.006541532464325428 consistency_term=0.0006654996541328728 consistency_weight=0.5 js_raw=0.013309992849826813 lr=0.010748603752502549 nat_kd=0.0069857072085142136 pcgrad_conflicts=0 push=0.03873676434159279 push_term=0.0019368382636457682 student_updates=1 teacher_ce=0.4923776239156723 teacher_lr=3.958195428169344e-06 teacher_margin=0.13242676854133606 teacher_margin_term=0.0013242678251117468 teacher_updates=1 temp_adv=1.1301109091108967 temp_nat=3.6228890908887994 temperature_updates=1 total_loss=0.023392653092741966 views=2
2026-09-18 16:32:43.019 | INFO     | __main__:<module>:870 - TRAIN_EPOCH_RESOURCE epoch=268 seconds=453.9729410894215 peak_allocated_bytes=8125391360
2026-09-18 16:33:13.555 | INFO     | __main__:<module>:927 - student robust acc 0.5240, teacher robust acc 0.6914, nat teacher robust acc 0.5256
2026-09-18 16:33:19.967 | INFO     | __main__:<module>:1001 - student natural acc 0.9007, adv teacher natural acc 0.8800, nat teacher natural acc 0.9318
2026-09-18 16:33:19.969 | INFO     | __main__:<module>:477 - METHOD epoch=269 views=2 awp_gamma=0.001 consistency_weight=0.5
2026-09-18 16:33:19.969 | INFO     | __main__:<module>:480 - the 269th epoch 
2026-09-18 16:33:21.134 | INFO     | __main__:<module>:492 - METHOD_BATCH epoch=269 step=0 adv_kd=0.006508607417345047 awp_gamma=0.001 awp_relative_norm_max=0.0010000001639127731 clean_ce=0.1417274922132492 clean_ce_term=0.007086374796926975 consistency_term=0.000943389895837754 consistency_weight=0.5 js_raw=0.018867798149585724 lr=0.010109675397299088 nat_kd=0.007211002055555582 pcgrad_conflicts=0 push=0.03330384939908981 push_term=0.0016651925398036838 student_updates=1 teacher_ce=0.5024321973323822 teacher_lr=3.7175026987180004e-06 teacher_margin=0.12072449922561646 teacher_margin_term=0.0012072449317201972 teacher_updates=1 temp_adv=1.1301109091108967 temp_nat=3.6228890908887994 temperature_updates=1 total_loss=0.024621812626719475 views=2
2026-09-18 16:35:17.136 | INFO     | __main__:<module>:492 - METHOD_BATCH epoch=269 step=100 adv_kd=0.007328815758228302 awp_gamma=0.001 awp_relative_norm_max=0.0010000001639127731 clean_ce=0.12053020298480988 clean_ce_term=0.006026510149240494 consistency_term=0.0011890552705153823 consistency_weight=0.5 js_raw=0.023781105875968933 lr=0.010109675397299088 nat_kd=0.0053441948257386684 pcgrad_conflicts=0 push=0.033548422157764435 push_term=0.0016774210380390286 student_updates=1 teacher_ce=0.5164089500904083 teacher_lr=3.7175026987180004e-06 teacher_margin=0.20632387697696686 teacher_margin_term=0.002063238760456443 teacher_updates=1 temp_adv=1.1301109091108967 temp_nat=3.6228890908887994 temperature_updates=1 total_loss=0.023629235103726387 views=2
2026-09-18 16:37:13.144 | INFO     | __main__:<module>:492 - METHOD_BATCH epoch=269 step=200 adv_kd=0.005155455321073532 awp_gamma=0.001 awp_relative_norm_max=0.0010000001639127731 clean_ce=0.12506994605064392 clean_ce_term=0.006253497675061226 consistency_term=0.0006761337863281369 consistency_weight=0.5 js_raw=0.013522675260901451 lr=0.010109675397299088 nat_kd=0.006073573604226112 pcgrad_conflicts=0 push=0.035338398069143295 push_term=0.001766919856891036 student_updates=1 teacher_ce=0.5230224132537842 teacher_lr=3.7175026987180004e-06 teacher_margin=0.11642050743103027 teacher_margin_term=0.0011642050230875611 teacher_updates=1 temp_adv=1.1301109091108967 temp_nat=3.6228890908887994 temperature_updates=1 total_loss=0.021089786663651466 views=2
2026-09-18 16:39:09.064 | INFO     | __main__:<module>:492 - METHOD_BATCH epoch=269 step=300 adv_kd=0.0066161248832941055 awp_gamma=0.001 awp_relative_norm_max=0.0010000001639127731 clean_ce=0.12466931343078613 clean_ce_term=0.0062334658578038216 consistency_term=0.0010015558218583465 consistency_weight=0.5 js_raw=0.020031116902828217 lr=0.010109675397299088 nat_kd=0.006321742199361324 pcgrad_conflicts=0 push=0.030476218089461327 push_term=0.0015238109044730663 student_updates=1 teacher_ce=0.6137109994888306 teacher_lr=3.7175026987180004e-06 teacher_margin=0.14678393304347992 teacher_margin_term=0.0014678393490612507 teacher_updates=1 temp_adv=1.1301109091108967 temp_nat=3.6228890908887994 temperature_updates=1 total_loss=0.0231645405292511 views=2
2026-09-18 16:40:53.159 | INFO     | __main__:<module>:870 - TRAIN_EPOCH_RESOURCE epoch=269 seconds=453.1896167770028 peak_allocated_bytes=8127488512
2026-09-18 16:41:23.622 | INFO     | __main__:<module>:927 - student robust acc 0.5242, teacher robust acc 0.6904, nat teacher robust acc 0.5225
2026-09-18 16:41:30.083 | INFO     | __main__:<module>:1001 - student natural acc 0.9010, adv teacher natural acc 0.8788, nat teacher natural acc 0.9318
2026-09-18 16:41:30.085 | INFO     | __main__:<module>:477 - METHOD epoch=270 views=2 awp_gamma=0.001 consistency_weight=0.5
2026-09-18 16:41:30.085 | INFO     | __main__:<module>:480 - the 270th epoch 
2026-09-18 16:41:31.258 | INFO     | __main__:<module>:492 - METHOD_BATCH epoch=270 step=0 adv_kd=0.0073041245341300964 awp_gamma=0.001 awp_relative_norm_max=0.0010000001639127731 clean_ce=0.13281124830245972 clean_ce_term=0.006640561856329441 consistency_term=0.000909332768060267 consistency_weight=0.5 js_raw=0.018186654895544052 lr=0.00948823086950831 nat_kd=0.005972638726234436 pcgrad_conflicts=0 push=0.038980983197689056 push_term=0.0019490490667521954 student_updates=1 teacher_ce=0.4856168180704117 teacher_lr=3.484090171470234e-06 teacher_margin=0.19578266143798828 teacher_margin_term=0.0019578265491873026 teacher_updates=1 temp_adv=1.1301109091108967 temp_nat=3.6228890908887994 temperature_updates=1 total_loss=0.0247335322201252 views=2
2026-09-18 16:43:27.685 | INFO     | __main__:<module>:492 - METHOD_BATCH epoch=270 step=100 adv_kd=0.006396264769136906 awp_gamma=0.001 awp_relative_norm_max=0.0010000001639127731 clean_ce=0.12585245072841644 clean_ce_term=0.006292622536420822 consistency_term=0.0010167689761146903 consistency_weight=0.5 js_raw=0.020335379987955093 lr=0.00948823086950831 nat_kd=0.007594155613332987 pcgrad_conflicts=0 push=0.03223168104887009 push_term=0.001611584099009633 student_updates=1 teacher_ce=0.59726682305336 teacher_lr=3.484090171470234e-06 teacher_margin=0.12986858189105988 teacher_margin_term=0.0012986857909709215 teacher_updates=1 temp_adv=1.1301109091108967 temp_nat=3.6228890908887994 temperature_updates=1 total_loss=0.02421008236706257 views=2
2026-09-18 16:45:23.978 | INFO     | __main__:<module>:492 - METHOD_BATCH epoch=270 step=200 adv_kd=0.006143239326775074 awp_gamma=0.001 awp_relative_norm_max=0.0010000001639127731 clean_ce=0.12654799222946167 clean_ce_term=0.006327399984002113 consistency_term=0.0008322327630594373 consistency_weight=0.5 js_raw=0.016644654795527458 lr=0.00948823086950831 nat_kd=0.007048187777400017 pcgrad_conflicts=0 push=0.031010426580905914 push_term=0.00155052135232836 student_updates=1 teacher_ce=0.4868646711111069 teacher_lr=3.484090171470234e-06 teacher_margin=0.1598401665687561 teacher_margin_term=0.0015984016936272383 teacher_updates=1 temp_adv=1.1301109091108967 temp_nat=3.6228890908887994 temperature_updates=1 total_loss=0.0234999842941761 views=2
2026-09-18 16:47:20.234 | INFO     | __main__:<module>:492 - METHOD_BATCH epoch=270 step=300 adv_kd=0.007053660694509745 awp_gamma=0.001 awp_relative_norm_max=0.0010000001639127731 clean_ce=0.1198352724313736 clean_ce_term=0.005991763435304165 consistency_term=0.0008964522858150303 consistency_weight=0.5 js_raw=0.017929045483469963 lr=0.00948823086950831 nat_kd=0.005527670495212078 pcgrad_conflicts=0 push=0.02749824896454811 push_term=0.0013749124482274055 student_updates=1 teacher_ce=0.5748441219329834 teacher_lr=3.484090171470234e-06 teacher_margin=0.13587380945682526 teacher_margin_term=0.0013587379362434149 teacher_updates=1 temp_adv=1.1301109091108967 temp_nat=3.6228890908887994 temperature_updates=1 total_loss=0.022203197702765465 views=2
2026-09-18 16:49:04.654 | INFO     | __main__:<module>:870 - TRAIN_EPOCH_RESOURCE epoch=270 seconds=454.56842136755586 peak_allocated_bytes=8125391360
2026-09-18 16:49:35.432 | INFO     | __main__:<module>:927 - student robust acc 0.5247, teacher robust acc 0.6924, nat teacher robust acc 0.5208
2026-09-18 16:49:41.872 | INFO     | __main__:<module>:1001 - student natural acc 0.9010, adv teacher natural acc 0.8780, nat teacher natural acc 0.9318
2026-09-18 16:49:41.874 | INFO     | __main__:<module>:477 - METHOD epoch=271 views=2 awp_gamma=0.001 consistency_weight=0.5
2026-09-18 16:49:41.874 | INFO     | __main__:<module>:480 - the 271th epoch 
2026-09-18 16:49:43.047 | INFO     | __main__:<module>:492 - METHOD_BATCH epoch=271 step=0 adv_kd=0.00592119712382555 awp_gamma=0.001 awp_relative_norm_max=0.0010000001639127731 clean_ce=0.13239771127700806 clean_ce_term=0.006619885563850403 consistency_term=0.0010150624439120293 consistency_weight=0.5 js_raw=0.020301248878240585 lr=0.008884538359623795 nat_kd=0.007638838607817888 pcgrad_conflicts=0 push=0.032178692519664764 push_term=0.0016089347191154957 student_updates=1 teacher_ce=0.5548844337463379 teacher_lr=3.2579933544802887e-06 teacher_margin=0.10537246614694595 teacher_margin_term=0.0010537246707826853 teacher_updates=1 temp_adv=1.1301109091108967 temp_nat=3.6228890908887994 temperature_updates=1 total_loss=0.023857641965150833 views=2
2026-09-18 16:51:39.399 | INFO     | __main__:<module>:492 - METHOD_BATCH epoch=271 step=100 adv_kd=0.005704204551875591 awp_gamma=0.001 awp_relative_norm_max=0.0010000001639127731 clean_ce=0.1237369105219841 clean_ce_term=0.00618684571236372 consistency_term=0.0010705875465646386 consistency_weight=0.5 js_raw=0.021411750465631485 lr=0.008884538359623795 nat_kd=0.005287006497383118 pcgrad_conflicts=0 push=0.029807882383465767 push_term=0.0014903941191732883 student_updates=1 teacher_ce=0.5019606351852417 teacher_lr=3.2579933544802887e-06 teacher_margin=0.1416005939245224 teacher_margin_term=0.0014160058926790953 teacher_updates=1 temp_adv=1.1301109091108967 temp_nat=3.6228890908887994 temperature_updates=1 total_loss=0.021155042573809624 views=2
2026-09-18 16:53:35.549 | INFO     | __main__:<module>:492 - METHOD_BATCH epoch=271 step=200 adv_kd=0.00596241932362318 awp_gamma=0.001 awp_relative_norm_max=0.0010000001639127731 clean_ce=0.12830406427383423 clean_ce_term=0.006415203213691711 consistency_term=0.0008528547477908432 consistency_weight=0.5 js_raw=0.01705709472298622 lr=0.008884538359623795 nat_kd=0.006709389388561249 pcgrad_conflicts=0 push=0.03207582235336304 push_term=0.0016037911409512162 student_updates=1 teacher_ce=0.5266726911067963 teacher_lr=3.2579933544802887e-06 teacher_margin=0.13335058093070984 teacher_margin_term=0.0013335056137293577 teacher_updates=1 temp_adv=1.1301109091108967 temp_nat=3.6228890908887994 temperature_updates=1 total_loss=0.022877162322402 views=2
2026-09-18 16:55:31.604 | INFO     | __main__:<module>:492 - METHOD_BATCH epoch=271 step=300 adv_kd=0.005865307990461588 awp_gamma=0.001 awp_relative_norm_max=0.0010000001639127731 clean_ce=0.11937034130096436 clean_ce_term=0.005968516692519188 consistency_term=0.0006429909262806177 consistency_weight=0.5 js_raw=0.012859818525612354 lr=0.008884538359623795 nat_kd=0.006633096374571323 pcgrad_conflicts=0 push=0.03530483320355415 push_term=0.001765241613611579 student_updates=1 teacher_ce=0.5311522483825684 teacher_lr=3.2579933544802887e-06 teacher_margin=0.15626299381256104 teacher_margin_term=0.0015626298263669014 teacher_updates=1 temp_adv=1.1301109091108967 temp_nat=3.6228890908887994 temperature_updates=1 total_loss=0.02243778295814991 views=2
2026-09-18 16:57:15.663 | INFO     | __main__:<module>:870 - TRAIN_EPOCH_RESOURCE epoch=271 seconds=453.78852131962776 peak_allocated_bytes=8127488512
2026-09-18 16:57:46.268 | INFO     | __main__:<module>:927 - student robust acc 0.5244, teacher robust acc 0.6917, nat teacher robust acc 0.5159
2026-09-18 16:57:52.749 | INFO     | __main__:<module>:1001 - student natural acc 0.9012, adv teacher natural acc 0.8785, nat teacher natural acc 0.9318
2026-09-18 16:57:52.751 | INFO     | __main__:<module>:477 - METHOD epoch=272 views=2 awp_gamma=0.001 consistency_weight=0.5
2026-09-18 16:57:52.751 | INFO     | __main__:<module>:480 - the 272th epoch 
2026-09-18 16:57:53.914 | INFO     | __main__:<module>:492 - METHOD_BATCH epoch=272 step=0 adv_kd=0.006698648910969496 awp_gamma=0.001 awp_relative_norm_max=0.0010000001639127731 clean_ce=0.13733887672424316 clean_ce_term=0.006866944022476673 consistency_term=0.0007891145651228726 consistency_weight=0.5 js_raw=0.015782291069626808 lr=0.008298858117155928 nat_kd=0.006813276559114456 pcgrad_conflicts=0 push=0.029674656689167023 push_term=0.0014837328344583511 student_updates=1 teacher_ce=0.5535393059253693 teacher_lr=3.0392465814609692e-06 teacher_margin=0.15088675916194916 teacher_margin_term=0.0015088676009327173 teacher_updates=1 temp_adv=1.1301109091108967 temp_nat=3.6228890908887994 temperature_updates=1 total_loss=0.024160586297512054 views=2
2026-09-18 16:59:49.851 | INFO     | __main__:<module>:492 - METHOD_BATCH epoch=272 step=100 adv_kd=0.0046461112797260284 awp_gamma=0.001 awp_relative_norm_max=0.0010000001639127731 clean_ce=0.12772351503372192 clean_ce_term=0.006386175751686096 consistency_term=0.00045423704432323575 consistency_weight=0.5 js_raw=0.009084740653634071 lr=0.008298858117155928 nat_kd=0.006222845986485481 pcgrad_conflicts=0 push=0.03566235303878784 push_term=0.001783117651939392 student_updates=1 teacher_ce=0.4801253527402878 teacher_lr=3.0392465814609692e-06 teacher_margin=0.08571460843086243 teacher_margin_term=0.0008571461075916886 teacher_updates=1 temp_adv=1.1301109091108967 temp_nat=3.6228890908887994 temperature_updates=1 total_loss=0.020349634811282158 views=2
2026-09-18 17:01:45.839 | INFO     | __main__:<module>:492 - METHOD_BATCH epoch=272 step=200 adv_kd=0.004722109064459801 awp_gamma=0.001 awp_relative_norm_max=0.0010000001639127731 clean_ce=0.12882480025291443 clean_ce_term=0.006441240198910236 consistency_term=0.0006184043013490736 consistency_weight=0.5 js_raw=0.01236808579415083 lr=0.008298858117155928 nat_kd=0.006353108212351799 pcgrad_conflicts=0 push=0.038268402218818665 push_term=0.001913420157507062 student_updates=1 teacher_ce=0.39528387784957886 teacher_lr=3.0392465814609692e-06 teacher_margin=0.12037418782711029 teacher_margin_term=0.001203741878271103 teacher_updates=1 temp_adv=1.1301109091108967 temp_nat=3.6228890908887994 temperature_updates=1 total_loss=0.021252023056149483 views=2
2026-09-18 17:03:41.775 | INFO     | __main__:<module>:492 - METHOD_BATCH epoch=272 step=300 adv_kd=0.0054214042611420155 awp_gamma=0.001 awp_relative_norm_max=0.0010000001639127731 clean_ce=0.1253572255373001 clean_ce_term=0.00626786146312952 consistency_term=0.0007027659448795021 consistency_weight=0.5 js_raw=0.014055319130420685 lr=0.008298858117155928 nat_kd=0.005806431639939547 pcgrad_conflicts=0 push=0.03697890415787697 push_term=0.0018489451613277197 student_updates=1 teacher_ce=0.47898660600185394 teacher_lr=3.0392465814609692e-06 teacher_margin=0.13687047362327576 teacher_margin_term=0.001368704717606306 teacher_updates=1 temp_adv=1.1301109091108967 temp_nat=3.6228890908887994 temperature_updates=1 total_loss=0.021416114643216133 views=2
2026-09-18 17:05:25.934 | INFO     | __main__:<module>:870 - TRAIN_EPOCH_RESOURCE epoch=272 seconds=453.18328668922186 peak_allocated_bytes=8125391360
2026-09-18 17:05:56.414 | INFO     | __main__:<module>:927 - student robust acc 0.5227, teacher robust acc 0.6920, nat teacher robust acc 0.5168
2026-09-18 17:06:02.920 | INFO     | __main__:<module>:1001 - student natural acc 0.9001, adv teacher natural acc 0.8794, nat teacher natural acc 0.9318
2026-09-18 17:06:02.935 | INFO     | __main__:<module>:477 - METHOD epoch=273 views=2 awp_gamma=0.001 consistency_weight=0.5
2026-09-18 17:06:02.935 | INFO     | __main__:<module>:480 - the 273th epoch 
2026-09-18 17:06:04.109 | INFO     | __main__:<module>:492 - METHOD_BATCH epoch=273 step=0 adv_kd=0.0053245797753334045 awp_gamma=0.001 awp_relative_norm_max=0.0010000001639127731 clean_ce=0.11727073788642883 clean_ce_term=0.005863537080585957 consistency_term=0.0007641153642907739 consistency_weight=0.5 js_raw=0.01528230682015419 lr=0.007731442336567935 nat_kd=0.006512261927127838 pcgrad_conflicts=0 push=0.0378720760345459 push_term=0.0018936038250103593 student_updates=1 teacher_ce=0.47463539242744446 teacher_lr=2.8278830064506703e-06 teacher_margin=0.09638072550296783 teacher_margin_term=0.0009638072224333882 teacher_updates=1 temp_adv=1.1301109091108967 temp_nat=3.6228890908887994 temperature_updates=1 total_loss=0.02132190391421318 views=2
2026-09-18 17:08:00.514 | INFO     | __main__:<module>:492 - METHOD_BATCH epoch=273 step=100 adv_kd=0.006528360769152641 awp_gamma=0.001 awp_relative_norm_max=0.0010000001639127731 clean_ce=0.12827619910240173 clean_ce_term=0.006413809955120087 consistency_term=0.0010156689677387476 consistency_weight=0.5 js_raw=0.020313378423452377 lr=0.007731442336567935 nat_kd=0.006766708102077246 pcgrad_conflicts=0 push=0.033034346997737885 push_term=0.001651717466302216 student_updates=1 teacher_ce=0.4680667668581009 teacher_lr=2.8278830064506703e-06 teacher_margin=0.15708696842193604 teacher_margin_term=0.0015708697028458118 teacher_updates=1 temp_adv=1.1301109091108967 temp_nat=3.6228890908887994 temperature_updates=1 total_loss=0.023947132751345634 views=2
2026-09-18 17:09:56.620 | INFO     | __main__:<module>:492 - METHOD_BATCH epoch=273 step=200 adv_kd=0.005282211117446423 awp_gamma=0.001 awp_relative_norm_max=0.0010000001639127731 clean_ce=0.13162772357463837 clean_ce_term=0.006581386551260948 consistency_term=0.0009982428746297956 consistency_weight=0.5 js_raw=0.019964857026934624 lr=0.007731442336567935 nat_kd=0.006985558196902275 pcgrad_conflicts=0 push=0.04113330692052841 push_term=0.002056665252894163 student_updates=1 teacher_ce=0.5456820428371429 teacher_lr=2.8278830064506703e-06 teacher_margin=0.11656644940376282 teacher_margin_term=0.0011656645219773054 teacher_updates=1 temp_adv=1.1301109091108967 temp_nat=3.6228890908887994 temperature_updates=1 total_loss=0.023069728165864944 views=2
2026-09-18 17:11:52.555 | INFO     | __main__:<module>:492 - METHOD_BATCH epoch=273 step=300 adv_kd=0.006909789517521858 awp_gamma=0.001 awp_relative_norm_max=0.0010000001639127731 clean_ce=0.12414135038852692 clean_ce_term=0.006207067519426346 consistency_term=0.001196573255583644 consistency_weight=0.5 js_raw=0.023931464180350304 lr=0.007731442336567935 nat_kd=0.00712616927921772 pcgrad_conflicts=0 push=0.03545476868748665 push_term=0.0017727385275065899 student_updates=1 teacher_ce=0.4619765728712082 teacher_lr=2.8278830064506703e-06 teacher_margin=0.17686882615089417 teacher_margin_term=0.0017686882056295872 teacher_updates=1 temp_adv=1.1301109091108967 temp_nat=3.6228890908887994 temperature_updates=1 total_loss=0.024981023743748665 views=2
2026-09-18 17:13:36.690 | INFO     | __main__:<module>:870 - TRAIN_EPOCH_RESOURCE epoch=273 seconds=453.75538824126124 peak_allocated_bytes=8127488512
2026-09-18 17:14:07.129 | INFO     | __main__:<module>:927 - student robust acc 0.5226, teacher robust acc 0.6912, nat teacher robust acc 0.5143
2026-09-18 17:14:13.541 | INFO     | __main__:<module>:1001 - student natural acc 0.9015, adv teacher natural acc 0.8791, nat teacher natural acc 0.9318
2026-09-18 17:14:13.542 | INFO     | __main__:<module>:477 - METHOD epoch=274 views=2 awp_gamma=0.001 consistency_weight=0.5
2026-09-18 17:14:13.543 | INFO     | __main__:<module>:480 - the 274th epoch 
2026-09-18 17:14:14.704 | INFO     | __main__:<module>:492 - METHOD_BATCH epoch=274 step=0 adv_kd=0.006520223803818226 awp_gamma=0.001 awp_relative_norm_max=0.0010000001639127731 clean_ce=0.12731170654296875 clean_ce_term=0.006365585140883923 consistency_term=0.0013590141898021102 consistency_weight=0.5 js_raw=0.02718028426170349 lr=0.007182535046833534 nat_kd=0.006437677890062332 pcgrad_conflicts=0 push=0.03893381357192993 push_term=0.0019466907251626253 student_updates=1 teacher_ce=0.45391349494457245 teacher_lr=2.623934598670823e-06 teacher_margin=0.16669151186943054 teacher_margin_term=0.001666915137320757 teacher_updates=1 temp_adv=1.1301109091108967 temp_nat=3.6228890908887994 temperature_updates=1 total_loss=0.02429610677063465 views=2
2026-09-18 17:16:10.547 | INFO     | __main__:<module>:492 - METHOD_BATCH epoch=274 step=100 adv_kd=0.004536141641438007 awp_gamma=0.001 awp_relative_norm_max=0.0010000001639127731 clean_ce=0.12127766013145447 clean_ce_term=0.006063883192837238 consistency_term=0.0006077504949644208 consistency_weight=0.5 js_raw=0.012155009433627129 lr=0.007182535046833534 nat_kd=0.006511409766972065 pcgrad_conflicts=0 push=0.03434520214796066 push_term=0.0017172601073980331 student_updates=1 teacher_ce=0.5185105800628662 teacher_lr=2.623934598670823e-06 teacher_margin=0.10040443390607834 teacher_margin_term=0.001004044315777719 teacher_updates=1 temp_adv=1.1301109091108967 temp_nat=3.6228890908887994 temperature_updates=1 total_loss=0.020440489053726196 views=2
2026-09-18 17:18:06.376 | INFO     | __main__:<module>:492 - METHOD_BATCH epoch=274 step=200 adv_kd=0.005167784169316292 awp_gamma=0.001 awp_relative_norm_max=0.0010000001639127731 clean_ce=0.13230803608894348 clean_ce_term=0.006615401711314917 consistency_term=0.0009855906246230006 consistency_weight=0.5 js_raw=0.01971181109547615 lr=0.007182535046833534 nat_kd=0.006359640974551439 pcgrad_conflicts=0 push=0.028372082859277725 push_term=0.0014186041662469506 student_updates=1 teacher_ce=0.5260110795497894 teacher_lr=2.623934598670823e-06 teacher_margin=0.11283870041370392 teacher_margin_term=0.001128386938944459 teacher_updates=1 temp_adv=1.1301109091108967 temp_nat=3.6228890908887994 temperature_updates=1 total_loss=0.021675409749150276 views=2
2026-09-18 17:20:02.279 | INFO     | __main__:<module>:492 - METHOD_BATCH epoch=274 step=300 adv_kd=0.005860134027898312 awp_gamma=0.001 awp_relative_norm_max=0.0010000001639127731 clean_ce=0.12106664478778839 clean_ce_term=0.0060533322393894196 consistency_term=0.0009373782086186111 consistency_weight=0.5 js_raw=0.018747564405202866 lr=0.007182535046833534 nat_kd=0.006735815666615963 pcgrad_conflicts=0 push=0.03585938364267349 push_term=0.0017929690657183528 student_updates=1 teacher_ce=0.48454077541828156 teacher_lr=2.623934598670823e-06 teacher_margin=0.1410844922065735 teacher_margin_term=0.0014108449686318636 teacher_updates=1 temp_adv=1.1301109091108967 temp_nat=3.6228890908887994 temperature_updates=1 total_loss=0.02279047481715679 views=2
2026-09-18 17:21:46.367 | INFO     | __main__:<module>:870 - TRAIN_EPOCH_RESOURCE epoch=274 seconds=452.82459081709385 peak_allocated_bytes=8125391360
2026-09-18 17:22:16.865 | INFO     | __main__:<module>:927 - student robust acc 0.5196, teacher robust acc 0.6920, nat teacher robust acc 0.5149
2026-09-18 17:22:23.286 | INFO     | __main__:<module>:1001 - student natural acc 0.9009, adv teacher natural acc 0.8786, nat teacher natural acc 0.9318
2026-09-18 17:22:23.288 | INFO     | __main__:<module>:477 - METHOD epoch=275 views=2 awp_gamma=0.001 consistency_weight=0.5
2026-09-18 17:22:23.288 | INFO     | __main__:<module>:480 - the 275th epoch 
2026-09-18 17:22:24.452 | INFO     | __main__:<module>:492 - METHOD_BATCH epoch=275 step=0 adv_kd=0.005372213199734688 awp_gamma=0.001 awp_relative_norm_max=0.0010000001639127731 clean_ce=0.12264258414506912 clean_ce_term=0.006132129579782486 consistency_term=0.0011670313542708755 consistency_weight=0.5 js_raw=0.023340627551078796 lr=0.006652372004664825 nat_kd=0.006858331151306629 pcgrad_conflicts=0 push=0.03594456613063812 push_term=0.0017972283530980349 student_updates=1 teacher_ce=0.5996276140213013 teacher_lr=2.4274321375744377e-06 teacher_margin=0.11506999284029007 teacher_margin_term=0.001150699914433062 teacher_updates=1 temp_adv=1.1301109091108967 temp_nat=3.6228890908887994 temperature_updates=1 total_loss=0.022477634251117706 views=2
2026-09-18 17:24:20.363 | INFO     | __main__:<module>:492 - METHOD_BATCH epoch=275 step=100 adv_kd=0.006282982416450977 awp_gamma=0.001 awp_relative_norm_max=0.0010000001639127731 clean_ce=0.12381500005722046 clean_ce_term=0.006190749816596508 consistency_term=0.0008609341457486153 consistency_weight=0.5 js_raw=0.017218682914972305 lr=0.006652372004664825 nat_kd=0.005945982411503792 pcgrad_conflicts=0 push=0.03335046395659447 push_term=0.0016675232909619808 student_updates=1 teacher_ce=0.4516061246395111 teacher_lr=2.4274321375744377e-06 teacher_margin=0.13639608025550842 teacher_margin_term=0.0013639607932418585 teacher_updates=1 temp_adv=1.1301109091108967 temp_nat=3.6228890908887994 temperature_updates=1 total_loss=0.02231213077902794 views=2
2026-09-18 17:26:16.313 | INFO     | __main__:<module>:492 - METHOD_BATCH epoch=275 step=200 adv_kd=0.005512868519872427 awp_gamma=0.001 awp_relative_norm_max=0.0010000001639127731 clean_ce=0.13112565875053406 clean_ce_term=0.006556282751262188 consistency_term=0.0010324477916583419 consistency_weight=0.5 js_raw=0.020648956298828125 lr=0.006652372004664825 nat_kd=0.006753104273229837 pcgrad_conflicts=0 push=0.03340841829776764 push_term=0.001670420984737575 student_updates=1 teacher_ce=0.623066633939743 teacher_lr=2.4274321375744377e-06 teacher_margin=0.1070297360420227 teacher_margin_term=0.001070297323167324 teacher_updates=1 temp_adv=1.1301109091108967 temp_nat=3.6228890908887994 temperature_updates=1 total_loss=0.022595420479774475 views=2
2026-09-18 17:28:12.261 | INFO     | __main__:<module>:492 - METHOD_BATCH epoch=275 step=300 adv_kd=0.005272905342280865 awp_gamma=0.001 awp_relative_norm_max=0.0010000001639127731 clean_ce=0.130262553691864 clean_ce_term=0.0065131280571222305 consistency_term=0.0007202844135463238 consistency_weight=0.5 js_raw=0.014405688270926476 lr=0.006652372004664825 nat_kd=0.005579839926213026 pcgrad_conflicts=0 push=0.037740521132946014 push_term=0.001887026010081172 student_updates=1 teacher_ce=0.5224238336086273 teacher_lr=2.4274321375744377e-06 teacher_margin=0.11306744068861008 teacher_margin_term=0.0011306743836030364 teacher_updates=1 temp_adv=1.1301109091108967 temp_nat=3.6228890908887994 temperature_updates=1 total_loss=0.021103858947753906 views=2
2026-09-18 17:29:56.608 | INFO     | __main__:<module>:870 - TRAIN_EPOCH_RESOURCE epoch=275 seconds=453.3192112930119 peak_allocated_bytes=8127488512
2026-09-18 17:30:27.091 | INFO     | __main__:<module>:927 - student robust acc 0.5195, teacher robust acc 0.6923, nat teacher robust acc 0.5107
2026-09-18 17:30:33.760 | INFO     | __main__:<module>:1001 - student natural acc 0.9016, adv teacher natural acc 0.8784, nat teacher natural acc 0.9318
2026-09-18 17:30:33.762 | INFO     | __main__:<module>:477 - METHOD epoch=276 views=2 awp_gamma=0.001 consistency_weight=0.5
2026-09-18 17:30:33.762 | INFO     | __main__:<module>:480 - the 276th epoch 
2026-09-18 17:30:34.925 | INFO     | __main__:<module>:492 - METHOD_BATCH epoch=276 step=0 adv_kd=0.005127468146383762 awp_gamma=0.001 awp_relative_norm_max=0.0010000001639127731 clean_ce=0.1321021318435669 clean_ce_term=0.00660510640591383 consistency_term=0.0009393764776177704 consistency_weight=0.5 js_raw=0.018787529319524765 lr=0.0061411805914575665 nat_kd=0.006004934199154377 pcgrad_conflicts=0 push=0.026573020964860916 push_term=0.0013286510948091745 student_updates=1 teacher_ce=0.5067113041877747 teacher_lr=2.2384052080868606e-06 teacher_margin=0.08731074631214142 teacher_margin_term=0.0008731074631214142 teacher_updates=1 temp_adv=1.1301109091108967 temp_nat=3.6228890908887994 temperature_updates=1 total_loss=0.020878644660115242 views=2
2026-09-18 17:32:30.855 | INFO     | __main__:<module>:492 - METHOD_BATCH epoch=276 step=100 adv_kd=0.005433425307273865 awp_gamma=0.001 awp_relative_norm_max=0.0010000001639127731 clean_ce=0.13643157482147217 clean_ce_term=0.0068215783685445786 consistency_term=0.0008055379730649292 consistency_weight=0.5 js_raw=0.01611075922846794 lr=0.0061411805914575665 nat_kd=0.006742474623024464 pcgrad_conflicts=0 push=0.03747285529971123 push_term=0.0018736427882686257 student_updates=1 teacher_ce=0.5081688165664673 teacher_lr=2.2384052080868606e-06 teacher_margin=0.1211305558681488 teacher_margin_term=0.0012113056145608425 teacher_updates=1 temp_adv=1.1301109091108967 temp_nat=3.6228890908887994 temperature_updates=1 total_loss=0.02288796752691269 views=2
2026-09-18 17:34:27.097 | INFO     | __main__:<module>:492 - METHOD_BATCH epoch=276 step=200 adv_kd=0.004970841575413942 awp_gamma=0.001 awp_relative_norm_max=0.0010000001639127731 clean_ce=0.12010626494884491 clean_ce_term=0.0060053132474422455 consistency_term=0.0006426277104765177 consistency_weight=0.5 js_raw=0.012852554209530354 lr=0.0061411805914575665 nat_kd=0.006139081437140703 pcgrad_conflicts=0 push=0.028565015643835068 push_term=0.0014282508054748178 student_updates=1 teacher_ce=0.5913700759410858 teacher_lr=2.2384052080868606e-06 teacher_margin=0.12112495303153992 teacher_margin_term=0.001211249502375722 teacher_updates=1 temp_adv=1.1301109091108967 temp_nat=3.6228890908887994 temperature_updates=1 total_loss=0.020397363230586052 views=2
2026-09-18 17:36:23.115 | INFO     | __main__:<module>:492 - METHOD_BATCH epoch=276 step=300 adv_kd=0.005284829996526241 awp_gamma=0.001 awp_relative_norm_max=0.0010000001639127731 clean_ce=0.13006159663200378 clean_ce_term=0.006503080017864704 consistency_term=0.000887441448867321 consistency_weight=0.5 js_raw=0.01774882897734642 lr=0.0061411805914575665 nat_kd=0.0065395161509513855 pcgrad_conflicts=0 push=0.03346622735261917 push_term=0.001673311460763216 student_updates=1 teacher_ce=0.5486383736133575 teacher_lr=2.2384052080868606e-06 teacher_margin=0.13736291229724884 teacher_margin_term=0.0013736290857195854 teacher_updates=1 temp_adv=1.1301109091108967 temp_nat=3.6228890908887994 temperature_updates=1 total_loss=0.022261809557676315 views=2
2026-09-18 17:38:07.543 | INFO     | __main__:<module>:870 - TRAIN_EPOCH_RESOURCE epoch=276 seconds=453.7798651717603 peak_allocated_bytes=8125391360
2026-09-18 17:38:38.922 | INFO     | __main__:<module>:927 - student robust acc 0.5189, teacher robust acc 0.6957, nat teacher robust acc 0.5141
2026-09-18 17:38:45.560 | INFO     | __main__:<module>:1001 - student natural acc 0.9018, adv teacher natural acc 0.8792, nat teacher natural acc 0.9318
2026-09-18 17:38:45.562 | INFO     | __main__:<module>:477 - METHOD epoch=277 views=2 awp_gamma=0.001 consistency_weight=0.5
2026-09-18 17:38:45.562 | INFO     | __main__:<module>:480 - the 277th epoch 
2026-09-18 17:38:46.718 | INFO     | __main__:<module>:492 - METHOD_BATCH epoch=277 step=0 adv_kd=0.005004546605050564 awp_gamma=0.001 awp_relative_norm_max=0.0010000001639127731 clean_ce=0.13043278455734253 clean_ce_term=0.006521639879792929 consistency_term=0.001023447490297258 consistency_weight=0.5 js_raw=0.020468950271606445 lr=0.005649179713999378 nat_kd=0.006800198927521706 pcgrad_conflicts=0 push=0.03477824106812477 push_term=0.001738912076689303 student_updates=1 teacher_ce=0.5499399304389954 teacher_lr=2.056882196039055e-06 teacher_margin=0.10924448817968369 teacher_margin_term=0.001092444872483611 teacher_updates=1 temp_adv=1.1301109091108967 temp_nat=3.6228890908887994 temperature_updates=1 total_loss=0.022181188687682152 views=2
2026-09-18 17:40:42.948 | INFO     | __main__:<module>:492 - METHOD_BATCH epoch=277 step=100 adv_kd=0.004619835875928402 awp_gamma=0.001 awp_relative_norm_max=0.0010000001639127731 clean_ce=0.12889933586120605 clean_ce_term=0.006444966420531273 consistency_term=0.0007650530897080898 consistency_weight=0.5 js_raw=0.015301061794161797 lr=0.005649179713999378 nat_kd=0.006490923464298248 pcgrad_conflicts=0 push=0.03787499666213989 push_term=0.0018937496934086084 student_updates=1 teacher_ce=0.5601638555526733 teacher_lr=2.056882196039055e-06 teacher_margin=0.09129573404788971 teacher_margin_term=0.0009129573008976877 teacher_updates=1 temp_adv=1.1301109091108967 temp_nat=3.6228890908887994 temperature_updates=1 total_loss=0.0211274866014719 views=2
2026-09-18 17:42:39.167 | INFO     | __main__:<module>:492 - METHOD_BATCH epoch=277 step=200 adv_kd=0.00462893582880497 awp_gamma=0.001 awp_relative_norm_max=0.0010000001639127731 clean_ce=0.13148050010204315 clean_ce_term=0.0065740253776311874 consistency_term=0.0008158262935467064 consistency_weight=0.5 js_raw=0.016316525638103485 lr=0.005649179713999378 nat_kd=0.005930463783442974 pcgrad_conflicts=0 push=0.041465193033218384 push_term=0.0020732597913593054 student_updates=1 teacher_ce=0.4735920578241348 teacher_lr=2.056882196039055e-06 teacher_margin=0.12079913914203644 teacher_margin_term=0.0012079913867637515 teacher_updates=1 temp_adv=1.1301109091108967 temp_nat=3.6228890908887994 temperature_updates=1 total_loss=0.021230502054095268 views=2
2026-09-18 17:44:35.311 | INFO     | __main__:<module>:492 - METHOD_BATCH epoch=277 step=300 adv_kd=0.007108579855412245 awp_gamma=0.001 awp_relative_norm_max=0.0010000001639127731 clean_ce=0.11921726912260056 clean_ce_term=0.005960863549262285 consistency_term=0.001073629828169942 consistency_weight=0.5 js_raw=0.021472595632076263 lr=0.005649179713999378 nat_kd=0.006348857656121254 pcgrad_conflicts=0 push=0.03416210412979126 push_term=0.0017081050900742412 student_updates=1 teacher_ce=0.6720153391361237 teacher_lr=2.056882196039055e-06 teacher_margin=0.14191025495529175 teacher_margin_term=0.0014191025402396917 teacher_updates=1 temp_adv=1.1301109091108967 temp_nat=3.6228890908887994 temperature_updates=1 total_loss=0.023619139567017555 views=2
2026-09-18 17:46:19.593 | INFO     | __main__:<module>:870 - TRAIN_EPOCH_RESOURCE epoch=277 seconds=454.03104500472546 peak_allocated_bytes=8127488512
2026-09-18 17:46:50.089 | INFO     | __main__:<module>:927 - student robust acc 0.5182, teacher robust acc 0.6928, nat teacher robust acc 0.5088
2026-09-18 17:46:56.488 | INFO     | __main__:<module>:1001 - student natural acc 0.9015, adv teacher natural acc 0.8804, nat teacher natural acc 0.9318
2026-09-18 17:46:56.489 | INFO     | __main__:<module>:477 - METHOD epoch=278 views=2 awp_gamma=0.001 consistency_weight=0.5
2026-09-18 17:46:56.490 | INFO     | __main__:<module>:480 - the 278th epoch 
2026-09-18 17:46:57.652 | INFO     | __main__:<module>:492 - METHOD_BATCH epoch=278 step=0 adv_kd=0.0053930338472127914 awp_gamma=0.001 awp_relative_norm_max=0.0010000001639127731 clean_ce=0.1388126015663147 clean_ce_term=0.00694063026458025 consistency_term=0.001072003971785307 consistency_weight=0.5 js_raw=0.02144007943570614 lr=0.005176579708984169 nat_kd=0.007219920866191387 pcgrad_conflicts=0 push=0.04044688493013382 push_term=0.002022344386205077 student_updates=1 teacher_ce=0.5639525651931763 teacher_lr=1.8828902837944242e-06 teacher_margin=0.13597014546394348 teacher_margin_term=0.0013597013894468546 teacher_updates=1 temp_adv=1.1301109091108967 temp_nat=3.6228890908887994 temperature_updates=1 total_loss=0.024007635191082954 views=2
2026-09-18 17:48:53.668 | INFO     | __main__:<module>:492 - METHOD_BATCH epoch=278 step=100 adv_kd=0.005077165085822344 awp_gamma=0.001 awp_relative_norm_max=0.0010000001639127731 clean_ce=0.12876178324222565 clean_ce_term=0.006438089068979025 consistency_term=0.0007739770808257163 consistency_weight=0.5 js_raw=0.015479541383683681 lr=0.005176579708984169 nat_kd=0.005719026550650597 pcgrad_conflicts=0 push=0.02470424771308899 push_term=0.0012352124322205782 student_updates=1 teacher_ce=0.5447018146514893 teacher_lr=1.8828902837944242e-06 teacher_margin=0.10018329322338104 teacher_margin_term=0.0010018328903242946 teacher_updates=1 temp_adv=1.1301109091108967 temp_nat=3.6228890908887994 temperature_updates=1 total_loss=0.020245304331183434 views=2
2026-09-18 17:50:49.827 | INFO     | __main__:<module>:492 - METHOD_BATCH epoch=278 step=200 adv_kd=0.004009423777461052 awp_gamma=0.001 awp_relative_norm_max=0.0010000001639127731 clean_ce=0.1264127790927887 clean_ce_term=0.006320638582110405 consistency_term=0.0006033074459992349 consistency_weight=0.5 js_raw=0.012066148221492767 lr=0.005176579708984169 nat_kd=0.005328200291842222 pcgrad_conflicts=0 push=0.03179354965686798 push_term=0.0015896775294095278 student_updates=1 teacher_ce=0.3776515871286392 teacher_lr=1.8828902837944242e-06 teacher_margin=0.09319017827510834 teacher_margin_term=0.0009319017990492284 teacher_updates=1 temp_adv=1.1301109091108967 temp_nat=3.6228890908887994 temperature_updates=1 total_loss=0.018783148378133774 views=2
2026-09-18 17:52:46.049 | INFO     | __main__:<module>:492 - METHOD_BATCH epoch=278 step=300 adv_kd=0.005795253440737724 awp_gamma=0.001 awp_relative_norm_max=0.0010000001639127731 clean_ce=0.12153887748718262 clean_ce_term=0.006076944060623646 consistency_term=0.0008203504839912057 consistency_weight=0.5 js_raw=0.016407009214162827 lr=0.005176579708984169 nat_kd=0.006583515089005232 pcgrad_conflicts=0 push=0.03853293135762215 push_term=0.0019266465678811073 student_updates=1 teacher_ce=0.6105201244354248 teacher_lr=1.8828902837944242e-06 teacher_margin=0.11901833117008209 teacher_margin_term=0.0011901832185685635 teacher_updates=1 temp_adv=1.1301109091108967 temp_nat=3.6228890908887994 temperature_updates=1 total_loss=0.022392891347408295 views=2
2026-09-18 17:54:30.470 | INFO     | __main__:<module>:870 - TRAIN_EPOCH_RESOURCE epoch=278 seconds=453.97983779013157 peak_allocated_bytes=8125391360
2026-09-18 17:55:01.238 | INFO     | __main__:<module>:927 - student robust acc 0.5199, teacher robust acc 0.6943, nat teacher robust acc 0.5063
2026-09-18 17:55:07.664 | INFO     | __main__:<module>:1001 - student natural acc 0.9021, adv teacher natural acc 0.8781, nat teacher natural acc 0.9318
2026-09-18 17:55:07.666 | INFO     | __main__:<module>:477 - METHOD epoch=279 views=2 awp_gamma=0.001 consistency_weight=0.5
2026-09-18 17:55:07.666 | INFO     | __main__:<module>:480 - the 279th epoch 
2026-09-18 17:55:08.834 | INFO     | __main__:<module>:492 - METHOD_BATCH epoch=279 step=0 adv_kd=0.004041321109980345 awp_gamma=0.001 awp_relative_norm_max=0.0010000001639127731 clean_ce=0.1187889575958252 clean_ce_term=0.00593944825232029 consistency_term=0.0007135593914426863 consistency_weight=0.5 js_raw=0.014271187596023083 lr=0.004723582251375188 nat_kd=0.006881395820528269 pcgrad_conflicts=0 push=0.035211436450481415 push_term=0.001760571845807135 student_updates=1 teacher_ce=0.47376833856105804 teacher_lr=1.716455446069766e-06 teacher_margin=0.09224843233823776 teacher_margin_term=0.0009224843233823776 teacher_updates=1 temp_adv=1.1301109091108967 temp_nat=3.6228890908887994 temperature_updates=1 total_loss=0.02025877870619297 views=2
2026-09-18 17:57:05.108 | INFO     | __main__:<module>:492 - METHOD_BATCH epoch=279 step=100 adv_kd=0.005782410968095064 awp_gamma=0.001 awp_relative_norm_max=0.0010000001639127731 clean_ce=0.13605158030986786 clean_ce_term=0.006802579388022423 consistency_term=0.0013828742085024714 consistency_weight=0.5 js_raw=0.027657482773065567 lr=0.004723582251375188 nat_kd=0.005966510623693466 pcgrad_conflicts=0 push=0.038947876542806625 push_term=0.00194739387370646 student_updates=1 teacher_ce=0.5314145386219025 teacher_lr=1.716455446069766e-06 teacher_margin=0.1501752734184265 teacher_margin_term=0.0015017527621239424 teacher_updates=1 temp_adv=1.1301109091108967 temp_nat=3.6228890908887994 temperature_updates=1 total_loss=0.023383522406220436 views=2
2026-09-18 17:59:01.291 | INFO     | __main__:<module>:492 - METHOD_BATCH epoch=279 step=200 adv_kd=0.004264914430677891 awp_gamma=0.001 awp_relative_norm_max=0.0010000001639127731 clean_ce=0.11828240752220154 clean_ce_term=0.005914120003581047 consistency_term=0.0005120929563418031 consistency_weight=0.5 js_raw=0.010241858661174774 lr=0.004723582251375188 nat_kd=0.006303214468061924 pcgrad_conflicts=0 push=0.036987245082855225 push_term=0.0018493622774258256 student_updates=1 teacher_ce=0.45634625852108 teacher_lr=1.716455446069766e-06 teacher_margin=0.11207766830921173 teacher_margin_term=0.0011207766365259886 teacher_updates=1 temp_adv=1.1301109091108967 temp_nat=3.6228890908887994 temperature_updates=1 total_loss=0.01996448263525963 views=2
2026-09-18 18:00:57.471 | INFO     | __main__:<module>:492 - METHOD_BATCH epoch=279 step=300 adv_kd=0.004736421164125204 awp_gamma=0.001 awp_relative_norm_max=0.0010000001639127731 clean_ce=0.11843211948871613 clean_ce_term=0.005921605974435806 consistency_term=0.0007880788180045784 consistency_weight=0.5 js_raw=0.01576157659292221 lr=0.004723582251375188 nat_kd=0.005873805843293667 pcgrad_conflicts=0 push=0.037259750068187714 push_term=0.00186298752669245 student_updates=1 teacher_ce=0.5285786986351013 teacher_lr=1.716455446069766e-06 teacher_margin=0.10692544281482697 teacher_margin_term=0.0010692544747143984 teacher_updates=1 temp_adv=1.1301109091108967 temp_nat=3.6228890908887994 temperature_updates=1 total_loss=0.020252155140042305 views=2
2026-09-18 18:02:42.134 | INFO     | __main__:<module>:870 - TRAIN_EPOCH_RESOURCE epoch=279 seconds=454.46714513748884 peak_allocated_bytes=8127488512
2026-09-18 18:03:12.954 | INFO     | __main__:<module>:927 - student robust acc 0.5184, teacher robust acc 0.6958, nat teacher robust acc 0.5080
2026-09-18 18:03:19.404 | INFO     | __main__:<module>:1001 - student natural acc 0.9025, adv teacher natural acc 0.8789, nat teacher natural acc 0.9318
2026-09-18 18:03:19.405 | INFO     | __main__:<module>:477 - METHOD epoch=280 views=2 awp_gamma=0.001 consistency_weight=0.5
2026-09-18 18:03:19.405 | INFO     | __main__:<module>:480 - the 280th epoch 
2026-09-18 18:03:20.572 | INFO     | __main__:<module>:492 - METHOD_BATCH epoch=280 step=0 adv_kd=0.004944125656038523 awp_gamma=0.001 awp_relative_norm_max=0.0010000001639127731 clean_ce=0.13381227850914001 clean_ce_term=0.006690613925457001 consistency_term=0.0011680911993607879 consistency_weight=0.5 js_raw=0.023361824452877045 lr=0.004290380266656729 nat_kd=0.006825444288551807 pcgrad_conflicts=0 push=0.03370778262615204 push_term=0.0016853890847414732 student_updates=1 teacher_ce=0.6025677025318146 teacher_lr=1.557602445950919e-06 teacher_margin=0.0898369550704956 teacher_margin_term=0.0008983694715425372 teacher_updates=1 temp_adv=1.1301109091108967 temp_nat=3.6228890908887994 temperature_updates=1 total_loss=0.022212034091353416 views=2
2026-09-18 18:05:16.567 | INFO     | __main__:<module>:492 - METHOD_BATCH epoch=280 step=100 adv_kd=0.006307750474661589 awp_gamma=0.001 awp_relative_norm_max=0.0010000001639127731 clean_ce=0.12408880889415741 clean_ce_term=0.0062044402584433556 consistency_term=0.0009556677541695535 consistency_weight=0.5 js_raw=0.01911335438489914 lr=0.004290380266656729 nat_kd=0.005525465123355389 pcgrad_conflicts=0 push=0.03747463971376419 push_term=0.0018737318459898233 student_updates=1 teacher_ce=0.5211791396141052 teacher_lr=1.557602445950919e-06 teacher_margin=0.1120222955942154 teacher_margin_term=0.0011202229652553797 teacher_updates=1 temp_adv=1.1301109091108967 temp_nat=3.6228890908887994 temperature_updates=1 total_loss=0.021987278014421463 views=2
2026-09-18 18:07:12.489 | INFO     | __main__:<module>:492 - METHOD_BATCH epoch=280 step=200 adv_kd=0.005808097310364246 awp_gamma=0.001 awp_relative_norm_max=0.0010000001639127731 clean_ce=0.1295638531446457 clean_ce_term=0.006478192750364542 consistency_term=0.0010324007598683238 consistency_weight=0.5 js_raw=0.020648013800382614 lr=0.004290380266656729 nat_kd=0.007210591807961464 pcgrad_conflicts=0 push=0.03844993934035301 push_term=0.001922497060149908 student_updates=1 teacher_ce=0.5348915457725525 teacher_lr=1.557602445950919e-06 teacher_margin=0.12344464659690857 teacher_margin_term=0.001234446419402957 teacher_updates=1 temp_adv=1.1301109091108967 temp_nat=3.6228890908887994 temperature_updates=1 total_loss=0.023686226457357407 views=2
2026-09-18 18:09:08.396 | INFO     | __main__:<module>:492 - METHOD_BATCH epoch=280 step=300 adv_kd=0.004303036257624626 awp_gamma=0.001 awp_relative_norm_max=0.0010000001639127731 clean_ce=0.1302218735218048 clean_ce_term=0.00651109404861927 consistency_term=0.0009078611037693918 consistency_weight=0.5 js_raw=0.018157221376895905 lr=0.004290380266656729 nat_kd=0.0054878173395991325 pcgrad_conflicts=0 push=0.03652828559279442 push_term=0.0018264143727719784 student_updates=1 teacher_ce=0.4552839994430542 teacher_lr=1.557602445950919e-06 teacher_margin=0.11023490130901337 teacher_margin_term=0.0011023490224033594 teacher_updates=1 temp_adv=1.1301109091108967 temp_nat=3.6228890908887994 temperature_updates=1 total_loss=0.020138569176197052 views=2
2026-09-18 18:10:52.477 | INFO     | __main__:<module>:870 - TRAIN_EPOCH_RESOURCE epoch=280 seconds=453.0716024711728 peak_allocated_bytes=8125391360
2026-09-18 18:11:22.987 | INFO     | __main__:<module>:927 - student robust acc 0.5184, teacher robust acc 0.6930, nat teacher robust acc 0.5042
2026-09-18 18:11:29.398 | INFO     | __main__:<module>:1001 - student natural acc 0.9030, adv teacher natural acc 0.8793, nat teacher natural acc 0.9318
2026-09-18 18:11:29.400 | INFO     | __main__:<module>:477 - METHOD epoch=281 views=2 awp_gamma=0.001 consistency_weight=0.5
2026-09-18 18:11:29.400 | INFO     | __main__:<module>:480 - the 281th epoch 
2026-09-18 18:11:30.564 | INFO     | __main__:<module>:492 - METHOD_BATCH epoch=281 step=0 adv_kd=0.004337595775723457 awp_gamma=0.001 awp_relative_norm_max=0.0010000001639127731 clean_ce=0.12184440344572067 clean_ce_term=0.006092220079153776 consistency_term=0.0007349802181124687 consistency_weight=0.5 js_raw=0.014699604362249374 lr=0.0038771578470128847 nat_kd=0.00558769516646862 pcgrad_conflicts=0 push=0.04012126475572586 push_term=0.002006063237786293 student_updates=1 teacher_ce=0.45696426928043365 teacher_lr=1.4063548311038856e-06 teacher_margin=0.07193118333816528 teacher_margin_term=0.0007193117635324597 teacher_updates=1 temp_adv=1.1301109091108967 temp_nat=3.6228890908887994 temperature_updates=1 total_loss=0.01947786659002304 views=2
2026-09-18 18:13:26.450 | INFO     | __main__:<module>:492 - METHOD_BATCH epoch=281 step=100 adv_kd=0.0037755360826849937 awp_gamma=0.001 awp_relative_norm_max=0.0010000001639127731 clean_ce=0.13101565837860107 clean_ce_term=0.006550782825797796 consistency_term=0.0005550216301344335 consistency_weight=0.5 js_raw=0.011100432835519314 lr=0.0038771578470128847 nat_kd=0.007669711019843817 pcgrad_conflicts=0 push=0.028983507305383682 push_term=0.0014491754118353128 student_updates=1 teacher_ce=0.5164884328842163 teacher_lr=1.4063548311038856e-06 teacher_margin=0.08357077836990356 teacher_margin_term=0.0008357077604159713 teacher_updates=1 temp_adv=1.1301109091108967 temp_nat=3.6228890908887994 temperature_updates=1 total_loss=0.020835934206843376 views=2
2026-09-18 18:15:22.298 | INFO     | __main__:<module>:492 - METHOD_BATCH epoch=281 step=200 adv_kd=0.0052453624084591866 awp_gamma=0.001 awp_relative_norm_max=0.0010000001639127731 clean_ce=0.1313823163509369 clean_ce_term=0.006569116376340389 consistency_term=0.0008779281051829457 consistency_weight=0.5 js_raw=0.017558561637997627 lr=0.0038771578470128847 nat_kd=0.00630938820540905 pcgrad_conflicts=0 push=0.036623917520046234 push_term=0.001831196015700698 student_updates=1 teacher_ce=0.5126862823963165 teacher_lr=1.4063548311038856e-06 teacher_margin=0.10235947370529175 teacher_margin_term=0.001023594755679369 teacher_updates=1 temp_adv=1.1301109091108967 temp_nat=3.6228890908887994 temperature_updates=1 total_loss=0.021856587380170822 views=2
2026-09-18 18:17:18.191 | INFO     | __main__:<module>:492 - METHOD_BATCH epoch=281 step=300 adv_kd=0.004359162878245115 awp_gamma=0.001 awp_relative_norm_max=0.0010000001639127731 clean_ce=0.12832659482955933 clean_ce_term=0.006416330114006996 consistency_term=0.0006001959554851055 consistency_weight=0.5 js_raw=0.01200391910970211 lr=0.0038771578470128847 nat_kd=0.006334396544843912 pcgrad_conflicts=0 push=0.03492914140224457 push_term=0.0017464571865275502 student_updates=1 teacher_ce=0.518150120973587 teacher_lr=1.4063548311038856e-06 teacher_margin=0.058002129197120667 teacher_margin_term=0.0005800212966278195 teacher_updates=1 temp_adv=1.1301109091108967 temp_nat=3.6228890908887994 temperature_updates=1 total_loss=0.020036563277244568 views=2
2026-09-18 18:19:02.515 | INFO     | __main__:<module>:870 - TRAIN_EPOCH_RESOURCE epoch=281 seconds=453.11491253972054 peak_allocated_bytes=8127488512
2026-09-18 18:19:33.100 | INFO     | __main__:<module>:927 - student robust acc 0.5190, teacher robust acc 0.6934, nat teacher robust acc 0.5066
2026-09-18 18:19:39.536 | INFO     | __main__:<module>:1001 - student natural acc 0.9036, adv teacher natural acc 0.8789, nat teacher natural acc 0.9318
2026-09-18 18:19:39.538 | INFO     | __main__:<module>:477 - METHOD epoch=282 views=2 awp_gamma=0.001 consistency_weight=0.5
2026-09-18 18:19:39.538 | INFO     | __main__:<module>:480 - the 282th epoch 
2026-09-18 18:19:40.705 | INFO     | __main__:<module>:492 - METHOD_BATCH epoch=282 step=0 adv_kd=0.004796033259481192 awp_gamma=0.001 awp_relative_norm_max=0.0010000001639127731 clean_ce=0.12774616479873657 clean_ce_term=0.006387308239936829 consistency_term=0.0006872380035929382 consistency_weight=0.5 js_raw=0.013744760304689407 lr=0.003484090171470245 nat_kd=0.00563261192291975 pcgrad_conflicts=0 push=0.0458952970802784 push_term=0.00229476485401392 student_updates=1 teacher_ce=0.44559043645858765 teacher_lr=1.2627349301818333e-06 teacher_margin=0.08023175597190857 teacher_margin_term=0.0008023175178095698 teacher_updates=1 temp_adv=1.1301109091108967 temp_nat=3.6228890908887994 temperature_updates=1 total_loss=0.020600274205207825 views=2
2026-09-18 18:21:36.677 | INFO     | __main__:<module>:492 - METHOD_BATCH epoch=282 step=100 adv_kd=0.004277793690562248 awp_gamma=0.001 awp_relative_norm_max=0.0010000001639127731 clean_ce=0.11673112958669662 clean_ce_term=0.005836556665599346 consistency_term=0.0006194267771206796 consistency_weight=0.5 js_raw=0.012388534843921661 lr=0.003484090171470245 nat_kd=0.005702652037143707 pcgrad_conflicts=0 push=0.028550144284963608 push_term=0.0014275071443989873 student_updates=1 teacher_ce=0.5497636497020721 teacher_lr=1.2627349301818333e-06 teacher_margin=0.08117513358592987 teacher_margin_term=0.0008117513498291373 teacher_updates=1 temp_adv=1.1301109091108967 temp_nat=3.6228890908887994 temperature_updates=1 total_loss=0.01867568865418434 views=2
2026-09-18 18:23:32.728 | INFO     | __main__:<module>:492 - METHOD_BATCH epoch=282 step=200 adv_kd=0.004881489090621471 awp_gamma=0.001 awp_relative_norm_max=0.0010000001639127731 clean_ce=0.13414639234542847 clean_ce_term=0.006707319989800453 consistency_term=0.0007805192726664245 consistency_weight=0.5 js_raw=0.01561038475483656 lr=0.003484090171470245 nat_kd=0.005760884378105402 pcgrad_conflicts=0 push=0.04450908303260803 push_term=0.002225454431027174 student_updates=1 teacher_ce=0.4201044291257858 teacher_lr=1.2627349301818333e-06 teacher_margin=0.12778666615486145 teacher_margin_term=0.0012778667733073235 teacher_updates=1 temp_adv=1.1301109091108967 temp_nat=3.6228890908887994 temperature_updates=1 total_loss=0.021633535623550415 views=2
2026-09-18 18:25:28.917 | INFO     | __main__:<module>:492 - METHOD_BATCH epoch=282 step=300 adv_kd=0.004519827663898468 awp_gamma=0.001 awp_relative_norm_max=0.0010000001639127731 clean_ce=0.13294439017772675 clean_ce_term=0.006647219881415367 consistency_term=0.0010019928449764848 consistency_weight=0.5 js_raw=0.020039856433868408 lr=0.003484090171470245 nat_kd=0.006742965430021286 pcgrad_conflicts=0 push=0.036480583250522614 push_term=0.0018240292556583881 student_updates=1 teacher_ce=0.512405276298523 teacher_lr=1.2627349301818333e-06 teacher_margin=0.10771188139915466 teacher_margin_term=0.0010771187953650951 teacher_updates=1 temp_adv=1.1301109091108967 temp_nat=3.6228890908887994 temperature_updates=1 total_loss=0.021813152357935905 views=2
2026-09-18 18:27:13.137 | INFO     | __main__:<module>:870 - TRAIN_EPOCH_RESOURCE epoch=282 seconds=453.598121650517 peak_allocated_bytes=8125391360
2026-09-18 18:27:43.741 | INFO     | __main__:<module>:927 - student robust acc 0.5169, teacher robust acc 0.6929, nat teacher robust acc 0.5045
2026-09-18 18:27:50.125 | INFO     | __main__:<module>:1001 - student natural acc 0.9030, adv teacher natural acc 0.8788, nat teacher natural acc 0.9318
2026-09-18 18:27:50.126 | INFO     | __main__:<module>:477 - METHOD epoch=283 views=2 awp_gamma=0.001 consistency_weight=0.5
2026-09-18 18:27:50.127 | INFO     | __main__:<module>:480 - the 283th epoch 
2026-09-18 18:27:51.289 | INFO     | __main__:<module>:492 - METHOD_BATCH epoch=283 step=0 adv_kd=0.004524423740804195 awp_gamma=0.001 awp_relative_norm_max=0.0010000001639127731 clean_ce=0.12144152820110321 clean_ce_term=0.006072076968848705 consistency_term=0.0007032236899249256 consistency_weight=0.5 js_raw=0.014064474031329155 lr=0.0031113434300391535 nat_kd=0.00482422299683094 pcgrad_conflicts=0 push=0.03497449308633804 push_term=0.0017487246077507734 student_updates=1 teacher_ce=0.612356424331665 teacher_lr=1.1267638494286692e-06 teacher_margin=0.08598002791404724 teacher_margin_term=0.0008598002605140209 teacher_updates=1 temp_adv=1.1301109091108967 temp_nat=3.6228890908887994 temperature_updates=1 total_loss=0.018732471391558647 views=2
2026-09-18 18:29:47.294 | INFO     | __main__:<module>:492 - METHOD_BATCH epoch=283 step=100 adv_kd=0.004572692327201366 awp_gamma=0.001 awp_relative_norm_max=0.0010000001639127731 clean_ce=0.14065733551979065 clean_ce_term=0.0070328665897250175 consistency_term=0.000708043051417917 consistency_weight=0.5 js_raw=0.01416086032986641 lr=0.0031113434300391535 nat_kd=0.005999135319143534 pcgrad_conflicts=0 push=0.03862879425287247 push_term=0.0019314396195113659 student_updates=1 teacher_ce=0.5226702392101288 teacher_lr=1.1267638494286692e-06 teacher_margin=0.0850495845079422 teacher_margin_term=0.0008504958241246641 teacher_updates=1 temp_adv=1.1301109091108967 temp_nat=3.6228890908887994 temperature_updates=1 total_loss=0.0210946723818779 views=2
2026-09-18 18:31:43.527 | INFO     | __main__:<module>:492 - METHOD_BATCH epoch=283 step=200 adv_kd=0.00535633135586977 awp_gamma=0.001 awp_relative_norm_max=0.0010000001639127731 clean_ce=0.11810119450092316 clean_ce_term=0.005905060097575188 consistency_term=0.0009881156729534268 consistency_weight=0.5 js_raw=0.01976231299340725 lr=0.0031113434300391535 nat_kd=0.00572409201413393 pcgrad_conflicts=0 push=0.03751694783568382 push_term=0.0018758473452180624 student_updates=1 teacher_ce=0.588620662689209 teacher_lr=1.1267638494286692e-06 teacher_margin=0.11721394211053848 teacher_margin_term=0.0011721394257619977 teacher_updates=1 temp_adv=1.1301109091108967 temp_nat=3.6228890908887994 temperature_updates=1 total_loss=0.021021587774157524 views=2
2026-09-18 18:33:39.847 | INFO     | __main__:<module>:492 - METHOD_BATCH epoch=283 step=300 adv_kd=0.005043326411396265 awp_gamma=0.001 awp_relative_norm_max=0.0010000001639127731 clean_ce=0.12177620828151703 clean_ce_term=0.006088810507208109 consistency_term=0.000631679140496999 consistency_weight=0.5 js_raw=0.012633582577109337 lr=0.0031113434300391535 nat_kd=0.006253894418478012 pcgrad_conflicts=0 push=0.03284969925880432 push_term=0.001642485149204731 student_updates=1 teacher_ce=0.660918116569519 teacher_lr=1.1267638494286692e-06 teacher_margin=0.10306800901889801 teacher_margin_term=0.0010306800249963999 teacher_updates=1 temp_adv=1.1301109091108967 temp_nat=3.6228890908887994 temperature_updates=1 total_loss=0.020690876990556717 views=2
2026-09-18 18:35:24.248 | INFO     | __main__:<module>:870 - TRAIN_EPOCH_RESOURCE epoch=283 seconds=454.1215341091156 peak_allocated_bytes=8127488512
2026-09-18 18:35:54.785 | INFO     | __main__:<module>:927 - student robust acc 0.5167, teacher robust acc 0.6947, nat teacher robust acc 0.4999
2026-09-18 18:36:01.155 | INFO     | __main__:<module>:1001 - student natural acc 0.9026, adv teacher natural acc 0.8799, nat teacher natural acc 0.9318
2026-09-18 18:36:01.157 | INFO     | __main__:<module>:477 - METHOD epoch=284 views=2 awp_gamma=0.001 consistency_weight=0.5
2026-09-18 18:36:01.157 | INFO     | __main__:<module>:480 - the 284th epoch 
2026-09-18 18:36:02.321 | INFO     | __main__:<module>:492 - METHOD_BATCH epoch=284 step=0 adv_kd=0.004236730746924877 awp_gamma=0.001 awp_relative_norm_max=0.0010000001639127731 clean_ce=0.12436419725418091 clean_ce_term=0.006218210328370333 consistency_term=0.0007535526528954506 consistency_weight=0.5 js_raw=0.015071053057909012 lr=0.0027590747518870004 nat_kd=0.006085255648940802 pcgrad_conflicts=0 push=0.03001215308904648 push_term=0.0015006077010184526 student_updates=1 teacher_ce=0.6009819209575653 teacher_lr=9.984614694796215e-07 teacher_margin=0.08076216280460358 teacher_margin_term=0.0008076216327026486 teacher_updates=1 temp_adv=1.1301109091108967 temp_nat=3.6228890908887994 temperature_updates=1 total_loss=0.019601978361606598 views=2
2026-09-18 18:37:58.315 | INFO     | __main__:<module>:492 - METHOD_BATCH epoch=284 step=100 adv_kd=0.004748012404888868 awp_gamma=0.001 awp_relative_norm_max=0.0010000001639127731 clean_ce=0.1258995682001114 clean_ce_term=0.006294978316873312 consistency_term=0.001159489038400352 consistency_weight=0.5 js_raw=0.023189781233668327 lr=0.0027590747518870004 nat_kd=0.006600207183510065 pcgrad_conflicts=0 push=0.04337570443749428 push_term=0.0021687853150069714 student_updates=1 teacher_ce=0.613702654838562 teacher_lr=9.984614694796215e-07 teacher_margin=0.08859449625015259 teacher_margin_term=0.0008859449299052358 teacher_updates=1 temp_adv=1.1301109091108967 temp_nat=3.6228890908887994 temperature_updates=1 total_loss=0.02185741811990738 views=2
2026-09-18 18:39:54.272 | INFO     | __main__:<module>:492 - METHOD_BATCH epoch=284 step=200 adv_kd=0.005777430720627308 awp_gamma=0.001 awp_relative_norm_max=0.0010000001639127731 clean_ce=0.12284405529499054 clean_ce_term=0.006142203230410814 consistency_term=0.0008141581201925874 consistency_weight=0.5 js_raw=0.01628316193819046 lr=0.0027590747518870004 nat_kd=0.005186724476516247 pcgrad_conflicts=0 push=0.04149392619729042 push_term=0.0020746963564306498 student_updates=1 teacher_ce=0.5108983814716339 teacher_lr=9.984614694796215e-07 teacher_margin=0.09258358180522919 teacher_margin_term=0.0009258358040824533 teacher_updates=1 temp_adv=1.1301109091108967 temp_nat=3.6228890908887994 temperature_updates=1 total_loss=0.020921049639582634 views=2
2026-09-18 18:41:50.474 | INFO     | __main__:<module>:492 - METHOD_BATCH epoch=284 step=300 adv_kd=0.004235764965415001 awp_gamma=0.001 awp_relative_norm_max=0.0010000001639127731 clean_ce=0.1248527318239212 clean_ce_term=0.00624263659119606 consistency_term=0.000570286123547703 consistency_weight=0.5 js_raw=0.011405722238123417 lr=0.0027590747518870004 nat_kd=0.005414971150457859 pcgrad_conflicts=0 push=0.030447911471128464 push_term=0.0015223955269902945 student_updates=1 teacher_ce=0.5089797824621201 teacher_lr=9.984614694796215e-07 teacher_margin=0.0684296041727066 teacher_margin_term=0.0006842960719950497 teacher_updates=1 temp_adv=1.1301109091108967 temp_nat=3.6228890908887994 temperature_updates=1 total_loss=0.018670350313186646 views=2
2026-09-18 18:43:34.687 | INFO     | __main__:<module>:870 - TRAIN_EPOCH_RESOURCE epoch=284 seconds=453.5298704728484 peak_allocated_bytes=8125391360
2026-09-18 18:44:05.308 | INFO     | __main__:<module>:927 - student robust acc 0.5163, teacher robust acc 0.6926, nat teacher robust acc 0.5002
2026-09-18 18:44:11.921 | INFO     | __main__:<module>:1001 - student natural acc 0.9030, adv teacher natural acc 0.8807, nat teacher natural acc 0.9318
2026-09-18 18:44:11.923 | INFO     | __main__:<module>:477 - METHOD epoch=285 views=2 awp_gamma=0.001 consistency_weight=0.5
2026-09-18 18:44:11.924 | INFO     | __main__:<module>:480 - the 285th epoch 
2026-09-18 18:44:13.088 | INFO     | __main__:<module>:492 - METHOD_BATCH epoch=285 step=0 adv_kd=0.004631664603948593 awp_gamma=0.001 awp_relative_norm_max=0.0010000001639127731 clean_ce=0.12690377235412598 clean_ce_term=0.006345188710838556 consistency_term=0.0013311400543898344 consistency_weight=0.5 js_raw=0.026622800156474113 lr=0.0024274321375744377 nat_kd=0.007081630639731884 pcgrad_conflicts=0 push=0.03689899295568466 push_term=0.0018449496710672975 student_updates=1 teacher_ce=0.6211385726928711 teacher_lr=8.778464423593913e-07 teacher_margin=0.10202725231647491 teacher_margin_term=0.001020272495225072 teacher_updates=1 temp_adv=1.1301109091108967 temp_nat=3.6228890908887994 temperature_updates=1 total_loss=0.02225484699010849 views=2
2026-09-18 18:46:09.208 | INFO     | __main__:<module>:492 - METHOD_BATCH epoch=285 step=100 adv_kd=0.004208910278975964 awp_gamma=0.001 awp_relative_norm_max=0.0010000001639127731 clean_ce=0.13818542659282684 clean_ce_term=0.006909271702170372 consistency_term=0.001143138506449759 consistency_weight=0.5 js_raw=0.022862769663333893 lr=0.0024274321375744377 nat_kd=0.006477514747530222 pcgrad_conflicts=0 push=0.039730291813611984 push_term=0.0019865145441144705 student_updates=1 teacher_ce=0.5769639015197754 teacher_lr=8.778464423593913e-07 teacher_margin=0.10405629873275757 teacher_margin_term=0.0010405629873275757 teacher_updates=1 temp_adv=1.1301109091108967 temp_nat=3.6228890908887994 temperature_updates=1 total_loss=0.02176591381430626 views=2
2026-09-18 18:48:05.112 | INFO     | __main__:<module>:492 - METHOD_BATCH epoch=285 step=200 adv_kd=0.004005811642855406 awp_gamma=0.001 awp_relative_norm_max=0.0010000001639127731 clean_ce=0.12296128273010254 clean_ce_term=0.006148064509034157 consistency_term=0.0007125325500965118 consistency_weight=0.5 js_raw=0.014250651001930237 lr=0.0024274321375744377 nat_kd=0.005557809956371784 pcgrad_conflicts=0 push=0.04393523186445236 push_term=0.0021967615466564894 student_updates=1 teacher_ce=0.47647880017757416 teacher_lr=8.778464423593913e-07 teacher_margin=0.08412472903728485 teacher_margin_term=0.0008412472670897841 teacher_updates=1 temp_adv=1.1301109091108967 temp_nat=3.6228890908887994 temperature_updates=1 total_loss=0.019462227821350098 views=2
2026-09-18 18:50:01.164 | INFO     | __main__:<module>:492 - METHOD_BATCH epoch=285 step=300 adv_kd=0.004455322399735451 awp_gamma=0.001 awp_relative_norm_max=0.0010000001639127731 clean_ce=0.12603110074996948 clean_ce_term=0.006301554851233959 consistency_term=0.0007277430850081146 consistency_weight=0.5 js_raw=0.014554861932992935 lr=0.0024274321375744377 nat_kd=0.006064289249479771 pcgrad_conflicts=0 push=0.03851728513836861 push_term=0.0019258642569184303 student_updates=1 teacher_ce=0.5576407313346863 teacher_lr=8.778464423593913e-07 teacher_margin=0.09798842668533325 teacher_margin_term=0.0009798842947930098 teacher_updates=1 temp_adv=1.1301109091108967 temp_nat=3.6228890908887994 temperature_updates=1 total_loss=0.020454660058021545 views=2
2026-09-18 18:51:45.278 | INFO     | __main__:<module>:870 - TRAIN_EPOCH_RESOURCE epoch=285 seconds=453.3539645373821 peak_allocated_bytes=8127488512
2026-09-18 18:52:15.761 | INFO     | __main__:<module>:927 - student robust acc 0.5166, teacher robust acc 0.6954, nat teacher robust acc 0.4962
2026-09-18 18:52:22.166 | INFO     | __main__:<module>:1001 - student natural acc 0.9034, adv teacher natural acc 0.8797, nat teacher natural acc 0.9318
2026-09-18 18:52:22.168 | INFO     | __main__:<module>:477 - METHOD epoch=286 views=2 awp_gamma=0.001 consistency_weight=0.5
2026-09-18 18:52:22.168 | INFO     | __main__:<module>:480 - the 286th epoch 
2026-09-18 18:52:23.329 | INFO     | __main__:<module>:492 - METHOD_BATCH epoch=286 step=0 adv_kd=0.004056568257510662 awp_gamma=0.001 awp_relative_norm_max=0.0010000001639127731 clean_ce=0.13301710784435272 clean_ce_term=0.006650855764746666 consistency_term=0.000673298432957381 consistency_weight=0.5 js_raw=0.013465968891978264 lr=0.002116554395384172 nat_kd=0.007383412215858698 pcgrad_conflicts=0 push=0.03889765590429306 push_term=0.001944882795214653 student_updates=1 teacher_ce=0.5204297602176666 teacher_lr=7.649361886781814e-07 teacher_margin=0.08959982544183731 teacher_margin_term=0.0008959982660599053 teacher_updates=1 temp_adv=1.1301109091108967 temp_nat=3.6228890908887994 temperature_updates=1 total_loss=0.02160501480102539 views=2
2026-09-18 18:54:19.179 | INFO     | __main__:<module>:492 - METHOD_BATCH epoch=286 step=100 adv_kd=0.004352484364062548 awp_gamma=0.001 awp_relative_norm_max=0.0010000001639127731 clean_ce=0.12493577599525452 clean_ce_term=0.006246788892894983 consistency_term=0.0008138989214785397 consistency_weight=0.5 js_raw=0.01627797819674015 lr=0.002116554395384172 nat_kd=0.006131999660283327 pcgrad_conflicts=0 push=0.03271430358290672 push_term=0.0016357152489945292 student_updates=1 teacher_ce=0.5201030969619751 teacher_lr=7.649361886781814e-07 teacher_margin=0.08327856659889221 teacher_margin_term=0.0008327856194227934 teacher_updates=1 temp_adv=1.1301109091108967 temp_nat=3.6228890908887994 temperature_updates=1 total_loss=0.02001367323100567 views=2
2026-09-18 18:56:15.029 | INFO     | __main__:<module>:492 - METHOD_BATCH epoch=286 step=200 adv_kd=0.0044930907897651196 awp_gamma=0.001 awp_relative_norm_max=0.0010000001639127731 clean_ce=0.1268235445022583 clean_ce_term=0.0063411770388484 consistency_term=0.0009427671320736408 consistency_weight=0.5 js_raw=0.018855342641472816 lr=0.002116554395384172 nat_kd=0.005712473765015602 pcgrad_conflicts=0 push=0.039141617715358734 push_term=0.0019570807926356792 student_updates=1 teacher_ce=0.48992569744586945 teacher_lr=7.649361886781814e-07 teacher_margin=0.10063953697681427 teacher_margin_term=0.001006395323202014 teacher_updates=1 temp_adv=1.1301109091108967 temp_nat=3.6228890908887994 temperature_updates=1 total_loss=0.020452985540032387 views=2
2026-09-18 18:58:10.932 | INFO     | __main__:<module>:492 - METHOD_BATCH epoch=286 step=300 adv_kd=0.0041366638615727425 awp_gamma=0.001 awp_relative_norm_max=0.0010000001639127731 clean_ce=0.12155348062515259 clean_ce_term=0.006077674217522144 consistency_term=0.0007727646734565496 consistency_weight=0.5 js_raw=0.015455293469130993 lr=0.002116554395384172 nat_kd=0.006877273786813021 pcgrad_conflicts=0 push=0.03203625977039337 push_term=0.001601813011802733 student_updates=1 teacher_ce=0.5646579265594482 teacher_lr=7.649361886781814e-07 teacher_margin=0.08932092785835266 teacher_margin_term=0.0008932092459872365 teacher_updates=1 temp_adv=1.1301109091108967 temp_nat=3.6228890908887994 temperature_updates=1 total_loss=0.020359398797154427 views=2
2026-09-18 18:59:55.239 | INFO     | __main__:<module>:870 - TRAIN_EPOCH_RESOURCE epoch=286 seconds=453.07058903574944 peak_allocated_bytes=8125391360
2026-09-18 19:00:25.724 | INFO     | __main__:<module>:927 - student robust acc 0.5154, teacher robust acc 0.6939, nat teacher robust acc 0.4959
2026-09-18 19:00:32.095 | INFO     | __main__:<module>:1001 - student natural acc 0.9040, adv teacher natural acc 0.8802, nat teacher natural acc 0.9318
2026-09-18 19:00:32.096 | INFO     | __main__:<module>:477 - METHOD epoch=287 views=2 awp_gamma=0.001 consistency_weight=0.5
2026-09-18 19:00:32.096 | INFO     | __main__:<module>:480 - the 287th epoch 
2026-09-18 19:00:33.259 | INFO     | __main__:<module>:492 - METHOD_BATCH epoch=287 step=0 adv_kd=0.005190201569348574 awp_gamma=0.001 awp_relative_norm_max=0.0010000001639127731 clean_ce=0.13604384660720825 clean_ce_term=0.006802192889153957 consistency_term=0.0006320179090835154 consistency_weight=0.5 js_raw=0.012640357948839664 lr=0.001826571081769875 nat_kd=0.006058800034224987 pcgrad_conflicts=0 push=0.04074982553720474 push_term=0.0020374914165586233 student_updates=1 teacher_ce=0.50445356965065 teacher_lr=6.597468950262421e-07 teacher_margin=0.10150473564863205 teacher_margin_term=0.0010150473099201918 teacher_updates=1 temp_adv=1.1301109091108967 temp_nat=3.6228890908887994 temperature_updates=1 total_loss=0.021735752001404762 views=2
2026-09-18 19:02:29.113 | INFO     | __main__:<module>:492 - METHOD_BATCH epoch=287 step=100 adv_kd=0.004338892176747322 awp_gamma=0.001 awp_relative_norm_max=0.0010000001639127731 clean_ce=0.12522418797016144 clean_ce_term=0.006261209491640329 consistency_term=0.0006572484271600842 consistency_weight=0.5 js_raw=0.013144968077540398 lr=0.001826571081769875 nat_kd=0.005824468098580837 pcgrad_conflicts=0 push=0.028287097811698914 push_term=0.0014143548905849457 student_updates=1 teacher_ce=0.630706787109375 teacher_lr=6.597468950262421e-07 teacher_margin=0.06676070392131805 teacher_margin_term=0.000667607004288584 teacher_updates=1 temp_adv=1.1301109091108967 temp_nat=3.6228890908887994 temperature_updates=1 total_loss=0.01916378177702427 views=2
2026-09-18 19:04:24.909 | INFO     | __main__:<module>:492 - METHOD_BATCH epoch=287 step=200 adv_kd=0.0047973524779081345 awp_gamma=0.001 awp_relative_norm_max=0.0010000001639127731 clean_ce=0.1272968351840973 clean_ce_term=0.006364841945469379 consistency_term=0.0006982746417634189 consistency_weight=0.5 js_raw=0.013965493068099022 lr=0.001826571081769875 nat_kd=0.006004588678479195 pcgrad_conflicts=0 push=0.04086608439683914 push_term=0.002043304266408086 student_updates=1 teacher_ce=0.5329151749610901 teacher_lr=6.597468950262421e-07 teacher_margin=0.0990387424826622 teacher_margin_term=0.0009903874015435576 teacher_updates=1 temp_adv=1.1301109091108967 temp_nat=3.6228890908887994 temperature_updates=1 total_loss=0.020898746326565742 views=2
2026-09-18 19:06:20.896 | INFO     | __main__:<module>:492 - METHOD_BATCH epoch=287 step=300 adv_kd=0.004622430540621281 awp_gamma=0.001 awp_relative_norm_max=0.0010000001639127731 clean_ce=0.13131213188171387 clean_ce_term=0.006565606687217951 consistency_term=0.0005908305174671113 consistency_weight=0.5 js_raw=0.011816609650850296 lr=0.001826571081769875 nat_kd=0.00604401296004653 pcgrad_conflicts=0 push=0.028122643008828163 push_term=0.0014061322435736656 student_updates=1 teacher_ce=0.6014646291732788 teacher_lr=6.597468950262421e-07 teacher_margin=0.10647747665643692 teacher_margin_term=0.001064774813130498 teacher_updates=1 temp_adv=1.1301109091108967 temp_nat=3.6228890908887994 temperature_updates=1 total_loss=0.020293787121772766 views=2
2026-09-18 19:08:05.537 | INFO     | __main__:<module>:870 - TRAIN_EPOCH_RESOURCE epoch=287 seconds=453.4401298351586 peak_allocated_bytes=8127488512
2026-09-18 19:08:36.072 | INFO     | __main__:<module>:927 - student robust acc 0.5179, teacher robust acc 0.6904, nat teacher robust acc 0.4988
2026-09-18 19:08:42.681 | INFO     | __main__:<module>:1001 - student natural acc 0.9043, adv teacher natural acc 0.8794, nat teacher natural acc 0.9318
2026-09-18 19:08:42.683 | INFO     | __main__:<module>:477 - METHOD epoch=288 views=2 awp_gamma=0.001 consistency_weight=0.5
2026-09-18 19:08:42.683 | INFO     | __main__:<module>:480 - the 288th epoch 
2026-09-18 19:08:43.848 | INFO     | __main__:<module>:492 - METHOD_BATCH epoch=288 step=0 adv_kd=0.004365500062704086 awp_gamma=0.001 awp_relative_norm_max=0.0010000001639127731 clean_ce=0.12923972308635712 clean_ce_term=0.006461986340582371 consistency_term=0.0008355529862456024 consistency_weight=0.5 js_raw=0.01671105995774269 lr=0.001557602445950919 nat_kd=0.006514263339340687 pcgrad_conflicts=0 push=0.030579756945371628 push_term=0.0015289878938347101 student_updates=1 teacher_ce=0.6565298438072205 teacher_lr=5.622935115671804e-07 teacher_margin=0.06234321370720863 teacher_margin_term=0.0006234321044757962 teacher_updates=1 temp_adv=1.1301109091108967 temp_nat=3.6228890908887994 temperature_updates=1 total_loss=0.02032972313463688 views=2
2026-09-18 19:10:39.665 | INFO     | __main__:<module>:492 - METHOD_BATCH epoch=288 step=100 adv_kd=0.00474855350330472 awp_gamma=0.001 awp_relative_norm_max=0.001000000280328095 clean_ce=0.13697078824043274 clean_ce_term=0.006848539691418409 consistency_term=0.0012951480457559228 consistency_weight=0.5 js_raw=0.02590296044945717 lr=0.001557602445950919 nat_kd=0.0078028785064816475 pcgrad_conflicts=0 push=0.0480479970574379 push_term=0.0024023998994380236 student_updates=1 teacher_ce=0.6343398094177246 teacher_lr=5.622935115671804e-07 teacher_margin=0.10533583909273148 teacher_margin_term=0.0010533584281802177 teacher_updates=1 temp_adv=1.1301109091108967 temp_nat=3.6228890908887994 temperature_updates=1 total_loss=0.024150876328349113 views=2
2026-09-18 19:12:35.523 | INFO     | __main__:<module>:492 - METHOD_BATCH epoch=288 step=200 adv_kd=0.00479237362742424 awp_gamma=0.001 awp_relative_norm_max=0.0010000001639127731 clean_ce=0.13426634669303894 clean_ce_term=0.006713317707180977 consistency_term=0.0009004736202768981 consistency_weight=0.5 js_raw=0.018009472638368607 lr=0.001557602445950919 nat_kd=0.006021811626851559 pcgrad_conflicts=0 push=0.0395316481590271 push_term=0.0019765824545174837 student_updates=1 teacher_ce=0.6153506338596344 teacher_lr=5.622935115671804e-07 teacher_margin=0.10016398131847382 teacher_margin_term=0.0010016397573053837 teacher_updates=1 temp_adv=1.1301109091108967 temp_nat=3.6228890908887994 temperature_updates=1 total_loss=0.021406199783086777 views=2
2026-09-18 19:14:31.354 | INFO     | __main__:<module>:492 - METHOD_BATCH epoch=288 step=300 adv_kd=0.004121654201298952 awp_gamma=0.001 awp_relative_norm_max=0.0010000001639127731 clean_ce=0.12975692749023438 clean_ce_term=0.006487846374511719 consistency_term=0.0006776435766369104 consistency_weight=0.5 js_raw=0.013552871532738209 lr=0.001557602445950919 nat_kd=0.005630188621580601 pcgrad_conflicts=0 push=0.03839914873242378 push_term=0.0019199575763195753 student_updates=1 teacher_ce=0.5129679441452026 teacher_lr=5.622935115671804e-07 teacher_margin=0.07063362002372742 teacher_margin_term=0.0007063362281769514 teacher_updates=1 temp_adv=1.1301109091108967 temp_nat=3.6228890908887994 temperature_updates=1 total_loss=0.01954362727701664 views=2
2026-09-18 19:16:15.362 | INFO     | __main__:<module>:870 - TRAIN_EPOCH_RESOURCE epoch=288 seconds=452.67811881005764 peak_allocated_bytes=8125391360
2026-09-18 19:16:45.678 | INFO     | __main__:<module>:927 - student robust acc 0.5150, teacher robust acc 0.6964, nat teacher robust acc 0.4958
2026-09-18 19:16:52.100 | INFO     | __main__:<module>:1001 - student natural acc 0.9041, adv teacher natural acc 0.8788, nat teacher natural acc 0.9318
2026-09-18 19:16:52.102 | INFO     | __main__:<module>:477 - METHOD epoch=289 views=2 awp_gamma=0.001 consistency_weight=0.5
2026-09-18 19:16:52.102 | INFO     | __main__:<module>:480 - the 289th epoch 
2026-09-18 19:16:53.267 | INFO     | __main__:<module>:492 - METHOD_BATCH epoch=289 step=0 adv_kd=0.0041341036558151245 awp_gamma=0.001 awp_relative_norm_max=0.0010000001639127731 clean_ce=0.12109170854091644 clean_ce_term=0.006054585799574852 consistency_term=0.000758367998059839 consistency_weight=0.5 js_raw=0.015167360194027424 lr=0.0013097593786767722 nat_kd=0.006593755446374416 pcgrad_conflicts=0 push=0.041727617383003235 push_term=0.002086380962282419 student_updates=1 teacher_ce=0.593084841966629 teacher_lr=4.725897498303343e-07 teacher_margin=0.06649370491504669 teacher_margin_term=0.0006649370770901442 teacher_updates=1 temp_adv=1.1301109091108967 temp_nat=3.6228890908887994 temperature_updates=1 total_loss=0.02029213309288025 views=2
2026-09-18 19:18:49.094 | INFO     | __main__:<module>:492 - METHOD_BATCH epoch=289 step=100 adv_kd=0.0038624643348157406 awp_gamma=0.001 awp_relative_norm_max=0.0010000001639127731 clean_ce=0.12770038843154907 clean_ce_term=0.006385019980370998 consistency_term=0.000696669623721391 consistency_weight=0.5 js_raw=0.013933392241597176 lr=0.0013097593786767722 nat_kd=0.007483614142984152 pcgrad_conflicts=0 push=0.04098433628678322 push_term=0.002049217000603676 student_updates=1 teacher_ce=0.5184957385063171 teacher_lr=4.725897498303343e-07 teacher_margin=0.06942888349294662 teacher_margin_term=0.0006942888139747083 teacher_updates=1 temp_adv=1.1301109091108967 temp_nat=3.6228890908887994 temperature_updates=1 total_loss=0.02117127552628517 views=2
2026-09-18 19:20:45.037 | INFO     | __main__:<module>:492 - METHOD_BATCH epoch=289 step=200 adv_kd=0.004071852192282677 awp_gamma=0.001 awp_relative_norm_max=0.0010000001639127731 clean_ce=0.13223183155059814 clean_ce_term=0.006611592136323452 consistency_term=0.0005117858527228236 consistency_weight=0.5 js_raw=0.010235716588795185 lr=0.0013097593786767722 nat_kd=0.006810604594647884 pcgrad_conflicts=0 push=0.04057322070002556 push_term=0.0020286610815674067 student_updates=1 teacher_ce=0.4099828153848648 teacher_lr=4.725897498303343e-07 teacher_margin=0.09268399327993393 teacher_margin_term=0.0009268399444408715 teacher_updates=1 temp_adv=1.1301109091108967 temp_nat=3.6228890908887994 temperature_updates=1 total_loss=0.0209613349288702 views=2
2026-09-18 19:22:40.993 | INFO     | __main__:<module>:492 - METHOD_BATCH epoch=289 step=300 adv_kd=0.004794992506504059 awp_gamma=0.001 awp_relative_norm_max=0.0010000001639127731 clean_ce=0.12767522037029266 clean_ce_term=0.006383760832250118 consistency_term=0.0006129255634732544 consistency_weight=0.5 js_raw=0.012258511036634445 lr=0.0013097593786767722 nat_kd=0.00576051464304328 pcgrad_conflicts=0 push=0.03636020049452782 push_term=0.0018180101178586483 student_updates=1 teacher_ce=0.6099400818347931 teacher_lr=4.725897498303343e-07 teacher_margin=0.08449070155620575 teacher_margin_term=0.0008449070155620575 teacher_updates=1 temp_adv=1.1301109091108967 temp_nat=3.6228890908887994 temperature_updates=1 total_loss=0.0202151108533144 views=2
2026-09-18 19:24:25.000 | INFO     | __main__:<module>:870 - TRAIN_EPOCH_RESOURCE epoch=289 seconds=452.89706856012344 peak_allocated_bytes=8127488512
2026-09-18 19:24:55.334 | INFO     | __main__:<module>:927 - student robust acc 0.5160, teacher robust acc 0.6945, nat teacher robust acc 0.4920
2026-09-18 19:25:01.688 | INFO     | __main__:<module>:1001 - student natural acc 0.9036, adv teacher natural acc 0.8792, nat teacher natural acc 0.9318
2026-09-18 19:25:01.690 | INFO     | __main__:<module>:477 - METHOD epoch=290 views=2 awp_gamma=0.001 consistency_weight=0.5
2026-09-18 19:25:01.690 | INFO     | __main__:<module>:480 - the 290th epoch 
2026-09-18 19:25:02.854 | INFO     | __main__:<module>:492 - METHOD_BATCH epoch=290 step=0 adv_kd=0.0036620055325329304 awp_gamma=0.001 awp_relative_norm_max=0.0010000001639127731 clean_ce=0.12054774165153503 clean_ce_term=0.0060273874551057816 consistency_term=0.0005595569382421672 consistency_weight=0.5 js_raw=0.011191138066351414 lr=0.0010831433651830678 nat_kd=0.0060036624781787395 pcgrad_conflicts=0 push=0.03001425415277481 push_term=0.0015007127076387405 student_updates=1 teacher_ce=0.4815550446510315 teacher_lr=3.90648080702743e-07 teacher_margin=0.06268416345119476 teacher_margin_term=0.0006268415600061417 teacher_updates=1 temp_adv=1.1301109091108967 temp_nat=3.6228890908887994 temperature_updates=1 total_loss=0.018380166962742805 views=2
2026-09-18 19:26:58.645 | INFO     | __main__:<module>:492 - METHOD_BATCH epoch=290 step=100 adv_kd=0.0036643794737756252 awp_gamma=0.001 awp_relative_norm_max=0.0010000001639127731 clean_ce=0.12413428723812103 clean_ce_term=0.0062067145481705666 consistency_term=0.0006484123296104372 consistency_weight=0.5 js_raw=0.012968245893716812 lr=0.0010831433651830678 nat_kd=0.006818840745836496 pcgrad_conflicts=0 push=0.04267049580812454 push_term=0.0021335247438400984 student_updates=1 teacher_ce=0.38574689626693726 teacher_lr=3.90648080702743e-07 teacher_margin=0.08251988142728806 teacher_margin_term=0.000825198832899332 teacher_updates=1 temp_adv=1.1301109091108967 temp_nat=3.6228890908887994 temperature_updates=1 total_loss=0.02029707096517086 views=2
2026-09-18 19:28:54.718 | INFO     | __main__:<module>:492 - METHOD_BATCH epoch=290 step=200 adv_kd=0.0038739091251045465 awp_gamma=0.001 awp_relative_norm_max=0.0010000001639127731 clean_ce=0.12770922482013702 clean_ce_term=0.006385461427271366 consistency_term=0.0006815295782871544 consistency_weight=0.5 js_raw=0.013630591332912445 lr=0.0010831433651830678 nat_kd=0.006461746990680695 pcgrad_conflicts=0 push=0.035718679428100586 push_term=0.0017859340878203511 student_updates=1 teacher_ce=0.548882007598877 teacher_lr=3.90648080702743e-07 teacher_margin=0.07926195859909058 teacher_margin_term=0.000792619539424777 teacher_updates=1 temp_adv=1.1301109091108967 temp_nat=3.6228890908887994 temperature_updates=1 total_loss=0.019981199875473976 views=2
2026-09-18 19:30:50.551 | INFO     | __main__:<module>:492 - METHOD_BATCH epoch=290 step=300 adv_kd=0.004160963464528322 awp_gamma=0.001 awp_relative_norm_max=0.0010000001639127731 clean_ce=0.1370861530303955 clean_ce_term=0.00685430783778429 consistency_term=0.001026006881147623 consistency_weight=0.5 js_raw=0.02052013762295246 lr=0.0010831433651830678 nat_kd=0.007114628329873085 pcgrad_conflicts=0 push=0.045380353927612305 push_term=0.0022690175101161003 student_updates=1 teacher_ce=0.467795193195343 teacher_lr=3.90648080702743e-07 teacher_margin=0.08325053006410599 teacher_margin_term=0.0008325052913278341 teacher_updates=1 temp_adv=1.1301109091108967 temp_nat=3.6228890908887994 temperature_updates=1 total_loss=0.022257426753640175 views=2
2026-09-18 19:32:34.614 | INFO     | __main__:<module>:870 - TRAIN_EPOCH_RESOURCE epoch=290 seconds=452.92316054180264 peak_allocated_bytes=8125391360
2026-09-18 19:33:05.001 | INFO     | __main__:<module>:927 - student robust acc 0.5150, teacher robust acc 0.6950, nat teacher robust acc 0.4895
2026-09-18 19:33:11.411 | INFO     | __main__:<module>:1001 - student natural acc 0.9038, adv teacher natural acc 0.8771, nat teacher natural acc 0.9318
2026-09-18 19:33:11.412 | INFO     | __main__:<module>:477 - METHOD epoch=291 views=2 awp_gamma=0.001 consistency_weight=0.5
2026-09-18 19:33:11.412 | INFO     | __main__:<module>:480 - the 291th epoch 
2026-09-18 19:33:12.581 | INFO     | __main__:<module>:492 - METHOD_BATCH epoch=291 step=0 adv_kd=0.004155410919338465 awp_gamma=0.001 awp_relative_norm_max=0.0010000001639127731 clean_ce=0.1219896599650383 clean_ce_term=0.006099482998251915 consistency_term=0.000888208334799856 consistency_weight=0.5 js_raw=0.017764165997505188 lr=0.0008778464423593912 nat_kd=0.005237207747995853 pcgrad_conflicts=0 push=0.028330083936452866 push_term=0.0014165041502565145 student_updates=1 teacher_ce=0.570769727230072 teacher_lr=3.1647973262084605e-07 teacher_margin=0.08599431812763214 teacher_margin_term=0.0008599431603215635 teacher_updates=1 temp_adv=1.1301109091108967 temp_nat=3.6228890908887994 temperature_updates=1 total_loss=0.018656758591532707 views=2
2026-09-18 19:35:08.563 | INFO     | __main__:<module>:492 - METHOD_BATCH epoch=291 step=100 adv_kd=0.004210914950817823 awp_gamma=0.001 awp_relative_norm_max=0.0010000001639127731 clean_ce=0.12010984122753143 clean_ce_term=0.006005492061376572 consistency_term=0.0006092066178098321 consistency_weight=0.5 js_raw=0.012184131890535355 lr=0.0008778464423593912 nat_kd=0.005069633945822716 pcgrad_conflicts=0 push=0.03564584255218506 push_term=0.0017822921508923173 student_updates=1 teacher_ce=0.5390693545341492 teacher_lr=3.1647973262084605e-07 teacher_margin=0.07034014910459518 teacher_margin_term=0.0007034014561213553 teacher_updates=1 temp_adv=1.1301109091108967 temp_nat=3.6228890908887994 temperature_updates=1 total_loss=0.018380939960479736 views=2
2026-09-18 19:37:04.421 | INFO     | __main__:<module>:492 - METHOD_BATCH epoch=291 step=200 adv_kd=0.004872521851211786 awp_gamma=0.001 awp_relative_norm_max=0.0010000001639127731 clean_ce=0.1332584023475647 clean_ce_term=0.006662920583039522 consistency_term=0.0009062875178642571 consistency_weight=0.5 js_raw=0.0181257501244545 lr=0.0008778464423593912 nat_kd=0.006014278624206781 pcgrad_conflicts=0 push=0.03881093114614487 push_term=0.0019405465573072433 student_updates=1 teacher_ce=0.5949914157390594 teacher_lr=3.1647973262084605e-07 teacher_margin=0.10381028056144714 teacher_margin_term=0.001038102782331407 teacher_updates=1 temp_adv=1.1301109091108967 temp_nat=3.6228890908887994 temperature_updates=1 total_loss=0.021434655413031578 views=2
2026-09-18 19:39:00.451 | INFO     | __main__:<module>:492 - METHOD_BATCH epoch=291 step=300 adv_kd=0.0047059813514351845 awp_gamma=0.001 awp_relative_norm_max=0.0010000001639127731 clean_ce=0.12707611918449402 clean_ce_term=0.006353805772960186 consistency_term=0.0008671830291859806 consistency_weight=0.5 js_raw=0.017343660816550255 lr=0.0008778464423593912 nat_kd=0.005721172317862511 pcgrad_conflicts=0 push=0.03531448543071747 push_term=0.0017657242715358734 student_updates=1 teacher_ce=0.5989909470081329 teacher_lr=3.1647973262084605e-07 teacher_margin=0.09203726053237915 teacher_margin_term=0.0009203726076520979 teacher_updates=1 temp_adv=1.1301109091108967 temp_nat=3.6228890908887994 temperature_updates=1 total_loss=0.020334238186478615 views=2
2026-09-18 19:40:44.550 | INFO     | __main__:<module>:870 - TRAIN_EPOCH_RESOURCE epoch=291 seconds=453.1368942707777 peak_allocated_bytes=8127488512
2026-09-18 19:41:14.922 | INFO     | __main__:<module>:927 - student robust acc 0.5154, teacher robust acc 0.6969, nat teacher robust acc 0.4915
2026-09-18 19:41:21.607 | INFO     | __main__:<module>:1001 - student natural acc 0.9033, adv teacher natural acc 0.8794, nat teacher natural acc 0.9318
2026-09-18 19:41:21.609 | INFO     | __main__:<module>:477 - METHOD epoch=292 views=2 awp_gamma=0.001 consistency_weight=0.5
2026-09-18 19:41:21.609 | INFO     | __main__:<module>:480 - the 292th epoch 
2026-09-18 19:41:22.771 | INFO     | __main__:<module>:492 - METHOD_BATCH epoch=292 step=0 adv_kd=0.0040421634912490845 awp_gamma=0.001 awp_relative_norm_max=0.0010000001639127731 clean_ce=0.12205522507429123 clean_ce_term=0.0061027612537145615 consistency_term=0.0005342322401702404 consistency_weight=0.5 js_raw=0.010684644803404808 lr=0.0006939511601469648 nat_kd=0.005357369314879179 pcgrad_conflicts=0 push=0.03921273723244667 push_term=0.001960636815056205 student_updates=1 teacher_ce=0.5381704866886139 teacher_lr=2.500946899621933e-07 teacher_margin=0.064521923661232 teacher_margin_term=0.0006452192319557071 teacher_updates=1 temp_adv=1.1301109091108967 temp_nat=3.6228890908887994 temperature_updates=1 total_loss=0.018642382696270943 views=2
2026-09-18 19:43:18.827 | INFO     | __main__:<module>:492 - METHOD_BATCH epoch=292 step=100 adv_kd=0.00492642167955637 awp_gamma=0.001 awp_relative_norm_max=0.0010000001639127731 clean_ce=0.12246713042259216 clean_ce_term=0.006123356521129608 consistency_term=0.0005346682737581432 consistency_weight=0.5 js_raw=0.010693365707993507 lr=0.0006939511601469648 nat_kd=0.0061334241181612015 pcgrad_conflicts=0 push=0.03331432491540909 push_term=0.0016657162923365831 student_updates=1 teacher_ce=0.5699320137500763 teacher_lr=2.500946899621933e-07 teacher_margin=0.08565688878297806 teacher_margin_term=0.0008565688622184098 teacher_updates=1 temp_adv=1.1301109091108967 temp_nat=3.6228890908887994 temperature_updates=1 total_loss=0.02024015784263611 views=2
2026-09-18 19:45:14.823 | INFO     | __main__:<module>:492 - METHOD_BATCH epoch=292 step=200 adv_kd=0.004196852445602417 awp_gamma=0.001 awp_relative_norm_max=0.0010000001639127731 clean_ce=0.1264258325099945 clean_ce_term=0.006321292370557785 consistency_term=0.0007668141042813659 consistency_weight=0.5 js_raw=0.01533628161996603 lr=0.0006939511601469648 nat_kd=0.005505609326064587 pcgrad_conflicts=0 push=0.03728694096207619 push_term=0.0018643471412360668 student_updates=1 teacher_ce=0.466030091047287 teacher_lr=2.500946899621933e-07 teacher_margin=0.08457662910223007 teacher_margin_term=0.0008457662770524621 teacher_updates=1 temp_adv=1.1301109091108967 temp_nat=3.6228890908887994 temperature_updates=1 total_loss=0.01950068213045597 views=2
2026-09-18 19:47:10.733 | INFO     | __main__:<module>:492 - METHOD_BATCH epoch=292 step=300 adv_kd=0.004193711094558239 awp_gamma=0.001 awp_relative_norm_max=0.0010000001639127731 clean_ce=0.11398929357528687 clean_ce_term=0.005699465051293373 consistency_term=0.0005122196162119508 consistency_weight=0.5 js_raw=0.010244391858577728 lr=0.0006939511601469648 nat_kd=0.004609980154782534 pcgrad_conflicts=0 push=0.035015638917684555 push_term=0.0017507820157334208 student_updates=1 teacher_ce=0.4801195114850998 teacher_lr=2.500946899621933e-07 teacher_margin=0.10711151361465454 teacher_margin_term=0.0010711151408031583 teacher_updates=1 temp_adv=1.1301109091108967 temp_nat=3.6228890908887994 temperature_updates=1 total_loss=0.017837272956967354 views=2
2026-09-18 19:48:54.896 | INFO     | __main__:<module>:870 - TRAIN_EPOCH_RESOURCE epoch=292 seconds=453.28665617853403 peak_allocated_bytes=8125391360
2026-09-18 19:49:25.383 | INFO     | __main__:<module>:927 - student robust acc 0.5151, teacher robust acc 0.6956, nat teacher robust acc 0.4897
2026-09-18 19:49:31.767 | INFO     | __main__:<module>:1001 - student natural acc 0.9036, adv teacher natural acc 0.8790, nat teacher natural acc 0.9318
2026-09-18 19:49:31.768 | INFO     | __main__:<module>:477 - METHOD epoch=293 views=2 awp_gamma=0.001 consistency_weight=0.5
2026-09-18 19:49:31.769 | INFO     | __main__:<module>:480 - the 293th epoch 
2026-09-18 19:49:32.932 | INFO     | __main__:<module>:492 - METHOD_BATCH epoch=293 step=0 adv_kd=0.004871957469731569 awp_gamma=0.001 awp_relative_norm_max=0.0010000001639127731 clean_ce=0.13878853619098663 clean_ce_term=0.006939426995813847 consistency_term=0.000811512116342783 consistency_weight=0.5 js_raw=0.01623024232685566 lr=0.000531530547182537 nat_kd=0.006966487504541874 pcgrad_conflicts=0 push=0.03174961358308792 push_term=0.0015874807722866535 student_updates=1 teacher_ce=0.7363506555557251 teacher_lr=1.915016916374189e-07 teacher_margin=0.08312230557203293 teacher_margin_term=0.0008312230347655714 teacher_updates=1 temp_adv=1.1301109091108967 temp_nat=3.6228890908887994 temperature_updates=1 total_loss=0.02200808748602867 views=2
2026-09-18 19:51:28.789 | INFO     | __main__:<module>:492 - METHOD_BATCH epoch=293 step=100 adv_kd=0.0041808150708675385 awp_gamma=0.001 awp_relative_norm_max=0.0010000001639127731 clean_ce=0.1383032202720642 clean_ce_term=0.00691516138613224 consistency_term=0.000546882685739547 consistency_weight=0.5 js_raw=0.010937653481960297 lr=0.000531530547182537 nat_kd=0.0056780073791742325 pcgrad_conflicts=0 push=0.037400878965854645 push_term=0.0018700440414249897 student_updates=1 teacher_ce=0.590175598859787 teacher_lr=1.915016916374189e-07 teacher_margin=0.06283210963010788 teacher_margin_term=0.0006283210823312402 teacher_updates=1 temp_adv=1.1301109091108967 temp_nat=3.6228890908887994 temperature_updates=1 total_loss=0.0198192298412323 views=2
2026-09-18 19:53:24.658 | INFO     | __main__:<module>:492 - METHOD_BATCH epoch=293 step=200 adv_kd=0.004352393560111523 awp_gamma=0.001 awp_relative_norm_max=0.0010000001639127731 clean_ce=0.11964811384677887 clean_ce_term=0.0059824055060744286 consistency_term=0.0005239878664724529 consistency_weight=0.5 js_raw=0.010479757562279701 lr=0.000531530547182537 nat_kd=0.005747154820710421 pcgrad_conflicts=0 push=0.037873774766922 push_term=0.0018936889246106148 student_updates=1 teacher_ce=0.5976794362068176 teacher_lr=1.915016916374189e-07 teacher_margin=0.08311343193054199 teacher_margin_term=0.0008311343844980001 teacher_updates=1 temp_adv=1.1301109091108967 temp_nat=3.6228890908887994 temperature_updates=1 total_loss=0.019330766052007675 views=2
2026-09-18 19:55:21.010 | INFO     | __main__:<module>:492 - METHOD_BATCH epoch=293 step=300 adv_kd=0.004489361308515072 awp_gamma=0.001 awp_relative_norm_max=0.0010000001639127731 clean_ce=0.11923033744096756 clean_ce_term=0.005961516872048378 consistency_term=0.0010435145813971758 consistency_weight=0.5 js_raw=0.02087029069662094 lr=0.000531530547182537 nat_kd=0.005364525131881237 pcgrad_conflicts=0 push=0.03839743509888649 push_term=0.0019198717782273889 student_updates=1 teacher_ce=0.573285698890686 teacher_lr=1.915016916374189e-07 teacher_margin=0.10285088419914246 teacher_margin_term=0.0010285087628290057 teacher_updates=1 temp_adv=1.1301109091108967 temp_nat=3.6228890908887994 temperature_updates=1 total_loss=0.019807299599051476 views=2
2026-09-18 19:57:05.406 | INFO     | __main__:<module>:870 - TRAIN_EPOCH_RESOURCE epoch=293 seconds=453.6371031664312 peak_allocated_bytes=8127488512
2026-09-18 19:57:36.127 | INFO     | __main__:<module>:927 - student robust acc 0.5159, teacher robust acc 0.6953, nat teacher robust acc 0.4851
2026-09-18 19:57:42.784 | INFO     | __main__:<module>:1001 - student natural acc 0.9033, adv teacher natural acc 0.8804, nat teacher natural acc 0.9318
2026-09-18 19:57:42.786 | INFO     | __main__:<module>:477 - METHOD epoch=294 views=2 awp_gamma=0.001 consistency_weight=0.5
2026-09-18 19:57:42.786 | INFO     | __main__:<module>:480 - the 294th epoch 
2026-09-18 19:57:43.949 | INFO     | __main__:<module>:492 - METHOD_BATCH epoch=294 step=0 adv_kd=0.004053900949656963 awp_gamma=0.001 awp_relative_norm_max=0.0010000001639127731 clean_ce=0.13007859885692596 clean_ce_term=0.006503930315375328 consistency_term=0.0006404386949725449 consistency_weight=0.5 js_raw=0.012808773666620255 lr=0.000390648080702743 nat_kd=0.006286424584686756 pcgrad_conflicts=0 push=0.034559912979602814 push_term=0.0017279956955462694 student_updates=1 teacher_ce=0.47516748309135437 teacher_lr=1.407082298827474e-07 teacher_margin=0.083108089864254 teacher_margin_term=0.0008310808916576207 teacher_updates=1 temp_adv=1.1301109091108967 temp_nat=3.6228890908887994 temperature_updates=1 total_loss=0.02004377171397209 views=2
2026-09-18 19:59:39.854 | INFO     | __main__:<module>:492 - METHOD_BATCH epoch=294 step=100 adv_kd=0.0039590103551745415 awp_gamma=0.001 awp_relative_norm_max=0.0010000001639127731 clean_ce=0.1193249449133873 clean_ce_term=0.005966247525066137 consistency_term=0.0005973480292595923 consistency_weight=0.5 js_raw=0.011946960352361202 lr=0.000390648080702743 nat_kd=0.0055382433347404 pcgrad_conflicts=0 push=0.037154704332351685 push_term=0.0018577352166175842 student_updates=1 teacher_ce=0.5267574787139893 teacher_lr=1.407082298827474e-07 teacher_margin=0.057105548679828644 teacher_margin_term=0.0005710554542019963 teacher_updates=1 temp_adv=1.1301109091108967 temp_nat=3.6228890908887994 temperature_updates=1 total_loss=0.018489638343453407 views=2
2026-09-18 20:01:35.699 | INFO     | __main__:<module>:492 - METHOD_BATCH epoch=294 step=200 adv_kd=0.00474338885396719 awp_gamma=0.001 awp_relative_norm_max=0.0010000001639127731 clean_ce=0.14333608746528625 clean_ce_term=0.007166804745793343 consistency_term=0.0006828694022260606 consistency_weight=0.5 js_raw=0.013657387346029282 lr=0.000390648080702743 nat_kd=0.00577836949378252 pcgrad_conflicts=0 push=0.04424092546105385 push_term=0.0022120464127510786 student_updates=1 teacher_ce=0.5730329155921936 teacher_lr=1.407082298827474e-07 teacher_margin=0.09833389520645142 teacher_margin_term=0.000983338919468224 teacher_updates=1 temp_adv=1.1301109091108967 temp_nat=3.6228890908887994 temperature_updates=1 total_loss=0.02156681753695011 views=2
2026-09-18 20:03:31.714 | INFO     | __main__:<module>:492 - METHOD_BATCH epoch=294 step=300 adv_kd=0.004033269360661507 awp_gamma=0.001 awp_relative_norm_max=0.0010000001639127731 clean_ce=0.1325100213289261 clean_ce_term=0.006625500973314047 consistency_term=0.0006828049081377685 consistency_weight=0.5 js_raw=0.013656098395586014 lr=0.000390648080702743 nat_kd=0.006633224431425333 pcgrad_conflicts=0 push=0.036791589111089706 push_term=0.001839579432271421 student_updates=1 teacher_ce=0.5250352025032043 teacher_lr=1.407082298827474e-07 teacher_margin=0.08564400672912598 teacher_margin_term=0.0008564400486648083 teacher_updates=1 temp_adv=1.1301109091108967 temp_nat=3.6228890908887994 temperature_updates=1 total_loss=0.02067081816494465 views=2
2026-09-18 20:05:15.888 | INFO     | __main__:<module>:870 - TRAIN_EPOCH_RESOURCE epoch=294 seconds=453.1017971150577 peak_allocated_bytes=8125391360
2026-09-18 20:05:46.444 | INFO     | __main__:<module>:927 - student robust acc 0.5145, teacher robust acc 0.6953, nat teacher robust acc 0.4885
2026-09-18 20:05:53.044 | INFO     | __main__:<module>:1001 - student natural acc 0.9033, adv teacher natural acc 0.8793, nat teacher natural acc 0.9318
2026-09-18 20:05:53.046 | INFO     | __main__:<module>:477 - METHOD epoch=295 views=2 awp_gamma=0.001 consistency_weight=0.5
2026-09-18 20:05:53.046 | INFO     | __main__:<module>:480 - the 295th epoch 
2026-09-18 20:05:54.211 | INFO     | __main__:<module>:492 - METHOD_BATCH epoch=295 step=0 adv_kd=0.004997572861611843 awp_gamma=0.001 awp_relative_norm_max=0.0010000001639127731 clean_ce=0.12497508525848389 clean_ce_term=0.006248754449188709 consistency_term=0.001232980634085834 consistency_weight=0.5 js_raw=0.024659613147377968 lr=0.00027135766072145613 nat_kd=0.0058881063014268875 pcgrad_conflicts=0 push=0.0321725532412529 push_term=0.0016086276154965162 student_updates=1 teacher_ce=0.6412372589111328 teacher_lr=9.77205492530278e-08 teacher_margin=0.07327599823474884 teacher_margin_term=0.0007327599450945854 teacher_updates=1 temp_adv=1.1301109091108967 temp_nat=3.6228890908887994 temperature_updates=1 total_loss=0.020708801224827766 views=2
2026-09-18 20:07:50.128 | INFO     | __main__:<module>:492 - METHOD_BATCH epoch=295 step=100 adv_kd=0.0037386214826256037 awp_gamma=0.001 awp_relative_norm_max=0.0010000001639127731 clean_ce=0.1220119297504425 clean_ce_term=0.006100596860051155 consistency_term=0.0009045344777405262 consistency_weight=0.5 js_raw=0.018090689554810524 lr=0.00027135766072145613 nat_kd=0.005541406571865082 pcgrad_conflicts=0 push=0.03349148482084274 push_term=0.0016745743341743946 student_updates=1 teacher_ce=0.4990639090538025 teacher_lr=9.77205492530278e-08 teacher_margin=0.06569722294807434 teacher_margin_term=0.0006569722318090498 teacher_updates=1 temp_adv=1.1301109091108967 temp_nat=3.6228890908887994 temperature_updates=1 total_loss=0.018616706132888794 views=2
2026-09-18 20:09:46.074 | INFO     | __main__:<module>:492 - METHOD_BATCH epoch=295 step=200 adv_kd=0.004209559876471758 awp_gamma=0.001 awp_relative_norm_max=0.0010000001639127731 clean_ce=0.1335403323173523 clean_ce_term=0.006677016615867615 consistency_term=0.0006311206379905343 consistency_weight=0.5 js_raw=0.012622412294149399 lr=0.00027135766072145613 nat_kd=0.007083793170750141 pcgrad_conflicts=0 push=0.0431709885597229 push_term=0.0021585493814200163 student_updates=1 teacher_ce=0.47767049074172974 teacher_lr=9.77205492530278e-08 teacher_margin=0.07893527299165726 teacher_margin_term=0.0007893526926636696 teacher_updates=1 temp_adv=1.1301109091108967 temp_nat=3.6228890908887994 temperature_updates=1 total_loss=0.021549392491579056 views=2
2026-09-18 20:11:42.134 | INFO     | __main__:<module>:492 - METHOD_BATCH epoch=295 step=300 adv_kd=0.00501610990613699 awp_gamma=0.001 awp_relative_norm_max=0.0010000001639127731 clean_ce=0.12832006812095642 clean_ce_term=0.006416003219783306 consistency_term=0.0009490340016782284 consistency_weight=0.5 js_raw=0.018980680033564568 lr=0.00027135766072145613 nat_kd=0.005809340626001358 pcgrad_conflicts=0 push=0.041149452328681946 push_term=0.0020574727095663548 student_updates=1 teacher_ce=0.6104762256145477 teacher_lr=9.77205492530278e-08 teacher_margin=0.09550394862890244 teacher_margin_term=0.0009550394024699926 teacher_updates=1 temp_adv=1.1301109091108967 temp_nat=3.6228890908887994 temperature_updates=1 total_loss=0.021203000098466873 views=2
2026-09-18 20:13:26.246 | INFO     | __main__:<module>:870 - TRAIN_EPOCH_RESOURCE epoch=295 seconds=453.1997226551175 peak_allocated_bytes=8127488512
2026-09-18 20:13:57.156 | INFO     | __main__:<module>:927 - student robust acc 0.5141, teacher robust acc 0.6952, nat teacher robust acc 0.4874
2026-09-18 20:14:03.605 | INFO     | __main__:<module>:1001 - student natural acc 0.9035, adv teacher natural acc 0.8788, nat teacher natural acc 0.9318
2026-09-18 20:14:03.606 | INFO     | __main__:<module>:477 - METHOD epoch=296 views=2 awp_gamma=0.001 consistency_weight=0.5
2026-09-18 20:14:03.607 | INFO     | __main__:<module>:480 - the 296th epoch 
2026-09-18 20:14:04.774 | INFO     | __main__:<module>:492 - METHOD_BATCH epoch=296 step=0 adv_kd=0.00451209582388401 awp_gamma=0.001 awp_relative_norm_max=0.0010000001639127731 clean_ce=0.13465671241283417 clean_ce_term=0.0067328354343771935 consistency_term=0.0009205242968164384 consistency_weight=0.5 js_raw=0.018410485237836838 lr=0.00017370358849060823 nat_kd=0.00536290742456913 pcgrad_conflicts=0 push=0.03830745071172714 push_term=0.0019153724424540997 student_updates=1 teacher_ce=0.608284056186676 teacher_lr=6.254364581557131e-08 teacher_margin=0.0989891067147255 teacher_margin_term=0.0009898910066112876 teacher_updates=1 temp_adv=1.1301109091108967 temp_nat=3.6228890908887994 temperature_updates=1 total_loss=0.02043362520635128 views=2
2026-09-18 20:16:01.064 | INFO     | __main__:<module>:492 - METHOD_BATCH epoch=296 step=100 adv_kd=0.0047807637602090836 awp_gamma=0.001 awp_relative_norm_max=0.0010000001639127731 clean_ce=0.12155958265066147 clean_ce_term=0.006077979225665331 consistency_term=0.0009357385570183396 consistency_weight=0.5 js_raw=0.018714770674705505 lr=0.00017370358849060823 nat_kd=0.006409979425370693 pcgrad_conflicts=0 push=0.03361261636018753 push_term=0.0016806309577077627 student_updates=1 teacher_ce=0.5857129395008087 teacher_lr=6.254364581557131e-08 teacher_margin=0.09421202540397644 teacher_margin_term=0.0009421202121302485 teacher_updates=1 temp_adv=1.1301109091108967 temp_nat=3.6228890908887994 temperature_updates=1 total_loss=0.020827213302254677 views=2
2026-09-18 20:17:57.382 | INFO     | __main__:<module>:492 - METHOD_BATCH epoch=296 step=200 adv_kd=0.004536373540759087 awp_gamma=0.001 awp_relative_norm_max=0.0010000001639127731 clean_ce=0.13930410146713257 clean_ce_term=0.006965205073356628 consistency_term=0.0008223075419664383 consistency_weight=0.5 js_raw=0.016446150839328766 lr=0.00017370358849060823 nat_kd=0.005383281037211418 pcgrad_conflicts=0 push=0.03240608796477318 push_term=0.001620304537937045 student_updates=1 teacher_ce=0.506913885474205 teacher_lr=6.254364581557131e-08 teacher_margin=0.10426178574562073 teacher_margin_term=0.001042617834173143 teacher_updates=1 temp_adv=1.1301109091108967 temp_nat=3.6228890908887994 temperature_updates=1 total_loss=0.020370090380311012 views=2
2026-09-18 20:19:53.605 | INFO     | __main__:<module>:492 - METHOD_BATCH epoch=296 step=300 adv_kd=0.003964944276958704 awp_gamma=0.001 awp_relative_norm_max=0.0010000001639127731 clean_ce=0.12037714570760727 clean_ce_term=0.006018857471644878 consistency_term=0.0004726238548755646 consistency_weight=0.5 js_raw=0.009452477097511292 lr=0.00017370358849060823 nat_kd=0.005706856958568096 pcgrad_conflicts=0 push=0.030986979603767395 push_term=0.0015493490500375628 student_updates=1 teacher_ce=0.5690681338310242 teacher_lr=6.254364581557131e-08 teacher_margin=0.04889199137687683 teacher_margin_term=0.0004889199044555426 teacher_updates=1 temp_adv=1.1301109091108967 temp_nat=3.6228890908887994 temperature_updates=1 total_loss=0.018201550468802452 views=2
2026-09-18 20:21:38.288 | INFO     | __main__:<module>:870 - TRAIN_EPOCH_RESOURCE epoch=296 seconds=454.6811782345176 peak_allocated_bytes=8125391360
2026-09-18 20:22:09.673 | INFO     | __main__:<module>:927 - student robust acc 0.5147, teacher robust acc 0.6954, nat teacher robust acc 0.4856
2026-09-18 20:22:16.103 | INFO     | __main__:<module>:1001 - student natural acc 0.9036, adv teacher natural acc 0.8804, nat teacher natural acc 0.9318
2026-09-18 20:22:16.105 | INFO     | __main__:<module>:477 - METHOD epoch=297 views=2 awp_gamma=0.001 consistency_weight=0.5
2026-09-18 20:22:16.105 | INFO     | __main__:<module>:480 - the 297th epoch 
2026-09-18 20:22:17.277 | INFO     | __main__:<module>:492 - METHOD_BATCH epoch=297 step=0 adv_kd=0.0034228977747261524 awp_gamma=0.001 awp_relative_norm_max=0.0010000001639127731 clean_ce=0.12145081162452698 clean_ce_term=0.006072540767490864 consistency_term=0.0006464591133408248 consistency_weight=0.5 js_raw=0.01292918249964714 lr=9.77205492530278e-05 nat_kd=0.005640914663672447 pcgrad_conflicts=0 push=0.030198615044355392 push_term=0.001509930705651641 student_updates=1 teacher_ce=0.5228720009326935 teacher_lr=3.5181266544861905e-08 teacher_margin=0.08343657851219177 teacher_margin_term=0.0008343657245859504 teacher_updates=1 temp_adv=1.1301109091108967 temp_nat=3.6228890908887994 temperature_updates=1 total_loss=0.018127107992768288 views=2
2026-09-18 20:24:13.866 | INFO     | __main__:<module>:492 - METHOD_BATCH epoch=297 step=100 adv_kd=0.004946607165038586 awp_gamma=0.001 awp_relative_norm_max=0.0010000001639127731 clean_ce=0.13019339740276337 clean_ce_term=0.006509670056402683 consistency_term=0.0004979744553565979 consistency_weight=0.5 js_raw=0.009959489107131958 lr=9.77205492530278e-05 nat_kd=0.006197091657668352 pcgrad_conflicts=0 push=0.039107803255319595 push_term=0.0019553902093321085 student_updates=1 teacher_ce=0.5880027413368225 teacher_lr=3.5181266544861905e-08 teacher_margin=0.07812836766242981 teacher_margin_term=0.0007812837138772011 teacher_updates=1 temp_adv=1.1301109091108967 temp_nat=3.6228890908887994 temperature_updates=1 total_loss=0.020888015627861023 views=2
2026-09-18 20:26:10.706 | INFO     | __main__:<module>:492 - METHOD_BATCH epoch=297 step=200 adv_kd=0.0043300846591591835 awp_gamma=0.001 awp_relative_norm_max=0.0010000001639127731 clean_ce=0.13642917573451996 clean_ce_term=0.0068214586935937405 consistency_term=0.0006308884476311505 consistency_weight=0.5 js_raw=0.012617768719792366 lr=9.77205492530278e-05 nat_kd=0.0064012594521045685 pcgrad_conflicts=0 push=0.03592068329453468 push_term=0.0017960341647267342 student_updates=1 teacher_ce=0.5300155282020569 teacher_lr=3.5181266544861905e-08 teacher_margin=0.08610140532255173 teacher_margin_term=0.0008610140066593885 teacher_updates=1 temp_adv=1.1301109091108967 temp_nat=3.6228890908887994 temperature_updates=1 total_loss=0.02084074169397354 views=2
2026-09-18 20:28:07.198 | INFO     | __main__:<module>:492 - METHOD_BATCH epoch=297 step=300 adv_kd=0.0037850551307201385 awp_gamma=0.001 awp_relative_norm_max=0.0010000001639127731 clean_ce=0.12151677906513214 clean_ce_term=0.0060758390463888645 consistency_term=0.0007487117545679212 consistency_weight=0.5 js_raw=0.014974234625697136 lr=9.77205492530278e-05 nat_kd=0.005475321784615517 pcgrad_conflicts=0 push=0.039858438074588776 push_term=0.001992922043427825 student_updates=1 teacher_ce=0.4595060646533966 teacher_lr=3.5181266544861905e-08 teacher_margin=0.08271652460098267 teacher_margin_term=0.0008271652041003108 teacher_updates=1 temp_adv=1.1301109091108967 temp_nat=3.6228890908887994 temperature_updates=1 total_loss=0.018905015662312508 views=2
2026-09-18 20:29:51.943 | INFO     | __main__:<module>:870 - TRAIN_EPOCH_RESOURCE epoch=297 seconds=455.83815455436707 peak_allocated_bytes=8127488512
2026-09-18 20:30:23.269 | INFO     | __main__:<module>:927 - student robust acc 0.5146, teacher robust acc 0.6957, nat teacher robust acc 0.4845
2026-09-18 20:30:29.572 | INFO     | __main__:<module>:1001 - student natural acc 0.9037, adv teacher natural acc 0.8801, nat teacher natural acc 0.9318
2026-09-18 20:30:29.574 | INFO     | __main__:<module>:477 - METHOD epoch=298 views=2 awp_gamma=0.001 consistency_weight=0.5
2026-09-18 20:30:29.574 | INFO     | __main__:<module>:480 - the 298th epoch 
2026-09-18 20:30:30.735 | INFO     | __main__:<module>:492 - METHOD_BATCH epoch=298 step=0 adv_kd=0.004419669508934021 awp_gamma=0.001 awp_relative_norm_max=0.0010000001639127731 clean_ce=0.12411424517631531 clean_ce_term=0.00620571244508028 consistency_term=0.0007631703047081828 consistency_weight=0.5 js_raw=0.015263405628502369 lr=4.343359929395441e-05 nat_kd=0.0044728536158800125 pcgrad_conflicts=0 push=0.03856705129146576 push_term=0.0019283525180071592 student_updates=1 teacher_ce=0.44454292953014374 teacher_lr=1.5635908918152542e-08 teacher_margin=0.11508765071630478 teacher_margin_term=0.0011508765164762735 teacher_updates=1 temp_adv=1.1301109091108967 temp_nat=3.6228890908887994 temperature_updates=1 total_loss=0.01894063502550125 views=2
2026-09-18 20:32:25.868 | INFO     | __main__:<module>:492 - METHOD_BATCH epoch=298 step=100 adv_kd=0.00503651425242424 awp_gamma=0.001 awp_relative_norm_max=0.0010000001639127731 clean_ce=0.13541674613952637 clean_ce_term=0.006770838052034378 consistency_term=0.001069878228008747 consistency_weight=0.5 js_raw=0.021397564560174942 lr=4.343359929395441e-05 nat_kd=0.00584004819393158 pcgrad_conflicts=0 push=0.03435231000185013 push_term=0.0017176155233755708 student_updates=1 teacher_ce=0.566644549369812 teacher_lr=1.5635908918152542e-08 teacher_margin=0.08428388833999634 teacher_margin_term=0.000842838897369802 teacher_updates=1 temp_adv=1.1301109091108967 temp_nat=3.6228890908887994 temperature_updates=1 total_loss=0.021277733147144318 views=2
2026-09-18 20:34:21.894 | INFO     | __main__:<module>:492 - METHOD_BATCH epoch=298 step=200 adv_kd=0.004517142195254564 awp_gamma=0.001 awp_relative_norm_max=0.0010000001639127731 clean_ce=0.1305978000164032 clean_ce_term=0.00652989000082016 consistency_term=0.0005821420927532017 consistency_weight=0.5 js_raw=0.01164284162223339 lr=4.343359929395441e-05 nat_kd=0.005700103938579559 pcgrad_conflicts=0 push=0.04171063005924225 push_term=0.00208553159609437 student_updates=1 teacher_ce=0.5645174384117126 teacher_lr=1.5635908918152542e-08 teacher_margin=0.08175486326217651 teacher_margin_term=0.0008175486582331359 teacher_updates=1 temp_adv=1.1301109091108967 temp_nat=3.6228890908887994 temperature_updates=1 total_loss=0.02023235894739628 views=2
2026-09-18 20:36:17.148 | INFO     | __main__:<module>:492 - METHOD_BATCH epoch=298 step=300 adv_kd=0.003509184345602989 awp_gamma=0.001 awp_relative_norm_max=0.0010000001639127731 clean_ce=0.13235333561897278 clean_ce_term=0.006617667153477669 consistency_term=0.0007608216255903244 consistency_weight=0.5 js_raw=0.015216432511806488 lr=4.343359929395441e-05 nat_kd=0.005310479551553726 pcgrad_conflicts=0 push=0.032635558396577835 push_term=0.0016317779663950205 student_updates=1 teacher_ce=0.535016804933548 teacher_lr=1.5635908918152542e-08 teacher_margin=0.056439291685819626 teacher_margin_term=0.000564392888918519 teacher_updates=1 temp_adv=1.1301109091108967 temp_nat=3.6228890908887994 temperature_updates=1 total_loss=0.01839432306587696 views=2
2026-09-18 20:38:00.607 | INFO     | __main__:<module>:870 - TRAIN_EPOCH_RESOURCE epoch=298 seconds=451.03257475048304 peak_allocated_bytes=8125391360
2026-09-18 20:38:31.755 | INFO     | __main__:<module>:927 - student robust acc 0.5152, teacher robust acc 0.6972, nat teacher robust acc 0.4884
2026-09-18 20:38:38.075 | INFO     | __main__:<module>:1001 - student natural acc 0.9039, adv teacher natural acc 0.8795, nat teacher natural acc 0.9318
2026-09-18 20:38:38.077 | INFO     | __main__:<module>:477 - METHOD epoch=299 views=2 awp_gamma=0.001 consistency_weight=0.5
2026-09-18 20:38:38.077 | INFO     | __main__:<module>:480 - the 299th epoch 
2026-09-18 20:38:39.234 | INFO     | __main__:<module>:492 - METHOD_BATCH epoch=299 step=0 adv_kd=0.003958463203161955 awp_gamma=0.001 awp_relative_norm_max=0.0010000001639127731 clean_ce=0.12788444757461548 clean_ce_term=0.006394222378730774 consistency_term=0.0007478395709767938 consistency_weight=0.5 js_raw=0.014956790953874588 lr=1.085815729596553e-05 nat_kd=0.0045396750792860985 pcgrad_conflicts=0 push=0.04294990748167038 push_term=0.0021474952809512615 student_updates=1 teacher_ce=0.48636871576309204 teacher_lr=3.908820712046335e-09 teacher_margin=0.07636729627847672 teacher_margin_term=0.0007636729278601706 teacher_updates=1 temp_adv=1.1301109091108967 temp_nat=3.6228890908887994 temperature_updates=1 total_loss=0.01855137012898922 views=2
2026-09-18 20:40:34.317 | INFO     | __main__:<module>:492 - METHOD_BATCH epoch=299 step=100 adv_kd=0.004489588551223278 awp_gamma=0.001 awp_relative_norm_max=0.0010000001639127731 clean_ce=0.12692499160766602 clean_ce_term=0.006346249952912331 consistency_term=0.0007754742982797325 consistency_weight=0.5 js_raw=0.015509485267102718 lr=1.085815729596553e-05 nat_kd=0.0058778757229447365 pcgrad_conflicts=0 push=0.04142279922962189 push_term=0.0020711401011794806 student_updates=1 teacher_ce=0.5607767999172211 teacher_lr=3.908820712046335e-09 teacher_margin=0.07058385759592056 teacher_margin_term=0.0007058385526761413 teacher_updates=1 temp_adv=1.1301109091108967 temp_nat=3.6228890908887994 temperature_updates=1 total_loss=0.02026616781949997 views=2
2026-09-18 20:42:29.502 | INFO     | __main__:<module>:492 - METHOD_BATCH epoch=299 step=200 adv_kd=0.00440526008605957 awp_gamma=0.001 awp_relative_norm_max=0.0010000001639127731 clean_ce=0.1276853084564209 clean_ce_term=0.00638426560908556 consistency_term=0.0007692602230235934 consistency_weight=0.5 js_raw=0.015385203994810581 lr=1.085815729596553e-05 nat_kd=0.006444969214498997 pcgrad_conflicts=0 push=0.039715476334095 push_term=0.0019857739098370075 student_updates=1 teacher_ce=0.5075392127037048 teacher_lr=3.908820712046335e-09 teacher_margin=0.10833801329135895 teacher_margin_term=0.001083380077034235 teacher_updates=1 temp_adv=1.1301109091108967 temp_nat=3.6228890908887994 temperature_updates=1 total_loss=0.021072907373309135 views=2
2026-09-18 20:44:24.553 | INFO     | __main__:<module>:492 - METHOD_BATCH epoch=299 step=300 adv_kd=0.004003194160759449 awp_gamma=0.001 awp_relative_norm_max=0.0010000001639127731 clean_ce=0.13164883852005005 clean_ce_term=0.0065824417397379875 consistency_term=0.0008056048536673188 consistency_weight=0.5 js_raw=0.01611209660768509 lr=1.085815729596553e-05 nat_kd=0.007336611859500408 pcgrad_conflicts=0 push=0.039777182042598724 push_term=0.0019888593815267086 student_updates=1 teacher_ce=0.5982919633388519 teacher_lr=3.908820712046335e-09 teacher_margin=0.059922877699136734 teacher_margin_term=0.0005992287769913673 teacher_updates=1 temp_adv=1.1301109091108967 temp_nat=3.6228890908887994 temperature_updates=1 total_loss=0.02131594344973564 views=2
2026-09-18 20:46:08.309 | INFO     | __main__:<module>:870 - TRAIN_EPOCH_RESOURCE epoch=299 seconds=450.23143722489476 peak_allocated_bytes=8127488512
2026-09-18 20:46:39.229 | INFO     | __main__:<module>:927 - student robust acc 0.5153, teacher robust acc 0.6967, nat teacher robust acc 0.4869
2026-09-18 20:46:45.665 | INFO     | __main__:<module>:1001 - student natural acc 0.9038, adv teacher natural acc 0.8783, nat teacher natural acc 0.9318
2026-09-18 20:46:45.666 | INFO     | __main__:<module>:477 - METHOD epoch=300 views=2 awp_gamma=0.001 consistency_weight=0.5
2026-09-18 20:46:45.666 | INFO     | __main__:<module>:480 - the 300th epoch 
2026-09-18 20:46:46.829 | INFO     | __main__:<module>:492 - METHOD_BATCH epoch=300 step=0 adv_kd=0.004516443703323603 awp_gamma=0.001 awp_relative_norm_max=0.0010000001639127731 clean_ce=0.12769350409507751 clean_ce_term=0.006384675391018391 consistency_term=0.0008082467247731984 consistency_weight=0.5 js_raw=0.016164934262633324 lr=0.0 nat_kd=0.006318799685686827 pcgrad_conflicts=0 push=0.04007947817444801 push_term=0.002003974048420787 student_updates=1 teacher_ce=0.5630447864532471 teacher_lr=0.0 teacher_margin=0.09537628293037415 teacher_margin_term=0.0009537627920508385 teacher_updates=1 temp_adv=1.1301109091108967 temp_nat=3.6228890908887994 temperature_updates=1 total_loss=0.020985901355743408 views=2
2026-09-18 20:48:43.077 | INFO     | __main__:<module>:492 - METHOD_BATCH epoch=300 step=100 adv_kd=0.004202943295240402 awp_gamma=0.001 awp_relative_norm_max=0.0010000001639127731 clean_ce=0.1259341835975647 clean_ce_term=0.006296709179878235 consistency_term=0.001068110577762127 consistency_weight=0.5 js_raw=0.02136221155524254 lr=0.0 nat_kd=0.005709916353225708 pcgrad_conflicts=0 push=0.032393619418144226 push_term=0.00161968101747334 student_updates=1 teacher_ce=0.5504395067691803 teacher_lr=0.0 teacher_margin=0.06929685175418854 teacher_margin_term=0.0006929684896022081 teacher_updates=1 temp_adv=1.1301109091108967 temp_nat=3.6228890908887994 temperature_updates=1 total_loss=0.019590329378843307 views=2
2026-09-18 20:50:39.316 | INFO     | __main__:<module>:492 - METHOD_BATCH epoch=300 step=200 adv_kd=0.004717783071100712 awp_gamma=0.001 awp_relative_norm_max=0.0010000001639127731 clean_ce=0.13568782806396484 clean_ce_term=0.006784391589462757 consistency_term=0.0010063339723274112 consistency_weight=0.5 js_raw=0.02012667991220951 lr=0.0 nat_kd=0.006997067481279373 pcgrad_conflicts=0 push=0.046876005828380585 push_term=0.0023438003845512867 student_updates=1 teacher_ce=0.5560099482536316 teacher_lr=0.0 teacher_margin=0.06346286088228226 teacher_margin_term=0.0006346285808831453 teacher_updates=1 temp_adv=1.1301109091108967 temp_nat=3.6228890908887994 temperature_updates=1 total_loss=0.022484002634882927 views=2
2026-09-18 20:52:35.187 | INFO     | __main__:<module>:492 - METHOD_BATCH epoch=300 step=300 adv_kd=0.0042108651250600815 awp_gamma=0.001 awp_relative_norm_max=0.0010000001639127731 clean_ce=0.12249132245779037 clean_ce_term=0.006124566309154034 consistency_term=0.0008515712106600404 consistency_weight=0.5 js_raw=0.01703142374753952 lr=0.0 nat_kd=0.0059500932693481445 pcgrad_conflicts=0 push=0.04310205578804016 push_term=0.002155102789402008 student_updates=1 teacher_ce=0.4805683046579361 teacher_lr=0.0 teacher_margin=0.09670113772153854 teacher_margin_term=0.000967011321336031 teacher_updates=1 temp_adv=1.1301109091108967 temp_nat=3.6228890908887994 temperature_updates=1 total_loss=0.020259208977222443 views=2
2026-09-18 20:54:18.576 | INFO     | __main__:<module>:870 - TRAIN_EPOCH_RESOURCE epoch=300 seconds=452.90923679992557 peak_allocated_bytes=8125391360
2026-09-18 20:54:49.719 | INFO     | __main__:<module>:927 - student robust acc 0.5149, teacher robust acc 0.6965, nat teacher robust acc 0.4887
2026-09-18 20:54:56.894 | INFO     | __main__:<module>:1001 - student natural acc 0.9037, adv teacher natural acc 0.8797, nat teacher natural acc 0.9318
TRAIN_COMPLETE variant=mobilenetv2_cifar10_v2_awp0p001_cr0p50 checkpoint=/mnt/beegfs/home/lixidong25/mycode/CIARD_Expansion/run/0917v1/mobilenetv2_cifar10_v2_awp0p001_cr0p50/model/Cifar10_MobileNetV2_0917v1_v2_awp0p001_cr0p50/student_best.pth checkpoint_sha256=3956b121747007143f5a9ddd561dafe080b197a4670f95d20ee831551dc8bc7e
