requested_node=aias-compute-4 requested_gpu=1x4090
running_node=aias-compute-4 allocated_cuda_visible_devices=0
SOURCE_FILES_JSON={"CIARD.py": "0c0aff01535b4b6a5a8fbc660a8bcd7d315846898a78385c9b0b56df14d8df98", "attack_eval.py": "7b47fa319fa6df83a482234f9cdfbd92728f711e7747f63b073cbdb3c84e68e9", "awp_consistency.py": "43dafef77a54c1b4e28a18a365f69fdd428410751a8a11de794425071a42273e", "check_eval_log.py": "29b7276fd3c81d48a15e27589038aa6581e91511b03e19bfd046150fdaa4dc2f", "check_train_complete.py": "012e6549beff5b794f59b3a0105da71668c662112b6da39cb2462eebb870d290", "cifar10_models/__init__.py": "ef2b254322a9e73e4ed52cfb4bc7e03d450990f029e7ae45caad0c8eb983b01c", "cifar10_models/mobilenet_v2.py": "e1e58da5605b4afa1a5df2c103a745bbdd55b30ec634b3ea302ad061eb95f0ca", "cifar10_models/resnet.py": "e5ea91dd4c5fc3c7d1c485637bda2ea155c1e785bc7af34436f64ef47254ecb3", "cifar10_models/wideresnet.py": "497de9f2c8033f83b887ba725e093cd15a7cab149959bdccb0de8d575e345fac", "cifar10_nat_teacher_models/__init__.py": "91f40ae8ba797235d84271cc2b37ae191a79deb2b7b89346cdb328f8a42bc437", "cifar10_nat_teacher_models/mobilenetv2.py": "a603d2eaa3893fbc331d218330af511a28e5be6c417e1928718ba8e6164df3ce", "cifar10_nat_teacher_models/repvgg.py": "b885b78c5b20fea68bbe22f1839d1910e732a9be25afb8571fc4f1f6348a3c15", "cifar10_nat_teacher_models/resnet.py": "52842491e5e57836e73f3fc36ad7bede6e3c5d040b033dd46cdc3ae66937ba98", "cifar10_nat_teacher_models/shufflenetv2.py": "8a85b853456879c0032a6ecba0b716e6ab41f8997e708bb8b3f5d980ea42319e", "cifar10_nat_teacher_models/vgg.py": "1a98f70547f6734bf576d0a89ef2ef8aaa5af59f1133de0da72e852526659ec2", "cifar10_nat_teacher_models/vit.py": "4f8b80a8b79b57e787293c88ed9d9a04afce14354f55ccd0388ddbbdcf622fa4", "mtard_loss.py": "07ec022c626fc4b1c87170a280ed0ef360d5c064a79f26b47ee258374da2528d", "run_checks.py": "d8b67e0ce00be8654de6d05a5943518ae59ad6c7c9c913955cc0206a3bcb3184", "split_target_mix.py": "ef059f02861714aba63ff7ad4a4125c8d2823cde332cda0106067e2604e3fbf4", "training_state.py": "6e6550cef8589420162919b640a269b5ac0d8569f93bf2f4d338ff81f33d2298", "validate_ciardpp.py": "21cefa0017e669ba29b77ce30ea6ec32a0936657859bc6d097f06f495bf1b886"}
RUN_PREPARATION_JSON={"manifest_sha256": "9e40a6053270c90b4f005814b87b1ddce4cf7a6061d70b28b71dc6d83647dca3", "script_sha256": {"eval_4090_fixed.sbatch": "10365b951e1cca4d15cfe3814e8b00e34105101e8bc3d8b350f1349f7b821493", "train_4090.sbatch": "bb4b35feebcda2ee7513bb0ca7465912daa3b2b51ddc0508e4ee817ef8fad014"}}
preflight_torch=1.10.0+cu113 torchvision=0.11.1+cu113 cuda_build=11.3
teacher=WRN-34-10 checkpoint=/mnt/beegfs/home/lixidong25/mycode/CIARD_Expansion/models/model_cifar_wrn.pt bytes=193198702 sha256=2ede52bd042bbdf40a0c27e8008034afd9cbb0b256b9077a255e555d25f957f4 shape=(10, 640) input=raw
teacher=ResNet-56 checkpoint=/mnt/beegfs/home/lixidong25/mycode/CIARD_Expansion/models/nat_teacher_checkpoint/cifar10_resnnet56.pth bytes=3555729 sha256=9e1d3395f0a8c34296ca8cd4875b9b5177d53f79e89af9b88e1a6724c6d6c860 shape=(10, 64) input=raw
preflight_dataset_samples=train:50000
preflight_gpu_name=NVIDIA GeForce RTX 4090
PRECHECK_OK mode=cuda phase=train
2026-10-07 19:15:17.601 | INFO     | __main__:<module>:467 - 
CIARD-Safe+ (IJCV extension)
Default: original CIARD objective + student EMA evaluation/checkpointing.
Strong CIARD++ components remain available through CFG, but are disabled by
default because the latest full-metric run showed systematic regression.
Lr stage decay, epoch = 300 coslr

2026-10-07 19:15:17.601 | INFO     | __main__:<module>:474 - CIARD explicit teacher-margin config: prefix=Cifar10_ResNet18_1007_r4_awpschedule_v1_C_s1, student=ResNet, weight=0.011316, start=120, warmup=89, clean_gate=False, clean_tau=1.0, adv_gate=False, adv_tau=1.0, conflict_floor=0.211797, per_sample_conflict=False, relative=False, relative_eta=0.5 (ignored because teacher_margin_relative=False)
2026-10-07 19:15:17.602 | INFO     | __main__:<module>:480 - CIARD resolved train config:
variant: resnet18_cifar10_c_s1
prefix: Cifar10_ResNet18_1007_r4_awpschedule_v1_C_s1
dataset: CIFAR10 train_samples=50000 training_test_selection: disabled
student: ResNet num_classes=10
epochs: 252
batch_size: 128
epsilon: 0.03137254901960784
train_pgd_steps: 10
train_pgd_step_size: 2/255
training_seed: 1
selection_protocol: fixed_epoch252_no_test_selection
learning_rate_horizon: 300
target_mix_teacher: live_robust_teacher_clean_logits_existing_forward
target_mix_temperature: current_batch_temp_adv_before_update
target_mix_reduction: original_mean_over_batch_and_classes
split_mix_reference: G3_q020_non_target_mass_when_enabled
split_mix_loss: source_KL_plus_binary_and_conditional_KL_correction
robust_teacher_checkpoint: models/model_cifar_wrn.pt
natural_teacher_checkpoint: models/nat_teacher_checkpoint/cifar10_resnnet56.pth
USE_CIARDPP: True
CIARD_SAFE_PLUS: True
model_dir: ./model/Cifar10_ResNet18_1007_r4_awpschedule_v1_C_s1
CFG:
  adaptive_weight: False
  adv_ce_weight: 0.0
  adv_margin_kappa: 0.0
  adv_margin_start: 120
  adv_margin_warmup: 80
  adv_margin_weight: 0.0
  adv_weight_floor: 0.35
  attack_teacher_alpha: 0.0
  awp_gamma: 0.002
  awp_nat_schedule_start: 200
  awp_nat_schedule_warmup: 40
  awp_nat_weight: 1.0
  awp_nat_weight_final: 1.0
  capacity_aware: False
  capacity_floor: 0.5
  capacity_start: 60
  capacity_xi: 1.0
  ce_start: 158
  ce_warmup: 116
  clean_ce_gate_floor: 0.0
  clean_ce_gate_tau: 0.682852
  clean_ce_robust_gate: True
  clean_ce_weight: 0.036067
  consistency_temperature: 0.5
  consistency_weight: 0.75
  ema_decay: 0.99
  ema_itt: False
  ema_use_start: 70
  eval_student_ema: True
  method_start: 120
  method_warmup: 40
  pcgrad_start: 120
  pcgrad_teacher_margin: True
  proj_dim: 128
  push_T: 5.0
  push_eta: 0.3
  push_feature: False
  push_gamma: 4.0
  push_lambda: 0.08174
  push_require_robust_correct: True
  push_soft: True
  push_warmup: 80
  resnet_teacher_margin_start: 180
  resnet_teacher_margin_warmup: 80
  resnet_teacher_margin_weight: 0.005
  robust_kd_floor: 0.5
  robust_kd_reliable: False
  save_ema_as_student: True
  split_nontarget_alpha: 0.0
  split_target_alpha: 0.25
  split_target_mix: True
  student_arch_adaptive_margin: False
  student_ema: True
  student_ema_decay: 0.999642
  target_mix_alpha: 0.2
  target_mix_start: 120
  target_mix_warmup: 40
  teacher_margin_adv_floor: 0.0
  teacher_margin_adv_gate: False
  teacher_margin_adv_tau: 1.0
  teacher_margin_cap: 1.428932
  teacher_margin_clean_floor: 0.0
  teacher_margin_clean_gate: False
  teacher_margin_clean_tau: 1.0
  teacher_margin_conflict_floor: 0.211797
  teacher_margin_conflict_gate: True
  teacher_margin_conflict_threshold: 0.0
  teacher_margin_per_sample_conflict: False
  teacher_margin_per_sample_floor: 0.0
  teacher_margin_per_sample_tau: 1.0
  teacher_margin_relative: False
  teacher_margin_relative_eta: 0.5
  teacher_margin_start: 120
  teacher_margin_tau: 1.124788
  teacher_margin_warmup: 89
  teacher_margin_weight: 0.011316
  teacher_warmup: 50
  training_views: 2
  wa_alpha: 0.5
  weight_averaging: False

2026-10-07 19:15:17.602 | INFO     | __main__:<module>:516 - METHOD epoch=1 views=1 awp_gamma=0.0 consistency_weight=0.0 awp_nat_weight=1.0
2026-10-07 19:15:17.602 | INFO     | __main__:<module>:519 - the 1th epoch 
2026-10-07 19:15:18.014 | INFO     | __main__:<module>:1013 - lr:0.1 weight_nat: 0.5, nat_loss: 0.24136991798877716, weight_adv: 0.5, adv_loss: 0.15840283036231995 weight-klloss3 0.0010217499999999999 Loss3: 0.004770349245518446 clean_ce: 0.5531818866729736, adv_ce: 2.482780694961548, adv_margin: 0.8864186406135559, clean_gate: 0.26442950963974, teacher_margin: 1.646880030632019, teacher_margin_gate: 0.7574065923690796, teacher_clean_gate: 1.0, teacher_adv_gate: 1.0, tm_grad_cos: 0.7873184680938721, tm_scale: 1.0, tm_ps_scale: 1.0, pcgrad_conflicts: 0/0 tmix: alpha=0.0 ramp=0.0 clean_correct_fraction=0.90625 mean_weight=0.0 target_l1=0.0 temperature=1.0
2026-10-07 19:15:46.840 | INFO     | __main__:<module>:1013 - lr:0.1 weight_nat: 0.4816611861130338, nat_loss: 0.14722783863544464, weight_adv: 0.5183388138869662, adv_loss: 0.11340612918138504 weight-klloss3 0.0010217499999999999 Loss3: 0.0029111995827406645 clean_ce: 0.3569399416446686, adv_ce: 2.0148863792419434, adv_margin: 0.8146592378616333, clean_gate: 0.323527455329895, teacher_margin: 1.45729660987854, teacher_margin_gate: 0.7639033794403076, teacher_clean_gate: 1.0, teacher_adv_gate: 1.0, tm_grad_cos: 0.806973934173584, tm_scale: 1.0, tm_ps_scale: 1.0, pcgrad_conflicts: 0/0 tmix: alpha=0.0 ramp=0.0 clean_correct_fraction=0.9453125 mean_weight=0.0 target_l1=0.0 temperature=1.0
2026-10-07 19:16:15.720 | INFO     | __main__:<module>:1013 - lr:0.1 weight_nat: 0.4794363647885434, nat_loss: 0.13247092068195343, weight_adv: 0.5205636352114567, adv_loss: 0.09091989696025848 weight-klloss3 0.0010217499999999999 Loss3: 0.005168252158910036 clean_ce: 0.30657392740249634, adv_ce: 1.9200167655944824, adv_margin: 0.886548638343811, clean_gate: 0.35580652952194214, teacher_margin: 1.2659082412719727, teacher_margin_gate: 0.7251108288764954, teacher_clean_gate: 1.0, teacher_adv_gate: 1.0, tm_grad_cos: 0.8219966888427734, tm_scale: 1.0, tm_ps_scale: 1.0, pcgrad_conflicts: 0/0 tmix: alpha=0.0 ramp=0.0 clean_correct_fraction=0.890625 mean_weight=0.0 target_l1=0.0 temperature=1.0
2026-10-07 19:16:44.657 | INFO     | __main__:<module>:1013 - lr:0.1 weight_nat: 0.47476561998388156, nat_loss: 0.12799620628356934, weight_adv: 0.5252343800161184, adv_loss: 0.10043434053659439 weight-klloss3 0.0010217499999999999 Loss3: 0.005805225111544132 clean_ce: 0.22283676266670227, adv_ce: 2.068126678466797, adv_margin: 1.1368393898010254, clean_gate: 0.29196304082870483, teacher_margin: 1.5134170055389404, teacher_margin_gate: 0.7205804586410522, teacher_clean_gate: 1.0, teacher_adv_gate: 1.0, tm_grad_cos: 0.8515416383743286, tm_scale: 1.0, tm_ps_scale: 1.0, pcgrad_conflicts: 0/0 tmix: alpha=0.0 ramp=0.0 clean_correct_fraction=0.890625 mean_weight=0.0 target_l1=0.0 temperature=1.0
2026-10-07 19:17:10.548 | INFO     | __main__:<module>:1016 - TRAIN_EPOCH_RESOURCE epoch=1 seconds=112.94617946096696 peak_allocated_bytes=7533735936
2026-10-07 19:17:10.548 | INFO     | __main__:<module>:516 - METHOD epoch=2 views=1 awp_gamma=0.0 consistency_weight=0.0 awp_nat_weight=1.0
2026-10-07 19:17:10.549 | INFO     | __main__:<module>:519 - the 2th epoch 
2026-10-07 19:17:10.848 | INFO     | __main__:<module>:1013 - lr:0.1 weight_nat: 0.4698532759298701, nat_loss: 0.1228710412979126, weight_adv: 0.53014672407013, adv_loss: 0.08483555167913437 weight-klloss3 0.0020434999999999997 Loss3: 0.005107984412461519 clean_ce: 0.2581707239151001, adv_ce: 1.8705233335494995, adv_margin: 0.9683831930160522, clean_gate: 0.3384144902229309, teacher_margin: 1.3787975311279297, teacher_margin_gate: 0.7455868124961853, teacher_clean_gate: 1.0, teacher_adv_gate: 1.0, tm_grad_cos: 0.8496603965759277, tm_scale: 1.0, tm_ps_scale: 1.0, pcgrad_conflicts: 0/0 tmix: alpha=0.0 ramp=0.0 clean_correct_fraction=0.9296875 mean_weight=0.0 target_l1=0.0 temperature=1.0
2026-10-07 19:17:39.679 | INFO     | __main__:<module>:1013 - lr:0.1 weight_nat: 0.46576077043694386, nat_loss: 0.1212359219789505, weight_adv: 0.5342392295630561, adv_loss: 0.08317746222019196 weight-klloss3 0.0020434999999999997 Loss3: 0.005601006560027599 clean_ce: 0.21954727172851562, adv_ce: 2.00911545753479, adv_margin: 1.0814248323440552, clean_gate: 0.3209167718887329, teacher_margin: 1.3181512355804443, teacher_margin_gate: 0.7160184383392334, teacher_clean_gate: 1.0, teacher_adv_gate: 1.0, tm_grad_cos: 0.8570070266723633, tm_scale: 1.0, tm_ps_scale: 1.0, pcgrad_conflicts: 0/0 tmix: alpha=0.0 ramp=0.0 clean_correct_fraction=0.9140625 mean_weight=0.0 target_l1=0.0 temperature=1.0
2026-10-07 19:18:08.503 | INFO     | __main__:<module>:1013 - lr:0.1 weight_nat: 0.4594969530636536, nat_loss: 0.10827753692865372, weight_adv: 0.5405030469363463, adv_loss: 0.09335759282112122 weight-klloss3 0.0020434999999999997 Loss3: 0.007023230195045471 clean_ce: 0.18327802419662476, adv_ce: 1.9876506328582764, adv_margin: 1.1160964965820312, clean_gate: 0.31475406885147095, teacher_margin: 1.4690227508544922, teacher_margin_gate: 0.745290219783783, teacher_clean_gate: 1.0, teacher_adv_gate: 1.0, tm_grad_cos: 0.8440603017807007, tm_scale: 1.0, tm_ps_scale: 1.0, pcgrad_conflicts: 0/0 tmix: alpha=0.0 ramp=0.0 clean_correct_fraction=0.953125 mean_weight=0.0 target_l1=0.0 temperature=1.0
2026-10-07 19:18:37.346 | INFO     | __main__:<module>:1013 - lr:0.1 weight_nat: 0.4510990012692302, nat_loss: 0.1105908676981926, weight_adv: 0.5489009987307699, adv_loss: 0.08873364329338074 weight-klloss3 0.0020434999999999997 Loss3: 0.003934688400477171 clean_ce: 0.1948300153017044, adv_ce: 2.047825574874878, adv_margin: 1.1353596448898315, clean_gate: 0.3204282820224762, teacher_margin: 1.384717345237732, teacher_margin_gate: 0.7108216285705566, teacher_clean_gate: 1.0, teacher_adv_gate: 1.0, tm_grad_cos: 0.8326063752174377, tm_scale: 1.0, tm_ps_scale: 1.0, pcgrad_conflicts: 0/0 tmix: alpha=0.0 ramp=0.0 clean_correct_fraction=0.9453125 mean_weight=0.0 target_l1=0.0 temperature=1.0
2026-10-07 19:19:03.200 | INFO     | __main__:<module>:1016 - TRAIN_EPOCH_RESOURCE epoch=2 seconds=112.65122876013629 peak_allocated_bytes=7534976512
2026-10-07 19:19:03.200 | INFO     | __main__:<module>:516 - METHOD epoch=3 views=1 awp_gamma=0.0 consistency_weight=0.0 awp_nat_weight=1.0
2026-10-07 19:19:03.200 | INFO     | __main__:<module>:519 - the 3th epoch 
2026-10-07 19:19:03.500 | INFO     | __main__:<module>:1013 - lr:0.1 weight_nat: 0.4413654847188114, nat_loss: 0.08756400644779205, weight_adv: 0.5586345152811887, adv_loss: 0.07428590953350067 weight-klloss3 0.00306525 Loss3: 0.005672850646078587 clean_ce: 0.19909149408340454, adv_ce: 1.7199511528015137, adv_margin: 0.89919114112854, clean_gate: 0.3667289614677429, teacher_margin: 1.366011619567871, teacher_margin_gate: 0.7927045822143555, teacher_clean_gate: 1.0, teacher_adv_gate: 1.0, tm_grad_cos: 0.8678066730499268, tm_scale: 1.0, tm_ps_scale: 1.0, pcgrad_conflicts: 0/0 tmix: alpha=0.0 ramp=0.0 clean_correct_fraction=0.9765625 mean_weight=0.0 target_l1=0.0 temperature=1.0
2026-10-07 19:19:32.376 | INFO     | __main__:<module>:1013 - lr:0.1 weight_nat: 0.4356488868183899, nat_loss: 0.09136366844177246, weight_adv: 0.56435111318161, adv_loss: 0.09039993584156036 weight-klloss3 0.00306525 Loss3: 0.011177166365087032 clean_ce: 0.15807393193244934, adv_ce: 1.9845361709594727, adv_margin: 1.2052536010742188, clean_gate: 0.3113124966621399, teacher_margin: 1.5616295337677002, teacher_margin_gate: 0.7564350366592407, teacher_clean_gate: 1.0, teacher_adv_gate: 1.0, tm_grad_cos: 0.8775659203529358, tm_scale: 1.0, tm_ps_scale: 1.0, pcgrad_conflicts: 0/0 tmix: alpha=0.0 ramp=0.0 clean_correct_fraction=0.9296875 mean_weight=0.0 target_l1=0.0 temperature=1.0
2026-10-07 19:20:01.583 | INFO     | __main__:<module>:1013 - lr:0.1 weight_nat: 0.4318982686173388, nat_loss: 0.08698761463165283, weight_adv: 0.5681017313826613, adv_loss: 0.07507538050413132 weight-klloss3 0.00306525 Loss3: 0.014339227229356766 clean_ce: 0.17879509925842285, adv_ce: 1.9076703786849976, adv_margin: 1.0522725582122803, clean_gate: 0.35071757435798645, teacher_margin: 1.1641976833343506, teacher_margin_gate: 0.6838608980178833, teacher_clean_gate: 1.0, teacher_adv_gate: 1.0, tm_grad_cos: 0.8236983418464661, tm_scale: 1.0, tm_ps_scale: 1.0, pcgrad_conflicts: 0/0 tmix: alpha=0.0 ramp=0.0 clean_correct_fraction=0.90625 mean_weight=0.0 target_l1=0.0 temperature=1.0
2026-10-07 19:20:30.595 | INFO     | __main__:<module>:1013 - lr:0.1 weight_nat: 0.423139102663592, nat_loss: 0.07682173699140549, weight_adv: 0.576860897336408, adv_loss: 0.06910626590251923 weight-klloss3 0.00306525 Loss3: 0.016908841207623482 clean_ce: 0.1788480579853058, adv_ce: 1.7250944375991821, adv_margin: 0.9065060019493103, clean_gate: 0.38251733779907227, teacher_margin: 1.1383366584777832, teacher_margin_gate: 0.7250691652297974, teacher_clean_gate: 1.0, teacher_adv_gate: 1.0, tm_grad_cos: 0.8404498100280762, tm_scale: 1.0, tm_ps_scale: 1.0, pcgrad_conflicts: 0/0 tmix: alpha=0.0 ramp=0.0 clean_correct_fraction=0.9375 mean_weight=0.0 target_l1=0.0 temperature=1.0
2026-10-07 19:20:56.946 | INFO     | __main__:<module>:1016 - TRAIN_EPOCH_RESOURCE epoch=3 seconds=113.7457897150889 peak_allocated_bytes=7532879360
2026-10-07 19:20:56.947 | INFO     | __main__:<module>:516 - METHOD epoch=4 views=1 awp_gamma=0.0 consistency_weight=0.0 awp_nat_weight=1.0
2026-10-07 19:20:56.947 | INFO     | __main__:<module>:519 - the 4th epoch 
2026-10-07 19:20:57.249 | INFO     | __main__:<module>:1013 - lr:0.1 weight_nat: 0.4180675758438462, nat_loss: 0.08360761404037476, weight_adv: 0.5819324241561538, adv_loss: 0.07300323992967606 weight-klloss3 0.0040869999999999995 Loss3: 0.01683168113231659 clean_ce: 0.15580694377422333, adv_ce: 1.8553197383880615, adv_margin: 1.122178077697754, clean_gate: 0.3465226888656616, teacher_margin: 1.1758681535720825, teacher_margin_gate: 0.6827225685119629, teacher_clean_gate: 1.0, teacher_adv_gate: 1.0, tm_grad_cos: 0.8466826677322388, tm_scale: 1.0, tm_ps_scale: 1.0, pcgrad_conflicts: 0/0 tmix: alpha=0.0 ramp=0.0 clean_correct_fraction=0.90625 mean_weight=0.0 target_l1=0.0 temperature=1.0
2026-10-07 19:21:26.483 | INFO     | __main__:<module>:1013 - lr:0.1 weight_nat: 0.40783774331478795, nat_loss: 0.07093264907598495, weight_adv: 0.592162256685212, adv_loss: 0.06769362837076187 weight-klloss3 0.0040869999999999995 Loss3: 0.021712876856327057 clean_ce: 0.13684426248073578, adv_ce: 1.778014898300171, adv_margin: 1.075840950012207, clean_gate: 0.3623890280723572, teacher_margin: 1.1626209020614624, teacher_margin_gate: 0.7026744484901428, teacher_clean_gate: 1.0, teacher_adv_gate: 1.0, tm_grad_cos: 0.8438557982444763, tm_scale: 1.0, tm_ps_scale: 1.0, pcgrad_conflicts: 0/0 tmix: alpha=0.0 ramp=0.0 clean_correct_fraction=0.953125 mean_weight=0.0 target_l1=0.0 temperature=1.0
2026-10-07 19:21:55.245 | INFO     | __main__:<module>:1013 - lr:0.1 weight_nat: 0.3989073527418342, nat_loss: 0.07012280076742172, weight_adv: 0.6010926472581658, adv_loss: 0.07262000441551208 weight-klloss3 0.0040869999999999995 Loss3: 0.02389124408364296 clean_ce: 0.12669150531291962, adv_ce: 1.920304536819458, adv_margin: 1.2150483131408691, clean_gate: 0.32732003927230835, teacher_margin: 1.2504303455352783, teacher_margin_gate: 0.7004504799842834, teacher_clean_gate: 1.0, teacher_adv_gate: 1.0, tm_grad_cos: 0.8463072180747986, tm_scale: 1.0, tm_ps_scale: 1.0, pcgrad_conflicts: 0/0 tmix: alpha=0.0 ramp=0.0 clean_correct_fraction=0.921875 mean_weight=0.0 target_l1=0.0 temperature=1.0
2026-10-07 19:22:23.884 | INFO     | __main__:<module>:1013 - lr:0.1 weight_nat: 0.3975617246009828, nat_loss: 0.07354213297367096, weight_adv: 0.6024382753990173, adv_loss: 0.08092799782752991 weight-klloss3 0.0040869999999999995 Loss3: 0.027323205024003983 clean_ce: 0.12366621196269989, adv_ce: 2.025603771209717, adv_margin: 1.237527847290039, clean_gate: 0.28147703409194946, teacher_margin: 1.427732229232788, teacher_margin_gate: 0.7070363759994507, teacher_clean_gate: 1.0, teacher_adv_gate: 1.0, tm_grad_cos: 0.8771620392799377, tm_scale: 1.0, tm_ps_scale: 1.0, pcgrad_conflicts: 0/0 tmix: alpha=0.0 ramp=0.0 clean_correct_fraction=0.9375 mean_weight=0.0 target_l1=0.0 temperature=1.0
2026-10-07 19:22:49.620 | INFO     | __main__:<module>:1016 - TRAIN_EPOCH_RESOURCE epoch=4 seconds=112.67362923687324 peak_allocated_bytes=7532879360
2026-10-07 19:22:49.621 | INFO     | __main__:<module>:516 - METHOD epoch=5 views=1 awp_gamma=0.0 consistency_weight=0.0 awp_nat_weight=1.0
2026-10-07 19:22:49.621 | INFO     | __main__:<module>:519 - the 5th epoch 
2026-10-07 19:22:49.928 | INFO     | __main__:<module>:1013 - lr:0.1 weight_nat: 0.3905079756710895, nat_loss: 0.056839484721422195, weight_adv: 0.6094920243289105, adv_loss: 0.06127059832215309 weight-klloss3 0.00510875 Loss3: 0.02611439675092697 clean_ce: 0.15396234393119812, adv_ce: 1.6912564039230347, adv_margin: 0.8946261405944824, clean_gate: 0.39348089694976807, teacher_margin: 1.0875192880630493, teacher_margin_gate: 0.7206793427467346, teacher_clean_gate: 1.0, teacher_adv_gate: 1.0, tm_grad_cos: 0.8439645171165466, tm_scale: 1.0, tm_ps_scale: 1.0, pcgrad_conflicts: 0/0 tmix: alpha=0.0 ramp=0.0 clean_correct_fraction=0.9140625 mean_weight=0.0 target_l1=0.0 temperature=1.0
2026-10-07 19:23:18.661 | INFO     | __main__:<module>:1013 - lr:0.1 weight_nat: 0.38181227769182907, nat_loss: 0.05214328318834305, weight_adv: 0.618187722308171, adv_loss: 0.05379283428192139 weight-klloss3 0.00510875 Loss3: 0.025745000690221786 clean_ce: 0.13688921928405762, adv_ce: 1.7371577024459839, adv_margin: 0.9644404649734497, clean_gate: 0.37157467007637024, teacher_margin: 1.019552230834961, teacher_margin_gate: 0.6826866865158081, teacher_clean_gate: 1.0, teacher_adv_gate: 1.0, tm_grad_cos: 0.8638180494308472, tm_scale: 1.0, tm_ps_scale: 1.0, pcgrad_conflicts: 0/0 tmix: alpha=0.0 ramp=0.0 clean_correct_fraction=0.9453125 mean_weight=0.0 target_l1=0.0 temperature=1.0
2026-10-07 19:23:47.601 | INFO     | __main__:<module>:1013 - lr:0.1 weight_nat: 0.37960948869183675, nat_loss: 0.06366228312253952, weight_adv: 0.6203905113081633, adv_loss: 0.06611187011003494 weight-klloss3 0.00510875 Loss3: 0.02706790342926979 clean_ce: 0.15050581097602844, adv_ce: 1.9572356939315796, adv_margin: 1.1623187065124512, clean_gate: 0.3266804814338684, teacher_margin: 1.1322047710418701, teacher_margin_gate: 0.6520112752914429, teacher_clean_gate: 1.0, teacher_adv_gate: 1.0, tm_grad_cos: 0.8380791544914246, tm_scale: 1.0, tm_ps_scale: 1.0, pcgrad_conflicts: 0/0 tmix: alpha=0.0 ramp=0.0 clean_correct_fraction=0.90625 mean_weight=0.0 target_l1=0.0 temperature=1.0
2026-10-07 19:24:16.324 | INFO     | __main__:<module>:1013 - lr:0.1 weight_nat: 0.36684913820606324, nat_loss: 0.05491219833493233, weight_adv: 0.6331508617939368, adv_loss: 0.06450425088405609 weight-klloss3 0.00510875 Loss3: 0.03281622752547264 clean_ce: 0.13675075769424438, adv_ce: 1.7885432243347168, adv_margin: 1.0849814414978027, clean_gate: 0.3636140823364258, teacher_margin: 1.1200809478759766, teacher_margin_gate: 0.685468852519989, teacher_clean_gate: 1.0, teacher_adv_gate: 1.0, tm_grad_cos: 0.8516718149185181, tm_scale: 1.0, tm_ps_scale: 1.0, pcgrad_conflicts: 0/0 tmix: alpha=0.0 ramp=0.0 clean_correct_fraction=0.9140625 mean_weight=0.0 target_l1=0.0 temperature=1.0
2026-10-07 19:24:42.118 | INFO     | __main__:<module>:1016 - TRAIN_EPOCH_RESOURCE epoch=5 seconds=112.49650841881521 peak_allocated_bytes=7533927936
2026-10-07 19:24:42.118 | INFO     | __main__:<module>:516 - METHOD epoch=6 views=1 awp_gamma=0.0 consistency_weight=0.0 awp_nat_weight=1.0
2026-10-07 19:24:42.118 | INFO     | __main__:<module>:519 - the 6th epoch 
2026-10-07 19:24:42.417 | INFO     | __main__:<module>:1013 - lr:0.1 weight_nat: 0.3630642435660707, nat_loss: 0.04325401410460472, weight_adv: 0.6369357564339293, adv_loss: 0.05866605043411255 weight-klloss3 0.0061305 Loss3: 0.029033150523900986 clean_ce: 0.13261649012565613, adv_ce: 1.6917709112167358, adv_margin: 0.9762167930603027, clean_gate: 0.422102153301239, teacher_margin: 1.0561437606811523, teacher_margin_gate: 0.7238867878913879, teacher_clean_gate: 1.0, teacher_adv_gate: 1.0, tm_grad_cos: 0.8416175842285156, tm_scale: 1.0, tm_ps_scale: 1.0, pcgrad_conflicts: 0/0 tmix: alpha=0.0 ramp=0.0 clean_correct_fraction=0.9375 mean_weight=0.0 target_l1=0.0 temperature=1.0
2026-10-07 19:25:11.203 | INFO     | __main__:<module>:1013 - lr:0.1 weight_nat: 0.3570439132203747, nat_loss: 0.0523245707154274, weight_adv: 0.6429560867796253, adv_loss: 0.0590621680021286 weight-klloss3 0.0061305 Loss3: 0.029211513698101044 clean_ce: 0.14536964893341064, adv_ce: 1.7893638610839844, adv_margin: 1.0161551237106323, clean_gate: 0.37248125672340393, teacher_margin: 1.0773844718933105, teacher_margin_gate: 0.7050520181655884, teacher_clean_gate: 1.0, teacher_adv_gate: 1.0, tm_grad_cos: 0.8558536171913147, tm_scale: 1.0, tm_ps_scale: 1.0, pcgrad_conflicts: 0/0 tmix: alpha=0.0 ramp=0.0 clean_correct_fraction=0.9296875 mean_weight=0.0 target_l1=0.0 temperature=1.0
2026-10-07 19:25:39.992 | INFO     | __main__:<module>:1013 - lr:0.1 weight_nat: 0.350470155384629, nat_loss: 0.04098481684923172, weight_adv: 0.6495298446153711, adv_loss: 0.05649953335523605 weight-klloss3 0.0061305 Loss3: 0.019827811047434807 clean_ce: 0.14364702999591827, adv_ce: 1.692947506904602, adv_margin: 0.9361797571182251, clean_gate: 0.3754936158657074, teacher_margin: 1.0398221015930176, teacher_margin_gate: 0.6858506202697754, teacher_clean_gate: 1.0, teacher_adv_gate: 1.0, tm_grad_cos: 0.8528146147727966, tm_scale: 1.0, tm_ps_scale: 1.0, pcgrad_conflicts: 0/0 tmix: alpha=0.0 ramp=0.0 clean_correct_fraction=0.9140625 mean_weight=0.0 target_l1=0.0 temperature=1.0
2026-10-07 19:26:08.896 | INFO     | __main__:<module>:1013 - lr:0.1 weight_nat: 0.3420966294108472, nat_loss: 0.03841352090239525, weight_adv: 0.6579033705891528, adv_loss: 0.0493832528591156 weight-klloss3 0.0061305 Loss3: 0.025792229920625687 clean_ce: 0.14681145548820496, adv_ce: 1.5800212621688843, adv_margin: 0.8615227937698364, clean_gate: 0.4267001152038574, teacher_margin: 0.8961547613143921, teacher_margin_gate: 0.6931276321411133, teacher_clean_gate: 1.0, teacher_adv_gate: 1.0, tm_grad_cos: 0.8398339152336121, tm_scale: 1.0, tm_ps_scale: 1.0, pcgrad_conflicts: 0/0 tmix: alpha=0.0 ramp=0.0 clean_correct_fraction=0.9296875 mean_weight=0.0 target_l1=0.0 temperature=1.0
2026-10-07 19:26:34.632 | INFO     | __main__:<module>:1016 - TRAIN_EPOCH_RESOURCE epoch=6 seconds=112.5139766910579 peak_allocated_bytes=7533927936
2026-10-07 19:26:34.632 | INFO     | __main__:<module>:516 - METHOD epoch=7 views=1 awp_gamma=0.0 consistency_weight=0.0 awp_nat_weight=1.0
2026-10-07 19:26:34.632 | INFO     | __main__:<module>:519 - the 7th epoch 
2026-10-07 19:26:34.934 | INFO     | __main__:<module>:1013 - lr:0.1 weight_nat: 0.33136390189474063, nat_loss: 0.04042327404022217, weight_adv: 0.6686360981052595, adv_loss: 0.0559973306953907 weight-klloss3 0.007152249999999999 Loss3: 0.032377324998378754 clean_ce: 0.13455204665660858, adv_ce: 1.7038651704788208, adv_margin: 0.9580981731414795, clean_gate: 0.37868672609329224, teacher_margin: 1.0260779857635498, teacher_margin_gate: 0.68548583984375, teacher_clean_gate: 1.0, teacher_adv_gate: 1.0, tm_grad_cos: 0.849992036819458, tm_scale: 1.0, tm_ps_scale: 1.0, pcgrad_conflicts: 0/0 tmix: alpha=0.0 ramp=0.0 clean_correct_fraction=0.9609375 mean_weight=0.0 target_l1=0.0 temperature=1.0
2026-10-07 19:27:03.821 | INFO     | __main__:<module>:1013 - lr:0.1 weight_nat: 0.3286291847520443, nat_loss: 0.043503597378730774, weight_adv: 0.6713708152479557, adv_loss: 0.05769418179988861 weight-klloss3 0.007152249999999999 Loss3: 0.02787286788225174 clean_ce: 0.1320601999759674, adv_ce: 1.8593641519546509, adv_margin: 1.1025047302246094, clean_gate: 0.3314659297466278, teacher_margin: 1.028686761856079, teacher_margin_gate: 0.6433150768280029, teacher_clean_gate: 1.0, teacher_adv_gate: 1.0, tm_grad_cos: 0.8568780422210693, tm_scale: 1.0, tm_ps_scale: 1.0, pcgrad_conflicts: 0/0 tmix: alpha=0.0 ramp=0.0 clean_correct_fraction=0.875 mean_weight=0.0 target_l1=0.0 temperature=1.0
2026-10-07 19:27:32.685 | INFO     | __main__:<module>:1013 - lr:0.1 weight_nat: 0.3220152407494356, nat_loss: 0.04093989357352257, weight_adv: 0.6779847592505645, adv_loss: 0.053459055721759796 weight-klloss3 0.007152249999999999 Loss3: 0.023317620158195496 clean_ce: 0.13616220653057098, adv_ce: 1.7389004230499268, adv_margin: 0.9927072525024414, clean_gate: 0.381267786026001, teacher_margin: 0.9070024490356445, teacher_margin_gate: 0.6609808206558228, teacher_clean_gate: 1.0, teacher_adv_gate: 1.0, tm_grad_cos: 0.8185741305351257, tm_scale: 1.0, tm_ps_scale: 1.0, pcgrad_conflicts: 0/0 tmix: alpha=0.0 ramp=0.0 clean_correct_fraction=0.921875 mean_weight=0.0 target_l1=0.0 temperature=1.0
2026-10-07 19:28:01.678 | INFO     | __main__:<module>:1013 - lr:0.1 weight_nat: 0.31796129729846223, nat_loss: 0.03836917132139206, weight_adv: 0.6820387027015379, adv_loss: 0.04994741082191467 weight-klloss3 0.007152249999999999 Loss3: 0.029226135462522507 clean_ce: 0.17480584979057312, adv_ce: 1.5741207599639893, adv_margin: 0.7739779949188232, clean_gate: 0.43113237619400024, teacher_margin: 0.8855043053627014, teacher_margin_gate: 0.6855607032775879, teacher_clean_gate: 1.0, teacher_adv_gate: 1.0, tm_grad_cos: 0.8335490226745605, tm_scale: 1.0, tm_ps_scale: 1.0, pcgrad_conflicts: 0/0 tmix: alpha=0.0 ramp=0.0 clean_correct_fraction=0.8984375 mean_weight=0.0 target_l1=0.0 temperature=1.001
2026-10-07 19:28:27.662 | INFO     | __main__:<module>:1016 - TRAIN_EPOCH_RESOURCE epoch=7 seconds=113.02917111897841 peak_allocated_bytes=7533469184
2026-10-07 19:28:27.662 | INFO     | __main__:<module>:516 - METHOD epoch=8 views=1 awp_gamma=0.0 consistency_weight=0.0 awp_nat_weight=1.0
2026-10-07 19:28:27.662 | INFO     | __main__:<module>:519 - the 8th epoch 
2026-10-07 19:28:27.967 | INFO     | __main__:<module>:1013 - lr:0.1 weight_nat: 0.317800504481357, nat_loss: 0.029060719534754753, weight_adv: 0.682199495518643, adv_loss: 0.04606490582227707 weight-klloss3 0.008173999999999999 Loss3: 0.029957205057144165 clean_ce: 0.14992880821228027, adv_ce: 1.590552568435669, adv_margin: 0.8042482137680054, clean_gate: 0.4344639778137207, teacher_margin: 0.8168989419937134, teacher_margin_gate: 0.6625546813011169, teacher_clean_gate: 1.0, teacher_adv_gate: 1.0, tm_grad_cos: 0.8261617422103882, tm_scale: 1.0, tm_ps_scale: 1.0, pcgrad_conflicts: 0/0 tmix: alpha=0.0 ramp=0.0 clean_correct_fraction=0.9296875 mean_weight=0.0 target_l1=0.0 temperature=1.0039999999999996
2026-10-07 19:28:56.845 | INFO     | __main__:<module>:1013 - lr:0.1 weight_nat: 0.3127487976349461, nat_loss: 0.03902873024344444, weight_adv: 0.6872512023650539, adv_loss: 0.049974896013736725 weight-klloss3 0.008173999999999999 Loss3: 0.02191605418920517 clean_ce: 0.13276049494743347, adv_ce: 1.7039557695388794, adv_margin: 1.0305801630020142, clean_gate: 0.4036460518836975, teacher_margin: 0.775590181350708, teacher_margin_gate: 0.6342653036117554, teacher_clean_gate: 1.0, teacher_adv_gate: 1.0, tm_grad_cos: 0.7977246642112732, tm_scale: 1.0, tm_ps_scale: 1.0, pcgrad_conflicts: 0/0 tmix: alpha=0.0 ramp=0.0 clean_correct_fraction=0.828125 mean_weight=0.0 target_l1=0.0 temperature=1.0
2026-10-07 19:29:25.756 | INFO     | __main__:<module>:1013 - lr:0.1 weight_nat: 0.3104029678551657, nat_loss: 0.04066258296370506, weight_adv: 0.6895970321448343, adv_loss: 0.0513932965695858 weight-klloss3 0.008173999999999999 Loss3: 0.025681883096694946 clean_ce: 0.15765438973903656, adv_ce: 1.7617541551589966, adv_margin: 0.9680750370025635, clean_gate: 0.3798646330833435, teacher_margin: 0.9401457905769348, teacher_margin_gate: 0.670823335647583, teacher_clean_gate: 1.0, teacher_adv_gate: 1.0, tm_grad_cos: 0.8312374949455261, tm_scale: 1.0, tm_ps_scale: 1.0, pcgrad_conflicts: 0/0 tmix: alpha=0.0 ramp=0.0 clean_correct_fraction=0.921875 mean_weight=0.0 target_l1=0.0 temperature=1.0049999999999994
2026-10-07 19:29:54.623 | INFO     | __main__:<module>:1013 - lr:0.1 weight_nat: 0.3136092283038552, nat_loss: 0.032707612961530685, weight_adv: 0.6863907716961449, adv_loss: 0.046843886375427246 weight-klloss3 0.008173999999999999 Loss3: 0.02663182094693184 clean_ce: 0.1656820923089981, adv_ce: 1.5138911008834839, adv_margin: 0.7421262264251709, clean_gate: 0.45032429695129395, teacher_margin: 0.8635047078132629, teacher_margin_gate: 0.7118009924888611, teacher_clean_gate: 1.0, teacher_adv_gate: 1.0, tm_grad_cos: 0.8379310965538025, tm_scale: 1.0, tm_ps_scale: 1.0, pcgrad_conflicts: 0/0 tmix: alpha=0.0 ramp=0.0 clean_correct_fraction=0.921875 mean_weight=0.0 target_l1=0.0 temperature=1.0029999999999997
2026-10-07 19:30:20.531 | INFO     | __main__:<module>:1016 - TRAIN_EPOCH_RESOURCE epoch=8 seconds=112.86852736002766 peak_allocated_bytes=7534784512
2026-10-07 19:30:20.532 | INFO     | __main__:<module>:516 - METHOD epoch=9 views=1 awp_gamma=0.0 consistency_weight=0.0 awp_nat_weight=1.0
2026-10-07 19:30:20.532 | INFO     | __main__:<module>:519 - the 9th epoch 
2026-10-07 19:30:20.831 | INFO     | __main__:<module>:1013 - lr:0.1 weight_nat: 0.3132643457160975, nat_loss: 0.03618768975138664, weight_adv: 0.6867356542839026, adv_loss: 0.048007529228925705 weight-klloss3 0.009195749999999999 Loss3: 0.030900586396455765 clean_ce: 0.15535515546798706, adv_ce: 1.5981948375701904, adv_margin: 0.8608804941177368, clean_gate: 0.4151531457901001, teacher_margin: 0.8762803077697754, teacher_margin_gate: 0.6764136552810669, teacher_clean_gate: 1.0, teacher_adv_gate: 1.0, tm_grad_cos: 0.8147909045219421, tm_scale: 1.0, tm_ps_scale: 1.0, pcgrad_conflicts: 0/0 tmix: alpha=0.0 ramp=0.0 clean_correct_fraction=0.9140625 mean_weight=0.0 target_l1=0.0 temperature=1.0139999999999985
2026-10-07 19:30:49.554 | INFO     | __main__:<module>:1013 - lr:0.1 weight_nat: 0.31192159604986236, nat_loss: 0.02742837741971016, weight_adv: 0.6880784039501378, adv_loss: 0.043628934770822525 weight-klloss3 0.009195749999999999 Loss3: 0.029360704123973846 clean_ce: 0.16362108290195465, adv_ce: 1.5141692161560059, adv_margin: 0.7483717799186707, clean_gate: 0.44994309544563293, teacher_margin: 0.8065597414970398, teacher_margin_gate: 0.6857247352600098, teacher_clean_gate: 1.0, teacher_adv_gate: 1.0, tm_grad_cos: 0.8151957392692566, tm_scale: 1.0, tm_ps_scale: 1.0, pcgrad_conflicts: 0/0 tmix: alpha=0.0 ramp=0.0 clean_correct_fraction=0.8984375 mean_weight=0.0 target_l1=0.0 temperature=1.0079999999999991
2026-10-07 19:31:18.267 | INFO     | __main__:<module>:1013 - lr:0.1 weight_nat: 0.31403452071015114, nat_loss: 0.035139232873916626, weight_adv: 0.685965479289849, adv_loss: 0.04697706922888756 weight-klloss3 0.009195749999999999 Loss3: 0.026111122220754623 clean_ce: 0.14767976105213165, adv_ce: 1.5557763576507568, adv_margin: 0.8437750339508057, clean_gate: 0.4409632384777069, teacher_margin: 0.8034268021583557, teacher_margin_gate: 0.6634405851364136, teacher_clean_gate: 1.0, teacher_adv_gate: 1.0, tm_grad_cos: 0.7948692440986633, tm_scale: 1.0, tm_ps_scale: 1.0, pcgrad_conflicts: 0/0 tmix: alpha=0.0 ramp=0.0 clean_correct_fraction=0.890625 mean_weight=0.0 target_l1=0.0 temperature=1.0119999999999987
2026-10-07 19:31:47.050 | INFO     | __main__:<module>:1013 - lr:0.1 weight_nat: 0.3174177652742817, nat_loss: 0.03620816394686699, weight_adv: 0.6825822347257182, adv_loss: 0.04553515091538429 weight-klloss3 0.009195749999999999 Loss3: 0.02304685488343239 clean_ce: 0.14835722744464874, adv_ce: 1.6158887147903442, adv_margin: 0.8759746551513672, clean_gate: 0.4416908621788025, teacher_margin: 0.8490750193595886, teacher_margin_gate: 0.682823657989502, teacher_clean_gate: 1.0, teacher_adv_gate: 1.0, tm_grad_cos: 0.8164746165275574, tm_scale: 1.0, tm_ps_scale: 1.0, pcgrad_conflicts: 0/0 tmix: alpha=0.0 ramp=0.0 clean_correct_fraction=0.890625 mean_weight=0.0 target_l1=0.0 temperature=1.0029999999999997
2026-10-07 19:32:12.911 | INFO     | __main__:<module>:1016 - TRAIN_EPOCH_RESOURCE epoch=9 seconds=112.37938620289788 peak_allocated_bytes=7532879360
2026-10-07 19:32:12.912 | INFO     | __main__:<module>:516 - METHOD epoch=10 views=1 awp_gamma=0.0 consistency_weight=0.0 awp_nat_weight=1.0
2026-10-07 19:32:12.912 | INFO     | __main__:<module>:519 - the 10th epoch 
2026-10-07 19:32:13.215 | INFO     | __main__:<module>:1013 - lr:0.1 weight_nat: 0.31298752045571615, nat_loss: 0.03617614880204201, weight_adv: 0.6870124795442839, adv_loss: 0.05107460170984268 weight-klloss3 0.0102175 Loss3: 0.03900139033794403 clean_ce: 0.1280597448348999, adv_ce: 1.7504035234451294, adv_margin: 1.0781900882720947, clean_gate: 0.3858020007610321, teacher_margin: 0.9688029289245605, teacher_margin_gate: 0.663010835647583, teacher_clean_gate: 1.0, teacher_adv_gate: 1.0, tm_grad_cos: 0.8576666712760925, tm_scale: 1.0, tm_ps_scale: 1.0, pcgrad_conflicts: 0/0 tmix: alpha=0.0 ramp=0.0 clean_correct_fraction=0.9140625 mean_weight=0.0 target_l1=0.0 temperature=1.0039999999999996
2026-10-07 19:32:41.948 | INFO     | __main__:<module>:1013 - lr:0.1 weight_nat: 0.3112780294309131, nat_loss: 0.02850743569433689, weight_adv: 0.6887219705690869, adv_loss: 0.04755067825317383 weight-klloss3 0.0102175 Loss3: 0.03877988085150719 clean_ce: 0.15439069271087646, adv_ce: 1.5643559694290161, adv_margin: 0.8075512647628784, clean_gate: 0.4462958574295044, teacher_margin: 0.8206946849822998, teacher_margin_gate: 0.6847458481788635, teacher_clean_gate: 1.0, teacher_adv_gate: 1.0, tm_grad_cos: 0.8203893899917603, tm_scale: 1.0, tm_ps_scale: 1.0, pcgrad_conflicts: 0/0 tmix: alpha=0.0 ramp=0.0 clean_correct_fraction=0.9453125 mean_weight=0.0 target_l1=0.0 temperature=1.0079999999999991
2026-10-07 19:33:10.706 | INFO     | __main__:<module>:1013 - lr:0.1 weight_nat: 0.3119439201112805, nat_loss: 0.02978675439953804, weight_adv: 0.6880560798887195, adv_loss: 0.04594883322715759 weight-klloss3 0.0102175 Loss3: 0.03159242868423462 clean_ce: 0.1500084400177002, adv_ce: 1.5449633598327637, adv_margin: 0.8002345561981201, clean_gate: 0.4448854327201843, teacher_margin: 0.814724862575531, teacher_margin_gate: 0.6913177967071533, teacher_clean_gate: 1.0, teacher_adv_gate: 1.0, tm_grad_cos: 0.8024312853813171, tm_scale: 1.0, tm_ps_scale: 1.0, pcgrad_conflicts: 0/0 tmix: alpha=0.0 ramp=0.0 clean_correct_fraction=0.9609375 mean_weight=0.0 target_l1=0.0 temperature=1.0039999999999996
2026-10-07 19:33:39.502 | INFO     | __main__:<module>:1013 - lr:0.1 weight_nat: 0.312063502576548, nat_loss: 0.03169895336031914, weight_adv: 0.6879364974234521, adv_loss: 0.046246565878391266 weight-klloss3 0.0102175 Loss3: 0.03315184265375137 clean_ce: 0.14272761344909668, adv_ce: 1.702144980430603, adv_margin: 0.9420880079269409, clean_gate: 0.377356618642807, teacher_margin: 0.8597024083137512, teacher_margin_gate: 0.6321538686752319, teacher_clean_gate: 1.0, teacher_adv_gate: 1.0, tm_grad_cos: 0.8394039273262024, tm_scale: 1.0, tm_ps_scale: 1.0, pcgrad_conflicts: 0/0 tmix: alpha=0.0 ramp=0.0 clean_correct_fraction=0.875 mean_weight=0.0 target_l1=0.0 temperature=1.0019999999999998
2026-10-07 19:34:05.450 | INFO     | __main__:<module>:1016 - TRAIN_EPOCH_RESOURCE epoch=10 seconds=112.53829750884324 peak_allocated_bytes=7532879360
2026-10-07 19:34:05.451 | INFO     | __main__:<module>:516 - METHOD epoch=11 views=1 awp_gamma=0.0 consistency_weight=0.0 awp_nat_weight=1.0
2026-10-07 19:34:05.451 | INFO     | __main__:<module>:519 - the 11th epoch 
2026-10-07 19:34:05.751 | INFO     | __main__:<module>:1013 - lr:0.1 weight_nat: 0.31566859231054456, nat_loss: 0.03090950846672058, weight_adv: 0.6843314076894556, adv_loss: 0.04073595628142357 weight-klloss3 0.01123925 Loss3: 0.03302190452814102 clean_ce: 0.17156660556793213, adv_ce: 1.5214251279830933, adv_margin: 0.7884781360626221, clean_gate: 0.42738214135169983, teacher_margin: 0.7834457755088806, teacher_margin_gate: 0.6543596982955933, teacher_clean_gate: 1.0, teacher_adv_gate: 1.0, tm_grad_cos: 0.8306335210800171, tm_scale: 1.0, tm_ps_scale: 1.0, pcgrad_conflicts: 0/0 tmix: alpha=0.0 ramp=0.0 clean_correct_fraction=0.8984375 mean_weight=0.0 target_l1=0.0 temperature=1.0109999999999988
2026-10-07 19:34:34.682 | INFO     | __main__:<module>:1013 - lr:0.1 weight_nat: 0.3099925365143241, nat_loss: 0.03534665331244469, weight_adv: 0.6900074634856759, adv_loss: 0.042876992374658585 weight-klloss3 0.01123925 Loss3: 0.02714553475379944 clean_ce: 0.15057224035263062, adv_ce: 1.6328051090240479, adv_margin: 0.9001262187957764, clean_gate: 0.41674381494522095, teacher_margin: 0.7841218709945679, teacher_margin_gate: 0.6507027745246887, teacher_clean_gate: 1.0, teacher_adv_gate: 1.0, tm_grad_cos: 0.8173136711120605, tm_scale: 1.0, tm_ps_scale: 1.0, pcgrad_conflicts: 0/0 tmix: alpha=0.0 ramp=0.0 clean_correct_fraction=0.9140625 mean_weight=0.0 target_l1=0.0 temperature=1.008999999999999
2026-10-07 19:35:03.687 | INFO     | __main__:<module>:1013 - lr:0.1 weight_nat: 0.31060423891457606, nat_loss: 0.02549208514392376, weight_adv: 0.689395761085424, adv_loss: 0.04174439609050751 weight-klloss3 0.01123925 Loss3: 0.03370805084705353 clean_ce: 0.14321357011795044, adv_ce: 1.4531431198120117, adv_margin: 0.754122793674469, clean_gate: 0.47012341022491455, teacher_margin: 0.7434356212615967, teacher_margin_gate: 0.6870089769363403, teacher_clean_gate: 1.0, teacher_adv_gate: 1.0, tm_grad_cos: 0.8179585337638855, tm_scale: 1.0, tm_ps_scale: 1.0, pcgrad_conflicts: 0/0 tmix: alpha=0.0 ramp=0.0 clean_correct_fraction=0.921875 mean_weight=0.0 target_l1=0.0 temperature=1.0129999999999986
2026-10-07 19:35:32.725 | INFO     | __main__:<module>:1013 - lr:0.1 weight_nat: 0.3174652314159919, nat_loss: 0.030148986726999283, weight_adv: 0.6825347685840081, adv_loss: 0.04261554777622223 weight-klloss3 0.01123925 Loss3: 0.025480803102254868 clean_ce: 0.16108693182468414, adv_ce: 1.4669523239135742, adv_margin: 0.7440391778945923, clean_gate: 0.48450273275375366, teacher_margin: 0.7138974666595459, teacher_margin_gate: 0.6822876334190369, teacher_clean_gate: 1.0, teacher_adv_gate: 1.0, tm_grad_cos: 0.7976879477500916, tm_scale: 1.0, tm_ps_scale: 1.0, pcgrad_conflicts: 0/0 tmix: alpha=0.0 ramp=0.0 clean_correct_fraction=0.890625 mean_weight=0.0 target_l1=0.0 temperature=1.0049999999999994
2026-10-07 19:35:58.480 | INFO     | __main__:<module>:1016 - TRAIN_EPOCH_RESOURCE epoch=11 seconds=113.02874605590478 peak_allocated_bytes=7533735936
2026-10-07 19:35:58.480 | INFO     | __main__:<module>:516 - METHOD epoch=12 views=1 awp_gamma=0.0 consistency_weight=0.0 awp_nat_weight=1.0
2026-10-07 19:35:58.480 | INFO     | __main__:<module>:519 - the 12th epoch 
2026-10-07 19:35:58.778 | INFO     | __main__:<module>:1013 - lr:0.1 weight_nat: 0.3109939469595158, nat_loss: 0.02833710052073002, weight_adv: 0.6890060530404842, adv_loss: 0.038875795900821686 weight-klloss3 0.012261 Loss3: 0.03232812508940697 clean_ce: 0.15201391279697418, adv_ce: 1.5753462314605713, adv_margin: 0.8106037378311157, clean_gate: 0.4351404905319214, teacher_margin: 0.6960340738296509, teacher_margin_gate: 0.6410162448883057, teacher_clean_gate: 1.0, teacher_adv_gate: 1.0, tm_grad_cos: 0.8124272227287292, tm_scale: 1.0, tm_ps_scale: 1.0, pcgrad_conflicts: 0/0 tmix: alpha=0.0 ramp=0.0 clean_correct_fraction=0.9609375 mean_weight=0.0 target_l1=0.0 temperature=1.0049999999999994
2026-10-07 19:36:27.463 | INFO     | __main__:<module>:1013 - lr:0.1 weight_nat: 0.3121897500897954, nat_loss: 0.033615730702877045, weight_adv: 0.6878102499102047, adv_loss: 0.04156748205423355 weight-klloss3 0.012261 Loss3: 0.023921392858028412 clean_ce: 0.12501966953277588, adv_ce: 1.7732253074645996, adv_margin: 1.10596764087677, clean_gate: 0.3866584599018097, teacher_margin: 0.7458778619766235, teacher_margin_gate: 0.5961671471595764, teacher_clean_gate: 1.0, teacher_adv_gate: 1.0, tm_grad_cos: 0.8124541640281677, tm_scale: 1.0, tm_ps_scale: 1.0, pcgrad_conflicts: 0/0 tmix: alpha=0.0 ramp=0.0 clean_correct_fraction=0.8671875 mean_weight=0.0 target_l1=0.0 temperature=1.0069999999999992
2026-10-07 19:36:56.195 | INFO     | __main__:<module>:1013 - lr:0.1 weight_nat: 0.31118823684450814, nat_loss: 0.03205398842692375, weight_adv: 0.6888117631554919, adv_loss: 0.04205141216516495 weight-klloss3 0.012261 Loss3: 0.03953300416469574 clean_ce: 0.13403108716011047, adv_ce: 1.6467167139053345, adv_margin: 0.9876825213432312, clean_gate: 0.4192517101764679, teacher_margin: 0.7617628574371338, teacher_margin_gate: 0.6453485488891602, teacher_clean_gate: 1.0, teacher_adv_gate: 1.0, tm_grad_cos: 0.8302834033966064, tm_scale: 1.0, tm_ps_scale: 1.0, pcgrad_conflicts: 0/0 tmix: alpha=0.0 ramp=0.0 clean_correct_fraction=0.890625 mean_weight=0.0 target_l1=0.0 temperature=1.0069999999999992
2026-10-07 19:37:24.862 | INFO     | __main__:<module>:1013 - lr:0.1 weight_nat: 0.31034156316017486, nat_loss: 0.03464696928858757, weight_adv: 0.6896584368398252, adv_loss: 0.04618235304951668 weight-klloss3 0.012261 Loss3: 0.027305208146572113 clean_ce: 0.12178310751914978, adv_ce: 1.7645756006240845, adv_margin: 1.0503711700439453, clean_gate: 0.4022189974784851, teacher_margin: 0.8026589155197144, teacher_margin_gate: 0.641474723815918, teacher_clean_gate: 1.0, teacher_adv_gate: 1.0, tm_grad_cos: 0.788848876953125, tm_scale: 1.0, tm_ps_scale: 1.0, pcgrad_conflicts: 0/0 tmix: alpha=0.0 ramp=0.0 clean_correct_fraction=0.90625 mean_weight=0.0 target_l1=0.0 temperature=1.0019999999999998
2026-10-07 19:37:50.658 | INFO     | __main__:<module>:1016 - TRAIN_EPOCH_RESOURCE epoch=12 seconds=112.17780686006881 peak_allocated_bytes=7533927936
2026-10-07 19:37:50.659 | INFO     | __main__:<module>:516 - METHOD epoch=13 views=1 awp_gamma=0.0 consistency_weight=0.0 awp_nat_weight=1.0
2026-10-07 19:37:50.659 | INFO     | __main__:<module>:519 - the 13th epoch 
2026-10-07 19:37:50.958 | INFO     | __main__:<module>:1013 - lr:0.1 weight_nat: 0.3101779864334884, nat_loss: 0.027497131377458572, weight_adv: 0.6898220135665116, adv_loss: 0.04158785939216614 weight-klloss3 0.01328275 Loss3: 0.03668581694364548 clean_ce: 0.14891326427459717, adv_ce: 1.528807282447815, adv_margin: 0.8041106462478638, clean_gate: 0.4526103734970093, teacher_margin: 0.7217277884483337, teacher_margin_gate: 0.6577166318893433, teacher_clean_gate: 1.0, teacher_adv_gate: 1.0, tm_grad_cos: 0.8209132552146912, tm_scale: 1.0, tm_ps_scale: 1.0, pcgrad_conflicts: 0/0 tmix: alpha=0.0 ramp=0.0 clean_correct_fraction=0.9375 mean_weight=0.0 target_l1=0.0 temperature=1.0029999999999997
2026-10-07 19:38:19.753 | INFO     | __main__:<module>:1013 - lr:0.1 weight_nat: 0.3141348688311644, nat_loss: 0.030686963349580765, weight_adv: 0.6858651311688355, adv_loss: 0.04242551326751709 weight-klloss3 0.01328275 Loss3: 0.032551445066928864 clean_ce: 0.1318487823009491, adv_ce: 1.6460750102996826, adv_margin: 0.9291988611221313, clean_gate: 0.38182443380355835, teacher_margin: 0.817915678024292, teacher_margin_gate: 0.626449704170227, teacher_clean_gate: 1.0, teacher_adv_gate: 1.0, tm_grad_cos: 0.8436989784240723, tm_scale: 1.0, tm_ps_scale: 1.0, pcgrad_conflicts: 0/0 tmix: alpha=0.0 ramp=0.0 clean_correct_fraction=0.875 mean_weight=0.0 target_l1=0.0 temperature=1.0069999999999992
2026-10-07 19:38:48.754 | INFO     | __main__:<module>:1013 - lr:0.1 weight_nat: 0.3168674974719018, nat_loss: 0.02705180086195469, weight_adv: 0.6831325025280983, adv_loss: 0.040022511035203934 weight-klloss3 0.01328275 Loss3: 0.029661856591701508 clean_ce: 0.143074631690979, adv_ce: 1.4631441831588745, adv_margin: 0.7985283136367798, clean_gate: 0.47543781995773315, teacher_margin: 0.7583948969841003, teacher_margin_gate: 0.6897980570793152, teacher_clean_gate: 1.0, teacher_adv_gate: 1.0, tm_grad_cos: 0.8157224655151367, tm_scale: 1.0, tm_ps_scale: 1.0, pcgrad_conflicts: 0/0 tmix: alpha=0.0 ramp=0.0 clean_correct_fraction=0.890625 mean_weight=0.0 target_l1=0.0 temperature=1.0149999999999983
2026-10-07 19:39:17.543 | INFO     | __main__:<module>:1013 - lr:0.1 weight_nat: 0.31458722236964454, nat_loss: 0.03199585899710655, weight_adv: 0.6854127776303555, adv_loss: 0.03895287215709686 weight-klloss3 0.01328275 Loss3: 0.03574000671505928 clean_ce: 0.12960171699523926, adv_ce: 1.591026782989502, adv_margin: 0.9156503677368164, clean_gate: 0.4152655601501465, teacher_margin: 0.7348445653915405, teacher_margin_gate: 0.6377012133598328, teacher_clean_gate: 1.0, teacher_adv_gate: 1.0, tm_grad_cos: 0.822736382484436, tm_scale: 1.0, tm_ps_scale: 1.0, pcgrad_conflicts: 0/0 tmix: alpha=0.0 ramp=0.0 clean_correct_fraction=0.9375 mean_weight=0.0 target_l1=0.0 temperature=1.0049999999999994
2026-10-07 19:39:43.582 | INFO     | __main__:<module>:1016 - TRAIN_EPOCH_RESOURCE epoch=13 seconds=112.92286191508174 peak_allocated_bytes=7533927936
2026-10-07 19:39:43.582 | INFO     | __main__:<module>:516 - METHOD epoch=14 views=1 awp_gamma=0.0 consistency_weight=0.0 awp_nat_weight=1.0
2026-10-07 19:39:43.582 | INFO     | __main__:<module>:519 - the 14th epoch 
2026-10-07 19:39:43.881 | INFO     | __main__:<module>:1013 - lr:0.1 weight_nat: 0.30863022802027806, nat_loss: 0.030385375022888184, weight_adv: 0.6913697719797219, adv_loss: 0.03756411746144295 weight-klloss3 0.014304499999999998 Loss3: 0.032438166439533234 clean_ce: 0.14202645421028137, adv_ce: 1.4643298387527466, adv_margin: 0.7997558116912842, clean_gate: 0.4662511348724365, teacher_margin: 0.6713614463806152, teacher_margin_gate: 0.6631476879119873, teacher_clean_gate: 1.0, teacher_adv_gate: 1.0, tm_grad_cos: 0.7993704080581665, tm_scale: 1.0, tm_ps_scale: 1.0, pcgrad_conflicts: 0/0 tmix: alpha=0.0 ramp=0.0 clean_correct_fraction=0.921875 mean_weight=0.0 target_l1=0.0 temperature=1.0019999999999998
2026-10-07 19:40:12.767 | INFO     | __main__:<module>:1013 - lr:0.1 weight_nat: 0.31311251436051185, nat_loss: 0.02502216398715973, weight_adv: 0.6868874856394882, adv_loss: 0.036601871252059937 weight-klloss3 0.014304499999999998 Loss3: 0.04561552032828331 clean_ce: 0.1349245011806488, adv_ce: 1.3888758420944214, adv_margin: 0.7437659502029419, clean_gate: 0.4700745940208435, teacher_margin: 0.7050143480300903, teacher_margin_gate: 0.6809881329536438, teacher_clean_gate: 1.0, teacher_adv_gate: 1.0, tm_grad_cos: 0.8233186602592468, tm_scale: 1.0, tm_ps_scale: 1.0, pcgrad_conflicts: 0/0 tmix: alpha=0.0 ramp=0.0 clean_correct_fraction=0.90625 mean_weight=0.0 target_l1=0.0 temperature=1.0049999999999994
2026-10-07 19:40:41.515 | INFO     | __main__:<module>:1013 - lr:0.1 weight_nat: 0.31740026593859993, nat_loss: 0.029779750853776932, weight_adv: 0.6825997340614001, adv_loss: 0.03435658663511276 weight-klloss3 0.014304499999999998 Loss3: 0.030115734785795212 clean_ce: 0.13489246368408203, adv_ce: 1.5609694719314575, adv_margin: 0.9209343194961548, clean_gate: 0.44186562299728394, teacher_margin: 0.6452302932739258, teacher_margin_gate: 0.6428890228271484, teacher_clean_gate: 1.0, teacher_adv_gate: 1.0, tm_grad_cos: 0.8041701316833496, tm_scale: 1.0, tm_ps_scale: 1.0, pcgrad_conflicts: 0/0 tmix: alpha=0.0 ramp=0.0 clean_correct_fraction=0.8671875 mean_weight=0.0 target_l1=0.0 temperature=1.0049999999999994
2026-10-07 19:41:10.580 | INFO     | __main__:<module>:1013 - lr:0.1 weight_nat: 0.3093358132050335, nat_loss: 0.03033367358148098, weight_adv: 0.6906641867949666, adv_loss: 0.03734073415398598 weight-klloss3 0.014304499999999998 Loss3: 0.028754200786352158 clean_ce: 0.15221205353736877, adv_ce: 1.614079236984253, adv_margin: 0.8621727228164673, clean_gate: 0.4325864911079407, teacher_margin: 0.6792088150978088, teacher_margin_gate: 0.634471595287323, teacher_clean_gate: 1.0, teacher_adv_gate: 1.0, tm_grad_cos: 0.8211904168128967, tm_scale: 1.0, tm_ps_scale: 1.0, pcgrad_conflicts: 0/0 tmix: alpha=0.0 ramp=0.0 clean_correct_fraction=0.875 mean_weight=0.0 target_l1=0.0 temperature=1.0069999999999992
2026-10-07 19:41:36.533 | INFO     | __main__:<module>:1016 - TRAIN_EPOCH_RESOURCE epoch=14 seconds=112.95092965709046 peak_allocated_bytes=7532879360
2026-10-07 19:41:36.533 | INFO     | __main__:<module>:516 - METHOD epoch=15 views=1 awp_gamma=0.0 consistency_weight=0.0 awp_nat_weight=1.0
2026-10-07 19:41:36.534 | INFO     | __main__:<module>:519 - the 15th epoch 
2026-10-07 19:41:36.834 | INFO     | __main__:<module>:1013 - lr:0.1 weight_nat: 0.3109792675624309, nat_loss: 0.02396046556532383, weight_adv: 0.6890207324375692, adv_loss: 0.03744553029537201 weight-klloss3 0.01532625 Loss3: 0.03127860277891159 clean_ce: 0.154963880777359, adv_ce: 1.4408869743347168, adv_margin: 0.743666410446167, clean_gate: 0.4790102541446686, teacher_margin: 0.6385068297386169, teacher_margin_gate: 0.6653022766113281, teacher_clean_gate: 1.0, teacher_adv_gate: 1.0, tm_grad_cos: 0.8010267019271851, tm_scale: 1.0, tm_ps_scale: 1.0, pcgrad_conflicts: 0/0 tmix: alpha=0.0 ramp=0.0 clean_correct_fraction=0.90625 mean_weight=0.0 target_l1=0.0 temperature=1.009999999999999
2026-10-07 19:42:05.790 | INFO     | __main__:<module>:1013 - lr:0.1 weight_nat: 0.3144353661303598, nat_loss: 0.02759033441543579, weight_adv: 0.6855646338696403, adv_loss: 0.03428298234939575 weight-klloss3 0.01532625 Loss3: 0.0315079465508461 clean_ce: 0.15368375182151794, adv_ce: 1.4423569440841675, adv_margin: 0.7168102264404297, clean_gate: 0.4827415347099304, teacher_margin: 0.6545757055282593, teacher_margin_gate: 0.6753100156784058, teacher_clean_gate: 1.0, teacher_adv_gate: 1.0, tm_grad_cos: 0.8000131249427795, tm_scale: 1.0, tm_ps_scale: 1.0, pcgrad_conflicts: 0/0 tmix: alpha=0.0 ramp=0.0 clean_correct_fraction=0.9296875 mean_weight=0.0 target_l1=0.0 temperature=1.0019999999999998
2026-10-07 19:42:34.793 | INFO     | __main__:<module>:1013 - lr:0.1 weight_nat: 0.30929735850104134, nat_loss: 0.021557271480560303, weight_adv: 0.6907026414989587, adv_loss: 0.03872377797961235 weight-klloss3 0.01532625 Loss3: 0.04279760643839836 clean_ce: 0.14980514347553253, adv_ce: 1.3877389430999756, adv_margin: 0.6878284811973572, clean_gate: 0.4662051498889923, teacher_margin: 0.7469477653503418, teacher_margin_gate: 0.6925302743911743, teacher_clean_gate: 1.0, teacher_adv_gate: 1.0, tm_grad_cos: 0.8255817890167236, tm_scale: 1.0, tm_ps_scale: 1.0, pcgrad_conflicts: 0/0 tmix: alpha=0.0 ramp=0.0 clean_correct_fraction=0.9375 mean_weight=0.0 target_l1=0.0 temperature=1.009999999999999
2026-10-07 19:43:03.511 | INFO     | __main__:<module>:1013 - lr:0.1 weight_nat: 0.3148310295011466, nat_loss: 0.028772860765457153, weight_adv: 0.6851689704988534, adv_loss: 0.037112973630428314 weight-klloss3 0.01532625 Loss3: 0.034796446561813354 clean_ce: 0.14733640849590302, adv_ce: 1.4617273807525635, adv_margin: 0.7870775461196899, clean_gate: 0.4512490928173065, teacher_margin: 0.7021033763885498, teacher_margin_gate: 0.6652831435203552, teacher_clean_gate: 1.0, teacher_adv_gate: 1.0, tm_grad_cos: 0.8074160218238831, tm_scale: 1.0, tm_ps_scale: 1.0, pcgrad_conflicts: 0/0 tmix: alpha=0.0 ramp=0.0 clean_correct_fraction=0.9140625 mean_weight=0.0 target_l1=0.0 temperature=1.0079999999999991
2026-10-07 19:43:29.201 | INFO     | __main__:<module>:1016 - TRAIN_EPOCH_RESOURCE epoch=15 seconds=112.66703158291057 peak_allocated_bytes=7533927936
2026-10-07 19:43:29.201 | INFO     | __main__:<module>:516 - METHOD epoch=16 views=1 awp_gamma=0.0 consistency_weight=0.0 awp_nat_weight=1.0
2026-10-07 19:43:29.201 | INFO     | __main__:<module>:519 - the 16th epoch 
2026-10-07 19:43:29.499 | INFO     | __main__:<module>:1013 - lr:0.1 weight_nat: 0.3104085858092517, nat_loss: 0.02224123850464821, weight_adv: 0.6895914141907483, adv_loss: 0.032063283026218414 weight-klloss3 0.016347999999999998 Loss3: 0.0301204826682806 clean_ce: 0.1755773425102234, adv_ce: 1.2256673574447632, adv_margin: 0.5013570785522461, clean_gate: 0.5379666090011597, teacher_margin: 0.5824475288391113, teacher_margin_gate: 0.7053259611129761, teacher_clean_gate: 1.0, teacher_adv_gate: 1.0, tm_grad_cos: 0.7852445244789124, tm_scale: 1.0, tm_ps_scale: 1.0, pcgrad_conflicts: 0/0 tmix: alpha=0.0 ramp=0.0 clean_correct_fraction=0.9375 mean_weight=0.0 target_l1=0.0 temperature=1.0129999999999986
2026-10-07 19:43:58.142 | INFO     | __main__:<module>:1013 - lr:0.1 weight_nat: 0.31021408182980176, nat_loss: 0.02163778990507126, weight_adv: 0.6897859181701983, adv_loss: 0.04183866083621979 weight-klloss3 0.016347999999999998 Loss3: 0.038626011461019516 clean_ce: 0.1481996476650238, adv_ce: 1.3943547010421753, adv_margin: 0.6744282245635986, clean_gate: 0.4713846445083618, teacher_margin: 0.8462659120559692, teacher_margin_gate: 0.7203782796859741, teacher_clean_gate: 1.0, teacher_adv_gate: 1.0, tm_grad_cos: 0.8334341049194336, tm_scale: 1.0, tm_ps_scale: 1.0, pcgrad_conflicts: 0/0 tmix: alpha=0.0 ramp=0.0 clean_correct_fraction=0.9453125 mean_weight=0.0 target_l1=0.0 temperature=1.0069999999999992
2026-10-07 19:44:26.802 | INFO     | __main__:<module>:1013 - lr:0.1 weight_nat: 0.3144259990394309, nat_loss: 0.030818982049822807, weight_adv: 0.6855740009605691, adv_loss: 0.039577171206474304 weight-klloss3 0.016347999999999998 Loss3: 0.028754817321896553 clean_ce: 0.14552634954452515, adv_ce: 1.564784049987793, adv_margin: 0.8440146446228027, clean_gate: 0.43993836641311646, teacher_margin: 0.7066802978515625, teacher_margin_gate: 0.6473411321640015, teacher_clean_gate: 1.0, teacher_adv_gate: 1.0, tm_grad_cos: 0.8064008951187134, tm_scale: 1.0, tm_ps_scale: 1.0, pcgrad_conflicts: 0/0 tmix: alpha=0.0 ramp=0.0 clean_correct_fraction=0.921875 mean_weight=0.0 target_l1=0.0 temperature=1.0029999999999997
2026-10-07 19:44:55.462 | INFO     | __main__:<module>:1013 - lr:0.1 weight_nat: 0.31400024299736334, nat_loss: 0.02517271414399147, weight_adv: 0.6859997570026366, adv_loss: 0.03544184938073158 weight-klloss3 0.016347999999999998 Loss3: 0.03101968951523304 clean_ce: 0.1439780592918396, adv_ce: 1.4930652379989624, adv_margin: 0.8457093834877014, clean_gate: 0.4623427391052246, teacher_margin: 0.6747043132781982, teacher_margin_gate: 0.6577372550964355, teacher_clean_gate: 1.0, teacher_adv_gate: 1.0, tm_grad_cos: 0.8080527782440186, tm_scale: 1.0, tm_ps_scale: 1.0, pcgrad_conflicts: 0/0 tmix: alpha=0.0 ramp=0.0 clean_correct_fraction=0.8984375 mean_weight=0.0 target_l1=0.0 temperature=1.009999999999999
2026-10-07 19:45:21.136 | INFO     | __main__:<module>:1016 - TRAIN_EPOCH_RESOURCE epoch=16 seconds=111.93439381802455 peak_allocated_bytes=7532879360
2026-10-07 19:45:21.136 | INFO     | __main__:<module>:516 - METHOD epoch=17 views=1 awp_gamma=0.0 consistency_weight=0.0 awp_nat_weight=1.0
2026-10-07 19:45:21.136 | INFO     | __main__:<module>:519 - the 17th epoch 
2026-10-07 19:45:21.434 | INFO     | __main__:<module>:1013 - lr:0.1 weight_nat: 0.3118222728231241, nat_loss: 0.024712607264518738, weight_adv: 0.688177727176876, adv_loss: 0.029088519513607025 weight-klloss3 0.01736975 Loss3: 0.03066127374768257 clean_ce: 0.1421133130788803, adv_ce: 1.4228564500808716, adv_margin: 0.8207454681396484, clean_gate: 0.5000836253166199, teacher_margin: 0.4914717674255371, teacher_margin_gate: 0.6322547793388367, teacher_clean_gate: 1.0, teacher_adv_gate: 1.0, tm_grad_cos: 0.7561530470848083, tm_scale: 1.0, tm_ps_scale: 1.0, pcgrad_conflicts: 0/0 tmix: alpha=0.0 ramp=0.0 clean_correct_fraction=0.828125 mean_weight=0.0 target_l1=0.0 temperature=1.0129999999999986
2026-10-07 19:45:50.110 | INFO     | __main__:<module>:1013 - lr:0.1 weight_nat: 0.3120776472870861, nat_loss: 0.026405779644846916, weight_adv: 0.6879223527129139, adv_loss: 0.03332531079649925 weight-klloss3 0.01736975 Loss3: 0.030853547155857086 clean_ce: 0.149754136800766, adv_ce: 1.3973299264907837, adv_margin: 0.7389516234397888, clean_gate: 0.4909476935863495, teacher_margin: 0.6301831007003784, teacher_margin_gate: 0.6755732297897339, teacher_clean_gate: 1.0, teacher_adv_gate: 1.0, tm_grad_cos: 0.7995428442955017, tm_scale: 1.0, tm_ps_scale: 1.0, pcgrad_conflicts: 0/0 tmix: alpha=0.0 ramp=0.0 clean_correct_fraction=0.9140625 mean_weight=0.0 target_l1=0.0 temperature=1.008999999999999
2026-10-07 19:46:18.846 | INFO     | __main__:<module>:1013 - lr:0.1 weight_nat: 0.3101672237449865, nat_loss: 0.019490260630846024, weight_adv: 0.6898327762550135, adv_loss: 0.0373479425907135 weight-klloss3 0.01736975 Loss3: 0.030933324247598648 clean_ce: 0.15214985609054565, adv_ce: 1.3689579963684082, adv_margin: 0.6700692176818848, clean_gate: 0.48151251673698425, teacher_margin: 0.7500741481781006, teacher_margin_gate: 0.6944704055786133, teacher_clean_gate: 1.0, teacher_adv_gate: 1.0, tm_grad_cos: 0.8208295106887817, tm_scale: 1.0, tm_ps_scale: 1.0, pcgrad_conflicts: 0/0 tmix: alpha=0.0 ramp=0.0 clean_correct_fraction=0.953125 mean_weight=0.0 target_l1=0.0 temperature=1.0109999999999988
2026-10-07 19:46:47.545 | INFO     | __main__:<module>:1013 - lr:0.1 weight_nat: 0.3057532329695183, nat_loss: 0.029030149802565575, weight_adv: 0.6942467670304817, adv_loss: 0.0371445007622242 weight-klloss3 0.01736975 Loss3: 0.043877486139535904 clean_ce: 0.11869386583566666, adv_ce: 1.6946173906326294, adv_margin: 1.0390994548797607, clean_gate: 0.3964614272117615, teacher_margin: 0.6991903781890869, teacher_margin_gate: 0.6027088165283203, teacher_clean_gate: 1.0, teacher_adv_gate: 1.0, tm_grad_cos: 0.8185210227966309, tm_scale: 1.0, tm_ps_scale: 1.0, pcgrad_conflicts: 0/0 tmix: alpha=0.0 ramp=0.0 clean_correct_fraction=0.8203125 mean_weight=0.0 target_l1=0.0 temperature=1.0069999999999992
2026-10-07 19:47:13.252 | INFO     | __main__:<module>:1016 - TRAIN_EPOCH_RESOURCE epoch=17 seconds=112.11611282988451 peak_allocated_bytes=7532879360
2026-10-07 19:47:13.253 | INFO     | __main__:<module>:516 - METHOD epoch=18 views=1 awp_gamma=0.0 consistency_weight=0.0 awp_nat_weight=1.0
2026-10-07 19:47:13.253 | INFO     | __main__:<module>:519 - the 18th epoch 
2026-10-07 19:47:13.550 | INFO     | __main__:<module>:1013 - lr:0.1 weight_nat: 0.31031831147075806, nat_loss: 0.02441101148724556, weight_adv: 0.6896816885292419, adv_loss: 0.036731619387865067 weight-klloss3 0.018391499999999998 Loss3: 0.03710917383432388 clean_ce: 0.1411428451538086, adv_ce: 1.4621199369430542, adv_margin: 0.7346978783607483, clean_gate: 0.471215158700943, teacher_margin: 0.7334499359130859, teacher_margin_gate: 0.6878491640090942, teacher_clean_gate: 1.0, teacher_adv_gate: 1.0, tm_grad_cos: 0.8046621680259705, tm_scale: 1.0, tm_ps_scale: 1.0, pcgrad_conflicts: 0/0 tmix: alpha=0.0 ramp=0.0 clean_correct_fraction=0.9296875 mean_weight=0.0 target_l1=0.0 temperature=1.017999999999998
2026-10-07 19:47:42.232 | INFO     | __main__:<module>:1013 - lr:0.1 weight_nat: 0.31230708979150335, nat_loss: 0.02457362227141857, weight_adv: 0.6876929102084968, adv_loss: 0.03714745491743088 weight-klloss3 0.018391499999999998 Loss3: 0.028494015336036682 clean_ce: 0.14789161086082458, adv_ce: 1.4220952987670898, adv_margin: 0.7397109270095825, clean_gate: 0.4686560034751892, teacher_margin: 0.707359790802002, teacher_margin_gate: 0.6718839406967163, teacher_clean_gate: 1.0, teacher_adv_gate: 1.0, tm_grad_cos: 0.8172762393951416, tm_scale: 1.0, tm_ps_scale: 1.0, pcgrad_conflicts: 0/0 tmix: alpha=0.0 ramp=0.0 clean_correct_fraction=0.9375 mean_weight=0.0 target_l1=0.0 temperature=1.0059999999999993
2026-10-07 19:48:11.010 | INFO     | __main__:<module>:1013 - lr:0.1 weight_nat: 0.3138483605755052, nat_loss: 0.021993180736899376, weight_adv: 0.6861516394244949, adv_loss: 0.03370300680398941 weight-klloss3 0.018391499999999998 Loss3: 0.028276193886995316 clean_ce: 0.14901039004325867, adv_ce: 1.39136803150177, adv_margin: 0.6979573369026184, clean_gate: 0.4907969534397125, teacher_margin: 0.6415744423866272, teacher_margin_gate: 0.6791447401046753, teacher_clean_gate: 1.0, teacher_adv_gate: 1.0, tm_grad_cos: 0.8120996356010437, tm_scale: 1.0, tm_ps_scale: 1.0, pcgrad_conflicts: 0/0 tmix: alpha=0.0 ramp=0.0 clean_correct_fraction=0.90625 mean_weight=0.0 target_l1=0.0 temperature=1.009999999999999
2026-10-07 19:48:39.973 | INFO     | __main__:<module>:1013 - lr:0.1 weight_nat: 0.31073016956784294, nat_loss: 0.018102368339896202, weight_adv: 0.6892698304321571, adv_loss: 0.03173511475324631 weight-klloss3 0.018391499999999998 Loss3: 0.035509005188941956 clean_ce: 0.14172478020191193, adv_ce: 1.347317099571228, adv_margin: 0.6578453779220581, clean_gate: 0.49047553539276123, teacher_margin: 0.6415715217590332, teacher_margin_gate: 0.678383469581604, teacher_clean_gate: 1.0, teacher_adv_gate: 1.0, tm_grad_cos: 0.7902764081954956, tm_scale: 1.0, tm_ps_scale: 1.0, pcgrad_conflicts: 0/0 tmix: alpha=0.0 ramp=0.0 clean_correct_fraction=0.953125 mean_weight=0.0 target_l1=0.0 temperature=1.0159999999999982
2026-10-07 19:49:05.863 | INFO     | __main__:<module>:1016 - TRAIN_EPOCH_RESOURCE epoch=18 seconds=112.60975886299275 peak_allocated_bytes=7533927936
2026-10-07 19:49:05.863 | INFO     | __main__:<module>:516 - METHOD epoch=19 views=1 awp_gamma=0.0 consistency_weight=0.0 awp_nat_weight=1.0
2026-10-07 19:49:05.863 | INFO     | __main__:<module>:519 - the 19th epoch 
2026-10-07 19:49:06.162 | INFO     | __main__:<module>:1013 - lr:0.1 weight_nat: 0.31340099546457784, nat_loss: 0.027713878080248833, weight_adv: 0.6865990045354222, adv_loss: 0.032988257706165314 weight-klloss3 0.019413249999999996 Loss3: 0.029920442029833794 clean_ce: 0.13944479823112488, adv_ce: 1.5569056272506714, adv_margin: 0.8693305253982544, clean_gate: 0.4533471167087555, teacher_margin: 0.58073890209198, teacher_margin_gate: 0.6157041192054749, teacher_clean_gate: 1.0, teacher_adv_gate: 1.0, tm_grad_cos: 0.7790672183036804, tm_scale: 1.0, tm_ps_scale: 1.0, pcgrad_conflicts: 0/0 tmix: alpha=0.0 ramp=0.0 clean_correct_fraction=0.890625 mean_weight=0.0 target_l1=0.0 temperature=1.0129999999999986
2026-10-07 19:49:35.166 | INFO     | __main__:<module>:1013 - lr:0.1 weight_nat: 0.3106192406779157, nat_loss: 0.024780476465821266, weight_adv: 0.6893807593220844, adv_loss: 0.04023370146751404 weight-klloss3 0.019413249999999996 Loss3: 0.03960613161325455 clean_ce: 0.13907694816589355, adv_ce: 1.5508214235305786, adv_margin: 0.8425425291061401, clean_gate: 0.438018262386322, teacher_margin: 0.7662047743797302, teacher_margin_gate: 0.6475351452827454, teacher_clean_gate: 1.0, teacher_adv_gate: 1.0, tm_grad_cos: 0.8331365585327148, tm_scale: 1.0, tm_ps_scale: 1.0, pcgrad_conflicts: 0/0 tmix: alpha=0.0 ramp=0.0 clean_correct_fraction=0.9140625 mean_weight=0.0 target_l1=0.0 temperature=1.0129999999999986
2026-10-07 19:50:04.116 | INFO     | __main__:<module>:1013 - lr:0.1 weight_nat: 0.31399386247577554, nat_loss: 0.025553947314620018, weight_adv: 0.6860061375242245, adv_loss: 0.03621262311935425 weight-klloss3 0.019413249999999996 Loss3: 0.02222084440290928 clean_ce: 0.14178097248077393, adv_ce: 1.5801162719726562, adv_margin: 0.8899669647216797, clean_gate: 0.4285522699356079, teacher_margin: 0.6400966644287109, teacher_margin_gate: 0.5967893004417419, teacher_clean_gate: 1.0, teacher_adv_gate: 1.0, tm_grad_cos: 0.7754489183425903, tm_scale: 1.0, tm_ps_scale: 1.0, pcgrad_conflicts: 0/0 tmix: alpha=0.0 ramp=0.0 clean_correct_fraction=0.84375 mean_weight=0.0 target_l1=0.0 temperature=1.0069999999999992
2026-10-07 19:50:32.781 | INFO     | __main__:<module>:1013 - lr:0.1 weight_nat: 0.3103775782600944, nat_loss: 0.024362126365303993, weight_adv: 0.6896224217399056, adv_loss: 0.031070353463292122 weight-klloss3 0.019413249999999996 Loss3: 0.04345858469605446 clean_ce: 0.14069101214408875, adv_ce: 1.3392857313156128, adv_margin: 0.7216167449951172, clean_gate: 0.5164013504981995, teacher_margin: 0.6281120777130127, teacher_margin_gate: 0.7073602676391602, teacher_clean_gate: 1.0, teacher_adv_gate: 1.0, tm_grad_cos: 0.8226069211959839, tm_scale: 1.0, tm_ps_scale: 1.0, pcgrad_conflicts: 0/0 tmix: alpha=0.0 ramp=0.0 clean_correct_fraction=0.9375 mean_weight=0.0 target_l1=0.0 temperature=1.0049999999999994
2026-10-07 19:50:58.519 | INFO     | __main__:<module>:1016 - TRAIN_EPOCH_RESOURCE epoch=19 seconds=112.6559879379347 peak_allocated_bytes=7533927936
2026-10-07 19:50:58.520 | INFO     | __main__:<module>:516 - METHOD epoch=20 views=1 awp_gamma=0.0 consistency_weight=0.0 awp_nat_weight=1.0
2026-10-07 19:50:58.520 | INFO     | __main__:<module>:519 - the 20th epoch 
2026-10-07 19:50:58.817 | INFO     | __main__:<module>:1013 - lr:0.1 weight_nat: 0.30758643576046524, nat_loss: 0.02925201691687107, weight_adv: 0.6924135642395347, adv_loss: 0.03324262797832489 weight-klloss3 0.020435 Loss3: 0.022026142105460167 clean_ce: 0.153323233127594, adv_ce: 1.6082351207733154, adv_margin: 0.9188143610954285, clean_gate: 0.4362664818763733, teacher_margin: 0.551673412322998, teacher_margin_gate: 0.5792784094810486, teacher_clean_gate: 1.0, teacher_adv_gate: 1.0, tm_grad_cos: 0.7778510451316833, tm_scale: 1.0, tm_ps_scale: 1.0, pcgrad_conflicts: 0/0 tmix: alpha=0.0 ramp=0.0 clean_correct_fraction=0.84375 mean_weight=0.0 target_l1=0.0 temperature=1.0139999999999985
2026-10-07 19:51:27.508 | INFO     | __main__:<module>:1013 - lr:0.1 weight_nat: 0.30835288933090266, nat_loss: 0.02069445140659809, weight_adv: 0.6916471106690973, adv_loss: 0.03766941279172897 weight-klloss3 0.020435 Loss3: 0.034127019345760345 clean_ce: 0.14401884377002716, adv_ce: 1.3951423168182373, adv_margin: 0.740156888961792, clean_gate: 0.4854404330253601, teacher_margin: 0.7054200172424316, teacher_margin_gate: 0.6928245425224304, teacher_clean_gate: 1.0, teacher_adv_gate: 1.0, tm_grad_cos: 0.8372052907943726, tm_scale: 1.0, tm_ps_scale: 1.0, pcgrad_conflicts: 0/0 tmix: alpha=0.0 ramp=0.0 clean_correct_fraction=0.953125 mean_weight=0.0 target_l1=0.0 temperature=1.0039999999999996
2026-10-07 19:51:56.219 | INFO     | __main__:<module>:1013 - lr:0.1 weight_nat: 0.3103122412909845, nat_loss: 0.02054242230951786, weight_adv: 0.6896877587090154, adv_loss: 0.02988128364086151 weight-klloss3 0.020435 Loss3: 0.02578984946012497 clean_ce: 0.13702188432216644, adv_ce: 1.2700330018997192, adv_margin: 0.6363049149513245, clean_gate: 0.5202344655990601, teacher_margin: 0.558699369430542, teacher_margin_gate: 0.6789991855621338, teacher_clean_gate: 1.0, teacher_adv_gate: 1.0, tm_grad_cos: 0.8010149598121643, tm_scale: 1.0, tm_ps_scale: 1.0, pcgrad_conflicts: 0/0 tmix: alpha=0.0 ramp=0.0 clean_correct_fraction=0.953125 mean_weight=0.0 target_l1=0.0 temperature=1.0079999999999991
2026-10-07 19:52:24.889 | INFO     | __main__:<module>:1013 - lr:0.1 weight_nat: 0.3034379489846999, nat_loss: 0.021594922989606857, weight_adv: 0.6965620510153001, adv_loss: 0.0382891409099102 weight-klloss3 0.020435 Loss3: 0.03592514991760254 clean_ce: 0.12725253403186798, adv_ce: 1.4857568740844727, adv_margin: 0.8179304599761963, clean_gate: 0.4559555649757385, teacher_margin: 0.7504758834838867, teacher_margin_gate: 0.6815182566642761, teacher_clean_gate: 1.0, teacher_adv_gate: 1.0, tm_grad_cos: 0.82448810338974, tm_scale: 1.0, tm_ps_scale: 1.0, pcgrad_conflicts: 0/0 tmix: alpha=0.0 ramp=0.0 clean_correct_fraction=0.921875 mean_weight=0.0 target_l1=0.0 temperature=1.0139999999999985
2026-10-07 19:52:50.614 | INFO     | __main__:<module>:1016 - TRAIN_EPOCH_RESOURCE epoch=20 seconds=112.09410759503953 peak_allocated_bytes=7533927936
2026-10-07 19:52:50.614 | INFO     | __main__:<module>:516 - METHOD epoch=21 views=1 awp_gamma=0.0 consistency_weight=0.0 awp_nat_weight=1.0
2026-10-07 19:52:50.614 | INFO     | __main__:<module>:519 - the 21th epoch 
2026-10-07 19:52:50.911 | INFO     | __main__:<module>:1013 - lr:0.1 weight_nat: 0.3054120151461695, nat_loss: 0.019377242773771286, weight_adv: 0.6945879848538306, adv_loss: 0.030441641807556152 weight-klloss3 0.02145675 Loss3: 0.04216776788234711 clean_ce: 0.1480015218257904, adv_ce: 1.3005766868591309, adv_margin: 0.6440500020980835, clean_gate: 0.5170867443084717, teacher_margin: 0.579809308052063, teacher_margin_gate: 0.6755699515342712, teacher_clean_gate: 1.0, teacher_adv_gate: 1.0, tm_grad_cos: 0.7941545248031616, tm_scale: 1.0, tm_ps_scale: 1.0, pcgrad_conflicts: 0/0 tmix: alpha=0.0 ramp=0.0 clean_correct_fraction=0.921875 mean_weight=0.0 target_l1=0.0 temperature=1.0169999999999981
2026-10-07 19:53:19.546 | INFO     | __main__:<module>:1013 - lr:0.1 weight_nat: 0.30853809214659783, nat_loss: 0.019519373774528503, weight_adv: 0.6914619078534022, adv_loss: 0.026085324585437775 weight-klloss3 0.02145675 Loss3: 0.03316359221935272 clean_ce: 0.13528448343276978, adv_ce: 1.2676860094070435, adv_margin: 0.6485536098480225, clean_gate: 0.5152445435523987, teacher_margin: 0.543576717376709, teacher_margin_gate: 0.6644769906997681, teacher_clean_gate: 1.0, teacher_adv_gate: 1.0, tm_grad_cos: 0.8096024990081787, tm_scale: 1.0, tm_ps_scale: 1.0, pcgrad_conflicts: 0/0 tmix: alpha=0.0 ramp=0.0 clean_correct_fraction=0.9296875 mean_weight=0.0 target_l1=0.0 temperature=1.0149999999999983
2026-10-07 19:53:48.255 | INFO     | __main__:<module>:1013 - lr:0.1 weight_nat: 0.30977058435732224, nat_loss: 0.021208642050623894, weight_adv: 0.6902294156426777, adv_loss: 0.03151237219572067 weight-klloss3 0.02145675 Loss3: 0.03923266381025314 clean_ce: 0.13666296005249023, adv_ce: 1.3369359970092773, adv_margin: 0.6567841172218323, clean_gate: 0.49629294872283936, teacher_margin: 0.6309186220169067, teacher_margin_gate: 0.666924238204956, teacher_clean_gate: 1.0, teacher_adv_gate: 1.0, tm_grad_cos: 0.8018251657485962, tm_scale: 1.0, tm_ps_scale: 1.0, pcgrad_conflicts: 0/0 tmix: alpha=0.0 ramp=0.0 clean_correct_fraction=0.921875 mean_weight=0.0 target_l1=0.0 temperature=1.0049999999999994
2026-10-07 19:54:16.952 | INFO     | __main__:<module>:1013 - lr:0.1 weight_nat: 0.3007839798224194, nat_loss: 0.021222317591309547, weight_adv: 0.6992160201775807, adv_loss: 0.03299584239721298 weight-klloss3 0.02145675 Loss3: 0.031204964965581894 clean_ce: 0.153310626745224, adv_ce: 1.3377504348754883, adv_margin: 0.6418688297271729, clean_gate: 0.4932955205440521, teacher_margin: 0.6939916610717773, teacher_margin_gate: 0.6844534873962402, teacher_clean_gate: 1.0, teacher_adv_gate: 1.0, tm_grad_cos: 0.8264273405075073, tm_scale: 1.0, tm_ps_scale: 1.0, pcgrad_conflicts: 0/0 tmix: alpha=0.0 ramp=0.0 clean_correct_fraction=0.9453125 mean_weight=0.0 target_l1=0.0 temperature=1.008999999999999
2026-10-07 19:54:42.682 | INFO     | __main__:<module>:1016 - TRAIN_EPOCH_RESOURCE epoch=21 seconds=112.06348765199073 peak_allocated_bytes=7533735936
2026-10-07 19:54:42.685 | INFO     | __main__:<module>:516 - METHOD epoch=22 views=1 awp_gamma=0.0 consistency_weight=0.0 awp_nat_weight=1.0
2026-10-07 19:54:42.685 | INFO     | __main__:<module>:519 - the 22th epoch 
2026-10-07 19:54:42.988 | INFO     | __main__:<module>:1013 - lr:0.1 weight_nat: 0.3028130562201458, nat_loss: 0.01877445913851261, weight_adv: 0.6971869437798541, adv_loss: 0.03237977623939514 weight-klloss3 0.0224785 Loss3: 0.04531966522336006 clean_ce: 0.1364210993051529, adv_ce: 1.2879773378372192, adv_margin: 0.6871904134750366, clean_gate: 0.5362956523895264, teacher_margin: 0.6171951293945312, teacher_margin_gate: 0.7061045169830322, teacher_clean_gate: 1.0, teacher_adv_gate: 1.0, tm_grad_cos: 0.8079502582550049, tm_scale: 1.0, tm_ps_scale: 1.0, pcgrad_conflicts: 0/0 tmix: alpha=0.0 ramp=0.0 clean_correct_fraction=0.953125 mean_weight=0.0 target_l1=0.0 temperature=1.0059999999999993
2026-10-07 19:55:11.693 | INFO     | __main__:<module>:1013 - lr:0.1 weight_nat: 0.30740394191961584, nat_loss: 0.02481641061604023, weight_adv: 0.6925960580803842, adv_loss: 0.02648499608039856 weight-klloss3 0.0224785 Loss3: 0.01936723105609417 clean_ce: 0.13387063145637512, adv_ce: 1.4355320930480957, adv_margin: 0.7783579230308533, clean_gate: 0.49192285537719727, teacher_margin: 0.4926358163356781, teacher_margin_gate: 0.6302547454833984, teacher_clean_gate: 1.0, teacher_adv_gate: 1.0, tm_grad_cos: 0.7614725828170776, tm_scale: 1.0, tm_ps_scale: 1.0, pcgrad_conflicts: 0/0 tmix: alpha=0.0 ramp=0.0 clean_correct_fraction=0.890625 mean_weight=0.0 target_l1=0.0 temperature=1.017999999999998
2026-10-07 19:55:40.530 | INFO     | __main__:<module>:1013 - lr:0.1 weight_nat: 0.30891048295997847, nat_loss: 0.02121352218091488, weight_adv: 0.6910895170400215, adv_loss: 0.0317191556096077 weight-klloss3 0.0224785 Loss3: 0.023664657026529312 clean_ce: 0.14404970407485962, adv_ce: 1.343384861946106, adv_margin: 0.6763056516647339, clean_gate: 0.48491111397743225, teacher_margin: 0.5713945627212524, teacher_margin_gate: 0.6501246094703674, teacher_clean_gate: 1.0, teacher_adv_gate: 1.0, tm_grad_cos: 0.8076407313346863, tm_scale: 1.0, tm_ps_scale: 1.0, pcgrad_conflicts: 0/0 tmix: alpha=0.0 ramp=0.0 clean_correct_fraction=0.921875 mean_weight=0.0 target_l1=0.0 temperature=1.0129999999999986
2026-10-07 19:56:09.490 | INFO     | __main__:<module>:1013 - lr:0.1 weight_nat: 0.3066832898754248, nat_loss: 0.02508300542831421, weight_adv: 0.6933167101245752, adv_loss: 0.03532625362277031 weight-klloss3 0.0224785 Loss3: 0.0297558531165123 clean_ce: 0.13962511718273163, adv_ce: 1.5676428079605103, adv_margin: 0.8378111124038696, clean_gate: 0.4406241774559021, teacher_margin: 0.6534433960914612, teacher_margin_gate: 0.6195403337478638, teacher_clean_gate: 1.0, teacher_adv_gate: 1.0, tm_grad_cos: 0.7895877361297607, tm_scale: 1.0, tm_ps_scale: 1.0, pcgrad_conflicts: 0/0 tmix: alpha=0.0 ramp=0.0 clean_correct_fraction=0.90625 mean_weight=0.0 target_l1=0.0 temperature=1.0129999999999986
2026-10-07 19:56:35.510 | INFO     | __main__:<module>:1016 - TRAIN_EPOCH_RESOURCE epoch=22 seconds=112.8253584660124 peak_allocated_bytes=7533735936
2026-10-07 19:56:35.511 | INFO     | __main__:<module>:516 - METHOD epoch=23 views=1 awp_gamma=0.0 consistency_weight=0.0 awp_nat_weight=1.0
2026-10-07 19:56:35.511 | INFO     | __main__:<module>:519 - the 23th epoch 
2026-10-07 19:56:35.811 | INFO     | __main__:<module>:1013 - lr:0.1 weight_nat: 0.3023559233600358, nat_loss: 0.01952451281249523, weight_adv: 0.6976440766399642, adv_loss: 0.026120640337467194 weight-klloss3 0.023500249999999997 Loss3: 0.03668684512376785 clean_ce: 0.17219960689544678, adv_ce: 1.2977322340011597, adv_margin: 0.606818437576294, clean_gate: 0.5118155479431152, teacher_margin: 0.5332973003387451, teacher_margin_gate: 0.665748655796051, teacher_clean_gate: 1.0, teacher_adv_gate: 1.0, tm_grad_cos: 0.8114475607872009, tm_scale: 1.0, tm_ps_scale: 1.0, pcgrad_conflicts: 0/0 tmix: alpha=0.0 ramp=0.0 clean_correct_fraction=0.9296875 mean_weight=0.0 target_l1=0.0 temperature=1.0119999999999987
2026-10-07 19:57:04.764 | INFO     | __main__:<module>:1013 - lr:0.1 weight_nat: 0.30782505297725155, nat_loss: 0.015870630741119385, weight_adv: 0.6921749470227484, adv_loss: 0.024716317653656006 weight-klloss3 0.023500249999999997 Loss3: 0.028446290642023087 clean_ce: 0.15920805931091309, adv_ce: 1.2183383703231812, adv_margin: 0.5642897486686707, clean_gate: 0.5587353706359863, teacher_margin: 0.4669190049171448, teacher_margin_gate: 0.6748155355453491, teacher_clean_gate: 1.0, teacher_adv_gate: 1.0, tm_grad_cos: 0.7695839405059814, tm_scale: 1.0, tm_ps_scale: 1.0, pcgrad_conflicts: 0/0 tmix: alpha=0.0 ramp=0.0 clean_correct_fraction=0.921875 mean_weight=0.0 target_l1=0.0 temperature=1.017999999999998
2026-10-07 19:57:33.535 | INFO     | __main__:<module>:1013 - lr:0.1 weight_nat: 0.30644015384697837, nat_loss: 0.016054052859544754, weight_adv: 0.6935598461530217, adv_loss: 0.03487950935959816 weight-klloss3 0.023500249999999997 Loss3: 0.046853259205818176 clean_ce: 0.13337862491607666, adv_ce: 1.3176417350769043, adv_margin: 0.6703970432281494, clean_gate: 0.5004212856292725, teacher_margin: 0.6963052749633789, teacher_margin_gate: 0.6949486136436462, teacher_clean_gate: 1.0, teacher_adv_gate: 1.0, tm_grad_cos: 0.8264305591583252, tm_scale: 1.0, tm_ps_scale: 1.0, pcgrad_conflicts: 0/0 tmix: alpha=0.0 ramp=0.0 clean_correct_fraction=0.953125 mean_weight=0.0 target_l1=0.0 temperature=1.009999999999999
2026-10-07 19:58:02.300 | INFO     | __main__:<module>:1013 - lr:0.1 weight_nat: 0.3059378495926982, nat_loss: 0.02167811430990696, weight_adv: 0.6940621504073018, adv_loss: 0.02916232869029045 weight-klloss3 0.023500249999999997 Loss3: 0.040644511580467224 clean_ce: 0.16902197897434235, adv_ce: 1.3376903533935547, adv_margin: 0.6495542526245117, clean_gate: 0.5101766586303711, teacher_margin: 0.5390586256980896, teacher_margin_gate: 0.6661261320114136, teacher_clean_gate: 1.0, teacher_adv_gate: 1.0, tm_grad_cos: 0.8029226064682007, tm_scale: 1.0, tm_ps_scale: 1.0, pcgrad_conflicts: 0/0 tmix: alpha=0.0 ramp=0.0 clean_correct_fraction=0.8984375 mean_weight=0.0 target_l1=0.0 temperature=1.0139999999999985
2026-10-07 19:58:28.147 | INFO     | __main__:<module>:1016 - TRAIN_EPOCH_RESOURCE epoch=23 seconds=112.63621507398784 peak_allocated_bytes=7535833088
2026-10-07 19:58:28.148 | INFO     | __main__:<module>:516 - METHOD epoch=24 views=1 awp_gamma=0.0 consistency_weight=0.0 awp_nat_weight=1.0
2026-10-07 19:58:28.148 | INFO     | __main__:<module>:519 - the 24th epoch 
2026-10-07 19:58:28.446 | INFO     | __main__:<module>:1013 - lr:0.1 weight_nat: 0.305211434286117, nat_loss: 0.019367428496479988, weight_adv: 0.694788565713883, adv_loss: 0.02891089767217636 weight-klloss3 0.024522 Loss3: 0.030964519828557968 clean_ce: 0.147085040807724, adv_ce: 1.3271082639694214, adv_margin: 0.6983749866485596, clean_gate: 0.5034922361373901, teacher_margin: 0.515742301940918, teacher_margin_gate: 0.6426998972892761, teacher_clean_gate: 1.0, teacher_adv_gate: 1.0, tm_grad_cos: 0.7718338966369629, tm_scale: 1.0, tm_ps_scale: 1.0, pcgrad_conflicts: 0/0 tmix: alpha=0.0 ramp=0.0 clean_correct_fraction=0.9296875 mean_weight=0.0 target_l1=0.0 temperature=1.0129999999999986
2026-10-07 19:58:57.215 | INFO     | __main__:<module>:1013 - lr:0.1 weight_nat: 0.3023847675805841, nat_loss: 0.01722831465303898, weight_adv: 0.697615232419416, adv_loss: 0.02393401972949505 weight-klloss3 0.024522 Loss3: 0.04293143376708031 clean_ce: 0.15179777145385742, adv_ce: 1.2098731994628906, adv_margin: 0.5301451683044434, clean_gate: 0.5358364582061768, teacher_margin: 0.5229687690734863, teacher_margin_gate: 0.6791819334030151, teacher_clean_gate: 1.0, teacher_adv_gate: 1.0, tm_grad_cos: 0.8106592893600464, tm_scale: 1.0, tm_ps_scale: 1.0, pcgrad_conflicts: 0/0 tmix: alpha=0.0 ramp=0.0 clean_correct_fraction=0.921875 mean_weight=0.0 target_l1=0.0 temperature=1.0069999999999992
2026-10-07 19:59:25.974 | INFO     | __main__:<module>:1013 - lr:0.1 weight_nat: 0.3017650147613148, nat_loss: 0.01595206931233406, weight_adv: 0.6982349852386852, adv_loss: 0.02560228854417801 weight-klloss3 0.024522 Loss3: 0.025534890592098236 clean_ce: 0.1584601104259491, adv_ce: 1.155206322669983, adv_margin: 0.47103822231292725, clean_gate: 0.5624206066131592, teacher_margin: 0.5265880227088928, teacher_margin_gate: 0.7005778551101685, teacher_clean_gate: 1.0, teacher_adv_gate: 1.0, tm_grad_cos: 0.7648377418518066, tm_scale: 1.0, tm_ps_scale: 1.0, pcgrad_conflicts: 0/0 tmix: alpha=0.0 ramp=0.0 clean_correct_fraction=0.96875 mean_weight=0.0 target_l1=0.0 temperature=1.0109999999999988
2026-10-07 19:59:54.744 | INFO     | __main__:<module>:1013 - lr:0.1 weight_nat: 0.303227087564195, nat_loss: 0.02021494321525097, weight_adv: 0.6967729124358051, adv_loss: 0.032300516963005066 weight-klloss3 0.024522 Loss3: 0.03799927234649658 clean_ce: 0.1317613422870636, adv_ce: 1.420202374458313, adv_margin: 0.7823985815048218, clean_gate: 0.5094859004020691, teacher_margin: 0.6306700706481934, teacher_margin_gate: 0.6778565645217896, teacher_clean_gate: 1.0, teacher_adv_gate: 1.0, tm_grad_cos: 0.7875165939331055, tm_scale: 1.0, tm_ps_scale: 1.0, pcgrad_conflicts: 0/0 tmix: alpha=0.0 ramp=0.0 clean_correct_fraction=0.921875 mean_weight=0.0 target_l1=0.0 temperature=1.0109999999999988
2026-10-07 20:00:20.564 | INFO     | __main__:<module>:1016 - TRAIN_EPOCH_RESOURCE epoch=24 seconds=112.41253489884548 peak_allocated_bytes=7534976512
2026-10-07 20:00:20.565 | INFO     | __main__:<module>:516 - METHOD epoch=25 views=1 awp_gamma=0.0 consistency_weight=0.0 awp_nat_weight=1.0
2026-10-07 20:00:20.565 | INFO     | __main__:<module>:519 - the 25th epoch 
2026-10-07 20:00:20.876 | INFO     | __main__:<module>:1013 - lr:0.1 weight_nat: 0.3000274462710989, nat_loss: 0.02306457795202732, weight_adv: 0.6999725537289011, adv_loss: 0.02889968454837799 weight-klloss3 0.025543749999999997 Loss3: 0.03168395161628723 clean_ce: 0.1317805051803589, adv_ce: 1.4396227598190308, adv_margin: 0.8203767538070679, clean_gate: 0.4773276448249817, teacher_margin: 0.49125656485557556, teacher_margin_gate: 0.6224209070205688, teacher_clean_gate: 1.0, teacher_adv_gate: 1.0, tm_grad_cos: 0.760680079460144, tm_scale: 1.0, tm_ps_scale: 1.0, pcgrad_conflicts: 0/0 tmix: alpha=0.0 ramp=0.0 clean_correct_fraction=0.90625 mean_weight=0.0 target_l1=0.0 temperature=1.0019999999999998
2026-10-07 20:00:49.649 | INFO     | __main__:<module>:1013 - lr:0.1 weight_nat: 0.2989792997548005, nat_loss: 0.021665100008249283, weight_adv: 0.7010207002451996, adv_loss: 0.03007141873240471 weight-klloss3 0.025543749999999997 Loss3: 0.030548764392733574 clean_ce: 0.12975797057151794, adv_ce: 1.4788472652435303, adv_margin: 0.799385666847229, clean_gate: 0.4509546160697937, teacher_margin: 0.5893951654434204, teacher_margin_gate: 0.6236615180969238, teacher_clean_gate: 1.0, teacher_adv_gate: 1.0, tm_grad_cos: 0.8009565472602844, tm_scale: 1.0, tm_ps_scale: 1.0, pcgrad_conflicts: 0/0 tmix: alpha=0.0 ramp=0.0 clean_correct_fraction=0.90625 mean_weight=0.0 target_l1=0.0 temperature=1.0079999999999991
2026-10-07 20:01:18.375 | INFO     | __main__:<module>:1013 - lr:0.1 weight_nat: 0.3005772914900823, nat_loss: 0.01765446737408638, weight_adv: 0.6994227085099177, adv_loss: 0.028178483247756958 weight-klloss3 0.025543749999999997 Loss3: 0.04012223333120346 clean_ce: 0.14546412229537964, adv_ce: 1.256142497062683, adv_margin: 0.5770578384399414, clean_gate: 0.5190528035163879, teacher_margin: 0.6063264608383179, teacher_margin_gate: 0.6934699416160583, teacher_clean_gate: 1.0, teacher_adv_gate: 1.0, tm_grad_cos: 0.805203914642334, tm_scale: 1.0, tm_ps_scale: 1.0, pcgrad_conflicts: 0/0 tmix: alpha=0.0 ramp=0.0 clean_correct_fraction=0.90625 mean_weight=0.0 target_l1=0.0 temperature=1.0119999999999987
2026-10-07 20:01:47.252 | INFO     | __main__:<module>:1013 - lr:0.1 weight_nat: 0.3022367429048676, nat_loss: 0.01939680054783821, weight_adv: 0.6977632570951325, adv_loss: 0.026718223467469215 weight-klloss3 0.025543749999999997 Loss3: 0.042770545929670334 clean_ce: 0.15878383815288544, adv_ce: 1.3097469806671143, adv_margin: 0.7343796491622925, clean_gate: 0.5428774356842041, teacher_margin: 0.4981154501438141, teacher_margin_gate: 0.6730006337165833, teacher_clean_gate: 1.0, teacher_adv_gate: 1.0, tm_grad_cos: 0.7608070373535156, tm_scale: 1.0, tm_ps_scale: 1.0, pcgrad_conflicts: 0/0 tmix: alpha=0.0 ramp=0.0 clean_correct_fraction=0.890625 mean_weight=0.0 target_l1=0.0 temperature=1.0139999999999985
2026-10-07 20:02:13.121 | INFO     | __main__:<module>:1016 - TRAIN_EPOCH_RESOURCE epoch=25 seconds=112.55648255720735 peak_allocated_bytes=7534976512
2026-10-07 20:02:13.122 | INFO     | __main__:<module>:516 - METHOD epoch=26 views=1 awp_gamma=0.0 consistency_weight=0.0 awp_nat_weight=1.0
2026-10-07 20:02:13.122 | INFO     | __main__:<module>:519 - the 26th epoch 
2026-10-07 20:02:13.422 | INFO     | __main__:<module>:1013 - lr:0.1 weight_nat: 0.2986908933635487, nat_loss: 0.015221506357192993, weight_adv: 0.7013091066364514, adv_loss: 0.03103978931903839 weight-klloss3 0.0265655 Loss3: 0.04182804003357887 clean_ce: 0.15059112012386322, adv_ce: 1.2584515810012817, adv_margin: 0.5730652809143066, clean_gate: 0.5076059103012085, teacher_margin: 0.6808786988258362, teacher_margin_gate: 0.7037491798400879, teacher_clean_gate: 1.0, teacher_adv_gate: 1.0, tm_grad_cos: 0.8262442350387573, tm_scale: 1.0, tm_ps_scale: 1.0, pcgrad_conflicts: 0/0 tmix: alpha=0.0 ramp=0.0 clean_correct_fraction=0.9765625 mean_weight=0.0 target_l1=0.0 temperature=1.0069999999999992
2026-10-07 20:02:42.604 | INFO     | __main__:<module>:1013 - lr:0.1 weight_nat: 0.3011513629571952, nat_loss: 0.017965713515877724, weight_adv: 0.6988486370428049, adv_loss: 0.02866300381720066 weight-klloss3 0.0265655 Loss3: 0.04114781320095062 clean_ce: 0.15770310163497925, adv_ce: 1.3360074758529663, adv_margin: 0.6177282333374023, clean_gate: 0.5006401538848877, teacher_margin: 0.5764317512512207, teacher_margin_gate: 0.6523805856704712, teacher_clean_gate: 1.0, teacher_adv_gate: 1.0, tm_grad_cos: 0.7884427309036255, tm_scale: 1.0, tm_ps_scale: 1.0, pcgrad_conflicts: 0/0 tmix: alpha=0.0 ramp=0.0 clean_correct_fraction=0.9375 mean_weight=0.0 target_l1=0.0 temperature=1.008999999999999
2026-10-07 20:03:11.832 | INFO     | __main__:<module>:1013 - lr:0.1 weight_nat: 0.305032429779999, nat_loss: 0.023866912350058556, weight_adv: 0.694967570220001, adv_loss: 0.027856897562742233 weight-klloss3 0.0265655 Loss3: 0.03298483416438103 clean_ce: 0.1540592610836029, adv_ce: 1.4148911237716675, adv_margin: 0.6921374201774597, clean_gate: 0.48211485147476196, teacher_margin: 0.5522060394287109, teacher_margin_gate: 0.6296747922897339, teacher_clean_gate: 1.0, teacher_adv_gate: 1.0, tm_grad_cos: 0.7857291102409363, tm_scale: 1.0, tm_ps_scale: 1.0, pcgrad_conflicts: 0/0 tmix: alpha=0.0 ramp=0.0 clean_correct_fraction=0.90625 mean_weight=0.0 target_l1=0.0 temperature=1.0149999999999983
2026-10-07 20:03:41.091 | INFO     | __main__:<module>:1013 - lr:0.1 weight_nat: 0.2930064446386641, nat_loss: 0.016930559650063515, weight_adv: 0.706993555361336, adv_loss: 0.024125173687934875 weight-klloss3 0.0265655 Loss3: 0.0417291559278965 clean_ce: 0.15685082972049713, adv_ce: 1.254373550415039, adv_margin: 0.6173547506332397, clean_gate: 0.5433008670806885, teacher_margin: 0.4962649941444397, teacher_margin_gate: 0.665952205657959, teacher_clean_gate: 1.0, teacher_adv_gate: 1.0, tm_grad_cos: 0.7838371992111206, tm_scale: 1.0, tm_ps_scale: 1.0, pcgrad_conflicts: 0/0 tmix: alpha=0.0 ramp=0.0 clean_correct_fraction=0.9375 mean_weight=0.0 target_l1=0.0 temperature=1.0129999999999986
2026-10-07 20:04:07.362 | INFO     | __main__:<module>:1016 - TRAIN_EPOCH_RESOURCE epoch=26 seconds=114.23994892905466 peak_allocated_bytes=7534976512
2026-10-07 20:04:07.362 | INFO     | __main__:<module>:516 - METHOD epoch=27 views=1 awp_gamma=0.0 consistency_weight=0.0 awp_nat_weight=1.0
2026-10-07 20:04:07.362 | INFO     | __main__:<module>:519 - the 27th epoch 
2026-10-07 20:04:07.666 | INFO     | __main__:<module>:1013 - lr:0.1 weight_nat: 0.3037255527846916, nat_loss: 0.022936223074793816, weight_adv: 0.6962744472153084, adv_loss: 0.03182432800531387 weight-klloss3 0.02758725 Loss3: 0.042914457619190216 clean_ce: 0.1430736929178238, adv_ce: 1.4602781534194946, adv_margin: 0.7401055693626404, clean_gate: 0.4652925729751587, teacher_margin: 0.6891759634017944, teacher_margin_gate: 0.659307599067688, teacher_clean_gate: 1.0, teacher_adv_gate: 1.0, tm_grad_cos: 0.8187888264656067, tm_scale: 1.0, tm_ps_scale: 1.0, pcgrad_conflicts: 0/0 tmix: alpha=0.0 ramp=0.0 clean_correct_fraction=0.8984375 mean_weight=0.0 target_l1=0.0 temperature=1.0079999999999991
2026-10-07 20:04:36.658 | INFO     | __main__:<module>:1013 - lr:0.1 weight_nat: 0.2988818012760168, nat_loss: 0.01619582809507847, weight_adv: 0.7011181987239832, adv_loss: 0.027953799813985825 weight-klloss3 0.02758725 Loss3: 0.03352387621998787 clean_ce: 0.1376512050628662, adv_ce: 1.3020009994506836, adv_margin: 0.6057220697402954, clean_gate: 0.5206319093704224, teacher_margin: 0.6289585828781128, teacher_margin_gate: 0.6833360195159912, teacher_clean_gate: 1.0, teacher_adv_gate: 1.0, tm_grad_cos: 0.8353719711303711, tm_scale: 1.0, tm_ps_scale: 1.0, pcgrad_conflicts: 0/0 tmix: alpha=0.0 ramp=0.0 clean_correct_fraction=0.890625 mean_weight=0.0 target_l1=0.0 temperature=1.0119999999999987
2026-10-07 20:05:05.530 | INFO     | __main__:<module>:1013 - lr:0.1 weight_nat: 0.29717678323474017, nat_loss: 0.018164362758398056, weight_adv: 0.7028232167652598, adv_loss: 0.025689225643873215 weight-klloss3 0.02758725 Loss3: 0.02756829559803009 clean_ce: 0.137306347489357, adv_ce: 1.3033746480941772, adv_margin: 0.6743829250335693, clean_gate: 0.5112395286560059, teacher_margin: 0.5053150057792664, teacher_margin_gate: 0.647945761680603, teacher_clean_gate: 1.0, teacher_adv_gate: 1.0, tm_grad_cos: 0.8044427037239075, tm_scale: 1.0, tm_ps_scale: 1.0, pcgrad_conflicts: 0/0 tmix: alpha=0.0 ramp=0.0 clean_correct_fraction=0.921875 mean_weight=0.0 target_l1=0.0 temperature=1.0119999999999987
2026-10-07 20:05:34.467 | INFO     | __main__:<module>:1013 - lr:0.1 weight_nat: 0.29206511799525614, nat_loss: 0.015215488150715828, weight_adv: 0.707934882004744, adv_loss: 0.03348436951637268 weight-klloss3 0.02758725 Loss3: 0.04651143401861191 clean_ce: 0.13728225231170654, adv_ce: 1.3319205045700073, adv_margin: 0.7236917614936829, clean_gate: 0.4932316541671753, teacher_margin: 0.6963688135147095, teacher_margin_gate: 0.6935101747512817, teacher_clean_gate: 1.0, teacher_adv_gate: 1.0, tm_grad_cos: 0.8441141843795776, tm_scale: 1.0, tm_ps_scale: 1.0, pcgrad_conflicts: 0/0 tmix: alpha=0.0 ramp=0.0 clean_correct_fraction=0.9140625 mean_weight=0.0 target_l1=0.0 temperature=1.0139999999999985
2026-10-07 20:06:00.414 | INFO     | __main__:<module>:1016 - TRAIN_EPOCH_RESOURCE epoch=27 seconds=113.05184195493348 peak_allocated_bytes=7532879360
2026-10-07 20:06:00.415 | INFO     | __main__:<module>:516 - METHOD epoch=28 views=1 awp_gamma=0.0 consistency_weight=0.0 awp_nat_weight=1.0
2026-10-07 20:06:00.415 | INFO     | __main__:<module>:519 - the 28th epoch 
2026-10-07 20:06:00.715 | INFO     | __main__:<module>:1013 - lr:0.1 weight_nat: 0.2970335840979629, nat_loss: 0.01684480719268322, weight_adv: 0.7029664159020371, adv_loss: 0.02887936681509018 weight-klloss3 0.028608999999999996 Loss3: 0.03678407147526741 clean_ce: 0.1482345312833786, adv_ce: 1.3111928701400757, adv_margin: 0.6295244693756104, clean_gate: 0.5090919733047485, teacher_margin: 0.5649693012237549, teacher_margin_gate: 0.6719434261322021, teacher_clean_gate: 1.0, teacher_adv_gate: 1.0, tm_grad_cos: 0.7752653956413269, tm_scale: 1.0, tm_ps_scale: 1.0, pcgrad_conflicts: 0/0 tmix: alpha=0.0 ramp=0.0 clean_correct_fraction=0.9296875 mean_weight=0.0 target_l1=0.0 temperature=1.0109999999999988
2026-10-07 20:06:29.615 | INFO     | __main__:<module>:1013 - lr:0.1 weight_nat: 0.2989533577961626, nat_loss: 0.017391489818692207, weight_adv: 0.7010466422038374, adv_loss: 0.023732230067253113 weight-klloss3 0.028608999999999996 Loss3: 0.020722128450870514 clean_ce: 0.13623978197574615, adv_ce: 1.35066556930542, adv_margin: 0.6981877088546753, clean_gate: 0.4977952837944031, teacher_margin: 0.47268974781036377, teacher_margin_gate: 0.6194536685943604, teacher_clean_gate: 1.0, teacher_adv_gate: 1.0, tm_grad_cos: 0.7863671183586121, tm_scale: 1.0, tm_ps_scale: 1.0, pcgrad_conflicts: 0/0 tmix: alpha=0.0 ramp=0.0 clean_correct_fraction=0.875 mean_weight=0.0 target_l1=0.0 temperature=1.0029999999999997
2026-10-07 20:06:58.632 | INFO     | __main__:<module>:1013 - lr:0.1 weight_nat: 0.2909182877538333, nat_loss: 0.01985529065132141, weight_adv: 0.7090817122461667, adv_loss: 0.025423716753721237 weight-klloss3 0.028608999999999996 Loss3: 0.03100626915693283 clean_ce: 0.1470649242401123, adv_ce: 1.2313374280929565, adv_margin: 0.5370903015136719, clean_gate: 0.531848132610321, teacher_margin: 0.4930399954319, teacher_margin_gate: 0.646442711353302, teacher_clean_gate: 1.0, teacher_adv_gate: 1.0, tm_grad_cos: 0.8038157820701599, tm_scale: 1.0, tm_ps_scale: 1.0, pcgrad_conflicts: 0/0 tmix: alpha=0.0 ramp=0.0 clean_correct_fraction=0.921875 mean_weight=0.0 target_l1=0.0 temperature=1.0149999999999983
2026-10-07 20:07:27.577 | INFO     | __main__:<module>:1013 - lr:0.1 weight_nat: 0.29562472092874925, nat_loss: 0.017967747524380684, weight_adv: 0.7043752790712507, adv_loss: 0.027039576321840286 weight-klloss3 0.028608999999999996 Loss3: 0.028530815616250038 clean_ce: 0.14078998565673828, adv_ce: 1.2751797437667847, adv_margin: 0.6142200231552124, clean_gate: 0.5385749936103821, teacher_margin: 0.5418823957443237, teacher_margin_gate: 0.6977030038833618, teacher_clean_gate: 1.0, teacher_adv_gate: 1.0, tm_grad_cos: 0.7970331907272339, tm_scale: 1.0, tm_ps_scale: 1.0, pcgrad_conflicts: 0/0 tmix: alpha=0.0 ramp=0.0 clean_correct_fraction=0.9296875 mean_weight=0.0 target_l1=0.0 temperature=1.0049999999999994
2026-10-07 20:07:53.596 | INFO     | __main__:<module>:1016 - TRAIN_EPOCH_RESOURCE epoch=28 seconds=113.18133970606141 peak_allocated_bytes=7533735936
2026-10-07 20:07:53.597 | INFO     | __main__:<module>:516 - METHOD epoch=29 views=1 awp_gamma=0.0 consistency_weight=0.0 awp_nat_weight=1.0
2026-10-07 20:07:53.597 | INFO     | __main__:<module>:519 - the 29th epoch 
2026-10-07 20:07:53.897 | INFO     | __main__:<module>:1013 - lr:0.1 weight_nat: 0.29707027680550746, nat_loss: 0.023553023114800453, weight_adv: 0.7029297231944925, adv_loss: 0.02511705458164215 weight-klloss3 0.029630749999999997 Loss3: 0.029954025521874428 clean_ce: 0.16145861148834229, adv_ce: 1.3196990489959717, adv_margin: 0.6233327388763428, clean_gate: 0.48720383644104004, teacher_margin: 0.5362685918807983, teacher_margin_gate: 0.6285482048988342, teacher_clean_gate: 1.0, teacher_adv_gate: 1.0, tm_grad_cos: 0.7918404936790466, tm_scale: 1.0, tm_ps_scale: 1.0, pcgrad_conflicts: 0/0 tmix: alpha=0.0 ramp=0.0 clean_correct_fraction=0.890625 mean_weight=0.0 target_l1=0.0 temperature=1.009999999999999
2026-10-07 20:08:22.921 | INFO     | __main__:<module>:1013 - lr:0.1 weight_nat: 0.29608863336887836, nat_loss: 0.016214238479733467, weight_adv: 0.7039113666311217, adv_loss: 0.025748752057552338 weight-klloss3 0.029630749999999997 Loss3: 0.029025379568338394 clean_ce: 0.13573992252349854, adv_ce: 1.345005989074707, adv_margin: 0.7218931317329407, clean_gate: 0.4997328817844391, teacher_margin: 0.48130524158477783, teacher_margin_gate: 0.6276109218597412, teacher_clean_gate: 1.0, teacher_adv_gate: 1.0, tm_grad_cos: 0.7526779174804688, tm_scale: 1.0, tm_ps_scale: 1.0, pcgrad_conflicts: 0/0 tmix: alpha=0.0 ramp=0.0 clean_correct_fraction=0.8984375 mean_weight=0.0 target_l1=0.0 temperature=1.0079999999999991
2026-10-07 20:08:51.824 | INFO     | __main__:<module>:1013 - lr:0.1 weight_nat: 0.2919986894800586, nat_loss: 0.01919705979526043, weight_adv: 0.7080013105199415, adv_loss: 0.025525616481900215 weight-klloss3 0.029630749999999997 Loss3: 0.04022197425365448 clean_ce: 0.1412506103515625, adv_ce: 1.3218529224395752, adv_margin: 0.6720560789108276, clean_gate: 0.50599604845047, teacher_margin: 0.5664870738983154, teacher_margin_gate: 0.6538546681404114, teacher_clean_gate: 1.0, teacher_adv_gate: 1.0, tm_grad_cos: 0.8188179731369019, tm_scale: 1.0, tm_ps_scale: 1.0, pcgrad_conflicts: 0/0 tmix: alpha=0.0 ramp=0.0 clean_correct_fraction=0.9140625 mean_weight=0.0 target_l1=0.0 temperature=1.009999999999999
2026-10-07 20:09:20.676 | INFO     | __main__:<module>:1013 - lr:0.1 weight_nat: 0.28688393349021596, nat_loss: 0.018749743700027466, weight_adv: 0.7131160665097841, adv_loss: 0.029187604784965515 weight-klloss3 0.029630749999999997 Loss3: 0.042874906212091446 clean_ce: 0.13730797171592712, adv_ce: 1.3841711282730103, adv_margin: 0.7041792869567871, clean_gate: 0.4865032434463501, teacher_margin: 0.6117829084396362, teacher_margin_gate: 0.6556711196899414, teacher_clean_gate: 1.0, teacher_adv_gate: 1.0, tm_grad_cos: 0.7956111431121826, tm_scale: 1.0, tm_ps_scale: 1.0, pcgrad_conflicts: 0/0 tmix: alpha=0.0 ramp=0.0 clean_correct_fraction=0.90625 mean_weight=0.0 target_l1=0.0 temperature=1.009999999999999
2026-10-07 20:09:46.825 | INFO     | __main__:<module>:1016 - TRAIN_EPOCH_RESOURCE epoch=29 seconds=113.22873608907685 peak_allocated_bytes=7532879360
2026-10-07 20:09:46.826 | INFO     | __main__:<module>:516 - METHOD epoch=30 views=1 awp_gamma=0.0 consistency_weight=0.0 awp_nat_weight=1.0
2026-10-07 20:09:46.826 | INFO     | __main__:<module>:519 - the 30th epoch 
2026-10-07 20:09:47.135 | INFO     | __main__:<module>:1013 - lr:0.1 weight_nat: 0.292097600065441, nat_loss: 0.01974490098655224, weight_adv: 0.7079023999345591, adv_loss: 0.02945614606142044 weight-klloss3 0.0306525 Loss3: 0.04112200438976288 clean_ce: 0.14807644486427307, adv_ce: 1.3960627317428589, adv_margin: 0.6656118631362915, clean_gate: 0.48822125792503357, teacher_margin: 0.6039609313011169, teacher_margin_gate: 0.6526193022727966, teacher_clean_gate: 1.0, teacher_adv_gate: 1.0, tm_grad_cos: 0.7905228137969971, tm_scale: 1.0, tm_ps_scale: 1.0, pcgrad_conflicts: 0/0 tmix: alpha=0.0 ramp=0.0 clean_correct_fraction=0.90625 mean_weight=0.0 target_l1=0.0 temperature=1.018999999999998
2026-10-07 20:10:16.193 | INFO     | __main__:<module>:1013 - lr:0.1 weight_nat: 0.29191605053832, nat_loss: 0.024040916934609413, weight_adv: 0.7080839494616801, adv_loss: 0.02728133462369442 weight-klloss3 0.0306525 Loss3: 0.036380402743816376 clean_ce: 0.1610911786556244, adv_ce: 1.3479747772216797, adv_margin: 0.68454509973526, clean_gate: 0.4962797462940216, teacher_margin: 0.5366647243499756, teacher_margin_gate: 0.6295380592346191, teacher_clean_gate: 1.0, teacher_adv_gate: 1.0, tm_grad_cos: 0.781819760799408, tm_scale: 1.0, tm_ps_scale: 1.0, pcgrad_conflicts: 0/0 tmix: alpha=0.0 ramp=0.0 clean_correct_fraction=0.8828125 mean_weight=0.0 target_l1=0.0 temperature=1.0129999999999986
2026-10-07 20:10:45.229 | INFO     | __main__:<module>:1013 - lr:0.1 weight_nat: 0.28903264714910853, nat_loss: 0.017892057076096535, weight_adv: 0.7109673528508914, adv_loss: 0.028660401701927185 weight-klloss3 0.0306525 Loss3: 0.04206203296780586 clean_ce: 0.1384260356426239, adv_ce: 1.3163522481918335, adv_margin: 0.6747723817825317, clean_gate: 0.49968966841697693, teacher_margin: 0.6023862957954407, teacher_margin_gate: 0.6741219758987427, teacher_clean_gate: 1.0, teacher_adv_gate: 1.0, tm_grad_cos: 0.8239218592643738, tm_scale: 1.0, tm_ps_scale: 1.0, pcgrad_conflicts: 0/0 tmix: alpha=0.0 ramp=0.0 clean_correct_fraction=0.921875 mean_weight=0.0 target_l1=0.0 temperature=1.008999999999999
2026-10-07 20:11:14.228 | INFO     | __main__:<module>:1013 - lr:0.1 weight_nat: 0.28739838595537215, nat_loss: 0.018644854426383972, weight_adv: 0.7126016140446279, adv_loss: 0.026020290330052376 weight-klloss3 0.0306525 Loss3: 0.0353911891579628 clean_ce: 0.14593040943145752, adv_ce: 1.2624258995056152, adv_margin: 0.5752741098403931, clean_gate: 0.521971583366394, teacher_margin: 0.5208156704902649, teacher_margin_gate: 0.6414813995361328, teacher_clean_gate: 1.0, teacher_adv_gate: 1.0, tm_grad_cos: 0.7917879223823547, tm_scale: 1.0, tm_ps_scale: 1.0, pcgrad_conflicts: 0/0 tmix: alpha=0.0 ramp=0.0 clean_correct_fraction=0.9140625 mean_weight=0.0 target_l1=0.0 temperature=1.0149999999999983
2026-10-07 20:11:40.109 | INFO     | __main__:<module>:1016 - TRAIN_EPOCH_RESOURCE epoch=30 seconds=113.28281045495532 peak_allocated_bytes=7532879360
2026-10-07 20:11:40.109 | INFO     | __main__:<module>:516 - METHOD epoch=31 views=1 awp_gamma=0.0 consistency_weight=0.0 awp_nat_weight=1.0
2026-10-07 20:11:40.109 | INFO     | __main__:<module>:519 - the 31th epoch 
2026-10-07 20:11:40.407 | INFO     | __main__:<module>:1013 - lr:0.1 weight_nat: 0.28859060045399043, nat_loss: 0.01753936894237995, weight_adv: 0.7114093995460096, adv_loss: 0.02695930190384388 weight-klloss3 0.03167425 Loss3: 0.030616942793130875 clean_ce: 0.15167781710624695, adv_ce: 1.2188407182693481, adv_margin: 0.5274081826210022, clean_gate: 0.5400986671447754, teacher_margin: 0.5731857419013977, teacher_margin_gate: 0.6720917224884033, teacher_clean_gate: 1.0, teacher_adv_gate: 1.0, tm_grad_cos: 0.797849178314209, tm_scale: 1.0, tm_ps_scale: 1.0, pcgrad_conflicts: 0/0 tmix: alpha=0.0 ramp=0.0 clean_correct_fraction=0.9609375 mean_weight=0.0 target_l1=0.0 temperature=1.0119999999999987
2026-10-07 20:12:09.179 | INFO     | __main__:<module>:1013 - lr:0.1 weight_nat: 0.29956951237219054, nat_loss: 0.0200118999928236, weight_adv: 0.7004304876278095, adv_loss: 0.026497824117541313 weight-klloss3 0.03167425 Loss3: 0.029786868020892143 clean_ce: 0.16177043318748474, adv_ce: 1.2155275344848633, adv_margin: 0.4949330687522888, clean_gate: 0.5450842380523682, teacher_margin: 0.5454530715942383, teacher_margin_gate: 0.6871150732040405, teacher_clean_gate: 1.0, teacher_adv_gate: 1.0, tm_grad_cos: 0.8138494491577148, tm_scale: 1.0, tm_ps_scale: 1.0, pcgrad_conflicts: 0/0 tmix: alpha=0.0 ramp=0.0 clean_correct_fraction=0.9375 mean_weight=0.0 target_l1=0.0 temperature=1.0079999999999991
2026-10-07 20:12:38.031 | INFO     | __main__:<module>:1013 - lr:0.1 weight_nat: 0.28928556776916453, nat_loss: 0.014285794459283352, weight_adv: 0.7107144322308354, adv_loss: 0.026486434042453766 weight-klloss3 0.03167425 Loss3: 0.031661130487918854 clean_ce: 0.151272252202034, adv_ce: 1.202122688293457, adv_margin: 0.5524449348449707, clean_gate: 0.5578471422195435, teacher_margin: 0.5418264865875244, teacher_margin_gate: 0.7076010704040527, teacher_clean_gate: 1.0, teacher_adv_gate: 1.0, tm_grad_cos: 0.807925820350647, tm_scale: 1.0, tm_ps_scale: 1.0, pcgrad_conflicts: 0/0 tmix: alpha=0.0 ramp=0.0 clean_correct_fraction=0.9453125 mean_weight=0.0 target_l1=0.0 temperature=1.009999999999999
2026-10-07 20:13:06.882 | INFO     | __main__:<module>:1013 - lr:0.1 weight_nat: 0.2879021994711135, nat_loss: 0.012824607081711292, weight_adv: 0.7120978005288865, adv_loss: 0.024914704263210297 weight-klloss3 0.03167425 Loss3: 0.04036007449030876 clean_ce: 0.15860587358474731, adv_ce: 1.1528264284133911, adv_margin: 0.518175482749939, clean_gate: 0.5554420948028564, teacher_margin: 0.5478172898292542, teacher_margin_gate: 0.6941010355949402, teacher_clean_gate: 1.0, teacher_adv_gate: 1.0, tm_grad_cos: 0.8320350646972656, tm_scale: 1.0, tm_ps_scale: 1.0, pcgrad_conflicts: 0/0 tmix: alpha=0.0 ramp=0.0 clean_correct_fraction=0.8984375 mean_weight=0.0 target_l1=0.0 temperature=1.017999999999998
2026-10-07 20:13:32.825 | INFO     | __main__:<module>:1016 - TRAIN_EPOCH_RESOURCE epoch=31 seconds=112.71610106597655 peak_allocated_bytes=7532879360
2026-10-07 20:13:32.826 | INFO     | __main__:<module>:516 - METHOD epoch=32 views=1 awp_gamma=0.0 consistency_weight=0.0 awp_nat_weight=1.0
2026-10-07 20:13:32.826 | INFO     | __main__:<module>:519 - the 32th epoch 
2026-10-07 20:13:33.126 | INFO     | __main__:<module>:1013 - lr:0.1 weight_nat: 0.2881653885339618, nat_loss: 0.014376523904502392, weight_adv: 0.7118346114660382, adv_loss: 0.025014791637659073 weight-klloss3 0.032695999999999996 Loss3: 0.03569034859538078 clean_ce: 0.1475304365158081, adv_ce: 1.233748435974121, adv_margin: 0.6292240619659424, clean_gate: 0.5413649678230286, teacher_margin: 0.49873292446136475, teacher_margin_gate: 0.6825705170631409, teacher_clean_gate: 1.0, teacher_adv_gate: 1.0, tm_grad_cos: 0.7893969416618347, tm_scale: 1.0, tm_ps_scale: 1.0, pcgrad_conflicts: 0/0 tmix: alpha=0.0 ramp=0.0 clean_correct_fraction=0.90625 mean_weight=0.0 target_l1=0.0 temperature=1.0149999999999983
2026-10-07 20:14:02.165 | INFO     | __main__:<module>:1013 - lr:0.1 weight_nat: 0.28235709393125435, nat_loss: 0.013258392922580242, weight_adv: 0.7176429060687456, adv_loss: 0.030150078237056732 weight-klloss3 0.032695999999999996 Loss3: 0.03068021684885025 clean_ce: 0.1392536610364914, adv_ce: 1.308241605758667, adv_margin: 0.6905468702316284, clean_gate: 0.49566662311553955, teacher_margin: 0.6077024340629578, teacher_margin_gate: 0.6793492436408997, teacher_clean_gate: 1.0, teacher_adv_gate: 1.0, tm_grad_cos: 0.8182386159896851, tm_scale: 1.0, tm_ps_scale: 1.0, pcgrad_conflicts: 0/0 tmix: alpha=0.0 ramp=0.0 clean_correct_fraction=0.9453125 mean_weight=0.0 target_l1=0.0 temperature=1.0109999999999988
2026-10-07 20:14:31.035 | INFO     | __main__:<module>:1013 - lr:0.1 weight_nat: 0.28518575684130854, nat_loss: 0.02029907889664173, weight_adv: 0.7148142431586915, adv_loss: 0.0365719310939312 weight-klloss3 0.032695999999999996 Loss3: 0.03512819856405258 clean_ce: 0.12383394688367844, adv_ce: 1.5639863014221191, adv_margin: 0.9276834726333618, clean_gate: 0.43713536858558655, teacher_margin: 0.6849904656410217, teacher_margin_gate: 0.6259605288505554, teacher_clean_gate: 1.0, teacher_adv_gate: 1.0, tm_grad_cos: 0.8036083579063416, tm_scale: 1.0, tm_ps_scale: 1.0, pcgrad_conflicts: 0/0 tmix: alpha=0.0 ramp=0.0 clean_correct_fraction=0.8828125 mean_weight=0.0 target_l1=0.0 temperature=1.018999999999998
2026-10-07 20:14:59.919 | INFO     | __main__:<module>:1013 - lr:0.1 weight_nat: 0.28759097057475763, nat_loss: 0.014899881556630135, weight_adv: 0.7124090294252424, adv_loss: 0.027688968926668167 weight-klloss3 0.032695999999999996 Loss3: 0.026665301993489265 clean_ce: 0.13842934370040894, adv_ce: 1.2498100996017456, adv_margin: 0.6211414337158203, clean_gate: 0.5192306041717529, teacher_margin: 0.4988136887550354, teacher_margin_gate: 0.644723117351532, teacher_clean_gate: 1.0, teacher_adv_gate: 1.0, tm_grad_cos: 0.7864958047866821, tm_scale: 1.0, tm_ps_scale: 1.0, pcgrad_conflicts: 0/0 tmix: alpha=0.0 ramp=0.0 clean_correct_fraction=0.953125 mean_weight=0.0 target_l1=0.0 temperature=1.0109999999999988
2026-10-07 20:15:25.795 | INFO     | __main__:<module>:1016 - TRAIN_EPOCH_RESOURCE epoch=32 seconds=112.96877126209438 peak_allocated_bytes=7534517760
2026-10-07 20:15:25.795 | INFO     | __main__:<module>:516 - METHOD epoch=33 views=1 awp_gamma=0.0 consistency_weight=0.0 awp_nat_weight=1.0
2026-10-07 20:15:25.795 | INFO     | __main__:<module>:519 - the 33th epoch 
2026-10-07 20:15:26.094 | INFO     | __main__:<module>:1013 - lr:0.1 weight_nat: 0.2874757598543767, nat_loss: 0.013707384467124939, weight_adv: 0.7125242401456234, adv_loss: 0.025226466357707977 weight-klloss3 0.03371775 Loss3: 0.028040621429681778 clean_ce: 0.14312350749969482, adv_ce: 1.1950173377990723, adv_margin: 0.5870044231414795, clean_gate: 0.53907310962677, teacher_margin: 0.44676268100738525, teacher_margin_gate: 0.6487049460411072, teacher_clean_gate: 1.0, teacher_adv_gate: 1.0, tm_grad_cos: 0.7379280924797058, tm_scale: 1.0, tm_ps_scale: 1.0, pcgrad_conflicts: 0/0 tmix: alpha=0.0 ramp=0.0 clean_correct_fraction=0.9296875 mean_weight=0.0 target_l1=0.0 temperature=1.009999999999999
2026-10-07 20:15:54.931 | INFO     | __main__:<module>:1013 - lr:0.1 weight_nat: 0.2849222251068895, nat_loss: 0.016430599614977837, weight_adv: 0.7150777748931105, adv_loss: 0.025689061731100082 weight-klloss3 0.03371775 Loss3: 0.03687217831611633 clean_ce: 0.12162867933511734, adv_ce: 1.3772841691970825, adv_margin: 0.7439702749252319, clean_gate: 0.4765089154243469, teacher_margin: 0.5563836097717285, teacher_margin_gate: 0.6189671754837036, teacher_clean_gate: 1.0, teacher_adv_gate: 1.0, tm_grad_cos: 0.8128422498703003, tm_scale: 1.0, tm_ps_scale: 1.0, pcgrad_conflicts: 0/0 tmix: alpha=0.0 ramp=0.0 clean_correct_fraction=0.890625 mean_weight=0.0 target_l1=0.0 temperature=1.0159999999999982
2026-10-07 20:16:23.791 | INFO     | __main__:<module>:1013 - lr:0.1 weight_nat: 0.28558294778879856, nat_loss: 0.01728132739663124, weight_adv: 0.7144170522112014, adv_loss: 0.026551226153969765 weight-klloss3 0.03371775 Loss3: 0.022735189646482468 clean_ce: 0.13228961825370789, adv_ce: 1.380136489868164, adv_margin: 0.7167806029319763, clean_gate: 0.49992626905441284, teacher_margin: 0.5501360893249512, teacher_margin_gate: 0.6440514326095581, teacher_clean_gate: 1.0, teacher_adv_gate: 1.0, tm_grad_cos: 0.7961592078208923, tm_scale: 1.0, tm_ps_scale: 1.0, pcgrad_conflicts: 0/0 tmix: alpha=0.0 ramp=0.0 clean_correct_fraction=0.90625 mean_weight=0.0 target_l1=0.0 temperature=1.0159999999999982
2026-10-07 20:16:52.924 | INFO     | __main__:<module>:1013 - lr:0.1 weight_nat: 0.2880435677447572, nat_loss: 0.01928054355084896, weight_adv: 0.7119564322552429, adv_loss: 0.035346467047929764 weight-klloss3 0.03371775 Loss3: 0.03437282145023346 clean_ce: 0.10899417102336884, adv_ce: 1.6114141941070557, adv_margin: 1.0672961473464966, clean_gate: 0.41618722677230835, teacher_margin: 0.6530043482780457, teacher_margin_gate: 0.6131157279014587, teacher_clean_gate: 1.0, teacher_adv_gate: 1.0, tm_grad_cos: 0.8166018128395081, tm_scale: 1.0, tm_ps_scale: 1.0, pcgrad_conflicts: 0/0 tmix: alpha=0.0 ramp=0.0 clean_correct_fraction=0.875 mean_weight=0.0 target_l1=0.0 temperature=1.0119999999999987
2026-10-07 20:17:19.095 | INFO     | __main__:<module>:1016 - TRAIN_EPOCH_RESOURCE epoch=33 seconds=113.29936155490577 peak_allocated_bytes=7534784512
2026-10-07 20:17:19.095 | INFO     | __main__:<module>:516 - METHOD epoch=34 views=1 awp_gamma=0.0 consistency_weight=0.0 awp_nat_weight=1.0
2026-10-07 20:17:19.095 | INFO     | __main__:<module>:519 - the 34th epoch 
2026-10-07 20:17:19.398 | INFO     | __main__:<module>:1013 - lr:0.1 weight_nat: 0.2800955130675169, nat_loss: 0.01587301306426525, weight_adv: 0.7199044869324831, adv_loss: 0.022149119526147842 weight-klloss3 0.0347395 Loss3: 0.03351942449808121 clean_ce: 0.13916023075580597, adv_ce: 1.2649363279342651, adv_margin: 0.575666606426239, clean_gate: 0.5290608406066895, teacher_margin: 0.49243515729904175, teacher_margin_gate: 0.6526747941970825, teacher_clean_gate: 1.0, teacher_adv_gate: 1.0, tm_grad_cos: 0.7915103435516357, tm_scale: 1.0, tm_ps_scale: 1.0, pcgrad_conflicts: 0/0 tmix: alpha=0.0 ramp=0.0 clean_correct_fraction=0.8984375 mean_weight=0.0 target_l1=0.0 temperature=1.0129999999999986
2026-10-07 20:17:48.604 | INFO     | __main__:<module>:1013 - lr:0.1 weight_nat: 0.2908903475760299, nat_loss: 0.01827993616461754, weight_adv: 0.7091096524239701, adv_loss: 0.027006566524505615 weight-klloss3 0.0347395 Loss3: 0.029794173315167427 clean_ce: 0.1304357349872589, adv_ce: 1.440949559211731, adv_margin: 0.7677093744277954, clean_gate: 0.5009591579437256, teacher_margin: 0.51383376121521, teacher_margin_gate: 0.6347895860671997, teacher_clean_gate: 1.0, teacher_adv_gate: 1.0, tm_grad_cos: 0.7671912312507629, tm_scale: 1.0, tm_ps_scale: 1.0, pcgrad_conflicts: 0/0 tmix: alpha=0.0 ramp=0.0 clean_correct_fraction=0.8828125 mean_weight=0.0 target_l1=0.0 temperature=1.0059999999999993
2026-10-07 20:18:17.752 | INFO     | __main__:<module>:1013 - lr:0.1 weight_nat: 0.286684272885767, nat_loss: 0.018057584762573242, weight_adv: 0.7133157271142331, adv_loss: 0.039056211709976196 weight-klloss3 0.0347395 Loss3: 0.0644083172082901 clean_ce: 0.1258329153060913, adv_ce: 1.5749088525772095, adv_margin: 0.987529993057251, clean_gate: 0.42873311042785645, teacher_margin: 0.7324357032775879, teacher_margin_gate: 0.6443393230438232, teacher_clean_gate: 1.0, teacher_adv_gate: 1.0, tm_grad_cos: 0.823266863822937, tm_scale: 1.0, tm_ps_scale: 1.0, pcgrad_conflicts: 0/0 tmix: alpha=0.0 ramp=0.0 clean_correct_fraction=0.9140625 mean_weight=0.0 target_l1=0.0 temperature=1.0079999999999991
2026-10-07 20:18:46.867 | INFO     | __main__:<module>:1013 - lr:0.1 weight_nat: 0.29438597938818384, nat_loss: 0.01648092456161976, weight_adv: 0.7056140206118162, adv_loss: 0.024535320699214935 weight-klloss3 0.0347395 Loss3: 0.020435096696019173 clean_ce: 0.14451363682746887, adv_ce: 1.3411794900894165, adv_margin: 0.6886566877365112, clean_gate: 0.5005354285240173, teacher_margin: 0.5255868434906006, teacher_margin_gate: 0.6196187734603882, teacher_clean_gate: 1.0, teacher_adv_gate: 1.0, tm_grad_cos: 0.7874963283538818, tm_scale: 1.0, tm_ps_scale: 1.0, pcgrad_conflicts: 0/0 tmix: alpha=0.0 ramp=0.0 clean_correct_fraction=0.9140625 mean_weight=0.0 target_l1=0.0 temperature=1.009999999999999
2026-10-07 20:19:12.719 | INFO     | __main__:<module>:1016 - TRAIN_EPOCH_RESOURCE epoch=34 seconds=113.62387653905898 peak_allocated_bytes=7534517760
2026-10-07 20:19:12.720 | INFO     | __main__:<module>:516 - METHOD epoch=35 views=1 awp_gamma=0.0 consistency_weight=0.0 awp_nat_weight=1.0
2026-10-07 20:19:12.720 | INFO     | __main__:<module>:519 - the 35th epoch 
2026-10-07 20:19:13.018 | INFO     | __main__:<module>:1013 - lr:0.1 weight_nat: 0.28706635970618777, nat_loss: 0.013722366653382778, weight_adv: 0.7129336402938123, adv_loss: 0.03024507500231266 weight-klloss3 0.035761249999999994 Loss3: 0.04087965190410614 clean_ce: 0.1350547969341278, adv_ce: 1.330120325088501, adv_margin: 0.6530470252037048, clean_gate: 0.4897323548793793, teacher_margin: 0.620384693145752, teacher_margin_gate: 0.6574271321296692, teacher_clean_gate: 1.0, teacher_adv_gate: 1.0, tm_grad_cos: 0.7973871231079102, tm_scale: 1.0, tm_ps_scale: 1.0, pcgrad_conflicts: 0/0 tmix: alpha=0.0 ramp=0.0 clean_correct_fraction=0.9453125 mean_weight=0.0 target_l1=0.0 temperature=1.0109999999999988
2026-10-07 20:19:41.753 | INFO     | __main__:<module>:1013 - lr:0.1 weight_nat: 0.28751100878513347, nat_loss: 0.014814220368862152, weight_adv: 0.7124889912148666, adv_loss: 0.022308746352791786 weight-klloss3 0.035761249999999994 Loss3: 0.038006823509931564 clean_ce: 0.13819032907485962, adv_ce: 1.2945669889450073, adv_margin: 0.6226613521575928, clean_gate: 0.4979594349861145, teacher_margin: 0.4755609631538391, teacher_margin_gate: 0.624651312828064, teacher_clean_gate: 1.0, teacher_adv_gate: 1.0, tm_grad_cos: 0.7891561388969421, tm_scale: 1.0, tm_ps_scale: 1.0, pcgrad_conflicts: 0/0 tmix: alpha=0.0 ramp=0.0 clean_correct_fraction=0.8984375 mean_weight=0.0 target_l1=0.0 temperature=1.0129999999999986
2026-10-07 20:20:10.499 | INFO     | __main__:<module>:1013 - lr:0.1 weight_nat: 0.2837322454905631, nat_loss: 0.011066081933677197, weight_adv: 0.7162677545094369, adv_loss: 0.025952817872166634 weight-klloss3 0.035761249999999994 Loss3: 0.04285825043916702 clean_ce: 0.14524437487125397, adv_ce: 1.1616878509521484, adv_margin: 0.4994111955165863, clean_gate: 0.5531297922134399, teacher_margin: 0.5722171068191528, teacher_margin_gate: 0.7152535915374756, teacher_clean_gate: 1.0, teacher_adv_gate: 1.0, tm_grad_cos: 0.8052465915679932, tm_scale: 1.0, tm_ps_scale: 1.0, pcgrad_conflicts: 0/0 tmix: alpha=0.0 ramp=0.0 clean_correct_fraction=0.9609375 mean_weight=0.0 target_l1=0.0 temperature=1.0149999999999983
2026-10-07 20:20:39.258 | INFO     | __main__:<module>:1013 - lr:0.1 weight_nat: 0.2787146047976112, nat_loss: 0.01447257585823536, weight_adv: 0.7212853952023889, adv_loss: 0.02443285658955574 weight-klloss3 0.035761249999999994 Loss3: 0.047652315348386765 clean_ce: 0.1509373039007187, adv_ce: 1.1981558799743652, adv_margin: 0.5744097828865051, clean_gate: 0.5341376066207886, teacher_margin: 0.547751784324646, teacher_margin_gate: 0.6830482482910156, teacher_clean_gate: 1.0, teacher_adv_gate: 1.0, tm_grad_cos: 0.7909026741981506, tm_scale: 1.0, tm_ps_scale: 1.0, pcgrad_conflicts: 0/0 tmix: alpha=0.0 ramp=0.0 clean_correct_fraction=0.9296875 mean_weight=0.0 target_l1=0.0 temperature=1.0149999999999983
2026-10-07 20:21:05.057 | INFO     | __main__:<module>:1016 - TRAIN_EPOCH_RESOURCE epoch=35 seconds=112.33725198404863 peak_allocated_bytes=7533927936
2026-10-07 20:21:05.058 | INFO     | __main__:<module>:516 - METHOD epoch=36 views=1 awp_gamma=0.0 consistency_weight=0.0 awp_nat_weight=1.0
2026-10-07 20:21:05.058 | INFO     | __main__:<module>:519 - the 36th epoch 
2026-10-07 20:21:05.356 | INFO     | __main__:<module>:1013 - lr:0.1 weight_nat: 0.2836760474344653, nat_loss: 0.015881413593888283, weight_adv: 0.7163239525655347, adv_loss: 0.025335758924484253 weight-klloss3 0.036782999999999996 Loss3: 0.041360270231962204 clean_ce: 0.14708518981933594, adv_ce: 1.3230350017547607, adv_margin: 0.7278304100036621, clean_gate: 0.5190742611885071, teacher_margin: 0.4344343841075897, teacher_margin_gate: 0.6295709013938904, teacher_clean_gate: 1.0, teacher_adv_gate: 1.0, tm_grad_cos: 0.7165570259094238, tm_scale: 1.0, tm_ps_scale: 1.0, pcgrad_conflicts: 0/0 tmix: alpha=0.0 ramp=0.0 clean_correct_fraction=0.9140625 mean_weight=0.0 target_l1=0.0 temperature=1.0059999999999993
2026-10-07 20:21:34.288 | INFO     | __main__:<module>:1013 - lr:0.1 weight_nat: 0.2884724175389024, nat_loss: 0.017448684200644493, weight_adv: 0.7115275824610977, adv_loss: 0.023767966777086258 weight-klloss3 0.036782999999999996 Loss3: 0.036581870168447495 clean_ce: 0.16129496693611145, adv_ce: 1.2029863595962524, adv_margin: 0.5105212926864624, clean_gate: 0.567992091178894, teacher_margin: 0.4813755452632904, teacher_margin_gate: 0.6886545419692993, teacher_clean_gate: 1.0, teacher_adv_gate: 1.0, tm_grad_cos: 0.7852470278739929, tm_scale: 1.0, tm_ps_scale: 1.0, pcgrad_conflicts: 0/0 tmix: alpha=0.0 ramp=0.0 clean_correct_fraction=0.90625 mean_weight=0.0 target_l1=0.0 temperature=1.0139999999999985
2026-10-07 20:22:03.437 | INFO     | __main__:<module>:1013 - lr:0.1 weight_nat: 0.2817561450048832, nat_loss: 0.016407614573836327, weight_adv: 0.7182438549951169, adv_loss: 0.022820770740509033 weight-klloss3 0.036782999999999996 Loss3: 0.028862519189715385 clean_ce: 0.1498500108718872, adv_ce: 1.2393627166748047, adv_margin: 0.57359379529953, clean_gate: 0.5283151268959045, teacher_margin: 0.4908856749534607, teacher_margin_gate: 0.6540098786354065, teacher_clean_gate: 1.0, teacher_adv_gate: 1.0, tm_grad_cos: 0.8251486420631409, tm_scale: 1.0, tm_ps_scale: 1.0, pcgrad_conflicts: 0/0 tmix: alpha=0.0 ramp=0.0 clean_correct_fraction=0.8984375 mean_weight=0.0 target_l1=0.0 temperature=1.0119999999999987
2026-10-07 20:22:32.528 | INFO     | __main__:<module>:1013 - lr:0.1 weight_nat: 0.2850796489163858, nat_loss: 0.01680476777255535, weight_adv: 0.7149203510836142, adv_loss: 0.023252354934811592 weight-klloss3 0.036782999999999996 Loss3: 0.04253624007105827 clean_ce: 0.16253924369812012, adv_ce: 1.1066315174102783, adv_margin: 0.4231226146221161, clean_gate: 0.562675952911377, teacher_margin: 0.5494605302810669, teacher_margin_gate: 0.7062416076660156, teacher_clean_gate: 1.0, teacher_adv_gate: 1.0, tm_grad_cos: 0.8086460828781128, tm_scale: 1.0, tm_ps_scale: 1.0, pcgrad_conflicts: 0/0 tmix: alpha=0.0 ramp=0.0 clean_correct_fraction=0.96875 mean_weight=0.0 target_l1=0.0 temperature=1.0139999999999985
2026-10-07 20:22:58.679 | INFO     | __main__:<module>:1016 - TRAIN_EPOCH_RESOURCE epoch=36 seconds=113.62151771504432 peak_allocated_bytes=7533735936
2026-10-07 20:22:58.680 | INFO     | __main__:<module>:516 - METHOD epoch=37 views=1 awp_gamma=0.0 consistency_weight=0.0 awp_nat_weight=1.0
2026-10-07 20:22:58.680 | INFO     | __main__:<module>:519 - the 37th epoch 
2026-10-07 20:22:58.982 | INFO     | __main__:<module>:1013 - lr:0.1 weight_nat: 0.2912361589865397, nat_loss: 0.01875108852982521, weight_adv: 0.7087638410134603, adv_loss: 0.027812594547867775 weight-klloss3 0.03780475 Loss3: 0.020948445424437523 clean_ce: 0.14928773045539856, adv_ce: 1.3299649953842163, adv_margin: 0.6140379309654236, clean_gate: 0.501813530921936, teacher_margin: 0.5956532955169678, teacher_margin_gate: 0.6459269523620605, teacher_clean_gate: 1.0, teacher_adv_gate: 1.0, tm_grad_cos: 0.8050934076309204, tm_scale: 1.0, tm_ps_scale: 1.0, pcgrad_conflicts: 0/0 tmix: alpha=0.0 ramp=0.0 clean_correct_fraction=0.90625 mean_weight=0.0 target_l1=0.0 temperature=1.0149999999999983
2026-10-07 20:23:28.063 | INFO     | __main__:<module>:1013 - lr:0.1 weight_nat: 0.2793457579093596, nat_loss: 0.019296878948807716, weight_adv: 0.7206542420906403, adv_loss: 0.025866501033306122 weight-klloss3 0.03780475 Loss3: 0.042705461382865906 clean_ce: 0.13288038969039917, adv_ce: 1.4123010635375977, adv_margin: 0.7348402142524719, clean_gate: 0.5102350115776062, teacher_margin: 0.5178366899490356, teacher_margin_gate: 0.6467685699462891, teacher_clean_gate: 1.0, teacher_adv_gate: 1.0, tm_grad_cos: 0.7523314356803894, tm_scale: 1.0, tm_ps_scale: 1.0, pcgrad_conflicts: 0/0 tmix: alpha=0.0 ramp=0.0 clean_correct_fraction=0.890625 mean_weight=0.0 target_l1=0.0 temperature=1.0049999999999994
2026-10-07 20:23:56.969 | INFO     | __main__:<module>:1013 - lr:0.1 weight_nat: 0.28342352460268827, nat_loss: 0.0169060118496418, weight_adv: 0.7165764753973118, adv_loss: 0.02347256988286972 weight-klloss3 0.03780475 Loss3: 0.0326538011431694 clean_ce: 0.15082383155822754, adv_ce: 1.2557426691055298, adv_margin: 0.6080535650253296, clean_gate: 0.5493433475494385, teacher_margin: 0.5196377038955688, teacher_margin_gate: 0.6930858492851257, teacher_clean_gate: 1.0, teacher_adv_gate: 1.0, tm_grad_cos: 0.8009339570999146, tm_scale: 1.0, tm_ps_scale: 1.0, pcgrad_conflicts: 0/0 tmix: alpha=0.0 ramp=0.0 clean_correct_fraction=0.90625 mean_weight=0.0 target_l1=0.0 temperature=1.0169999999999981
2026-10-07 20:24:25.947 | INFO     | __main__:<module>:1013 - lr:0.1 weight_nat: 0.28745556675773215, nat_loss: 0.020368589088320732, weight_adv: 0.7125444332422678, adv_loss: 0.026622986420989037 weight-klloss3 0.03780475 Loss3: 0.03488317131996155 clean_ce: 0.15707416832447052, adv_ce: 1.207236647605896, adv_margin: 0.5389270782470703, clean_gate: 0.5483522415161133, teacher_margin: 0.5836569666862488, teacher_margin_gate: 0.7053217887878418, teacher_clean_gate: 1.0, teacher_adv_gate: 1.0, tm_grad_cos: 0.8075684905052185, tm_scale: 1.0, tm_ps_scale: 1.0, pcgrad_conflicts: 0/0 tmix: alpha=0.0 ramp=0.0 clean_correct_fraction=0.9296875 mean_weight=0.0 target_l1=0.0 temperature=1.0049999999999994
2026-10-07 20:24:52.052 | INFO     | __main__:<module>:1016 - TRAIN_EPOCH_RESOURCE epoch=37 seconds=113.37181722884998 peak_allocated_bytes=7532879360
2026-10-07 20:24:52.052 | INFO     | __main__:<module>:516 - METHOD epoch=38 views=1 awp_gamma=0.0 consistency_weight=0.0 awp_nat_weight=1.0
2026-10-07 20:24:52.052 | INFO     | __main__:<module>:519 - the 38th epoch 
2026-10-07 20:24:52.356 | INFO     | __main__:<module>:1013 - lr:0.1 weight_nat: 0.28812298769733785, nat_loss: 0.020279958844184875, weight_adv: 0.7118770123026621, adv_loss: 0.021008724346756935 weight-klloss3 0.03882649999999999 Loss3: 0.030023468658328056 clean_ce: 0.16702871024608612, adv_ce: 1.1784265041351318, adv_margin: 0.4981248378753662, clean_gate: 0.5636729001998901, teacher_margin: 0.46114593744277954, teacher_margin_gate: 0.6698429584503174, teacher_clean_gate: 1.0, teacher_adv_gate: 1.0, tm_grad_cos: 0.7719508409500122, tm_scale: 1.0, tm_ps_scale: 1.0, pcgrad_conflicts: 0/0 tmix: alpha=0.0 ramp=0.0 clean_correct_fraction=0.8984375 mean_weight=0.0 target_l1=0.0 temperature=1.0119999999999987
2026-10-07 20:25:21.500 | INFO     | __main__:<module>:1013 - lr:0.1 weight_nat: 0.28298376392829266, nat_loss: 0.015061448328197002, weight_adv: 0.7170162360717074, adv_loss: 0.030223185196518898 weight-klloss3 0.03882649999999999 Loss3: 0.044691912829875946 clean_ce: 0.1348414570093155, adv_ce: 1.346838116645813, adv_margin: 0.7440472841262817, clean_gate: 0.4902609586715698, teacher_margin: 0.6317348480224609, teacher_margin_gate: 0.671592116355896, teacher_clean_gate: 1.0, teacher_adv_gate: 1.0, tm_grad_cos: 0.813339114189148, tm_scale: 1.0, tm_ps_scale: 1.0, pcgrad_conflicts: 0/0 tmix: alpha=0.0 ramp=0.0 clean_correct_fraction=0.9296875 mean_weight=0.0 target_l1=0.0 temperature=1.0119999999999987
2026-10-07 20:25:50.672 | INFO     | __main__:<module>:1013 - lr:0.1 weight_nat: 0.2837503854063487, nat_loss: 0.015263045206665993, weight_adv: 0.7162496145936513, adv_loss: 0.02432037889957428 weight-klloss3 0.03882649999999999 Loss3: 0.03601974993944168 clean_ce: 0.14558863639831543, adv_ce: 1.2348923683166504, adv_margin: 0.5953391194343567, clean_gate: 0.5515219569206238, teacher_margin: 0.46738094091415405, teacher_margin_gate: 0.661880373954773, teacher_clean_gate: 1.0, teacher_adv_gate: 1.0, tm_grad_cos: 0.7657074332237244, tm_scale: 1.0, tm_ps_scale: 1.0, pcgrad_conflicts: 0/0 tmix: alpha=0.0 ramp=0.0 clean_correct_fraction=0.9140625 mean_weight=0.0 target_l1=0.0 temperature=1.0039999999999996
2026-10-07 20:26:19.565 | INFO     | __main__:<module>:1013 - lr:0.1 weight_nat: 0.28694812987514823, nat_loss: 0.014888693578541279, weight_adv: 0.7130518701248518, adv_loss: 0.029574977234005928 weight-klloss3 0.03882649999999999 Loss3: 0.027429724112153053 clean_ce: 0.13838888704776764, adv_ce: 1.284167766571045, adv_margin: 0.7093473672866821, clean_gate: 0.5335806608200073, teacher_margin: 0.5556216239929199, teacher_margin_gate: 0.686849057674408, teacher_clean_gate: 1.0, teacher_adv_gate: 1.0, tm_grad_cos: 0.8101701736450195, tm_scale: 1.0, tm_ps_scale: 1.0, pcgrad_conflicts: 0/0 tmix: alpha=0.0 ramp=0.0 clean_correct_fraction=0.9375 mean_weight=0.0 target_l1=0.0 temperature=1.0119999999999987
2026-10-07 20:26:45.412 | INFO     | __main__:<module>:1016 - TRAIN_EPOCH_RESOURCE epoch=38 seconds=113.35981137584895 peak_allocated_bytes=7533927936
2026-10-07 20:26:45.413 | INFO     | __main__:<module>:516 - METHOD epoch=39 views=1 awp_gamma=0.0 consistency_weight=0.0 awp_nat_weight=1.0
2026-10-07 20:26:45.413 | INFO     | __main__:<module>:519 - the 39th epoch 
2026-10-07 20:26:45.712 | INFO     | __main__:<module>:1013 - lr:0.1 weight_nat: 0.2861336715409398, nat_loss: 0.011782423593103886, weight_adv: 0.7138663284590602, adv_loss: 0.022377900779247284 weight-klloss3 0.039848249999999995 Loss3: 0.03821846842765808 clean_ce: 0.14635618031024933, adv_ce: 1.2429665327072144, adv_margin: 0.6485722064971924, clean_gate: 0.5292961597442627, teacher_margin: 0.4861186444759369, teacher_margin_gate: 0.6545469164848328, teacher_clean_gate: 1.0, teacher_adv_gate: 1.0, tm_grad_cos: 0.7857113480567932, tm_scale: 1.0, tm_ps_scale: 1.0, pcgrad_conflicts: 0/0 tmix: alpha=0.0 ramp=0.0 clean_correct_fraction=0.9296875 mean_weight=0.0 target_l1=0.0 temperature=1.018999999999998
2026-10-07 20:27:14.375 | INFO     | __main__:<module>:1013 - lr:0.1 weight_nat: 0.28298957842627054, nat_loss: 0.012486797757446766, weight_adv: 0.7170104215737295, adv_loss: 0.026668349280953407 weight-klloss3 0.039848249999999995 Loss3: 0.03864424303174019 clean_ce: 0.14929667115211487, adv_ce: 1.2698101997375488, adv_margin: 0.6415046453475952, clean_gate: 0.5117236375808716, teacher_margin: 0.5579898357391357, teacher_margin_gate: 0.6643121242523193, teacher_clean_gate: 1.0, teacher_adv_gate: 1.0, tm_grad_cos: 0.8343361616134644, tm_scale: 1.0, tm_ps_scale: 1.0, pcgrad_conflicts: 0/0 tmix: alpha=0.0 ramp=0.0 clean_correct_fraction=0.9609375 mean_weight=0.0 target_l1=0.0 temperature=1.0129999999999986
2026-10-07 20:27:42.918 | INFO     | __main__:<module>:1013 - lr:0.1 weight_nat: 0.2758405888674395, nat_loss: 0.017063206061720848, weight_adv: 0.7241594111325605, adv_loss: 0.026922553777694702 weight-klloss3 0.039848249999999995 Loss3: 0.03729294240474701 clean_ce: 0.1627199351787567, adv_ce: 1.2315046787261963, adv_margin: 0.5026319622993469, clean_gate: 0.5414664149284363, teacher_margin: 0.5261913537979126, teacher_margin_gate: 0.6668531894683838, teacher_clean_gate: 1.0, teacher_adv_gate: 1.0, tm_grad_cos: 0.7841404676437378, tm_scale: 1.0, tm_ps_scale: 1.0, pcgrad_conflicts: 0/0 tmix: alpha=0.0 ramp=0.0 clean_correct_fraction=0.9140625 mean_weight=0.0 target_l1=0.0 temperature=1.008999999999999
2026-10-07 20:28:11.623 | INFO     | __main__:<module>:1013 - lr:0.1 weight_nat: 0.27437283973156446, nat_loss: 0.013841645792126656, weight_adv: 0.7256271602684357, adv_loss: 0.024257421493530273 weight-klloss3 0.039848249999999995 Loss3: 0.048572465777397156 clean_ce: 0.1592872440814972, adv_ce: 1.2310742139816284, adv_margin: 0.5994645357131958, clean_gate: 0.5298411846160889, teacher_margin: 0.5494037866592407, teacher_margin_gate: 0.679513692855835, teacher_clean_gate: 1.0, teacher_adv_gate: 1.0, tm_grad_cos: 0.8245047330856323, tm_scale: 1.0, tm_ps_scale: 1.0, pcgrad_conflicts: 0/0 tmix: alpha=0.0 ramp=0.0 clean_correct_fraction=0.8828125 mean_weight=0.0 target_l1=0.0 temperature=1.0109999999999988
2026-10-07 20:28:37.403 | INFO     | __main__:<module>:1016 - TRAIN_EPOCH_RESOURCE epoch=39 seconds=111.99025576119311 peak_allocated_bytes=7534784512
2026-10-07 20:28:37.403 | INFO     | __main__:<module>:516 - METHOD epoch=40 views=1 awp_gamma=0.0 consistency_weight=0.0 awp_nat_weight=1.0
2026-10-07 20:28:37.403 | INFO     | __main__:<module>:519 - the 40th epoch 
2026-10-07 20:28:37.701 | INFO     | __main__:<module>:1013 - lr:0.1 weight_nat: 0.2735690489211168, nat_loss: 0.015038743615150452, weight_adv: 0.7264309510788832, adv_loss: 0.025256000459194183 weight-klloss3 0.04087 Loss3: 0.04338096082210541 clean_ce: 0.14205273985862732, adv_ce: 1.3166792392730713, adv_margin: 0.6208590269088745, clean_gate: 0.5125221014022827, teacher_margin: 0.5358780026435852, teacher_margin_gate: 0.6545031666755676, teacher_clean_gate: 1.0, teacher_adv_gate: 1.0, tm_grad_cos: 0.785426139831543, tm_scale: 1.0, tm_ps_scale: 1.0, pcgrad_conflicts: 0/0 tmix: alpha=0.0 ramp=0.0 clean_correct_fraction=0.9375 mean_weight=0.0 target_l1=0.0 temperature=1.0159999999999982
2026-10-07 20:29:06.530 | INFO     | __main__:<module>:1013 - lr:0.1 weight_nat: 0.29011336878698313, nat_loss: 0.013581052422523499, weight_adv: 0.7098866312130169, adv_loss: 0.022842954844236374 weight-klloss3 0.04087 Loss3: 0.03637930750846863 clean_ce: 0.1404154896736145, adv_ce: 1.24111008644104, adv_margin: 0.6057636737823486, clean_gate: 0.5287418365478516, teacher_margin: 0.47582611441612244, teacher_margin_gate: 0.6666868925094604, teacher_clean_gate: 1.0, teacher_adv_gate: 1.0, tm_grad_cos: 0.7989640235900879, tm_scale: 1.0, tm_ps_scale: 1.0, pcgrad_conflicts: 0/0 tmix: alpha=0.0 ramp=0.0 clean_correct_fraction=0.9140625 mean_weight=0.0 target_l1=0.0 temperature=1.0139999999999985
2026-10-07 20:29:35.305 | INFO     | __main__:<module>:1013 - lr:0.1 weight_nat: 0.2872101010581849, nat_loss: 0.015794826671481133, weight_adv: 0.7127898989418151, adv_loss: 0.02510562725365162 weight-klloss3 0.04087 Loss3: 0.04503508284687996 clean_ce: 0.15019036829471588, adv_ce: 1.271524429321289, adv_margin: 0.6304022073745728, clean_gate: 0.5161268711090088, teacher_margin: 0.5321037173271179, teacher_margin_gate: 0.657551646232605, teacher_clean_gate: 1.0, teacher_adv_gate: 1.0, tm_grad_cos: 0.81586754322052, tm_scale: 1.0, tm_ps_scale: 1.0, pcgrad_conflicts: 0/0 tmix: alpha=0.0 ramp=0.0 clean_correct_fraction=0.875 mean_weight=0.0 target_l1=0.0 temperature=1.0199999999999978
2026-10-07 20:30:04.049 | INFO     | __main__:<module>:1013 - lr:0.1 weight_nat: 0.2872024950612345, nat_loss: 0.015059334225952625, weight_adv: 0.7127975049387655, adv_loss: 0.03404759243130684 weight-klloss3 0.04087 Loss3: 0.051588501781225204 clean_ce: 0.1347784698009491, adv_ce: 1.3767683506011963, adv_margin: 0.6830029487609863, clean_gate: 0.49388378858566284, teacher_margin: 0.7157423496246338, teacher_margin_gate: 0.6924324035644531, teacher_clean_gate: 1.0, teacher_adv_gate: 1.0, tm_grad_cos: 0.8038530945777893, tm_scale: 1.0, tm_ps_scale: 1.0, pcgrad_conflicts: 0/0 tmix: alpha=0.0 ramp=0.0 clean_correct_fraction=0.9375 mean_weight=0.0 target_l1=0.0 temperature=1.0059999999999993
2026-10-07 20:30:29.583 | INFO     | __main__:<module>:1016 - TRAIN_EPOCH_RESOURCE epoch=40 seconds=112.17902171099558 peak_allocated_bytes=7533735936
2026-10-07 20:30:29.583 | INFO     | __main__:<module>:516 - METHOD epoch=41 views=1 awp_gamma=0.0 consistency_weight=0.0 awp_nat_weight=1.0
2026-10-07 20:30:29.583 | INFO     | __main__:<module>:519 - the 41th epoch 
2026-10-07 20:30:29.880 | INFO     | __main__:<module>:1013 - lr:0.1 weight_nat: 0.2835930593960852, nat_loss: 0.015242441557347775, weight_adv: 0.7164069406039149, adv_loss: 0.023092584684491158 weight-klloss3 0.04189174999999999 Loss3: 0.03284183144569397 clean_ce: 0.1408689022064209, adv_ce: 1.2602343559265137, adv_margin: 0.6103085279464722, clean_gate: 0.533768892288208, teacher_margin: 0.46961480379104614, teacher_margin_gate: 0.6475037336349487, teacher_clean_gate: 1.0, teacher_adv_gate: 1.0, tm_grad_cos: 0.7756941318511963, tm_scale: 1.0, tm_ps_scale: 1.0, pcgrad_conflicts: 0/0 tmix: alpha=0.0 ramp=0.0 clean_correct_fraction=0.90625 mean_weight=0.0 target_l1=0.0 temperature=1.0109999999999988
2026-10-07 20:30:58.372 | INFO     | __main__:<module>:1013 - lr:0.1 weight_nat: 0.2839797398506398, nat_loss: 0.026402398943901062, weight_adv: 0.7160202601493603, adv_loss: 0.027301890775561333 weight-klloss3 0.04189174999999999 Loss3: 0.03681998699903488 clean_ce: 0.16769495606422424, adv_ce: 1.4176537990570068, adv_margin: 0.6742850542068481, clean_gate: 0.4731801748275757, teacher_margin: 0.5549185276031494, teacher_margin_gate: 0.6138163208961487, teacher_clean_gate: 1.0, teacher_adv_gate: 1.0, tm_grad_cos: 0.7824167609214783, tm_scale: 1.0, tm_ps_scale: 1.0, pcgrad_conflicts: 0/0 tmix: alpha=0.0 ramp=0.0 clean_correct_fraction=0.90625 mean_weight=0.0 target_l1=0.0 temperature=1.008999999999999
2026-10-07 20:31:26.792 | INFO     | __main__:<module>:1013 - lr:0.1 weight_nat: 0.2826435021838773, nat_loss: 0.015647923573851585, weight_adv: 0.7173564978161228, adv_loss: 0.02075118012726307 weight-klloss3 0.04189174999999999 Loss3: 0.027941260486841202 clean_ce: 0.1654435396194458, adv_ce: 1.1358319520950317, adv_margin: 0.46918919682502747, clean_gate: 0.588210940361023, teacher_margin: 0.4471198618412018, teacher_margin_gate: 0.6951721906661987, teacher_clean_gate: 1.0, teacher_adv_gate: 1.0, tm_grad_cos: 0.7657046318054199, tm_scale: 1.0, tm_ps_scale: 1.0, pcgrad_conflicts: 0/0 tmix: alpha=0.0 ramp=0.0 clean_correct_fraction=0.9375 mean_weight=0.0 target_l1=0.0 temperature=1.0129999999999986
2026-10-07 20:31:55.246 | INFO     | __main__:<module>:1013 - lr:0.1 weight_nat: 0.27801597473175743, nat_loss: 0.011141949333250523, weight_adv: 0.7219840252682426, adv_loss: 0.02729886770248413 weight-klloss3 0.04189174999999999 Loss3: 0.03526978939771652 clean_ce: 0.13668063282966614, adv_ce: 1.2615565061569214, adv_margin: 0.6621260046958923, clean_gate: 0.5284231305122375, teacher_margin: 0.5383044481277466, teacher_margin_gate: 0.6657657623291016, teacher_clean_gate: 1.0, teacher_adv_gate: 1.0, tm_grad_cos: 0.7978851199150085, tm_scale: 1.0, tm_ps_scale: 1.0, pcgrad_conflicts: 0/0 tmix: alpha=0.0 ramp=0.0 clean_correct_fraction=0.9453125 mean_weight=0.0 target_l1=0.0 temperature=1.0149999999999983
2026-10-07 20:32:20.760 | INFO     | __main__:<module>:1016 - TRAIN_EPOCH_RESOURCE epoch=41 seconds=111.1771010919474 peak_allocated_bytes=7533927936
2026-10-07 20:32:20.760 | INFO     | __main__:<module>:516 - METHOD epoch=42 views=1 awp_gamma=0.0 consistency_weight=0.0 awp_nat_weight=1.0
2026-10-07 20:32:20.760 | INFO     | __main__:<module>:519 - the 42th epoch 
2026-10-07 20:32:21.057 | INFO     | __main__:<module>:1013 - lr:0.1 weight_nat: 0.2834949769192958, nat_loss: 0.021851524710655212, weight_adv: 0.7165050230807042, adv_loss: 0.025144778192043304 weight-klloss3 0.0429135 Loss3: 0.028135670349001884 clean_ce: 0.16895785927772522, adv_ce: 1.2001593112945557, adv_margin: 0.5275546312332153, clean_gate: 0.529991626739502, teacher_margin: 0.5233960151672363, teacher_margin_gate: 0.6318823099136353, teacher_clean_gate: 1.0, teacher_adv_gate: 1.0, tm_grad_cos: 0.7916573882102966, tm_scale: 1.0, tm_ps_scale: 1.0, pcgrad_conflicts: 0/0 tmix: alpha=0.0 ramp=0.0 clean_correct_fraction=0.9140625 mean_weight=0.0 target_l1=0.0 temperature=1.009999999999999
2026-10-07 20:32:49.509 | INFO     | __main__:<module>:1013 - lr:0.1 weight_nat: 0.28093604498465685, nat_loss: 0.016595875844359398, weight_adv: 0.7190639550153433, adv_loss: 0.026697423309087753 weight-klloss3 0.0429135 Loss3: 0.04127052426338196 clean_ce: 0.15727290511131287, adv_ce: 1.3270753622055054, adv_margin: 0.6294739246368408, clean_gate: 0.5208300948143005, teacher_margin: 0.5004285573959351, teacher_margin_gate: 0.6419790387153625, teacher_clean_gate: 1.0, teacher_adv_gate: 1.0, tm_grad_cos: 0.7844903469085693, tm_scale: 1.0, tm_ps_scale: 1.0, pcgrad_conflicts: 0/0 tmix: alpha=0.0 ramp=0.0 clean_correct_fraction=0.875 mean_weight=0.0 target_l1=0.0 temperature=1.0159999999999982
2026-10-07 20:33:17.962 | INFO     | __main__:<module>:1013 - lr:0.1 weight_nat: 0.2763299496816105, nat_loss: 0.017066380009055138, weight_adv: 0.7236700503183895, adv_loss: 0.03068883717060089 weight-klloss3 0.0429135 Loss3: 0.044670119881629944 clean_ce: 0.1254379153251648, adv_ce: 1.4821691513061523, adv_margin: 0.7635411620140076, clean_gate: 0.47616857290267944, teacher_margin: 0.6583212614059448, teacher_margin_gate: 0.6464396119117737, teacher_clean_gate: 1.0, teacher_adv_gate: 1.0, tm_grad_cos: 0.8009400367736816, tm_scale: 1.0, tm_ps_scale: 1.0, pcgrad_conflicts: 0/0 tmix: alpha=0.0 ramp=0.0 clean_correct_fraction=0.90625 mean_weight=0.0 target_l1=0.0 temperature=1.009999999999999
2026-10-07 20:33:46.443 | INFO     | __main__:<module>:1013 - lr:0.1 weight_nat: 0.2837950872054705, nat_loss: 0.016040971502661705, weight_adv: 0.7162049127945296, adv_loss: 0.025170933455228806 weight-klloss3 0.0429135 Loss3: 0.050190068781375885 clean_ce: 0.1318219006061554, adv_ce: 1.399179220199585, adv_margin: 0.7388824224472046, clean_gate: 0.47366824746131897, teacher_margin: 0.5673310160636902, teacher_margin_gate: 0.6383422613143921, teacher_clean_gate: 1.0, teacher_adv_gate: 1.0, tm_grad_cos: 0.8284950852394104, tm_scale: 1.0, tm_ps_scale: 1.0, pcgrad_conflicts: 0/0 tmix: alpha=0.0 ramp=0.0 clean_correct_fraction=0.890625 mean_weight=0.0 target_l1=0.0 temperature=1.0139999999999985
2026-10-07 20:34:12.001 | INFO     | __main__:<module>:1016 - TRAIN_EPOCH_RESOURCE epoch=42 seconds=111.23999156313948 peak_allocated_bytes=7533735936
2026-10-07 20:34:12.001 | INFO     | __main__:<module>:516 - METHOD epoch=43 views=1 awp_gamma=0.0 consistency_weight=0.0 awp_nat_weight=1.0
2026-10-07 20:34:12.001 | INFO     | __main__:<module>:519 - the 43th epoch 
2026-10-07 20:34:12.297 | INFO     | __main__:<module>:1013 - lr:0.1 weight_nat: 0.2778404211000848, nat_loss: 0.011491535231471062, weight_adv: 0.7221595788999153, adv_loss: 0.020729798823595047 weight-klloss3 0.043935249999999995 Loss3: 0.03926868364214897 clean_ce: 0.1704842746257782, adv_ce: 1.1425628662109375, adv_margin: 0.46036219596862793, clean_gate: 0.5617847442626953, teacher_margin: 0.4633704125881195, teacher_margin_gate: 0.6796324253082275, teacher_clean_gate: 1.0, teacher_adv_gate: 1.0, tm_grad_cos: 0.7974190711975098, tm_scale: 1.0, tm_ps_scale: 1.0, pcgrad_conflicts: 0/0 tmix: alpha=0.0 ramp=0.0 clean_correct_fraction=0.9296875 mean_weight=0.0 target_l1=0.0 temperature=1.0069999999999992
2026-10-07 20:34:40.782 | INFO     | __main__:<module>:1013 - lr:0.1 weight_nat: 0.28021958049602075, nat_loss: 0.016259169206023216, weight_adv: 0.7197804195039792, adv_loss: 0.02501887083053589 weight-klloss3 0.043935249999999995 Loss3: 0.03871060162782669 clean_ce: 0.13233733177185059, adv_ce: 1.2898191213607788, adv_margin: 0.6219241619110107, clean_gate: 0.5268338322639465, teacher_margin: 0.4456249177455902, teacher_margin_gate: 0.6295878887176514, teacher_clean_gate: 1.0, teacher_adv_gate: 1.0, tm_grad_cos: 0.7480137944221497, tm_scale: 1.0, tm_ps_scale: 1.0, pcgrad_conflicts: 0/0 tmix: alpha=0.0 ramp=0.0 clean_correct_fraction=0.921875 mean_weight=0.0 target_l1=0.0 temperature=1.001
2026-10-07 20:35:09.259 | INFO     | __main__:<module>:1013 - lr:0.1 weight_nat: 0.2824350434026818, nat_loss: 0.015236111357808113, weight_adv: 0.7175649565973182, adv_loss: 0.023586947470903397 weight-klloss3 0.043935249999999995 Loss3: 0.03593003749847412 clean_ce: 0.1347551941871643, adv_ce: 1.182495355606079, adv_margin: 0.5522250533103943, clean_gate: 0.561973512172699, teacher_margin: 0.4982524514198303, teacher_margin_gate: 0.6974111795425415, teacher_clean_gate: 1.0, teacher_adv_gate: 1.0, tm_grad_cos: 0.7934404611587524, tm_scale: 1.0, tm_ps_scale: 1.0, pcgrad_conflicts: 0/0 tmix: alpha=0.0 ramp=0.0 clean_correct_fraction=0.9140625 mean_weight=0.0 target_l1=0.0 temperature=1.0109999999999988
2026-10-07 20:35:37.735 | INFO     | __main__:<module>:1013 - lr:0.1 weight_nat: 0.27400851958750816, nat_loss: 0.016274599358439445, weight_adv: 0.7259914804124918, adv_loss: 0.028994889929890633 weight-klloss3 0.043935249999999995 Loss3: 0.03349228575825691 clean_ce: 0.13031569123268127, adv_ce: 1.4022574424743652, adv_margin: 0.8175440430641174, clean_gate: 0.5088945031166077, teacher_margin: 0.5684022307395935, teacher_margin_gate: 0.660077691078186, teacher_clean_gate: 1.0, teacher_adv_gate: 1.0, tm_grad_cos: 0.7781012058258057, tm_scale: 1.0, tm_ps_scale: 1.0, pcgrad_conflicts: 0/0 tmix: alpha=0.0 ramp=0.0 clean_correct_fraction=0.8828125 mean_weight=0.0 target_l1=0.0 temperature=1.0149999999999983
2026-10-07 20:36:03.286 | INFO     | __main__:<module>:1016 - TRAIN_EPOCH_RESOURCE epoch=43 seconds=111.28487664600834 peak_allocated_bytes=7533927936
2026-10-07 20:36:03.286 | INFO     | __main__:<module>:516 - METHOD epoch=44 views=1 awp_gamma=0.0 consistency_weight=0.0 awp_nat_weight=1.0
2026-10-07 20:36:03.286 | INFO     | __main__:<module>:519 - the 44th epoch 
2026-10-07 20:36:03.583 | INFO     | __main__:<module>:1013 - lr:0.1 weight_nat: 0.2828056467204956, nat_loss: 0.015236074104905128, weight_adv: 0.7171943532795044, adv_loss: 0.019580019637942314 weight-klloss3 0.044957 Loss3: 0.032440584152936935 clean_ce: 0.14834484457969666, adv_ce: 1.2009743452072144, adv_margin: 0.5799115300178528, clean_gate: 0.5533136129379272, teacher_margin: 0.38747793436050415, teacher_margin_gate: 0.6498513221740723, teacher_clean_gate: 1.0, teacher_adv_gate: 1.0, tm_grad_cos: 0.7449390888214111, tm_scale: 1.0, tm_ps_scale: 1.0, pcgrad_conflicts: 0/0 tmix: alpha=0.0 ramp=0.0 clean_correct_fraction=0.890625 mean_weight=0.0 target_l1=0.0 temperature=1.0219999999999976
2026-10-07 20:36:32.110 | INFO     | __main__:<module>:1013 - lr:0.1 weight_nat: 0.27811162025862113, nat_loss: 0.017918625846505165, weight_adv: 0.7218883797413789, adv_loss: 0.030902905389666557 weight-klloss3 0.044957 Loss3: 0.03435152769088745 clean_ce: 0.13684257864952087, adv_ce: 1.520026445388794, adv_margin: 0.9478734731674194, clean_gate: 0.48276740312576294, teacher_margin: 0.5427749156951904, teacher_margin_gate: 0.6307117342948914, teacher_clean_gate: 1.0, teacher_adv_gate: 1.0, tm_grad_cos: 0.7785801291465759, tm_scale: 1.0, tm_ps_scale: 1.0, pcgrad_conflicts: 0/0 tmix: alpha=0.0 ramp=0.0 clean_correct_fraction=0.875 mean_weight=0.0 target_l1=0.0 temperature=1.009999999999999
2026-10-07 20:37:00.645 | INFO     | __main__:<module>:1013 - lr:0.1 weight_nat: 0.27825156933771245, nat_loss: 0.015274064615368843, weight_adv: 0.7217484306622876, adv_loss: 0.029792074114084244 weight-klloss3 0.044957 Loss3: 0.04382152482867241 clean_ce: 0.1617758870124817, adv_ce: 1.305584192276001, adv_margin: 0.6738440990447998, clean_gate: 0.5045357346534729, teacher_margin: 0.598604679107666, teacher_margin_gate: 0.6531888842582703, teacher_clean_gate: 1.0, teacher_adv_gate: 1.0, tm_grad_cos: 0.8141522407531738, tm_scale: 1.0, tm_ps_scale: 1.0, pcgrad_conflicts: 0/0 tmix: alpha=0.0 ramp=0.0 clean_correct_fraction=0.9296875 mean_weight=0.0 target_l1=0.0 temperature=1.0119999999999987
2026-10-07 20:37:29.155 | INFO     | __main__:<module>:1013 - lr:0.1 weight_nat: 0.28164248275575654, nat_loss: 0.0173730980604887, weight_adv: 0.7183575172442435, adv_loss: 0.026414815336465836 weight-klloss3 0.044957 Loss3: 0.03574766218662262 clean_ce: 0.14097753167152405, adv_ce: 1.4244062900543213, adv_margin: 0.7236297726631165, clean_gate: 0.4791114330291748, teacher_margin: 0.5347681045532227, teacher_margin_gate: 0.6107699275016785, teacher_clean_gate: 1.0, teacher_adv_gate: 1.0, tm_grad_cos: 0.8078802227973938, tm_scale: 1.0, tm_ps_scale: 1.0, pcgrad_conflicts: 0/0 tmix: alpha=0.0 ramp=0.0 clean_correct_fraction=0.875 mean_weight=0.0 target_l1=0.0 temperature=1.0079999999999991
2026-10-07 20:37:54.714 | INFO     | __main__:<module>:1016 - TRAIN_EPOCH_RESOURCE epoch=44 seconds=111.42795874597505 peak_allocated_bytes=7533927936
2026-10-07 20:37:54.714 | INFO     | __main__:<module>:516 - METHOD epoch=45 views=1 awp_gamma=0.0 consistency_weight=0.0 awp_nat_weight=1.0
2026-10-07 20:37:54.715 | INFO     | __main__:<module>:519 - the 45th epoch 
2026-10-07 20:37:55.011 | INFO     | __main__:<module>:1013 - lr:0.1 weight_nat: 0.2768270989614183, nat_loss: 0.010010614059865475, weight_adv: 0.7231729010385818, adv_loss: 0.031168196350336075 weight-klloss3 0.04597875 Loss3: 0.03864086791872978 clean_ce: 0.13586914539337158, adv_ce: 1.2725297212600708, adv_margin: 0.6823788285255432, clean_gate: 0.5228661298751831, teacher_margin: 0.6300358772277832, teacher_margin_gate: 0.6990430355072021, teacher_clean_gate: 1.0, teacher_adv_gate: 1.0, tm_grad_cos: 0.8053010106086731, tm_scale: 1.0, tm_ps_scale: 1.0, pcgrad_conflicts: 0/0 tmix: alpha=0.0 ramp=0.0 clean_correct_fraction=0.9609375 mean_weight=0.0 target_l1=0.0 temperature=1.0129999999999986
2026-10-07 20:38:23.487 | INFO     | __main__:<module>:1013 - lr:0.1 weight_nat: 0.2832467413858172, nat_loss: 0.012673872523009777, weight_adv: 0.7167532586141828, adv_loss: 0.022482480853796005 weight-klloss3 0.04597875 Loss3: 0.0224907323718071 clean_ce: 0.1335039734840393, adv_ce: 1.225991129875183, adv_margin: 0.6626601219177246, clean_gate: 0.5494402050971985, teacher_margin: 0.4238079786300659, teacher_margin_gate: 0.6489633917808533, teacher_clean_gate: 1.0, teacher_adv_gate: 1.0, tm_grad_cos: 0.7671527862548828, tm_scale: 1.0, tm_ps_scale: 1.0, pcgrad_conflicts: 0/0 tmix: alpha=0.0 ramp=0.0 clean_correct_fraction=0.921875 mean_weight=0.0 target_l1=0.0 temperature=1.0049999999999994
2026-10-07 20:38:51.976 | INFO     | __main__:<module>:1013 - lr:0.1 weight_nat: 0.28225030500953485, nat_loss: 0.011487129144370556, weight_adv: 0.7177496949904651, adv_loss: 0.025389015674591064 weight-klloss3 0.04597875 Loss3: 0.03826901689171791 clean_ce: 0.14908194541931152, adv_ce: 1.2209932804107666, adv_margin: 0.6107466816902161, clean_gate: 0.5315272212028503, teacher_margin: 0.5513407588005066, teacher_margin_gate: 0.6891869306564331, teacher_clean_gate: 1.0, teacher_adv_gate: 1.0, tm_grad_cos: 0.8089743256568909, tm_scale: 1.0, tm_ps_scale: 1.0, pcgrad_conflicts: 0/0 tmix: alpha=0.0 ramp=0.0 clean_correct_fraction=0.953125 mean_weight=0.0 target_l1=0.0 temperature=1.018999999999998
2026-10-07 20:39:20.455 | INFO     | __main__:<module>:1013 - lr:0.1 weight_nat: 0.2793683974274913, nat_loss: 0.01036525797098875, weight_adv: 0.7206316025725087, adv_loss: 0.02329513430595398 weight-klloss3 0.04597875 Loss3: 0.035832926630973816 clean_ce: 0.1575251668691635, adv_ce: 1.1258007287979126, adv_margin: 0.4814758896827698, clean_gate: 0.5681470036506653, teacher_margin: 0.4849150478839874, teacher_margin_gate: 0.691011369228363, teacher_clean_gate: 1.0, teacher_adv_gate: 1.0, tm_grad_cos: 0.8098976612091064, tm_scale: 1.0, tm_ps_scale: 1.0, pcgrad_conflicts: 0/0 tmix: alpha=0.0 ramp=0.0 clean_correct_fraction=0.921875 mean_weight=0.0 target_l1=0.0 temperature=1.0149999999999983
2026-10-07 20:39:45.985 | INFO     | __main__:<module>:1016 - TRAIN_EPOCH_RESOURCE epoch=45 seconds=111.27041993709281 peak_allocated_bytes=7533927936
2026-10-07 20:39:45.985 | INFO     | __main__:<module>:516 - METHOD epoch=46 views=1 awp_gamma=0.0 consistency_weight=0.0 awp_nat_weight=1.0
2026-10-07 20:39:45.985 | INFO     | __main__:<module>:519 - the 46th epoch 
2026-10-07 20:39:46.282 | INFO     | __main__:<module>:1013 - lr:0.1 weight_nat: 0.27691247817017617, nat_loss: 0.01604677364230156, weight_adv: 0.7230875218298238, adv_loss: 0.025526156648993492 weight-klloss3 0.047000499999999994 Loss3: 0.02474997565150261 clean_ce: 0.14488869905471802, adv_ce: 1.3099052906036377, adv_margin: 0.7026344537734985, clean_gate: 0.5266993045806885, teacher_margin: 0.4573640525341034, teacher_margin_gate: 0.6357513666152954, teacher_clean_gate: 1.0, teacher_adv_gate: 1.0, tm_grad_cos: 0.7799798250198364, tm_scale: 1.0, tm_ps_scale: 1.0, pcgrad_conflicts: 0/0 tmix: alpha=0.0 ramp=0.0 clean_correct_fraction=0.90625 mean_weight=0.0 target_l1=0.0 temperature=1.0079999999999991
2026-10-07 20:40:14.742 | INFO     | __main__:<module>:1013 - lr:0.1 weight_nat: 0.285037932222305, nat_loss: 0.014614435844123363, weight_adv: 0.714962067777695, adv_loss: 0.024968985468149185 weight-klloss3 0.047000499999999994 Loss3: 0.022151120007038116 clean_ce: 0.14306189119815826, adv_ce: 1.2320829629898071, adv_margin: 0.5826938152313232, clean_gate: 0.5572859644889832, teacher_margin: 0.48320433497428894, teacher_margin_gate: 0.6787417531013489, teacher_clean_gate: 1.0, teacher_adv_gate: 1.0, tm_grad_cos: 0.7824878692626953, tm_scale: 1.0, tm_ps_scale: 1.0, pcgrad_conflicts: 0/0 tmix: alpha=0.0 ramp=0.0 clean_correct_fraction=0.9140625 mean_weight=0.0 target_l1=0.0 temperature=1.0119999999999987
2026-10-07 20:40:43.218 | INFO     | __main__:<module>:1013 - lr:0.1 weight_nat: 0.27951833226386485, nat_loss: 0.012931795790791512, weight_adv: 0.7204816677361352, adv_loss: 0.01956332102417946 weight-klloss3 0.047000499999999994 Loss3: 0.04022630676627159 clean_ce: 0.1353747844696045, adv_ce: 1.1671218872070312, adv_margin: 0.49568280577659607, clean_gate: 0.5480119585990906, teacher_margin: 0.47457027435302734, teacher_margin_gate: 0.6692701578140259, teacher_clean_gate: 1.0, teacher_adv_gate: 1.0, tm_grad_cos: 0.8073425889015198, tm_scale: 1.0, tm_ps_scale: 1.0, pcgrad_conflicts: 0/0 tmix: alpha=0.0 ramp=0.0 clean_correct_fraction=0.875 mean_weight=0.0 target_l1=0.0 temperature=1.0119999999999987
2026-10-07 20:41:11.693 | INFO     | __main__:<module>:1013 - lr:0.1 weight_nat: 0.28216224738333134, nat_loss: 0.018259277567267418, weight_adv: 0.7178377526166687, adv_loss: 0.02841174043715 weight-klloss3 0.047000499999999994 Loss3: 0.03344103693962097 clean_ce: 0.13840143382549286, adv_ce: 1.4169397354125977, adv_margin: 0.6869593262672424, clean_gate: 0.4847821891307831, teacher_margin: 0.5579884052276611, teacher_margin_gate: 0.6214851140975952, teacher_clean_gate: 1.0, teacher_adv_gate: 1.0, tm_grad_cos: 0.7795115113258362, tm_scale: 1.0, tm_ps_scale: 1.0, pcgrad_conflicts: 0/0 tmix: alpha=0.0 ramp=0.0 clean_correct_fraction=0.8671875 mean_weight=0.0 target_l1=0.0 temperature=1.0139999999999985
2026-10-07 20:41:37.227 | INFO     | __main__:<module>:1016 - TRAIN_EPOCH_RESOURCE epoch=46 seconds=111.24168938095681 peak_allocated_bytes=7533927936
2026-10-07 20:41:37.227 | INFO     | __main__:<module>:516 - METHOD epoch=47 views=1 awp_gamma=0.0 consistency_weight=0.0 awp_nat_weight=1.0
2026-10-07 20:41:37.227 | INFO     | __main__:<module>:519 - the 47th epoch 
2026-10-07 20:41:37.524 | INFO     | __main__:<module>:1013 - lr:0.1 weight_nat: 0.2767911896495154, nat_loss: 0.011288355104625225, weight_adv: 0.7232088103504846, adv_loss: 0.023969741538167 weight-klloss3 0.048022249999999995 Loss3: 0.040017805993556976 clean_ce: 0.1569404900074005, adv_ce: 1.2825065851211548, adv_margin: 0.6315515041351318, clean_gate: 0.5284726023674011, teacher_margin: 0.42859774827957153, teacher_margin_gate: 0.6273292303085327, teacher_clean_gate: 1.0, teacher_adv_gate: 1.0, tm_grad_cos: 0.7777862548828125, tm_scale: 1.0, tm_ps_scale: 1.0, pcgrad_conflicts: 0/0 tmix: alpha=0.0 ramp=0.0 clean_correct_fraction=0.9453125 mean_weight=0.0 target_l1=0.0 temperature=1.0149999999999983
2026-10-07 20:42:06.024 | INFO     | __main__:<module>:1013 - lr:0.1 weight_nat: 0.28249801906972327, nat_loss: 0.019461406394839287, weight_adv: 0.7175019809302768, adv_loss: 0.02795448713004589 weight-klloss3 0.048022249999999995 Loss3: 0.030950266867876053 clean_ce: 0.14958223700523376, adv_ce: 1.3590855598449707, adv_margin: 0.6826329231262207, clean_gate: 0.49989452958106995, teacher_margin: 0.538495659828186, teacher_margin_gate: 0.6507498621940613, teacher_clean_gate: 1.0, teacher_adv_gate: 1.0, tm_grad_cos: 0.752513587474823, tm_scale: 1.0, tm_ps_scale: 1.0, pcgrad_conflicts: 0/0 tmix: alpha=0.0 ramp=0.0 clean_correct_fraction=0.9140625 mean_weight=0.0 target_l1=0.0 temperature=1.0109999999999988
2026-10-07 20:42:34.541 | INFO     | __main__:<module>:1013 - lr:0.1 weight_nat: 0.2803528937041927, nat_loss: 0.01729360595345497, weight_adv: 0.7196471062958074, adv_loss: 0.022749608382582664 weight-klloss3 0.048022249999999995 Loss3: 0.03490771725773811 clean_ce: 0.14647799730300903, adv_ce: 1.194109320640564, adv_margin: 0.5305421948432922, clean_gate: 0.5418676137924194, teacher_margin: 0.4886358082294464, teacher_margin_gate: 0.6603469848632812, teacher_clean_gate: 1.0, teacher_adv_gate: 1.0, tm_grad_cos: 0.7855777144432068, tm_scale: 1.0, tm_ps_scale: 1.0, pcgrad_conflicts: 0/0 tmix: alpha=0.0 ramp=0.0 clean_correct_fraction=0.890625 mean_weight=0.0 target_l1=0.0 temperature=1.0109999999999988
2026-10-07 20:43:03.055 | INFO     | __main__:<module>:1013 - lr:0.1 weight_nat: 0.2801318861760709, nat_loss: 0.017110832035541534, weight_adv: 0.7198681138239291, adv_loss: 0.028355147689580917 weight-klloss3 0.048022249999999995 Loss3: 0.032902155071496964 clean_ce: 0.15270838141441345, adv_ce: 1.3141136169433594, adv_margin: 0.581796407699585, clean_gate: 0.5068010091781616, teacher_margin: 0.5915860533714294, teacher_margin_gate: 0.6633685827255249, teacher_clean_gate: 1.0, teacher_adv_gate: 1.0, tm_grad_cos: 0.808343768119812, tm_scale: 1.0, tm_ps_scale: 1.0, pcgrad_conflicts: 0/0 tmix: alpha=0.0 ramp=0.0 clean_correct_fraction=0.9296875 mean_weight=0.0 target_l1=0.0 temperature=1.0109999999999988
2026-10-07 20:43:28.614 | INFO     | __main__:<module>:1016 - TRAIN_EPOCH_RESOURCE epoch=47 seconds=111.38629289600067 peak_allocated_bytes=7534517760
2026-10-07 20:43:28.614 | INFO     | __main__:<module>:516 - METHOD epoch=48 views=1 awp_gamma=0.0 consistency_weight=0.0 awp_nat_weight=1.0
2026-10-07 20:43:28.614 | INFO     | __main__:<module>:519 - the 48th epoch 
2026-10-07 20:43:28.911 | INFO     | __main__:<module>:1013 - lr:0.1 weight_nat: 0.2803630983133111, nat_loss: 0.012717047706246376, weight_adv: 0.719636901686689, adv_loss: 0.024745993316173553 weight-klloss3 0.049044 Loss3: 0.02969921939074993 clean_ce: 0.12977883219718933, adv_ce: 1.2775635719299316, adv_margin: 0.6376411318778992, clean_gate: 0.5095630884170532, teacher_margin: 0.5230061411857605, teacher_margin_gate: 0.6312320828437805, teacher_clean_gate: 1.0, teacher_adv_gate: 1.0, tm_grad_cos: 0.79447340965271, tm_scale: 1.0, tm_ps_scale: 1.0, pcgrad_conflicts: 0/0 tmix: alpha=0.0 ramp=0.0 clean_correct_fraction=0.8984375 mean_weight=0.0 target_l1=0.0 temperature=1.0199999999999978
2026-10-07 20:43:57.409 | INFO     | __main__:<module>:1013 - lr:0.1 weight_nat: 0.28348987743599335, nat_loss: 0.014044004492461681, weight_adv: 0.7165101225640067, adv_loss: 0.022901061922311783 weight-klloss3 0.049044 Loss3: 0.0363759845495224 clean_ce: 0.1511288583278656, adv_ce: 1.1859270334243774, adv_margin: 0.526842474937439, clean_gate: 0.5422426462173462, teacher_margin: 0.5141052007675171, teacher_margin_gate: 0.6773550510406494, teacher_clean_gate: 1.0, teacher_adv_gate: 1.0, tm_grad_cos: 0.79998379945755, tm_scale: 1.0, tm_ps_scale: 1.0, pcgrad_conflicts: 0/0 tmix: alpha=0.0 ramp=0.0 clean_correct_fraction=0.921875 mean_weight=0.0 target_l1=0.0 temperature=1.017999999999998
2026-10-07 20:44:25.897 | INFO     | __main__:<module>:1013 - lr:0.1 weight_nat: 0.2816654132246571, nat_loss: 0.015070298686623573, weight_adv: 0.7183345867753429, adv_loss: 0.025289198383688927 weight-klloss3 0.049044 Loss3: 0.04150719940662384 clean_ce: 0.141612246632576, adv_ce: 1.2502192258834839, adv_margin: 0.6136513948440552, clean_gate: 0.5211974382400513, teacher_margin: 0.5396432876586914, teacher_margin_gate: 0.6710842251777649, teacher_clean_gate: 1.0, teacher_adv_gate: 1.0, tm_grad_cos: 0.8094757795333862, tm_scale: 1.0, tm_ps_scale: 1.0, pcgrad_conflicts: 0/0 tmix: alpha=0.0 ramp=0.0 clean_correct_fraction=0.9140625 mean_weight=0.0 target_l1=0.0 temperature=1.0139999999999985
2026-10-07 20:44:54.376 | INFO     | __main__:<module>:1013 - lr:0.1 weight_nat: 0.2831042306120022, nat_loss: 0.017953714355826378, weight_adv: 0.7168957693879978, adv_loss: 0.02144218608736992 weight-klloss3 0.049044 Loss3: 0.035817138850688934 clean_ce: 0.15556548535823822, adv_ce: 1.1140429973602295, adv_margin: 0.45430272817611694, clean_gate: 0.5552693009376526, teacher_margin: 0.48710209131240845, teacher_margin_gate: 0.6907190084457397, teacher_clean_gate: 1.0, teacher_adv_gate: 1.0, tm_grad_cos: 0.7782599925994873, tm_scale: 1.0, tm_ps_scale: 1.0, pcgrad_conflicts: 0/0 tmix: alpha=0.0 ramp=0.0 clean_correct_fraction=0.953125 mean_weight=0.0 target_l1=0.0 temperature=1.0119999999999987
2026-10-07 20:45:19.905 | INFO     | __main__:<module>:1016 - TRAIN_EPOCH_RESOURCE epoch=48 seconds=111.29097725800239 peak_allocated_bytes=7533927936
2026-10-07 20:45:19.906 | INFO     | __main__:<module>:516 - METHOD epoch=49 views=1 awp_gamma=0.0 consistency_weight=0.0 awp_nat_weight=1.0
2026-10-07 20:45:19.906 | INFO     | __main__:<module>:519 - the 49th epoch 
2026-10-07 20:45:20.203 | INFO     | __main__:<module>:1013 - lr:0.1 weight_nat: 0.27218479542153085, nat_loss: 0.014020189642906189, weight_adv: 0.7278152045784692, adv_loss: 0.024287579581141472 weight-klloss3 0.05006575 Loss3: 0.036292001605033875 clean_ce: 0.13134542107582092, adv_ce: 1.3476978540420532, adv_margin: 0.6446107029914856, clean_gate: 0.48264193534851074, teacher_margin: 0.47775745391845703, teacher_margin_gate: 0.5924273729324341, teacher_clean_gate: 1.0, teacher_adv_gate: 1.0, tm_grad_cos: 0.7826462984085083, tm_scale: 1.0, tm_ps_scale: 1.0, pcgrad_conflicts: 0/0 tmix: alpha=0.0 ramp=0.0 clean_correct_fraction=0.8828125 mean_weight=0.0 target_l1=0.0 temperature=1.0129999999999986
2026-10-07 20:45:48.701 | INFO     | __main__:<module>:1013 - lr:0.1 weight_nat: 0.2796997538538491, nat_loss: 0.013908952474594116, weight_adv: 0.720300246146151, adv_loss: 0.019522186368703842 weight-klloss3 0.05006575 Loss3: 0.03723221272230148 clean_ce: 0.16250573098659515, adv_ce: 1.2192047834396362, adv_margin: 0.5775043964385986, clean_gate: 0.5530558824539185, teacher_margin: 0.410453736782074, teacher_margin_gate: 0.6659911870956421, teacher_clean_gate: 1.0, teacher_adv_gate: 1.0, tm_grad_cos: 0.7543363571166992, tm_scale: 1.0, tm_ps_scale: 1.0, pcgrad_conflicts: 0/0 tmix: alpha=0.0 ramp=0.0 clean_correct_fraction=0.8828125 mean_weight=0.0 target_l1=0.0 temperature=1.0109999999999988
2026-10-07 20:46:17.206 | INFO     | __main__:<module>:1013 - lr:0.1 weight_nat: 0.28073808100556596, nat_loss: 0.011955462396144867, weight_adv: 0.7192619189944341, adv_loss: 0.01945912279188633 weight-klloss3 0.05006575 Loss3: 0.02795819565653801 clean_ce: 0.14969447255134583, adv_ce: 1.1181837320327759, adv_margin: 0.47441959381103516, clean_gate: 0.5784906148910522, teacher_margin: 0.47913551330566406, teacher_margin_gate: 0.6839048862457275, teacher_clean_gate: 1.0, teacher_adv_gate: 1.0, tm_grad_cos: 0.7628111243247986, tm_scale: 1.0, tm_ps_scale: 1.0, pcgrad_conflicts: 0/0 tmix: alpha=0.0 ramp=0.0 clean_correct_fraction=0.921875 mean_weight=0.0 target_l1=0.0 temperature=1.0109999999999988
2026-10-07 20:46:45.717 | INFO     | __main__:<module>:1013 - lr:0.1 weight_nat: 0.28127719247726046, nat_loss: 0.014910873956978321, weight_adv: 0.7187228075227396, adv_loss: 0.024034593254327774 weight-klloss3 0.05006575 Loss3: 0.039957575500011444 clean_ce: 0.1472235918045044, adv_ce: 1.1832714080810547, adv_margin: 0.5113155841827393, clean_gate: 0.5598124265670776, teacher_margin: 0.5333907604217529, teacher_margin_gate: 0.6793110370635986, teacher_clean_gate: 1.0, teacher_adv_gate: 1.0, tm_grad_cos: 0.7990977168083191, tm_scale: 1.0, tm_ps_scale: 1.0, pcgrad_conflicts: 0/0 tmix: alpha=0.0 ramp=0.0 clean_correct_fraction=0.9140625 mean_weight=0.0 target_l1=0.0 temperature=1.008999999999999
2026-10-07 20:47:11.289 | INFO     | __main__:<module>:1016 - TRAIN_EPOCH_RESOURCE epoch=49 seconds=111.38319897395559 peak_allocated_bytes=7532879360
2026-10-07 20:47:11.289 | INFO     | __main__:<module>:516 - METHOD epoch=50 views=1 awp_gamma=0.0 consistency_weight=0.0 awp_nat_weight=1.0
2026-10-07 20:47:11.289 | INFO     | __main__:<module>:519 - the 50th epoch 
2026-10-07 20:47:11.586 | INFO     | __main__:<module>:1013 - lr:0.1 weight_nat: 0.28137975509191665, nat_loss: 0.013745943084359169, weight_adv: 0.7186202449080834, adv_loss: 0.020582590252161026 weight-klloss3 0.051087499999999994 Loss3: 0.03684541583061218 clean_ce: 0.15433740615844727, adv_ce: 1.006048560142517, adv_margin: 0.3845648765563965, clean_gate: 0.6106229424476624, teacher_margin: 0.4319847822189331, teacher_margin_gate: 0.7058068513870239, teacher_clean_gate: 1.0, teacher_adv_gate: 1.0, tm_grad_cos: 0.7564007639884949, tm_scale: 1.0, tm_ps_scale: 1.0, pcgrad_conflicts: 0/0 tmix: alpha=0.0 ramp=0.0 clean_correct_fraction=0.9453125 mean_weight=0.0 target_l1=0.0 temperature=1.0139999999999985
2026-10-07 20:47:40.088 | INFO     | __main__:<module>:1013 - lr:0.1 weight_nat: 0.27586827455022966, nat_loss: 0.01614932157099247, weight_adv: 0.7241317254497703, adv_loss: 0.021354403346776962 weight-klloss3 0.051087499999999994 Loss3: 0.035269610583782196 clean_ce: 0.14862769842147827, adv_ce: 1.1947181224822998, adv_margin: 0.5543512105941772, clean_gate: 0.555191159248352, teacher_margin: 0.4878123998641968, teacher_margin_gate: 0.6820361614227295, teacher_clean_gate: 1.0, teacher_adv_gate: 1.0, tm_grad_cos: 0.7942676544189453, tm_scale: 1.0, tm_ps_scale: 1.0, pcgrad_conflicts: 0/0 tmix: alpha=0.0 ramp=0.0 clean_correct_fraction=0.921875 mean_weight=0.0 target_l1=0.0 temperature=1.017999999999998
2026-10-07 20:48:08.623 | INFO     | __main__:<module>:1013 - lr:0.1 weight_nat: 0.281239308083858, nat_loss: 0.011995662935078144, weight_adv: 0.7187606919161421, adv_loss: 0.023417465388774872 weight-klloss3 0.051087499999999994 Loss3: 0.03346402570605278 clean_ce: 0.1596243679523468, adv_ce: 1.1684074401855469, adv_margin: 0.5933647751808167, clean_gate: 0.5745736956596375, teacher_margin: 0.4501221776008606, teacher_margin_gate: 0.6823998689651489, teacher_clean_gate: 1.0, teacher_adv_gate: 1.0, tm_grad_cos: 0.7882758975028992, tm_scale: 1.0, tm_ps_scale: 1.0, pcgrad_conflicts: 0/0 tmix: alpha=0.0 ramp=0.0 clean_correct_fraction=0.90625 mean_weight=0.0 target_l1=0.0 temperature=1.0079999999999991
2026-10-07 20:48:37.195 | INFO     | __main__:<module>:1013 - lr:0.1 weight_nat: 0.28463732056640567, nat_loss: 0.01871972344815731, weight_adv: 0.7153626794335944, adv_loss: 0.026012562215328217 weight-klloss3 0.051087499999999994 Loss3: 0.04810360074043274 clean_ce: 0.16021941602230072, adv_ce: 1.2715309858322144, adv_margin: 0.570645809173584, clean_gate: 0.5413467884063721, teacher_margin: 0.5465617775917053, teacher_margin_gate: 0.684147834777832, teacher_clean_gate: 1.0, teacher_adv_gate: 1.0, tm_grad_cos: 0.7822102904319763, tm_scale: 1.0, tm_ps_scale: 1.0, pcgrad_conflicts: 0/0 tmix: alpha=0.0 ramp=0.0 clean_correct_fraction=0.9140625 mean_weight=0.0 target_l1=0.0 temperature=1.009999999999999
2026-10-07 20:49:02.877 | INFO     | __main__:<module>:1016 - TRAIN_EPOCH_RESOURCE epoch=50 seconds=111.587832554942 peak_allocated_bytes=7532879360
2026-10-07 20:49:02.878 | INFO     | __main__:<module>:516 - METHOD epoch=51 views=1 awp_gamma=0.0 consistency_weight=0.0 awp_nat_weight=1.0
2026-10-07 20:49:02.878 | INFO     | __main__:<module>:519 - the 51th epoch 
2026-10-07 20:49:03.262 | INFO     | __main__:<module>:1013 - lr:0.1 weight_nat: 0.27607149241887685, nat_loss: 0.013331973925232887, weight_adv: 0.7239285075811231, adv_loss: 0.02830008789896965 weight-klloss3 0.05210924999999999 Loss3: 0.04625285789370537 clean_ce: 0.14346560835838318, adv_ce: 1.3339135646820068, adv_margin: 0.6339317560195923, clean_gate: 0.4904283285140991, teacher_margin: 0.6310338973999023, teacher_margin_gate: 0.641754150390625, teacher_clean_gate: 1.0, teacher_adv_gate: 1.0, tm_grad_cos: 0.8265844583511353, tm_scale: 1.0, tm_ps_scale: 1.0, pcgrad_conflicts: 0/0 tmix: alpha=0.0 ramp=0.0 clean_correct_fraction=0.9140625 mean_weight=0.0 target_l1=0.0 temperature=1.0129999999999986
2026-10-07 20:49:39.900 | INFO     | __main__:<module>:1013 - lr:0.1 weight_nat: 0.27994275708642563, nat_loss: 0.015090465545654297, weight_adv: 0.7200572429135743, adv_loss: 0.021861322224140167 weight-klloss3 0.05210924999999999 Loss3: 0.033092476427555084 clean_ce: 0.14296792447566986, adv_ce: 1.2082234621047974, adv_margin: 0.546863317489624, clean_gate: 0.5405516624450684, teacher_margin: 0.4868781864643097, teacher_margin_gate: 0.6419563889503479, teacher_clean_gate: 1.0, teacher_adv_gate: 1.0, tm_grad_cos: 0.7598589062690735, tm_scale: 1.0, tm_ps_scale: 1.0, pcgrad_conflicts: 0/0 tmix: alpha=0.0 ramp=0.0 clean_correct_fraction=0.90625 mean_weight=0.0 target_l1=0.0 temperature=1.0169999999999981
2026-10-07 20:50:16.537 | INFO     | __main__:<module>:1013 - lr:0.1 weight_nat: 0.2792810111749049, nat_loss: 0.010737404227256775, weight_adv: 0.7207189888250951, adv_loss: 0.020726267248392105 weight-klloss3 0.05210924999999999 Loss3: 0.03646920993924141 clean_ce: 0.1776067316532135, adv_ce: 1.0562938451766968, adv_margin: 0.38745298981666565, clean_gate: 0.6030389070510864, teacher_margin: 0.4761807918548584, teacher_margin_gate: 0.7145078182220459, teacher_clean_gate: 1.0, teacher_adv_gate: 1.0, tm_grad_cos: 0.7849413156509399, tm_scale: 1.0, tm_ps_scale: 1.0, pcgrad_conflicts: 0/0 tmix: alpha=0.0 ramp=0.0 clean_correct_fraction=0.9453125 mean_weight=0.0 target_l1=0.0 temperature=1.0149999999999983
2026-10-07 20:50:53.171 | INFO     | __main__:<module>:1013 - lr:0.1 weight_nat: 0.280438880142294, nat_loss: 0.013931222259998322, weight_adv: 0.719561119857706, adv_loss: 0.030416596680879593 weight-klloss3 0.05210924999999999 Loss3: 0.038418471813201904 clean_ce: 0.1475944221019745, adv_ce: 1.3887107372283936, adv_margin: 0.682603120803833, clean_gate: 0.4939165711402893, teacher_margin: 0.5990873575210571, teacher_margin_gate: 0.6471457481384277, teacher_clean_gate: 1.0, teacher_adv_gate: 1.0, tm_grad_cos: 0.8114141225814819, tm_scale: 1.0, tm_ps_scale: 1.0, pcgrad_conflicts: 0/0 tmix: alpha=0.0 ramp=0.0 clean_correct_fraction=0.9296875 mean_weight=0.0 target_l1=0.0 temperature=1.0129999999999986
2026-10-07 20:51:25.999 | INFO     | __main__:<module>:1016 - TRAIN_EPOCH_RESOURCE epoch=51 seconds=143.1208687319886 peak_allocated_bytes=6431556608
2026-10-07 20:51:25.999 | INFO     | __main__:<module>:516 - METHOD epoch=52 views=1 awp_gamma=0.0 consistency_weight=0.0 awp_nat_weight=1.0
2026-10-07 20:51:25.999 | INFO     | __main__:<module>:519 - the 52th epoch 
2026-10-07 20:51:26.407 | INFO     | __main__:<module>:1013 - lr:0.1 weight_nat: 0.2763157458936611, nat_loss: 0.012389830313622952, weight_adv: 0.7236842541063389, adv_loss: 0.027115199714899063 weight-klloss3 0.053131 Loss3: 0.04772822931408882 clean_ce: 0.1425556242465973, adv_ce: 1.3041472434997559, adv_margin: 0.7390308380126953, clean_gate: 0.5133795738220215, teacher_margin: 0.4901975393295288, teacher_margin_gate: 0.6481623649597168, teacher_clean_gate: 1.0, teacher_adv_gate: 1.0, tm_grad_cos: 0.7798013091087341, tm_scale: 1.0, tm_ps_scale: 1.0, pcgrad_conflicts: 0/0 tmix: alpha=0.0 ramp=0.0 clean_correct_fraction=0.890625 mean_weight=0.0 target_l1=0.0 temperature=1.0119999999999987
2026-10-07 20:52:03.075 | INFO     | __main__:<module>:1013 - lr:0.1 weight_nat: 0.2802560324859584, nat_loss: 0.014578270725905895, weight_adv: 0.7197439675140417, adv_loss: 0.02723218873143196 weight-klloss3 0.053131 Loss3: 0.04009229689836502 clean_ce: 0.1332882195711136, adv_ce: 1.303168773651123, adv_margin: 0.6495668888092041, clean_gate: 0.5048817992210388, teacher_margin: 0.6064136624336243, teacher_margin_gate: 0.6551855802536011, teacher_clean_gate: 1.0, teacher_adv_gate: 1.0, tm_grad_cos: 0.8108479976654053, tm_scale: 1.0, tm_ps_scale: 1.0, pcgrad_conflicts: 0/0 tmix: alpha=0.0 ramp=0.0 clean_correct_fraction=0.953125 mean_weight=0.0 target_l1=0.0 temperature=1.017999999999998
2026-10-07 20:52:39.680 | INFO     | __main__:<module>:1013 - lr:0.1 weight_nat: 0.2792448829048211, nat_loss: 0.01255741249769926, weight_adv: 0.720755117095179, adv_loss: 0.02455388568341732 weight-klloss3 0.053131 Loss3: 0.05966022610664368 clean_ce: 0.14200851321220398, adv_ce: 1.224875569343567, adv_margin: 0.6199501752853394, clean_gate: 0.529990017414093, teacher_margin: 0.5666159391403198, teacher_margin_gate: 0.6938352584838867, teacher_clean_gate: 1.0, teacher_adv_gate: 1.0, tm_grad_cos: 0.8097871541976929, tm_scale: 1.0, tm_ps_scale: 1.0, pcgrad_conflicts: 0/0 tmix: alpha=0.0 ramp=0.0 clean_correct_fraction=0.9375 mean_weight=0.0 target_l1=0.0 temperature=1.0199999999999978
2026-10-07 20:53:16.254 | INFO     | __main__:<module>:1013 - lr:0.1 weight_nat: 0.28372354840653696, nat_loss: 0.013794036582112312, weight_adv: 0.7162764515934631, adv_loss: 0.023886652663350105 weight-klloss3 0.053131 Loss3: 0.04220765829086304 clean_ce: 0.1673601120710373, adv_ce: 1.178741216659546, adv_margin: 0.5451830625534058, clean_gate: 0.5591608285903931, teacher_margin: 0.5123984813690186, teacher_margin_gate: 0.6971837878227234, teacher_clean_gate: 1.0, teacher_adv_gate: 1.0, tm_grad_cos: 0.8030624389648438, tm_scale: 1.0, tm_ps_scale: 1.0, pcgrad_conflicts: 0/0 tmix: alpha=0.0 ramp=0.0 clean_correct_fraction=0.953125 mean_weight=0.0 target_l1=0.0 temperature=1.0119999999999987
2026-10-07 20:53:49.050 | INFO     | __main__:<module>:1016 - TRAIN_EPOCH_RESOURCE epoch=52 seconds=143.05048987804912 peak_allocated_bytes=4954502144
2026-10-07 20:53:49.050 | INFO     | __main__:<module>:516 - METHOD epoch=53 views=1 awp_gamma=0.0 consistency_weight=0.0 awp_nat_weight=1.0
2026-10-07 20:53:49.050 | INFO     | __main__:<module>:519 - the 53th epoch 
2026-10-07 20:53:49.462 | INFO     | __main__:<module>:1013 - lr:0.1 weight_nat: 0.27436430230080244, nat_loss: 0.016895264387130737, weight_adv: 0.7256356976991976, adv_loss: 0.022275520488619804 weight-klloss3 0.05415274999999999 Loss3: 0.03425326198339462 clean_ce: 0.1440838873386383, adv_ce: 1.2179739475250244, adv_margin: 0.5451909899711609, clean_gate: 0.5204283595085144, teacher_margin: 0.5277968645095825, teacher_margin_gate: 0.6613237857818604, teacher_clean_gate: 1.0, teacher_adv_gate: 1.0, tm_grad_cos: 0.8040151000022888, tm_scale: 1.0, tm_ps_scale: 1.0, pcgrad_conflicts: 0/0 tmix: alpha=0.0 ramp=0.0 clean_correct_fraction=0.8984375 mean_weight=0.0 target_l1=0.0 temperature=1.0169999999999981
2026-10-07 20:54:26.088 | INFO     | __main__:<module>:1013 - lr:0.1 weight_nat: 0.274054148509861, nat_loss: 0.013026291504502296, weight_adv: 0.725945851490139, adv_loss: 0.02209775149822235 weight-klloss3 0.05415274999999999 Loss3: 0.03233061730861664 clean_ce: 0.13503704965114594, adv_ce: 1.2888282537460327, adv_margin: 0.6770879030227661, clean_gate: 0.5366760492324829, teacher_margin: 0.4523034989833832, teacher_margin_gate: 0.6438168287277222, teacher_clean_gate: 1.0, teacher_adv_gate: 1.0, tm_grad_cos: 0.7772793173789978, tm_scale: 1.0, tm_ps_scale: 1.0, pcgrad_conflicts: 0/0 tmix: alpha=0.0 ramp=0.0 clean_correct_fraction=0.921875 mean_weight=0.0 target_l1=0.0 temperature=1.0169999999999981
2026-10-07 20:55:02.708 | INFO     | __main__:<module>:1013 - lr:0.1 weight_nat: 0.2798190899026401, nat_loss: 0.017995890229940414, weight_adv: 0.72018091009736, adv_loss: 0.02120572328567505 weight-klloss3 0.05415274999999999 Loss3: 0.03317777067422867 clean_ce: 0.15571989119052887, adv_ce: 1.2422916889190674, adv_margin: 0.5447328090667725, clean_gate: 0.5442801713943481, teacher_margin: 0.4302842915058136, teacher_margin_gate: 0.6377129554748535, teacher_clean_gate: 1.0, teacher_adv_gate: 1.0, tm_grad_cos: 0.7417669892311096, tm_scale: 1.0, tm_ps_scale: 1.0, pcgrad_conflicts: 0/0 tmix: alpha=0.0 ramp=0.0 clean_correct_fraction=0.9375 mean_weight=0.0 target_l1=0.0 temperature=1.0149999999999983
2026-10-07 20:55:39.319 | INFO     | __main__:<module>:1013 - lr:0.1 weight_nat: 0.2807578233811237, nat_loss: 0.017808523029088974, weight_adv: 0.7192421766188763, adv_loss: 0.024717416614294052 weight-klloss3 0.05415274999999999 Loss3: 0.03300590068101883 clean_ce: 0.14896097779273987, adv_ce: 1.34785795211792, adv_margin: 0.6611717939376831, clean_gate: 0.4935568571090698, teacher_margin: 0.48397600650787354, teacher_margin_gate: 0.5993466377258301, teacher_clean_gate: 1.0, teacher_adv_gate: 1.0, tm_grad_cos: 0.7614737749099731, tm_scale: 1.0, tm_ps_scale: 1.0, pcgrad_conflicts: 0/0 tmix: alpha=0.0 ramp=0.0 clean_correct_fraction=0.875 mean_weight=0.0 target_l1=0.0 temperature=1.0169999999999981
2026-10-07 20:56:12.128 | INFO     | __main__:<module>:1016 - TRAIN_EPOCH_RESOURCE epoch=53 seconds=143.07753601414151 peak_allocated_bytes=4954502144
2026-10-07 20:56:12.128 | INFO     | __main__:<module>:516 - METHOD epoch=54 views=1 awp_gamma=0.0 consistency_weight=0.0 awp_nat_weight=1.0
2026-10-07 20:56:12.128 | INFO     | __main__:<module>:519 - the 54th epoch 
2026-10-07 20:56:12.541 | INFO     | __main__:<module>:1013 - lr:0.1 weight_nat: 0.28401800749181166, nat_loss: 0.01261848397552967, weight_adv: 0.7159819925081884, adv_loss: 0.017362140119075775 weight-klloss3 0.0551745 Loss3: 0.03851070627570152 clean_ce: 0.15781988203525543, adv_ce: 1.1667377948760986, adv_margin: 0.5214709639549255, clean_gate: 0.5545918345451355, teacher_margin: 0.34952545166015625, teacher_margin_gate: 0.6277418732643127, teacher_clean_gate: 1.0, teacher_adv_gate: 1.0, tm_grad_cos: 0.7247499823570251, tm_scale: 1.0, tm_ps_scale: 1.0, pcgrad_conflicts: 0/0 tmix: alpha=0.0 ramp=0.0 clean_correct_fraction=0.921875 mean_weight=0.0 target_l1=0.0 temperature=1.0159999999999982
2026-10-07 20:56:49.173 | INFO     | __main__:<module>:1013 - lr:0.1 weight_nat: 0.27611505152511057, nat_loss: 0.009620814584195614, weight_adv: 0.7238849484748895, adv_loss: 0.021481141448020935 weight-klloss3 0.0551745 Loss3: 0.04177721589803696 clean_ce: 0.1514010727405548, adv_ce: 1.155776858329773, adv_margin: 0.5479771494865417, clean_gate: 0.5525342226028442, teacher_margin: 0.43493735790252686, teacher_margin_gate: 0.6588644981384277, teacher_clean_gate: 1.0, teacher_adv_gate: 1.0, tm_grad_cos: 0.768888533115387, tm_scale: 1.0, tm_ps_scale: 1.0, pcgrad_conflicts: 0/0 tmix: alpha=0.0 ramp=0.0 clean_correct_fraction=0.953125 mean_weight=0.0 target_l1=0.0 temperature=1.0139999999999985
2026-10-07 20:57:25.794 | INFO     | __main__:<module>:1013 - lr:0.1 weight_nat: 0.2761980851538675, nat_loss: 0.014689675532281399, weight_adv: 0.7238019148461325, adv_loss: 0.02667614445090294 weight-klloss3 0.0551745 Loss3: 0.03727904334664345 clean_ce: 0.12498631328344345, adv_ce: 1.351701021194458, adv_margin: 0.7118881940841675, clean_gate: 0.48444628715515137, teacher_margin: 0.61212557554245, teacher_margin_gate: 0.6522197127342224, teacher_clean_gate: 1.0, teacher_adv_gate: 1.0, tm_grad_cos: 0.8264613747596741, tm_scale: 1.0, tm_ps_scale: 1.0, pcgrad_conflicts: 0/0 tmix: alpha=0.0 ramp=0.0 clean_correct_fraction=0.90625 mean_weight=0.0 target_l1=0.0 temperature=1.0259999999999971
2026-10-07 20:58:02.406 | INFO     | __main__:<module>:1013 - lr:0.1 weight_nat: 0.2685350987279208, nat_loss: 0.015339634381234646, weight_adv: 0.7314649012720792, adv_loss: 0.023573940619826317 weight-klloss3 0.0551745 Loss3: 0.034281741827726364 clean_ce: 0.151711568236351, adv_ce: 1.286314606666565, adv_margin: 0.6129723787307739, clean_gate: 0.5250862836837769, teacher_margin: 0.4876009225845337, teacher_margin_gate: 0.654205322265625, teacher_clean_gate: 1.0, teacher_adv_gate: 1.0, tm_grad_cos: 0.7987508177757263, tm_scale: 1.0, tm_ps_scale: 1.0, pcgrad_conflicts: 0/0 tmix: alpha=0.0 ramp=0.0 clean_correct_fraction=0.8828125 mean_weight=0.0 target_l1=0.0 temperature=1.017999999999998
2026-10-07 20:58:35.204 | INFO     | __main__:<module>:1016 - TRAIN_EPOCH_RESOURCE epoch=54 seconds=143.07601645193063 peak_allocated_bytes=4954502144
2026-10-07 20:58:35.204 | INFO     | __main__:<module>:516 - METHOD epoch=55 views=1 awp_gamma=0.0 consistency_weight=0.0 awp_nat_weight=1.0
2026-10-07 20:58:35.205 | INFO     | __main__:<module>:519 - the 55th epoch 
2026-10-07 20:58:35.617 | INFO     | __main__:<module>:1013 - lr:0.1 weight_nat: 0.27921143845067625, nat_loss: 0.012222125194966793, weight_adv: 0.7207885615493238, adv_loss: 0.021638818085193634 weight-klloss3 0.056196249999999996 Loss3: 0.03625556454062462 clean_ce: 0.15513598918914795, adv_ce: 1.215501308441162, adv_margin: 0.5625624060630798, clean_gate: 0.532042384147644, teacher_margin: 0.4893624782562256, teacher_margin_gate: 0.6634349822998047, teacher_clean_gate: 1.0, teacher_adv_gate: 1.0, tm_grad_cos: 0.8197441697120667, tm_scale: 1.0, tm_ps_scale: 1.0, pcgrad_conflicts: 0/0 tmix: alpha=0.0 ramp=0.0 clean_correct_fraction=0.921875 mean_weight=0.0 target_l1=0.0 temperature=1.0169999999999981
2026-10-07 20:59:12.232 | INFO     | __main__:<module>:1013 - lr:0.1 weight_nat: 0.2798622753385428, nat_loss: 0.013684219680726528, weight_adv: 0.7201377246614572, adv_loss: 0.021542655304074287 weight-klloss3 0.056196249999999996 Loss3: 0.033746760338544846 clean_ce: 0.14360131323337555, adv_ce: 1.15370512008667, adv_margin: 0.5084450244903564, clean_gate: 0.566767692565918, teacher_margin: 0.5089686512947083, teacher_margin_gate: 0.6832609176635742, teacher_clean_gate: 1.0, teacher_adv_gate: 1.0, tm_grad_cos: 0.8178108930587769, tm_scale: 1.0, tm_ps_scale: 1.0, pcgrad_conflicts: 0/0 tmix: alpha=0.0 ramp=0.0 clean_correct_fraction=0.9296875 mean_weight=0.0 target_l1=0.0 temperature=1.0209999999999977
2026-10-07 20:59:48.865 | INFO     | __main__:<module>:1013 - lr:0.1 weight_nat: 0.27785615183091183, nat_loss: 0.013183759525418282, weight_adv: 0.7221438481690883, adv_loss: 0.023452239111065865 weight-klloss3 0.056196249999999996 Loss3: 0.02901158481836319 clean_ce: 0.14493417739868164, adv_ce: 1.2320283651351929, adv_margin: 0.5740747451782227, clean_gate: 0.5381308197975159, teacher_margin: 0.5279168486595154, teacher_margin_gate: 0.6718006134033203, teacher_clean_gate: 1.0, teacher_adv_gate: 1.0, tm_grad_cos: 0.7866255044937134, tm_scale: 1.0, tm_ps_scale: 1.0, pcgrad_conflicts: 0/0 tmix: alpha=0.0 ramp=0.0 clean_correct_fraction=0.9296875 mean_weight=0.0 target_l1=0.0 temperature=1.0149999999999983
2026-10-07 21:00:25.504 | INFO     | __main__:<module>:1013 - lr:0.1 weight_nat: 0.27662658554431624, nat_loss: 0.020285403355956078, weight_adv: 0.7233734144556838, adv_loss: 0.021766211837530136 weight-klloss3 0.056196249999999996 Loss3: 0.03618333116173744 clean_ce: 0.16156435012817383, adv_ce: 1.188091516494751, adv_margin: 0.5444493889808655, clean_gate: 0.555350661277771, teacher_margin: 0.4754934012889862, teacher_margin_gate: 0.6672998070716858, teacher_clean_gate: 1.0, teacher_adv_gate: 1.0, tm_grad_cos: 0.7855738997459412, tm_scale: 1.0, tm_ps_scale: 1.0, pcgrad_conflicts: 0/0 tmix: alpha=0.0 ramp=0.0 clean_correct_fraction=0.9296875 mean_weight=0.0 target_l1=0.0 temperature=1.0229999999999975
2026-10-07 21:00:58.317 | INFO     | __main__:<module>:1016 - TRAIN_EPOCH_RESOURCE epoch=55 seconds=143.1119742889423 peak_allocated_bytes=4954502144
2026-10-07 21:00:58.317 | INFO     | __main__:<module>:516 - METHOD epoch=56 views=1 awp_gamma=0.0 consistency_weight=0.0 awp_nat_weight=1.0
2026-10-07 21:00:58.317 | INFO     | __main__:<module>:519 - the 56th epoch 
2026-10-07 21:00:58.728 | INFO     | __main__:<module>:1013 - lr:0.1 weight_nat: 0.27848504128801593, nat_loss: 0.024534614756703377, weight_adv: 0.721514958711984, adv_loss: 0.023001011461019516 weight-klloss3 0.05721799999999999 Loss3: 0.028357628732919693 clean_ce: 0.15362730622291565, adv_ce: 1.3018150329589844, adv_margin: 0.6501187086105347, clean_gate: 0.5250130295753479, teacher_margin: 0.49278151988983154, teacher_margin_gate: 0.6528386473655701, teacher_clean_gate: 1.0, teacher_adv_gate: 1.0, tm_grad_cos: 0.7840079069137573, tm_scale: 1.0, tm_ps_scale: 1.0, pcgrad_conflicts: 0/0 tmix: alpha=0.0 ramp=0.0 clean_correct_fraction=0.9140625 mean_weight=0.0 target_l1=0.0 temperature=1.0139999999999985
2026-10-07 21:01:35.309 | INFO     | __main__:<module>:1013 - lr:0.1 weight_nat: 0.27319232668017807, nat_loss: 0.01773970201611519, weight_adv: 0.7268076733198219, adv_loss: 0.022413037717342377 weight-klloss3 0.05721799999999999 Loss3: 0.02671625092625618 clean_ce: 0.15223874151706696, adv_ce: 1.2672624588012695, adv_margin: 0.5463801026344299, clean_gate: 0.5128839015960693, teacher_margin: 0.510604977607727, teacher_margin_gate: 0.637221097946167, teacher_clean_gate: 1.0, teacher_adv_gate: 1.0, tm_grad_cos: 0.8027222156524658, tm_scale: 1.0, tm_ps_scale: 1.0, pcgrad_conflicts: 0/0 tmix: alpha=0.0 ramp=0.0 clean_correct_fraction=0.921875 mean_weight=0.0 target_l1=0.0 temperature=1.0159999999999982
2026-10-07 21:02:11.955 | INFO     | __main__:<module>:1013 - lr:0.1 weight_nat: 0.2789352274432323, nat_loss: 0.01243316289037466, weight_adv: 0.7210647725567677, adv_loss: 0.023730019107460976 weight-klloss3 0.05721799999999999 Loss3: 0.03729149326682091 clean_ce: 0.14778420329093933, adv_ce: 1.1097691059112549, adv_margin: 0.5284155607223511, clean_gate: 0.5747706890106201, teacher_margin: 0.536206066608429, teacher_margin_gate: 0.7210685610771179, teacher_clean_gate: 1.0, teacher_adv_gate: 1.0, tm_grad_cos: 0.8255366086959839, tm_scale: 1.0, tm_ps_scale: 1.0, pcgrad_conflicts: 0/0 tmix: alpha=0.0 ramp=0.0 clean_correct_fraction=0.9375 mean_weight=0.0 target_l1=0.0 temperature=1.0239999999999974
2026-10-07 21:02:48.542 | INFO     | __main__:<module>:1013 - lr:0.1 weight_nat: 0.2767373967876472, nat_loss: 0.0192960686981678, weight_adv: 0.7232626032123528, adv_loss: 0.029880356043577194 weight-klloss3 0.05721799999999999 Loss3: 0.046435464173555374 clean_ce: 0.13408076763153076, adv_ce: 1.4916253089904785, adv_margin: 0.8442416787147522, clean_gate: 0.4541010856628418, teacher_margin: 0.577643871307373, teacher_margin_gate: 0.6122653484344482, teacher_clean_gate: 1.0, teacher_adv_gate: 1.0, tm_grad_cos: 0.7973243594169617, tm_scale: 1.0, tm_ps_scale: 1.0, pcgrad_conflicts: 0/0 tmix: alpha=0.0 ramp=0.0 clean_correct_fraction=0.890625 mean_weight=0.0 target_l1=0.0 temperature=1.0219999999999976
2026-10-07 21:03:21.350 | INFO     | __main__:<module>:1016 - TRAIN_EPOCH_RESOURCE epoch=56 seconds=143.03291450208053 peak_allocated_bytes=4954502144
2026-10-07 21:03:21.350 | INFO     | __main__:<module>:516 - METHOD epoch=57 views=1 awp_gamma=0.0 consistency_weight=0.0 awp_nat_weight=1.0
2026-10-07 21:03:21.350 | INFO     | __main__:<module>:519 - the 57th epoch 
2026-10-07 21:03:21.765 | INFO     | __main__:<module>:1013 - lr:0.1 weight_nat: 0.272103519123816, nat_loss: 0.013915461488068104, weight_adv: 0.7278964808761841, adv_loss: 0.03013283759355545 weight-klloss3 0.05823975 Loss3: 0.029249541461467743 clean_ce: 0.13901185989379883, adv_ce: 1.4093453884124756, adv_margin: 0.7887278199195862, clean_gate: 0.4965498447418213, teacher_margin: 0.5785514712333679, teacher_margin_gate: 0.6636453866958618, teacher_clean_gate: 1.0, teacher_adv_gate: 1.0, tm_grad_cos: 0.7793325781822205, tm_scale: 1.0, tm_ps_scale: 1.0, pcgrad_conflicts: 0/0 tmix: alpha=0.0 ramp=0.0 clean_correct_fraction=0.90625 mean_weight=0.0 target_l1=0.0 temperature=1.0109999999999988
2026-10-07 21:03:58.391 | INFO     | __main__:<module>:1013 - lr:0.1 weight_nat: 0.2700213891936941, nat_loss: 0.016507800668478012, weight_adv: 0.7299786108063059, adv_loss: 0.024098455905914307 weight-klloss3 0.05823975 Loss3: 0.02899310365319252 clean_ce: 0.15645521879196167, adv_ce: 1.231215238571167, adv_margin: 0.5517250299453735, clean_gate: 0.5438752770423889, teacher_margin: 0.5193066596984863, teacher_margin_gate: 0.6813419461250305, teacher_clean_gate: 1.0, teacher_adv_gate: 1.0, tm_grad_cos: 0.782376766204834, tm_scale: 1.0, tm_ps_scale: 1.0, pcgrad_conflicts: 0/0 tmix: alpha=0.0 ramp=0.0 clean_correct_fraction=0.8984375 mean_weight=0.0 target_l1=0.0 temperature=1.0229999999999975
2026-10-07 21:04:35.000 | INFO     | __main__:<module>:1013 - lr:0.1 weight_nat: 0.2725453571213309, nat_loss: 0.013285762630403042, weight_adv: 0.7274546428786691, adv_loss: 0.022539813071489334 weight-klloss3 0.05823975 Loss3: 0.03832385689020157 clean_ce: 0.17012706398963928, adv_ce: 1.0871829986572266, adv_margin: 0.4822036027908325, clean_gate: 0.5819630026817322, teacher_margin: 0.4878445863723755, teacher_margin_gate: 0.7120444774627686, teacher_clean_gate: 1.0, teacher_adv_gate: 1.0, tm_grad_cos: 0.7851823568344116, tm_scale: 1.0, tm_ps_scale: 1.0, pcgrad_conflicts: 0/0 tmix: alpha=0.0 ramp=0.0 clean_correct_fraction=0.9375 mean_weight=0.0 target_l1=0.0 temperature=1.0229999999999975
2026-10-07 21:05:11.598 | INFO     | __main__:<module>:1013 - lr:0.1 weight_nat: 0.2668813151520306, nat_loss: 0.012578937225043774, weight_adv: 0.7331186848479695, adv_loss: 0.021985558792948723 weight-klloss3 0.05823975 Loss3: 0.031224524602293968 clean_ce: 0.1496879756450653, adv_ce: 1.1373279094696045, adv_margin: 0.46446430683135986, clean_gate: 0.5661320090293884, teacher_margin: 0.4431639313697815, teacher_margin_gate: 0.6585242748260498, teacher_clean_gate: 1.0, teacher_adv_gate: 1.0, tm_grad_cos: 0.7665975689888, tm_scale: 1.0, tm_ps_scale: 1.0, pcgrad_conflicts: 0/0 tmix: alpha=0.0 ramp=0.0 clean_correct_fraction=0.921875 mean_weight=0.0 target_l1=0.0 temperature=1.026999999999997
2026-10-07 21:05:44.385 | INFO     | __main__:<module>:1016 - TRAIN_EPOCH_RESOURCE epoch=57 seconds=143.0343670619186 peak_allocated_bytes=4954502144
2026-10-07 21:05:44.385 | INFO     | __main__:<module>:516 - METHOD epoch=58 views=1 awp_gamma=0.0 consistency_weight=0.0 awp_nat_weight=1.0
2026-10-07 21:05:44.385 | INFO     | __main__:<module>:519 - the 58th epoch 
2026-10-07 21:05:44.798 | INFO     | __main__:<module>:1013 - lr:0.1 weight_nat: 0.27316928676946656, nat_loss: 0.012408292852342129, weight_adv: 0.7268307132305335, adv_loss: 0.024762796238064766 weight-klloss3 0.059261499999999995 Loss3: 0.04096470773220062 clean_ce: 0.13733550906181335, adv_ce: 1.2192198038101196, adv_margin: 0.5170628428459167, clean_gate: 0.546051025390625, teacher_margin: 0.5254113674163818, teacher_margin_gate: 0.68831467628479, teacher_clean_gate: 1.0, teacher_adv_gate: 1.0, tm_grad_cos: 0.7991532683372498, tm_scale: 1.0, tm_ps_scale: 1.0, pcgrad_conflicts: 0/0 tmix: alpha=0.0 ramp=0.0 clean_correct_fraction=0.9140625 mean_weight=0.0 target_l1=0.0 temperature=1.017999999999998
2026-10-07 21:06:21.433 | INFO     | __main__:<module>:1013 - lr:0.1 weight_nat: 0.2829689920283228, nat_loss: 0.01360220368951559, weight_adv: 0.7170310079716772, adv_loss: 0.023970436304807663 weight-klloss3 0.059261499999999995 Loss3: 0.03730800002813339 clean_ce: 0.14245213568210602, adv_ce: 1.139025092124939, adv_margin: 0.5142097473144531, clean_gate: 0.5754178166389465, teacher_margin: 0.515549898147583, teacher_margin_gate: 0.6904336214065552, teacher_clean_gate: 1.0, teacher_adv_gate: 1.0, tm_grad_cos: 0.8138734102249146, tm_scale: 1.0, tm_ps_scale: 1.0, pcgrad_conflicts: 0/0 tmix: alpha=0.0 ramp=0.0 clean_correct_fraction=0.9296875 mean_weight=0.0 target_l1=0.0 temperature=1.0199999999999978
2026-10-07 21:06:58.138 | INFO     | __main__:<module>:1013 - lr:0.1 weight_nat: 0.27353536910602033, nat_loss: 0.01395583339035511, weight_adv: 0.7264646308939796, adv_loss: 0.028080575168132782 weight-klloss3 0.059261499999999995 Loss3: 0.04591997340321541 clean_ce: 0.17016075551509857, adv_ce: 1.2041289806365967, adv_margin: 0.6216349601745605, clean_gate: 0.5276909470558167, teacher_margin: 0.6108170747756958, teacher_margin_gate: 0.7006438970565796, teacher_clean_gate: 1.0, teacher_adv_gate: 1.0, tm_grad_cos: 0.8180063366889954, tm_scale: 1.0, tm_ps_scale: 1.0, pcgrad_conflicts: 0/0 tmix: alpha=0.0 ramp=0.0 clean_correct_fraction=0.9609375 mean_weight=0.0 target_l1=0.0 temperature=1.027999999999997
2026-10-07 21:07:34.848 | INFO     | __main__:<module>:1013 - lr:0.1 weight_nat: 0.2714594686620736, nat_loss: 0.011268280446529388, weight_adv: 0.7285405313379264, adv_loss: 0.024946484714746475 weight-klloss3 0.059261499999999995 Loss3: 0.04182717204093933 clean_ce: 0.13521474599838257, adv_ce: 1.2711684703826904, adv_margin: 0.6168451309204102, clean_gate: 0.5262370109558105, teacher_margin: 0.5857093930244446, teacher_margin_gate: 0.6845165491104126, teacher_clean_gate: 1.0, teacher_adv_gate: 1.0, tm_grad_cos: 0.8094412088394165, tm_scale: 1.0, tm_ps_scale: 1.0, pcgrad_conflicts: 0/0 tmix: alpha=0.0 ramp=0.0 clean_correct_fraction=0.9296875 mean_weight=0.0 target_l1=0.0 temperature=1.0199999999999978
2026-10-07 21:08:07.668 | INFO     | __main__:<module>:1016 - TRAIN_EPOCH_RESOURCE epoch=58 seconds=143.28210120392032 peak_allocated_bytes=4954502144
2026-10-07 21:08:07.668 | INFO     | __main__:<module>:516 - METHOD epoch=59 views=1 awp_gamma=0.0 consistency_weight=0.0 awp_nat_weight=1.0
2026-10-07 21:08:07.668 | INFO     | __main__:<module>:519 - the 59th epoch 
2026-10-07 21:08:08.081 | INFO     | __main__:<module>:1013 - lr:0.1 weight_nat: 0.2761224531487863, nat_loss: 0.010482405312359333, weight_adv: 0.7238775468512137, adv_loss: 0.022647134959697723 weight-klloss3 0.06028325 Loss3: 0.04475495219230652 clean_ce: 0.1622241735458374, adv_ce: 1.1317366361618042, adv_margin: 0.4613484740257263, clean_gate: 0.5730626583099365, teacher_margin: 0.5656020641326904, teacher_margin_gate: 0.7103769779205322, teacher_clean_gate: 1.0, teacher_adv_gate: 1.0, tm_grad_cos: 0.8067187070846558, tm_scale: 1.0, tm_ps_scale: 1.0, pcgrad_conflicts: 0/0 tmix: alpha=0.0 ramp=0.0 clean_correct_fraction=0.9296875 mean_weight=0.0 target_l1=0.0 temperature=1.0249999999999972
2026-10-07 21:08:44.682 | INFO     | __main__:<module>:1013 - lr:0.1 weight_nat: 0.2792532635277354, nat_loss: 0.0109798489138484, weight_adv: 0.7207467364722646, adv_loss: 0.019093982875347137 weight-klloss3 0.06028325 Loss3: 0.03829890489578247 clean_ce: 0.1640140265226364, adv_ce: 1.0642725229263306, adv_margin: 0.45003634691238403, clean_gate: 0.5828354358673096, teacher_margin: 0.4821798801422119, teacher_margin_gate: 0.6941162943840027, teacher_clean_gate: 1.0, teacher_adv_gate: 1.0, tm_grad_cos: 0.7932392954826355, tm_scale: 1.0, tm_ps_scale: 1.0, pcgrad_conflicts: 0/0 tmix: alpha=0.0 ramp=0.0 clean_correct_fraction=0.953125 mean_weight=0.0 target_l1=0.0 temperature=1.0289999999999968
2026-10-07 21:09:21.276 | INFO     | __main__:<module>:1013 - lr:0.1 weight_nat: 0.2769279208365491, nat_loss: 0.012449264526367188, weight_adv: 0.723072079163451, adv_loss: 0.02174961566925049 weight-klloss3 0.06028325 Loss3: 0.04194813221693039 clean_ce: 0.1561063826084137, adv_ce: 1.168994665145874, adv_margin: 0.508833646774292, clean_gate: 0.564697265625, teacher_margin: 0.5190972089767456, teacher_margin_gate: 0.705076277256012, teacher_clean_gate: 1.0, teacher_adv_gate: 1.0, tm_grad_cos: 0.7864526510238647, tm_scale: 1.0, tm_ps_scale: 1.0, pcgrad_conflicts: 0/0 tmix: alpha=0.0 ramp=0.0 clean_correct_fraction=0.953125 mean_weight=0.0 target_l1=0.0 temperature=1.0249999999999972
2026-10-07 21:09:57.866 | INFO     | __main__:<module>:1013 - lr:0.1 weight_nat: 0.2730073589461276, nat_loss: 0.015105540864169598, weight_adv: 0.7269926410538725, adv_loss: 0.023054316639900208 weight-klloss3 0.06028325 Loss3: 0.0329008512198925 clean_ce: 0.1505953073501587, adv_ce: 1.177750825881958, adv_margin: 0.5820767879486084, clean_gate: 0.5563773512840271, teacher_margin: 0.4861515164375305, teacher_margin_gate: 0.6768388152122498, teacher_clean_gate: 1.0, teacher_adv_gate: 1.0, tm_grad_cos: 0.7784013152122498, tm_scale: 1.0, tm_ps_scale: 1.0, pcgrad_conflicts: 0/0 tmix: alpha=0.0 ramp=0.0 clean_correct_fraction=0.921875 mean_weight=0.0 target_l1=0.0 temperature=1.0289999999999968
2026-10-07 21:10:30.620 | INFO     | __main__:<module>:1016 - TRAIN_EPOCH_RESOURCE epoch=59 seconds=142.95208963216282 peak_allocated_bytes=4954502144
2026-10-07 21:10:30.620 | INFO     | __main__:<module>:516 - METHOD epoch=60 views=1 awp_gamma=0.0 consistency_weight=0.0 awp_nat_weight=1.0
2026-10-07 21:10:30.621 | INFO     | __main__:<module>:519 - the 60th epoch 
2026-10-07 21:10:31.033 | INFO     | __main__:<module>:1013 - lr:0.1 weight_nat: 0.2735598801920482, nat_loss: 0.016737045720219612, weight_adv: 0.7264401198079518, adv_loss: 0.027062762528657913 weight-klloss3 0.061305 Loss3: 0.030743949115276337 clean_ce: 0.14135035872459412, adv_ce: 1.3573768138885498, adv_margin: 0.6857040524482727, clean_gate: 0.5035949945449829, teacher_margin: 0.49119833111763, teacher_margin_gate: 0.6327539682388306, teacher_clean_gate: 1.0, teacher_adv_gate: 1.0, tm_grad_cos: 0.7408391833305359, tm_scale: 1.0, tm_ps_scale: 1.0, pcgrad_conflicts: 0/0 tmix: alpha=0.0 ramp=0.0 clean_correct_fraction=0.90625 mean_weight=0.0 target_l1=0.0 temperature=1.027999999999997
2026-10-07 21:11:07.605 | INFO     | __main__:<module>:1013 - lr:0.1 weight_nat: 0.26976669650682605, nat_loss: 0.011862597428262234, weight_adv: 0.730233303493174, adv_loss: 0.021956246346235275 weight-klloss3 0.061305 Loss3: 0.036979831755161285 clean_ce: 0.1439473032951355, adv_ce: 1.181983470916748, adv_margin: 0.506234884262085, clean_gate: 0.5637253522872925, teacher_margin: 0.47064757347106934, teacher_margin_gate: 0.6817998886108398, teacher_clean_gate: 1.0, teacher_adv_gate: 1.0, tm_grad_cos: 0.7717041373252869, tm_scale: 1.0, tm_ps_scale: 1.0, pcgrad_conflicts: 0/0 tmix: alpha=0.0 ramp=0.0 clean_correct_fraction=0.9296875 mean_weight=0.0 target_l1=0.0 temperature=1.0259999999999971
2026-10-07 21:11:44.179 | INFO     | __main__:<module>:1013 - lr:0.1 weight_nat: 0.267498062088006, nat_loss: 0.01424435805529356, weight_adv: 0.7325019379119941, adv_loss: 0.02351916953921318 weight-klloss3 0.061305 Loss3: 0.030408015474677086 clean_ce: 0.15296098589897156, adv_ce: 1.3698186874389648, adv_margin: 0.7341789603233337, clean_gate: 0.511243462562561, teacher_margin: 0.4874385595321655, teacher_margin_gate: 0.6320961713790894, teacher_clean_gate: 1.0, teacher_adv_gate: 1.0, tm_grad_cos: 0.763788104057312, tm_scale: 1.0, tm_ps_scale: 1.0, pcgrad_conflicts: 0/0 tmix: alpha=0.0 ramp=0.0 clean_correct_fraction=0.8828125 mean_weight=0.0 target_l1=0.0 temperature=1.027999999999997
2026-10-07 21:12:20.749 | INFO     | __main__:<module>:1013 - lr:0.1 weight_nat: 0.267824802683619, nat_loss: 0.012002120725810528, weight_adv: 0.732175197316381, adv_loss: 0.01895797811448574 weight-klloss3 0.061305 Loss3: 0.04249916225671768 clean_ce: 0.15944644808769226, adv_ce: 1.1402149200439453, adv_margin: 0.5198616981506348, clean_gate: 0.586167573928833, teacher_margin: 0.41272109746932983, teacher_margin_gate: 0.68182373046875, teacher_clean_gate: 1.0, teacher_adv_gate: 1.0, tm_grad_cos: 0.7639505863189697, tm_scale: 1.0, tm_ps_scale: 1.0, pcgrad_conflicts: 0/0 tmix: alpha=0.0 ramp=0.0 clean_correct_fraction=0.9296875 mean_weight=0.0 target_l1=0.0 temperature=1.0299999999999967
2026-10-07 21:12:53.505 | INFO     | __main__:<module>:1016 - TRAIN_EPOCH_RESOURCE epoch=60 seconds=142.88437882694416 peak_allocated_bytes=4954502144
2026-10-07 21:12:53.506 | INFO     | __main__:<module>:516 - METHOD epoch=61 views=1 awp_gamma=0.0 consistency_weight=0.0 awp_nat_weight=1.0
2026-10-07 21:12:53.506 | INFO     | __main__:<module>:519 - the 61th epoch 
2026-10-07 21:12:53.919 | INFO     | __main__:<module>:1013 - lr:0.1 weight_nat: 0.2725633109400775, nat_loss: 0.01844094879925251, weight_adv: 0.7274366890599225, adv_loss: 0.020987313240766525 weight-klloss3 0.06232674999999999 Loss3: 0.028558198362588882 clean_ce: 0.158253476023674, adv_ce: 1.1529492139816284, adv_margin: 0.45251622796058655, clean_gate: 0.5619009733200073, teacher_margin: 0.442151814699173, teacher_margin_gate: 0.6595568656921387, teacher_clean_gate: 1.0, teacher_adv_gate: 1.0, tm_grad_cos: 0.767119288444519, tm_scale: 1.0, tm_ps_scale: 1.0, pcgrad_conflicts: 0/0 tmix: alpha=0.0 ramp=0.0 clean_correct_fraction=0.8984375 mean_weight=0.0 target_l1=0.0 temperature=1.0229999999999975
2026-10-07 21:13:30.471 | INFO     | __main__:<module>:1013 - lr:0.1 weight_nat: 0.2773212547227656, nat_loss: 0.013479200191795826, weight_adv: 0.7226787452772344, adv_loss: 0.023874687030911446 weight-klloss3 0.06232674999999999 Loss3: 0.03747950494289398 clean_ce: 0.13320216536521912, adv_ce: 1.4331493377685547, adv_margin: 0.7377617359161377, clean_gate: 0.47037947177886963, teacher_margin: 0.4841199815273285, teacher_margin_gate: 0.6042909622192383, teacher_clean_gate: 1.0, teacher_adv_gate: 1.0, tm_grad_cos: 0.7409591674804688, tm_scale: 1.0, tm_ps_scale: 1.0, pcgrad_conflicts: 0/0 tmix: alpha=0.0 ramp=0.0 clean_correct_fraction=0.9140625 mean_weight=0.0 target_l1=0.0 temperature=1.0249999999999972
2026-10-07 21:14:06.982 | INFO     | __main__:<module>:1013 - lr:0.1 weight_nat: 0.27260218138840203, nat_loss: 0.009958050213754177, weight_adv: 0.7273978186115979, adv_loss: 0.023985352367162704 weight-klloss3 0.06232674999999999 Loss3: 0.041152987629175186 clean_ce: 0.14496572315692902, adv_ce: 1.1250810623168945, adv_margin: 0.5215540528297424, clean_gate: 0.5785359740257263, teacher_margin: 0.5461442470550537, teacher_margin_gate: 0.7245236039161682, teacher_clean_gate: 1.0, teacher_adv_gate: 1.0, tm_grad_cos: 0.8116075396537781, tm_scale: 1.0, tm_ps_scale: 1.0, pcgrad_conflicts: 0/0 tmix: alpha=0.0 ramp=0.0 clean_correct_fraction=0.9375 mean_weight=0.0 target_l1=0.0 temperature=1.0289999999999968
2026-10-07 21:14:43.501 | INFO     | __main__:<module>:1013 - lr:0.1 weight_nat: 0.2727431323791605, nat_loss: 0.013848060742020607, weight_adv: 0.7272568676208395, adv_loss: 0.02411656826734543 weight-klloss3 0.06232674999999999 Loss3: 0.04291006922721863 clean_ce: 0.14357049763202667, adv_ce: 1.166282057762146, adv_margin: 0.5157713890075684, clean_gate: 0.5443496108055115, teacher_margin: 0.574110209941864, teacher_margin_gate: 0.6867259740829468, teacher_clean_gate: 1.0, teacher_adv_gate: 1.0, tm_grad_cos: 0.8142829537391663, tm_scale: 1.0, tm_ps_scale: 1.0, pcgrad_conflicts: 0/0 tmix: alpha=0.0 ramp=0.0 clean_correct_fraction=0.9296875 mean_weight=0.0 target_l1=0.0 temperature=1.0349999999999961
2026-10-07 21:15:16.205 | INFO     | __main__:<module>:1016 - TRAIN_EPOCH_RESOURCE epoch=61 seconds=142.69902366306633 peak_allocated_bytes=4954502144
2026-10-07 21:15:16.205 | INFO     | __main__:<module>:516 - METHOD epoch=62 views=1 awp_gamma=0.0 consistency_weight=0.0 awp_nat_weight=1.0
2026-10-07 21:15:16.205 | INFO     | __main__:<module>:519 - the 62th epoch 
2026-10-07 21:15:16.619 | INFO     | __main__:<module>:1013 - lr:0.1 weight_nat: 0.2671088758873558, nat_loss: 0.010013066232204437, weight_adv: 0.7328911241126442, adv_loss: 0.01872796006500721 weight-klloss3 0.0633485 Loss3: 0.03942789137363434 clean_ce: 0.16556742787361145, adv_ce: 0.9636155366897583, adv_margin: 0.3568395972251892, clean_gate: 0.6215316653251648, teacher_margin: 0.40982645750045776, teacher_margin_gate: 0.7042979001998901, teacher_clean_gate: 1.0, teacher_adv_gate: 1.0, tm_grad_cos: 0.7803598046302795, tm_scale: 1.0, tm_ps_scale: 1.0, pcgrad_conflicts: 0/0 tmix: alpha=0.0 ramp=0.0 clean_correct_fraction=0.921875 mean_weight=0.0 target_l1=0.0 temperature=1.0339999999999963
2026-10-07 21:15:53.126 | INFO     | __main__:<module>:1013 - lr:0.1 weight_nat: 0.2736712270297001, nat_loss: 0.012663671746850014, weight_adv: 0.7263287729703, adv_loss: 0.02319972962141037 weight-klloss3 0.0633485 Loss3: 0.03872106224298477 clean_ce: 0.11885198205709457, adv_ce: 1.3528941869735718, adv_margin: 0.7204396724700928, clean_gate: 0.5007057785987854, teacher_margin: 0.49343281984329224, teacher_margin_gate: 0.62666916847229, teacher_clean_gate: 1.0, teacher_adv_gate: 1.0, tm_grad_cos: 0.7835266590118408, tm_scale: 1.0, tm_ps_scale: 1.0, pcgrad_conflicts: 0/0 tmix: alpha=0.0 ramp=0.0 clean_correct_fraction=0.8828125 mean_weight=0.0 target_l1=0.0 temperature=1.0339999999999963
2026-10-07 21:16:29.642 | INFO     | __main__:<module>:1013 - lr:0.1 weight_nat: 0.26901094293601174, nat_loss: 0.019106082618236542, weight_adv: 0.7309890570639883, adv_loss: 0.025134477764368057 weight-klloss3 0.0633485 Loss3: 0.03369452804327011 clean_ce: 0.15134647488594055, adv_ce: 1.2614927291870117, adv_margin: 0.552405595779419, clean_gate: 0.5237451791763306, teacher_margin: 0.5235577821731567, teacher_margin_gate: 0.6594053506851196, teacher_clean_gate: 1.0, teacher_adv_gate: 1.0, tm_grad_cos: 0.7975623607635498, tm_scale: 1.0, tm_ps_scale: 1.0, pcgrad_conflicts: 0/0 tmix: alpha=0.0 ramp=0.0 clean_correct_fraction=0.921875 mean_weight=0.0 target_l1=0.0 temperature=1.027999999999997
2026-10-07 21:17:06.153 | INFO     | __main__:<module>:1013 - lr:0.1 weight_nat: 0.26619521673299074, nat_loss: 0.01476600207388401, weight_adv: 0.7338047832670094, adv_loss: 0.03028004802763462 weight-klloss3 0.0633485 Loss3: 0.034670718014240265 clean_ce: 0.13609285652637482, adv_ce: 1.2970242500305176, adv_margin: 0.7464505434036255, clean_gate: 0.5047967433929443, teacher_margin: 0.568580150604248, teacher_margin_gate: 0.6597141623497009, teacher_clean_gate: 1.0, teacher_adv_gate: 1.0, tm_grad_cos: 0.7882352471351624, tm_scale: 1.0, tm_ps_scale: 1.0, pcgrad_conflicts: 0/0 tmix: alpha=0.0 ramp=0.0 clean_correct_fraction=0.9375 mean_weight=0.0 target_l1=0.0 temperature=1.0419999999999954
2026-10-07 21:17:38.851 | INFO     | __main__:<module>:1016 - TRAIN_EPOCH_RESOURCE epoch=62 seconds=142.64554793084972 peak_allocated_bytes=4954502144
2026-10-07 21:17:38.851 | INFO     | __main__:<module>:516 - METHOD epoch=63 views=1 awp_gamma=0.0 consistency_weight=0.0 awp_nat_weight=1.0
2026-10-07 21:17:38.851 | INFO     | __main__:<module>:519 - the 63th epoch 
2026-10-07 21:17:39.265 | INFO     | __main__:<module>:1013 - lr:0.1 weight_nat: 0.27104398139366864, nat_loss: 0.013147862628102303, weight_adv: 0.7289560186063314, adv_loss: 0.021691665053367615 weight-klloss3 0.06437024999999999 Loss3: 0.03141103312373161 clean_ce: 0.13880959153175354, adv_ce: 1.2946704626083374, adv_margin: 0.6393754482269287, clean_gate: 0.5363228917121887, teacher_margin: 0.449262797832489, teacher_margin_gate: 0.6446397304534912, teacher_clean_gate: 1.0, teacher_adv_gate: 1.0, tm_grad_cos: 0.7785859107971191, tm_scale: 1.0, tm_ps_scale: 1.0, pcgrad_conflicts: 0/0 tmix: alpha=0.0 ramp=0.0 clean_correct_fraction=0.8828125 mean_weight=0.0 target_l1=0.0 temperature=1.036999999999996
2026-10-07 21:18:15.779 | INFO     | __main__:<module>:1013 - lr:0.1 weight_nat: 0.2671089922795159, nat_loss: 0.012492711655795574, weight_adv: 0.7328910077204842, adv_loss: 0.024078551679849625 weight-klloss3 0.06437024999999999 Loss3: 0.043499067425727844 clean_ce: 0.14292967319488525, adv_ce: 1.2695517539978027, adv_margin: 0.5916356444358826, clean_gate: 0.5270018577575684, teacher_margin: 0.5640280842781067, teacher_margin_gate: 0.6860063076019287, teacher_clean_gate: 1.0, teacher_adv_gate: 1.0, tm_grad_cos: 0.8012100458145142, tm_scale: 1.0, tm_ps_scale: 1.0, pcgrad_conflicts: 0/0 tmix: alpha=0.0 ramp=0.0 clean_correct_fraction=0.921875 mean_weight=0.0 target_l1=0.0 temperature=1.0289999999999968
2026-10-07 21:18:52.288 | INFO     | __main__:<module>:1013 - lr:0.1 weight_nat: 0.2721616432495577, nat_loss: 0.01423469465225935, weight_adv: 0.7278383567504423, adv_loss: 0.02086970955133438 weight-klloss3 0.06437024999999999 Loss3: 0.02111937664449215 clean_ce: 0.15601076185703278, adv_ce: 1.1788371801376343, adv_margin: 0.5327097177505493, clean_gate: 0.5302562713623047, teacher_margin: 0.48137611150741577, teacher_margin_gate: 0.6421905755996704, teacher_clean_gate: 1.0, teacher_adv_gate: 1.0, tm_grad_cos: 0.7987633347511292, tm_scale: 1.0, tm_ps_scale: 1.0, pcgrad_conflicts: 0/0 tmix: alpha=0.0 ramp=0.0 clean_correct_fraction=0.9296875 mean_weight=0.0 target_l1=0.0 temperature=1.0329999999999964
2026-10-07 21:19:28.803 | INFO     | __main__:<module>:1013 - lr:0.1 weight_nat: 0.2601357095138856, nat_loss: 0.011420492082834244, weight_adv: 0.7398642904861145, adv_loss: 0.028070954605937004 weight-klloss3 0.06437024999999999 Loss3: 0.03805670142173767 clean_ce: 0.1584843099117279, adv_ce: 1.2005460262298584, adv_margin: 0.481148898601532, clean_gate: 0.5462809801101685, teacher_margin: 0.6192578673362732, teacher_margin_gate: 0.7062942385673523, teacher_clean_gate: 1.0, teacher_adv_gate: 1.0, tm_grad_cos: 0.8082563281059265, tm_scale: 1.0, tm_ps_scale: 1.0, pcgrad_conflicts: 0/0 tmix: alpha=0.0 ramp=0.0 clean_correct_fraction=0.96875 mean_weight=0.0 target_l1=0.0 temperature=1.0309999999999966
2026-10-07 21:20:01.511 | INFO     | __main__:<module>:1016 - TRAIN_EPOCH_RESOURCE epoch=63 seconds=142.65934958518483 peak_allocated_bytes=4954502144
2026-10-07 21:20:01.511 | INFO     | __main__:<module>:516 - METHOD epoch=64 views=1 awp_gamma=0.0 consistency_weight=0.0 awp_nat_weight=1.0
2026-10-07 21:20:01.511 | INFO     | __main__:<module>:519 - the 64th epoch 
2026-10-07 21:20:01.925 | INFO     | __main__:<module>:1013 - lr:0.1 weight_nat: 0.2673988733395064, nat_loss: 0.010098333470523357, weight_adv: 0.7326011266604936, adv_loss: 0.02476968988776207 weight-klloss3 0.06539199999999999 Loss3: 0.05198286473751068 clean_ce: 0.14878949522972107, adv_ce: 1.0999592542648315, adv_margin: 0.5150648355484009, clean_gate: 0.5780495405197144, teacher_margin: 0.5218701362609863, teacher_margin_gate: 0.7102675437927246, teacher_clean_gate: 1.0, teacher_adv_gate: 1.0, tm_grad_cos: 0.8090013265609741, tm_scale: 1.0, tm_ps_scale: 1.0, pcgrad_conflicts: 0/0 tmix: alpha=0.0 ramp=0.0 clean_correct_fraction=0.9375 mean_weight=0.0 target_l1=0.0 temperature=1.0319999999999965
2026-10-07 21:20:38.441 | INFO     | __main__:<module>:1013 - lr:0.1 weight_nat: 0.2680453955395029, nat_loss: 0.012886938638985157, weight_adv: 0.7319546044604972, adv_loss: 0.023111388087272644 weight-klloss3 0.06539199999999999 Loss3: 0.029590332880616188 clean_ce: 0.14722195267677307, adv_ce: 1.2419302463531494, adv_margin: 0.5962785482406616, clean_gate: 0.5448284149169922, teacher_margin: 0.45144519209861755, teacher_margin_gate: 0.6526199579238892, teacher_clean_gate: 1.0, teacher_adv_gate: 1.0, tm_grad_cos: 0.7553884983062744, tm_scale: 1.0, tm_ps_scale: 1.0, pcgrad_conflicts: 0/0 tmix: alpha=0.0 ramp=0.0 clean_correct_fraction=0.8984375 mean_weight=0.0 target_l1=0.0 temperature=1.0339999999999963
2026-10-07 21:21:14.961 | INFO     | __main__:<module>:1013 - lr:0.1 weight_nat: 0.2578211783282419, nat_loss: 0.009320967830717564, weight_adv: 0.7421788216717581, adv_loss: 0.018969696015119553 weight-klloss3 0.06539199999999999 Loss3: 0.039156146347522736 clean_ce: 0.15171195566654205, adv_ce: 1.096134901046753, adv_margin: 0.47524893283843994, clean_gate: 0.5780061483383179, teacher_margin: 0.43862178921699524, teacher_margin_gate: 0.6802207827568054, teacher_clean_gate: 1.0, teacher_adv_gate: 1.0, tm_grad_cos: 0.7711893320083618, tm_scale: 1.0, tm_ps_scale: 1.0, pcgrad_conflicts: 0/0 tmix: alpha=0.0 ramp=0.0 clean_correct_fraction=0.9375 mean_weight=0.0 target_l1=0.0 temperature=1.0299999999999967
2026-10-07 21:21:51.479 | INFO     | __main__:<module>:1013 - lr:0.1 weight_nat: 0.2664112325834497, nat_loss: 0.013546118512749672, weight_adv: 0.7335887674165504, adv_loss: 0.021521568298339844 weight-klloss3 0.06539199999999999 Loss3: 0.04050391912460327 clean_ce: 0.13987970352172852, adv_ce: 1.2128689289093018, adv_margin: 0.6037591099739075, clean_gate: 0.5477339029312134, teacher_margin: 0.43431198596954346, teacher_margin_gate: 0.656328558921814, teacher_clean_gate: 1.0, teacher_adv_gate: 1.0, tm_grad_cos: 0.7863768935203552, tm_scale: 1.0, tm_ps_scale: 1.0, pcgrad_conflicts: 0/0 tmix: alpha=0.0 ramp=0.0 clean_correct_fraction=0.921875 mean_weight=0.0 target_l1=0.0 temperature=1.0379999999999958
2026-10-07 21:22:24.184 | INFO     | __main__:<module>:1016 - TRAIN_EPOCH_RESOURCE epoch=64 seconds=142.67241686186753 peak_allocated_bytes=4954502144
2026-10-07 21:22:24.184 | INFO     | __main__:<module>:516 - METHOD epoch=65 views=1 awp_gamma=0.0 consistency_weight=0.0 awp_nat_weight=1.0
2026-10-07 21:22:24.184 | INFO     | __main__:<module>:519 - the 65th epoch 
2026-10-07 21:22:24.598 | INFO     | __main__:<module>:1013 - lr:0.1 weight_nat: 0.2729053840958447, nat_loss: 0.010181969963014126, weight_adv: 0.7270946159041554, adv_loss: 0.0305936262011528 weight-klloss3 0.06641375 Loss3: 0.04493877291679382 clean_ce: 0.1558464616537094, adv_ce: 1.2508172988891602, adv_margin: 0.5812328457832336, clean_gate: 0.517493486404419, teacher_margin: 0.6340659260749817, teacher_margin_gate: 0.6771714687347412, teacher_clean_gate: 1.0, teacher_adv_gate: 1.0, tm_grad_cos: 0.8103489279747009, tm_scale: 1.0, tm_ps_scale: 1.0, pcgrad_conflicts: 0/0 tmix: alpha=0.0 ramp=0.0 clean_correct_fraction=0.921875 mean_weight=0.0 target_l1=0.0 temperature=1.0409999999999955
2026-10-07 21:23:01.113 | INFO     | __main__:<module>:1013 - lr:0.1 weight_nat: 0.2672611718884911, nat_loss: 0.013547688722610474, weight_adv: 0.732738828111509, adv_loss: 0.022338420152664185 weight-klloss3 0.06641375 Loss3: 0.03674786165356636 clean_ce: 0.14756011962890625, adv_ce: 1.2479244470596313, adv_margin: 0.6401369571685791, clean_gate: 0.5231349468231201, teacher_margin: 0.5004852414131165, teacher_margin_gate: 0.660797119140625, teacher_clean_gate: 1.0, teacher_adv_gate: 1.0, tm_grad_cos: 0.7957061529159546, tm_scale: 1.0, tm_ps_scale: 1.0, pcgrad_conflicts: 0/0 tmix: alpha=0.0 ramp=0.0 clean_correct_fraction=0.9375 mean_weight=0.0 target_l1=0.0 temperature=1.0429999999999953
2026-10-07 21:23:37.625 | INFO     | __main__:<module>:1013 - lr:0.1 weight_nat: 0.27157204365138327, nat_loss: 0.01594552770256996, weight_adv: 0.7284279563486167, adv_loss: 0.022960985079407692 weight-klloss3 0.06641375 Loss3: 0.044555068016052246 clean_ce: 0.15653562545776367, adv_ce: 1.1744564771652222, adv_margin: 0.47307416796684265, clean_gate: 0.5631279349327087, teacher_margin: 0.4851610064506531, teacher_margin_gate: 0.6905290484428406, teacher_clean_gate: 1.0, teacher_adv_gate: 1.0, tm_grad_cos: 0.7759761810302734, tm_scale: 1.0, tm_ps_scale: 1.0, pcgrad_conflicts: 0/0 tmix: alpha=0.0 ramp=0.0 clean_correct_fraction=0.9609375 mean_weight=0.0 target_l1=0.0 temperature=1.0349999999999961
2026-10-07 21:24:14.134 | INFO     | __main__:<module>:1013 - lr:0.1 weight_nat: 0.2650456285321514, nat_loss: 0.01164559181779623, weight_adv: 0.7349543714678487, adv_loss: 0.023725757375359535 weight-klloss3 0.06641375 Loss3: 0.031336087733507156 clean_ce: 0.1551942378282547, adv_ce: 1.2578577995300293, adv_margin: 0.6429556608200073, clean_gate: 0.5341824889183044, teacher_margin: 0.4493502378463745, teacher_margin_gate: 0.6483972072601318, teacher_clean_gate: 1.0, teacher_adv_gate: 1.0, tm_grad_cos: 0.7576495409011841, tm_scale: 1.0, tm_ps_scale: 1.0, pcgrad_conflicts: 0/0 tmix: alpha=0.0 ramp=0.0 clean_correct_fraction=0.9140625 mean_weight=0.0 target_l1=0.0 temperature=1.0309999999999966
2026-10-07 21:24:46.835 | INFO     | __main__:<module>:1016 - TRAIN_EPOCH_RESOURCE epoch=65 seconds=142.65046973596327 peak_allocated_bytes=4954502144
2026-10-07 21:24:46.835 | INFO     | __main__:<module>:516 - METHOD epoch=66 views=1 awp_gamma=0.0 consistency_weight=0.0 awp_nat_weight=1.0
2026-10-07 21:24:46.835 | INFO     | __main__:<module>:519 - the 66th epoch 
2026-10-07 21:24:47.249 | INFO     | __main__:<module>:1013 - lr:0.1 weight_nat: 0.2672097448841285, nat_loss: 0.011550415307283401, weight_adv: 0.7327902551158716, adv_loss: 0.02246338687837124 weight-klloss3 0.0674355 Loss3: 0.04664791747927666 clean_ce: 0.14317642152309418, adv_ce: 1.2511173486709595, adv_margin: 0.6006906032562256, clean_gate: 0.5345783233642578, teacher_margin: 0.5007085800170898, teacher_margin_gate: 0.6585198640823364, teacher_clean_gate: 1.0, teacher_adv_gate: 1.0, tm_grad_cos: 0.7870869636535645, tm_scale: 1.0, tm_ps_scale: 1.0, pcgrad_conflicts: 0/0 tmix: alpha=0.0 ramp=0.0 clean_correct_fraction=0.8984375 mean_weight=0.0 target_l1=0.0 temperature=1.0379999999999958
2026-10-07 21:25:23.765 | INFO     | __main__:<module>:1013 - lr:0.1 weight_nat: 0.26881159588595205, nat_loss: 0.011648853309452534, weight_adv: 0.731188404114048, adv_loss: 0.021515097469091415 weight-klloss3 0.0674355 Loss3: 0.034933820366859436 clean_ce: 0.1384575068950653, adv_ce: 1.1973387002944946, adv_margin: 0.5234701037406921, clean_gate: 0.5381854772567749, teacher_margin: 0.4827423393726349, teacher_margin_gate: 0.6493659615516663, teacher_clean_gate: 1.0, teacher_adv_gate: 1.0, tm_grad_cos: 0.7902839183807373, tm_scale: 1.0, tm_ps_scale: 1.0, pcgrad_conflicts: 0/0 tmix: alpha=0.0 ramp=0.0 clean_correct_fraction=0.9140625 mean_weight=0.0 target_l1=0.0 temperature=1.0379999999999958
2026-10-07 21:26:00.275 | INFO     | __main__:<module>:1013 - lr:0.1 weight_nat: 0.2688666237808034, nat_loss: 0.01865566335618496, weight_adv: 0.7311333762191967, adv_loss: 0.023283179849386215 weight-klloss3 0.0674355 Loss3: 0.04398418217897415 clean_ce: 0.13702669739723206, adv_ce: 1.27970552444458, adv_margin: 0.6295545101165771, clean_gate: 0.5107582807540894, teacher_margin: 0.5010751485824585, teacher_margin_gate: 0.635918140411377, teacher_clean_gate: 1.0, teacher_adv_gate: 1.0, tm_grad_cos: 0.8211097717285156, tm_scale: 1.0, tm_ps_scale: 1.0, pcgrad_conflicts: 0/0 tmix: alpha=0.0 ramp=0.0 clean_correct_fraction=0.8828125 mean_weight=0.0 target_l1=0.0 temperature=1.0399999999999956
2026-10-07 21:26:36.790 | INFO     | __main__:<module>:1013 - lr:0.1 weight_nat: 0.2655203951606321, nat_loss: 0.009756073355674744, weight_adv: 0.7344796048393679, adv_loss: 0.02388632297515869 weight-klloss3 0.0674355 Loss3: 0.03958863019943237 clean_ce: 0.1455015391111374, adv_ce: 1.1356784105300903, adv_margin: 0.5271555185317993, clean_gate: 0.5598682165145874, teacher_margin: 0.5415120720863342, teacher_margin_gate: 0.7118058800697327, teacher_clean_gate: 1.0, teacher_adv_gate: 1.0, tm_grad_cos: 0.7999622821807861, tm_scale: 1.0, tm_ps_scale: 1.0, pcgrad_conflicts: 0/0 tmix: alpha=0.0 ramp=0.0 clean_correct_fraction=0.9609375 mean_weight=0.0 target_l1=0.0 temperature=1.0419999999999954
2026-10-07 21:27:09.497 | INFO     | __main__:<module>:1016 - TRAIN_EPOCH_RESOURCE epoch=66 seconds=142.66146835498512 peak_allocated_bytes=4954502144
2026-10-07 21:27:09.497 | INFO     | __main__:<module>:516 - METHOD epoch=67 views=1 awp_gamma=0.0 consistency_weight=0.0 awp_nat_weight=1.0
2026-10-07 21:27:09.497 | INFO     | __main__:<module>:519 - the 67th epoch 
2026-10-07 21:27:09.911 | INFO     | __main__:<module>:1013 - lr:0.1 weight_nat: 0.267712382759346, nat_loss: 0.010484603233635426, weight_adv: 0.732287617240654, adv_loss: 0.020381968468427658 weight-klloss3 0.06845725 Loss3: 0.040598064661026 clean_ce: 0.14687049388885498, adv_ce: 1.2289421558380127, adv_margin: 0.6079797744750977, clean_gate: 0.5435968637466431, teacher_margin: 0.4504234790802002, teacher_margin_gate: 0.6545839309692383, teacher_clean_gate: 1.0, teacher_adv_gate: 1.0, tm_grad_cos: 0.781232476234436, tm_scale: 1.0, tm_ps_scale: 1.0, pcgrad_conflicts: 0/0 tmix: alpha=0.0 ramp=0.0 clean_correct_fraction=0.921875 mean_weight=0.0 target_l1=0.0 temperature=1.0329999999999964
2026-10-07 21:27:46.443 | INFO     | __main__:<module>:1013 - lr:0.1 weight_nat: 0.2679959892392284, nat_loss: 0.012802459299564362, weight_adv: 0.7320040107607717, adv_loss: 0.022481834515929222 weight-klloss3 0.06845725 Loss3: 0.0261396411806345 clean_ce: 0.13088931143283844, adv_ce: 1.350709080696106, adv_margin: 0.7338472604751587, clean_gate: 0.4825390577316284, teacher_margin: 0.5143711566925049, teacher_margin_gate: 0.6066538095474243, teacher_clean_gate: 1.0, teacher_adv_gate: 1.0, tm_grad_cos: 0.813694179058075, tm_scale: 1.0, tm_ps_scale: 1.0, pcgrad_conflicts: 0/0 tmix: alpha=0.0 ramp=0.0 clean_correct_fraction=0.90625 mean_weight=0.0 target_l1=0.0 temperature=1.044999999999995
2026-10-07 21:28:22.996 | INFO     | __main__:<module>:1013 - lr:0.1 weight_nat: 0.2726186958018314, nat_loss: 0.014129191637039185, weight_adv: 0.7273813041981687, adv_loss: 0.021351998671889305 weight-klloss3 0.06845725 Loss3: 0.038608722388744354 clean_ce: 0.15962420403957367, adv_ce: 1.1549290418624878, adv_margin: 0.4855826497077942, clean_gate: 0.5784645676612854, teacher_margin: 0.44084814190864563, teacher_margin_gate: 0.6927171945571899, teacher_clean_gate: 1.0, teacher_adv_gate: 1.0, tm_grad_cos: 0.7922729253768921, tm_scale: 1.0, tm_ps_scale: 1.0, pcgrad_conflicts: 0/0 tmix: alpha=0.0 ramp=0.0 clean_correct_fraction=0.9375 mean_weight=0.0 target_l1=0.0 temperature=1.0409999999999955
2026-10-07 21:28:59.542 | INFO     | __main__:<module>:1013 - lr:0.1 weight_nat: 0.265893258321811, nat_loss: 0.011247130110859871, weight_adv: 0.7341067416781891, adv_loss: 0.021242422983050346 weight-klloss3 0.06845725 Loss3: 0.03903553634881973 clean_ce: 0.14945973455905914, adv_ce: 1.181607723236084, adv_margin: 0.5751575231552124, clean_gate: 0.571727991104126, teacher_margin: 0.4409829378128052, teacher_margin_gate: 0.6751763820648193, teacher_clean_gate: 1.0, teacher_adv_gate: 1.0, tm_grad_cos: 0.7854596376419067, tm_scale: 1.0, tm_ps_scale: 1.0, pcgrad_conflicts: 0/0 tmix: alpha=0.0 ramp=0.0 clean_correct_fraction=0.8984375 mean_weight=0.0 target_l1=0.0 temperature=1.036999999999996
2026-10-07 21:29:32.267 | INFO     | __main__:<module>:1016 - TRAIN_EPOCH_RESOURCE epoch=67 seconds=142.77008744399063 peak_allocated_bytes=4954502144
2026-10-07 21:29:32.268 | INFO     | __main__:<module>:516 - METHOD epoch=68 views=1 awp_gamma=0.0 consistency_weight=0.0 awp_nat_weight=1.0
2026-10-07 21:29:32.268 | INFO     | __main__:<module>:519 - the 68th epoch 
2026-10-07 21:29:32.682 | INFO     | __main__:<module>:1013 - lr:0.1 weight_nat: 0.2657066423200993, nat_loss: 0.011773237958550453, weight_adv: 0.7342933576799008, adv_loss: 0.02495206519961357 weight-klloss3 0.069479 Loss3: 0.047131672501564026 clean_ce: 0.15170487761497498, adv_ce: 1.2292098999023438, adv_margin: 0.5399461984634399, clean_gate: 0.5317412614822388, teacher_margin: 0.581034779548645, teacher_margin_gate: 0.6893051862716675, teacher_clean_gate: 1.0, teacher_adv_gate: 1.0, tm_grad_cos: 0.7895826697349548, tm_scale: 1.0, tm_ps_scale: 1.0, pcgrad_conflicts: 0/0 tmix: alpha=0.0 ramp=0.0 clean_correct_fraction=0.96875 mean_weight=0.0 target_l1=0.0 temperature=1.035999999999996
2026-10-07 21:30:09.218 | INFO     | __main__:<module>:1013 - lr:0.1 weight_nat: 0.2710902277080201, nat_loss: 0.011651955544948578, weight_adv: 0.7289097722919798, adv_loss: 0.020422104746103287 weight-klloss3 0.069479 Loss3: 0.03989766910672188 clean_ce: 0.14340609312057495, adv_ce: 1.0975922346115112, adv_margin: 0.520258903503418, clean_gate: 0.5860282778739929, teacher_margin: 0.47490936517715454, teacher_margin_gate: 0.6959484815597534, teacher_clean_gate: 1.0, teacher_adv_gate: 1.0, tm_grad_cos: 0.7818604707717896, tm_scale: 1.0, tm_ps_scale: 1.0, pcgrad_conflicts: 0/0 tmix: alpha=0.0 ramp=0.0 clean_correct_fraction=0.9140625 mean_weight=0.0 target_l1=0.0 temperature=1.0419999999999954
2026-10-07 21:30:45.864 | INFO     | __main__:<module>:1013 - lr:0.1 weight_nat: 0.27330937869265565, nat_loss: 0.01137066725641489, weight_adv: 0.7266906213073444, adv_loss: 0.02001921460032463 weight-klloss3 0.069479 Loss3: 0.048024870455265045 clean_ce: 0.15056543052196503, adv_ce: 1.077184796333313, adv_margin: 0.4824850261211395, clean_gate: 0.5919287204742432, teacher_margin: 0.4447864294052124, teacher_margin_gate: 0.6999044418334961, teacher_clean_gate: 1.0, teacher_adv_gate: 1.0, tm_grad_cos: 0.7652814984321594, tm_scale: 1.0, tm_ps_scale: 1.0, pcgrad_conflicts: 0/0 tmix: alpha=0.0 ramp=0.0 clean_correct_fraction=0.9453125 mean_weight=0.0 target_l1=0.0 temperature=1.0419999999999954
2026-10-07 21:31:22.485 | INFO     | __main__:<module>:1013 - lr:0.1 weight_nat: 0.26672110228745294, nat_loss: 0.011613227427005768, weight_adv: 0.7332788977125472, adv_loss: 0.01987660489976406 weight-klloss3 0.069479 Loss3: 0.03075714409351349 clean_ce: 0.15728843212127686, adv_ce: 1.0387266874313354, adv_margin: 0.4227498173713684, clean_gate: 0.6017019748687744, teacher_margin: 0.4554395079612732, teacher_margin_gate: 0.6977818012237549, teacher_clean_gate: 1.0, teacher_adv_gate: 1.0, tm_grad_cos: 0.7784620523452759, tm_scale: 1.0, tm_ps_scale: 1.0, pcgrad_conflicts: 0/0 tmix: alpha=0.0 ramp=0.0 clean_correct_fraction=0.921875 mean_weight=0.0 target_l1=0.0 temperature=1.0379999999999958
2026-10-07 21:31:55.275 | INFO     | __main__:<module>:1016 - TRAIN_EPOCH_RESOURCE epoch=68 seconds=143.00742874806747 peak_allocated_bytes=4954502144
2026-10-07 21:31:55.276 | INFO     | __main__:<module>:516 - METHOD epoch=69 views=1 awp_gamma=0.0 consistency_weight=0.0 awp_nat_weight=1.0
2026-10-07 21:31:55.276 | INFO     | __main__:<module>:519 - the 69th epoch 
2026-10-07 21:31:55.690 | INFO     | __main__:<module>:1013 - lr:0.1 weight_nat: 0.2664660961246161, nat_loss: 0.012787878513336182, weight_adv: 0.7335339038753839, adv_loss: 0.02304181456565857 weight-klloss3 0.07050075 Loss3: 0.032381266355514526 clean_ce: 0.158541738986969, adv_ce: 1.1096044778823853, adv_margin: 0.4592595398426056, clean_gate: 0.5895093679428101, teacher_margin: 0.5006123781204224, teacher_margin_gate: 0.7192515730857849, teacher_clean_gate: 1.0, teacher_adv_gate: 1.0, tm_grad_cos: 0.7914458513259888, tm_scale: 1.0, tm_ps_scale: 1.0, pcgrad_conflicts: 0/0 tmix: alpha=0.0 ramp=0.0 clean_correct_fraction=0.953125 mean_weight=0.0 target_l1=0.0 temperature=1.0389999999999957
2026-10-07 21:32:32.284 | INFO     | __main__:<module>:1013 - lr:0.1 weight_nat: 0.26720597085769476, nat_loss: 0.01183599978685379, weight_adv: 0.7327940291423053, adv_loss: 0.024581700563430786 weight-klloss3 0.07050075 Loss3: 0.030065329745411873 clean_ce: 0.15131497383117676, adv_ce: 1.1754273176193237, adv_margin: 0.5204036235809326, clean_gate: 0.5560287833213806, teacher_margin: 0.562896728515625, teacher_margin_gate: 0.706678569316864, teacher_clean_gate: 1.0, teacher_adv_gate: 1.0, tm_grad_cos: 0.8104017972946167, tm_scale: 1.0, tm_ps_scale: 1.0, pcgrad_conflicts: 0/0 tmix: alpha=0.0 ramp=0.0 clean_correct_fraction=0.9453125 mean_weight=0.0 target_l1=0.0 temperature=1.044999999999995
2026-10-07 21:33:08.826 | INFO     | __main__:<module>:1013 - lr:0.1 weight_nat: 0.26579574876876905, nat_loss: 0.009382973425090313, weight_adv: 0.7342042512312309, adv_loss: 0.021189074963331223 weight-klloss3 0.07050075 Loss3: 0.024758262559771538 clean_ce: 0.15941667556762695, adv_ce: 0.9815568327903748, adv_margin: 0.3853260278701782, clean_gate: 0.6286779642105103, teacher_margin: 0.4616799056529999, teacher_margin_gate: 0.7526952028274536, teacher_clean_gate: 1.0, teacher_adv_gate: 1.0, tm_grad_cos: 0.7795984148979187, tm_scale: 1.0, tm_ps_scale: 1.0, pcgrad_conflicts: 0/0 tmix: alpha=0.0 ramp=0.0 clean_correct_fraction=0.9453125 mean_weight=0.0 target_l1=0.0 temperature=1.044999999999995
2026-10-07 21:33:45.342 | INFO     | __main__:<module>:1013 - lr:0.1 weight_nat: 0.2636492464217736, nat_loss: 0.010126175358891487, weight_adv: 0.7363507535782264, adv_loss: 0.02747458592057228 weight-klloss3 0.07050075 Loss3: 0.03718053549528122 clean_ce: 0.14008499681949615, adv_ce: 1.2355256080627441, adv_margin: 0.6057714223861694, clean_gate: 0.5256177186965942, teacher_margin: 0.567104697227478, teacher_margin_gate: 0.6729403734207153, teacher_clean_gate: 1.0, teacher_adv_gate: 1.0, tm_grad_cos: 0.7873330116271973, tm_scale: 1.0, tm_ps_scale: 1.0, pcgrad_conflicts: 0/0 tmix: alpha=0.0 ramp=0.0 clean_correct_fraction=0.921875 mean_weight=0.0 target_l1=0.0 temperature=1.0409999999999955
2026-10-07 21:34:18.046 | INFO     | __main__:<module>:1016 - TRAIN_EPOCH_RESOURCE epoch=69 seconds=142.7698494629003 peak_allocated_bytes=4954502144
2026-10-07 21:34:18.046 | INFO     | __main__:<module>:516 - METHOD epoch=70 views=1 awp_gamma=0.0 consistency_weight=0.0 awp_nat_weight=1.0
2026-10-07 21:34:18.046 | INFO     | __main__:<module>:519 - the 70th epoch 
2026-10-07 21:34:18.459 | INFO     | __main__:<module>:1013 - lr:0.1 weight_nat: 0.26532395012428706, nat_loss: 0.00952854473143816, weight_adv: 0.734676049875713, adv_loss: 0.01784825697541237 weight-klloss3 0.07152249999999999 Loss3: 0.03268780559301376 clean_ce: 0.14370985329151154, adv_ce: 1.1336193084716797, adv_margin: 0.555078387260437, clean_gate: 0.5824463367462158, teacher_margin: 0.31927162408828735, teacher_margin_gate: 0.6443424820899963, teacher_clean_gate: 1.0, teacher_adv_gate: 1.0, tm_grad_cos: 0.6664381623268127, tm_scale: 1.0, tm_ps_scale: 1.0, pcgrad_conflicts: 0/0 tmix: alpha=0.0 ramp=0.0 clean_correct_fraction=0.9375 mean_weight=0.0 target_l1=0.0 temperature=1.035999999999996
2026-10-07 21:34:54.977 | INFO     | __main__:<module>:1013 - lr:0.1 weight_nat: 0.267694742880769, nat_loss: 0.011867060326039791, weight_adv: 0.732305257119231, adv_loss: 0.01992679387331009 weight-klloss3 0.07152249999999999 Loss3: 0.03900410979986191 clean_ce: 0.15703794360160828, adv_ce: 1.140953779220581, adv_margin: 0.4771845042705536, clean_gate: 0.557361364364624, teacher_margin: 0.4750646948814392, teacher_margin_gate: 0.6748263835906982, teacher_clean_gate: 1.0, teacher_adv_gate: 1.0, tm_grad_cos: 0.7898092865943909, tm_scale: 1.0, tm_ps_scale: 1.0, pcgrad_conflicts: 0/0 tmix: alpha=0.0 ramp=0.0 clean_correct_fraction=0.90625 mean_weight=0.0 target_l1=0.0 temperature=1.0439999999999952
2026-10-07 21:35:31.489 | INFO     | __main__:<module>:1013 - lr:0.1 weight_nat: 0.27128494440727546, nat_loss: 0.015455308370292187, weight_adv: 0.7287150555927246, adv_loss: 0.02162242867052555 weight-klloss3 0.07152249999999999 Loss3: 0.025736453011631966 clean_ce: 0.1413876712322235, adv_ce: 1.268523097038269, adv_margin: 0.6045807600021362, clean_gate: 0.5339372158050537, teacher_margin: 0.4755638837814331, teacher_margin_gate: 0.654143214225769, teacher_clean_gate: 1.0, teacher_adv_gate: 1.0, tm_grad_cos: 0.788482666015625, tm_scale: 1.0, tm_ps_scale: 1.0, pcgrad_conflicts: 0/0 tmix: alpha=0.0 ramp=0.0 clean_correct_fraction=0.8984375 mean_weight=0.0 target_l1=0.0 temperature=1.0399999999999956
2026-10-07 21:36:08.003 | INFO     | __main__:<module>:1013 - lr:0.1 weight_nat: 0.2675548975330188, nat_loss: 0.013207763433456421, weight_adv: 0.7324451024669812, adv_loss: 0.030363008379936218 weight-klloss3 0.07152249999999999 Loss3: 0.03946928679943085 clean_ce: 0.15411487221717834, adv_ce: 1.2541033029556274, adv_margin: 0.6249629259109497, clean_gate: 0.5315198302268982, teacher_margin: 0.6320852637290955, teacher_margin_gate: 0.6881407499313354, teacher_clean_gate: 1.0, teacher_adv_gate: 1.0, tm_grad_cos: 0.8050963878631592, tm_scale: 1.0, tm_ps_scale: 1.0, pcgrad_conflicts: 0/0 tmix: alpha=0.0 ramp=0.0 clean_correct_fraction=0.921875 mean_weight=0.0 target_l1=0.0 temperature=1.0519999999999943
2026-10-07 21:36:40.709 | INFO     | __main__:<module>:1016 - TRAIN_EPOCH_RESOURCE epoch=70 seconds=142.66269420692697 peak_allocated_bytes=4954502144
2026-10-07 21:36:40.709 | INFO     | __main__:<module>:516 - METHOD epoch=71 views=1 awp_gamma=0.0 consistency_weight=0.0 awp_nat_weight=1.0
2026-10-07 21:36:40.709 | INFO     | __main__:<module>:519 - the 71th epoch 
2026-10-07 21:36:41.123 | INFO     | __main__:<module>:1013 - lr:0.1 weight_nat: 0.2643106684893641, nat_loss: 0.012865468859672546, weight_adv: 0.735689331510636, adv_loss: 0.022980093955993652 weight-klloss3 0.07254424999999999 Loss3: 0.04647485166788101 clean_ce: 0.14123402535915375, adv_ce: 1.2722288370132446, adv_margin: 0.6152558326721191, clean_gate: 0.5378938913345337, teacher_margin: 0.49277475476264954, teacher_margin_gate: 0.6584451794624329, teacher_clean_gate: 1.0, teacher_adv_gate: 1.0, tm_grad_cos: 0.7640296816825867, tm_scale: 1.0, tm_ps_scale: 1.0, pcgrad_conflicts: 0/0 tmix: alpha=0.0 ramp=0.0 clean_correct_fraction=0.9140625 mean_weight=0.0 target_l1=0.0 temperature=1.044999999999995
2026-10-07 21:37:17.642 | INFO     | __main__:<module>:1013 - lr:0.1 weight_nat: 0.2779090542692072, nat_loss: 0.013400742784142494, weight_adv: 0.7220909457307929, adv_loss: 0.023433281108736992 weight-klloss3 0.07254424999999999 Loss3: 0.029006313532590866 clean_ce: 0.14432835578918457, adv_ce: 1.1793768405914307, adv_margin: 0.5558335781097412, clean_gate: 0.5608139038085938, teacher_margin: 0.5068624019622803, teacher_margin_gate: 0.6887046098709106, teacher_clean_gate: 1.0, teacher_adv_gate: 1.0, tm_grad_cos: 0.8110060691833496, tm_scale: 1.0, tm_ps_scale: 1.0, pcgrad_conflicts: 0/0 tmix: alpha=0.0 ramp=0.0 clean_correct_fraction=0.9296875 mean_weight=0.0 target_l1=0.0 temperature=1.0469999999999948
2026-10-07 21:37:54.143 | INFO     | __main__:<module>:1013 - lr:0.1 weight_nat: 0.26748159252945636, nat_loss: 0.01090061105787754, weight_adv: 0.7325184074705436, adv_loss: 0.025336287915706635 weight-klloss3 0.07254424999999999 Loss3: 0.03739269822835922 clean_ce: 0.13636106252670288, adv_ce: 1.2712080478668213, adv_margin: 0.6159825325012207, clean_gate: 0.5343469381332397, teacher_margin: 0.5531556606292725, teacher_margin_gate: 0.6763620376586914, teacher_clean_gate: 1.0, teacher_adv_gate: 1.0, tm_grad_cos: 0.7940292954444885, tm_scale: 1.0, tm_ps_scale: 1.0, pcgrad_conflicts: 0/0 tmix: alpha=0.0 ramp=0.0 clean_correct_fraction=0.9296875 mean_weight=0.0 target_l1=0.0 temperature=1.0529999999999942
2026-10-07 21:38:30.641 | INFO     | __main__:<module>:1013 - lr:0.1 weight_nat: 0.2688974401005592, nat_loss: 0.012763762846589088, weight_adv: 0.7311025598994408, adv_loss: 0.023518119007349014 weight-klloss3 0.07254424999999999 Loss3: 0.04149923473596573 clean_ce: 0.13294315338134766, adv_ce: 1.3261820077896118, adv_margin: 0.7418863773345947, clean_gate: 0.5059699416160583, teacher_margin: 0.5321671962738037, teacher_margin_gate: 0.643082857131958, teacher_clean_gate: 1.0, teacher_adv_gate: 1.0, tm_grad_cos: 0.7884039878845215, tm_scale: 1.0, tm_ps_scale: 1.0, pcgrad_conflicts: 0/0 tmix: alpha=0.0 ramp=0.0 clean_correct_fraction=0.890625 mean_weight=0.0 target_l1=0.0 temperature=1.0509999999999944
2026-10-07 21:39:03.347 | INFO     | __main__:<module>:1016 - TRAIN_EPOCH_RESOURCE epoch=71 seconds=142.63746317103505 peak_allocated_bytes=4954502144
2026-10-07 21:39:03.347 | INFO     | __main__:<module>:516 - METHOD epoch=72 views=1 awp_gamma=0.0 consistency_weight=0.0 awp_nat_weight=1.0
2026-10-07 21:39:03.347 | INFO     | __main__:<module>:519 - the 72th epoch 
2026-10-07 21:39:03.762 | INFO     | __main__:<module>:1013 - lr:0.1 weight_nat: 0.2629275699786156, nat_loss: 0.011640979908406734, weight_adv: 0.7370724300213845, adv_loss: 0.018110549077391624 weight-klloss3 0.07356599999999999 Loss3: 0.036528971046209335 clean_ce: 0.16929000616073608, adv_ce: 1.1590725183486938, adv_margin: 0.5436125993728638, clean_gate: 0.5661593675613403, teacher_margin: 0.3534570336341858, teacher_margin_gate: 0.6336870193481445, teacher_clean_gate: 1.0, teacher_adv_gate: 1.0, tm_grad_cos: 0.7409662008285522, tm_scale: 1.0, tm_ps_scale: 1.0, pcgrad_conflicts: 0/0 tmix: alpha=0.0 ramp=0.0 clean_correct_fraction=0.9140625 mean_weight=0.0 target_l1=0.0 temperature=1.0439999999999952
2026-10-07 21:39:40.303 | INFO     | __main__:<module>:1013 - lr:0.1 weight_nat: 0.2711401085134198, nat_loss: 0.01871335320174694, weight_adv: 0.7288598914865803, adv_loss: 0.02335026115179062 weight-klloss3 0.07356599999999999 Loss3: 0.02827191725373268 clean_ce: 0.1555088758468628, adv_ce: 1.3102917671203613, adv_margin: 0.6436618566513062, clean_gate: 0.5154657363891602, teacher_margin: 0.49485599994659424, teacher_margin_gate: 0.6350545883178711, teacher_clean_gate: 1.0, teacher_adv_gate: 1.0, tm_grad_cos: 0.7655894756317139, tm_scale: 1.0, tm_ps_scale: 1.0, pcgrad_conflicts: 0/0 tmix: alpha=0.0 ramp=0.0 clean_correct_fraction=0.9296875 mean_weight=0.0 target_l1=0.0 temperature=1.045999999999995
2026-10-07 21:40:16.841 | INFO     | __main__:<module>:1013 - lr:0.1 weight_nat: 0.26645911455757504, nat_loss: 0.010484710335731506, weight_adv: 0.733540885442425, adv_loss: 0.020842524245381355 weight-klloss3 0.07356599999999999 Loss3: 0.04228440672159195 clean_ce: 0.15667229890823364, adv_ce: 1.100297451019287, adv_margin: 0.4697760343551636, clean_gate: 0.57877117395401, teacher_margin: 0.39812126755714417, teacher_margin_gate: 0.677006721496582, teacher_clean_gate: 1.0, teacher_adv_gate: 1.0, tm_grad_cos: 0.7685439586639404, tm_scale: 1.0, tm_ps_scale: 1.0, pcgrad_conflicts: 0/0 tmix: alpha=0.0 ramp=0.0 clean_correct_fraction=0.953125 mean_weight=0.0 target_l1=0.0 temperature=1.0399999999999956
2026-10-07 21:40:53.545 | INFO     | __main__:<module>:1013 - lr:0.1 weight_nat: 0.2629108191786221, nat_loss: 0.011737010441720486, weight_adv: 0.737089180821378, adv_loss: 0.025443170219659805 weight-klloss3 0.07356599999999999 Loss3: 0.039193667471408844 clean_ce: 0.13116201758384705, adv_ce: 1.258022427558899, adv_margin: 0.6817120313644409, clean_gate: 0.514788031578064, teacher_margin: 0.5839149355888367, teacher_margin_gate: 0.6842204332351685, teacher_clean_gate: 1.0, teacher_adv_gate: 1.0, tm_grad_cos: 0.842969536781311, tm_scale: 1.0, tm_ps_scale: 1.0, pcgrad_conflicts: 0/0 tmix: alpha=0.0 ramp=0.0 clean_correct_fraction=0.890625 mean_weight=0.0 target_l1=0.0 temperature=1.0519999999999943
2026-10-07 21:41:26.357 | INFO     | __main__:<module>:1016 - TRAIN_EPOCH_RESOURCE epoch=72 seconds=143.009303673869 peak_allocated_bytes=4954502144
2026-10-07 21:41:26.357 | INFO     | __main__:<module>:516 - METHOD epoch=73 views=1 awp_gamma=0.0 consistency_weight=0.0 awp_nat_weight=1.0
2026-10-07 21:41:26.357 | INFO     | __main__:<module>:519 - the 73th epoch 
2026-10-07 21:41:26.772 | INFO     | __main__:<module>:1013 - lr:0.1 weight_nat: 0.26923348779483536, nat_loss: 0.010914920829236507, weight_adv: 0.7307665122051648, adv_loss: 0.023525357246398926 weight-klloss3 0.07458775 Loss3: 0.03713584691286087 clean_ce: 0.14588040113449097, adv_ce: 1.1269809007644653, adv_margin: 0.4805357754230499, clean_gate: 0.5460646748542786, teacher_margin: 0.5287338495254517, teacher_margin_gate: 0.6856735348701477, teacher_clean_gate: 1.0, teacher_adv_gate: 1.0, tm_grad_cos: 0.826367199420929, tm_scale: 1.0, tm_ps_scale: 1.0, pcgrad_conflicts: 0/0 tmix: alpha=0.0 ramp=0.0 clean_correct_fraction=0.96875 mean_weight=0.0 target_l1=0.0 temperature=1.044999999999995
2026-10-07 21:42:03.426 | INFO     | __main__:<module>:1013 - lr:0.1 weight_nat: 0.2705622688124049, nat_loss: 0.007958746515214443, weight_adv: 0.729437731187595, adv_loss: 0.01995767652988434 weight-klloss3 0.07458775 Loss3: 0.02719826065003872 clean_ce: 0.1553579866886139, adv_ce: 1.0498976707458496, adv_margin: 0.3895871341228485, clean_gate: 0.5885674953460693, teacher_margin: 0.45186105370521545, teacher_margin_gate: 0.7128532528877258, teacher_clean_gate: 1.0, teacher_adv_gate: 1.0, tm_grad_cos: 0.7946032881736755, tm_scale: 1.0, tm_ps_scale: 1.0, pcgrad_conflicts: 0/0 tmix: alpha=0.0 ramp=0.0 clean_correct_fraction=0.96875 mean_weight=0.0 target_l1=0.0 temperature=1.0529999999999942
2026-10-07 21:42:40.005 | INFO     | __main__:<module>:1013 - lr:0.1 weight_nat: 0.27271200247406285, nat_loss: 0.014330980367958546, weight_adv: 0.7272879975259372, adv_loss: 0.023301664739847183 weight-klloss3 0.07458775 Loss3: 0.03880789130926132 clean_ce: 0.13518458604812622, adv_ce: 1.3064243793487549, adv_margin: 0.6607840061187744, clean_gate: 0.5250778794288635, teacher_margin: 0.5517672300338745, teacher_margin_gate: 0.672673225402832, teacher_clean_gate: 1.0, teacher_adv_gate: 1.0, tm_grad_cos: 0.8036535978317261, tm_scale: 1.0, tm_ps_scale: 1.0, pcgrad_conflicts: 0/0 tmix: alpha=0.0 ramp=0.0 clean_correct_fraction=0.8984375 mean_weight=0.0 target_l1=0.0 temperature=1.0509999999999944
2026-10-07 21:43:16.541 | INFO     | __main__:<module>:1013 - lr:0.1 weight_nat: 0.2687224899337844, nat_loss: 0.0106615936383605, weight_adv: 0.7312775100662156, adv_loss: 0.020707547664642334 weight-klloss3 0.07458775 Loss3: 0.03285926952958107 clean_ce: 0.15739914774894714, adv_ce: 1.1413257122039795, adv_margin: 0.4664209187030792, clean_gate: 0.5733023881912231, teacher_margin: 0.47732892632484436, teacher_margin_gate: 0.6961104869842529, teacher_clean_gate: 1.0, teacher_adv_gate: 1.0, tm_grad_cos: 0.7798544764518738, tm_scale: 1.0, tm_ps_scale: 1.0, pcgrad_conflicts: 0/0 tmix: alpha=0.0 ramp=0.0 clean_correct_fraction=0.9140625 mean_weight=0.0 target_l1=0.0 temperature=1.0529999999999942
2026-10-07 21:43:49.298 | INFO     | __main__:<module>:1016 - TRAIN_EPOCH_RESOURCE epoch=73 seconds=142.94038345688023 peak_allocated_bytes=4954502144
2026-10-07 21:43:49.298 | INFO     | __main__:<module>:516 - METHOD epoch=74 views=1 awp_gamma=0.0 consistency_weight=0.0 awp_nat_weight=1.0
2026-10-07 21:43:49.298 | INFO     | __main__:<module>:519 - the 74th epoch 
2026-10-07 21:43:49.711 | INFO     | __main__:<module>:1013 - lr:0.1 weight_nat: 0.26725247360664156, nat_loss: 0.011586377397179604, weight_adv: 0.7327475263933584, adv_loss: 0.023055531084537506 weight-klloss3 0.0756095 Loss3: 0.03353717923164368 clean_ce: 0.14165233075618744, adv_ce: 1.1613433361053467, adv_margin: 0.52120041847229, clean_gate: 0.565193772315979, teacher_margin: 0.5297590494155884, teacher_margin_gate: 0.697674036026001, teacher_clean_gate: 1.0, teacher_adv_gate: 1.0, tm_grad_cos: 0.7976714372634888, tm_scale: 1.0, tm_ps_scale: 1.0, pcgrad_conflicts: 0/0 tmix: alpha=0.0 ramp=0.0 clean_correct_fraction=0.9453125 mean_weight=0.0 target_l1=0.0 temperature=1.0519999999999943
2026-10-07 21:44:26.309 | INFO     | __main__:<module>:1013 - lr:0.1 weight_nat: 0.2601297134488846, nat_loss: 0.014323658309876919, weight_adv: 0.7398702865511154, adv_loss: 0.02153617888689041 weight-klloss3 0.0756095 Loss3: 0.020324820652604103 clean_ce: 0.13945773243904114, adv_ce: 1.2724608182907104, adv_margin: 0.6197479963302612, clean_gate: 0.5290489196777344, teacher_margin: 0.45566099882125854, teacher_margin_gate: 0.6444154977798462, teacher_clean_gate: 1.0, teacher_adv_gate: 1.0, tm_grad_cos: 0.7705721855163574, tm_scale: 1.0, tm_ps_scale: 1.0, pcgrad_conflicts: 0/0 tmix: alpha=0.0 ramp=0.0 clean_correct_fraction=0.8984375 mean_weight=0.0 target_l1=0.0 temperature=1.0439999999999952
2026-10-07 21:45:02.924 | INFO     | __main__:<module>:1013 - lr:0.1 weight_nat: 0.2724901227688323, nat_loss: 0.013404997996985912, weight_adv: 0.7275098772311678, adv_loss: 0.022360894829034805 weight-klloss3 0.0756095 Loss3: 0.029020149260759354 clean_ce: 0.144812673330307, adv_ce: 1.2294625043869019, adv_margin: 0.5410426259040833, clean_gate: 0.5323126912117004, teacher_margin: 0.5030770301818848, teacher_margin_gate: 0.646935224533081, teacher_clean_gate: 1.0, teacher_adv_gate: 1.0, tm_grad_cos: 0.8012611269950867, tm_scale: 1.0, tm_ps_scale: 1.0, pcgrad_conflicts: 0/0 tmix: alpha=0.0 ramp=0.0 clean_correct_fraction=0.8984375 mean_weight=0.0 target_l1=0.0 temperature=1.0479999999999947
2026-10-07 21:45:39.525 | INFO     | __main__:<module>:1013 - lr:0.1 weight_nat: 0.26754810579249316, nat_loss: 0.012388251721858978, weight_adv: 0.7324518942075069, adv_loss: 0.02644495666027069 weight-klloss3 0.0756095 Loss3: 0.03852060064673424 clean_ce: 0.14958274364471436, adv_ce: 1.2272815704345703, adv_margin: 0.5549975633621216, clean_gate: 0.5399088263511658, teacher_margin: 0.5701370239257812, teacher_margin_gate: 0.6933956146240234, teacher_clean_gate: 1.0, teacher_adv_gate: 1.0, tm_grad_cos: 0.78663569688797, tm_scale: 1.0, tm_ps_scale: 1.0, pcgrad_conflicts: 0/0 tmix: alpha=0.0 ramp=0.0 clean_correct_fraction=0.9375 mean_weight=0.0 target_l1=0.0 temperature=1.0519999999999943
2026-10-07 21:46:12.300 | INFO     | __main__:<module>:1016 - TRAIN_EPOCH_RESOURCE epoch=74 seconds=143.00172181008384 peak_allocated_bytes=4954502144
2026-10-07 21:46:12.300 | INFO     | __main__:<module>:516 - METHOD epoch=75 views=1 awp_gamma=0.0 consistency_weight=0.0 awp_nat_weight=1.0
2026-10-07 21:46:12.300 | INFO     | __main__:<module>:519 - the 75th epoch 
2026-10-07 21:46:12.713 | INFO     | __main__:<module>:1013 - lr:0.1 weight_nat: 0.2618677133283236, nat_loss: 0.007731487508863211, weight_adv: 0.7381322866716765, adv_loss: 0.02175404131412506 weight-klloss3 0.07663125 Loss3: 0.028150424361228943 clean_ce: 0.14626985788345337, adv_ce: 1.0632044076919556, adv_margin: 0.43589869141578674, clean_gate: 0.575637698173523, teacher_margin: 0.4938991069793701, teacher_margin_gate: 0.7004868984222412, teacher_clean_gate: 1.0, teacher_adv_gate: 1.0, tm_grad_cos: 0.8145127296447754, tm_scale: 1.0, tm_ps_scale: 1.0, pcgrad_conflicts: 0/0 tmix: alpha=0.0 ramp=0.0 clean_correct_fraction=0.921875 mean_weight=0.0 target_l1=0.0 temperature=1.0529999999999942
2026-10-07 21:46:49.312 | INFO     | __main__:<module>:1013 - lr:0.1 weight_nat: 0.2585173556754207, nat_loss: 0.012045350857079029, weight_adv: 0.7414826443245793, adv_loss: 0.022039178758859634 weight-klloss3 0.07663125 Loss3: 0.03780112415552139 clean_ce: 0.1526777148246765, adv_ce: 1.2058273553848267, adv_margin: 0.5452337265014648, clean_gate: 0.5544730424880981, teacher_margin: 0.4967009425163269, teacher_margin_gate: 0.6768956184387207, teacher_clean_gate: 1.0, teacher_adv_gate: 1.0, tm_grad_cos: 0.7687500715255737, tm_scale: 1.0, tm_ps_scale: 1.0, pcgrad_conflicts: 0/0 tmix: alpha=0.0 ramp=0.0 clean_correct_fraction=0.9140625 mean_weight=0.0 target_l1=0.0 temperature=1.0489999999999946
2026-10-07 21:47:25.915 | INFO     | __main__:<module>:1013 - lr:0.1 weight_nat: 0.26261656478029427, nat_loss: 0.011662469245493412, weight_adv: 0.7373834352197057, adv_loss: 0.021472077816724777 weight-klloss3 0.07663125 Loss3: 0.03408139944076538 clean_ce: 0.14823850989341736, adv_ce: 1.2067667245864868, adv_margin: 0.5036016702651978, clean_gate: 0.5436773300170898, teacher_margin: 0.5176974534988403, teacher_margin_gate: 0.6643208861351013, teacher_clean_gate: 1.0, teacher_adv_gate: 1.0, tm_grad_cos: 0.8065333366394043, tm_scale: 1.0, tm_ps_scale: 1.0, pcgrad_conflicts: 0/0 tmix: alpha=0.0 ramp=0.0 clean_correct_fraction=0.921875 mean_weight=0.0 target_l1=0.0 temperature=1.0529999999999942
2026-10-07 21:48:02.513 | INFO     | __main__:<module>:1013 - lr:0.1 weight_nat: 0.26627578862590406, nat_loss: 0.012428383342921734, weight_adv: 0.7337242113740959, adv_loss: 0.02274237386882305 weight-klloss3 0.07663125 Loss3: 0.030776644125580788 clean_ce: 0.14897465705871582, adv_ce: 1.2124476432800293, adv_margin: 0.5953303575515747, clean_gate: 0.5362450480461121, teacher_margin: 0.49736499786376953, teacher_margin_gate: 0.6664637923240662, teacher_clean_gate: 1.0, teacher_adv_gate: 1.0, tm_grad_cos: 0.7866812348365784, tm_scale: 1.0, tm_ps_scale: 1.0, pcgrad_conflicts: 0/0 tmix: alpha=0.0 ramp=0.0 clean_correct_fraction=0.9453125 mean_weight=0.0 target_l1=0.0 temperature=1.0469999999999948
2026-10-07 21:48:35.298 | INFO     | __main__:<module>:1016 - TRAIN_EPOCH_RESOURCE epoch=75 seconds=142.9981949669309 peak_allocated_bytes=4954502144
2026-10-07 21:48:35.299 | INFO     | __main__:<module>:516 - METHOD epoch=76 views=1 awp_gamma=0.0 consistency_weight=0.0 awp_nat_weight=1.0
2026-10-07 21:48:35.299 | INFO     | __main__:<module>:519 - the 76th epoch 
2026-10-07 21:48:35.711 | INFO     | __main__:<module>:1013 - lr:0.1 weight_nat: 0.2657210086249201, nat_loss: 0.01890307106077671, weight_adv: 0.7342789913750799, adv_loss: 0.020512498915195465 weight-klloss3 0.07765299999999999 Loss3: 0.03112110123038292 clean_ce: 0.1566149890422821, adv_ce: 1.2647850513458252, adv_margin: 0.5623514652252197, clean_gate: 0.5478239059448242, teacher_margin: 0.414031982421875, teacher_margin_gate: 0.643775463104248, teacher_clean_gate: 1.0, teacher_adv_gate: 1.0, tm_grad_cos: 0.7557600140571594, tm_scale: 1.0, tm_ps_scale: 1.0, pcgrad_conflicts: 0/0 tmix: alpha=0.0 ramp=0.0 clean_correct_fraction=0.9296875 mean_weight=0.0 target_l1=0.0 temperature=1.0559999999999938
2026-10-07 21:49:12.318 | INFO     | __main__:<module>:1013 - lr:0.1 weight_nat: 0.2692716302354562, nat_loss: 0.015046400018036366, weight_adv: 0.7307283697645438, adv_loss: 0.023651042953133583 weight-klloss3 0.07765299999999999 Loss3: 0.03812053054571152 clean_ce: 0.15667518973350525, adv_ce: 1.197234869003296, adv_margin: 0.516845703125, clean_gate: 0.5420479774475098, teacher_margin: 0.5452671051025391, teacher_margin_gate: 0.6825493574142456, teacher_clean_gate: 1.0, teacher_adv_gate: 1.0, tm_grad_cos: 0.791313111782074, tm_scale: 1.0, tm_ps_scale: 1.0, pcgrad_conflicts: 0/0 tmix: alpha=0.0 ramp=0.0 clean_correct_fraction=0.9296875 mean_weight=0.0 target_l1=0.0 temperature=1.053999999999994
2026-10-07 21:49:48.934 | INFO     | __main__:<module>:1013 - lr:0.1 weight_nat: 0.26339384139189087, nat_loss: 0.013496855273842812, weight_adv: 0.7366061586081091, adv_loss: 0.020540684461593628 weight-klloss3 0.07765299999999999 Loss3: 0.03077976405620575 clean_ce: 0.13364213705062866, adv_ce: 1.1924312114715576, adv_margin: 0.5730180740356445, clean_gate: 0.554144024848938, teacher_margin: 0.4283626079559326, teacher_margin_gate: 0.6530216932296753, teacher_clean_gate: 1.0, teacher_adv_gate: 1.0, tm_grad_cos: 0.7596741318702698, tm_scale: 1.0, tm_ps_scale: 1.0, pcgrad_conflicts: 0/0 tmix: alpha=0.0 ramp=0.0 clean_correct_fraction=0.8828125 mean_weight=0.0 target_l1=0.0 temperature=1.053999999999994
2026-10-07 21:50:25.541 | INFO     | __main__:<module>:1013 - lr:0.1 weight_nat: 0.2587335383891333, nat_loss: 0.011929675936698914, weight_adv: 0.7412664616108667, adv_loss: 0.02136872336268425 weight-klloss3 0.07765299999999999 Loss3: 0.038620010018348694 clean_ce: 0.1561843454837799, adv_ce: 1.1619588136672974, adv_margin: 0.5449461936950684, clean_gate: 0.5627180337905884, teacher_margin: 0.4646814465522766, teacher_margin_gate: 0.6788557767868042, teacher_clean_gate: 1.0, teacher_adv_gate: 1.0, tm_grad_cos: 0.7828346490859985, tm_scale: 1.0, tm_ps_scale: 1.0, pcgrad_conflicts: 0/0 tmix: alpha=0.0 ramp=0.0 clean_correct_fraction=0.9453125 mean_weight=0.0 target_l1=0.0 temperature=1.0439999999999952
2026-10-07 21:50:58.309 | INFO     | __main__:<module>:1016 - TRAIN_EPOCH_RESOURCE epoch=76 seconds=143.01025404804386 peak_allocated_bytes=4954502144
2026-10-07 21:50:58.309 | INFO     | __main__:<module>:516 - METHOD epoch=77 views=1 awp_gamma=0.0 consistency_weight=0.0 awp_nat_weight=1.0
2026-10-07 21:50:58.309 | INFO     | __main__:<module>:519 - the 77th epoch 
2026-10-07 21:50:58.722 | INFO     | __main__:<module>:1013 - lr:0.1 weight_nat: 0.2663682745048726, nat_loss: 0.011468303389847279, weight_adv: 0.7336317254951273, adv_loss: 0.0182332880795002 weight-klloss3 0.07867475 Loss3: 0.029115688055753708 clean_ce: 0.1516941487789154, adv_ce: 1.0906898975372314, adv_margin: 0.48940426111221313, clean_gate: 0.5821630954742432, teacher_margin: 0.37756866216659546, teacher_margin_gate: 0.6648589372634888, teacher_clean_gate: 1.0, teacher_adv_gate: 1.0, tm_grad_cos: 0.7671958804130554, tm_scale: 1.0, tm_ps_scale: 1.0, pcgrad_conflicts: 0/0 tmix: alpha=0.0 ramp=0.0 clean_correct_fraction=0.9140625 mean_weight=0.0 target_l1=0.0 temperature=1.0509999999999944
2026-10-07 21:51:35.325 | INFO     | __main__:<module>:1013 - lr:0.1 weight_nat: 0.2649046503401857, nat_loss: 0.01001881156116724, weight_adv: 0.7350953496598144, adv_loss: 0.023364022374153137 weight-klloss3 0.07867475 Loss3: 0.042902328073978424 clean_ce: 0.16991746425628662, adv_ce: 1.0782960653305054, adv_margin: 0.49375683069229126, clean_gate: 0.5912005305290222, teacher_margin: 0.540833055973053, teacher_margin_gate: 0.7123653292655945, teacher_clean_gate: 1.0, teacher_adv_gate: 1.0, tm_grad_cos: 0.7921879887580872, tm_scale: 1.0, tm_ps_scale: 1.0, pcgrad_conflicts: 0/0 tmix: alpha=0.0 ramp=0.0 clean_correct_fraction=0.9453125 mean_weight=0.0 target_l1=0.0 temperature=1.0529999999999942
2026-10-07 21:52:11.918 | INFO     | __main__:<module>:1013 - lr:0.1 weight_nat: 0.25937218236145404, nat_loss: 0.011887590400874615, weight_adv: 0.740627817638546, adv_loss: 0.0205351784825325 weight-klloss3 0.07867475 Loss3: 0.03939351439476013 clean_ce: 0.16499710083007812, adv_ce: 1.1024688482284546, adv_margin: 0.4585145115852356, clean_gate: 0.5782484412193298, teacher_margin: 0.5223865509033203, teacher_margin_gate: 0.7217772006988525, teacher_clean_gate: 1.0, teacher_adv_gate: 1.0, tm_grad_cos: 0.8153858184814453, tm_scale: 1.0, tm_ps_scale: 1.0, pcgrad_conflicts: 0/0 tmix: alpha=0.0 ramp=0.0 clean_correct_fraction=0.9375 mean_weight=0.0 target_l1=0.0 temperature=1.0529999999999942
2026-10-07 21:52:48.504 | INFO     | __main__:<module>:1013 - lr:0.1 weight_nat: 0.2616552143122777, nat_loss: 0.013390135951340199, weight_adv: 0.7383447856877223, adv_loss: 0.02780364267528057 weight-klloss3 0.07867475 Loss3: 0.037155162543058395 clean_ce: 0.140573650598526, adv_ce: 1.2947548627853394, adv_margin: 0.6430783867835999, clean_gate: 0.5319201946258545, teacher_margin: 0.5669327974319458, teacher_margin_gate: 0.6962988972663879, teacher_clean_gate: 1.0, teacher_adv_gate: 1.0, tm_grad_cos: 0.8054913878440857, tm_scale: 1.0, tm_ps_scale: 1.0, pcgrad_conflicts: 0/0 tmix: alpha=0.0 ramp=0.0 clean_correct_fraction=0.9296875 mean_weight=0.0 target_l1=0.0 temperature=1.0529999999999942
2026-10-07 21:53:21.259 | INFO     | __main__:<module>:1016 - TRAIN_EPOCH_RESOURCE epoch=77 seconds=142.94976839399897 peak_allocated_bytes=4954502144
2026-10-07 21:53:21.260 | INFO     | __main__:<module>:516 - METHOD epoch=78 views=1 awp_gamma=0.0 consistency_weight=0.0 awp_nat_weight=1.0
2026-10-07 21:53:21.260 | INFO     | __main__:<module>:519 - the 78th epoch 
2026-10-07 21:53:21.674 | INFO     | __main__:<module>:1013 - lr:0.1 weight_nat: 0.26437166390870676, nat_loss: 0.010081454180181026, weight_adv: 0.7356283360912933, adv_loss: 0.02652973122894764 weight-klloss3 0.07969649999999999 Loss3: 0.037874870002269745 clean_ce: 0.12841272354125977, adv_ce: 1.2137606143951416, adv_margin: 0.6370534300804138, clean_gate: 0.5553656816482544, teacher_margin: 0.5446678996086121, teacher_margin_gate: 0.698998749256134, teacher_clean_gate: 1.0, teacher_adv_gate: 1.0, tm_grad_cos: 0.8051478266716003, tm_scale: 1.0, tm_ps_scale: 1.0, pcgrad_conflicts: 0/0 tmix: alpha=0.0 ramp=0.0 clean_correct_fraction=0.9375 mean_weight=0.0 target_l1=0.0 temperature=1.053999999999994
2026-10-07 21:53:58.252 | INFO     | __main__:<module>:1013 - lr:0.1 weight_nat: 0.2613566501341994, nat_loss: 0.013109119608998299, weight_adv: 0.7386433498658006, adv_loss: 0.0339498296380043 weight-klloss3 0.07969649999999999 Loss3: 0.03438164293766022 clean_ce: 0.11428935080766678, adv_ce: 1.363283395767212, adv_margin: 0.8397132158279419, clean_gate: 0.5157022476196289, teacher_margin: 0.6053513288497925, teacher_margin_gate: 0.694424569606781, teacher_clean_gate: 1.0, teacher_adv_gate: 1.0, tm_grad_cos: 0.7904995679855347, tm_scale: 1.0, tm_ps_scale: 1.0, pcgrad_conflicts: 0/0 tmix: alpha=0.0 ramp=0.0 clean_correct_fraction=0.953125 mean_weight=0.0 target_l1=0.0 temperature=1.0519999999999943
2026-10-07 21:54:34.839 | INFO     | __main__:<module>:1013 - lr:0.1 weight_nat: 0.2658300152104786, nat_loss: 0.00949272233992815, weight_adv: 0.7341699847895214, adv_loss: 0.0209977850317955 weight-klloss3 0.07969649999999999 Loss3: 0.030172638595104218 clean_ce: 0.1510981023311615, adv_ce: 1.2286409139633179, adv_margin: 0.6222212314605713, clean_gate: 0.5358611941337585, teacher_margin: 0.47846123576164246, teacher_margin_gate: 0.6651173233985901, teacher_clean_gate: 1.0, teacher_adv_gate: 1.0, tm_grad_cos: 0.778024435043335, tm_scale: 1.0, tm_ps_scale: 1.0, pcgrad_conflicts: 0/0 tmix: alpha=0.0 ramp=0.0 clean_correct_fraction=0.8984375 mean_weight=0.0 target_l1=0.0 temperature=1.0599999999999934
2026-10-07 21:55:11.420 | INFO     | __main__:<module>:1013 - lr:0.1 weight_nat: 0.2630864108617633, nat_loss: 0.009433929808437824, weight_adv: 0.7369135891382367, adv_loss: 0.022636301815509796 weight-klloss3 0.07969649999999999 Loss3: 0.02912176214158535 clean_ce: 0.14779046177864075, adv_ce: 1.0891188383102417, adv_margin: 0.47386422753334045, clean_gate: 0.5672094821929932, teacher_margin: 0.4968484342098236, teacher_margin_gate: 0.6901410818099976, teacher_clean_gate: 1.0, teacher_adv_gate: 1.0, tm_grad_cos: 0.7935602068901062, tm_scale: 1.0, tm_ps_scale: 1.0, pcgrad_conflicts: 0/0 tmix: alpha=0.0 ramp=0.0 clean_correct_fraction=0.921875 mean_weight=0.0 target_l1=0.0 temperature=1.0559999999999938
2026-10-07 21:55:44.190 | INFO     | __main__:<module>:1016 - TRAIN_EPOCH_RESOURCE epoch=78 seconds=142.92989788996056 peak_allocated_bytes=4954502144
2026-10-07 21:55:44.190 | INFO     | __main__:<module>:516 - METHOD epoch=79 views=1 awp_gamma=0.0 consistency_weight=0.0 awp_nat_weight=1.0
2026-10-07 21:55:44.190 | INFO     | __main__:<module>:519 - the 79th epoch 
2026-10-07 21:55:44.601 | INFO     | __main__:<module>:1013 - lr:0.1 weight_nat: 0.26749253918759036, nat_loss: 0.014021231792867184, weight_adv: 0.7325074608124097, adv_loss: 0.023991942405700684 weight-klloss3 0.08071824999999999 Loss3: 0.03110690414905548 clean_ce: 0.15262958407402039, adv_ce: 1.1089648008346558, adv_margin: 0.48049360513687134, clean_gate: 0.5873398780822754, teacher_margin: 0.5058438777923584, teacher_margin_gate: 0.7207576036453247, teacher_clean_gate: 1.0, teacher_adv_gate: 1.0, tm_grad_cos: 0.7926439046859741, tm_scale: 1.0, tm_ps_scale: 1.0, pcgrad_conflicts: 0/0 tmix: alpha=0.0 ramp=0.0 clean_correct_fraction=0.9296875 mean_weight=0.0 target_l1=0.0 temperature=1.0569999999999937
2026-10-07 21:56:21.228 | INFO     | __main__:<module>:1013 - lr:0.1 weight_nat: 0.26871558732020207, nat_loss: 0.010269470512866974, weight_adv: 0.731284412679798, adv_loss: 0.01935681328177452 weight-klloss3 0.08071824999999999 Loss3: 0.03858743980526924 clean_ce: 0.14429804682731628, adv_ce: 1.1767219305038452, adv_margin: 0.5707645416259766, clean_gate: 0.5859024524688721, teacher_margin: 0.4191916584968567, teacher_margin_gate: 0.6855202913284302, teacher_clean_gate: 1.0, teacher_adv_gate: 1.0, tm_grad_cos: 0.7671324610710144, tm_scale: 1.0, tm_ps_scale: 1.0, pcgrad_conflicts: 0/0 tmix: alpha=0.0 ramp=0.0 clean_correct_fraction=0.9296875 mean_weight=0.0 target_l1=0.0 temperature=1.0509999999999944
2026-10-07 21:56:57.831 | INFO     | __main__:<module>:1013 - lr:0.1 weight_nat: 0.2625584420358669, nat_loss: 0.011965244077146053, weight_adv: 0.7374415579641331, adv_loss: 0.021849311888217926 weight-klloss3 0.08071824999999999 Loss3: 0.0345742292702198 clean_ce: 0.15237398445606232, adv_ce: 1.2318084239959717, adv_margin: 0.6394287347793579, clean_gate: 0.5560623407363892, teacher_margin: 0.5062919855117798, teacher_margin_gate: 0.6925163269042969, teacher_clean_gate: 1.0, teacher_adv_gate: 1.0, tm_grad_cos: 0.8019453287124634, tm_scale: 1.0, tm_ps_scale: 1.0, pcgrad_conflicts: 0/0 tmix: alpha=0.0 ramp=0.0 clean_correct_fraction=0.90625 mean_weight=0.0 target_l1=0.0 temperature=1.0509999999999944
2026-10-07 21:57:34.443 | INFO     | __main__:<module>:1013 - lr:0.1 weight_nat: 0.26790846135465596, nat_loss: 0.01389025617390871, weight_adv: 0.7320915386453442, adv_loss: 0.021775539964437485 weight-klloss3 0.08071824999999999 Loss3: 0.02660372480750084 clean_ce: 0.15745632350444794, adv_ce: 1.1742544174194336, adv_margin: 0.5959458351135254, clean_gate: 0.5611217021942139, teacher_margin: 0.4507393538951874, teacher_margin_gate: 0.6683591604232788, teacher_clean_gate: 1.0, teacher_adv_gate: 1.0, tm_grad_cos: 0.7927576303482056, tm_scale: 1.0, tm_ps_scale: 1.0, pcgrad_conflicts: 0/0 tmix: alpha=0.0 ramp=0.0 clean_correct_fraction=0.8984375 mean_weight=0.0 target_l1=0.0 temperature=1.0569999999999937
2026-10-07 21:58:07.226 | INFO     | __main__:<module>:1016 - TRAIN_EPOCH_RESOURCE epoch=79 seconds=143.0362598360516 peak_allocated_bytes=4954502144
2026-10-07 21:58:07.227 | INFO     | __main__:<module>:516 - METHOD epoch=80 views=1 awp_gamma=0.0 consistency_weight=0.0 awp_nat_weight=1.0
2026-10-07 21:58:07.227 | INFO     | __main__:<module>:519 - the 80th epoch 
2026-10-07 21:58:07.638 | INFO     | __main__:<module>:1013 - lr:0.1 weight_nat: 0.2629148322835754, nat_loss: 0.0116347661241889, weight_adv: 0.7370851677164246, adv_loss: 0.020977016538381577 weight-klloss3 0.08174 Loss3: 0.04414077475667 clean_ce: 0.15615731477737427, adv_ce: 1.1021829843521118, adv_margin: 0.443958580493927, clean_gate: 0.607030987739563, teacher_margin: 0.4700694680213928, teacher_margin_gate: 0.7057528495788574, teacher_clean_gate: 1.0, teacher_adv_gate: 1.0, tm_grad_cos: 0.779740571975708, tm_scale: 1.0, tm_ps_scale: 1.0, pcgrad_conflicts: 0/0 tmix: alpha=0.0 ramp=0.0 clean_correct_fraction=0.9609375 mean_weight=0.0 target_l1=0.0 temperature=1.0559999999999938
2026-10-07 21:58:44.233 | INFO     | __main__:<module>:1013 - lr:0.1 weight_nat: 0.2617046384082798, nat_loss: 0.013097538612782955, weight_adv: 0.7382953615917203, adv_loss: 0.01802099496126175 weight-klloss3 0.08174 Loss3: 0.024720050394535065 clean_ce: 0.15047651529312134, adv_ce: 1.0453989505767822, adv_margin: 0.4198707938194275, clean_gate: 0.6135947704315186, teacher_margin: 0.43585216999053955, teacher_margin_gate: 0.7148629426956177, teacher_clean_gate: 1.0, teacher_adv_gate: 1.0, tm_grad_cos: 0.7943204045295715, tm_scale: 1.0, tm_ps_scale: 1.0, pcgrad_conflicts: 0/0 tmix: alpha=0.0 ramp=0.0 clean_correct_fraction=0.921875 mean_weight=0.0 target_l1=0.0 temperature=1.063999999999993
2026-10-07 21:59:20.826 | INFO     | __main__:<module>:1013 - lr:0.1 weight_nat: 0.2630455395012433, nat_loss: 0.011071552522480488, weight_adv: 0.7369544604987567, adv_loss: 0.024110570549964905 weight-klloss3 0.08174 Loss3: 0.0419958233833313 clean_ce: 0.1386716365814209, adv_ce: 1.1825530529022217, adv_margin: 0.5824586153030396, clean_gate: 0.5605868101119995, teacher_margin: 0.5242920517921448, teacher_margin_gate: 0.702765703201294, teacher_clean_gate: 1.0, teacher_adv_gate: 1.0, tm_grad_cos: 0.7884795069694519, tm_scale: 1.0, tm_ps_scale: 1.0, pcgrad_conflicts: 0/0 tmix: alpha=0.0 ramp=0.0 clean_correct_fraction=0.9140625 mean_weight=0.0 target_l1=0.0 temperature=1.0519999999999943
2026-10-07 21:59:57.391 | INFO     | __main__:<module>:1013 - lr:0.1 weight_nat: 0.268817156088233, nat_loss: 0.009725664742290974, weight_adv: 0.7311828439117671, adv_loss: 0.02050858363509178 weight-klloss3 0.08174 Loss3: 0.02885500155389309 clean_ce: 0.14803971350193024, adv_ce: 1.0946587324142456, adv_margin: 0.4495704770088196, clean_gate: 0.5776553153991699, teacher_margin: 0.4447593092918396, teacher_margin_gate: 0.679781436920166, teacher_clean_gate: 1.0, teacher_adv_gate: 1.0, tm_grad_cos: 0.7885386347770691, tm_scale: 1.0, tm_ps_scale: 1.0, pcgrad_conflicts: 0/0 tmix: alpha=0.0 ramp=0.0 clean_correct_fraction=0.9765625 mean_weight=0.0 target_l1=0.0 temperature=1.0559999999999938
2026-10-07 22:00:30.112 | INFO     | __main__:<module>:1016 - TRAIN_EPOCH_RESOURCE epoch=80 seconds=142.8852280760184 peak_allocated_bytes=4954502144
2026-10-07 22:00:30.112 | INFO     | __main__:<module>:516 - METHOD epoch=81 views=1 awp_gamma=0.0 consistency_weight=0.0 awp_nat_weight=1.0
2026-10-07 22:00:30.113 | INFO     | __main__:<module>:519 - the 81th epoch 
2026-10-07 22:00:30.526 | INFO     | __main__:<module>:1013 - lr:0.1 weight_nat: 0.2598820928353625, nat_loss: 0.011123103089630604, weight_adv: 0.7401179071646375, adv_loss: 0.019122235476970673 weight-klloss3 0.08174 Loss3: 0.02951839193701744 clean_ce: 0.1595744788646698, adv_ce: 1.191902756690979, adv_margin: 0.5593093633651733, clean_gate: 0.5542582273483276, teacher_margin: 0.40941497683525085, teacher_margin_gate: 0.649898886680603, teacher_clean_gate: 1.0, teacher_adv_gate: 1.0, tm_grad_cos: 0.7996642589569092, tm_scale: 1.0, tm_ps_scale: 1.0, pcgrad_conflicts: 0/0 tmix: alpha=0.0 ramp=0.0 clean_correct_fraction=0.90625 mean_weight=0.0 target_l1=0.0 temperature=1.0529999999999942
2026-10-07 22:01:07.051 | INFO     | __main__:<module>:1013 - lr:0.1 weight_nat: 0.2667724484456911, nat_loss: 0.013177241198718548, weight_adv: 0.733227551554309, adv_loss: 0.01897222362458706 weight-klloss3 0.08174 Loss3: 0.040015920996665955 clean_ce: 0.17498420178890228, adv_ce: 1.1259125471115112, adv_margin: 0.47943538427352905, clean_gate: 0.5873203277587891, teacher_margin: 0.4112204313278198, teacher_margin_gate: 0.6788976788520813, teacher_clean_gate: 1.0, teacher_adv_gate: 1.0, tm_grad_cos: 0.7879711389541626, tm_scale: 1.0, tm_ps_scale: 1.0, pcgrad_conflicts: 0/0 tmix: alpha=0.0 ramp=0.0 clean_correct_fraction=0.90625 mean_weight=0.0 target_l1=0.0 temperature=1.0569999999999937
2026-10-07 22:01:43.608 | INFO     | __main__:<module>:1013 - lr:0.1 weight_nat: 0.26352530828183474, nat_loss: 0.012537783943116665, weight_adv: 0.7364746917181653, adv_loss: 0.0206903088837862 weight-klloss3 0.08174 Loss3: 0.047282058745622635 clean_ce: 0.1521843671798706, adv_ce: 1.1103014945983887, adv_margin: 0.506531834602356, clean_gate: 0.5675525665283203, teacher_margin: 0.48650914430618286, teacher_margin_gate: 0.7073293924331665, teacher_clean_gate: 1.0, teacher_adv_gate: 1.0, tm_grad_cos: 0.7984170317649841, tm_scale: 1.0, tm_ps_scale: 1.0, pcgrad_conflicts: 0/0 tmix: alpha=0.0 ramp=0.0 clean_correct_fraction=0.953125 mean_weight=0.0 target_l1=0.0 temperature=1.0589999999999935
2026-10-07 22:02:20.208 | INFO     | __main__:<module>:1013 - lr:0.1 weight_nat: 0.2667351691989149, nat_loss: 0.010740458033978939, weight_adv: 0.7332648308010852, adv_loss: 0.021135156974196434 weight-klloss3 0.08174 Loss3: 0.039414554834365845 clean_ce: 0.1474129557609558, adv_ce: 1.1028740406036377, adv_margin: 0.5272409915924072, clean_gate: 0.5751521587371826, teacher_margin: 0.457590788602829, teacher_margin_gate: 0.690251350402832, teacher_clean_gate: 1.0, teacher_adv_gate: 1.0, tm_grad_cos: 0.7976463437080383, tm_scale: 1.0, tm_ps_scale: 1.0, pcgrad_conflicts: 0/0 tmix: alpha=0.0 ramp=0.0 clean_correct_fraction=0.9296875 mean_weight=0.0 target_l1=0.0 temperature=1.054999999999994
2026-10-07 22:02:53.054 | INFO     | __main__:<module>:1016 - TRAIN_EPOCH_RESOURCE epoch=81 seconds=142.94143953593448 peak_allocated_bytes=4954502144
2026-10-07 22:02:53.054 | INFO     | __main__:<module>:516 - METHOD epoch=82 views=1 awp_gamma=0.0 consistency_weight=0.0 awp_nat_weight=1.0
2026-10-07 22:02:53.054 | INFO     | __main__:<module>:519 - the 82th epoch 
2026-10-07 22:02:53.466 | INFO     | __main__:<module>:1013 - lr:0.1 weight_nat: 0.26030777524461846, nat_loss: 0.010807468555867672, weight_adv: 0.7396922247553815, adv_loss: 0.022396471351385117 weight-klloss3 0.08174 Loss3: 0.03893584758043289 clean_ce: 0.15515393018722534, adv_ce: 1.110087275505066, adv_margin: 0.4811628460884094, clean_gate: 0.5567442178726196, teacher_margin: 0.5257472991943359, teacher_margin_gate: 0.69833904504776, teacher_clean_gate: 1.0, teacher_adv_gate: 1.0, tm_grad_cos: 0.7981885671615601, tm_scale: 1.0, tm_ps_scale: 1.0, pcgrad_conflicts: 0/0 tmix: alpha=0.0 ramp=0.0 clean_correct_fraction=0.921875 mean_weight=0.0 target_l1=0.0 temperature=1.0559999999999938
2026-10-07 22:03:30.100 | INFO     | __main__:<module>:1013 - lr:0.1 weight_nat: 0.26906427342725814, nat_loss: 0.015221210196614265, weight_adv: 0.7309357265727419, adv_loss: 0.01855459436774254 weight-klloss3 0.08174 Loss3: 0.04072568565607071 clean_ce: 0.14419133961200714, adv_ce: 1.178497552871704, adv_margin: 0.5339159965515137, clean_gate: 0.5500549077987671, teacher_margin: 0.46706461906433105, teacher_margin_gate: 0.6648818254470825, teacher_clean_gate: 1.0, teacher_adv_gate: 1.0, tm_grad_cos: 0.8005630970001221, tm_scale: 1.0, tm_ps_scale: 1.0, pcgrad_conflicts: 0/0 tmix: alpha=0.0 ramp=0.0 clean_correct_fraction=0.9375 mean_weight=0.0 target_l1=0.0 temperature=1.0619999999999932
2026-10-07 22:04:06.724 | INFO     | __main__:<module>:1013 - lr:0.1 weight_nat: 0.2672757307370804, nat_loss: 0.016772620379924774, weight_adv: 0.7327242692629197, adv_loss: 0.025363575667142868 weight-klloss3 0.08174 Loss3: 0.04055356979370117 clean_ce: 0.1388852298259735, adv_ce: 1.2176491022109985, adv_margin: 0.5511544942855835, clean_gate: 0.5208525657653809, teacher_margin: 0.5775237083435059, teacher_margin_gate: 0.6775989532470703, teacher_clean_gate: 1.0, teacher_adv_gate: 1.0, tm_grad_cos: 0.8120909333229065, tm_scale: 1.0, tm_ps_scale: 1.0, pcgrad_conflicts: 0/0 tmix: alpha=0.0 ramp=0.0 clean_correct_fraction=0.953125 mean_weight=0.0 target_l1=0.0 temperature=1.0579999999999936
2026-10-07 22:04:43.325 | INFO     | __main__:<module>:1013 - lr:0.1 weight_nat: 0.26220724895586134, nat_loss: 0.013249321840703487, weight_adv: 0.7377927510441388, adv_loss: 0.022557081654667854 weight-klloss3 0.08174 Loss3: 0.04191071540117264 clean_ce: 0.14922872185707092, adv_ce: 1.2840344905853271, adv_margin: 0.6407354474067688, clean_gate: 0.5344247221946716, teacher_margin: 0.4935193359851837, teacher_margin_gate: 0.6651003360748291, teacher_clean_gate: 1.0, teacher_adv_gate: 1.0, tm_grad_cos: 0.7689224481582642, tm_scale: 1.0, tm_ps_scale: 1.0, pcgrad_conflicts: 0/0 tmix: alpha=0.0 ramp=0.0 clean_correct_fraction=0.8828125 mean_weight=0.0 target_l1=0.0 temperature=1.0579999999999936
2026-10-07 22:05:16.107 | INFO     | __main__:<module>:1016 - TRAIN_EPOCH_RESOURCE epoch=82 seconds=143.05238905898295 peak_allocated_bytes=4954502144
2026-10-07 22:05:16.107 | INFO     | __main__:<module>:516 - METHOD epoch=83 views=1 awp_gamma=0.0 consistency_weight=0.0 awp_nat_weight=1.0
2026-10-07 22:05:16.107 | INFO     | __main__:<module>:519 - the 83th epoch 
2026-10-07 22:05:16.520 | INFO     | __main__:<module>:1013 - lr:0.1 weight_nat: 0.2654107802371312, nat_loss: 0.010943407192826271, weight_adv: 0.7345892197628688, adv_loss: 0.018290728330612183 weight-klloss3 0.08174 Loss3: 0.03278233855962753 clean_ce: 0.16279372572898865, adv_ce: 1.0248767137527466, adv_margin: 0.38688647747039795, clean_gate: 0.6112426519393921, teacher_margin: 0.3958880305290222, teacher_margin_gate: 0.7058532238006592, teacher_clean_gate: 1.0, teacher_adv_gate: 1.0, tm_grad_cos: 0.7516809701919556, tm_scale: 1.0, tm_ps_scale: 1.0, pcgrad_conflicts: 0/0 tmix: alpha=0.0 ramp=0.0 clean_correct_fraction=0.9375 mean_weight=0.0 target_l1=0.0 temperature=1.0589999999999935
2026-10-07 22:05:53.152 | INFO     | __main__:<module>:1013 - lr:0.1 weight_nat: 0.26047520915460814, nat_loss: 0.009928426705300808, weight_adv: 0.7395247908453919, adv_loss: 0.02725128084421158 weight-klloss3 0.08174 Loss3: 0.034950751811265945 clean_ce: 0.13934233784675598, adv_ce: 1.199267864227295, adv_margin: 0.5605767965316772, clean_gate: 0.5363720655441284, teacher_margin: 0.5641899108886719, teacher_margin_gate: 0.6833689212799072, teacher_clean_gate: 1.0, teacher_adv_gate: 1.0, tm_grad_cos: 0.8153366446495056, tm_scale: 1.0, tm_ps_scale: 1.0, pcgrad_conflicts: 0/0 tmix: alpha=0.0 ramp=0.0 clean_correct_fraction=0.9453125 mean_weight=0.0 target_l1=0.0 temperature=1.0569999999999937
2026-10-07 22:06:29.726 | INFO     | __main__:<module>:1013 - lr:0.1 weight_nat: 0.25986275728009095, nat_loss: 0.011398086324334145, weight_adv: 0.740137242719909, adv_loss: 0.023967258632183075 weight-klloss3 0.08174 Loss3: 0.03702888265252113 clean_ce: 0.1550842523574829, adv_ce: 1.163678765296936, adv_margin: 0.49737489223480225, clean_gate: 0.5604726076126099, teacher_margin: 0.5327296853065491, teacher_margin_gate: 0.6985383033752441, teacher_clean_gate: 1.0, teacher_adv_gate: 1.0, tm_grad_cos: 0.7881444096565247, tm_scale: 1.0, tm_ps_scale: 1.0, pcgrad_conflicts: 0/0 tmix: alpha=0.0 ramp=0.0 clean_correct_fraction=0.9453125 mean_weight=0.0 target_l1=0.0 temperature=1.0649999999999928
2026-10-07 22:07:06.312 | INFO     | __main__:<module>:1013 - lr:0.1 weight_nat: 0.2692899881778847, nat_loss: 0.010037928819656372, weight_adv: 0.7307100118221154, adv_loss: 0.02136864885687828 weight-klloss3 0.08174 Loss3: 0.0346166267991066 clean_ce: 0.15818825364112854, adv_ce: 1.131689429283142, adv_margin: 0.4905511140823364, clean_gate: 0.552194356918335, teacher_margin: 0.5084056258201599, teacher_margin_gate: 0.672529935836792, teacher_clean_gate: 1.0, teacher_adv_gate: 1.0, tm_grad_cos: 0.800570011138916, tm_scale: 1.0, tm_ps_scale: 1.0, pcgrad_conflicts: 0/0 tmix: alpha=0.0 ramp=0.0 clean_correct_fraction=0.9453125 mean_weight=0.0 target_l1=0.0 temperature=1.0609999999999933
2026-10-07 22:07:39.083 | INFO     | __main__:<module>:1016 - TRAIN_EPOCH_RESOURCE epoch=83 seconds=142.97576861991547 peak_allocated_bytes=4954502144
2026-10-07 22:07:39.084 | INFO     | __main__:<module>:516 - METHOD epoch=84 views=1 awp_gamma=0.0 consistency_weight=0.0 awp_nat_weight=1.0
2026-10-07 22:07:39.084 | INFO     | __main__:<module>:519 - the 84th epoch 
2026-10-07 22:07:39.498 | INFO     | __main__:<module>:1013 - lr:0.1 weight_nat: 0.25947441970206236, nat_loss: 0.010765603743493557, weight_adv: 0.7405255802979377, adv_loss: 0.020687198266386986 weight-klloss3 0.08174 Loss3: 0.0372956283390522 clean_ce: 0.1577584594488144, adv_ce: 1.0177229642868042, adv_margin: 0.42835819721221924, clean_gate: 0.6132520437240601, teacher_margin: 0.47780758142471313, teacher_margin_gate: 0.7291463613510132, teacher_clean_gate: 1.0, teacher_adv_gate: 1.0, tm_grad_cos: 0.7937884330749512, tm_scale: 1.0, tm_ps_scale: 1.0, pcgrad_conflicts: 0/0 tmix: alpha=0.0 ramp=0.0 clean_correct_fraction=0.9296875 mean_weight=0.0 target_l1=0.0 temperature=1.0659999999999927
2026-10-07 22:08:16.106 | INFO     | __main__:<module>:1013 - lr:0.1 weight_nat: 0.2637143880222179, nat_loss: 0.011187314055860043, weight_adv: 0.7362856119777821, adv_loss: 0.023046651855111122 weight-klloss3 0.08174 Loss3: 0.04888390749692917 clean_ce: 0.14644178748130798, adv_ce: 1.2100536823272705, adv_margin: 0.5218724012374878, clean_gate: 0.5464427471160889, teacher_margin: 0.5382955074310303, teacher_margin_gate: 0.6840913891792297, teacher_clean_gate: 1.0, teacher_adv_gate: 1.0, tm_grad_cos: 0.8043955564498901, tm_scale: 1.0, tm_ps_scale: 1.0, pcgrad_conflicts: 0/0 tmix: alpha=0.0 ramp=0.0 clean_correct_fraction=0.9375 mean_weight=0.0 target_l1=0.0 temperature=1.063999999999993
2026-10-07 22:08:52.757 | INFO     | __main__:<module>:1013 - lr:0.1 weight_nat: 0.2680560987803042, nat_loss: 0.013212867081165314, weight_adv: 0.7319439012196958, adv_loss: 0.019055772572755814 weight-klloss3 0.08174 Loss3: 0.03256819397211075 clean_ce: 0.15948060154914856, adv_ce: 1.165826678276062, adv_margin: 0.5372123122215271, clean_gate: 0.5732990503311157, teacher_margin: 0.38900113105773926, teacher_margin_gate: 0.6467375159263611, teacher_clean_gate: 1.0, teacher_adv_gate: 1.0, tm_grad_cos: 0.7509454488754272, tm_scale: 1.0, tm_ps_scale: 1.0, pcgrad_conflicts: 0/0 tmix: alpha=0.0 ramp=0.0 clean_correct_fraction=0.8671875 mean_weight=0.0 target_l1=0.0 temperature=1.0599999999999934
2026-10-07 22:09:29.400 | INFO     | __main__:<module>:1013 - lr:0.1 weight_nat: 0.25845373239348385, nat_loss: 0.01107301190495491, weight_adv: 0.7415462676065162, adv_loss: 0.023226099088788033 weight-klloss3 0.08174 Loss3: 0.026998434215784073 clean_ce: 0.16103801131248474, adv_ce: 1.0621970891952515, adv_margin: 0.488437294960022, clean_gate: 0.5942853689193726, teacher_margin: 0.48804259300231934, teacher_margin_gate: 0.7209500074386597, teacher_clean_gate: 1.0, teacher_adv_gate: 1.0, tm_grad_cos: 0.7960379123687744, tm_scale: 1.0, tm_ps_scale: 1.0, pcgrad_conflicts: 0/0 tmix: alpha=0.0 ramp=0.0 clean_correct_fraction=0.953125 mean_weight=0.0 target_l1=0.0 temperature=1.0659999999999927
2026-10-07 22:10:02.266 | INFO     | __main__:<module>:1016 - TRAIN_EPOCH_RESOURCE epoch=84 seconds=143.1826226420235 peak_allocated_bytes=4954502144
2026-10-07 22:10:02.267 | INFO     | __main__:<module>:516 - METHOD epoch=85 views=1 awp_gamma=0.0 consistency_weight=0.0 awp_nat_weight=1.0
2026-10-07 22:10:02.267 | INFO     | __main__:<module>:519 - the 85th epoch 
2026-10-07 22:10:02.676 | INFO     | __main__:<module>:1013 - lr:0.1 weight_nat: 0.2555600058675365, nat_loss: 0.01011637132614851, weight_adv: 0.7444399941324635, adv_loss: 0.017716459929943085 weight-klloss3 0.08174 Loss3: 0.02404211461544037 clean_ce: 0.16129279136657715, adv_ce: 1.090975046157837, adv_margin: 0.43863987922668457, clean_gate: 0.598230242729187, teacher_margin: 0.3203623294830322, teacher_margin_gate: 0.6514859795570374, teacher_clean_gate: 1.0, teacher_adv_gate: 1.0, tm_grad_cos: 0.7497654557228088, tm_scale: 1.0, tm_ps_scale: 1.0, pcgrad_conflicts: 0/0 tmix: alpha=0.0 ramp=0.0 clean_correct_fraction=0.921875 mean_weight=0.0 target_l1=0.0 temperature=1.0569999999999937
2026-10-07 22:10:39.349 | INFO     | __main__:<module>:1013 - lr:0.1 weight_nat: 0.2576610290692568, nat_loss: 0.012389604933559895, weight_adv: 0.7423389709307432, adv_loss: 0.020892683416604996 weight-klloss3 0.08174 Loss3: 0.039234962314367294 clean_ce: 0.13152766227722168, adv_ce: 1.2976635694503784, adv_margin: 0.6722463369369507, clean_gate: 0.5470538139343262, teacher_margin: 0.42707011103630066, teacher_margin_gate: 0.6433777809143066, teacher_clean_gate: 1.0, teacher_adv_gate: 1.0, tm_grad_cos: 0.7548155784606934, tm_scale: 1.0, tm_ps_scale: 1.0, pcgrad_conflicts: 0/0 tmix: alpha=0.0 ramp=0.0 clean_correct_fraction=0.921875 mean_weight=0.0 target_l1=0.0 temperature=1.0569999999999937
2026-10-07 22:11:16.010 | INFO     | __main__:<module>:1013 - lr:0.1 weight_nat: 0.2543466329003043, nat_loss: 0.013470239005982876, weight_adv: 0.7456533670996957, adv_loss: 0.02382991462945938 weight-klloss3 0.08174 Loss3: 0.04142913967370987 clean_ce: 0.13859966397285461, adv_ce: 1.397092342376709, adv_margin: 0.8131544589996338, clean_gate: 0.5058003664016724, teacher_margin: 0.5208812952041626, teacher_margin_gate: 0.6535534858703613, teacher_clean_gate: 1.0, teacher_adv_gate: 1.0, tm_grad_cos: 0.8008663654327393, tm_scale: 1.0, tm_ps_scale: 1.0, pcgrad_conflicts: 0/0 tmix: alpha=0.0 ramp=0.0 clean_correct_fraction=0.8984375 mean_weight=0.0 target_l1=0.0 temperature=1.0649999999999928
2026-10-07 22:11:52.650 | INFO     | __main__:<module>:1013 - lr:0.1 weight_nat: 0.26425832676533534, nat_loss: 0.013276695273816586, weight_adv: 0.7357416732346648, adv_loss: 0.020982246845960617 weight-klloss3 0.08174 Loss3: 0.033318597823381424 clean_ce: 0.1598414182662964, adv_ce: 1.2293081283569336, adv_margin: 0.6160863637924194, clean_gate: 0.5556458234786987, teacher_margin: 0.4816710948944092, teacher_margin_gate: 0.6777834892272949, teacher_clean_gate: 1.0, teacher_adv_gate: 1.0, tm_grad_cos: 0.822985827922821, tm_scale: 1.0, tm_ps_scale: 1.0, pcgrad_conflicts: 0/0 tmix: alpha=0.0 ramp=0.0 clean_correct_fraction=0.921875 mean_weight=0.0 target_l1=0.0 temperature=1.062999999999993
2026-10-07 22:12:25.457 | INFO     | __main__:<module>:1016 - TRAIN_EPOCH_RESOURCE epoch=85 seconds=143.19034007401206 peak_allocated_bytes=4954502144
2026-10-07 22:12:25.458 | INFO     | __main__:<module>:516 - METHOD epoch=86 views=1 awp_gamma=0.0 consistency_weight=0.0 awp_nat_weight=1.0
2026-10-07 22:12:25.458 | INFO     | __main__:<module>:519 - the 86th epoch 
2026-10-07 22:12:25.870 | INFO     | __main__:<module>:1013 - lr:0.1 weight_nat: 0.2623329813392168, nat_loss: 0.009143996052443981, weight_adv: 0.7376670186607832, adv_loss: 0.018132813274860382 weight-klloss3 0.08174 Loss3: 0.0297814030200243 clean_ce: 0.1472497284412384, adv_ce: 1.112891435623169, adv_margin: 0.5340441465377808, clean_gate: 0.5860723257064819, teacher_margin: 0.41038596630096436, teacher_margin_gate: 0.6751308441162109, teacher_clean_gate: 1.0, teacher_adv_gate: 1.0, tm_grad_cos: 0.7617157101631165, tm_scale: 1.0, tm_ps_scale: 1.0, pcgrad_conflicts: 0/0 tmix: alpha=0.0 ramp=0.0 clean_correct_fraction=0.9375 mean_weight=0.0 target_l1=0.0 temperature=1.0739999999999919
2026-10-07 22:13:02.476 | INFO     | __main__:<module>:1013 - lr:0.1 weight_nat: 0.25782300214999304, nat_loss: 0.012780371122062206, weight_adv: 0.742176997850007, adv_loss: 0.024710025638341904 weight-klloss3 0.08174 Loss3: 0.0326230525970459 clean_ce: 0.14566655457019806, adv_ce: 1.3283203840255737, adv_margin: 0.7078311443328857, clean_gate: 0.5194511413574219, teacher_margin: 0.5080999135971069, teacher_margin_gate: 0.6447998285293579, teacher_clean_gate: 1.0, teacher_adv_gate: 1.0, tm_grad_cos: 0.7937308549880981, tm_scale: 1.0, tm_ps_scale: 1.0, pcgrad_conflicts: 0/0 tmix: alpha=0.0 ramp=0.0 clean_correct_fraction=0.9453125 mean_weight=0.0 target_l1=0.0 temperature=1.071999999999992
2026-10-07 22:13:39.084 | INFO     | __main__:<module>:1013 - lr:0.1 weight_nat: 0.2634588177958466, nat_loss: 0.010715685784816742, weight_adv: 0.7365411822041534, adv_loss: 0.017206642776727676 weight-klloss3 0.08174 Loss3: 0.029946990311145782 clean_ce: 0.16874516010284424, adv_ce: 1.0329973697662354, adv_margin: 0.43732595443725586, clean_gate: 0.5893710851669312, teacher_margin: 0.4312504231929779, teacher_margin_gate: 0.6923160552978516, teacher_clean_gate: 1.0, teacher_adv_gate: 1.0, tm_grad_cos: 0.8011111617088318, tm_scale: 1.0, tm_ps_scale: 1.0, pcgrad_conflicts: 0/0 tmix: alpha=0.0 ramp=0.0 clean_correct_fraction=0.9296875 mean_weight=0.0 target_l1=0.0 temperature=1.0659999999999927
2026-10-07 22:14:15.689 | INFO     | __main__:<module>:1013 - lr:0.1 weight_nat: 0.2552187358351874, nat_loss: 0.010810323059558868, weight_adv: 0.7447812641648126, adv_loss: 0.024116743355989456 weight-klloss3 0.08174 Loss3: 0.03525281697511673 clean_ce: 0.15213078260421753, adv_ce: 1.139129877090454, adv_margin: 0.5347582697868347, clean_gate: 0.566409170627594, teacher_margin: 0.5337657928466797, teacher_margin_gate: 0.69748455286026, teacher_clean_gate: 1.0, teacher_adv_gate: 1.0, tm_grad_cos: 0.7842876315116882, tm_scale: 1.0, tm_ps_scale: 1.0, pcgrad_conflicts: 0/0 tmix: alpha=0.0 ramp=0.0 clean_correct_fraction=0.9609375 mean_weight=0.0 target_l1=0.0 temperature=1.0679999999999925
2026-10-07 22:14:48.467 | INFO     | __main__:<module>:1016 - TRAIN_EPOCH_RESOURCE epoch=86 seconds=143.00918812700547 peak_allocated_bytes=4954502144
2026-10-07 22:14:48.467 | INFO     | __main__:<module>:516 - METHOD epoch=87 views=1 awp_gamma=0.0 consistency_weight=0.0 awp_nat_weight=1.0
2026-10-07 22:14:48.467 | INFO     | __main__:<module>:519 - the 87th epoch 
2026-10-07 22:14:48.880 | INFO     | __main__:<module>:1013 - lr:0.1 weight_nat: 0.26106406574008906, nat_loss: 0.00935324002057314, weight_adv: 0.738935934259911, adv_loss: 0.017037134617567062 weight-klloss3 0.08174 Loss3: 0.03753708302974701 clean_ce: 0.15801680088043213, adv_ce: 1.0908565521240234, adv_margin: 0.4875846803188324, clean_gate: 0.6004266738891602, teacher_margin: 0.3897453844547272, teacher_margin_gate: 0.689484715461731, teacher_clean_gate: 1.0, teacher_adv_gate: 1.0, tm_grad_cos: 0.7657569646835327, tm_scale: 1.0, tm_ps_scale: 1.0, pcgrad_conflicts: 0/0 tmix: alpha=0.0 ramp=0.0 clean_correct_fraction=0.890625 mean_weight=0.0 target_l1=0.0 temperature=1.062999999999993
2026-10-07 22:15:25.469 | INFO     | __main__:<module>:1013 - lr:0.1 weight_nat: 0.26449488699817975, nat_loss: 0.011951091699302197, weight_adv: 0.7355051130018203, adv_loss: 0.019839182496070862 weight-klloss3 0.08174 Loss3: 0.037684909999370575 clean_ce: 0.15484005212783813, adv_ce: 1.069836974143982, adv_margin: 0.4446471333503723, clean_gate: 0.5926383137702942, teacher_margin: 0.4419581890106201, teacher_margin_gate: 0.7023773193359375, teacher_clean_gate: 1.0, teacher_adv_gate: 1.0, tm_grad_cos: 0.7856706380844116, tm_scale: 1.0, tm_ps_scale: 1.0, pcgrad_conflicts: 0/0 tmix: alpha=0.0 ramp=0.0 clean_correct_fraction=0.9140625 mean_weight=0.0 target_l1=0.0 temperature=1.0689999999999924
2026-10-07 22:16:02.058 | INFO     | __main__:<module>:1013 - lr:0.1 weight_nat: 0.25905946331911617, nat_loss: 0.011011733673512936, weight_adv: 0.7409405366808839, adv_loss: 0.02140672877430916 weight-klloss3 0.08174 Loss3: 0.03556513413786888 clean_ce: 0.16155895590782166, adv_ce: 1.1138250827789307, adv_margin: 0.473461389541626, clean_gate: 0.591898500919342, teacher_margin: 0.47042524814605713, teacher_margin_gate: 0.7132374048233032, teacher_clean_gate: 1.0, teacher_adv_gate: 1.0, tm_grad_cos: 0.7740163803100586, tm_scale: 1.0, tm_ps_scale: 1.0, pcgrad_conflicts: 0/0 tmix: alpha=0.0 ramp=0.0 clean_correct_fraction=0.921875 mean_weight=0.0 target_l1=0.0 temperature=1.0649999999999928
2026-10-07 22:16:38.660 | INFO     | __main__:<module>:1013 - lr:0.1 weight_nat: 0.2597202155218933, nat_loss: 0.012799237854778767, weight_adv: 0.7402797844781068, adv_loss: 0.020627517253160477 weight-klloss3 0.08174 Loss3: 0.034158963710069656 clean_ce: 0.13929814100265503, adv_ce: 1.1831729412078857, adv_margin: 0.5352829098701477, clean_gate: 0.5509894490242004, teacher_margin: 0.5010712742805481, teacher_margin_gate: 0.6789698004722595, teacher_clean_gate: 1.0, teacher_adv_gate: 1.0, tm_grad_cos: 0.7976792454719543, tm_scale: 1.0, tm_ps_scale: 1.0, pcgrad_conflicts: 0/0 tmix: alpha=0.0 ramp=0.0 clean_correct_fraction=0.9296875 mean_weight=0.0 target_l1=0.0 temperature=1.0689999999999924
2026-10-07 22:17:11.453 | INFO     | __main__:<module>:1016 - TRAIN_EPOCH_RESOURCE epoch=87 seconds=142.9860380059108 peak_allocated_bytes=4954502144
2026-10-07 22:17:11.454 | INFO     | __main__:<module>:516 - METHOD epoch=88 views=1 awp_gamma=0.0 consistency_weight=0.0 awp_nat_weight=1.0
2026-10-07 22:17:11.454 | INFO     | __main__:<module>:519 - the 88th epoch 
2026-10-07 22:17:11.865 | INFO     | __main__:<module>:1013 - lr:0.1 weight_nat: 0.2661560302969203, nat_loss: 0.010452697053551674, weight_adv: 0.7338439697030796, adv_loss: 0.018369149416685104 weight-klloss3 0.08174 Loss3: 0.05060926079750061 clean_ce: 0.15599074959754944, adv_ce: 1.0423940420150757, adv_margin: 0.44088250398635864, clean_gate: 0.5871055126190186, teacher_margin: 0.46515756845474243, teacher_margin_gate: 0.6909840106964111, teacher_clean_gate: 1.0, teacher_adv_gate: 1.0, tm_grad_cos: 0.8237128853797913, tm_scale: 1.0, tm_ps_scale: 1.0, pcgrad_conflicts: 0/0 tmix: alpha=0.0 ramp=0.0 clean_correct_fraction=0.9296875 mean_weight=0.0 target_l1=0.0 temperature=1.063999999999993
2026-10-07 22:17:48.477 | INFO     | __main__:<module>:1013 - lr:0.1 weight_nat: 0.26047206059344613, nat_loss: 0.01116655021905899, weight_adv: 0.7395279394065538, adv_loss: 0.018901564180850983 weight-klloss3 0.08174 Loss3: 0.02222423255443573 clean_ce: 0.16346031427383423, adv_ce: 1.1448419094085693, adv_margin: 0.5226352214813232, clean_gate: 0.5801520347595215, teacher_margin: 0.3989655375480652, teacher_margin_gate: 0.6670488119125366, teacher_clean_gate: 1.0, teacher_adv_gate: 1.0, tm_grad_cos: 0.7460458874702454, tm_scale: 1.0, tm_ps_scale: 1.0, pcgrad_conflicts: 0/0 tmix: alpha=0.0 ramp=0.0 clean_correct_fraction=0.9140625 mean_weight=0.0 target_l1=0.0 temperature=1.0679999999999925
2026-10-07 22:18:25.085 | INFO     | __main__:<module>:1013 - lr:0.1 weight_nat: 0.2575083799935796, nat_loss: 0.011477493681013584, weight_adv: 0.7424916200064204, adv_loss: 0.02431117184460163 weight-klloss3 0.08174 Loss3: 0.03925010561943054 clean_ce: 0.13296276330947876, adv_ce: 1.2327877283096313, adv_margin: 0.6017171740531921, clean_gate: 0.5491865873336792, teacher_margin: 0.5462392568588257, teacher_margin_gate: 0.6960802674293518, teacher_clean_gate: 1.0, teacher_adv_gate: 1.0, tm_grad_cos: 0.8092833161354065, tm_scale: 1.0, tm_ps_scale: 1.0, pcgrad_conflicts: 0/0 tmix: alpha=0.0 ramp=0.0 clean_correct_fraction=0.8984375 mean_weight=0.0 target_l1=0.0 temperature=1.0699999999999923
2026-10-07 22:19:01.689 | INFO     | __main__:<module>:1013 - lr:0.1 weight_nat: 0.2551090662589829, nat_loss: 0.012967720627784729, weight_adv: 0.7448909337410171, adv_loss: 0.025205520913004875 weight-klloss3 0.08174 Loss3: 0.04336981475353241 clean_ce: 0.13159874081611633, adv_ce: 1.2073915004730225, adv_margin: 0.6098161935806274, clean_gate: 0.5218689441680908, teacher_margin: 0.5898988842964172, teacher_margin_gate: 0.6797629594802856, teacher_clean_gate: 1.0, teacher_adv_gate: 1.0, tm_grad_cos: 0.8306736946105957, tm_scale: 1.0, tm_ps_scale: 1.0, pcgrad_conflicts: 0/0 tmix: alpha=0.0 ramp=0.0 clean_correct_fraction=0.9453125 mean_weight=0.0 target_l1=0.0 temperature=1.071999999999992
2026-10-07 22:19:34.475 | INFO     | __main__:<module>:1016 - TRAIN_EPOCH_RESOURCE epoch=88 seconds=143.02081872196868 peak_allocated_bytes=4954502144
2026-10-07 22:19:34.475 | INFO     | __main__:<module>:516 - METHOD epoch=89 views=1 awp_gamma=0.0 consistency_weight=0.0 awp_nat_weight=1.0
2026-10-07 22:19:34.475 | INFO     | __main__:<module>:519 - the 89th epoch 
2026-10-07 22:19:34.888 | INFO     | __main__:<module>:1013 - lr:0.1 weight_nat: 0.25584432041283617, nat_loss: 0.009508552961051464, weight_adv: 0.7441556795871638, adv_loss: 0.01851547881960869 weight-klloss3 0.08174 Loss3: 0.04516027122735977 clean_ce: 0.1394834816455841, adv_ce: 1.043127417564392, adv_margin: 0.49576136469841003, clean_gate: 0.5981762409210205, teacher_margin: 0.4419720768928528, teacher_margin_gate: 0.7204873561859131, teacher_clean_gate: 1.0, teacher_adv_gate: 1.0, tm_grad_cos: 0.7996206283569336, tm_scale: 1.0, tm_ps_scale: 1.0, pcgrad_conflicts: 0/0 tmix: alpha=0.0 ramp=0.0 clean_correct_fraction=0.90625 mean_weight=0.0 target_l1=0.0 temperature=1.0609999999999933
2026-10-07 22:20:11.497 | INFO     | __main__:<module>:1013 - lr:0.1 weight_nat: 0.2613963154311769, nat_loss: 0.010604381561279297, weight_adv: 0.7386036845688231, adv_loss: 0.022480763494968414 weight-klloss3 0.08174 Loss3: 0.043061599135398865 clean_ce: 0.17080092430114746, adv_ce: 1.0897603034973145, adv_margin: 0.4710928201675415, clean_gate: 0.5854952931404114, teacher_margin: 0.4986274838447571, teacher_margin_gate: 0.708439826965332, teacher_clean_gate: 1.0, teacher_adv_gate: 1.0, tm_grad_cos: 0.7661747932434082, tm_scale: 1.0, tm_ps_scale: 1.0, pcgrad_conflicts: 0/0 tmix: alpha=0.0 ramp=0.0 clean_correct_fraction=0.9609375 mean_weight=0.0 target_l1=0.0 temperature=1.0649999999999928
2026-10-07 22:20:48.109 | INFO     | __main__:<module>:1013 - lr:0.1 weight_nat: 0.2636430350554497, nat_loss: 0.015314027667045593, weight_adv: 0.7363569649445503, adv_loss: 0.0248558409512043 weight-klloss3 0.08174 Loss3: 0.03178032115101814 clean_ce: 0.15518273413181305, adv_ce: 1.1807522773742676, adv_margin: 0.5008550882339478, clean_gate: 0.5539687871932983, teacher_margin: 0.49901247024536133, teacher_margin_gate: 0.6761617064476013, teacher_clean_gate: 1.0, teacher_adv_gate: 1.0, tm_grad_cos: 0.7586507201194763, tm_scale: 1.0, tm_ps_scale: 1.0, pcgrad_conflicts: 0/0 tmix: alpha=0.0 ramp=0.0 clean_correct_fraction=0.921875 mean_weight=0.0 target_l1=0.0 temperature=1.0649999999999928
2026-10-07 22:21:24.713 | INFO     | __main__:<module>:1013 - lr:0.1 weight_nat: 0.26018832139864845, nat_loss: 0.01123154629021883, weight_adv: 0.7398116786013516, adv_loss: 0.01978156715631485 weight-klloss3 0.08174 Loss3: 0.03459491580724716 clean_ce: 0.14627030491828918, adv_ce: 1.1796770095825195, adv_margin: 0.563334047794342, clean_gate: 0.5603798627853394, teacher_margin: 0.45488959550857544, teacher_margin_gate: 0.6807283759117126, teacher_clean_gate: 1.0, teacher_adv_gate: 1.0, tm_grad_cos: 0.7834277153015137, tm_scale: 1.0, tm_ps_scale: 1.0, pcgrad_conflicts: 0/0 tmix: alpha=0.0 ramp=0.0 clean_correct_fraction=0.8828125 mean_weight=0.0 target_l1=0.0 temperature=1.072999999999992
2026-10-07 22:21:57.490 | INFO     | __main__:<module>:1016 - TRAIN_EPOCH_RESOURCE epoch=89 seconds=143.014966648072 peak_allocated_bytes=4954502144
2026-10-07 22:21:57.491 | INFO     | __main__:<module>:516 - METHOD epoch=90 views=1 awp_gamma=0.0 consistency_weight=0.0 awp_nat_weight=1.0
2026-10-07 22:21:57.491 | INFO     | __main__:<module>:519 - the 90th epoch 
2026-10-07 22:21:57.903 | INFO     | __main__:<module>:1013 - lr:0.1 weight_nat: 0.2535984677062777, nat_loss: 0.009559332393109798, weight_adv: 0.7464015322937223, adv_loss: 0.02267409674823284 weight-klloss3 0.08174 Loss3: 0.03859636187553406 clean_ce: 0.13934089243412018, adv_ce: 1.046582579612732, adv_margin: 0.41422080993652344, clean_gate: 0.5747552514076233, teacher_margin: 0.5645617246627808, teacher_margin_gate: 0.7097508907318115, teacher_clean_gate: 1.0, teacher_adv_gate: 1.0, tm_grad_cos: 0.8259170651435852, tm_scale: 1.0, tm_ps_scale: 1.0, pcgrad_conflicts: 0/0 tmix: alpha=0.0 ramp=0.0 clean_correct_fraction=0.9609375 mean_weight=0.0 target_l1=0.0 temperature=1.063999999999993
2026-10-07 22:22:34.490 | INFO     | __main__:<module>:1013 - lr:0.1 weight_nat: 0.2597207088016002, nat_loss: 0.010932083241641521, weight_adv: 0.7402792911983997, adv_loss: 0.02205635793507099 weight-klloss3 0.08174 Loss3: 0.030972424894571304 clean_ce: 0.15225309133529663, adv_ce: 1.2295968532562256, adv_margin: 0.5830731391906738, clean_gate: 0.5451005697250366, teacher_margin: 0.47703278064727783, teacher_margin_gate: 0.6576507091522217, teacher_clean_gate: 1.0, teacher_adv_gate: 1.0, tm_grad_cos: 0.7925413846969604, tm_scale: 1.0, tm_ps_scale: 1.0, pcgrad_conflicts: 0/0 tmix: alpha=0.0 ramp=0.0 clean_correct_fraction=0.90625 mean_weight=0.0 target_l1=0.0 temperature=1.0739999999999919
2026-10-07 22:23:11.099 | INFO     | __main__:<module>:1013 - lr:0.1 weight_nat: 0.25869064930506647, nat_loss: 0.011039095930755138, weight_adv: 0.7413093506949336, adv_loss: 0.029051708057522774 weight-klloss3 0.08174 Loss3: 0.04044868052005768 clean_ce: 0.11617564409971237, adv_ce: 1.368306040763855, adv_margin: 0.8205863237380981, clean_gate: 0.5067845582962036, teacher_margin: 0.618991494178772, teacher_margin_gate: 0.6734479069709778, teacher_clean_gate: 1.0, teacher_adv_gate: 1.0, tm_grad_cos: 0.8029212951660156, tm_scale: 1.0, tm_ps_scale: 1.0, pcgrad_conflicts: 0/0 tmix: alpha=0.0 ramp=0.0 clean_correct_fraction=0.9296875 mean_weight=0.0 target_l1=0.0 temperature=1.0659999999999927
2026-10-07 22:23:47.702 | INFO     | __main__:<module>:1013 - lr:0.1 weight_nat: 0.25463004499916614, nat_loss: 0.01342493575066328, weight_adv: 0.7453699550008338, adv_loss: 0.025285392999649048 weight-klloss3 0.08174 Loss3: 0.03194611519575119 clean_ce: 0.1451585292816162, adv_ce: 1.1865520477294922, adv_margin: 0.526890754699707, clean_gate: 0.5491405725479126, teacher_margin: 0.5862091779708862, teacher_margin_gate: 0.7167170643806458, teacher_clean_gate: 1.0, teacher_adv_gate: 1.0, tm_grad_cos: 0.8088898062705994, tm_scale: 1.0, tm_ps_scale: 1.0, pcgrad_conflicts: 0/0 tmix: alpha=0.0 ramp=0.0 clean_correct_fraction=0.9296875 mean_weight=0.0 target_l1=0.0 temperature=1.0659999999999927
2026-10-07 22:24:20.431 | INFO     | __main__:<module>:1016 - TRAIN_EPOCH_RESOURCE epoch=90 seconds=142.9405814150814 peak_allocated_bytes=4954502144
2026-10-07 22:24:20.432 | INFO     | __main__:<module>:516 - METHOD epoch=91 views=1 awp_gamma=0.0 consistency_weight=0.0 awp_nat_weight=1.0
2026-10-07 22:24:20.432 | INFO     | __main__:<module>:519 - the 91th epoch 
2026-10-07 22:24:20.845 | INFO     | __main__:<module>:1013 - lr:0.1 weight_nat: 0.2620263156719239, nat_loss: 0.01110005658119917, weight_adv: 0.7379736843280761, adv_loss: 0.02111932635307312 weight-klloss3 0.08174 Loss3: 0.03213299438357353 clean_ce: 0.15824583172798157, adv_ce: 1.1467881202697754, adv_margin: 0.5834763050079346, clean_gate: 0.5987851619720459, teacher_margin: 0.4226848781108856, teacher_margin_gate: 0.6976767778396606, teacher_clean_gate: 1.0, teacher_adv_gate: 1.0, tm_grad_cos: 0.7567790746688843, tm_scale: 1.0, tm_ps_scale: 1.0, pcgrad_conflicts: 0/0 tmix: alpha=0.0 ramp=0.0 clean_correct_fraction=0.9296875 mean_weight=0.0 target_l1=0.0 temperature=1.0749999999999917
2026-10-07 22:24:57.376 | INFO     | __main__:<module>:1013 - lr:0.1 weight_nat: 0.26090080849981556, nat_loss: 0.009923196397721767, weight_adv: 0.7390991915001845, adv_loss: 0.01685904897749424 weight-klloss3 0.08174 Loss3: 0.03436851501464844 clean_ce: 0.15214525163173676, adv_ce: 1.0842700004577637, adv_margin: 0.47143620252609253, clean_gate: 0.5880714654922485, teacher_margin: 0.3999307155609131, teacher_margin_gate: 0.6792722940444946, teacher_clean_gate: 1.0, teacher_adv_gate: 1.0, tm_grad_cos: 0.7923915982246399, tm_scale: 1.0, tm_ps_scale: 1.0, pcgrad_conflicts: 0/0 tmix: alpha=0.0 ramp=0.0 clean_correct_fraction=0.921875 mean_weight=0.0 target_l1=0.0 temperature=1.0749999999999917
2026-10-07 22:25:33.923 | INFO     | __main__:<module>:1013 - lr:0.1 weight_nat: 0.26052908431478594, nat_loss: 0.012925216928124428, weight_adv: 0.7394709156852141, adv_loss: 0.021581154316663742 weight-klloss3 0.08174 Loss3: 0.024205321446061134 clean_ce: 0.13775953650474548, adv_ce: 1.2260346412658691, adv_margin: 0.6048741936683655, clean_gate: 0.541429340839386, teacher_margin: 0.49089062213897705, teacher_margin_gate: 0.6607266664505005, teacher_clean_gate: 1.0, teacher_adv_gate: 1.0, tm_grad_cos: 0.8005122542381287, tm_scale: 1.0, tm_ps_scale: 1.0, pcgrad_conflicts: 0/0 tmix: alpha=0.0 ramp=0.0 clean_correct_fraction=0.953125 mean_weight=0.0 target_l1=0.0 temperature=1.0609999999999933
2026-10-07 22:26:10.502 | INFO     | __main__:<module>:1013 - lr:0.1 weight_nat: 0.2591255665878921, nat_loss: 0.011949759908020496, weight_adv: 0.740874433412108, adv_loss: 0.024467144161462784 weight-klloss3 0.08174 Loss3: 0.03296574950218201 clean_ce: 0.15232989192008972, adv_ce: 1.336081624031067, adv_margin: 0.7237396240234375, clean_gate: 0.4993436336517334, teacher_margin: 0.4619085490703583, teacher_margin_gate: 0.6227298378944397, teacher_clean_gate: 1.0, teacher_adv_gate: 1.0, tm_grad_cos: 0.7473993301391602, tm_scale: 1.0, tm_ps_scale: 1.0, pcgrad_conflicts: 0/0 tmix: alpha=0.0 ramp=0.0 clean_correct_fraction=0.921875 mean_weight=0.0 target_l1=0.0 temperature=1.0689999999999924
2026-10-07 22:26:43.287 | INFO     | __main__:<module>:1016 - TRAIN_EPOCH_RESOURCE epoch=91 seconds=142.8549878608901 peak_allocated_bytes=4954502144
2026-10-07 22:26:43.287 | INFO     | __main__:<module>:516 - METHOD epoch=92 views=1 awp_gamma=0.0 consistency_weight=0.0 awp_nat_weight=1.0
2026-10-07 22:26:43.287 | INFO     | __main__:<module>:519 - the 92th epoch 
2026-10-07 22:26:43.700 | INFO     | __main__:<module>:1013 - lr:0.1 weight_nat: 0.2558024267154867, nat_loss: 0.016733432188630104, weight_adv: 0.7441975732845133, adv_loss: 0.024630872532725334 weight-klloss3 0.08174 Loss3: 0.02090289443731308 clean_ce: 0.13341927528381348, adv_ce: 1.2696231603622437, adv_margin: 0.6128036379814148, clean_gate: 0.5267860889434814, teacher_margin: 0.5456199645996094, teacher_margin_gate: 0.6661791801452637, teacher_clean_gate: 1.0, teacher_adv_gate: 1.0, tm_grad_cos: 0.7939659357070923, tm_scale: 1.0, tm_ps_scale: 1.0, pcgrad_conflicts: 0/0 tmix: alpha=0.0 ramp=0.0 clean_correct_fraction=0.9140625 mean_weight=0.0 target_l1=0.0 temperature=1.0679999999999925
2026-10-07 22:27:20.302 | INFO     | __main__:<module>:1013 - lr:0.1 weight_nat: 0.2567194093083309, nat_loss: 0.00999976135790348, weight_adv: 0.7432805906916691, adv_loss: 0.03354264795780182 weight-klloss3 0.08174 Loss3: 0.04775787889957428 clean_ce: 0.12166963517665863, adv_ce: 1.3480830192565918, adv_margin: 0.7697690725326538, clean_gate: 0.49510273337364197, teacher_margin: 0.6995753049850464, teacher_margin_gate: 0.6887786388397217, teacher_clean_gate: 1.0, teacher_adv_gate: 1.0, tm_grad_cos: 0.8162771463394165, tm_scale: 1.0, tm_ps_scale: 1.0, pcgrad_conflicts: 0/0 tmix: alpha=0.0 ramp=0.0 clean_correct_fraction=0.90625 mean_weight=0.0 target_l1=0.0 temperature=1.0659999999999927
2026-10-07 22:27:56.900 | INFO     | __main__:<module>:1013 - lr:0.1 weight_nat: 0.24732411025302892, nat_loss: 0.011324605904519558, weight_adv: 0.7526758897469711, adv_loss: 0.019070060923695564 weight-klloss3 0.08174 Loss3: 0.03416753187775612 clean_ce: 0.14319002628326416, adv_ce: 1.152611494064331, adv_margin: 0.5342704057693481, clean_gate: 0.5715673565864563, teacher_margin: 0.3513910472393036, teacher_margin_gate: 0.641234815120697, teacher_clean_gate: 1.0, teacher_adv_gate: 1.0, tm_grad_cos: 0.7289899587631226, tm_scale: 1.0, tm_ps_scale: 1.0, pcgrad_conflicts: 0/0 tmix: alpha=0.0 ramp=0.0 clean_correct_fraction=0.921875 mean_weight=0.0 target_l1=0.0 temperature=1.0659999999999927
2026-10-07 22:28:33.505 | INFO     | __main__:<module>:1013 - lr:0.1 weight_nat: 0.254524680723324, nat_loss: 0.009056366980075836, weight_adv: 0.7454753192766761, adv_loss: 0.02260085567831993 weight-klloss3 0.08174 Loss3: 0.03224935382604599 clean_ce: 0.14121831953525543, adv_ce: 1.2166950702667236, adv_margin: 0.5871903896331787, clean_gate: 0.5482535362243652, teacher_margin: 0.48373886942863464, teacher_margin_gate: 0.6649090051651001, teacher_clean_gate: 1.0, teacher_adv_gate: 1.0, tm_grad_cos: 0.7765606045722961, tm_scale: 1.0, tm_ps_scale: 1.0, pcgrad_conflicts: 0/0 tmix: alpha=0.0 ramp=0.0 clean_correct_fraction=0.9375 mean_weight=0.0 target_l1=0.0 temperature=1.063999999999993
2026-10-07 22:29:06.286 | INFO     | __main__:<module>:1016 - TRAIN_EPOCH_RESOURCE epoch=92 seconds=142.99853544705547 peak_allocated_bytes=4954502144
2026-10-07 22:29:06.286 | INFO     | __main__:<module>:516 - METHOD epoch=93 views=1 awp_gamma=0.0 consistency_weight=0.0 awp_nat_weight=1.0
2026-10-07 22:29:06.286 | INFO     | __main__:<module>:519 - the 93th epoch 
2026-10-07 22:29:06.700 | INFO     | __main__:<module>:1013 - lr:0.1 weight_nat: 0.25437049620567687, nat_loss: 0.008780577220022678, weight_adv: 0.7456295037943231, adv_loss: 0.022413130849599838 weight-klloss3 0.08174 Loss3: 0.03052930347621441 clean_ce: 0.15036556124687195, adv_ce: 1.0446157455444336, adv_margin: 0.43852299451828003, clean_gate: 0.6068598031997681, teacher_margin: 0.47996416687965393, teacher_margin_gate: 0.7370835542678833, teacher_clean_gate: 1.0, teacher_adv_gate: 1.0, tm_grad_cos: 0.8042098879814148, tm_scale: 1.0, tm_ps_scale: 1.0, pcgrad_conflicts: 0/0 tmix: alpha=0.0 ramp=0.0 clean_correct_fraction=0.953125 mean_weight=0.0 target_l1=0.0 temperature=1.0789999999999913
2026-10-07 22:29:43.295 | INFO     | __main__:<module>:1013 - lr:0.1 weight_nat: 0.2613215647146097, nat_loss: 0.010559814050793648, weight_adv: 0.7386784352853903, adv_loss: 0.0170576348900795 weight-klloss3 0.08174 Loss3: 0.0325971320271492 clean_ce: 0.1338493674993515, adv_ce: 1.163799524307251, adv_margin: 0.5800467133522034, clean_gate: 0.5891386270523071, teacher_margin: 0.3747645318508148, teacher_margin_gate: 0.6731003522872925, teacher_clean_gate: 1.0, teacher_adv_gate: 1.0, tm_grad_cos: 0.7812259793281555, tm_scale: 1.0, tm_ps_scale: 1.0, pcgrad_conflicts: 0/0 tmix: alpha=0.0 ramp=0.0 clean_correct_fraction=0.9140625 mean_weight=0.0 target_l1=0.0 temperature=1.0749999999999917
2026-10-07 22:30:19.923 | INFO     | __main__:<module>:1013 - lr:0.1 weight_nat: 0.2667728378534423, nat_loss: 0.012561350129544735, weight_adv: 0.7332271621465577, adv_loss: 0.026577498763799667 weight-klloss3 0.08174 Loss3: 0.041586436331272125 clean_ce: 0.13161970674991608, adv_ce: 1.1941428184509277, adv_margin: 0.5547651648521423, clean_gate: 0.5452929735183716, teacher_margin: 0.5899233222007751, teacher_margin_gate: 0.7079683542251587, teacher_clean_gate: 1.0, teacher_adv_gate: 1.0, tm_grad_cos: 0.7828036546707153, tm_scale: 1.0, tm_ps_scale: 1.0, pcgrad_conflicts: 0/0 tmix: alpha=0.0 ramp=0.0 clean_correct_fraction=0.9609375 mean_weight=0.0 target_l1=0.0 temperature=1.072999999999992
2026-10-07 22:30:56.463 | INFO     | __main__:<module>:1013 - lr:0.1 weight_nat: 0.2566834486944014, nat_loss: 0.01058533787727356, weight_adv: 0.7433165513055987, adv_loss: 0.02619428187608719 weight-klloss3 0.08174 Loss3: 0.04590652137994766 clean_ce: 0.1275680959224701, adv_ce: 1.2343519926071167, adv_margin: 0.6024776697158813, clean_gate: 0.5453494787216187, teacher_margin: 0.5930182933807373, teacher_margin_gate: 0.7143687009811401, teacher_clean_gate: 1.0, teacher_adv_gate: 1.0, tm_grad_cos: 0.811570405960083, tm_scale: 1.0, tm_ps_scale: 1.0, pcgrad_conflicts: 0/0 tmix: alpha=0.0 ramp=0.0 clean_correct_fraction=0.9375 mean_weight=0.0 target_l1=0.0 temperature=1.0749999999999917
2026-10-07 22:31:29.201 | INFO     | __main__:<module>:1016 - TRAIN_EPOCH_RESOURCE epoch=93 seconds=142.91452943417244 peak_allocated_bytes=4954502144
2026-10-07 22:31:29.201 | INFO     | __main__:<module>:516 - METHOD epoch=94 views=1 awp_gamma=0.0 consistency_weight=0.0 awp_nat_weight=1.0
2026-10-07 22:31:29.201 | INFO     | __main__:<module>:519 - the 94th epoch 
2026-10-07 22:31:29.613 | INFO     | __main__:<module>:1013 - lr:0.1 weight_nat: 0.25764613051711294, nat_loss: 0.011288890615105629, weight_adv: 0.7423538694828871, adv_loss: 0.026771392673254013 weight-klloss3 0.08174 Loss3: 0.035683441907167435 clean_ce: 0.14567986130714417, adv_ce: 1.1941176652908325, adv_margin: 0.6028553247451782, clean_gate: 0.5413947701454163, teacher_margin: 0.562793493270874, teacher_margin_gate: 0.6936317682266235, teacher_clean_gate: 1.0, teacher_adv_gate: 1.0, tm_grad_cos: 0.7882165908813477, tm_scale: 1.0, tm_ps_scale: 1.0, pcgrad_conflicts: 0/0 tmix: alpha=0.0 ramp=0.0 clean_correct_fraction=0.8828125 mean_weight=0.0 target_l1=0.0 temperature=1.0759999999999916
2026-10-07 22:32:06.237 | INFO     | __main__:<module>:1013 - lr:0.1 weight_nat: 0.2596904444263644, nat_loss: 0.009289458394050598, weight_adv: 0.7403095555736356, adv_loss: 0.021281423047184944 weight-klloss3 0.08174 Loss3: 0.04370518773794174 clean_ce: 0.16661930084228516, adv_ce: 1.0548102855682373, adv_margin: 0.3747430443763733, clean_gate: 0.5992085337638855, teacher_margin: 0.5279898047447205, teacher_margin_gate: 0.7451972961425781, teacher_clean_gate: 1.0, teacher_adv_gate: 1.0, tm_grad_cos: 0.8095328211784363, tm_scale: 1.0, tm_ps_scale: 1.0, pcgrad_conflicts: 0/0 tmix: alpha=0.0 ramp=0.0 clean_correct_fraction=0.953125 mean_weight=0.0 target_l1=0.0 temperature=1.0759999999999916
2026-10-07 22:32:42.855 | INFO     | __main__:<module>:1013 - lr:0.1 weight_nat: 0.25744322957134336, nat_loss: 0.013465735130012035, weight_adv: 0.7425567704286568, adv_loss: 0.021617213264107704 weight-klloss3 0.08174 Loss3: 0.027286548167467117 clean_ce: 0.14159974455833435, adv_ce: 1.2389020919799805, adv_margin: 0.6191747188568115, clean_gate: 0.5486804246902466, teacher_margin: 0.4795086979866028, teacher_margin_gate: 0.6737682819366455, teacher_clean_gate: 1.0, teacher_adv_gate: 1.0, tm_grad_cos: 0.7783036231994629, tm_scale: 1.0, tm_ps_scale: 1.0, pcgrad_conflicts: 0/0 tmix: alpha=0.0 ramp=0.0 clean_correct_fraction=0.9296875 mean_weight=0.0 target_l1=0.0 temperature=1.0739999999999919
2026-10-07 22:33:19.477 | INFO     | __main__:<module>:1013 - lr:0.1 weight_nat: 0.25447186571332175, nat_loss: 0.011102003045380116, weight_adv: 0.7455281342866783, adv_loss: 0.02356674149632454 weight-klloss3 0.08174 Loss3: 0.045125190168619156 clean_ce: 0.14832369983196259, adv_ce: 1.1706562042236328, adv_margin: 0.5452188849449158, clean_gate: 0.5590431094169617, teacher_margin: 0.5156008005142212, teacher_margin_gate: 0.6967890858650208, teacher_clean_gate: 1.0, teacher_adv_gate: 1.0, tm_grad_cos: 0.7718403935432434, tm_scale: 1.0, tm_ps_scale: 1.0, pcgrad_conflicts: 0/0 tmix: alpha=0.0 ramp=0.0 clean_correct_fraction=0.9375 mean_weight=0.0 target_l1=0.0 temperature=1.0739999999999919
2026-10-07 22:33:52.263 | INFO     | __main__:<module>:1016 - TRAIN_EPOCH_RESOURCE epoch=94 seconds=143.06159461499192 peak_allocated_bytes=4954502144
2026-10-07 22:33:52.263 | INFO     | __main__:<module>:516 - METHOD epoch=95 views=1 awp_gamma=0.0 consistency_weight=0.0 awp_nat_weight=1.0
2026-10-07 22:33:52.263 | INFO     | __main__:<module>:519 - the 95th epoch 
2026-10-07 22:33:52.676 | INFO     | __main__:<module>:1013 - lr:0.1 weight_nat: 0.25599239408912244, nat_loss: 0.010039416141808033, weight_adv: 0.7440076059108776, adv_loss: 0.02352273091673851 weight-klloss3 0.08174 Loss3: 0.035569317638874054 clean_ce: 0.13263626396656036, adv_ce: 1.206909418106079, adv_margin: 0.5915054082870483, clean_gate: 0.5718833804130554, teacher_margin: 0.492857962846756, teacher_margin_gate: 0.6991048455238342, teacher_clean_gate: 1.0, teacher_adv_gate: 1.0, tm_grad_cos: 0.7857511639595032, tm_scale: 1.0, tm_ps_scale: 1.0, pcgrad_conflicts: 0/0 tmix: alpha=0.0 ramp=0.0 clean_correct_fraction=0.9375 mean_weight=0.0 target_l1=0.0 temperature=1.0709999999999922
2026-10-07 22:34:29.277 | INFO     | __main__:<module>:1013 - lr:0.1 weight_nat: 0.2669223866557125, nat_loss: 0.010183815844357014, weight_adv: 0.7330776133442876, adv_loss: 0.026364881545305252 weight-klloss3 0.08174 Loss3: 0.04082861542701721 clean_ce: 0.14485549926757812, adv_ce: 1.111685037612915, adv_margin: 0.5028483867645264, clean_gate: 0.5815308690071106, teacher_margin: 0.5513124465942383, teacher_margin_gate: 0.7172585129737854, teacher_clean_gate: 1.0, teacher_adv_gate: 1.0, tm_grad_cos: 0.771721363067627, tm_scale: 1.0, tm_ps_scale: 1.0, pcgrad_conflicts: 0/0 tmix: alpha=0.0 ramp=0.0 clean_correct_fraction=0.9453125 mean_weight=0.0 target_l1=0.0 temperature=1.0749999999999917
2026-10-07 22:35:05.867 | INFO     | __main__:<module>:1013 - lr:0.1 weight_nat: 0.24910289094492433, nat_loss: 0.009377839043736458, weight_adv: 0.7508971090550757, adv_loss: 0.028152700513601303 weight-klloss3 0.08174 Loss3: 0.045170631259679794 clean_ce: 0.14366112649440765, adv_ce: 1.1863175630569458, adv_margin: 0.6129119396209717, clean_gate: 0.5448189973831177, teacher_margin: 0.617202639579773, teacher_margin_gate: 0.723279595375061, teacher_clean_gate: 1.0, teacher_adv_gate: 1.0, tm_grad_cos: 0.8385965824127197, tm_scale: 1.0, tm_ps_scale: 1.0, pcgrad_conflicts: 0/0 tmix: alpha=0.0 ramp=0.0 clean_correct_fraction=0.953125 mean_weight=0.0 target_l1=0.0 temperature=1.072999999999992
2026-10-07 22:35:42.405 | INFO     | __main__:<module>:1013 - lr:0.1 weight_nat: 0.2572778359983952, nat_loss: 0.010268600657582283, weight_adv: 0.7427221640016048, adv_loss: 0.019909992814064026 weight-klloss3 0.08174 Loss3: 0.0270097516477108 clean_ce: 0.13529770076274872, adv_ce: 1.1778321266174316, adv_margin: 0.5567585229873657, clean_gate: 0.5724837779998779, teacher_margin: 0.4256705641746521, teacher_margin_gate: 0.6779297590255737, teacher_clean_gate: 1.0, teacher_adv_gate: 1.0, tm_grad_cos: 0.7689798474311829, tm_scale: 1.0, tm_ps_scale: 1.0, pcgrad_conflicts: 0/0 tmix: alpha=0.0 ramp=0.0 clean_correct_fraction=0.921875 mean_weight=0.0 target_l1=0.0 temperature=1.072999999999992
2026-10-07 22:36:15.125 | INFO     | __main__:<module>:1016 - TRAIN_EPOCH_RESOURCE epoch=95 seconds=142.86118977400474 peak_allocated_bytes=4954502144
2026-10-07 22:36:15.125 | INFO     | __main__:<module>:516 - METHOD epoch=96 views=1 awp_gamma=0.0 consistency_weight=0.0 awp_nat_weight=1.0
2026-10-07 22:36:15.125 | INFO     | __main__:<module>:519 - the 96th epoch 
2026-10-07 22:36:15.539 | INFO     | __main__:<module>:1013 - lr:0.1 weight_nat: 0.2559903724385811, nat_loss: 0.010727019980549812, weight_adv: 0.744009627561419, adv_loss: 0.025065120309591293 weight-klloss3 0.08174 Loss3: 0.05136922746896744 clean_ce: 0.14303161203861237, adv_ce: 1.2259235382080078, adv_margin: 0.6582018136978149, clean_gate: 0.5477659702301025, teacher_margin: 0.5460616946220398, teacher_margin_gate: 0.698699414730072, teacher_clean_gate: 1.0, teacher_adv_gate: 1.0, tm_grad_cos: 0.7790277600288391, tm_scale: 1.0, tm_ps_scale: 1.0, pcgrad_conflicts: 0/0 tmix: alpha=0.0 ramp=0.0 clean_correct_fraction=0.9296875 mean_weight=0.0 target_l1=0.0 temperature=1.0739999999999919
2026-10-07 22:36:52.058 | INFO     | __main__:<module>:1013 - lr:0.1 weight_nat: 0.26606283251404833, nat_loss: 0.00823820661753416, weight_adv: 0.7339371674859516, adv_loss: 0.019317008554935455 weight-klloss3 0.08174 Loss3: 0.044548168778419495 clean_ce: 0.15358848869800568, adv_ce: 1.0172276496887207, adv_margin: 0.43236732482910156, clean_gate: 0.6068557500839233, teacher_margin: 0.4741888642311096, teacher_margin_gate: 0.7363744378089905, teacher_clean_gate: 1.0, teacher_adv_gate: 1.0, tm_grad_cos: 0.7870172262191772, tm_scale: 1.0, tm_ps_scale: 1.0, pcgrad_conflicts: 0/0 tmix: alpha=0.0 ramp=0.0 clean_correct_fraction=0.9765625 mean_weight=0.0 target_l1=0.0 temperature=1.0759999999999916
2026-10-07 22:37:28.585 | INFO     | __main__:<module>:1013 - lr:0.1 weight_nat: 0.2619741716974809, nat_loss: 0.013094732537865639, weight_adv: 0.7380258283025192, adv_loss: 0.019331928342580795 weight-klloss3 0.08174 Loss3: 0.033808160573244095 clean_ce: 0.14451223611831665, adv_ce: 1.1461691856384277, adv_margin: 0.5499905347824097, clean_gate: 0.5569459199905396, teacher_margin: 0.4238022267818451, teacher_margin_gate: 0.6650811433792114, teacher_clean_gate: 1.0, teacher_adv_gate: 1.0, tm_grad_cos: 0.7875562310218811, tm_scale: 1.0, tm_ps_scale: 1.0, pcgrad_conflicts: 0/0 tmix: alpha=0.0 ramp=0.0 clean_correct_fraction=0.9296875 mean_weight=0.0 target_l1=0.0 temperature=1.0779999999999914
2026-10-07 22:38:05.122 | INFO     | __main__:<module>:1013 - lr:0.1 weight_nat: 0.25453395168744264, nat_loss: 0.008092976175248623, weight_adv: 0.7454660483125575, adv_loss: 0.02316051535308361 weight-klloss3 0.08174 Loss3: 0.04176917299628258 clean_ce: 0.1527816504240036, adv_ce: 1.1537836790084839, adv_margin: 0.5433582067489624, clean_gate: 0.5760581493377686, teacher_margin: 0.5093268156051636, teacher_margin_gate: 0.7097764015197754, teacher_clean_gate: 1.0, teacher_adv_gate: 1.0, tm_grad_cos: 0.7657720446586609, tm_scale: 1.0, tm_ps_scale: 1.0, pcgrad_conflicts: 0/0 tmix: alpha=0.0 ramp=0.0 clean_correct_fraction=0.9375 mean_weight=0.0 target_l1=0.0 temperature=1.0739999999999919
2026-10-07 22:38:37.843 | INFO     | __main__:<module>:1016 - TRAIN_EPOCH_RESOURCE epoch=96 seconds=142.7180872708559 peak_allocated_bytes=4954502144
2026-10-07 22:38:37.844 | INFO     | __main__:<module>:516 - METHOD epoch=97 views=1 awp_gamma=0.0 consistency_weight=0.0 awp_nat_weight=1.0
2026-10-07 22:38:37.844 | INFO     | __main__:<module>:519 - the 97th epoch 
2026-10-07 22:38:38.258 | INFO     | __main__:<module>:1013 - lr:0.1 weight_nat: 0.2586658134960819, nat_loss: 0.01091932412236929, weight_adv: 0.7413341865039181, adv_loss: 0.022430120036005974 weight-klloss3 0.08174 Loss3: 0.0397515669465065 clean_ce: 0.15397129952907562, adv_ce: 1.1408861875534058, adv_margin: 0.5182049870491028, clean_gate: 0.5818828344345093, teacher_margin: 0.5642839670181274, teacher_margin_gate: 0.7402139902114868, teacher_clean_gate: 1.0, teacher_adv_gate: 1.0, tm_grad_cos: 0.8204394578933716, tm_scale: 1.0, tm_ps_scale: 1.0, pcgrad_conflicts: 0/0 tmix: alpha=0.0 ramp=0.0 clean_correct_fraction=0.9296875 mean_weight=0.0 target_l1=0.0 temperature=1.0769999999999915
2026-10-07 22:39:14.804 | INFO     | __main__:<module>:1013 - lr:0.1 weight_nat: 0.25555983496756346, nat_loss: 0.011357801966369152, weight_adv: 0.7444401650324366, adv_loss: 0.017965395003557205 weight-klloss3 0.08174 Loss3: 0.032672807574272156 clean_ce: 0.1433611959218979, adv_ce: 1.05686616897583, adv_margin: 0.48747357726097107, clean_gate: 0.60713791847229, teacher_margin: 0.4107835292816162, teacher_margin_gate: 0.6985589265823364, teacher_clean_gate: 1.0, teacher_adv_gate: 1.0, tm_grad_cos: 0.7868471145629883, tm_scale: 1.0, tm_ps_scale: 1.0, pcgrad_conflicts: 0/0 tmix: alpha=0.0 ramp=0.0 clean_correct_fraction=0.90625 mean_weight=0.0 target_l1=0.0 temperature=1.0769999999999915
2026-10-07 22:39:51.341 | INFO     | __main__:<module>:1013 - lr:0.1 weight_nat: 0.25295679326490034, nat_loss: 0.012901253066956997, weight_adv: 0.7470432067350996, adv_loss: 0.019829798489809036 weight-klloss3 0.08174 Loss3: 0.021624155342578888 clean_ce: 0.1447622925043106, adv_ce: 1.1611822843551636, adv_margin: 0.5007045269012451, clean_gate: 0.5630136728286743, teacher_margin: 0.48974326252937317, teacher_margin_gate: 0.6838354468345642, teacher_clean_gate: 1.0, teacher_adv_gate: 1.0, tm_grad_cos: 0.8090075254440308, tm_scale: 1.0, tm_ps_scale: 1.0, pcgrad_conflicts: 0/0 tmix: alpha=0.0 ramp=0.0 clean_correct_fraction=0.9375 mean_weight=0.0 target_l1=0.0 temperature=1.0769999999999915
2026-10-07 22:40:27.869 | INFO     | __main__:<module>:1013 - lr:0.1 weight_nat: 0.25079100193336223, nat_loss: 0.012181288562715054, weight_adv: 0.7492089980666378, adv_loss: 0.026665914803743362 weight-klloss3 0.08174 Loss3: 0.03533485159277916 clean_ce: 0.13496840000152588, adv_ce: 1.3175703287124634, adv_margin: 0.6698760390281677, clean_gate: 0.5071204304695129, teacher_margin: 0.5505738258361816, teacher_margin_gate: 0.6665385961532593, teacher_clean_gate: 1.0, teacher_adv_gate: 1.0, tm_grad_cos: 0.7859033942222595, tm_scale: 1.0, tm_ps_scale: 1.0, pcgrad_conflicts: 0/0 tmix: alpha=0.0 ramp=0.0 clean_correct_fraction=0.953125 mean_weight=0.0 target_l1=0.0 temperature=1.0789999999999913
2026-10-07 22:41:00.584 | INFO     | __main__:<module>:1016 - TRAIN_EPOCH_RESOURCE epoch=97 seconds=142.7396401569713 peak_allocated_bytes=4954502144
2026-10-07 22:41:00.584 | INFO     | __main__:<module>:516 - METHOD epoch=98 views=1 awp_gamma=0.0 consistency_weight=0.0 awp_nat_weight=1.0
2026-10-07 22:41:00.584 | INFO     | __main__:<module>:519 - the 98th epoch 
2026-10-07 22:41:00.997 | INFO     | __main__:<module>:1013 - lr:0.1 weight_nat: 0.25267724561850485, nat_loss: 0.010292395949363708, weight_adv: 0.7473227543814952, adv_loss: 0.01960783824324608 weight-klloss3 0.08174 Loss3: 0.02527041919529438 clean_ce: 0.16257348656654358, adv_ce: 1.0883946418762207, adv_margin: 0.4994353950023651, clean_gate: 0.6000471115112305, teacher_margin: 0.43648597598075867, teacher_margin_gate: 0.7084270715713501, teacher_clean_gate: 1.0, teacher_adv_gate: 1.0, tm_grad_cos: 0.7788916826248169, tm_scale: 1.0, tm_ps_scale: 1.0, pcgrad_conflicts: 0/0 tmix: alpha=0.0 ramp=0.0 clean_correct_fraction=0.9453125 mean_weight=0.0 target_l1=0.0 temperature=1.0739999999999919
2026-10-07 22:41:37.532 | INFO     | __main__:<module>:1013 - lr:0.1 weight_nat: 0.258213866015159, nat_loss: 0.01051544863730669, weight_adv: 0.7417861339848411, adv_loss: 0.016813483089208603 weight-klloss3 0.08174 Loss3: 0.02895895577967167 clean_ce: 0.15364696085453033, adv_ce: 1.0769258737564087, adv_margin: 0.46082568168640137, clean_gate: 0.6005744338035583, teacher_margin: 0.3407757878303528, teacher_margin_gate: 0.6697537899017334, teacher_clean_gate: 1.0, teacher_adv_gate: 1.0, tm_grad_cos: 0.7248356938362122, tm_scale: 1.0, tm_ps_scale: 1.0, pcgrad_conflicts: 0/0 tmix: alpha=0.0 ramp=0.0 clean_correct_fraction=0.8984375 mean_weight=0.0 target_l1=0.0 temperature=1.0779999999999914
2026-10-07 22:42:14.067 | INFO     | __main__:<module>:1013 - lr:0.1 weight_nat: 0.2553650150113412, nat_loss: 0.010083997622132301, weight_adv: 0.7446349849886589, adv_loss: 0.023836052045226097 weight-klloss3 0.08174 Loss3: 0.03527893126010895 clean_ce: 0.128731369972229, adv_ce: 1.1598174571990967, adv_margin: 0.5056067705154419, clean_gate: 0.5743551850318909, teacher_margin: 0.5594371557235718, teacher_margin_gate: 0.7415027618408203, teacher_clean_gate: 1.0, teacher_adv_gate: 1.0, tm_grad_cos: 0.806189775466919, tm_scale: 1.0, tm_ps_scale: 1.0, pcgrad_conflicts: 0/0 tmix: alpha=0.0 ramp=0.0 clean_correct_fraction=0.9609375 mean_weight=0.0 target_l1=0.0 temperature=1.0679999999999925
2026-10-07 22:42:50.613 | INFO     | __main__:<module>:1013 - lr:0.1 weight_nat: 0.25432678998489966, nat_loss: 0.014393157325685024, weight_adv: 0.7456732100151003, adv_loss: 0.02659308724105358 weight-klloss3 0.08174 Loss3: 0.036136433482170105 clean_ce: 0.12326684594154358, adv_ce: 1.3198649883270264, adv_margin: 0.7396073341369629, clean_gate: 0.5144776105880737, teacher_margin: 0.5783193111419678, teacher_margin_gate: 0.6792862415313721, teacher_clean_gate: 1.0, teacher_adv_gate: 1.0, tm_grad_cos: 0.7868741154670715, tm_scale: 1.0, tm_ps_scale: 1.0, pcgrad_conflicts: 0/0 tmix: alpha=0.0 ramp=0.0 clean_correct_fraction=0.9453125 mean_weight=0.0 target_l1=0.0 temperature=1.0839999999999907
2026-10-07 22:43:23.341 | INFO     | __main__:<module>:1016 - TRAIN_EPOCH_RESOURCE epoch=98 seconds=142.7571719121188 peak_allocated_bytes=4954502144
2026-10-07 22:43:23.342 | INFO     | __main__:<module>:516 - METHOD epoch=99 views=1 awp_gamma=0.0 consistency_weight=0.0 awp_nat_weight=1.0
2026-10-07 22:43:23.342 | INFO     | __main__:<module>:519 - the 99th epoch 
2026-10-07 22:43:23.757 | INFO     | __main__:<module>:1013 - lr:0.1 weight_nat: 0.2564859569151174, nat_loss: 0.010568560101091862, weight_adv: 0.7435140430848827, adv_loss: 0.025454126298427582 weight-klloss3 0.08174 Loss3: 0.033723361790180206 clean_ce: 0.12797671556472778, adv_ce: 1.2964580059051514, adv_margin: 0.7448757290840149, clean_gate: 0.516284704208374, teacher_margin: 0.5187553763389587, teacher_margin_gate: 0.6554629802703857, teacher_clean_gate: 1.0, teacher_adv_gate: 1.0, tm_grad_cos: 0.7795907855033875, tm_scale: 1.0, tm_ps_scale: 1.0, pcgrad_conflicts: 0/0 tmix: alpha=0.0 ramp=0.0 clean_correct_fraction=0.8984375 mean_weight=0.0 target_l1=0.0 temperature=1.0769999999999915
2026-10-07 22:44:00.280 | INFO     | __main__:<module>:1013 - lr:0.1 weight_nat: 0.2598716864014208, nat_loss: 0.01683872379362583, weight_adv: 0.7401283135985792, adv_loss: 0.023879067972302437 weight-klloss3 0.08174 Loss3: 0.0275772362947464 clean_ce: 0.16449673473834991, adv_ce: 1.1037195920944214, adv_margin: 0.4654715359210968, clean_gate: 0.5932847261428833, teacher_margin: 0.49819034337997437, teacher_margin_gate: 0.7064439058303833, teacher_clean_gate: 1.0, teacher_adv_gate: 1.0, tm_grad_cos: 0.7800627946853638, tm_scale: 1.0, tm_ps_scale: 1.0, pcgrad_conflicts: 0/0 tmix: alpha=0.0 ramp=0.0 clean_correct_fraction=0.9609375 mean_weight=0.0 target_l1=0.0 temperature=1.0829999999999909
2026-10-07 22:44:36.808 | INFO     | __main__:<module>:1013 - lr:0.1 weight_nat: 0.24733291014603764, nat_loss: 0.012125416658818722, weight_adv: 0.7526670898539624, adv_loss: 0.02260114811360836 weight-klloss3 0.08174 Loss3: 0.04054734483361244 clean_ce: 0.15197564661502838, adv_ce: 1.1502434015274048, adv_margin: 0.48564213514328003, clean_gate: 0.5739732980728149, teacher_margin: 0.49060291051864624, teacher_margin_gate: 0.6956929564476013, teacher_clean_gate: 1.0, teacher_adv_gate: 1.0, tm_grad_cos: 0.7740212082862854, tm_scale: 1.0, tm_ps_scale: 1.0, pcgrad_conflicts: 0/0 tmix: alpha=0.0 ramp=0.0 clean_correct_fraction=0.9140625 mean_weight=0.0 target_l1=0.0 temperature=1.0789999999999913
2026-10-07 22:45:13.336 | INFO     | __main__:<module>:1013 - lr:0.1 weight_nat: 0.25922343986964713, nat_loss: 0.017167774960398674, weight_adv: 0.7407765601303529, adv_loss: 0.030614439398050308 weight-klloss3 0.08174 Loss3: 0.03242909908294678 clean_ce: 0.1415734887123108, adv_ce: 1.2889227867126465, adv_margin: 0.6567171812057495, clean_gate: 0.5205807685852051, teacher_margin: 0.7070478796958923, teacher_margin_gate: 0.7314636707305908, teacher_clean_gate: 1.0, teacher_adv_gate: 1.0, tm_grad_cos: 0.8435506820678711, tm_scale: 1.0, tm_ps_scale: 1.0, pcgrad_conflicts: 0/0 tmix: alpha=0.0 ramp=0.0 clean_correct_fraction=0.953125 mean_weight=0.0 target_l1=0.0 temperature=1.0869999999999904
2026-10-07 22:45:46.050 | INFO     | __main__:<module>:1016 - TRAIN_EPOCH_RESOURCE epoch=99 seconds=142.7087193778716 peak_allocated_bytes=4954502144
2026-10-07 22:45:46.051 | INFO     | __main__:<module>:516 - METHOD epoch=100 views=1 awp_gamma=0.0 consistency_weight=0.0 awp_nat_weight=1.0
2026-10-07 22:45:46.051 | INFO     | __main__:<module>:519 - the 100th epoch 
2026-10-07 22:45:46.464 | INFO     | __main__:<module>:1013 - lr:0.1 weight_nat: 0.260412887162362, nat_loss: 0.013671621680259705, weight_adv: 0.739587112837638, adv_loss: 0.02273385599255562 weight-klloss3 0.08174 Loss3: 0.022208143025636673 clean_ce: 0.1374519318342209, adv_ce: 1.1723278760910034, adv_margin: 0.5475187301635742, clean_gate: 0.5627915859222412, teacher_margin: 0.5159757137298584, teacher_margin_gate: 0.6893726587295532, teacher_clean_gate: 1.0, teacher_adv_gate: 1.0, tm_grad_cos: 0.802697479724884, tm_scale: 1.0, tm_ps_scale: 1.0, pcgrad_conflicts: 0/0 tmix: alpha=0.0 ramp=0.0 clean_correct_fraction=0.9140625 mean_weight=0.0 target_l1=0.0 temperature=1.081999999999991
2026-10-07 22:46:22.992 | INFO     | __main__:<module>:1013 - lr:0.1 weight_nat: 0.2529595203707539, nat_loss: 0.010668314062058926, weight_adv: 0.7470404796292461, adv_loss: 0.022092364728450775 weight-klloss3 0.08174 Loss3: 0.034447081387043 clean_ce: 0.13778245449066162, adv_ce: 1.1636208295822144, adv_margin: 0.5551724433898926, clean_gate: 0.5551350116729736, teacher_margin: 0.502544641494751, teacher_margin_gate: 0.6838206648826599, teacher_clean_gate: 1.0, teacher_adv_gate: 1.0, tm_grad_cos: 0.7814198732376099, tm_scale: 1.0, tm_ps_scale: 1.0, pcgrad_conflicts: 0/0 tmix: alpha=0.0 ramp=0.0 clean_correct_fraction=0.9296875 mean_weight=0.0 target_l1=0.0 temperature=1.081999999999991
2026-10-07 22:46:59.590 | INFO     | __main__:<module>:1013 - lr:0.1 weight_nat: 0.261048267020094, nat_loss: 0.010612046346068382, weight_adv: 0.738951732979906, adv_loss: 0.018662314862012863 weight-klloss3 0.08174 Loss3: 0.02907566726207733 clean_ce: 0.17651955783367157, adv_ce: 0.9700295925140381, adv_margin: 0.3506465256214142, clean_gate: 0.6031157970428467, teacher_margin: 0.49812769889831543, teacher_margin_gate: 0.7391688227653503, teacher_clean_gate: 1.0, teacher_adv_gate: 1.0, tm_grad_cos: 0.8225178718566895, tm_scale: 1.0, tm_ps_scale: 1.0, pcgrad_conflicts: 0/0 tmix: alpha=0.0 ramp=0.0 clean_correct_fraction=0.9375 mean_weight=0.0 target_l1=0.0 temperature=1.0839999999999907
2026-10-07 22:47:36.207 | INFO     | __main__:<module>:1013 - lr:0.1 weight_nat: 0.2523485501851722, nat_loss: 0.01105396170169115, weight_adv: 0.7476514498148279, adv_loss: 0.027215465903282166 weight-klloss3 0.08174 Loss3: 0.031248031184077263 clean_ce: 0.1275198608636856, adv_ce: 1.2562121152877808, adv_margin: 0.646182656288147, clean_gate: 0.5233427286148071, teacher_margin: 0.6109642386436462, teacher_margin_gate: 0.6915868520736694, teacher_clean_gate: 1.0, teacher_adv_gate: 1.0, tm_grad_cos: 0.8205558061599731, tm_scale: 1.0, tm_ps_scale: 1.0, pcgrad_conflicts: 0/0 tmix: alpha=0.0 ramp=0.0 clean_correct_fraction=0.921875 mean_weight=0.0 target_l1=0.0 temperature=1.081999999999991
2026-10-07 22:48:09.006 | INFO     | __main__:<module>:1016 - TRAIN_EPOCH_RESOURCE epoch=100 seconds=142.954885909101 peak_allocated_bytes=4954502144
2026-10-07 22:48:09.006 | INFO     | __main__:<module>:516 - METHOD epoch=101 views=1 awp_gamma=0.0 consistency_weight=0.0 awp_nat_weight=1.0
2026-10-07 22:48:09.006 | INFO     | __main__:<module>:519 - the 101th epoch 
2026-10-07 22:48:09.421 | INFO     | __main__:<module>:1013 - lr:0.1 weight_nat: 0.2527105290179032, nat_loss: 0.011127455160021782, weight_adv: 0.7472894709820967, adv_loss: 0.020833820104599 weight-klloss3 0.08174 Loss3: 0.03710921108722687 clean_ce: 0.15236705541610718, adv_ce: 1.048101782798767, adv_margin: 0.352355420589447, clean_gate: 0.5911021828651428, teacher_margin: 0.4752119481563568, teacher_margin_gate: 0.6969567537307739, teacher_clean_gate: 1.0, teacher_adv_gate: 1.0, tm_grad_cos: 0.8059278130531311, tm_scale: 1.0, tm_ps_scale: 1.0, pcgrad_conflicts: 0/0 tmix: alpha=0.0 ramp=0.0 clean_correct_fraction=0.96875 mean_weight=0.0 target_l1=0.0 temperature=1.0789999999999913
2026-10-07 22:48:46.029 | INFO     | __main__:<module>:1013 - lr:0.1 weight_nat: 0.2602285673459846, nat_loss: 0.008986973203718662, weight_adv: 0.7397714326540155, adv_loss: 0.01857808604836464 weight-klloss3 0.08174 Loss3: 0.03783562034368515 clean_ce: 0.14775577187538147, adv_ce: 0.9797440767288208, adv_margin: 0.37081271409988403, clean_gate: 0.6084027290344238, teacher_margin: 0.4936097264289856, teacher_margin_gate: 0.7327829599380493, teacher_clean_gate: 1.0, teacher_adv_gate: 1.0, tm_grad_cos: 0.8333083987236023, tm_scale: 1.0, tm_ps_scale: 1.0, pcgrad_conflicts: 0/0 tmix: alpha=0.0 ramp=0.0 clean_correct_fraction=0.9296875 mean_weight=0.0 target_l1=0.0 temperature=1.0749999999999917
2026-10-07 22:49:22.650 | INFO     | __main__:<module>:1013 - lr:0.1 weight_nat: 0.25586453917521623, nat_loss: 0.009884650819003582, weight_adv: 0.7441354608247839, adv_loss: 0.020274430513381958 weight-klloss3 0.08174 Loss3: 0.0347498394548893 clean_ce: 0.14816966652870178, adv_ce: 1.091951608657837, adv_margin: 0.5398159027099609, clean_gate: 0.5864664912223816, teacher_margin: 0.4326585531234741, teacher_margin_gate: 0.6992120742797852, teacher_clean_gate: 1.0, teacher_adv_gate: 1.0, tm_grad_cos: 0.7632232308387756, tm_scale: 1.0, tm_ps_scale: 1.0, pcgrad_conflicts: 0/0 tmix: alpha=0.0 ramp=0.0 clean_correct_fraction=0.9453125 mean_weight=0.0 target_l1=0.0 temperature=1.080999999999991
2026-10-07 22:49:59.194 | INFO     | __main__:<module>:1013 - lr:0.1 weight_nat: 0.2553928014465605, nat_loss: 0.011792090721428394, weight_adv: 0.7446071985534396, adv_loss: 0.02811366878449917 weight-klloss3 0.08174 Loss3: 0.03506705164909363 clean_ce: 0.14147838950157166, adv_ce: 1.2291593551635742, adv_margin: 0.5788587331771851, clean_gate: 0.5309115648269653, teacher_margin: 0.6196284294128418, teacher_margin_gate: 0.6843712329864502, teacher_clean_gate: 1.0, teacher_adv_gate: 1.0, tm_grad_cos: 0.8195751905441284, tm_scale: 1.0, tm_ps_scale: 1.0, pcgrad_conflicts: 0/0 tmix: alpha=0.0 ramp=0.0 clean_correct_fraction=0.9375 mean_weight=0.0 target_l1=0.0 temperature=1.0749999999999917
2026-10-07 22:50:31.899 | INFO     | __main__:<module>:1016 - TRAIN_EPOCH_RESOURCE epoch=101 seconds=142.8928785198368 peak_allocated_bytes=4954502144
2026-10-07 22:50:31.899 | INFO     | __main__:<module>:516 - METHOD epoch=102 views=1 awp_gamma=0.0 consistency_weight=0.0 awp_nat_weight=1.0
2026-10-07 22:50:31.899 | INFO     | __main__:<module>:519 - the 102th epoch 
2026-10-07 22:50:32.313 | INFO     | __main__:<module>:1013 - lr:0.1 weight_nat: 0.2529609892875507, nat_loss: 0.012973255477845669, weight_adv: 0.7470390107124494, adv_loss: 0.0249030664563179 weight-klloss3 0.08174 Loss3: 0.03198840096592903 clean_ce: 0.14278528094291687, adv_ce: 1.2398682832717896, adv_margin: 0.6608465313911438, clean_gate: 0.54249107837677, teacher_margin: 0.5155576467514038, teacher_margin_gate: 0.6719823479652405, teacher_clean_gate: 1.0, teacher_adv_gate: 1.0, tm_grad_cos: 0.8070205450057983, tm_scale: 1.0, tm_ps_scale: 1.0, pcgrad_conflicts: 0/0 tmix: alpha=0.0 ramp=0.0 clean_correct_fraction=0.890625 mean_weight=0.0 target_l1=0.0 temperature=1.0839999999999907
2026-10-07 22:51:08.835 | INFO     | __main__:<module>:1013 - lr:0.1 weight_nat: 0.25575176081124895, nat_loss: 0.012574701569974422, weight_adv: 0.744248239188751, adv_loss: 0.022832080721855164 weight-klloss3 0.08174 Loss3: 0.032100021839141846 clean_ce: 0.13610628247261047, adv_ce: 1.3736368417739868, adv_margin: 0.6897122263908386, clean_gate: 0.5142351388931274, teacher_margin: 0.43860673904418945, teacher_margin_gate: 0.6096232533454895, teacher_clean_gate: 1.0, teacher_adv_gate: 1.0, tm_grad_cos: 0.7405152320861816, tm_scale: 1.0, tm_ps_scale: 1.0, pcgrad_conflicts: 0/0 tmix: alpha=0.0 ramp=0.0 clean_correct_fraction=0.9140625 mean_weight=0.0 target_l1=0.0 temperature=1.0799999999999912
2026-10-07 22:51:45.353 | INFO     | __main__:<module>:1013 - lr:0.1 weight_nat: 0.25298543971061305, nat_loss: 0.011987644247710705, weight_adv: 0.7470145602893871, adv_loss: 0.017827842384576797 weight-klloss3 0.08174 Loss3: 0.037070345133543015 clean_ce: 0.15298879146575928, adv_ce: 1.1001198291778564, adv_margin: 0.4652372896671295, clean_gate: 0.5784897208213806, teacher_margin: 0.4133005142211914, teacher_margin_gate: 0.680462658405304, teacher_clean_gate: 1.0, teacher_adv_gate: 1.0, tm_grad_cos: 0.7671775221824646, tm_scale: 1.0, tm_ps_scale: 1.0, pcgrad_conflicts: 0/0 tmix: alpha=0.0 ramp=0.0 clean_correct_fraction=0.9609375 mean_weight=0.0 target_l1=0.0 temperature=1.081999999999991
2026-10-07 22:52:21.879 | INFO     | __main__:<module>:1013 - lr:0.1 weight_nat: 0.25348334561949215, nat_loss: 0.012662450782954693, weight_adv: 0.7465166543805078, adv_loss: 0.024628715589642525 weight-klloss3 0.08174 Loss3: 0.034995824098587036 clean_ce: 0.1486235111951828, adv_ce: 1.0957565307617188, adv_margin: 0.4179685115814209, clean_gate: 0.5748070478439331, teacher_margin: 0.5345243215560913, teacher_margin_gate: 0.7131438255310059, teacher_clean_gate: 1.0, teacher_adv_gate: 1.0, tm_grad_cos: 0.7857852578163147, tm_scale: 1.0, tm_ps_scale: 1.0, pcgrad_conflicts: 0/0 tmix: alpha=0.0 ramp=0.0 clean_correct_fraction=0.9453125 mean_weight=0.0 target_l1=0.0 temperature=1.0859999999999905
2026-10-07 22:52:54.703 | INFO     | __main__:<module>:1016 - TRAIN_EPOCH_RESOURCE epoch=102 seconds=142.80309618706815 peak_allocated_bytes=4954502144
2026-10-07 22:52:54.703 | INFO     | __main__:<module>:516 - METHOD epoch=103 views=1 awp_gamma=0.0 consistency_weight=0.0 awp_nat_weight=1.0
2026-10-07 22:52:54.703 | INFO     | __main__:<module>:519 - the 103th epoch 
2026-10-07 22:52:55.116 | INFO     | __main__:<module>:1013 - lr:0.1 weight_nat: 0.25193531559858423, nat_loss: 0.010266393423080444, weight_adv: 0.7480646844014158, adv_loss: 0.027441415935754776 weight-klloss3 0.08174 Loss3: 0.03438236564397812 clean_ce: 0.1394548863172531, adv_ce: 1.2073585987091064, adv_margin: 0.5923608541488647, clean_gate: 0.5678483247756958, teacher_margin: 0.5824770927429199, teacher_margin_gate: 0.7174317836761475, teacher_clean_gate: 1.0, teacher_adv_gate: 1.0, tm_grad_cos: 0.784713089466095, tm_scale: 1.0, tm_ps_scale: 1.0, pcgrad_conflicts: 0/0 tmix: alpha=0.0 ramp=0.0 clean_correct_fraction=0.9375 mean_weight=0.0 target_l1=0.0 temperature=1.0869999999999904
2026-10-07 22:53:31.793 | INFO     | __main__:<module>:1013 - lr:0.1 weight_nat: 0.2561190378741638, nat_loss: 0.013461417518556118, weight_adv: 0.7438809621258363, adv_loss: 0.020016048103570938 weight-klloss3 0.08174 Loss3: 0.029725652188062668 clean_ce: 0.12941738963127136, adv_ce: 1.1459283828735352, adv_margin: 0.5106008648872375, clean_gate: 0.5613253712654114, teacher_margin: 0.4907380938529968, teacher_margin_gate: 0.6921148300170898, teacher_clean_gate: 1.0, teacher_adv_gate: 1.0, tm_grad_cos: 0.8082353472709656, tm_scale: 1.0, tm_ps_scale: 1.0, pcgrad_conflicts: 0/0 tmix: alpha=0.0 ramp=0.0 clean_correct_fraction=0.9453125 mean_weight=0.0 target_l1=0.0 temperature=1.0869999999999904
2026-10-07 22:54:08.445 | INFO     | __main__:<module>:1013 - lr:0.1 weight_nat: 0.25714406591997696, nat_loss: 0.012318285182118416, weight_adv: 0.742855934080023, adv_loss: 0.02343849092721939 weight-klloss3 0.08174 Loss3: 0.026115819811820984 clean_ce: 0.14802780747413635, adv_ce: 1.0173664093017578, adv_margin: 0.38974717259407043, clean_gate: 0.6107364892959595, teacher_margin: 0.5397940874099731, teacher_margin_gate: 0.7492061853408813, teacher_clean_gate: 1.0, teacher_adv_gate: 1.0, tm_grad_cos: 0.7858445644378662, tm_scale: 1.0, tm_ps_scale: 1.0, pcgrad_conflicts: 0/0 tmix: alpha=0.0 ramp=0.0 clean_correct_fraction=0.9609375 mean_weight=0.0 target_l1=0.0 temperature=1.080999999999991
2026-10-07 22:54:45.124 | INFO     | __main__:<module>:1013 - lr:0.1 weight_nat: 0.25097605379465876, nat_loss: 0.012361685745418072, weight_adv: 0.7490239462053412, adv_loss: 0.027188943699002266 weight-klloss3 0.08174 Loss3: 0.030225632712244987 clean_ce: 0.14016957581043243, adv_ce: 1.1939116716384888, adv_margin: 0.5517613887786865, clean_gate: 0.5458242297172546, teacher_margin: 0.5963563919067383, teacher_margin_gate: 0.7077859044075012, teacher_clean_gate: 1.0, teacher_adv_gate: 1.0, tm_grad_cos: 0.7905431985855103, tm_scale: 1.0, tm_ps_scale: 1.0, pcgrad_conflicts: 0/0 tmix: alpha=0.0 ramp=0.0 clean_correct_fraction=0.9296875 mean_weight=0.0 target_l1=0.0 temperature=1.0829999999999909
2026-10-07 22:55:17.980 | INFO     | __main__:<module>:1016 - TRAIN_EPOCH_RESOURCE epoch=103 seconds=143.27655352582224 peak_allocated_bytes=4954502144
2026-10-07 22:55:17.980 | INFO     | __main__:<module>:516 - METHOD epoch=104 views=1 awp_gamma=0.0 consistency_weight=0.0 awp_nat_weight=1.0
2026-10-07 22:55:17.980 | INFO     | __main__:<module>:519 - the 104th epoch 
2026-10-07 22:55:18.394 | INFO     | __main__:<module>:1013 - lr:0.1 weight_nat: 0.2611640594620581, nat_loss: 0.010594891384243965, weight_adv: 0.738835940537942, adv_loss: 0.020732920616865158 weight-klloss3 0.08174 Loss3: 0.034490425139665604 clean_ce: 0.14660151302814484, adv_ce: 1.215432047843933, adv_margin: 0.6624598503112793, clean_gate: 0.5723024606704712, teacher_margin: 0.42591190338134766, teacher_margin_gate: 0.6898180246353149, teacher_clean_gate: 1.0, teacher_adv_gate: 1.0, tm_grad_cos: 0.7891261577606201, tm_scale: 1.0, tm_ps_scale: 1.0, pcgrad_conflicts: 0/0 tmix: alpha=0.0 ramp=0.0 clean_correct_fraction=0.9140625 mean_weight=0.0 target_l1=0.0 temperature=1.0919999999999899
2026-10-07 22:55:55.087 | INFO     | __main__:<module>:1013 - lr:0.1 weight_nat: 0.2580204595309256, nat_loss: 0.007917246781289577, weight_adv: 0.7419795404690744, adv_loss: 0.018141798675060272 weight-klloss3 0.08174 Loss3: 0.03771891072392464 clean_ce: 0.15373271703720093, adv_ce: 0.9427509307861328, adv_margin: 0.33491796255111694, clean_gate: 0.6512434482574463, teacher_margin: 0.43302157521247864, teacher_margin_gate: 0.766475260257721, teacher_clean_gate: 1.0, teacher_adv_gate: 1.0, tm_grad_cos: 0.789296567440033, tm_scale: 1.0, tm_ps_scale: 1.0, pcgrad_conflicts: 0/0 tmix: alpha=0.0 ramp=0.0 clean_correct_fraction=0.96875 mean_weight=0.0 target_l1=0.0 temperature=1.0859999999999905
2026-10-07 22:56:31.771 | INFO     | __main__:<module>:1013 - lr:0.1 weight_nat: 0.25353545951894185, nat_loss: 0.009277048520743847, weight_adv: 0.7464645404810581, adv_loss: 0.01851809397339821 weight-klloss3 0.08174 Loss3: 0.03490051254630089 clean_ce: 0.17396652698516846, adv_ce: 1.0239145755767822, adv_margin: 0.39346981048583984, clean_gate: 0.6363375186920166, teacher_margin: 0.4450952708721161, teacher_margin_gate: 0.7603068947792053, teacher_clean_gate: 1.0, teacher_adv_gate: 1.0, tm_grad_cos: 0.7972865700721741, tm_scale: 1.0, tm_ps_scale: 1.0, pcgrad_conflicts: 0/0 tmix: alpha=0.0 ramp=0.0 clean_correct_fraction=0.9609375 mean_weight=0.0 target_l1=0.0 temperature=1.0839999999999907
2026-10-07 22:57:08.355 | INFO     | __main__:<module>:1013 - lr:0.1 weight_nat: 0.24811276955180275, nat_loss: 0.012121540494263172, weight_adv: 0.7518872304481973, adv_loss: 0.027851903811097145 weight-klloss3 0.08174 Loss3: 0.03735821321606636 clean_ce: 0.12491682171821594, adv_ce: 1.3044509887695312, adv_margin: 0.7059367299079895, clean_gate: 0.5166202783584595, teacher_margin: 0.5786818265914917, teacher_margin_gate: 0.6744837760925293, teacher_clean_gate: 1.0, teacher_adv_gate: 1.0, tm_grad_cos: 0.8060746192932129, tm_scale: 1.0, tm_ps_scale: 1.0, pcgrad_conflicts: 0/0 tmix: alpha=0.0 ramp=0.0 clean_correct_fraction=0.921875 mean_weight=0.0 target_l1=0.0 temperature=1.0799999999999912
2026-10-07 22:57:41.070 | INFO     | __main__:<module>:1016 - TRAIN_EPOCH_RESOURCE epoch=104 seconds=143.0900639120955 peak_allocated_bytes=4954502144
2026-10-07 22:57:41.071 | INFO     | __main__:<module>:516 - METHOD epoch=105 views=1 awp_gamma=0.0 consistency_weight=0.0 awp_nat_weight=1.0
2026-10-07 22:57:41.071 | INFO     | __main__:<module>:519 - the 105th epoch 
2026-10-07 22:57:41.484 | INFO     | __main__:<module>:1013 - lr:0.1 weight_nat: 0.25096837859408283, nat_loss: 0.0075489068403840065, weight_adv: 0.7490316214059173, adv_loss: 0.020281987264752388 weight-klloss3 0.08174 Loss3: 0.035167593508958817 clean_ce: 0.14638777077198029, adv_ce: 1.030461072921753, adv_margin: 0.3925260305404663, clean_gate: 0.5854699015617371, teacher_margin: 0.52534019947052, teacher_margin_gate: 0.7145268321037292, teacher_clean_gate: 1.0, teacher_adv_gate: 1.0, tm_grad_cos: 0.8301738500595093, tm_scale: 1.0, tm_ps_scale: 1.0, pcgrad_conflicts: 0/0 tmix: alpha=0.0 ramp=0.0 clean_correct_fraction=0.921875 mean_weight=0.0 target_l1=0.0 temperature=1.0829999999999909
2026-10-07 22:58:18.020 | INFO     | __main__:<module>:1013 - lr:0.1 weight_nat: 0.24742294060318823, nat_loss: 0.009013780392706394, weight_adv: 0.7525770593968117, adv_loss: 0.023368800058960915 weight-klloss3 0.08174 Loss3: 0.04760737344622612 clean_ce: 0.1398933231830597, adv_ce: 1.1572540998458862, adv_margin: 0.5771484971046448, clean_gate: 0.5583677887916565, teacher_margin: 0.5670344829559326, teacher_margin_gate: 0.7124373912811279, teacher_clean_gate: 1.0, teacher_adv_gate: 1.0, tm_grad_cos: 0.7945592999458313, tm_scale: 1.0, tm_ps_scale: 1.0, pcgrad_conflicts: 0/0 tmix: alpha=0.0 ramp=0.0 clean_correct_fraction=0.9375 mean_weight=0.0 target_l1=0.0 temperature=1.09099999999999
2026-10-07 22:58:54.947 | INFO     | __main__:<module>:1013 - lr:0.1 weight_nat: 0.2517492369792339, nat_loss: 0.011385316029191017, weight_adv: 0.7482507630207662, adv_loss: 0.01960398629307747 weight-klloss3 0.08174 Loss3: 0.02896193414926529 clean_ce: 0.1702541708946228, adv_ce: 1.0043611526489258, adv_margin: 0.41053760051727295, clean_gate: 0.6252231597900391, teacher_margin: 0.428094744682312, teacher_margin_gate: 0.723677933216095, teacher_clean_gate: 1.0, teacher_adv_gate: 1.0, tm_grad_cos: 0.7735471129417419, tm_scale: 1.0, tm_ps_scale: 1.0, pcgrad_conflicts: 0/0 tmix: alpha=0.0 ramp=0.0 clean_correct_fraction=0.9453125 mean_weight=0.0 target_l1=0.0 temperature=1.0849999999999906
2026-10-07 22:59:31.860 | INFO     | __main__:<module>:1013 - lr:0.1 weight_nat: 0.2553045313742828, nat_loss: 0.010867738164961338, weight_adv: 0.7446954686257173, adv_loss: 0.022336043417453766 weight-klloss3 0.08174 Loss3: 0.025752462446689606 clean_ce: 0.15141728520393372, adv_ce: 1.078731656074524, adv_margin: 0.44885700941085815, clean_gate: 0.5914340615272522, teacher_margin: 0.5059756636619568, teacher_margin_gate: 0.7200271487236023, teacher_clean_gate: 1.0, teacher_adv_gate: 1.0, tm_grad_cos: 0.7998566031455994, tm_scale: 1.0, tm_ps_scale: 1.0, pcgrad_conflicts: 0/0 tmix: alpha=0.0 ramp=0.0 clean_correct_fraction=0.953125 mean_weight=0.0 target_l1=0.0 temperature=1.09099999999999
2026-10-07 23:00:04.848 | INFO     | __main__:<module>:1016 - TRAIN_EPOCH_RESOURCE epoch=105 seconds=143.77738302387297 peak_allocated_bytes=4954502144
2026-10-07 23:00:04.849 | INFO     | __main__:<module>:516 - METHOD epoch=106 views=1 awp_gamma=0.0 consistency_weight=0.0 awp_nat_weight=1.0
2026-10-07 23:00:04.849 | INFO     | __main__:<module>:519 - the 106th epoch 
2026-10-07 23:00:05.264 | INFO     | __main__:<module>:1013 - lr:0.1 weight_nat: 0.2557880997518913, nat_loss: 0.009430542588233948, weight_adv: 0.7442119002481087, adv_loss: 0.02518271841108799 weight-klloss3 0.08174 Loss3: 0.023607462644577026 clean_ce: 0.1330377161502838, adv_ce: 1.1763994693756104, adv_margin: 0.5763368606567383, clean_gate: 0.547522783279419, teacher_margin: 0.5652925968170166, teacher_margin_gate: 0.7134231925010681, teacher_clean_gate: 1.0, teacher_adv_gate: 1.0, tm_grad_cos: 0.8361563086509705, tm_scale: 1.0, tm_ps_scale: 1.0, pcgrad_conflicts: 0/0 tmix: alpha=0.0 ramp=0.0 clean_correct_fraction=0.953125 mean_weight=0.0 target_l1=0.0 temperature=1.081999999999991
2026-10-07 23:00:42.097 | INFO     | __main__:<module>:1013 - lr:0.1 weight_nat: 0.252779910355946, nat_loss: 0.011290051974356174, weight_adv: 0.7472200896440541, adv_loss: 0.02213907055556774 weight-klloss3 0.08174 Loss3: 0.03034532442688942 clean_ce: 0.12565860152244568, adv_ce: 1.2566604614257812, adv_margin: 0.6384932994842529, clean_gate: 0.5172467827796936, teacher_margin: 0.5114865899085999, teacher_margin_gate: 0.6353148221969604, teacher_clean_gate: 1.0, teacher_adv_gate: 1.0, tm_grad_cos: 0.7923797965049744, tm_scale: 1.0, tm_ps_scale: 1.0, pcgrad_conflicts: 0/0 tmix: alpha=0.0 ramp=0.0 clean_correct_fraction=0.90625 mean_weight=0.0 target_l1=0.0 temperature=1.0879999999999903
2026-10-07 23:01:18.801 | INFO     | __main__:<module>:1013 - lr:0.1 weight_nat: 0.26145306470445784, nat_loss: 0.013522358611226082, weight_adv: 0.7385469352955423, adv_loss: 0.022037683054804802 weight-klloss3 0.08174 Loss3: 0.03627418726682663 clean_ce: 0.17146527767181396, adv_ce: 1.0739108324050903, adv_margin: 0.42971372604370117, clean_gate: 0.5914977788925171, teacher_margin: 0.4948740303516388, teacher_margin_gate: 0.7007057070732117, teacher_clean_gate: 1.0, teacher_adv_gate: 1.0, tm_grad_cos: 0.7878445982933044, tm_scale: 1.0, tm_ps_scale: 1.0, pcgrad_conflicts: 0/0 tmix: alpha=0.0 ramp=0.0 clean_correct_fraction=0.953125 mean_weight=0.0 target_l1=0.0 temperature=1.0839999999999907
2026-10-07 23:01:55.384 | INFO     | __main__:<module>:1013 - lr:0.1 weight_nat: 0.25468894793249586, nat_loss: 0.013691307976841927, weight_adv: 0.7453110520675043, adv_loss: 0.022435802966356277 weight-klloss3 0.08174 Loss3: 0.0259409099817276 clean_ce: 0.13068091869354248, adv_ce: 1.29021418094635, adv_margin: 0.7825900316238403, clean_gate: 0.5360783934593201, teacher_margin: 0.408516526222229, teacher_margin_gate: 0.6365625858306885, teacher_clean_gate: 1.0, teacher_adv_gate: 1.0, tm_grad_cos: 0.7315900921821594, tm_scale: 1.0, tm_ps_scale: 1.0, pcgrad_conflicts: 0/0 tmix: alpha=0.0 ramp=0.0 clean_correct_fraction=0.90625 mean_weight=0.0 target_l1=0.0 temperature=1.0859999999999905
2026-10-07 23:02:28.119 | INFO     | __main__:<module>:1016 - TRAIN_EPOCH_RESOURCE epoch=106 seconds=143.27023807913065 peak_allocated_bytes=4954502144
2026-10-07 23:02:28.119 | INFO     | __main__:<module>:516 - METHOD epoch=107 views=1 awp_gamma=0.0 consistency_weight=0.0 awp_nat_weight=1.0
2026-10-07 23:02:28.119 | INFO     | __main__:<module>:519 - the 107th epoch 
2026-10-07 23:02:28.533 | INFO     | __main__:<module>:1013 - lr:0.1 weight_nat: 0.252494165456961, nat_loss: 0.011545264162123203, weight_adv: 0.747505834543039, adv_loss: 0.020739685744047165 weight-klloss3 0.08174 Loss3: 0.036718737334012985 clean_ce: 0.1511567384004593, adv_ce: 1.1884108781814575, adv_margin: 0.5760736465454102, clean_gate: 0.5444525480270386, teacher_margin: 0.46340131759643555, teacher_margin_gate: 0.6595052480697632, teacher_clean_gate: 1.0, teacher_adv_gate: 1.0, tm_grad_cos: 0.7773065567016602, tm_scale: 1.0, tm_ps_scale: 1.0, pcgrad_conflicts: 0/0 tmix: alpha=0.0 ramp=0.0 clean_correct_fraction=0.9453125 mean_weight=0.0 target_l1=0.0 temperature=1.0849999999999906
2026-10-07 23:03:05.078 | INFO     | __main__:<module>:1013 - lr:0.1 weight_nat: 0.24938515989868054, nat_loss: 0.011297186836600304, weight_adv: 0.7506148401013194, adv_loss: 0.020796239376068115 weight-klloss3 0.08174 Loss3: 0.03442591428756714 clean_ce: 0.14629608392715454, adv_ce: 1.1850159168243408, adv_margin: 0.5939202904701233, clean_gate: 0.5825075507164001, teacher_margin: 0.4086310863494873, teacher_margin_gate: 0.6781076788902283, teacher_clean_gate: 1.0, teacher_adv_gate: 1.0, tm_grad_cos: 0.7374007105827332, tm_scale: 1.0, tm_ps_scale: 1.0, pcgrad_conflicts: 0/0 tmix: alpha=0.0 ramp=0.0 clean_correct_fraction=0.9140625 mean_weight=0.0 target_l1=0.0 temperature=1.0869999999999904
2026-10-07 23:03:41.611 | INFO     | __main__:<module>:1013 - lr:0.1 weight_nat: 0.2555363065672746, nat_loss: 0.013952860608696938, weight_adv: 0.7444636934327254, adv_loss: 0.02420809678733349 weight-klloss3 0.08174 Loss3: 0.02006121166050434 clean_ce: 0.1609201580286026, adv_ce: 1.1538645029067993, adv_margin: 0.5029146671295166, clean_gate: 0.5545378923416138, teacher_margin: 0.5264828205108643, teacher_margin_gate: 0.6921249628067017, teacher_clean_gate: 1.0, teacher_adv_gate: 1.0, tm_grad_cos: 0.8012832403182983, tm_scale: 1.0, tm_ps_scale: 1.0, pcgrad_conflicts: 0/0 tmix: alpha=0.0 ramp=0.0 clean_correct_fraction=0.9375 mean_weight=0.0 target_l1=0.0 temperature=1.0829999999999909
2026-10-07 23:04:18.137 | INFO     | __main__:<module>:1013 - lr:0.1 weight_nat: 0.25707963091977526, nat_loss: 0.009943361394107342, weight_adv: 0.7429203690802247, adv_loss: 0.021418044343590736 weight-klloss3 0.08174 Loss3: 0.0336211621761322 clean_ce: 0.1382383406162262, adv_ce: 1.1075137853622437, adv_margin: 0.511116087436676, clean_gate: 0.5630456805229187, teacher_margin: 0.5146486163139343, teacher_margin_gate: 0.6862999200820923, teacher_clean_gate: 1.0, teacher_adv_gate: 1.0, tm_grad_cos: 0.8036492466926575, tm_scale: 1.0, tm_ps_scale: 1.0, pcgrad_conflicts: 0/0 tmix: alpha=0.0 ramp=0.0 clean_correct_fraction=0.96875 mean_weight=0.0 target_l1=0.0 temperature=1.0849999999999906
2026-10-07 23:04:50.855 | INFO     | __main__:<module>:1016 - TRAIN_EPOCH_RESOURCE epoch=107 seconds=142.73577179387212 peak_allocated_bytes=4954502144
2026-10-07 23:04:50.856 | INFO     | __main__:<module>:516 - METHOD epoch=108 views=1 awp_gamma=0.0 consistency_weight=0.0 awp_nat_weight=1.0
2026-10-07 23:04:50.856 | INFO     | __main__:<module>:519 - the 108th epoch 
2026-10-07 23:04:51.269 | INFO     | __main__:<module>:1013 - lr:0.1 weight_nat: 0.25511914223877535, nat_loss: 0.010494478046894073, weight_adv: 0.7448808577612247, adv_loss: 0.022773250937461853 weight-klloss3 0.08174 Loss3: 0.0395975187420845 clean_ce: 0.13913506269454956, adv_ce: 1.2024526596069336, adv_margin: 0.5605093240737915, clean_gate: 0.5461709499359131, teacher_margin: 0.49818792939186096, teacher_margin_gate: 0.682516872882843, teacher_clean_gate: 1.0, teacher_adv_gate: 1.0, tm_grad_cos: 0.7905193567276001, tm_scale: 1.0, tm_ps_scale: 1.0, pcgrad_conflicts: 0/0 tmix: alpha=0.0 ramp=0.0 clean_correct_fraction=0.9453125 mean_weight=0.0 target_l1=0.0 temperature=1.0859999999999905
2026-10-07 23:05:27.808 | INFO     | __main__:<module>:1013 - lr:0.1 weight_nat: 0.25719106257151364, nat_loss: 0.011072973720729351, weight_adv: 0.7428089374284864, adv_loss: 0.027104295790195465 weight-klloss3 0.08174 Loss3: 0.03605294227600098 clean_ce: 0.13824234902858734, adv_ce: 1.1858690977096558, adv_margin: 0.5845516920089722, clean_gate: 0.5227328538894653, teacher_margin: 0.6595265865325928, teacher_margin_gate: 0.7147189378738403, teacher_clean_gate: 1.0, teacher_adv_gate: 1.0, tm_grad_cos: 0.828556478023529, tm_scale: 1.0, tm_ps_scale: 1.0, pcgrad_conflicts: 0/0 tmix: alpha=0.0 ramp=0.0 clean_correct_fraction=0.953125 mean_weight=0.0 target_l1=0.0 temperature=1.081999999999991
2026-10-07 23:06:04.402 | INFO     | __main__:<module>:1013 - lr:0.1 weight_nat: 0.2483343463811546, nat_loss: 0.011915194801986217, weight_adv: 0.7516656536188453, adv_loss: 0.020353015512228012 weight-klloss3 0.08174 Loss3: 0.035292480140924454 clean_ce: 0.14342086017131805, adv_ce: 1.1529077291488647, adv_margin: 0.4834991693496704, clean_gate: 0.5663002729415894, teacher_margin: 0.4635780453681946, teacher_margin_gate: 0.6822168231010437, teacher_clean_gate: 1.0, teacher_adv_gate: 1.0, tm_grad_cos: 0.7918570637702942, tm_scale: 1.0, tm_ps_scale: 1.0, pcgrad_conflicts: 0/0 tmix: alpha=0.0 ramp=0.0 clean_correct_fraction=0.921875 mean_weight=0.0 target_l1=0.0 temperature=1.0879999999999903
2026-10-07 23:06:41.022 | INFO     | __main__:<module>:1013 - lr:0.1 weight_nat: 0.2515789511040934, nat_loss: 0.009334007278084755, weight_adv: 0.7484210488959067, adv_loss: 0.022807255387306213 weight-klloss3 0.08174 Loss3: 0.03652708977460861 clean_ce: 0.13169047236442566, adv_ce: 1.1138311624526978, adv_margin: 0.5063614249229431, clean_gate: 0.5632211565971375, teacher_margin: 0.5385338068008423, teacher_margin_gate: 0.7054885029792786, teacher_clean_gate: 1.0, teacher_adv_gate: 1.0, tm_grad_cos: 0.8084748983383179, tm_scale: 1.0, tm_ps_scale: 1.0, pcgrad_conflicts: 0/0 tmix: alpha=0.0 ramp=0.0 clean_correct_fraction=0.953125 mean_weight=0.0 target_l1=0.0 temperature=1.0879999999999903
2026-10-07 23:07:13.800 | INFO     | __main__:<module>:1016 - TRAIN_EPOCH_RESOURCE epoch=108 seconds=142.94371128082275 peak_allocated_bytes=4954502144
2026-10-07 23:07:13.800 | INFO     | __main__:<module>:516 - METHOD epoch=109 views=1 awp_gamma=0.0 consistency_weight=0.0 awp_nat_weight=1.0
2026-10-07 23:07:13.800 | INFO     | __main__:<module>:519 - the 109th epoch 
2026-10-07 23:07:14.215 | INFO     | __main__:<module>:1013 - lr:0.1 weight_nat: 0.2504135301052754, nat_loss: 0.007690840866416693, weight_adv: 0.7495864698947247, adv_loss: 0.017830833792686462 weight-klloss3 0.08174 Loss3: 0.03494412079453468 clean_ce: 0.1375005841255188, adv_ce: 1.085230827331543, adv_margin: 0.5143791437149048, clean_gate: 0.5839823484420776, teacher_margin: 0.3981776833534241, teacher_margin_gate: 0.6759228110313416, teacher_clean_gate: 1.0, teacher_adv_gate: 1.0, tm_grad_cos: 0.7860568165779114, tm_scale: 1.0, tm_ps_scale: 1.0, pcgrad_conflicts: 0/0 tmix: alpha=0.0 ramp=0.0 clean_correct_fraction=0.921875 mean_weight=0.0 target_l1=0.0 temperature=1.0929999999999898
2026-10-07 23:07:50.812 | INFO     | __main__:<module>:1013 - lr:0.1 weight_nat: 0.25930977480837736, nat_loss: 0.012378682382404804, weight_adv: 0.7406902251916226, adv_loss: 0.022769644856452942 weight-klloss3 0.08174 Loss3: 0.043109770864248276 clean_ce: 0.13346421718597412, adv_ce: 1.2577883005142212, adv_margin: 0.6391057968139648, clean_gate: 0.5224325656890869, teacher_margin: 0.5372296571731567, teacher_margin_gate: 0.6684893369674683, teacher_clean_gate: 1.0, teacher_adv_gate: 1.0, tm_grad_cos: 0.7955787181854248, tm_scale: 1.0, tm_ps_scale: 1.0, pcgrad_conflicts: 0/0 tmix: alpha=0.0 ramp=0.0 clean_correct_fraction=0.921875 mean_weight=0.0 target_l1=0.0 temperature=1.0929999999999898
2026-10-07 23:08:27.401 | INFO     | __main__:<module>:1013 - lr:0.1 weight_nat: 0.25423597323529207, nat_loss: 0.009839523583650589, weight_adv: 0.7457640267647079, adv_loss: 0.021215736865997314 weight-klloss3 0.08174 Loss3: 0.04043322801589966 clean_ce: 0.14723795652389526, adv_ce: 1.1635364294052124, adv_margin: 0.5697889924049377, clean_gate: 0.5708798766136169, teacher_margin: 0.48852288722991943, teacher_margin_gate: 0.7079280614852905, teacher_clean_gate: 1.0, teacher_adv_gate: 1.0, tm_grad_cos: 0.789541482925415, tm_scale: 1.0, tm_ps_scale: 1.0, pcgrad_conflicts: 0/0 tmix: alpha=0.0 ramp=0.0 clean_correct_fraction=0.9140625 mean_weight=0.0 target_l1=0.0 temperature=1.0869999999999904
2026-10-07 23:09:04.029 | INFO     | __main__:<module>:1013 - lr:0.1 weight_nat: 0.25964349778157697, nat_loss: 0.015392241068184376, weight_adv: 0.740356502218423, adv_loss: 0.020642904564738274 weight-klloss3 0.08174 Loss3: 0.026373641565442085 clean_ce: 0.15169361233711243, adv_ce: 1.1885457038879395, adv_margin: 0.5182607173919678, clean_gate: 0.5707893967628479, teacher_margin: 0.4694823622703552, teacher_margin_gate: 0.692218005657196, teacher_clean_gate: 1.0, teacher_adv_gate: 1.0, tm_grad_cos: 0.7843824625015259, tm_scale: 1.0, tm_ps_scale: 1.0, pcgrad_conflicts: 0/0 tmix: alpha=0.0 ramp=0.0 clean_correct_fraction=0.9375 mean_weight=0.0 target_l1=0.0 temperature=1.0869999999999904
2026-10-07 23:09:36.798 | INFO     | __main__:<module>:1016 - TRAIN_EPOCH_RESOURCE epoch=109 seconds=142.99805021099746 peak_allocated_bytes=4954502144
2026-10-07 23:09:36.799 | INFO     | __main__:<module>:516 - METHOD epoch=110 views=1 awp_gamma=0.0 consistency_weight=0.0 awp_nat_weight=1.0
2026-10-07 23:09:36.799 | INFO     | __main__:<module>:519 - the 110th epoch 
2026-10-07 23:09:37.213 | INFO     | __main__:<module>:1013 - lr:0.1 weight_nat: 0.2494108886171505, nat_loss: 0.01003194134682417, weight_adv: 0.7505891113828496, adv_loss: 0.024199392646551132 weight-klloss3 0.08174 Loss3: 0.03704940155148506 clean_ce: 0.1417621672153473, adv_ce: 1.1434803009033203, adv_margin: 0.6107523441314697, clean_gate: 0.5670337677001953, teacher_margin: 0.5031255483627319, teacher_margin_gate: 0.7063499689102173, teacher_clean_gate: 1.0, teacher_adv_gate: 1.0, tm_grad_cos: 0.812412440776825, tm_scale: 1.0, tm_ps_scale: 1.0, pcgrad_conflicts: 0/0 tmix: alpha=0.0 ramp=0.0 clean_correct_fraction=0.921875 mean_weight=0.0 target_l1=0.0 temperature=1.099999999999989
2026-10-07 23:10:13.829 | INFO     | __main__:<module>:1013 - lr:0.1 weight_nat: 0.25403059099617564, nat_loss: 0.01257559098303318, weight_adv: 0.7459694090038244, adv_loss: 0.022431913763284683 weight-klloss3 0.08174 Loss3: 0.034831807017326355 clean_ce: 0.14922189712524414, adv_ce: 1.2285082340240479, adv_margin: 0.5785879492759705, clean_gate: 0.5514016151428223, teacher_margin: 0.481630802154541, teacher_margin_gate: 0.6683841943740845, teacher_clean_gate: 1.0, teacher_adv_gate: 1.0, tm_grad_cos: 0.7877416610717773, tm_scale: 1.0, tm_ps_scale: 1.0, pcgrad_conflicts: 0/0 tmix: alpha=0.0 ramp=0.0 clean_correct_fraction=0.9375 mean_weight=0.0 target_l1=0.0 temperature=1.0959999999999894
2026-10-07 23:10:50.471 | INFO     | __main__:<module>:1013 - lr:0.1 weight_nat: 0.2525548738533437, nat_loss: 0.007697798311710358, weight_adv: 0.7474451261466563, adv_loss: 0.021171418949961662 weight-klloss3 0.08174 Loss3: 0.04042508080601692 clean_ce: 0.14507582783699036, adv_ce: 1.1270558834075928, adv_margin: 0.5442162752151489, clean_gate: 0.576999306678772, teacher_margin: 0.4654327630996704, teacher_margin_gate: 0.712393045425415, teacher_clean_gate: 1.0, teacher_adv_gate: 1.0, tm_grad_cos: 0.7770501375198364, tm_scale: 1.0, tm_ps_scale: 1.0, pcgrad_conflicts: 0/0 tmix: alpha=0.0 ramp=0.0 clean_correct_fraction=0.9375 mean_weight=0.0 target_l1=0.0 temperature=1.0859999999999905
2026-10-07 23:11:27.118 | INFO     | __main__:<module>:1013 - lr:0.1 weight_nat: 0.25268462084038623, nat_loss: 0.014707691967487335, weight_adv: 0.7473153791596139, adv_loss: 0.01849241927266121 weight-klloss3 0.08174 Loss3: 0.02619311586022377 clean_ce: 0.1451050043106079, adv_ce: 1.1574211120605469, adv_margin: 0.5563750267028809, clean_gate: 0.5631219148635864, teacher_margin: 0.4036649167537689, teacher_margin_gate: 0.651313841342926, teacher_clean_gate: 1.0, teacher_adv_gate: 1.0, tm_grad_cos: 0.7797169089317322, tm_scale: 1.0, tm_ps_scale: 1.0, pcgrad_conflicts: 0/0 tmix: alpha=0.0 ramp=0.0 clean_correct_fraction=0.90625 mean_weight=0.0 target_l1=0.0 temperature=1.0879999999999903
2026-10-07 23:11:59.973 | INFO     | __main__:<module>:1016 - TRAIN_EPOCH_RESOURCE epoch=110 seconds=143.17364071588963 peak_allocated_bytes=4954502144
2026-10-07 23:11:59.973 | INFO     | __main__:<module>:516 - METHOD epoch=111 views=1 awp_gamma=0.0 consistency_weight=0.0 awp_nat_weight=1.0
2026-10-07 23:11:59.973 | INFO     | __main__:<module>:519 - the 111th epoch 
2026-10-07 23:12:00.386 | INFO     | __main__:<module>:1013 - lr:0.1 weight_nat: 0.2537307930635661, nat_loss: 0.011726968921720982, weight_adv: 0.746269206936434, adv_loss: 0.019781293347477913 weight-klloss3 0.08174 Loss3: 0.038294777274131775 clean_ce: 0.14786875247955322, adv_ce: 1.1715381145477295, adv_margin: 0.6091183423995972, clean_gate: 0.5600160360336304, teacher_margin: 0.46153467893600464, teacher_margin_gate: 0.6632817983627319, teacher_clean_gate: 1.0, teacher_adv_gate: 1.0, tm_grad_cos: 0.7589247822761536, tm_scale: 1.0, tm_ps_scale: 1.0, pcgrad_conflicts: 0/0 tmix: alpha=0.0 ramp=0.0 clean_correct_fraction=0.9140625 mean_weight=0.0 target_l1=0.0 temperature=1.098999999999989
2026-10-07 23:12:37.111 | INFO     | __main__:<module>:1013 - lr:0.1 weight_nat: 0.2601810727179283, nat_loss: 0.012373384088277817, weight_adv: 0.7398189272820718, adv_loss: 0.021897392347455025 weight-klloss3 0.08174 Loss3: 0.040153078734874725 clean_ce: 0.16369374096393585, adv_ce: 1.116337776184082, adv_margin: 0.5292961597442627, clean_gate: 0.597770094871521, teacher_margin: 0.49324363470077515, teacher_margin_gate: 0.7307500839233398, teacher_clean_gate: 1.0, teacher_adv_gate: 1.0, tm_grad_cos: 0.7775712609291077, tm_scale: 1.0, tm_ps_scale: 1.0, pcgrad_conflicts: 0/0 tmix: alpha=0.0 ramp=0.0 clean_correct_fraction=0.9609375 mean_weight=0.0 target_l1=0.0 temperature=1.0949999999999895
2026-10-07 23:13:13.847 | INFO     | __main__:<module>:1013 - lr:0.1 weight_nat: 0.25214769954555594, nat_loss: 0.009312794543802738, weight_adv: 0.7478523004544441, adv_loss: 0.027277721092104912 weight-klloss3 0.08174 Loss3: 0.04366111010313034 clean_ce: 0.15282107889652252, adv_ce: 1.1644127368927002, adv_margin: 0.57108473777771, clean_gate: 0.5667951107025146, teacher_margin: 0.5793414115905762, teacher_margin_gate: 0.7365570664405823, teacher_clean_gate: 1.0, teacher_adv_gate: 1.0, tm_grad_cos: 0.7923805117607117, tm_scale: 1.0, tm_ps_scale: 1.0, pcgrad_conflicts: 0/0 tmix: alpha=0.0 ramp=0.0 clean_correct_fraction=0.9375 mean_weight=0.0 target_l1=0.0 temperature=1.0929999999999898
2026-10-07 23:13:50.569 | INFO     | __main__:<module>:1013 - lr:0.1 weight_nat: 0.2536335470751136, nat_loss: 0.010083312168717384, weight_adv: 0.7463664529248865, adv_loss: 0.018968282267451286 weight-klloss3 0.08174 Loss3: 0.038196347653865814 clean_ce: 0.15001517534255981, adv_ce: 1.0691864490509033, adv_margin: 0.44216853380203247, clean_gate: 0.5924387574195862, teacher_margin: 0.4257783591747284, teacher_margin_gate: 0.6917538642883301, teacher_clean_gate: 1.0, teacher_adv_gate: 1.0, tm_grad_cos: 0.7816065549850464, tm_scale: 1.0, tm_ps_scale: 1.0, pcgrad_conflicts: 0/0 tmix: alpha=0.0 ramp=0.0 clean_correct_fraction=0.9375 mean_weight=0.0 target_l1=0.0 temperature=1.09099999999999
2026-10-07 23:14:23.490 | INFO     | __main__:<module>:1016 - TRAIN_EPOCH_RESOURCE epoch=111 seconds=143.51671917084605 peak_allocated_bytes=4954502144
2026-10-07 23:14:23.490 | INFO     | __main__:<module>:516 - METHOD epoch=112 views=1 awp_gamma=0.0 consistency_weight=0.0 awp_nat_weight=1.0
2026-10-07 23:14:23.490 | INFO     | __main__:<module>:519 - the 112th epoch 
2026-10-07 23:14:23.903 | INFO     | __main__:<module>:1013 - lr:0.1 weight_nat: 0.2477863755052189, nat_loss: 0.012153735384345055, weight_adv: 0.7522136244947811, adv_loss: 0.020822634920477867 weight-klloss3 0.08174 Loss3: 0.03909432142972946 clean_ce: 0.12541967630386353, adv_ce: 1.2571598291397095, adv_margin: 0.622107982635498, clean_gate: 0.5244185328483582, teacher_margin: 0.439872682094574, teacher_margin_gate: 0.6390237808227539, teacher_clean_gate: 1.0, teacher_adv_gate: 1.0, tm_grad_cos: 0.7634354829788208, tm_scale: 1.0, tm_ps_scale: 1.0, pcgrad_conflicts: 0/0 tmix: alpha=0.0 ramp=0.0 clean_correct_fraction=0.90625 mean_weight=0.0 target_l1=0.0 temperature=1.0939999999999896
2026-10-07 23:15:00.654 | INFO     | __main__:<module>:1013 - lr:0.1 weight_nat: 0.2600512203036391, nat_loss: 0.011057242751121521, weight_adv: 0.739948779696361, adv_loss: 0.02048632688820362 weight-klloss3 0.08174 Loss3: 0.026332426816225052 clean_ce: 0.14775143563747406, adv_ce: 1.2126089334487915, adv_margin: 0.5719244480133057, clean_gate: 0.5430364012718201, teacher_margin: 0.5282792448997498, teacher_margin_gate: 0.68035489320755, teacher_clean_gate: 1.0, teacher_adv_gate: 1.0, tm_grad_cos: 0.795879602432251, tm_scale: 1.0, tm_ps_scale: 1.0, pcgrad_conflicts: 0/0 tmix: alpha=0.0 ramp=0.0 clean_correct_fraction=0.9296875 mean_weight=0.0 target_l1=0.0 temperature=1.0959999999999894
2026-10-07 23:15:37.353 | INFO     | __main__:<module>:1013 - lr:0.1 weight_nat: 0.2582241048507268, nat_loss: 0.012130613438785076, weight_adv: 0.7417758951492732, adv_loss: 0.02067488431930542 weight-klloss3 0.08174 Loss3: 0.03571152314543724 clean_ce: 0.15168336033821106, adv_ce: 1.132218360900879, adv_margin: 0.49401628971099854, clean_gate: 0.5707941055297852, teacher_margin: 0.4896359443664551, teacher_margin_gate: 0.7051762938499451, teacher_clean_gate: 1.0, teacher_adv_gate: 1.0, tm_grad_cos: 0.8064327239990234, tm_scale: 1.0, tm_ps_scale: 1.0, pcgrad_conflicts: 0/0 tmix: alpha=0.0 ramp=0.0 clean_correct_fraction=0.9296875 mean_weight=0.0 target_l1=0.0 temperature=1.0879999999999903
2026-10-07 23:16:14.015 | INFO     | __main__:<module>:1013 - lr:0.1 weight_nat: 0.24983802065450997, nat_loss: 0.012140209786593914, weight_adv: 0.7501619793454901, adv_loss: 0.025268957018852234 weight-klloss3 0.08174 Loss3: 0.032020945101976395 clean_ce: 0.137164905667305, adv_ce: 1.2015442848205566, adv_margin: 0.6088621020317078, clean_gate: 0.5517211556434631, teacher_margin: 0.520121693611145, teacher_margin_gate: 0.6790618896484375, teacher_clean_gate: 1.0, teacher_adv_gate: 1.0, tm_grad_cos: 0.7662163972854614, tm_scale: 1.0, tm_ps_scale: 1.0, pcgrad_conflicts: 0/0 tmix: alpha=0.0 ramp=0.0 clean_correct_fraction=0.8984375 mean_weight=0.0 target_l1=0.0 temperature=1.0879999999999903
2026-10-07 23:16:46.848 | INFO     | __main__:<module>:1016 - TRAIN_EPOCH_RESOURCE epoch=112 seconds=143.3580639262218 peak_allocated_bytes=4954502144
2026-10-07 23:16:46.849 | INFO     | __main__:<module>:516 - METHOD epoch=113 views=1 awp_gamma=0.0 consistency_weight=0.0 awp_nat_weight=1.0
2026-10-07 23:16:46.849 | INFO     | __main__:<module>:519 - the 113th epoch 
2026-10-07 23:16:47.262 | INFO     | __main__:<module>:1013 - lr:0.1 weight_nat: 0.2513092394177103, nat_loss: 0.012417457066476345, weight_adv: 0.7486907605822898, adv_loss: 0.024572867900133133 weight-klloss3 0.08174 Loss3: 0.029663097113370895 clean_ce: 0.13250020146369934, adv_ce: 1.2230209112167358, adv_margin: 0.5748809576034546, clean_gate: 0.5533420443534851, teacher_margin: 0.5193920135498047, teacher_margin_gate: 0.6887383460998535, teacher_clean_gate: 1.0, teacher_adv_gate: 1.0, tm_grad_cos: 0.8022241592407227, tm_scale: 1.0, tm_ps_scale: 1.0, pcgrad_conflicts: 0/0 tmix: alpha=0.0 ramp=0.0 clean_correct_fraction=0.9453125 mean_weight=0.0 target_l1=0.0 temperature=1.0889999999999902
2026-10-07 23:17:23.916 | INFO     | __main__:<module>:1013 - lr:0.1 weight_nat: 0.24976029374025618, nat_loss: 0.017009025439620018, weight_adv: 0.750239706259744, adv_loss: 0.025491125881671906 weight-klloss3 0.08174 Loss3: 0.03164459019899368 clean_ce: 0.13757839798927307, adv_ce: 1.401341199874878, adv_margin: 0.7396379709243774, clean_gate: 0.5104714035987854, teacher_margin: 0.5165862441062927, teacher_margin_gate: 0.6272516846656799, teacher_clean_gate: 1.0, teacher_adv_gate: 1.0, tm_grad_cos: 0.7467536926269531, tm_scale: 1.0, tm_ps_scale: 1.0, pcgrad_conflicts: 0/0 tmix: alpha=0.0 ramp=0.0 clean_correct_fraction=0.890625 mean_weight=0.0 target_l1=0.0 temperature=1.098999999999989
2026-10-07 23:18:00.568 | INFO     | __main__:<module>:1013 - lr:0.1 weight_nat: 0.2595350019569078, nat_loss: 0.009359127841889858, weight_adv: 0.7404649980430923, adv_loss: 0.017578739672899246 weight-klloss3 0.08174 Loss3: 0.03594895452260971 clean_ce: 0.14387953281402588, adv_ce: 1.0267726182937622, adv_margin: 0.4560108184814453, clean_gate: 0.6255580186843872, teacher_margin: 0.4324120283126831, teacher_margin_gate: 0.7294380068778992, teacher_clean_gate: 1.0, teacher_adv_gate: 1.0, tm_grad_cos: 0.7650213241577148, tm_scale: 1.0, tm_ps_scale: 1.0, pcgrad_conflicts: 0/0 tmix: alpha=0.0 ramp=0.0 clean_correct_fraction=0.9140625 mean_weight=0.0 target_l1=0.0 temperature=1.098999999999989
2026-10-07 23:18:37.224 | INFO     | __main__:<module>:1013 - lr:0.1 weight_nat: 0.24933169365136232, nat_loss: 0.012152125127613544, weight_adv: 0.7506683063486377, adv_loss: 0.029251955449581146 weight-klloss3 0.08174 Loss3: 0.033302582800388336 clean_ce: 0.13335859775543213, adv_ce: 1.3230875730514526, adv_margin: 0.7044869661331177, clean_gate: 0.5129045248031616, teacher_margin: 0.5497561693191528, teacher_margin_gate: 0.6798709034919739, teacher_clean_gate: 1.0, teacher_adv_gate: 1.0, tm_grad_cos: 0.7933804392814636, tm_scale: 1.0, tm_ps_scale: 1.0, pcgrad_conflicts: 0/0 tmix: alpha=0.0 ramp=0.0 clean_correct_fraction=0.8984375 mean_weight=0.0 target_l1=0.0 temperature=1.09099999999999
2026-10-07 23:19:10.052 | INFO     | __main__:<module>:1016 - TRAIN_EPOCH_RESOURCE epoch=113 seconds=143.20287237293087 peak_allocated_bytes=4954502144
2026-10-07 23:19:10.052 | INFO     | __main__:<module>:516 - METHOD epoch=114 views=1 awp_gamma=0.0 consistency_weight=0.0 awp_nat_weight=1.0
2026-10-07 23:19:10.052 | INFO     | __main__:<module>:519 - the 114th epoch 
2026-10-07 23:19:10.466 | INFO     | __main__:<module>:1013 - lr:0.1 weight_nat: 0.2542348248123133, nat_loss: 0.012643324211239815, weight_adv: 0.7457651751876867, adv_loss: 0.021732471883296967 weight-klloss3 0.08174 Loss3: 0.027114976197481155 clean_ce: 0.16541649401187897, adv_ce: 1.035285472869873, adv_margin: 0.34863805770874023, clean_gate: 0.602226734161377, teacher_margin: 0.5320258140563965, teacher_margin_gate: 0.724769651889801, teacher_clean_gate: 1.0, teacher_adv_gate: 1.0, tm_grad_cos: 0.794252336025238, tm_scale: 1.0, tm_ps_scale: 1.0, pcgrad_conflicts: 0/0 tmix: alpha=0.0 ramp=0.0 clean_correct_fraction=0.9765625 mean_weight=0.0 target_l1=0.0 temperature=1.0959999999999894
2026-10-07 23:19:47.122 | INFO     | __main__:<module>:1013 - lr:0.1 weight_nat: 0.24737285509660983, nat_loss: 0.008863336406648159, weight_adv: 0.7526271449033902, adv_loss: 0.023449335247278214 weight-klloss3 0.08174 Loss3: 0.03399159759283066 clean_ce: 0.1363976150751114, adv_ce: 1.1918748617172241, adv_margin: 0.5777918100357056, clean_gate: 0.5446023941040039, teacher_margin: 0.5130289793014526, teacher_margin_gate: 0.6883551478385925, teacher_clean_gate: 1.0, teacher_adv_gate: 1.0, tm_grad_cos: 0.7847436666488647, tm_scale: 1.0, tm_ps_scale: 1.0, pcgrad_conflicts: 0/0 tmix: alpha=0.0 ramp=0.0 clean_correct_fraction=0.9453125 mean_weight=0.0 target_l1=0.0 temperature=1.0979999999999892
2026-10-07 23:20:23.824 | INFO     | __main__:<module>:1013 - lr:0.1 weight_nat: 0.25548642853055087, nat_loss: 0.012711857445538044, weight_adv: 0.7445135714694491, adv_loss: 0.02550739049911499 weight-klloss3 0.08174 Loss3: 0.037196677178144455 clean_ce: 0.12050597369670868, adv_ce: 1.3228214979171753, adv_margin: 0.7180068492889404, clean_gate: 0.5121475458145142, teacher_margin: 0.5724287033081055, teacher_margin_gate: 0.6776421666145325, teacher_clean_gate: 1.0, teacher_adv_gate: 1.0, tm_grad_cos: 0.812842845916748, tm_scale: 1.0, tm_ps_scale: 1.0, pcgrad_conflicts: 0/0 tmix: alpha=0.0 ramp=0.0 clean_correct_fraction=0.890625 mean_weight=0.0 target_l1=0.0 temperature=1.0979999999999892
2026-10-07 23:21:00.555 | INFO     | __main__:<module>:1013 - lr:0.1 weight_nat: 0.24682663081517617, nat_loss: 0.015309787355363369, weight_adv: 0.7531733691848237, adv_loss: 0.02712976559996605 weight-klloss3 0.08174 Loss3: 0.04574372619390488 clean_ce: 0.1453912854194641, adv_ce: 1.2083207368850708, adv_margin: 0.5741546154022217, clean_gate: 0.524999737739563, teacher_margin: 0.6441153883934021, teacher_margin_gate: 0.7082131505012512, teacher_clean_gate: 1.0, teacher_adv_gate: 1.0, tm_grad_cos: 0.8227419853210449, tm_scale: 1.0, tm_ps_scale: 1.0, pcgrad_conflicts: 0/0 tmix: alpha=0.0 ramp=0.0 clean_correct_fraction=0.9296875 mean_weight=0.0 target_l1=0.0 temperature=1.0879999999999903
2026-10-07 23:21:33.376 | INFO     | __main__:<module>:1016 - TRAIN_EPOCH_RESOURCE epoch=114 seconds=143.32400877098553 peak_allocated_bytes=4954502144
2026-10-07 23:21:33.377 | INFO     | __main__:<module>:516 - METHOD epoch=115 views=1 awp_gamma=0.0 consistency_weight=0.0 awp_nat_weight=1.0
2026-10-07 23:21:33.377 | INFO     | __main__:<module>:519 - the 115th epoch 
2026-10-07 23:21:33.789 | INFO     | __main__:<module>:1013 - lr:0.1 weight_nat: 0.247293560777932, nat_loss: 0.010633205063641071, weight_adv: 0.752706439222068, adv_loss: 0.01900138333439827 weight-klloss3 0.08174 Loss3: 0.0342533104121685 clean_ce: 0.1482824981212616, adv_ce: 1.1611934900283813, adv_margin: 0.5999326705932617, clean_gate: 0.5716184973716736, teacher_margin: 0.39275556802749634, teacher_margin_gate: 0.6695525646209717, teacher_clean_gate: 1.0, teacher_adv_gate: 1.0, tm_grad_cos: 0.759381890296936, tm_scale: 1.0, tm_ps_scale: 1.0, pcgrad_conflicts: 0/0 tmix: alpha=0.0 ramp=0.0 clean_correct_fraction=0.90625 mean_weight=0.0 target_l1=0.0 temperature=1.09099999999999
2026-10-07 23:22:10.456 | INFO     | __main__:<module>:1013 - lr:0.1 weight_nat: 0.25970646577489154, nat_loss: 0.010134411044418812, weight_adv: 0.7402935342251085, adv_loss: 0.021088358014822006 weight-klloss3 0.08174 Loss3: 0.04325268417596817 clean_ce: 0.16594862937927246, adv_ce: 1.0533653497695923, adv_margin: 0.4764607846736908, clean_gate: 0.6081321239471436, teacher_margin: 0.4611073136329651, teacher_margin_gate: 0.721164345741272, teacher_clean_gate: 1.0, teacher_adv_gate: 1.0, tm_grad_cos: 0.7969674468040466, tm_scale: 1.0, tm_ps_scale: 1.0, pcgrad_conflicts: 0/0 tmix: alpha=0.0 ramp=0.0 clean_correct_fraction=0.9375 mean_weight=0.0 target_l1=0.0 temperature=1.09099999999999
2026-10-07 23:22:47.131 | INFO     | __main__:<module>:1013 - lr:0.1 weight_nat: 0.24832932246381245, nat_loss: 0.010814249515533447, weight_adv: 0.7516706775361877, adv_loss: 0.02241252176463604 weight-klloss3 0.08174 Loss3: 0.03572072088718414 clean_ce: 0.13347487151622772, adv_ce: 1.1814314126968384, adv_margin: 0.5781371593475342, clean_gate: 0.5739784240722656, teacher_margin: 0.4727487564086914, teacher_margin_gate: 0.6885292530059814, teacher_clean_gate: 1.0, teacher_adv_gate: 1.0, tm_grad_cos: 0.7801522612571716, tm_scale: 1.0, tm_ps_scale: 1.0, pcgrad_conflicts: 0/0 tmix: alpha=0.0 ramp=0.0 clean_correct_fraction=0.921875 mean_weight=0.0 target_l1=0.0 temperature=1.0929999999999898
2026-10-07 23:23:23.863 | INFO     | __main__:<module>:1013 - lr:0.1 weight_nat: 0.24521249570242384, nat_loss: 0.010524737648665905, weight_adv: 0.7547875042975762, adv_loss: 0.025413189083337784 weight-klloss3 0.08174 Loss3: 0.03208153322339058 clean_ce: 0.13494336605072021, adv_ce: 1.2551571130752563, adv_margin: 0.5688901543617249, clean_gate: 0.514240026473999, teacher_margin: 0.5514155626296997, teacher_margin_gate: 0.6618360877037048, teacher_clean_gate: 1.0, teacher_adv_gate: 1.0, tm_grad_cos: 0.7950489521026611, tm_scale: 1.0, tm_ps_scale: 1.0, pcgrad_conflicts: 0/0 tmix: alpha=0.0 ramp=0.0 clean_correct_fraction=0.890625 mean_weight=0.0 target_l1=0.0 temperature=1.1029999999999887
2026-10-07 23:23:56.803 | INFO     | __main__:<module>:1016 - TRAIN_EPOCH_RESOURCE epoch=115 seconds=143.42580464319326 peak_allocated_bytes=4954502144
2026-10-07 23:23:56.803 | INFO     | __main__:<module>:516 - METHOD epoch=116 views=1 awp_gamma=0.0 consistency_weight=0.0 awp_nat_weight=1.0
2026-10-07 23:23:56.803 | INFO     | __main__:<module>:519 - the 116th epoch 
2026-10-07 23:23:57.217 | INFO     | __main__:<module>:1013 - lr:0.1 weight_nat: 0.25281880290155057, nat_loss: 0.010069518350064754, weight_adv: 0.7471811970984494, adv_loss: 0.022443033754825592 weight-klloss3 0.08174 Loss3: 0.033092349767684937 clean_ce: 0.1548997163772583, adv_ce: 1.0991226434707642, adv_margin: 0.48403027653694153, clean_gate: 0.575422465801239, teacher_margin: 0.4681347608566284, teacher_margin_gate: 0.6910932064056396, teacher_clean_gate: 1.0, teacher_adv_gate: 1.0, tm_grad_cos: 0.8004496097564697, tm_scale: 1.0, tm_ps_scale: 1.0, pcgrad_conflicts: 0/0 tmix: alpha=0.0 ramp=0.0 clean_correct_fraction=0.9375 mean_weight=0.0 target_l1=0.0 temperature=1.0919999999999899
2026-10-07 23:24:33.938 | INFO     | __main__:<module>:1013 - lr:0.1 weight_nat: 0.2579617355808566, nat_loss: 0.015225660987198353, weight_adv: 0.7420382644191434, adv_loss: 0.02305971086025238 weight-klloss3 0.08174 Loss3: 0.029049543663859367 clean_ce: 0.13633710145950317, adv_ce: 1.2194163799285889, adv_margin: 0.547981858253479, clean_gate: 0.5363723039627075, teacher_margin: 0.5403109192848206, teacher_margin_gate: 0.6691228747367859, teacher_clean_gate: 1.0, teacher_adv_gate: 1.0, tm_grad_cos: 0.8075189590454102, tm_scale: 1.0, tm_ps_scale: 1.0, pcgrad_conflicts: 0/0 tmix: alpha=0.0 ramp=0.0 clean_correct_fraction=0.9375 mean_weight=0.0 target_l1=0.0 temperature=1.1039999999999885
2026-10-07 23:25:10.577 | INFO     | __main__:<module>:1013 - lr:0.1 weight_nat: 0.25589019888357767, nat_loss: 0.015120911411941051, weight_adv: 0.7441098011164223, adv_loss: 0.025996757671236992 weight-klloss3 0.08174 Loss3: 0.017182370647788048 clean_ce: 0.12750640511512756, adv_ce: 1.346890926361084, adv_margin: 0.7407511472702026, clean_gate: 0.5236412286758423, teacher_margin: 0.5194793343544006, teacher_margin_gate: 0.6705105304718018, teacher_clean_gate: 1.0, teacher_adv_gate: 1.0, tm_grad_cos: 0.7774102687835693, tm_scale: 1.0, tm_ps_scale: 1.0, pcgrad_conflicts: 0/0 tmix: alpha=0.0 ramp=0.0 clean_correct_fraction=0.90625 mean_weight=0.0 target_l1=0.0 temperature=1.0939999999999896
2026-10-07 23:25:47.203 | INFO     | __main__:<module>:1013 - lr:0.1 weight_nat: 0.24230177298547614, nat_loss: 0.010955196805298328, weight_adv: 0.757698227014524, adv_loss: 0.024954963475465775 weight-klloss3 0.08174 Loss3: 0.046612609177827835 clean_ce: 0.12256192415952682, adv_ce: 1.296068549156189, adv_margin: 0.6407506465911865, clean_gate: 0.4908398389816284, teacher_margin: 0.6190126538276672, teacher_margin_gate: 0.6631114482879639, teacher_clean_gate: 1.0, teacher_adv_gate: 1.0, tm_grad_cos: 0.8330660462379456, tm_scale: 1.0, tm_ps_scale: 1.0, pcgrad_conflicts: 0/0 tmix: alpha=0.0 ramp=0.0 clean_correct_fraction=0.9453125 mean_weight=0.0 target_l1=0.0 temperature=1.0879999999999903
2026-10-07 23:26:20.014 | INFO     | __main__:<module>:1016 - TRAIN_EPOCH_RESOURCE epoch=116 seconds=143.21113755111583 peak_allocated_bytes=4954502144
2026-10-07 23:26:20.015 | INFO     | __main__:<module>:516 - METHOD epoch=117 views=1 awp_gamma=0.0 consistency_weight=0.0 awp_nat_weight=1.0
2026-10-07 23:26:20.015 | INFO     | __main__:<module>:519 - the 117th epoch 
2026-10-07 23:26:20.427 | INFO     | __main__:<module>:1013 - lr:0.1 weight_nat: 0.2488532254131779, nat_loss: 0.010277609340846539, weight_adv: 0.7511467745868221, adv_loss: 0.02104855701327324 weight-klloss3 0.08174 Loss3: 0.02961818501353264 clean_ce: 0.1500733196735382, adv_ce: 1.0469324588775635, adv_margin: 0.4546758532524109, clean_gate: 0.6054918766021729, teacher_margin: 0.5255136489868164, teacher_margin_gate: 0.7527658939361572, teacher_clean_gate: 1.0, teacher_adv_gate: 1.0, tm_grad_cos: 0.7927374243736267, tm_scale: 1.0, tm_ps_scale: 1.0, pcgrad_conflicts: 0/0 tmix: alpha=0.0 ramp=0.0 clean_correct_fraction=0.96875 mean_weight=0.0 target_l1=0.0 temperature=1.0929999999999898
2026-10-07 23:26:57.002 | INFO     | __main__:<module>:1013 - lr:0.1 weight_nat: 0.250976272332366, nat_loss: 0.01172771118581295, weight_adv: 0.749023727667634, adv_loss: 0.020991146564483643 weight-klloss3 0.08174 Loss3: 0.03525921702384949 clean_ce: 0.15397098660469055, adv_ce: 1.1808503866195679, adv_margin: 0.5318482518196106, clean_gate: 0.5351544618606567, teacher_margin: 0.5145387649536133, teacher_margin_gate: 0.6793183088302612, teacher_clean_gate: 1.0, teacher_adv_gate: 1.0, tm_grad_cos: 0.8182938694953918, tm_scale: 1.0, tm_ps_scale: 1.0, pcgrad_conflicts: 0/0 tmix: alpha=0.0 ramp=0.0 clean_correct_fraction=0.9453125 mean_weight=0.0 target_l1=0.0 temperature=1.0969999999999893
2026-10-07 23:27:33.575 | INFO     | __main__:<module>:1013 - lr:0.1 weight_nat: 0.2555710952933826, nat_loss: 0.014296920970082283, weight_adv: 0.7444289047066174, adv_loss: 0.02689017727971077 weight-klloss3 0.08174 Loss3: 0.029990002512931824 clean_ce: 0.13165214657783508, adv_ce: 1.3224574327468872, adv_margin: 0.6557402014732361, clean_gate: 0.5069809556007385, teacher_margin: 0.5901009440422058, teacher_margin_gate: 0.6772966384887695, teacher_clean_gate: 1.0, teacher_adv_gate: 1.0, tm_grad_cos: 0.8355366587638855, tm_scale: 1.0, tm_ps_scale: 1.0, pcgrad_conflicts: 0/0 tmix: alpha=0.0 ramp=0.0 clean_correct_fraction=0.9140625 mean_weight=0.0 target_l1=0.0 temperature=1.0969999999999893
2026-10-07 23:28:10.153 | INFO     | __main__:<module>:1013 - lr:0.1 weight_nat: 0.2516833324222284, nat_loss: 0.012337076477706432, weight_adv: 0.7483166675777716, adv_loss: 0.024295253679156303 weight-klloss3 0.08174 Loss3: 0.031014014035463333 clean_ce: 0.13806596398353577, adv_ce: 1.3110800981521606, adv_margin: 0.7427572011947632, clean_gate: 0.5279331207275391, teacher_margin: 0.44340047240257263, teacher_margin_gate: 0.6452184915542603, teacher_clean_gate: 1.0, teacher_adv_gate: 1.0, tm_grad_cos: 0.7548418641090393, tm_scale: 1.0, tm_ps_scale: 1.0, pcgrad_conflicts: 0/0 tmix: alpha=0.0 ramp=0.0 clean_correct_fraction=0.8828125 mean_weight=0.0 target_l1=0.0 temperature=1.0889999999999902
2026-10-07 23:28:42.954 | INFO     | __main__:<module>:1016 - TRAIN_EPOCH_RESOURCE epoch=117 seconds=142.93903346406296 peak_allocated_bytes=4954502144
2026-10-07 23:28:42.954 | INFO     | __main__:<module>:516 - METHOD epoch=118 views=1 awp_gamma=0.0 consistency_weight=0.0 awp_nat_weight=1.0
2026-10-07 23:28:42.954 | INFO     | __main__:<module>:519 - the 118th epoch 
2026-10-07 23:28:43.366 | INFO     | __main__:<module>:1013 - lr:0.1 weight_nat: 0.2539827994053936, nat_loss: 0.012481939047574997, weight_adv: 0.7460172005946064, adv_loss: 0.018100082874298096 weight-klloss3 0.08174 Loss3: 0.040799520909786224 clean_ce: 0.1449313461780548, adv_ce: 1.1478784084320068, adv_margin: 0.5258722305297852, clean_gate: 0.5881844162940979, teacher_margin: 0.4273972511291504, teacher_margin_gate: 0.6875756978988647, teacher_clean_gate: 1.0, teacher_adv_gate: 1.0, tm_grad_cos: 0.7779147624969482, tm_scale: 1.0, tm_ps_scale: 1.0, pcgrad_conflicts: 0/0 tmix: alpha=0.0 ramp=0.0 clean_correct_fraction=0.9140625 mean_weight=0.0 target_l1=0.0 temperature=1.0979999999999892
2026-10-07 23:29:19.972 | INFO     | __main__:<module>:1013 - lr:0.1 weight_nat: 0.26200554475357035, nat_loss: 0.01362904068082571, weight_adv: 0.7379944552464297, adv_loss: 0.0228253360837698 weight-klloss3 0.08174 Loss3: 0.036695390939712524 clean_ce: 0.13111668825149536, adv_ce: 1.1867667436599731, adv_margin: 0.5609267354011536, clean_gate: 0.5407094955444336, teacher_margin: 0.5259021520614624, teacher_margin_gate: 0.6783034205436707, teacher_clean_gate: 1.0, teacher_adv_gate: 1.0, tm_grad_cos: 0.784989595413208, tm_scale: 1.0, tm_ps_scale: 1.0, pcgrad_conflicts: 0/0 tmix: alpha=0.0 ramp=0.0 clean_correct_fraction=0.9375 mean_weight=0.0 target_l1=0.0 temperature=1.0959999999999894
2026-10-07 23:29:56.593 | INFO     | __main__:<module>:1013 - lr:0.1 weight_nat: 0.2568527472205341, nat_loss: 0.010054171085357666, weight_adv: 0.7431472527794659, adv_loss: 0.02329350635409355 weight-klloss3 0.08174 Loss3: 0.03524553403258324 clean_ce: 0.1335669606924057, adv_ce: 1.186710238456726, adv_margin: 0.617925763130188, clean_gate: 0.5629978179931641, teacher_margin: 0.528617799282074, teacher_margin_gate: 0.714199423789978, teacher_clean_gate: 1.0, teacher_adv_gate: 1.0, tm_grad_cos: 0.822965145111084, tm_scale: 1.0, tm_ps_scale: 1.0, pcgrad_conflicts: 0/0 tmix: alpha=0.0 ramp=0.0 clean_correct_fraction=0.9140625 mean_weight=0.0 target_l1=0.0 temperature=1.0959999999999894
2026-10-07 23:30:33.209 | INFO     | __main__:<module>:1013 - lr:0.1 weight_nat: 0.2583657828740142, nat_loss: 0.012691947631537914, weight_adv: 0.7416342171259859, adv_loss: 0.02430477738380432 weight-klloss3 0.08174 Loss3: 0.028947770595550537 clean_ce: 0.16479115188121796, adv_ce: 1.1030954122543335, adv_margin: 0.43313872814178467, clean_gate: 0.5853437185287476, teacher_margin: 0.5511531233787537, teacher_margin_gate: 0.732519268989563, teacher_clean_gate: 1.0, teacher_adv_gate: 1.0, tm_grad_cos: 0.8452390432357788, tm_scale: 1.0, tm_ps_scale: 1.0, pcgrad_conflicts: 0/0 tmix: alpha=0.0 ramp=0.0 clean_correct_fraction=0.9140625 mean_weight=0.0 target_l1=0.0 temperature=1.0939999999999896
2026-10-07 23:31:06.002 | INFO     | __main__:<module>:1016 - TRAIN_EPOCH_RESOURCE epoch=118 seconds=143.04832862108015 peak_allocated_bytes=4954502144
2026-10-07 23:31:06.003 | INFO     | __main__:<module>:516 - METHOD epoch=119 views=1 awp_gamma=0.0 consistency_weight=0.0 awp_nat_weight=1.0
2026-10-07 23:31:06.003 | INFO     | __main__:<module>:519 - the 119th epoch 
2026-10-07 23:31:06.415 | INFO     | __main__:<module>:1013 - lr:0.1 weight_nat: 0.2445541394793479, nat_loss: 0.008600756525993347, weight_adv: 0.7554458605206522, adv_loss: 0.023447860032320023 weight-klloss3 0.08174 Loss3: 0.034522645175457 clean_ce: 0.1345527023077011, adv_ce: 1.128635048866272, adv_margin: 0.5661899447441101, clean_gate: 0.559445321559906, teacher_margin: 0.5071873664855957, teacher_margin_gate: 0.6995837688446045, teacher_clean_gate: 1.0, teacher_adv_gate: 1.0, tm_grad_cos: 0.8011965751647949, tm_scale: 1.0, tm_ps_scale: 1.0, pcgrad_conflicts: 0/0 tmix: alpha=0.0 ramp=0.0 clean_correct_fraction=0.9609375 mean_weight=0.0 target_l1=0.0 temperature=1.0949999999999895
2026-10-07 23:31:43.080 | INFO     | __main__:<module>:1013 - lr:0.1 weight_nat: 0.25011011660928395, nat_loss: 0.010864160023629665, weight_adv: 0.7498898833907162, adv_loss: 0.02756212279200554 weight-klloss3 0.08174 Loss3: 0.04420660436153412 clean_ce: 0.12090153992176056, adv_ce: 1.2548545598983765, adv_margin: 0.6936109066009521, clean_gate: 0.5134985446929932, teacher_margin: 0.6015686988830566, teacher_margin_gate: 0.691281259059906, teacher_clean_gate: 1.0, teacher_adv_gate: 1.0, tm_grad_cos: 0.8285710215568542, tm_scale: 1.0, tm_ps_scale: 1.0, pcgrad_conflicts: 0/0 tmix: alpha=0.0 ramp=0.0 clean_correct_fraction=0.9296875 mean_weight=0.0 target_l1=0.0 temperature=1.0949999999999895
2026-10-07 23:32:19.693 | INFO     | __main__:<module>:1013 - lr:0.1 weight_nat: 0.2555522879618765, nat_loss: 0.016429459676146507, weight_adv: 0.7444477120381234, adv_loss: 0.022669874131679535 weight-klloss3 0.08174 Loss3: 0.02352267876267433 clean_ce: 0.13570240139961243, adv_ce: 1.2063746452331543, adv_margin: 0.6041754484176636, clean_gate: 0.5548981428146362, teacher_margin: 0.49850034713745117, teacher_margin_gate: 0.6936753392219543, teacher_clean_gate: 1.0, teacher_adv_gate: 1.0, tm_grad_cos: 0.7855051755905151, tm_scale: 1.0, tm_ps_scale: 1.0, pcgrad_conflicts: 0/0 tmix: alpha=0.0 ramp=0.0 clean_correct_fraction=0.921875 mean_weight=0.0 target_l1=0.0 temperature=1.1069999999999882
2026-10-07 23:32:56.311 | INFO     | __main__:<module>:1013 - lr:0.1 weight_nat: 0.25468572566631764, nat_loss: 0.013146198354661465, weight_adv: 0.7453142743336825, adv_loss: 0.024204518646001816 weight-klloss3 0.08174 Loss3: 0.0433320589363575 clean_ce: 0.13164594769477844, adv_ce: 1.2839057445526123, adv_margin: 0.6513895988464355, clean_gate: 0.5299206972122192, teacher_margin: 0.5138907432556152, teacher_margin_gate: 0.6563107967376709, teacher_clean_gate: 1.0, teacher_adv_gate: 1.0, tm_grad_cos: 0.7819731831550598, tm_scale: 1.0, tm_ps_scale: 1.0, pcgrad_conflicts: 0/0 tmix: alpha=0.0 ramp=0.0 clean_correct_fraction=0.9453125 mean_weight=0.0 target_l1=0.0 temperature=1.0969999999999893
2026-10-07 23:33:29.107 | INFO     | __main__:<module>:1016 - TRAIN_EPOCH_RESOURCE epoch=119 seconds=143.10364957689308 peak_allocated_bytes=4954502144
2026-10-07 23:33:29.107 | INFO     | __main__:<module>:516 - METHOD epoch=120 views=1 awp_gamma=0.0 consistency_weight=0.0 awp_nat_weight=1.0
2026-10-07 23:33:29.107 | INFO     | __main__:<module>:519 - the 120th epoch 
2026-10-07 23:33:29.519 | INFO     | __main__:<module>:1013 - lr:0.1 weight_nat: 0.2586735265094763, nat_loss: 0.012807763181626797, weight_adv: 0.7413264734905237, adv_loss: 0.024547554552555084 weight-klloss3 0.08174 Loss3: 0.02937798574566841 clean_ce: 0.1373622715473175, adv_ce: 1.0382243394851685, adv_margin: 0.4174633324146271, clean_gate: 0.5870957970619202, teacher_margin: 0.5769612789154053, teacher_margin_gate: 0.7530014514923096, teacher_clean_gate: 1.0, teacher_adv_gate: 1.0, tm_grad_cos: 0.8198853135108948, tm_scale: 1.0, tm_ps_scale: 1.0, pcgrad_conflicts: 0/0 tmix: alpha=0.0 ramp=0.0 clean_correct_fraction=0.9453125 mean_weight=0.0 target_l1=0.0 temperature=1.0939999999999896
2026-10-07 23:34:06.129 | INFO     | __main__:<module>:1013 - lr:0.1 weight_nat: 0.2575715923674525, nat_loss: 0.008062146604061127, weight_adv: 0.7424284076325475, adv_loss: 0.01798117533326149 weight-klloss3 0.08174 Loss3: 0.022386807948350906 clean_ce: 0.14590081572532654, adv_ce: 1.089552879333496, adv_margin: 0.46725696325302124, clean_gate: 0.5794509649276733, teacher_margin: 0.3964589238166809, teacher_margin_gate: 0.6552855968475342, teacher_clean_gate: 1.0, teacher_adv_gate: 1.0, tm_grad_cos: 0.7665606141090393, tm_scale: 1.0, tm_ps_scale: 1.0, pcgrad_conflicts: 0/0 tmix: alpha=0.0 ramp=0.0 clean_correct_fraction=0.9140625 mean_weight=0.0 target_l1=0.0 temperature=1.0979999999999892
2026-10-07 23:34:42.776 | INFO     | __main__:<module>:1013 - lr:0.1 weight_nat: 0.25209632548977523, nat_loss: 0.009531762450933456, weight_adv: 0.7479036745102249, adv_loss: 0.02447168156504631 weight-klloss3 0.08174 Loss3: 0.036257266998291016 clean_ce: 0.15201160311698914, adv_ce: 1.1140234470367432, adv_margin: 0.4874653220176697, clean_gate: 0.554504930973053, teacher_margin: 0.571715235710144, teacher_margin_gate: 0.6979303359985352, teacher_clean_gate: 1.0, teacher_adv_gate: 1.0, tm_grad_cos: 0.8231821060180664, tm_scale: 1.0, tm_ps_scale: 1.0, pcgrad_conflicts: 0/0 tmix: alpha=0.0 ramp=0.0 clean_correct_fraction=0.953125 mean_weight=0.0 target_l1=0.0 temperature=1.0959999999999894
2026-10-07 23:35:19.463 | INFO     | __main__:<module>:1013 - lr:0.1 weight_nat: 0.24795385183856597, nat_loss: 0.010150827467441559, weight_adv: 0.7520461481614342, adv_loss: 0.025158174335956573 weight-klloss3 0.08174 Loss3: 0.03785872831940651 clean_ce: 0.1401849389076233, adv_ce: 1.0781311988830566, adv_margin: 0.40885934233665466, clean_gate: 0.5850574970245361, teacher_margin: 0.5754245519638062, teacher_margin_gate: 0.7550601959228516, teacher_clean_gate: 1.0, teacher_adv_gate: 1.0, tm_grad_cos: 0.8111683130264282, tm_scale: 1.0, tm_ps_scale: 1.0, pcgrad_conflicts: 0/0 tmix: alpha=0.0 ramp=0.0 clean_correct_fraction=0.984375 mean_weight=0.0 target_l1=0.0 temperature=1.099999999999989
2026-10-07 23:35:52.308 | INFO     | __main__:<module>:1016 - TRAIN_EPOCH_RESOURCE epoch=120 seconds=143.20055004605092 peak_allocated_bytes=4954502144
TRAINING_STATE epoch=120 fingerprint_sha256=f2e9eeec930bd8ab97f5c6ee62b400262e93794a7aaf28c36ce48f7782b52b54
2026-10-07 23:35:53.016 | INFO     | __main__:<module>:516 - METHOD epoch=121 views=2 awp_gamma=5e-05 consistency_weight=0.018750000000000003 awp_nat_weight=1.0
2026-10-07 23:35:53.016 | INFO     | __main__:<module>:519 - the 121th epoch 
2026-10-07 23:35:54.285 | INFO     | __main__:<module>:531 - METHOD_BATCH epoch=121 step=0 adv_kd=0.021258335560560226 awp_adv_grad_norm=0.18927498161792755 awp_adv_nat_cos=0.17714907228946686 awp_gamma=5e-05 awp_mix_adv_cos=0.8712866902351379 awp_mix_grad_norm=0.24174615740776062 awp_nat_grad_norm=0.12054944038391113 awp_nat_weight=1.0 awp_relative_norm_max=5.000000601285137e-05 clean_ce=0.13828960061073303 clean_ce_term=0.0 consistency_term=8.88439899426885e-05 consistency_weight=0.018750000000000003 js_raw=0.04738345742225647 lr=0.1 nat_kd=0.011285148561000824 pcgrad_conflicts=0 push=0.03219469636678696 push_term=0.0026315944269299507 student_updates=1 teacher_ce=0.5279476642608643 teacher_lr=8.13189529921204e-05 teacher_margin=0.4915372133255005 teacher_margin_term=6.249701982596889e-05 teacher_updates=1 temp_adv=1.0979999999999892 temp_nat=3.670999999999706 temperature_updates=1 total_loss=0.03532642126083374 views=2
2026-10-07 23:37:24.282 | INFO     | __main__:<module>:531 - METHOD_BATCH epoch=121 step=100 adv_kd=0.01604602113366127 awp_adv_grad_norm=0.14666128158569336 awp_adv_nat_cos=0.14295946061611176 awp_gamma=5e-05 awp_mix_adv_cos=0.7389354705810547 awp_mix_grad_norm=0.22858209908008575 awp_nat_grad_norm=0.1556115448474884 awp_nat_weight=1.0 awp_relative_norm_max=5.000000601285137e-05 clean_ce=0.13659361004829407 clean_ce_term=0.0 consistency_term=0.00010614969505695626 consistency_weight=0.018750000000000003 js_raw=0.05661316588521004 lr=0.1 nat_kd=0.013078589923679829 pcgrad_conflicts=0 push=0.03222965449094772 push_term=0.002634451724588871 student_updates=1 teacher_ce=0.6520514786243439 teacher_lr=8.13189529921204e-05 teacher_margin=0.3382096290588379 teacher_margin_term=4.300202272133902e-05 teacher_updates=1 temp_adv=1.1019999999999888 temp_nat=3.6669999999997063 temperature_updates=1 total_loss=0.03190821409225464 views=2
2026-10-07 23:38:54.719 | INFO     | __main__:<module>:531 - METHOD_BATCH epoch=121 step=200 adv_kd=0.016999371349811554 awp_adv_grad_norm=0.15632402896881104 awp_adv_nat_cos=0.13189595937728882 awp_gamma=5e-05 awp_mix_adv_cos=0.788784921169281 awp_mix_grad_norm=0.22110958397388458 awp_nat_grad_norm=0.13710711896419525 awp_nat_weight=1.0 awp_relative_norm_max=5.0000002374872565e-05 clean_ce=0.13580048084259033 clean_ce_term=0.0 consistency_term=7.536973134847358e-05 consistency_weight=0.018750000000000003 js_raw=0.040197186172008514 lr=0.1 nat_kd=0.009374473243951797 pcgrad_conflicts=0 push=0.030827229842543602 push_term=0.002519817790016532 student_updates=1 teacher_ce=0.5654595494270325 teacher_lr=8.13189529921204e-05 teacher_margin=0.4219816327095032 teacher_margin_term=5.365330434869975e-05 teacher_updates=1 temp_adv=1.0939999999999896 temp_nat=3.6749999999997054 temperature_updates=1 total_loss=0.029022684320807457 views=2
2026-10-07 23:40:25.487 | INFO     | __main__:<module>:531 - METHOD_BATCH epoch=121 step=300 adv_kd=0.021554529666900635 awp_adv_grad_norm=0.2154701054096222 awp_adv_nat_cos=0.10313497483730316 awp_gamma=5e-05 awp_mix_adv_cos=0.8707479238510132 awp_mix_grad_norm=0.26284489035606384 awp_nat_grad_norm=0.12994158267974854 awp_nat_weight=1.0 awp_relative_norm_max=5.000000601285137e-05 clean_ce=0.14221598207950592 clean_ce_term=0.0 consistency_term=8.403110405197367e-05 consistency_weight=0.018750000000000003 js_raw=0.04481658712029457 lr=0.1 nat_kd=0.00976618006825447 pcgrad_conflicts=0 push=0.03549504280090332 push_term=0.0029013645835220814 student_updates=1 teacher_ce=0.6119057536125183 teacher_lr=8.13189529921204e-05 teacher_margin=0.48533594608306885 teacher_margin_term=6.170855340315029e-05 teacher_updates=1 temp_adv=1.0939999999999896 temp_nat=3.6749999999997054 temperature_updates=1 total_loss=0.034367818385362625 views=2
2026-10-07 23:41:47.248 | INFO     | __main__:<module>:1016 - TRAIN_EPOCH_RESOURCE epoch=121 seconds=354.23167511518113 peak_allocated_bytes=3885782016
2026-10-07 23:41:47.248 | INFO     | __main__:<module>:516 - METHOD epoch=122 views=2 awp_gamma=0.0001 consistency_weight=0.037500000000000006 awp_nat_weight=1.0
2026-10-07 23:41:47.248 | INFO     | __main__:<module>:519 - the 122th epoch 
2026-10-07 23:41:48.213 | INFO     | __main__:<module>:531 - METHOD_BATCH epoch=122 step=0 adv_kd=0.016335394233465195 awp_adv_grad_norm=0.16643637418746948 awp_adv_nat_cos=0.17584507167339325 awp_gamma=0.0001 awp_mix_adv_cos=0.7816614508628845 awp_mix_grad_norm=0.24831970036029816 awp_nat_grad_norm=0.1573292464017868 awp_nat_weight=1.0 awp_relative_norm_max=0.00010000001202570274 clean_ce=0.1288931667804718 clean_ce_term=0.0 consistency_term=0.00013155407214071602 consistency_weight=0.037500000000000006 js_raw=0.035081081092357635 lr=0.1 nat_kd=0.011264720931649208 pcgrad_conflicts=0 push=0.03219957649707794 push_term=0.0026319934986531734 student_updates=1 teacher_ce=0.5945095419883728 teacher_lr=8.08259125989517e-05 teacher_margin=0.4118081331253052 teacher_margin_term=0.00010471956920810044 teacher_updates=1 temp_adv=1.098999999999989 temp_nat=3.669999999999706 temperature_updates=1 total_loss=0.03046838566660881 views=2
2026-10-07 23:43:19.310 | INFO     | __main__:<module>:531 - METHOD_BATCH epoch=122 step=100 adv_kd=0.01811082288622856 awp_adv_grad_norm=0.31318143010139465 awp_adv_nat_cos=0.18788906931877136 awp_gamma=0.0001 awp_mix_adv_cos=0.9272375702857971 awp_mix_grad_norm=0.36603620648384094 awp_nat_grad_norm=0.13955633342266083 awp_nat_weight=1.0 awp_relative_norm_max=0.00010000000474974513 clean_ce=0.14831453561782837 clean_ce_term=0.0 consistency_term=0.00018501233716960996 consistency_weight=0.037500000000000006 js_raw=0.049336619675159454 lr=0.1 nat_kd=0.009461678564548492 pcgrad_conflicts=0 push=0.0328904464840889 push_term=0.002688464941456914 student_updates=1 teacher_ce=0.5307292938232422 teacher_lr=8.08259125989517e-05 teacher_margin=0.3930780291557312 teacher_margin_term=9.99566400423646e-05 teacher_updates=1 temp_adv=1.098999999999989 temp_nat=3.669999999999706 temperature_updates=1 total_loss=0.030545935034751892 views=2
2026-10-07 23:44:49.712 | INFO     | __main__:<module>:531 - METHOD_BATCH epoch=122 step=200 adv_kd=0.02009112946689129 awp_adv_grad_norm=0.20976273715496063 awp_adv_nat_cos=0.14070060849189758 awp_gamma=0.0001 awp_mix_adv_cos=0.8599568605422974 awp_mix_grad_norm=0.26639023423194885 awp_nat_grad_norm=0.13732275366783142 awp_nat_weight=1.0 awp_relative_norm_max=0.00010000000474974513 clean_ce=0.14094048738479614 clean_ce_term=0.0 consistency_term=0.00019711896311491728 consistency_weight=0.037500000000000006 js_raw=0.05256505683064461 lr=0.1 nat_kd=0.010155802592635155 pcgrad_conflicts=0 push=0.03036520630121231 push_term=0.0024820519611239433 student_updates=1 teacher_ce=0.5669714212417603 teacher_lr=8.08259125989517e-05 teacher_margin=0.46755164861679077 teacher_margin_term=0.00011889470624737442 teacher_updates=1 temp_adv=1.1049999999999884 temp_nat=3.6639999999997066 temperature_updates=1 total_loss=0.033045001327991486 views=2
2026-10-07 23:46:19.854 | INFO     | __main__:<module>:531 - METHOD_BATCH epoch=122 step=300 adv_kd=0.0166437029838562 awp_adv_grad_norm=0.1681048572063446 awp_adv_nat_cos=0.08215614408254623 awp_gamma=0.0001 awp_mix_adv_cos=0.7756158709526062 awp_mix_grad_norm=0.23232297599315643 awp_nat_grad_norm=0.14714087545871735 awp_nat_weight=1.0 awp_relative_norm_max=0.00010000001202570274 clean_ce=0.15455575287342072 clean_ce_term=0.0 consistency_term=0.00015668470587115735 consistency_weight=0.037500000000000006 js_raw=0.04178258776664734 lr=0.1 nat_kd=0.010985344648361206 pcgrad_conflicts=0 push=0.037789978086948395 push_term=0.0030889527406543493 student_updates=1 teacher_ce=0.6580916345119476 teacher_lr=8.08259125989517e-05 teacher_margin=0.37950778007507324 teacher_margin_term=9.650584252085537e-05 teacher_updates=1 temp_adv=1.098999999999989 temp_nat=3.669999999999706 temperature_updates=1 total_loss=0.030971186235547066 views=2
2026-10-07 23:47:40.884 | INFO     | __main__:<module>:1016 - TRAIN_EPOCH_RESOURCE epoch=122 seconds=353.6356579409912 peak_allocated_bytes=3885782016
2026-10-07 23:47:40.885 | INFO     | __main__:<module>:516 - METHOD epoch=123 views=2 awp_gamma=0.00015 consistency_weight=0.056249999999999994 awp_nat_weight=1.0
2026-10-07 23:47:40.885 | INFO     | __main__:<module>:519 - the 123th epoch 
2026-10-07 23:47:41.849 | INFO     | __main__:<module>:531 - METHOD_BATCH epoch=123 step=0 adv_kd=0.017296552658081055 awp_adv_grad_norm=0.17639438807964325 awp_adv_nat_cos=0.12384184449911118 awp_gamma=0.00015 awp_mix_adv_cos=0.8622319102287292 awp_mix_grad_norm=0.22076408565044403 awp_nat_grad_norm=0.11268754303455353 awp_nat_weight=1.0 awp_relative_norm_max=0.0001500000071246177 clean_ce=0.12272994220256805 clean_ce_term=0.0 consistency_term=0.0002820602967403829 consistency_weight=0.056249999999999994 js_raw=0.050144050270318985 lr=0.1 nat_kd=0.008205654099583626 pcgrad_conflicts=0 push=0.030791325494647026 push_term=0.002516882959753275 student_updates=1 teacher_ce=0.5461032092571259 teacher_lr=8.032799481590585e-05 teacher_margin=0.42902565002441406 teacher_margin_term=0.00016364676412194967 teacher_updates=1 temp_adv=1.1019999999999888 temp_nat=3.6669999999997063 temperature_updates=1 total_loss=0.028464797884225845 views=2
2026-10-07 23:49:13.366 | INFO     | __main__:<module>:531 - METHOD_BATCH epoch=123 step=100 adv_kd=0.01619325950741768 awp_adv_grad_norm=0.1609574854373932 awp_adv_nat_cos=0.08417955785989761 awp_gamma=0.00015 awp_mix_adv_cos=0.8189001083374023 awp_mix_grad_norm=0.20892328023910522 awp_nat_grad_norm=0.12033573538064957 awp_nat_weight=1.0 awp_relative_norm_max=0.00015000002167653292 clean_ce=0.14958231151103973 clean_ce_term=0.0 consistency_term=0.00022191407333593816 consistency_weight=0.056249999999999994 js_raw=0.039451390504837036 lr=0.1 nat_kd=0.00992230512201786 pcgrad_conflicts=0 push=0.0375216044485569 push_term=0.003067015903070569 student_updates=1 teacher_ce=0.5595228374004364 teacher_lr=8.032799481590585e-05 teacher_margin=0.40013033151626587 teacher_margin_term=0.00015262499800883234 teacher_updates=1 temp_adv=1.1039999999999885 temp_nat=3.6649999999997065 temperature_updates=1 total_loss=0.02955712005496025 views=2
2026-10-07 23:50:44.539 | INFO     | __main__:<module>:531 - METHOD_BATCH epoch=123 step=200 adv_kd=0.021961502730846405 awp_adv_grad_norm=0.22679004073143005 awp_adv_nat_cos=0.1646236926317215 awp_gamma=0.00015 awp_mix_adv_cos=0.834488570690155 awp_mix_grad_norm=0.3054320812225342 awp_nat_grad_norm=0.17062877118587494 awp_nat_weight=1.0 awp_relative_norm_max=0.00015000002167653292 clean_ce=0.13476066291332245 clean_ce_term=0.0 consistency_term=0.00024857913376763463 consistency_weight=0.056249999999999994 js_raw=0.04419184476137161 lr=0.1 nat_kd=0.011654682457447052 pcgrad_conflicts=0 push=0.027809221297502518 push_term=0.002273125573992729 student_updates=1 teacher_ce=0.6001436710357666 teacher_lr=8.032799481590585e-05 teacher_margin=0.4592702388763428 teacher_margin_term=0.00017518321692477912 teacher_updates=1 temp_adv=1.0979999999999892 temp_nat=3.670999999999706 temperature_updates=1 total_loss=0.036313071846961975 views=2
2026-10-07 23:52:15.024 | INFO     | __main__:<module>:531 - METHOD_BATCH epoch=123 step=300 adv_kd=0.018628936260938644 awp_adv_grad_norm=0.17943884432315826 awp_adv_nat_cos=0.11855903267860413 awp_gamma=0.00015 awp_mix_adv_cos=0.7556594014167786 awp_mix_grad_norm=0.26487159729003906 awp_nat_grad_norm=0.17471382021903992 awp_nat_weight=1.0 awp_relative_norm_max=0.00015000002167653292 clean_ce=0.12899979948997498 clean_ce_term=0.0 consistency_term=0.00028338166885077953 consistency_weight=0.056249999999999994 js_raw=0.050378963351249695 lr=0.1 nat_kd=0.011072411201894283 pcgrad_conflicts=1 push=0.028348932042717934 push_term=0.002317241858690977 student_updates=1 teacher_ce=0.6096329092979431 teacher_lr=8.032799481590585e-05 teacher_margin=0.4206356108188629 teacher_margin_term=0.000160446492373012 teacher_updates=1 temp_adv=1.0979999999999892 temp_nat=3.670999999999706 temperature_updates=1 total_loss=0.03246241807937622 views=2
2026-10-07 23:53:36.538 | INFO     | __main__:<module>:1016 - TRAIN_EPOCH_RESOURCE epoch=123 seconds=355.65234088501893 peak_allocated_bytes=3885716480
2026-10-07 23:53:36.538 | INFO     | __main__:<module>:516 - METHOD epoch=124 views=2 awp_gamma=0.0002 consistency_weight=0.07500000000000001 awp_nat_weight=1.0
2026-10-07 23:53:36.538 | INFO     | __main__:<module>:519 - the 124th epoch 
2026-10-07 23:53:37.497 | INFO     | __main__:<module>:531 - METHOD_BATCH epoch=124 step=0 adv_kd=0.01761944405734539 awp_adv_grad_norm=0.18096552789211273 awp_adv_nat_cos=0.12237667292356491 awp_gamma=0.0002 awp_mix_adv_cos=0.7708092927932739 awp_mix_grad_norm=0.2614138424396515 awp_nat_grad_norm=0.16779907047748566 awp_nat_weight=1.0 awp_relative_norm_max=0.00020000000949949026 clean_ce=0.1434479057788849 clean_ce_term=0.0 consistency_term=0.0003617682377807796 consistency_weight=0.07500000000000001 js_raw=0.04823576286435127 lr=0.1 nat_kd=0.011023459024727345 pcgrad_conflicts=0 push=0.03064502775669098 push_term=0.0025049245450645685 student_updates=1 teacher_ce=0.5000619441270828 teacher_lr=7.982527878847149e-05 teacher_margin=0.4460814297199249 teacher_margin_term=0.00022687000455334783 teacher_updates=1 temp_adv=1.1009999999999889 temp_nat=3.667999999999706 temperature_updates=1 total_loss=0.03173646703362465 views=2
2026-10-07 23:55:08.470 | INFO     | __main__:<module>:531 - METHOD_BATCH epoch=124 step=100 adv_kd=0.017016179859638214 awp_adv_grad_norm=0.18382315337657928 awp_adv_nat_cos=0.149762362241745 awp_gamma=0.0002 awp_mix_adv_cos=0.8571963310241699 awp_mix_grad_norm=0.23591552674770355 awp_nat_grad_norm=0.12287990748882294 awp_nat_weight=1.0 awp_relative_norm_max=0.0002000000240514055 clean_ce=0.1666906177997589 clean_ce_term=0.0 consistency_term=0.0003800499252974987 consistency_weight=0.07500000000000001 js_raw=0.05067332088947296 lr=0.1 nat_kd=0.008966702036559582 pcgrad_conflicts=0 push=0.024982541799545288 push_term=0.002042073057964444 student_updates=1 teacher_ce=0.4983355551958084 teacher_lr=7.982527878847149e-05 teacher_margin=0.3828071355819702 teacher_margin_term=0.00019468966638669372 teacher_updates=1 temp_adv=1.1049999999999884 temp_nat=3.6639999999997066 temperature_updates=1 total_loss=0.02859969437122345 views=2
2026-10-07 23:56:39.250 | INFO     | __main__:<module>:531 - METHOD_BATCH epoch=124 step=200 adv_kd=0.02236849069595337 awp_adv_grad_norm=0.21467334032058716 awp_adv_nat_cos=0.2133936583995819 awp_gamma=0.0002 awp_mix_adv_cos=0.8851443529129028 awp_mix_grad_norm=0.27399006485939026 awp_nat_grad_norm=0.13049794733524323 awp_nat_weight=1.0 awp_relative_norm_max=0.0002000000240514055 clean_ce=0.15133771300315857 clean_ce_term=0.0 consistency_term=0.0003554022405296564 consistency_weight=0.07500000000000001 js_raw=0.04738696292042732 lr=0.1 nat_kd=0.010494750924408436 pcgrad_conflicts=0 push=0.03158707171678543 push_term=0.0025819269940257072 student_updates=1 teacher_ce=0.4919646978378296 teacher_lr=7.982527878847149e-05 teacher_margin=0.5253459811210632 teacher_margin_term=0.0002671827096492052 teacher_updates=1 temp_adv=1.1009999999999889 temp_nat=3.667999999999706 temperature_updates=1 total_loss=0.03606775775551796 views=2
2026-10-07 23:58:09.583 | INFO     | __main__:<module>:531 - METHOD_BATCH epoch=124 step=300 adv_kd=0.017345644533634186 awp_adv_grad_norm=0.19617363810539246 awp_adv_nat_cos=0.14837545156478882 awp_gamma=0.0002 awp_mix_adv_cos=0.8302857875823975 awp_mix_grad_norm=0.26273322105407715 awp_nat_grad_norm=0.14807017147541046 awp_nat_weight=1.0 awp_relative_norm_max=0.00020000000949949026 clean_ce=0.151859313249588 clean_ce_term=0.0 consistency_term=0.00029676235863007605 consistency_weight=0.07500000000000001 js_raw=0.03956831246614456 lr=0.1 nat_kd=0.011600395664572716 pcgrad_conflicts=0 push=0.025014448910951614 push_term=0.002044681226834655 student_updates=1 teacher_ce=0.5842337608337402 teacher_lr=7.982527878847149e-05 teacher_margin=0.39753109216690063 teacher_margin_term=0.00020217805285938084 teacher_updates=1 temp_adv=1.1049999999999884 temp_nat=3.6639999999997066 temperature_updates=1 total_loss=0.03148966282606125 views=2
2026-10-07 23:59:30.382 | INFO     | __main__:<module>:1016 - TRAIN_EPOCH_RESOURCE epoch=124 seconds=353.84321640990674 peak_allocated_bytes=3885716480
2026-10-07 23:59:30.382 | INFO     | __main__:<module>:516 - METHOD epoch=125 views=2 awp_gamma=0.00025 consistency_weight=0.09375 awp_nat_weight=1.0
2026-10-07 23:59:30.382 | INFO     | __main__:<module>:519 - the 125th epoch 
2026-10-07 23:59:31.339 | INFO     | __main__:<module>:531 - METHOD_BATCH epoch=125 step=0 adv_kd=0.018898744136095047 awp_adv_grad_norm=0.19354593753814697 awp_adv_nat_cos=0.0936923697590828 awp_gamma=0.00025 awp_mix_adv_cos=0.8158763647079468 awp_mix_grad_norm=0.2541768550872803 awp_nat_grad_norm=0.14762111008167267 awp_nat_weight=1.0 awp_relative_norm_max=0.0002500000409781933 clean_ce=0.15994971990585327 clean_ce_term=0.0 consistency_term=0.00037490521208383143 consistency_weight=0.09375 js_raw=0.0399898886680603 lr=0.1 nat_kd=0.009517373517155647 pcgrad_conflicts=0 push=0.03137537091970444 push_term=0.002564622787758708 student_updates=1 teacher_ce=0.5161047279834747 teacher_lr=7.931784442127823e-05 teacher_margin=0.44057780504226685 teacher_margin_term=0.00028008868684992194 teacher_updates=1 temp_adv=1.0959999999999894 temp_nat=3.6729999999997056 temperature_updates=1 total_loss=0.03163573518395424 views=2
2026-10-08 00:01:01.516 | INFO     | __main__:<module>:531 - METHOD_BATCH epoch=125 step=100 adv_kd=0.01719331368803978 awp_adv_grad_norm=0.18207314610481262 awp_adv_nat_cos=0.15470142662525177 awp_gamma=0.00025 awp_mix_adv_cos=0.8925440907478333 awp_mix_grad_norm=0.2215190827846527 awp_nat_grad_norm=0.10111357271671295 awp_nat_weight=1.0 awp_relative_norm_max=0.0002500000409781933 clean_ce=0.15265071392059326 clean_ce_term=0.0 consistency_term=0.0005015440401621163 consistency_weight=0.09375 js_raw=0.053498029708862305 lr=0.1 nat_kd=0.009500009939074516 pcgrad_conflicts=0 push=0.03364810347557068 push_term=0.0027503957971930504 student_updates=1 teacher_ce=0.5657145977020264 teacher_lr=7.931784442127823e-05 teacher_margin=0.4095032215118408 teacher_margin_term=0.00026033364702016115 teacher_updates=1 temp_adv=1.0959999999999894 temp_nat=3.6729999999997056 temperature_updates=1 total_loss=0.03020559623837471 views=2
2026-10-08 00:02:31.986 | INFO     | __main__:<module>:531 - METHOD_BATCH epoch=125 step=200 adv_kd=0.02297252044081688 awp_adv_grad_norm=0.21916563808918 awp_adv_nat_cos=0.24309352040290833 awp_gamma=0.00025 awp_mix_adv_cos=0.8974166512489319 awp_mix_grad_norm=0.2785350978374481 awp_nat_grad_norm=0.12668538093566895 awp_nat_weight=1.0 awp_relative_norm_max=0.0002500000409781933 clean_ce=0.13125455379486084 clean_ce_term=0.0 consistency_term=0.00039458691026084125 consistency_weight=0.09375 js_raw=0.04208926856517792 lr=0.1 nat_kd=0.009915347211062908 pcgrad_conflicts=0 push=0.025290843099355698 push_term=0.0020672734826803207 student_updates=1 teacher_ce=0.47709764540195465 teacher_lr=7.931784442127823e-05 teacher_margin=0.5785268545150757 teacher_margin_term=0.00036778708454221487 teacher_updates=1 temp_adv=1.1039999999999885 temp_nat=3.6649999999997065 temperature_updates=1 total_loss=0.03571751341223717 views=2
2026-10-08 00:04:02.529 | INFO     | __main__:<module>:531 - METHOD_BATCH epoch=125 step=300 adv_kd=0.019589237868785858 awp_adv_grad_norm=0.19376365840435028 awp_adv_nat_cos=0.12181662023067474 awp_gamma=0.00025 awp_mix_adv_cos=0.848478376865387 awp_mix_grad_norm=0.24729709327220917 awp_nat_grad_norm=0.13185900449752808 awp_nat_weight=1.0 awp_relative_norm_max=0.0002500000409781933 clean_ce=0.14755240082740784 clean_ce_term=0.0 consistency_term=0.00041293640970252454 consistency_weight=0.09375 js_raw=0.044046550989151 lr=0.1 nat_kd=0.009621154516935349 pcgrad_conflicts=0 push=0.030013486742973328 push_term=0.002453302498906851 student_updates=1 teacher_ce=0.5370096266269684 teacher_lr=7.931784442127823e-05 teacher_margin=0.45125994086265564 teacher_margin_term=0.00028687965823337436 teacher_updates=1 temp_adv=1.08999999999999 temp_nat=3.678999999999705 temperature_updates=1 total_loss=0.03236351162195206 views=2
2026-10-08 00:05:23.071 | INFO     | __main__:<module>:1016 - TRAIN_EPOCH_RESOURCE epoch=125 seconds=352.6887677439954 peak_allocated_bytes=3885782016
2026-10-08 00:05:23.072 | INFO     | __main__:<module>:516 - METHOD epoch=126 views=2 awp_gamma=0.0003 consistency_weight=0.11249999999999999 awp_nat_weight=1.0
2026-10-08 00:05:23.072 | INFO     | __main__:<module>:519 - the 126th epoch 
2026-10-08 00:05:24.022 | INFO     | __main__:<module>:531 - METHOD_BATCH epoch=126 step=0 adv_kd=0.01877690479159355 awp_adv_grad_norm=0.2285734862089157 awp_adv_nat_cos=0.1500137597322464 awp_gamma=0.0003 awp_mix_adv_cos=0.8808765411376953 awp_mix_grad_norm=0.2825189530849457 awp_nat_grad_norm=0.13525988161563873 awp_nat_weight=1.0 awp_relative_norm_max=0.00030000004335306585 clean_ce=0.16451111435890198 clean_ce_term=0.0 consistency_term=0.0004932599258609116 consistency_weight=0.11249999999999999 js_raw=0.04384532570838928 lr=0.1 nat_kd=0.010282501578330994 pcgrad_conflicts=0 push=0.03389386832714081 push_term=0.00277048465795815 student_updates=1 teacher_ce=0.5021250545978546 teacher_lr=7.88057723652648e-05 teacher_margin=0.4243563413619995 teacher_margin_term=0.0003237314522266388 teacher_updates=1 temp_adv=1.1009999999999889 temp_nat=3.667999999999706 temperature_updates=1 total_loss=0.03264687955379486 views=2
2026-10-08 00:06:53.868 | INFO     | __main__:<module>:531 - METHOD_BATCH epoch=126 step=100 adv_kd=0.02235812321305275 awp_adv_grad_norm=0.29710325598716736 awp_adv_nat_cos=0.18504630029201508 awp_gamma=0.0003 awp_mix_adv_cos=0.919929027557373 awp_mix_grad_norm=0.35114428400993347 awp_nat_grad_norm=0.14009782671928406 awp_nat_weight=1.0 awp_relative_norm_max=0.00030000004335306585 clean_ce=0.13226911425590515 clean_ce_term=0.0 consistency_term=0.0005168903153389692 consistency_weight=0.11249999999999999 js_raw=0.04594580829143524 lr=0.1 nat_kd=0.011141495779156685 pcgrad_conflicts=0 push=0.03375836834311485 push_term=0.002759409137070179 student_updates=1 teacher_ce=0.6421859264373779 teacher_lr=7.88057723652648e-05 teacher_margin=0.47298139333724976 teacher_margin_term=0.00036082635051570833 teacher_updates=1 temp_adv=1.0969999999999893 temp_nat=3.6719999999997057 temperature_updates=1 total_loss=0.0371367484331131 views=2
2026-10-08 00:08:23.630 | INFO     | __main__:<module>:531 - METHOD_BATCH epoch=126 step=200 adv_kd=0.02078966423869133 awp_adv_grad_norm=0.21429577469825745 awp_adv_nat_cos=0.16908419132232666 awp_gamma=0.0003 awp_mix_adv_cos=0.8382371068000793 awp_mix_grad_norm=0.2877660393714905 awp_nat_grad_norm=0.15921291708946228 awp_nat_weight=1.0 awp_relative_norm_max=0.00030000004335306585 clean_ce=0.13608720898628235 clean_ce_term=0.0 consistency_term=0.0004723674792330712 consistency_weight=0.11249999999999999 js_raw=0.04198822006583214 lr=0.1 nat_kd=0.012143142521381378 pcgrad_conflicts=0 push=0.028228171169757843 push_term=0.0023073707707226276 student_updates=1 teacher_ce=0.6002970337867737 teacher_lr=7.88057723652648e-05 teacher_margin=0.4358196556568146 teacher_margin_term=0.0003324765129946172 teacher_updates=1 temp_adv=1.1069999999999882 temp_nat=3.661999999999707 temperature_updates=1 total_loss=0.03604502230882645 views=2
2026-10-08 00:09:53.048 | INFO     | __main__:<module>:531 - METHOD_BATCH epoch=126 step=300 adv_kd=0.020005296915769577 awp_adv_grad_norm=0.20245543122291565 awp_adv_nat_cos=0.03795656934380531 awp_gamma=0.0003 awp_mix_adv_cos=0.8428855538368225 awp_mix_grad_norm=0.24616238474845886 awp_nat_grad_norm=0.13255372643470764 awp_nat_weight=1.0 awp_relative_norm_max=0.00030000004335306585 clean_ce=0.16586357355117798 clean_ce_term=0.0 consistency_term=0.00045301587670110166 consistency_weight=0.11249999999999999 js_raw=0.040268078446388245 lr=0.1 nat_kd=0.010017503052949905 pcgrad_conflicts=0 push=0.03577515855431557 push_term=0.0029242613818496466 student_updates=1 teacher_ce=0.5050524175167084 teacher_lr=7.88057723652648e-05 teacher_margin=0.46707865595817566 teacher_margin_term=0.00035632328945212066 teacher_updates=1 temp_adv=1.0969999999999893 temp_nat=3.6719999999997057 temperature_updates=1 total_loss=0.03375639766454697 views=2
2026-10-08 00:11:13.611 | INFO     | __main__:<module>:1016 - TRAIN_EPOCH_RESOURCE epoch=126 seconds=350.53921573399566 peak_allocated_bytes=3885782016
2026-10-08 00:11:13.611 | INFO     | __main__:<module>:516 - METHOD epoch=127 views=2 awp_gamma=0.00035 consistency_weight=0.13124999999999998 awp_nat_weight=1.0
2026-10-08 00:11:13.611 | INFO     | __main__:<module>:519 - the 127th epoch 
2026-10-08 00:11:14.562 | INFO     | __main__:<module>:531 - METHOD_BATCH epoch=127 step=0 adv_kd=0.01927579753100872 awp_adv_grad_norm=0.1833273321390152 awp_adv_nat_cos=0.23451685905456543 awp_gamma=0.00035 awp_mix_adv_cos=0.8026154637336731 awp_mix_grad_norm=0.2783110439777374 awp_nat_grad_norm=0.1707741767168045 awp_nat_weight=1.0 awp_relative_norm_max=0.00035000001662410796 clean_ce=0.13913652300834656 clean_ce_term=0.0 consistency_term=0.0005723057547584176 consistency_weight=0.13124999999999998 js_raw=0.04360424727201462 lr=0.1 nat_kd=0.011835785582661629 pcgrad_conflicts=0 push=0.03949491307139397 push_term=0.003228314220905304 student_updates=1 teacher_ce=0.6294983327388763 teacher_lr=7.828914400472826e-05 teacher_margin=0.48915910720825195 teacher_margin_term=0.0004353626281954348 teacher_updates=1 temp_adv=1.0919999999999899 temp_nat=3.676999999999705 temperature_updates=1 total_loss=0.03534756228327751 views=2
2026-10-08 00:12:44.270 | INFO     | __main__:<module>:531 - METHOD_BATCH epoch=127 step=100 adv_kd=0.01669667661190033 awp_adv_grad_norm=0.19813360273838043 awp_adv_nat_cos=0.07384233921766281 awp_gamma=0.00035 awp_mix_adv_cos=0.887999951839447 awp_mix_grad_norm=0.23201985657215118 awp_nat_grad_norm=0.10698490589857101 awp_nat_weight=1.0 awp_relative_norm_max=0.00035000001662410796 clean_ce=0.1508941352367401 clean_ce_term=0.0 consistency_term=0.00047254885430447757 consistency_weight=0.13124999999999998 js_raw=0.0360037237405777 lr=0.1 nat_kd=0.009384704753756523 pcgrad_conflicts=0 push=0.039817385375499725 push_term=0.003254673210904002 student_updates=1 teacher_ce=0.6329845488071442 teacher_lr=7.828914400472826e-05 teacher_margin=0.362801194190979 teacher_margin_term=0.00032290123635903 teacher_updates=1 temp_adv=1.1019999999999888 temp_nat=3.6669999999997063 temperature_updates=1 total_loss=0.0301315039396286 views=2
2026-10-08 00:14:14.128 | INFO     | __main__:<module>:531 - METHOD_BATCH epoch=127 step=200 adv_kd=0.019787270575761795 awp_adv_grad_norm=0.19459547102451324 awp_adv_nat_cos=0.08857333660125732 awp_gamma=0.00035 awp_mix_adv_cos=0.8108052611351013 awp_mix_grad_norm=0.2564660310745239 awp_nat_grad_norm=0.15070602297782898 awp_nat_weight=1.0 awp_relative_norm_max=0.0003500000457279384 clean_ce=0.14907170832157135 clean_ce_term=0.0 consistency_term=0.0005886054132133722 consistency_weight=0.13124999999999998 js_raw=0.044846128672361374 lr=0.1 nat_kd=0.011827299371361732 pcgrad_conflicts=0 push=0.026568550616502762 push_term=0.0021717133931815624 student_updates=1 teacher_ce=0.5742593109607697 teacher_lr=7.828914400472826e-05 teacher_margin=0.410025417804718 teacher_margin_term=0.00036493182415142655 teacher_updates=1 temp_adv=1.0959999999999894 temp_nat=3.6729999999997056 temperature_updates=1 total_loss=0.03473982214927673 views=2
2026-10-08 00:15:43.747 | INFO     | __main__:<module>:531 - METHOD_BATCH epoch=127 step=300 adv_kd=0.01763433963060379 awp_adv_grad_norm=0.17014780640602112 awp_adv_nat_cos=0.14997026324272156 awp_gamma=0.00035 awp_mix_adv_cos=0.8557931184768677 awp_mix_grad_norm=0.21888938546180725 awp_nat_grad_norm=0.11453074961900711 awp_nat_weight=1.0 awp_relative_norm_max=0.0003500000457279384 clean_ce=0.15735971927642822 clean_ce_term=0.0 consistency_term=0.0004818141460418701 consistency_weight=0.13124999999999998 js_raw=0.03670965135097504 lr=0.1 nat_kd=0.008955221623182297 pcgrad_conflicts=0 push=0.02774425595998764 push_term=0.002267815638333559 student_updates=1 teacher_ce=0.5376807451248169 teacher_lr=7.828914400472826e-05 teacher_margin=0.4337926506996155 teacher_margin_term=0.00038608521572314203 teacher_updates=1 temp_adv=1.1019999999999888 temp_nat=3.6669999999997063 temperature_updates=1 total_loss=0.029725275933742523 views=2
2026-10-08 00:17:04.265 | INFO     | __main__:<module>:1016 - TRAIN_EPOCH_RESOURCE epoch=127 seconds=350.65335317794234 peak_allocated_bytes=3885782016
2026-10-08 00:17:04.265 | INFO     | __main__:<module>:516 - METHOD epoch=128 views=2 awp_gamma=0.0004 consistency_weight=0.15000000000000002 awp_nat_weight=1.0
2026-10-08 00:17:04.266 | INFO     | __main__:<module>:519 - the 128th epoch 
2026-10-08 00:17:05.214 | INFO     | __main__:<module>:531 - METHOD_BATCH epoch=128 step=0 adv_kd=0.018780283629894257 awp_adv_grad_norm=0.18911875784397125 awp_adv_nat_cos=0.09364081174135208 awp_gamma=0.0004 awp_mix_adv_cos=0.8336957693099976 awp_mix_grad_norm=0.24191509187221527 awp_nat_grad_norm=0.1341809332370758 awp_nat_weight=1.0 awp_relative_norm_max=0.000400000048102811 clean_ce=0.1507023572921753 clean_ce_term=0.0 consistency_term=0.0005743778310716152 consistency_weight=0.15000000000000002 js_raw=0.03829185292124748 lr=0.1 nat_kd=0.009044161066412926 pcgrad_conflicts=0 push=0.032327622175216675 push_term=0.002642459934577346 student_updates=1 teacher_ce=0.6016523838043213 teacher_lr=7.776804144425558e-05 teacher_margin=0.4092918038368225 teacher_margin_term=0.0004163187404628843 teacher_updates=1 temp_adv=1.108999999999988 temp_nat=3.659999999999707 temperature_updates=1 total_loss=0.03145759925246239 views=2
2026-10-08 00:18:35.711 | INFO     | __main__:<module>:531 - METHOD_BATCH epoch=128 step=100 adv_kd=0.018333297222852707 awp_adv_grad_norm=0.1898086965084076 awp_adv_nat_cos=0.2526279091835022 awp_gamma=0.0004 awp_mix_adv_cos=0.8766788840293884 awp_mix_grad_norm=0.25271716713905334 awp_nat_grad_norm=0.1256517767906189 awp_nat_weight=1.0 awp_relative_norm_max=0.00039999998989515007 clean_ce=0.14612102508544922 clean_ce_term=0.0 consistency_term=0.0005278013995848596 consistency_weight=0.15000000000000002 js_raw=0.035186756402254105 lr=0.1 nat_kd=0.01053777989000082 pcgrad_conflicts=0 push=0.02958664298057556 push_term=0.002418412361294031 student_updates=1 teacher_ce=0.5090492367744446 teacher_lr=7.776804144425558e-05 teacher_margin=0.4023217558860779 teacher_margin_term=0.0004092290182597935 teacher_updates=1 temp_adv=1.1029999999999887 temp_nat=3.6659999999997064 temperature_updates=1 total_loss=0.03222652152180672 views=2
2026-10-08 00:20:05.751 | INFO     | __main__:<module>:531 - METHOD_BATCH epoch=128 step=200 adv_kd=0.02174496464431286 awp_adv_grad_norm=0.20113815367221832 awp_adv_nat_cos=0.17759865522384644 awp_gamma=0.0004 awp_mix_adv_cos=0.8704601526260376 awp_mix_grad_norm=0.2573326528072357 awp_nat_grad_norm=0.12871532142162323 awp_nat_weight=1.0 awp_relative_norm_max=0.0004000000189989805 clean_ce=0.14034926891326904 clean_ce_term=0.0 consistency_term=0.000731909996829927 consistency_weight=0.15000000000000002 js_raw=0.04879399761557579 lr=0.1 nat_kd=0.00955455843359232 pcgrad_conflicts=0 push=0.02116970345377922 push_term=0.0017304114298895001 student_updates=1 teacher_ce=0.5592837929725647 teacher_lr=7.776804144425558e-05 teacher_margin=0.45229464769363403 teacher_margin_term=0.00046005984768271446 teacher_updates=1 temp_adv=1.1029999999999887 temp_nat=3.6659999999997064 temperature_updates=1 total_loss=0.03422190621495247 views=2
2026-10-08 00:21:35.426 | INFO     | __main__:<module>:531 - METHOD_BATCH epoch=128 step=300 adv_kd=0.02202494442462921 awp_adv_grad_norm=0.2083459496498108 awp_adv_nat_cos=0.17295017838478088 awp_gamma=0.0004 awp_mix_adv_cos=0.8738940358161926 awp_mix_grad_norm=0.2642194628715515 awp_nat_grad_norm=0.13040658831596375 awp_nat_weight=1.0 awp_relative_norm_max=0.0004000000189989805 clean_ce=0.16441377997398376 clean_ce_term=0.0 consistency_term=0.0006244761752896011 consistency_weight=0.15000000000000002 js_raw=0.04163173958659172 lr=0.1 nat_kd=0.009744604118168354 pcgrad_conflicts=0 push=0.035253625363111496 push_term=0.0028816312551498413 student_updates=1 teacher_ce=0.43627481162548065 teacher_lr=7.776804144425558e-05 teacher_margin=0.47162824869155884 teacher_margin_term=0.00047972542233765125 teacher_updates=1 temp_adv=1.108999999999988 temp_nat=3.659999999999707 temperature_updates=1 total_loss=0.03575538098812103 views=2
2026-10-08 00:22:55.934 | INFO     | __main__:<module>:1016 - TRAIN_EPOCH_RESOURCE epoch=128 seconds=351.6684949309565 peak_allocated_bytes=3885782016
2026-10-08 00:22:55.935 | INFO     | __main__:<module>:516 - METHOD epoch=129 views=2 awp_gamma=0.00045000000000000004 consistency_weight=0.16875 awp_nat_weight=1.0
2026-10-08 00:22:55.935 | INFO     | __main__:<module>:519 - the 129th epoch 
2026-10-08 00:22:56.885 | INFO     | __main__:<module>:531 - METHOD_BATCH epoch=129 step=0 adv_kd=0.019784657284617424 awp_adv_grad_norm=0.18308065831661224 awp_adv_nat_cos=0.09266791492700577 awp_gamma=0.00045000000000000004 awp_mix_adv_cos=0.868683934211731 awp_mix_grad_norm=0.22256849706172943 awp_nat_grad_norm=0.11072944104671478 awp_nat_weight=1.0 awp_relative_norm_max=0.00045000005047768354 clean_ce=0.16199882328510284 clean_ce_term=0.0 consistency_term=0.0006369973998516798 consistency_weight=0.16875 js_raw=0.03774799406528473 lr=0.1 nat_kd=0.009956277906894684 pcgrad_conflicts=0 push=0.03217349573969841 push_term=0.002629861468449235 student_updates=1 teacher_ce=0.4893490672111511 teacher_lr=7.724254749554032e-05 teacher_margin=0.4316381514072418 teacher_margin_term=0.0004939298378303647 teacher_updates=1 temp_adv=1.1059999999999883 temp_nat=3.6629999999997067 temperature_updates=1 total_loss=0.033501725643873215 views=2
2026-10-08 00:24:26.847 | INFO     | __main__:<module>:531 - METHOD_BATCH epoch=129 step=100 adv_kd=0.020343316718935966 awp_adv_grad_norm=0.19924362003803253 awp_adv_nat_cos=0.11726370453834534 awp_gamma=0.00045000000000000004 awp_mix_adv_cos=0.8128384947776794 awp_mix_grad_norm=0.26777932047843933 awp_nat_grad_norm=0.15706217288970947 awp_nat_weight=1.0 awp_relative_norm_max=0.00045000005047768354 clean_ce=0.14236178994178772 clean_ce_term=0.0 consistency_term=0.0005343050579540431 consistency_weight=0.16875 js_raw=0.03166252002120018 lr=0.1 nat_kd=0.012381592765450478 pcgrad_conflicts=0 push=0.033808816224336624 push_term=0.002763532567769289 student_updates=1 teacher_ce=0.5486262440681458 teacher_lr=7.724254749554032e-05 teacher_margin=0.4338715672492981 teacher_margin_term=0.0004964855615980923 teacher_updates=1 temp_adv=1.099999999999989 temp_nat=3.668999999999706 temperature_updates=1 total_loss=0.036519233137369156 views=2
2026-10-08 00:25:56.911 | INFO     | __main__:<module>:531 - METHOD_BATCH epoch=129 step=200 adv_kd=0.019043540582060814 awp_adv_grad_norm=0.17908336222171783 awp_adv_nat_cos=0.1482824981212616 awp_gamma=0.00045000000000000004 awp_mix_adv_cos=0.7849571108818054 awp_mix_grad_norm=0.25876787304878235 awp_nat_grad_norm=0.1621117889881134 awp_nat_weight=1.0 awp_relative_norm_max=0.0004500000213738531 clean_ce=0.1336447298526764 clean_ce_term=0.0 consistency_term=0.0008876500651240349 consistency_weight=0.16875 js_raw=0.05260148644447327 lr=0.1 nat_kd=0.013578066602349281 pcgrad_conflicts=0 push=0.024882415309548378 push_term=0.0020338885951787233 student_updates=1 teacher_ce=0.6636821627616882 teacher_lr=7.724254749554032e-05 teacher_margin=0.40080612897872925 teacher_margin_term=0.0004586483119055629 teacher_updates=1 temp_adv=1.1039999999999885 temp_nat=3.6649999999997065 temperature_updates=1 total_loss=0.036001794040203094 views=2
2026-10-08 00:27:26.838 | INFO     | __main__:<module>:531 - METHOD_BATCH epoch=129 step=300 adv_kd=0.022318966686725616 awp_adv_grad_norm=0.20625726878643036 awp_adv_nat_cos=0.28179600834846497 awp_gamma=0.00045000000000000004 awp_mix_adv_cos=0.8397281169891357 awp_mix_grad_norm=0.30320897698402405 awp_nat_grad_norm=0.17159876227378845 awp_nat_weight=1.0 awp_relative_norm_max=0.00045000005047768354 clean_ce=0.1529497355222702 clean_ce_term=0.0 consistency_term=0.000634290452580899 consistency_weight=0.16875 js_raw=0.03758758306503296 lr=0.1 nat_kd=0.013289997354149818 pcgrad_conflicts=0 push=0.037884339690208435 push_term=0.0030966661870479584 student_updates=1 teacher_ce=0.5706839859485626 teacher_lr=7.724254749554032e-05 teacher_margin=0.472648561000824 teacher_margin_term=0.0005408586584962904 teacher_updates=1 temp_adv=1.099999999999989 temp_nat=3.668999999999706 temperature_updates=1 total_loss=0.03988077864050865 views=2
2026-10-08 00:28:47.321 | INFO     | __main__:<module>:1016 - TRAIN_EPOCH_RESOURCE epoch=129 seconds=351.385660585016 peak_allocated_bytes=3885782016
2026-10-08 00:28:47.321 | INFO     | __main__:<module>:516 - METHOD epoch=130 views=2 awp_gamma=0.0005 consistency_weight=0.1875 awp_nat_weight=1.0
2026-10-08 00:28:47.321 | INFO     | __main__:<module>:519 - the 130th epoch 
2026-10-08 00:28:48.268 | INFO     | __main__:<module>:531 - METHOD_BATCH epoch=130 step=0 adv_kd=0.018650975078344345 awp_adv_grad_norm=0.1763041913509369 awp_adv_nat_cos=0.19461779296398163 awp_gamma=0.0005 awp_mix_adv_cos=0.7959301471710205 awp_mix_grad_norm=0.26087686419487 awp_nat_grad_norm=0.16101057827472687 awp_nat_weight=1.0 awp_relative_norm_max=0.0005000000819563866 clean_ce=0.15427637100219727 clean_ce_term=0.0 consistency_term=0.0005915531073696911 consistency_weight=0.1875 js_raw=0.031549498438835144 lr=0.1 nat_kd=0.011576419696211815 pcgrad_conflicts=0 push=0.039834827184677124 push_term=0.003256098832935095 student_updates=1 teacher_ce=0.5565835237503052 teacher_lr=7.671274566408601e-05 teacher_margin=0.4217456579208374 teacher_margin_term=0.0005362330703064799 teacher_updates=1 temp_adv=1.0969999999999893 temp_nat=3.6719999999997057 temperature_updates=1 total_loss=0.03461127728223801 views=2
2026-10-08 00:30:17.911 | INFO     | __main__:<module>:531 - METHOD_BATCH epoch=130 step=100 adv_kd=0.023188235238194466 awp_adv_grad_norm=0.25084394216537476 awp_adv_nat_cos=0.11401659995317459 awp_gamma=0.0005 awp_mix_adv_cos=0.9177234172821045 awp_mix_grad_norm=0.28762003779411316 awp_nat_grad_norm=0.11499832570552826 awp_nat_weight=1.0 awp_relative_norm_max=0.0005000000819563866 clean_ce=0.1422625631093979 clean_ce_term=0.0 consistency_term=0.0007994803017936647 consistency_weight=0.1875 js_raw=0.04263895004987717 lr=0.1 nat_kd=0.00966392457485199 pcgrad_conflicts=0 push=0.03806910663843155 push_term=0.003111768513917923 student_updates=1 teacher_ce=0.592458188533783 teacher_lr=7.671274566408601e-05 teacher_margin=0.5063973665237427 teacher_margin_term=0.0006438643904402852 teacher_updates=1 temp_adv=1.1109999999999878 temp_nat=3.6579999999997073 temperature_updates=1 total_loss=0.037407275289297104 views=2
2026-10-08 00:31:47.488 | INFO     | __main__:<module>:531 - METHOD_BATCH epoch=130 step=200 adv_kd=0.022207245230674744 awp_adv_grad_norm=0.20186464488506317 awp_adv_nat_cos=0.12925632297992706 awp_gamma=0.0005 awp_mix_adv_cos=0.8666468262672424 awp_mix_grad_norm=0.2518232464790344 awp_nat_grad_norm=0.12670308351516724 awp_nat_weight=1.0 awp_relative_norm_max=0.0005000000819563866 clean_ce=0.1476430892944336 clean_ce_term=0.0 consistency_term=0.001011019223369658 consistency_weight=0.1875 js_raw=0.05392102152109146 lr=0.1 nat_kd=0.010197119787335396 pcgrad_conflicts=0 push=0.03140212595462799 push_term=0.002566809765994549 student_updates=1 teacher_ce=0.5239072442054749 teacher_lr=7.671274566408601e-05 teacher_margin=0.5180885791778564 teacher_margin_term=0.0006587292300537229 teacher_updates=1 temp_adv=1.1029999999999887 temp_nat=3.6659999999997064 temperature_updates=1 total_loss=0.03664092347025871 views=2
2026-10-08 00:33:17.608 | INFO     | __main__:<module>:531 - METHOD_BATCH epoch=130 step=300 adv_kd=0.018298137933015823 awp_adv_grad_norm=0.2569572925567627 awp_adv_nat_cos=0.12020459026098251 awp_gamma=0.0005 awp_mix_adv_cos=0.8823571801185608 awp_mix_grad_norm=0.3113206923007965 awp_nat_grad_norm=0.1475713551044464 awp_nat_weight=1.0 awp_relative_norm_max=0.0005000000819563866 clean_ce=0.15678760409355164 clean_ce_term=0.0 consistency_term=0.0009359080577269197 consistency_weight=0.1875 js_raw=0.049915093928575516 lr=0.1 nat_kd=0.011425605975091457 pcgrad_conflicts=0 push=0.034430455416440964 push_term=0.0028143455274403095 student_updates=1 teacher_ce=0.5861259996891022 teacher_lr=7.671274566408601e-05 teacher_margin=0.40197688341140747 teacher_margin_term=0.0005110978381708264 teacher_updates=1 temp_adv=1.1109999999999878 temp_nat=3.6579999999997073 temperature_updates=1 total_loss=0.03398509696125984 views=2
2026-10-08 00:34:38.463 | INFO     | __main__:<module>:1016 - TRAIN_EPOCH_RESOURCE epoch=130 seconds=351.14210721408017 peak_allocated_bytes=3885782016
2026-10-08 00:34:38.464 | INFO     | __main__:<module>:516 - METHOD epoch=131 views=2 awp_gamma=0.00055 consistency_weight=0.20625000000000002 awp_nat_weight=1.0
2026-10-08 00:34:38.464 | INFO     | __main__:<module>:519 - the 131th epoch 
2026-10-08 00:34:39.415 | INFO     | __main__:<module>:531 - METHOD_BATCH epoch=131 step=0 adv_kd=0.0194940697401762 awp_adv_grad_norm=0.18308955430984497 awp_adv_nat_cos=0.250750869512558 awp_gamma=0.00055 awp_mix_adv_cos=0.8486349582672119 awp_mix_grad_norm=0.25728726387023926 awp_nat_grad_norm=0.14059123396873474 awp_nat_weight=1.0 awp_relative_norm_max=0.0005500000552274287 clean_ce=0.1394275575876236 clean_ce_term=0.0 consistency_term=0.0007272427319549024 consistency_weight=0.20625000000000002 js_raw=0.03526025265455246 lr=0.1 nat_kd=0.00963456928730011 pcgrad_conflicts=0 push=0.0189601369202137 push_term=0.0015498015563935041 student_updates=1 teacher_ce=0.5481015741825104 teacher_lr=7.61787201357989e-05 teacher_margin=0.46292272210121155 teacher_margin_term=0.0006474468391388655 teacher_updates=1 temp_adv=1.099999999999989 temp_nat=3.668999999999706 temperature_updates=1 total_loss=0.032053131610155106 views=2
2026-10-08 00:36:09.443 | INFO     | __main__:<module>:531 - METHOD_BATCH epoch=131 step=100 adv_kd=0.02299533784389496 awp_adv_grad_norm=0.2602130174636841 awp_adv_nat_cos=0.20666702091693878 awp_gamma=0.00055 awp_mix_adv_cos=0.9147260189056396 awp_mix_grad_norm=0.3137461245059967 awp_nat_grad_norm=0.12957419455051422 awp_nat_weight=1.0 awp_relative_norm_max=0.0005500000552274287 clean_ce=0.13614466786384583 clean_ce_term=0.0 consistency_term=0.0009037446579895914 consistency_weight=0.20625000000000002 js_raw=0.043817922472953796 lr=0.1 nat_kd=0.009207607246935368 pcgrad_conflicts=0 push=0.0328972265124321 push_term=0.002689019311219454 student_updates=1 teacher_ce=0.5513754785060883 teacher_lr=7.61787201357989e-05 teacher_margin=0.509458601474762 teacher_margin_term=0.0007125322008505464 teacher_updates=1 temp_adv=1.0959999999999894 temp_nat=3.6729999999997056 temperature_updates=1 total_loss=0.036508239805698395 views=2
2026-10-08 00:37:39.461 | INFO     | __main__:<module>:531 - METHOD_BATCH epoch=131 step=200 adv_kd=0.02419392019510269 awp_adv_grad_norm=0.2136513739824295 awp_adv_nat_cos=0.14962944388389587 awp_gamma=0.00055 awp_mix_adv_cos=0.7574854493141174 awp_mix_grad_norm=0.32435932755470276 awp_nat_grad_norm=0.21416977047920227 awp_nat_weight=1.0 awp_relative_norm_max=0.0005500000552274287 clean_ce=0.1453959047794342 clean_ce_term=0.0 consistency_term=0.001035032793879509 consistency_weight=0.20625000000000002 js_raw=0.050183407962322235 lr=0.1 nat_kd=0.014828672632575035 pcgrad_conflicts=0 push=0.0274164117872715 push_term=0.002241017296910286 student_updates=1 teacher_ce=0.6217752695083618 teacher_lr=7.61787201357989e-05 teacher_margin=0.5198510885238647 teacher_margin_term=0.0007270671776495874 teacher_updates=1 temp_adv=1.1039999999999885 temp_nat=3.6649999999997065 temperature_updates=1 total_loss=0.04302570968866348 views=2
2026-10-08 00:39:09.407 | INFO     | __main__:<module>:531 - METHOD_BATCH epoch=131 step=300 adv_kd=0.020582526922225952 awp_adv_grad_norm=0.20130369067192078 awp_adv_nat_cos=0.19240623712539673 awp_gamma=0.00055 awp_mix_adv_cos=0.8641177415847778 awp_mix_grad_norm=0.2629915475845337 awp_nat_grad_norm=0.1348811537027359 awp_nat_weight=1.0 awp_relative_norm_max=0.0005500000552274287 clean_ce=0.15404921770095825 clean_ce_term=0.0 consistency_term=0.0005960513954050839 consistency_weight=0.20625000000000002 js_raw=0.028899461030960083 lr=0.1 nat_kd=0.011535169556736946 pcgrad_conflicts=0 push=0.0301811620593071 push_term=0.0024670083075761795 student_updates=1 teacher_ce=0.4999188035726547 teacher_lr=7.61787201357989e-05 teacher_margin=0.4693283438682556 teacher_margin_term=0.0006564058130607009 teacher_updates=1 temp_adv=1.1019999999999888 temp_nat=3.6669999999997063 temperature_updates=1 total_loss=0.03583716228604317 views=2
2026-10-08 00:40:30.225 | INFO     | __main__:<module>:1016 - TRAIN_EPOCH_RESOURCE epoch=131 seconds=351.7605217229575 peak_allocated_bytes=3885782016
2026-10-08 00:40:30.225 | INFO     | __main__:<module>:516 - METHOD epoch=132 views=2 awp_gamma=0.0006 consistency_weight=0.22499999999999998 awp_nat_weight=1.0
2026-10-08 00:40:30.225 | INFO     | __main__:<module>:519 - the 132th epoch 
2026-10-08 00:40:31.178 | INFO     | __main__:<module>:531 - METHOD_BATCH epoch=132 step=0 adv_kd=0.016987403854727745 awp_adv_grad_norm=0.16044431924819946 awp_adv_nat_cos=0.1282748281955719 awp_gamma=0.0006 awp_mix_adv_cos=0.725248396396637 awp_mix_grad_norm=0.25219279527664185 awp_nat_grad_norm=0.1750779151916504 awp_nat_weight=1.0 awp_relative_norm_max=0.0006000000867061317 clean_ce=0.14127488434314728 clean_ce_term=0.0 consistency_term=0.0009139592875726521 consistency_weight=0.22499999999999998 js_raw=0.040620412677526474 lr=0.1 nat_kd=0.013792777433991432 pcgrad_conflicts=0 push=0.030952922999858856 push_term=0.0025300919078290462 student_updates=1 teacher_ce=0.658654510974884 teacher_lr=7.564055576347172e-05 teacher_margin=0.3453698754310608 teacher_margin_term=0.0005269490648061037 teacher_updates=1 temp_adv=1.1129999999999876 temp_nat=3.6559999999997075 temperature_updates=1 total_loss=0.034751180559396744 views=2
2026-10-08 00:42:01.266 | INFO     | __main__:<module>:531 - METHOD_BATCH epoch=132 step=100 adv_kd=0.02520645037293434 awp_adv_grad_norm=0.20410345494747162 awp_adv_nat_cos=0.21102549135684967 awp_gamma=0.0006 awp_mix_adv_cos=0.8302674889564514 awp_mix_grad_norm=0.28749415278434753 awp_nat_grad_norm=0.16393084824085236 awp_nat_weight=1.0 awp_relative_norm_max=0.0006000001449137926 clean_ce=0.13395407795906067 clean_ce_term=0.0 consistency_term=0.0008806533296592534 consistency_weight=0.22499999999999998 js_raw=0.03914014995098114 lr=0.1 nat_kd=0.012719351798295975 pcgrad_conflicts=0 push=0.02969358116388321 push_term=0.0024271532893180847 student_updates=1 teacher_ce=0.5272271633148193 teacher_lr=7.564055576347172e-05 teacher_margin=0.5573869943618774 teacher_margin_term=0.0008504347642883658 teacher_updates=1 temp_adv=1.108999999999988 temp_nat=3.659999999999707 temperature_updates=1 total_loss=0.042084041982889175 views=2
2026-10-08 00:43:31.303 | INFO     | __main__:<module>:531 - METHOD_BATCH epoch=132 step=200 adv_kd=0.021535048261284828 awp_adv_grad_norm=0.20962412655353546 awp_adv_nat_cos=0.090377576649189 awp_gamma=0.0006 awp_mix_adv_cos=0.895328938961029 awp_mix_grad_norm=0.24520055949687958 awp_nat_grad_norm=0.1096624881029129 awp_nat_weight=1.0 awp_relative_norm_max=0.0006000000867061317 clean_ce=0.14656804502010345 clean_ce_term=0.0 consistency_term=0.0008206518250517547 consistency_weight=0.22499999999999998 js_raw=0.03647341579198837 lr=0.1 nat_kd=0.008854277431964874 pcgrad_conflicts=0 push=0.03595857694745064 push_term=0.00293925404548645 student_updates=1 teacher_ce=0.5508751571178436 teacher_lr=7.564055576347172e-05 teacher_margin=0.48777058720588684 teacher_margin_term=0.0007442173664458096 teacher_updates=1 temp_adv=1.108999999999988 temp_nat=3.659999999999707 temperature_updates=1 total_loss=0.034893445670604706 views=2
2026-10-08 00:45:01.315 | INFO     | __main__:<module>:531 - METHOD_BATCH epoch=132 step=300 adv_kd=0.023348459973931313 awp_adv_grad_norm=0.24368704855442047 awp_adv_nat_cos=0.2402295470237732 awp_gamma=0.0006 awp_mix_adv_cos=0.8855035901069641 awp_mix_grad_norm=0.31626400351524353 awp_nat_grad_norm=0.1513795405626297 awp_nat_weight=1.0 awp_relative_norm_max=0.0006000000867061317 clean_ce=0.15677055716514587 clean_ce_term=0.0 consistency_term=0.0010644240537658334 consistency_weight=0.22499999999999998 js_raw=0.04730773717164993 lr=0.1 nat_kd=0.011176851578056812 pcgrad_conflicts=0 push=0.03209960088133812 push_term=0.0026238213758915663 student_updates=1 teacher_ce=0.5360098779201508 teacher_lr=7.564055576347172e-05 teacher_margin=0.4790090322494507 teacher_margin_term=0.0007308493950404227 teacher_updates=1 temp_adv=1.1029999999999887 temp_nat=3.6659999999997064 temperature_updates=1 total_loss=0.03894440457224846 views=2
2026-10-08 00:46:22.067 | INFO     | __main__:<module>:1016 - TRAIN_EPOCH_RESOURCE epoch=132 seconds=351.8420391639229 peak_allocated_bytes=3885782016
2026-10-08 00:46:22.068 | INFO     | __main__:<module>:516 - METHOD epoch=133 views=2 awp_gamma=0.0006500000000000001 consistency_weight=0.24375000000000002 awp_nat_weight=1.0
2026-10-08 00:46:22.068 | INFO     | __main__:<module>:519 - the 133th epoch 
2026-10-08 00:46:23.019 | INFO     | __main__:<module>:531 - METHOD_BATCH epoch=133 step=0 adv_kd=0.021418370306491852 awp_adv_grad_norm=0.1950128972530365 awp_adv_nat_cos=0.046717461198568344 awp_gamma=0.0006500000000000001 awp_mix_adv_cos=0.8042953014373779 awp_mix_grad_norm=0.2511421740055084 awp_nat_grad_norm=0.1493993103504181 awp_nat_weight=1.0 awp_relative_norm_max=0.0006500000599771738 clean_ce=0.14261415600776672 clean_ce_term=0.0 consistency_term=0.0011741550406441092 consistency_weight=0.24375000000000002 js_raw=0.048170462250709534 lr=0.1 nat_kd=0.009197700768709183 pcgrad_conflicts=0 push=0.03606175631284714 push_term=0.002947688102722168 student_updates=1 teacher_ce=0.4920392632484436 teacher_lr=7.509833805316117e-05 teacher_margin=0.4631733298301697 teacher_margin_term=0.0007655785884708166 teacher_updates=1 temp_adv=1.0959999999999894 temp_nat=3.6729999999997056 temperature_updates=1 total_loss=0.03550349175930023 views=2
2026-10-08 00:47:53.116 | INFO     | __main__:<module>:531 - METHOD_BATCH epoch=133 step=100 adv_kd=0.025770289823412895 awp_adv_grad_norm=0.3836173415184021 awp_adv_nat_cos=0.10777147114276886 awp_gamma=0.0006500000000000001 awp_mix_adv_cos=0.933037281036377 awp_mix_grad_norm=0.4290848672389984 awp_nat_grad_norm=0.15528039634227753 awp_nat_weight=1.0 awp_relative_norm_max=0.0006500000599771738 clean_ce=0.13949596881866455 clean_ce_term=0.0 consistency_term=0.0013265209272503853 consistency_weight=0.24375000000000002 js_raw=0.05442136898636818 lr=0.1 nat_kd=0.009894967079162598 pcgrad_conflicts=0 push=0.03417889028787613 push_term=0.002793782390654087 student_updates=1 teacher_ce=0.5557901263237 teacher_lr=7.509833805316117e-05 teacher_margin=0.4388021230697632 teacher_margin_term=0.0007252955110743642 teacher_updates=1 temp_adv=1.1059999999999883 temp_nat=3.6629999999997067 temperature_updates=1 total_loss=0.04051085561513901 views=2
2026-10-08 00:49:23.316 | INFO     | __main__:<module>:531 - METHOD_BATCH epoch=133 step=200 adv_kd=0.019039196893572807 awp_adv_grad_norm=0.19153840839862823 awp_adv_nat_cos=0.08261248469352722 awp_gamma=0.0006500000000000001 awp_mix_adv_cos=0.8583909869194031 awp_mix_grad_norm=0.23476704955101013 awp_nat_grad_norm=0.12084762752056122 awp_nat_weight=1.0 awp_relative_norm_max=0.0006500000599771738 clean_ce=0.14048969745635986 clean_ce_term=0.0 consistency_term=0.0008162492886185646 consistency_weight=0.24375000000000002 js_raw=0.03348714858293533 lr=0.1 nat_kd=0.0098252072930336 pcgrad_conflicts=0 push=0.03128901869058609 push_term=0.0025575642939656973 student_updates=1 teacher_ce=0.6025197803974152 teacher_lr=7.509833805316117e-05 teacher_margin=0.40048497915267944 teacher_margin_term=0.0006619611522182822 teacher_updates=1 temp_adv=1.1019999999999888 temp_nat=3.6669999999997063 temperature_updates=1 total_loss=0.03290017694234848 views=2
2026-10-08 00:50:53.191 | INFO     | __main__:<module>:531 - METHOD_BATCH epoch=133 step=300 adv_kd=0.021301569417119026 awp_adv_grad_norm=0.19659331440925598 awp_adv_nat_cos=0.1350499391555786 awp_gamma=0.0006500000000000001 awp_mix_adv_cos=0.8919045329093933 awp_mix_grad_norm=0.2367831915616989 awp_nat_grad_norm=0.10806898027658463 awp_nat_weight=1.0 awp_relative_norm_max=0.0006500000599771738 clean_ce=0.14650091528892517 clean_ce_term=0.0 consistency_term=0.0011990922503173351 consistency_weight=0.24375000000000002 js_raw=0.049193527549505234 lr=0.1 nat_kd=0.009814156219363213 pcgrad_conflicts=0 push=0.03503739461302757 push_term=0.0028639566153287888 student_updates=1 teacher_ce=0.5610941350460052 teacher_lr=7.509833805316117e-05 teacher_margin=0.4758797883987427 teacher_margin_term=0.0007865811348892748 teacher_updates=1 temp_adv=1.1059999999999883 temp_nat=3.6629999999997067 temperature_updates=1 total_loss=0.03596535697579384 views=2
2026-10-08 00:52:13.612 | INFO     | __main__:<module>:1016 - TRAIN_EPOCH_RESOURCE epoch=133 seconds=351.54415047192015 peak_allocated_bytes=3885782016
2026-10-08 00:52:13.612 | INFO     | __main__:<module>:516 - METHOD epoch=134 views=2 awp_gamma=0.0007 consistency_weight=0.26249999999999996 awp_nat_weight=1.0
2026-10-08 00:52:13.612 | INFO     | __main__:<module>:519 - the 134th epoch 
2026-10-08 00:52:14.561 | INFO     | __main__:<module>:531 - METHOD_BATCH epoch=134 step=0 adv_kd=0.022502055391669273 awp_adv_grad_norm=0.19196945428848267 awp_adv_nat_cos=0.1233324259519577 awp_gamma=0.0007 awp_mix_adv_cos=0.8537037372589111 awp_mix_grad_norm=0.24331249296665192 awp_nat_grad_norm=0.12768198549747467 awp_nat_weight=1.0 awp_relative_norm_max=0.0007000000332482159 clean_ce=0.148853600025177 clean_ce_term=0.0 consistency_term=0.0011148140765726566 consistency_weight=0.26249999999999996 js_raw=0.04246911033987999 lr=0.1 nat_kd=0.012163178995251656 pcgrad_conflicts=0 push=0.03753485903143883 push_term=0.0030680992640554905 student_updates=1 teacher_ce=0.5391428768634796 teacher_lr=7.455215315046091e-05 teacher_margin=0.48799943923950195 teacher_margin_term=0.0008686609799042344 teacher_updates=1 temp_adv=1.1069999999999882 temp_nat=3.661999999999707 temperature_updates=1 total_loss=0.03971680998802185 views=2
2026-10-08 00:53:44.329 | INFO     | __main__:<module>:531 - METHOD_BATCH epoch=134 step=100 adv_kd=0.021427981555461884 awp_adv_grad_norm=0.2126760631799698 awp_adv_nat_cos=0.17360322177410126 awp_gamma=0.0007 awp_mix_adv_cos=0.7642101049423218 awp_mix_grad_norm=0.3269347846508026 awp_nat_grad_norm=0.21411345899105072 awp_nat_weight=1.0 awp_relative_norm_max=0.0007000000332482159 clean_ce=0.12990140914916992 clean_ce_term=0.0 consistency_term=0.0012031772639602423 consistency_weight=0.26249999999999996 js_raw=0.04583532363176346 lr=0.1 nat_kd=0.01514381729066372 pcgrad_conflicts=0 push=0.019864404574036598 push_term=0.001623716438189149 student_updates=1 teacher_ce=0.6827848255634308 teacher_lr=7.455215315046091e-05 teacher_margin=0.45027977228164673 teacher_margin_term=0.0008015182102099061 teacher_updates=1 temp_adv=1.108999999999988 temp_nat=3.659999999999707 temperature_updates=1 total_loss=0.04020020738244057 views=2
2026-10-08 00:55:14.027 | INFO     | __main__:<module>:531 - METHOD_BATCH epoch=134 step=200 adv_kd=0.022488493472337723 awp_adv_grad_norm=0.17359387874603271 awp_adv_nat_cos=0.18597786128520966 awp_gamma=0.0007 awp_mix_adv_cos=0.6310773491859436 awp_mix_grad_norm=0.3584805130958557 awp_nat_grad_norm=0.28301796317100525 awp_nat_weight=1.0 awp_relative_norm_max=0.0007000000332482159 clean_ce=0.136356383562088 clean_ce_term=0.0 consistency_term=0.0012993225827813148 consistency_weight=0.26249999999999996 js_raw=0.04949800670146942 lr=0.1 nat_kd=0.018215514719486237 pcgrad_conflicts=0 push=0.02252732776105404 push_term=0.0018413837533444166 student_updates=1 teacher_ce=0.5570733547210693 teacher_lr=7.455215315046091e-05 teacher_margin=0.5460357666015625 teacher_margin_term=0.0009719681693241 teacher_updates=1 temp_adv=1.1009999999999889 temp_nat=3.667999999999706 temperature_updates=1 total_loss=0.04481668025255203 views=2
2026-10-08 00:56:43.771 | INFO     | __main__:<module>:531 - METHOD_BATCH epoch=134 step=300 adv_kd=0.025354653596878052 awp_adv_grad_norm=0.22786349058151245 awp_adv_nat_cos=0.23702292144298553 awp_gamma=0.0007 awp_mix_adv_cos=0.9019739031791687 awp_mix_grad_norm=0.2860351502895355 awp_nat_grad_norm=0.12713003158569336 awp_nat_weight=1.0 awp_relative_norm_max=0.0007000000332482159 clean_ce=0.1561262011528015 clean_ce_term=0.0 consistency_term=0.0010427365778014064 consistency_weight=0.26249999999999996 js_raw=0.03972329944372177 lr=0.1 nat_kd=0.010836871340870857 pcgrad_conflicts=0 push=0.030756352469325066 push_term=0.0025140242651104927 student_updates=1 teacher_ce=0.4284515082836151 teacher_lr=7.455215315046091e-05 teacher_margin=0.5908629298210144 teacher_margin_term=0.0010517626069486141 teacher_updates=1 temp_adv=1.1129999999999876 temp_nat=3.6559999999997075 temperature_updates=1 total_loss=0.04080004617571831 views=2
2026-10-08 00:58:04.228 | INFO     | __main__:<module>:1016 - TRAIN_EPOCH_RESOURCE epoch=134 seconds=350.61499099293724 peak_allocated_bytes=3885782016
2026-10-08 00:58:04.228 | INFO     | __main__:<module>:516 - METHOD epoch=135 views=2 awp_gamma=0.00075 consistency_weight=0.28125 awp_nat_weight=1.0
2026-10-08 00:58:04.228 | INFO     | __main__:<module>:519 - the 135th epoch 
2026-10-08 00:58:05.178 | INFO     | __main__:<module>:531 - METHOD_BATCH epoch=135 step=0 adv_kd=0.019636835902929306 awp_adv_grad_norm=0.16651815176010132 awp_adv_nat_cos=0.15671992301940918 awp_gamma=0.00075 awp_mix_adv_cos=0.620101809501648 awp_mix_grad_norm=0.3359840214252472 awp_nat_grad_norm=0.26688456535339355 awp_nat_weight=1.0 awp_relative_norm_max=0.0007500000647269189 clean_ce=0.14406713843345642 clean_ce_term=0.0 consistency_term=0.0010683623841032386 consistency_weight=0.28125 js_raw=0.03798621520400047 lr=0.1 nat_kd=0.018470093607902527 pcgrad_conflicts=0 push=0.029958251863718033 push_term=0.002448787447065115 student_updates=1 teacher_ce=0.5350946485996246 teacher_lr=7.400208782667249e-05 teacher_margin=0.44395914673805237 teacher_margin_term=0.0008467149455100298 teacher_updates=1 temp_adv=1.1019999999999888 temp_nat=3.6669999999997063 temperature_updates=1 total_loss=0.042470790445804596 views=2
2026-10-08 00:59:34.931 | INFO     | __main__:<module>:531 - METHOD_BATCH epoch=135 step=100 adv_kd=0.02517135813832283 awp_adv_grad_norm=0.2788485586643219 awp_adv_nat_cos=0.09379057586193085 awp_gamma=0.00075 awp_mix_adv_cos=0.9256898760795593 awp_mix_grad_norm=0.3132942318916321 awp_nat_grad_norm=0.11903879046440125 awp_nat_weight=1.0 awp_relative_norm_max=0.0007500001229345798 clean_ce=0.15362900495529175 clean_ce_term=0.0 consistency_term=0.0016202349215745926 consistency_weight=0.28125 js_raw=0.05760835111141205 lr=0.1 nat_kd=0.010086538270115852 pcgrad_conflicts=0 push=0.038000524044036865 push_term=0.0031061628833413124 student_updates=1 teacher_ce=0.45763590931892395 teacher_lr=7.400208782667249e-05 teacher_margin=0.5514970421791077 teacher_margin_term=0.0010518102208152413 teacher_updates=1 temp_adv=1.1059999999999883 temp_nat=3.6629999999997067 temperature_updates=1 total_loss=0.041036106646060944 views=2
2026-10-08 01:01:05.122 | INFO     | __main__:<module>:531 - METHOD_BATCH epoch=135 step=200 adv_kd=0.020731959491968155 awp_adv_grad_norm=0.18616634607315063 awp_adv_nat_cos=0.10291992127895355 awp_gamma=0.00075 awp_mix_adv_cos=0.8408637046813965 awp_mix_grad_norm=0.23719649016857147 awp_nat_grad_norm=0.12906724214553833 awp_nat_weight=1.0 awp_relative_norm_max=0.0007500000647269189 clean_ce=0.13863679766654968 clean_ce_term=0.0 consistency_term=0.0013462669448927045 consistency_weight=0.28125 js_raw=0.047867268323898315 lr=0.1 nat_kd=0.011101847514510155 pcgrad_conflicts=0 push=0.03552998602390289 push_term=0.0029042211826890707 student_updates=1 teacher_ce=0.6030226349830627 teacher_lr=7.400208782667249e-05 teacher_margin=0.4215472638607025 teacher_margin_term=0.0008039711392484605 teacher_updates=1 temp_adv=1.1099999999999879 temp_nat=3.658999999999707 temperature_updates=1 total_loss=0.03688826784491539 views=2
2026-10-08 01:02:35.374 | INFO     | __main__:<module>:531 - METHOD_BATCH epoch=135 step=300 adv_kd=0.02155197039246559 awp_adv_grad_norm=0.24267978966236115 awp_adv_nat_cos=0.16976048052310944 awp_gamma=0.00075 awp_mix_adv_cos=0.8896138072013855 awp_mix_grad_norm=0.2992575168609619 awp_nat_grad_norm=0.1386881172657013 awp_nat_weight=1.0 awp_relative_norm_max=0.0007500001229345798 clean_ce=0.1550501585006714 clean_ce_term=0.0 consistency_term=0.0009766469011083245 consistency_weight=0.28125 js_raw=0.03472522273659706 lr=0.1 nat_kd=0.011285707354545593 pcgrad_conflicts=0 push=0.030340243130922318 push_term=0.002480011433362961 student_updates=1 teacher_ce=0.530601441860199 teacher_lr=7.400208782667249e-05 teacher_margin=0.3910638391971588 teacher_margin_term=0.0007458333857357502 teacher_updates=1 temp_adv=1.1119999999999877 temp_nat=3.6569999999997074 temperature_updates=1 total_loss=0.03704017028212547 views=2
2026-10-08 01:03:56.166 | INFO     | __main__:<module>:1016 - TRAIN_EPOCH_RESOURCE epoch=135 seconds=351.93801076500677 peak_allocated_bytes=3885782016
2026-10-08 01:03:56.167 | INFO     | __main__:<module>:516 - METHOD epoch=136 views=2 awp_gamma=0.0008 consistency_weight=0.30000000000000004 awp_nat_weight=1.0
2026-10-08 01:03:56.167 | INFO     | __main__:<module>:519 - the 136th epoch 
2026-10-08 01:03:57.115 | INFO     | __main__:<module>:531 - METHOD_BATCH epoch=136 step=0 adv_kd=0.019458897411823273 awp_adv_grad_norm=0.15475313365459442 awp_adv_nat_cos=0.14278796315193176 awp_gamma=0.0008 awp_mix_adv_cos=0.7822811007499695 awp_mix_grad_norm=0.22349800169467926 awp_nat_grad_norm=0.1406639814376831 awp_nat_weight=1.0 awp_relative_norm_max=0.000800000096205622 clean_ce=0.14358633756637573 clean_ce_term=0.0 consistency_term=0.0017016761703416705 consistency_weight=0.30000000000000004 js_raw=0.05672253668308258 lr=0.1 nat_kd=0.012443693354725838 pcgrad_conflicts=0 push=0.029330942779779434 push_term=0.0023975111544132233 student_updates=1 teacher_ce=0.6625899970531464 teacher_lr=7.344822946487632e-05 teacher_margin=0.44443589448928833 teacher_margin_term=0.000904132379218936 teacher_updates=1 temp_adv=1.1049999999999884 temp_nat=3.6639999999997066 temperature_updates=1 total_loss=0.03690590709447861 views=2
2026-10-08 01:05:27.617 | INFO     | __main__:<module>:531 - METHOD_BATCH epoch=136 step=100 adv_kd=0.02285323478281498 awp_adv_grad_norm=0.20841287076473236 awp_adv_nat_cos=0.22395791113376617 awp_gamma=0.0008 awp_mix_adv_cos=0.8942605257034302 awp_mix_grad_norm=0.26334148645401 awp_nat_grad_norm=0.1209293007850647 awp_nat_weight=1.0 awp_relative_norm_max=0.000800000037997961 clean_ce=0.1453750878572464 clean_ce_term=0.0 consistency_term=0.0011661505559459329 consistency_weight=0.30000000000000004 js_raw=0.038871683180332184 lr=0.1 nat_kd=0.01043903548270464 pcgrad_conflicts=0 push=0.04243668541312218 push_term=0.003468774724751711 student_updates=1 teacher_ce=0.5799083709716797 teacher_lr=7.344822946487632e-05 teacher_margin=0.5127382278442383 teacher_margin_term=0.0010430824477225542 teacher_updates=1 temp_adv=1.1129999999999876 temp_nat=3.6559999999997075 temperature_updates=1 total_loss=0.03897027671337128 views=2
2026-10-08 01:06:58.834 | INFO     | __main__:<module>:531 - METHOD_BATCH epoch=136 step=200 adv_kd=0.022870300337672234 awp_adv_grad_norm=0.19883272051811218 awp_adv_nat_cos=0.14781415462493896 awp_gamma=0.0008 awp_mix_adv_cos=0.8876002430915833 awp_mix_grad_norm=0.2428465187549591 awp_nat_grad_norm=0.11310102790594101 awp_nat_weight=1.0 awp_relative_norm_max=0.000800000096205622 clean_ce=0.15417514741420746 clean_ce_term=0.0 consistency_term=0.0013288477202877402 consistency_weight=0.30000000000000004 js_raw=0.044294923543930054 lr=0.1 nat_kd=0.009094439446926117 pcgrad_conflicts=0 push=0.0387474000453949 push_term=0.003167212475091219 student_updates=1 teacher_ce=0.5074655413627625 teacher_lr=7.344822946487632e-05 teacher_margin=0.5267794728279114 teacher_margin_term=0.0010716470424085855 teacher_updates=1 temp_adv=1.1069999999999882 temp_nat=3.661999999999707 temperature_updates=1 total_loss=0.03753244876861572 views=2
2026-10-08 01:08:29.874 | INFO     | __main__:<module>:531 - METHOD_BATCH epoch=136 step=300 adv_kd=0.019191060215234756 awp_adv_grad_norm=0.16742436587810516 awp_adv_nat_cos=0.13573910295963287 awp_gamma=0.0008 awp_mix_adv_cos=0.5184943079948425 awp_mix_grad_norm=0.41716137528419495 awp_nat_grad_norm=0.3600391447544098 awp_nat_weight=1.0 awp_relative_norm_max=0.000800000037997961 clean_ce=0.1418648660182953 clean_ce_term=0.0 consistency_term=0.000864323228597641 consistency_weight=0.30000000000000004 js_raw=0.0288107730448246 lr=0.1 nat_kd=0.027150722220540047 pcgrad_conflicts=3 push=0.032769277691841125 push_term=0.0026785610243678093 student_updates=1 teacher_ce=0.6782917380332947 teacher_lr=7.344822946487632e-05 teacher_margin=0.4094824194908142 teacher_margin_term=0.0008330252021551132 teacher_updates=1 temp_adv=1.1049999999999884 temp_nat=3.6639999999997066 temperature_updates=1 total_loss=0.05071769282221794 views=2
2026-10-08 01:09:50.578 | INFO     | __main__:<module>:1016 - TRAIN_EPOCH_RESOURCE epoch=136 seconds=354.41086441092193 peak_allocated_bytes=3885782016
2026-10-08 01:09:50.579 | INFO     | __main__:<module>:516 - METHOD epoch=137 views=2 awp_gamma=0.00085 consistency_weight=0.31875 awp_nat_weight=1.0
2026-10-08 01:09:50.579 | INFO     | __main__:<module>:519 - the 137th epoch 
2026-10-08 01:09:51.536 | INFO     | __main__:<module>:531 - METHOD_BATCH epoch=137 step=0 adv_kd=0.018040219321846962 awp_adv_grad_norm=0.15816080570220947 awp_adv_nat_cos=0.12088925391435623 awp_gamma=0.00085 awp_mix_adv_cos=0.7951520681381226 awp_mix_grad_norm=0.21927131712436676 awp_nat_grad_norm=0.13395076990127563 awp_nat_weight=1.0 awp_relative_norm_max=0.0008500000694766641 clean_ce=0.15452435612678528 clean_ce_term=0.0 consistency_term=0.0012972847325727344 consistency_weight=0.31875 js_raw=0.040699128061532974 lr=0.1 nat_kd=0.010353322140872478 pcgrad_conflicts=0 push=0.03038524091243744 push_term=0.002483689459040761 student_updates=1 teacher_ce=0.48905934393405914 teacher_lr=7.289066604590528e-05 teacher_margin=0.4176977276802063 teacher_margin_term=0.0009028465719893575 teacher_updates=1 temp_adv=1.1059999999999883 temp_nat=3.6629999999997067 temperature_updates=1 total_loss=0.033077362924814224 views=2
2026-10-08 01:11:22.102 | INFO     | __main__:<module>:531 - METHOD_BATCH epoch=137 step=100 adv_kd=0.01815543696284294 awp_adv_grad_norm=0.16251105070114136 awp_adv_nat_cos=0.13391543924808502 awp_gamma=0.00085 awp_mix_adv_cos=0.8284391164779663 awp_mix_grad_norm=0.21588864922523499 awp_nat_grad_norm=0.12201377749443054 awp_nat_weight=1.0 awp_relative_norm_max=0.000850000127684325 clean_ce=0.13867393136024475 clean_ce_term=0.0 consistency_term=0.0014412044547498226 consistency_weight=0.31875 js_raw=0.04521425813436508 lr=0.1 nat_kd=0.010106826201081276 pcgrad_conflicts=0 push=0.035249367356300354 push_term=0.0028812834061682224 student_updates=1 teacher_ce=0.6119545102119446 teacher_lr=7.289066604590528e-05 teacher_margin=0.4228084683418274 teacher_margin_term=0.0009138933382928371 teacher_updates=1 temp_adv=1.107999999999988 temp_nat=3.660999999999707 temperature_updates=1 total_loss=0.03349864482879639 views=2
2026-10-08 01:12:52.808 | INFO     | __main__:<module>:531 - METHOD_BATCH epoch=137 step=200 adv_kd=0.023977074772119522 awp_adv_grad_norm=0.18631772696971893 awp_adv_nat_cos=0.20006926357746124 awp_gamma=0.00085 awp_mix_adv_cos=0.8833528757095337 awp_mix_grad_norm=0.23655074834823608 awp_nat_grad_norm=0.11316125094890594 awp_nat_weight=1.0 awp_relative_norm_max=0.000850000127684325 clean_ce=0.12699827551841736 clean_ce_term=0.0 consistency_term=0.0011200421722605824 consistency_weight=0.31875 js_raw=0.0351385772228241 lr=0.1 nat_kd=0.010492924600839615 pcgrad_conflicts=0 push=0.038126952946186066 push_term=0.003116497304290533 student_updates=1 teacher_ce=0.5877818167209625 teacher_lr=7.289066604590528e-05 teacher_margin=0.5296878218650818 teacher_margin_term=0.0011449111625552177 teacher_updates=1 temp_adv=1.107999999999988 temp_nat=3.660999999999707 temperature_updates=1 total_loss=0.03985145315527916 views=2
2026-10-08 01:14:23.765 | INFO     | __main__:<module>:531 - METHOD_BATCH epoch=137 step=300 adv_kd=0.022964991629123688 awp_adv_grad_norm=0.1795814484357834 awp_adv_nat_cos=0.16164538264274597 awp_gamma=0.00085 awp_mix_adv_cos=0.7817623019218445 awp_mix_grad_norm=0.26423782110214233 awp_nat_grad_norm=0.16696834564208984 awp_nat_weight=1.0 awp_relative_norm_max=0.000850000127684325 clean_ce=0.1257462352514267 clean_ce_term=0.0 consistency_term=0.0012804137077182531 consistency_weight=0.31875 js_raw=0.040169842541217804 lr=0.1 nat_kd=0.013264112174510956 pcgrad_conflicts=0 push=0.034080810844898224 push_term=0.0027857653331011534 student_updates=1 teacher_ce=0.6888254582881927 teacher_lr=7.289066604590528e-05 teacher_margin=0.4926277697086334 teacher_margin_term=0.0010648064780980349 teacher_updates=1 temp_adv=1.1039999999999885 temp_nat=3.6649999999997065 temperature_updates=1 total_loss=0.04136008769273758 views=2
2026-10-08 01:15:44.474 | INFO     | __main__:<module>:1016 - TRAIN_EPOCH_RESOURCE epoch=137 seconds=353.8951344329398 peak_allocated_bytes=3885782016
2026-10-08 01:15:44.475 | INFO     | __main__:<module>:516 - METHOD epoch=138 views=2 awp_gamma=0.0009000000000000001 consistency_weight=0.3375 awp_nat_weight=1.0
2026-10-08 01:15:44.475 | INFO     | __main__:<module>:519 - the 138th epoch 
2026-10-08 01:15:45.430 | INFO     | __main__:<module>:531 - METHOD_BATCH epoch=138 step=0 adv_kd=0.022088145837187767 awp_adv_grad_norm=0.1783631145954132 awp_adv_nat_cos=0.14045438170433044 awp_gamma=0.0009000000000000001 awp_mix_adv_cos=0.8297014832496643 awp_mix_grad_norm=0.2376547008752823 awp_nat_grad_norm=0.13398882746696472 awp_nat_weight=1.0 awp_relative_norm_max=0.0009000001009553671 clean_ce=0.13003648817539215 clean_ce_term=0.0 consistency_term=0.0012812729692086577 consistency_weight=0.3375 js_raw=0.03796364367008209 lr=0.1 nat_kd=0.011225812137126923 pcgrad_conflicts=0 push=0.02854938618838787 push_term=0.002333626616746187 student_updates=1 teacher_ce=0.5590134561061859 teacher_lr=7.232948613422267e-05 teacher_margin=0.4849289059638977 teacher_margin_term=0.0011098225368186831 teacher_updates=1 temp_adv=1.1149999999999873 temp_nat=3.6539999999997077 temperature_updates=1 total_loss=0.03803868219256401 views=2
2026-10-08 01:17:15.457 | INFO     | __main__:<module>:531 - METHOD_BATCH epoch=138 step=100 adv_kd=0.02142607420682907 awp_adv_grad_norm=0.17903509736061096 awp_adv_nat_cos=0.17098142206668854 awp_gamma=0.0009000000000000001 awp_mix_adv_cos=0.7847515344619751 awp_mix_grad_norm=0.2643788158893585 awp_nat_grad_norm=0.16631388664245605 awp_nat_weight=1.0 awp_relative_norm_max=0.0009000001009553671 clean_ce=0.14183934032917023 clean_ce_term=0.0 consistency_term=0.0014578914269804955 consistency_weight=0.3375 js_raw=0.04319678246974945 lr=0.1 nat_kd=0.012197711504995823 pcgrad_conflicts=0 push=0.027097292244434357 push_term=0.002214932581409812 student_updates=1 teacher_ce=0.5098164975643158 teacher_lr=7.232948613422267e-05 teacher_margin=0.4822206497192383 teacher_margin_term=0.0011036243522539735 teacher_updates=1 temp_adv=1.1129999999999876 temp_nat=3.6559999999997075 temperature_updates=1 total_loss=0.038400232791900635 views=2
2026-10-08 01:18:45.572 | INFO     | __main__:<module>:531 - METHOD_BATCH epoch=138 step=200 adv_kd=0.020709197968244553 awp_adv_grad_norm=0.18576017022132874 awp_adv_nat_cos=0.09060908108949661 awp_gamma=0.0009000000000000001 awp_mix_adv_cos=0.8773247599601746 awp_mix_grad_norm=0.22282427549362183 awp_nat_grad_norm=0.1073743924498558 awp_nat_weight=1.0 awp_relative_norm_max=0.0009000000427477062 clean_ce=0.14528995752334595 clean_ce_term=0.0 consistency_term=0.001212002127431333 consistency_weight=0.3375 js_raw=0.03591117262840271 lr=0.1 nat_kd=0.008824779652059078 pcgrad_conflicts=0 push=0.029790030792355537 push_term=0.0024350369349122047 student_updates=1 teacher_ce=0.5575528740882874 teacher_lr=7.232948613422267e-05 teacher_margin=0.4740603566169739 teacher_margin_term=0.0010849484242498875 teacher_updates=1 temp_adv=1.1069999999999882 temp_nat=3.661999999999707 temperature_updates=1 total_loss=0.03426596522331238 views=2
2026-10-08 01:20:16.259 | INFO     | __main__:<module>:531 - METHOD_BATCH epoch=138 step=300 adv_kd=0.021167125552892685 awp_adv_grad_norm=0.18617309629917145 awp_adv_nat_cos=0.18296822905540466 awp_gamma=0.0009000000000000001 awp_mix_adv_cos=0.6718001365661621 awp_mix_grad_norm=0.34867629408836365 awp_nat_grad_norm=0.26271072030067444 awp_nat_weight=1.0 awp_relative_norm_max=0.0009000000427477062 clean_ce=0.15493005514144897 clean_ce_term=0.0 consistency_term=0.0014705678913742304 consistency_weight=0.3375 js_raw=0.043572381138801575 lr=0.1 nat_kd=0.021086348220705986 pcgrad_conflicts=0 push=0.024355685338377953 push_term=0.0019908337853848934 student_updates=1 teacher_ce=0.5748888552188873 teacher_lr=7.232948613422267e-05 teacher_margin=0.4779524803161621 teacher_margin_term=0.0010938560590147972 teacher_updates=1 temp_adv=1.1129999999999876 temp_nat=3.6559999999997075 temperature_updates=1 total_loss=0.04680873081088066 views=2
2026-10-08 01:21:38.137 | INFO     | __main__:<module>:1016 - TRAIN_EPOCH_RESOURCE epoch=138 seconds=353.6615796859842 peak_allocated_bytes=3885782016
2026-10-08 01:21:38.137 | INFO     | __main__:<module>:516 - METHOD epoch=139 views=2 awp_gamma=0.00095 consistency_weight=0.35624999999999996 awp_nat_weight=1.0
2026-10-08 01:21:38.137 | INFO     | __main__:<module>:519 - the 139th epoch 
2026-10-08 01:21:39.100 | INFO     | __main__:<module>:531 - METHOD_BATCH epoch=139 step=0 adv_kd=0.019993271678686142 awp_adv_grad_norm=0.16747328639030457 awp_adv_nat_cos=0.09908891469240189 awp_gamma=0.00095 awp_mix_adv_cos=0.8580697178840637 awp_mix_grad_norm=0.20754310488700867 awp_nat_grad_norm=0.10710740834474564 awp_nat_weight=1.0 awp_relative_norm_max=0.0009500001324340701 clean_ce=0.13680478930473328 clean_ce_term=0.0 consistency_term=0.00215701456181705 consistency_weight=0.35624999999999996 js_raw=0.06054777652025223 lr=0.1 nat_kd=0.009954432025551796 pcgrad_conflicts=0 push=0.0321030393242836 push_term=0.0026241024024784565 student_updates=1 teacher_ce=0.5780143737792969 teacher_lr=7.176477886370735e-05 teacher_margin=0.3940359950065613 teacher_margin_term=0.0009519023587927222 teacher_updates=1 temp_adv=1.1099999999999879 temp_nat=3.658999999999707 temperature_updates=1 total_loss=0.03568072244524956 views=2
2026-10-08 01:23:09.712 | INFO     | __main__:<module>:531 - METHOD_BATCH epoch=139 step=100 adv_kd=0.0188856590539217 awp_adv_grad_norm=0.17693670094013214 awp_adv_nat_cos=0.139776349067688 awp_gamma=0.00095 awp_mix_adv_cos=0.82208251953125 awp_mix_grad_norm=0.23855262994766235 awp_nat_grad_norm=0.13717089593410492 awp_nat_weight=1.0 awp_relative_norm_max=0.0009500000742264092 clean_ce=0.16178381443023682 clean_ce_term=0.0 consistency_term=0.0011858242796733975 consistency_weight=0.35624999999999996 js_raw=0.03328629583120346 lr=0.1 nat_kd=0.010768618434667587 pcgrad_conflicts=0 push=0.032282501459121704 push_term=0.002638771664351225 student_updates=1 teacher_ce=0.5401463508605957 teacher_lr=7.176477886370735e-05 teacher_margin=0.3919614553451538 teacher_margin_term=0.0009468907956033945 teacher_updates=1 temp_adv=1.1119999999999877 temp_nat=3.6569999999997074 temperature_updates=1 total_loss=0.0344257615506649 views=2
2026-10-08 01:24:40.164 | INFO     | __main__:<module>:531 - METHOD_BATCH epoch=139 step=200 adv_kd=0.021747242659330368 awp_adv_grad_norm=0.20113228261470795 awp_adv_nat_cos=0.16715936362743378 awp_gamma=0.00095 awp_mix_adv_cos=0.914885401725769 awp_mix_grad_norm=0.23762200772762299 awp_nat_grad_norm=0.0973002165555954 awp_nat_weight=1.0 awp_relative_norm_max=0.0009500000742264092 clean_ce=0.156121626496315 clean_ce_term=0.0 consistency_term=0.0015430556377395988 consistency_weight=0.35624999999999996 js_raw=0.04331384226679802 lr=0.1 nat_kd=0.009107088670134544 pcgrad_conflicts=0 push=0.03326313942670822 push_term=0.00271892873570323 student_updates=1 teacher_ce=0.4558185935020447 teacher_lr=7.176477886370735e-05 teacher_margin=0.5242341756820679 teacher_margin_term=0.0012664319947361946 teacher_updates=1 temp_adv=1.1039999999999885 temp_nat=3.6649999999997065 temperature_updates=1 total_loss=0.03638274967670441 views=2
2026-10-08 01:26:10.851 | INFO     | __main__:<module>:531 - METHOD_BATCH epoch=139 step=300 adv_kd=0.027471207082271576 awp_adv_grad_norm=0.22311638295650482 awp_adv_nat_cos=0.10350634902715683 awp_gamma=0.00095 awp_mix_adv_cos=0.8390958905220032 awp_mix_grad_norm=0.285137802362442 awp_nat_grad_norm=0.15594790875911713 awp_nat_weight=1.0 awp_relative_norm_max=0.0009500001324340701 clean_ce=0.13689637184143066 clean_ce_term=0.0 consistency_term=0.0017936889780685306 consistency_weight=0.35624999999999996 js_raw=0.0503491647541523 lr=0.1 nat_kd=0.013426046818494797 pcgrad_conflicts=0 push=0.03509840369224548 push_term=0.002868943614885211 student_updates=1 teacher_ce=0.5470730066299438 teacher_lr=7.176477886370735e-05 teacher_margin=0.6085097789764404 teacher_margin_term=0.0014700228348374367 teacher_updates=1 temp_adv=1.107999999999988 temp_nat=3.660999999999707 temperature_updates=1 total_loss=0.04702991247177124 views=2
2026-10-08 01:27:32.368 | INFO     | __main__:<module>:1016 - TRAIN_EPOCH_RESOURCE epoch=139 seconds=354.23081494285725 peak_allocated_bytes=3885782016
2026-10-08 01:27:32.369 | INFO     | __main__:<module>:516 - METHOD epoch=140 views=2 awp_gamma=0.001 consistency_weight=0.375 awp_nat_weight=1.0
2026-10-08 01:27:32.369 | INFO     | __main__:<module>:519 - the 140th epoch 
2026-10-08 01:27:33.341 | INFO     | __main__:<module>:531 - METHOD_BATCH epoch=140 step=0 adv_kd=0.02004634216427803 awp_adv_grad_norm=0.18217410147190094 awp_adv_nat_cos=0.1420534998178482 awp_gamma=0.001 awp_mix_adv_cos=0.8859924674034119 awp_mix_grad_norm=0.22231334447860718 awp_nat_grad_norm=0.10414275527000427 awp_nat_weight=1.0 awp_relative_norm_max=0.0010000001639127731 clean_ce=0.15887576341629028 clean_ce_term=0.0 consistency_term=0.0016969332937151194 consistency_weight=0.375 js_raw=0.045251552015542984 lr=0.1 nat_kd=0.008655000478029251 pcgrad_conflicts=0 push=0.026440992951393127 push_term=0.002161286771297455 student_updates=1 teacher_ce=0.4849059283733368 teacher_lr=7.119663392334794e-05 teacher_margin=0.4292857050895691 teacher_margin_term=0.001091639744117856 teacher_updates=1 temp_adv=1.1149999999999873 temp_nat=3.6539999999997077 temperature_updates=1 total_loss=0.0336511991918087 views=2
2026-10-08 01:29:03.351 | INFO     | __main__:<module>:531 - METHOD_BATCH epoch=140 step=100 adv_kd=0.020277194678783417 awp_adv_grad_norm=0.17669783532619476 awp_adv_nat_cos=0.1432674527168274 awp_gamma=0.001 awp_mix_adv_cos=0.8768013119697571 awp_mix_grad_norm=0.21890416741371155 awp_nat_grad_norm=0.1063578724861145 awp_nat_weight=1.0 awp_relative_norm_max=0.0010000001639127731 clean_ce=0.15642789006233215 clean_ce_term=0.0 consistency_term=0.002110219793394208 consistency_weight=0.375 js_raw=0.05627252906560898 lr=0.1 nat_kd=0.009431667625904083 pcgrad_conflicts=0 push=0.03908265754580498 push_term=0.0031946164090186357 student_updates=1 teacher_ce=0.4713711440563202 teacher_lr=7.119663392334794e-05 teacher_margin=0.4801168739795685 teacher_margin_term=0.0012208994012326002 teacher_updates=1 temp_adv=1.1169999999999871 temp_nat=3.651999999999708 temperature_updates=1 total_loss=0.036234598606824875 views=2
2026-10-08 01:30:32.751 | INFO     | __main__:<module>:531 - METHOD_BATCH epoch=140 step=200 adv_kd=0.021696442738175392 awp_adv_grad_norm=0.22525091469287872 awp_adv_nat_cos=0.13303670287132263 awp_gamma=0.001 awp_mix_adv_cos=0.8715763688087463 awp_mix_grad_norm=0.2795477509498596 awp_nat_grad_norm=0.13828012347221375 awp_nat_weight=1.0 awp_relative_norm_max=0.0010000001639127731 clean_ce=0.12789683043956757 clean_ce_term=0.0 consistency_term=0.0020822258666157722 consistency_weight=0.375 js_raw=0.055526021867990494 lr=0.1 nat_kd=0.010571816936135292 pcgrad_conflicts=0 push=0.024464629590511322 push_term=0.001999738859012723 student_updates=1 teacher_ce=0.611151933670044 teacher_lr=7.119663392334794e-05 teacher_margin=0.3944043517112732 teacher_margin_term=0.001002939185127616 teacher_updates=1 temp_adv=1.1109999999999878 temp_nat=3.6579999999997073 temperature_updates=1 total_loss=0.037353161722421646 views=2
2026-10-08 01:32:02.862 | INFO     | __main__:<module>:531 - METHOD_BATCH epoch=140 step=300 adv_kd=0.018083605915308 awp_adv_grad_norm=0.17206095159053802 awp_adv_nat_cos=0.12588845193386078 awp_gamma=0.001 awp_mix_adv_cos=0.7933234572410583 awp_mix_grad_norm=0.24028581380844116 awp_nat_grad_norm=0.1474592238664627 awp_nat_weight=1.0 awp_relative_norm_max=0.0010000001639127731 clean_ce=0.14467935264110565 clean_ce_term=0.0 consistency_term=0.0015957236755639315 consistency_weight=0.375 js_raw=0.04255262762308121 lr=0.1 nat_kd=0.012065909802913666 pcgrad_conflicts=0 push=0.03523815795779228 push_term=0.002880366984754801 student_updates=1 teacher_ce=0.5991335213184357 teacher_lr=7.119663392334794e-05 teacher_margin=0.379549503326416 teacher_margin_term=0.0009651645668782294 teacher_updates=1 temp_adv=1.1049999999999884 temp_nat=3.6639999999997066 temperature_updates=1 total_loss=0.035590771585702896 views=2
2026-10-08 01:33:23.455 | INFO     | __main__:<module>:1016 - TRAIN_EPOCH_RESOURCE epoch=140 seconds=351.08581783878617 peak_allocated_bytes=3885782016
2026-10-08 01:33:23.455 | INFO     | __main__:<module>:516 - METHOD epoch=141 views=2 awp_gamma=0.0010500000000000002 consistency_weight=0.39375000000000004 awp_nat_weight=1.0
2026-10-08 01:33:23.455 | INFO     | __main__:<module>:519 - the 141th epoch 
2026-10-08 01:33:24.404 | INFO     | __main__:<module>:531 - METHOD_BATCH epoch=141 step=0 adv_kd=0.017139416188001633 awp_adv_grad_norm=0.15519775450229645 awp_adv_nat_cos=0.15539361536502838 awp_gamma=0.0010500000000000002 awp_mix_adv_cos=0.8100286722183228 awp_mix_grad_norm=0.216217041015625 awp_nat_grad_norm=0.12834665179252625 awp_nat_weight=1.0 awp_relative_norm_max=0.0010500000789761543 clean_ce=0.1591772586107254 clean_ce_term=0.0 consistency_term=0.0011237296275794506 consistency_weight=0.39375000000000004 js_raw=0.02853916399180889 lr=0.1 nat_kd=0.010579568333923817 pcgrad_conflicts=0 push=0.029512502253055573 push_term=0.0024123520124703646 student_updates=1 teacher_ce=0.6664654910564423 teacher_lr=7.062514154284863e-05 teacher_margin=0.3088540732860565 teacher_margin_term=0.0008246611687354743 teacher_updates=1 temp_adv=1.1099999999999879 temp_nat=3.658999999999707 temperature_updates=1 total_loss=0.032079726457595825 views=2
2026-10-08 01:34:54.109 | INFO     | __main__:<module>:531 - METHOD_BATCH epoch=141 step=100 adv_kd=0.01796550489962101 awp_adv_grad_norm=0.16668792068958282 awp_adv_nat_cos=0.10639163106679916 awp_gamma=0.0010500000000000002 awp_mix_adv_cos=0.897467851638794 awp_mix_grad_norm=0.19604052603244781 awp_nat_grad_norm=0.08696308732032776 awp_nat_weight=1.0 awp_relative_norm_max=0.0010500000789761543 clean_ce=0.14475305378437042 clean_ce_term=0.0 consistency_term=0.0016782416496425867 consistency_weight=0.39375000000000004 js_raw=0.04262200742959976 lr=0.1 nat_kd=0.009082909673452377 pcgrad_conflicts=0 push=0.04932991415262222 push_term=0.004032227210700512 student_updates=1 teacher_ce=0.5211569666862488 teacher_lr=7.062514154284863e-05 teacher_margin=0.4327711760997772 teacher_margin_term=0.0011555282399058342 teacher_updates=1 temp_adv=1.1219999999999866 temp_nat=3.6469999999997085 temperature_updates=1 total_loss=0.033914413303136826 views=2
2026-10-08 01:36:23.858 | INFO     | __main__:<module>:531 - METHOD_BATCH epoch=141 step=200 adv_kd=0.021547000855207443 awp_adv_grad_norm=0.17787829041481018 awp_adv_nat_cos=0.15645526349544525 awp_gamma=0.0010500000000000002 awp_mix_adv_cos=0.8381704092025757 awp_mix_grad_norm=0.2366112321615219 awp_nat_grad_norm=0.130658820271492 awp_nat_weight=1.0 awp_relative_norm_max=0.0010500000789761543 clean_ce=0.1314655840396881 clean_ce_term=0.0 consistency_term=0.0021925391629338264 consistency_weight=0.39375000000000004 js_raw=0.05568353086709976 lr=0.1 nat_kd=0.011833945289254189 pcgrad_conflicts=0 push=0.032896384596824646 push_term=0.0026889503933489323 student_updates=1 teacher_ce=0.592284768819809 teacher_lr=7.062514154284863e-05 teacher_margin=0.45270872116088867 teacher_margin_term=0.0012087627546861768 teacher_updates=1 temp_adv=1.107999999999988 temp_nat=3.660999999999707 temperature_updates=1 total_loss=0.03947119787335396 views=2
2026-10-08 01:37:53.584 | INFO     | __main__:<module>:531 - METHOD_BATCH epoch=141 step=300 adv_kd=0.020981207489967346 awp_adv_grad_norm=0.1825469434261322 awp_adv_nat_cos=0.12881772220134735 awp_gamma=0.0010500000000000002 awp_mix_adv_cos=0.7966170310974121 awp_mix_grad_norm=0.2542101740837097 awp_nat_grad_norm=0.1549571305513382 awp_nat_weight=1.0 awp_relative_norm_max=0.0010500000789761543 clean_ce=0.1360437273979187 clean_ce_term=0.0 consistency_term=0.0014506852021440864 consistency_weight=0.39375000000000004 js_raw=0.036842796951532364 lr=0.1 nat_kd=0.012311723083257675 pcgrad_conflicts=1 push=0.032888345420360565 push_term=0.002688293345272541 student_updates=1 teacher_ce=0.4882589727640152 teacher_lr=7.062514154284863e-05 teacher_margin=0.44417572021484375 teacher_margin_term=0.0011859791120514274 teacher_updates=1 temp_adv=1.1039999999999885 temp_nat=3.6649999999997065 temperature_updates=1 total_loss=0.03861789032816887 views=2
2026-10-08 01:39:13.962 | INFO     | __main__:<module>:1016 - TRAIN_EPOCH_RESOURCE epoch=141 seconds=350.5069475308992 peak_allocated_bytes=3885782016
2026-10-08 01:39:13.963 | INFO     | __main__:<module>:516 - METHOD epoch=142 views=2 awp_gamma=0.0011 consistency_weight=0.41250000000000003 awp_nat_weight=1.0
2026-10-08 01:39:13.963 | INFO     | __main__:<module>:519 - the 142th epoch 
2026-10-08 01:39:14.910 | INFO     | __main__:<module>:531 - METHOD_BATCH epoch=142 step=0 adv_kd=0.02134688012301922 awp_adv_grad_norm=0.1751139909029007 awp_adv_nat_cos=0.21795997023582458 awp_gamma=0.0011 awp_mix_adv_cos=0.8563960194587708 awp_mix_grad_norm=0.2362935096025467 awp_nat_grad_norm=0.12500843405723572 awp_nat_weight=1.0 awp_relative_norm_max=0.0011000001104548573 clean_ce=0.14174821972846985 clean_ce_term=0.0 consistency_term=0.001566610299050808 consistency_weight=0.41250000000000003 js_raw=0.037978433072566986 lr=0.1 nat_kd=0.010402459651231766 pcgrad_conflicts=0 push=0.029676765203475952 push_term=0.0024257786571979523 student_updates=1 teacher_ce=0.5614205300807953 teacher_lr=7.005039247814891e-05 teacher_margin=0.42011311650276184 teacher_margin_term=0.001175146084278822 teacher_updates=1 temp_adv=1.1069999999999882 temp_nat=3.661999999999707 temperature_updates=1 total_loss=0.03691687434911728 views=2
2026-10-08 01:40:44.520 | INFO     | __main__:<module>:531 - METHOD_BATCH epoch=142 step=100 adv_kd=0.021865947172045708 awp_adv_grad_norm=0.19571234285831451 awp_adv_nat_cos=0.10984376072883606 awp_gamma=0.0011 awp_mix_adv_cos=0.8806899189949036 awp_mix_grad_norm=0.23627027869224548 awp_nat_grad_norm=0.11260097473859787 awp_nat_weight=1.0 awp_relative_norm_max=0.0011000001104548573 clean_ce=0.1459699124097824 clean_ce_term=0.0 consistency_term=0.001611329265870154 consistency_weight=0.41250000000000003 js_raw=0.03906252980232239 lr=0.1 nat_kd=0.008784482255578041 pcgrad_conflicts=0 push=0.040054239332675934 push_term=0.003274033311754465 student_updates=1 teacher_ce=0.5663924217224121 teacher_lr=7.005039247814891e-05 teacher_margin=0.43579918146133423 teacher_margin_term=0.0012190232519060373 teacher_updates=1 temp_adv=1.1049999999999884 temp_nat=3.6639999999997066 temperature_updates=1 total_loss=0.03675481677055359 views=2
2026-10-08 01:42:15.078 | INFO     | __main__:<module>:531 - METHOD_BATCH epoch=142 step=200 adv_kd=0.020679306238889694 awp_adv_grad_norm=0.18957826495170593 awp_adv_nat_cos=0.14961229264736176 awp_gamma=0.0011 awp_mix_adv_cos=0.8038069009780884 awp_mix_grad_norm=0.26559361815452576 awp_nat_grad_norm=0.15979763865470886 awp_nat_weight=1.0 awp_relative_norm_max=0.0011000001104548573 clean_ce=0.14010141789913177 clean_ce_term=0.0 consistency_term=0.001356548978947103 consistency_weight=0.41250000000000003 js_raw=0.03288603574037552 lr=0.1 nat_kd=0.012067215517163277 pcgrad_conflicts=0 push=0.026197489351034164 push_term=0.002141382545232773 student_updates=1 teacher_ce=0.5829892754554749 teacher_lr=7.005039247814891e-05 teacher_margin=0.42427825927734375 teacher_margin_term=0.0011867969296872616 teacher_updates=1 temp_adv=1.1129999999999876 temp_nat=3.6559999999997075 temperature_updates=1 total_loss=0.037431251257658005 views=2
2026-10-08 01:43:45.186 | INFO     | __main__:<module>:531 - METHOD_BATCH epoch=142 step=300 adv_kd=0.02519816905260086 awp_adv_grad_norm=0.20285142958164215 awp_adv_nat_cos=0.20535482466220856 awp_gamma=0.0011 awp_mix_adv_cos=0.9022288918495178 awp_mix_grad_norm=0.24989719688892365 awp_nat_grad_norm=0.11011692136526108 awp_nat_weight=1.0 awp_relative_norm_max=0.0011000001104548573 clean_ce=0.14558559656143188 clean_ce_term=0.0 consistency_term=0.0021481432486325502 consistency_weight=0.41250000000000003 js_raw=0.052076198160648346 lr=0.1 nat_kd=0.010534372180700302 pcgrad_conflicts=0 push=0.0430474728345871 push_term=0.0035187003668397665 student_updates=1 teacher_ce=0.4586082845926285 teacher_lr=7.005039247814891e-05 teacher_margin=0.5839591026306152 teacher_margin_term=0.0016334580723196268 teacher_updates=1 temp_adv=1.1109999999999878 temp_nat=3.6579999999997073 temperature_updates=1 total_loss=0.04303284361958504 views=2
2026-10-08 01:45:05.811 | INFO     | __main__:<module>:1016 - TRAIN_EPOCH_RESOURCE epoch=142 seconds=351.84760537417606 peak_allocated_bytes=3885782016
2026-10-08 01:45:05.811 | INFO     | __main__:<module>:516 - METHOD epoch=143 views=2 awp_gamma=0.00115 consistency_weight=0.43124999999999997 awp_nat_weight=1.0
2026-10-08 01:45:05.811 | INFO     | __main__:<module>:519 - the 143th epoch 
2026-10-08 01:45:06.758 | INFO     | __main__:<module>:531 - METHOD_BATCH epoch=143 step=0 adv_kd=0.01809116266667843 awp_adv_grad_norm=0.15823207795619965 awp_adv_nat_cos=0.11422277241945267 awp_gamma=0.00115 awp_mix_adv_cos=0.8413307666778564 awp_mix_grad_norm=0.20307402312755585 awp_nat_grad_norm=0.11048885434865952 awp_nat_weight=1.0 awp_relative_norm_max=0.0011500001419335604 clean_ce=0.14154867827892303 clean_ce_term=0.0 consistency_term=0.0014894054038450122 consistency_weight=0.43124999999999997 js_raw=0.0345369353890419 lr=0.1 nat_kd=0.009251844137907028 pcgrad_conflicts=0 push=0.03806928172707558 push_term=0.0031117829494178295 student_updates=1 teacher_ce=0.5875969529151917 teacher_lr=6.947247799685952e-05 teacher_margin=0.40047264099121094 teacher_margin_term=0.0011711260303854942 teacher_updates=1 temp_adv=1.1139999999999874 temp_nat=3.6549999999997076 temperature_updates=1 total_loss=0.03311532363295555 views=2
2026-10-08 01:46:36.725 | INFO     | __main__:<module>:531 - METHOD_BATCH epoch=143 step=100 adv_kd=0.02051663026213646 awp_adv_grad_norm=0.17791612446308136 awp_adv_nat_cos=0.23836462199687958 awp_gamma=0.00115 awp_mix_adv_cos=0.8667598962783813 awp_mix_grad_norm=0.2390212118625641 awp_nat_grad_norm=0.12274408340454102 awp_nat_weight=1.0 awp_relative_norm_max=0.0011500001419335604 clean_ce=0.1463615894317627 clean_ce_term=0.0 consistency_term=0.002130216686055064 consistency_weight=0.43124999999999997 js_raw=0.0493963286280632 lr=0.1 nat_kd=0.010390626266598701 pcgrad_conflicts=0 push=0.029139813035726547 push_term=0.0023818882182240486 student_updates=1 teacher_ce=0.5322549045085907 teacher_lr=6.947247799685952e-05 teacher_margin=0.47055402398109436 teacher_margin_term=0.001376069150865078 teacher_updates=1 temp_adv=1.1159999999999872 temp_nat=3.652999999999708 temperature_updates=1 total_loss=0.03679543361067772 views=2
2026-10-08 01:48:07.027 | INFO     | __main__:<module>:531 - METHOD_BATCH epoch=143 step=200 adv_kd=0.018454015254974365 awp_adv_grad_norm=0.14893260598182678 awp_adv_nat_cos=0.07604718208312988 awp_gamma=0.00115 awp_mix_adv_cos=0.7843818068504333 awp_mix_grad_norm=0.20205913484096527 awp_nat_grad_norm=0.12569689750671387 awp_nat_weight=1.0 awp_relative_norm_max=0.0011500001419335604 clean_ce=0.1724279522895813 clean_ce_term=0.0 consistency_term=0.0018110101809725165 consistency_weight=0.43124999999999997 js_raw=0.04199443757534027 lr=0.1 nat_kd=0.010076560080051422 pcgrad_conflicts=0 push=0.030032891780138016 push_term=0.002454888541251421 student_updates=1 teacher_ce=0.47773921489715576 teacher_lr=6.947247799685952e-05 teacher_margin=0.42723554372787476 teacher_margin_term=0.001249390421435237 teacher_updates=1 temp_adv=1.1139999999999874 temp_nat=3.6549999999997076 temperature_updates=1 total_loss=0.03404586389660835 views=2
2026-10-08 01:49:37.255 | INFO     | __main__:<module>:531 - METHOD_BATCH epoch=143 step=300 adv_kd=0.023007236421108246 awp_adv_grad_norm=0.21077245473861694 awp_adv_nat_cos=0.09555350989103317 awp_gamma=0.00115 awp_mix_adv_cos=0.8821395039558411 awp_mix_grad_norm=0.2518405616283417 awp_nat_grad_norm=0.11915914714336395 awp_nat_weight=1.0 awp_relative_norm_max=0.0011500001419335604 clean_ce=0.14562395215034485 clean_ce_term=0.0 consistency_term=0.0024129978846758604 consistency_weight=0.43124999999999997 js_raw=0.05595356971025467 lr=0.1 nat_kd=0.010192075744271278 pcgrad_conflicts=0 push=0.03623266890645027 push_term=0.0029616584070026875 student_updates=1 teacher_ce=0.5285423099994659 teacher_lr=6.947247799685952e-05 teacher_margin=0.4585301876068115 teacher_margin_term=0.0013409071834757924 teacher_updates=1 temp_adv=1.1099999999999879 temp_nat=3.658999999999707 temperature_updates=1 total_loss=0.039914876222610474 views=2
2026-10-08 01:50:58.585 | INFO     | __main__:<module>:1016 - TRAIN_EPOCH_RESOURCE epoch=143 seconds=352.77338456804864 peak_allocated_bytes=3885782016
2026-10-08 01:50:58.585 | INFO     | __main__:<module>:516 - METHOD epoch=144 views=2 awp_gamma=0.0012 consistency_weight=0.44999999999999996 awp_nat_weight=1.0
2026-10-08 01:50:58.585 | INFO     | __main__:<module>:519 - the 144th epoch 
2026-10-08 01:50:59.536 | INFO     | __main__:<module>:531 - METHOD_BATCH epoch=144 step=0 adv_kd=0.021078579127788544 awp_adv_grad_norm=0.18375712633132935 awp_adv_nat_cos=0.17804688215255737 awp_gamma=0.0012 awp_mix_adv_cos=0.8742274045944214 awp_mix_grad_norm=0.23367498815059662 awp_nat_grad_norm=0.11529526114463806 awp_nat_weight=1.0 awp_relative_norm_max=0.0012000001734122634 clean_ce=0.1523086279630661 clean_ce_term=0.0 consistency_term=0.0018787476001307368 consistency_weight=0.44999999999999996 js_raw=0.041749946773052216 lr=0.1 nat_kd=0.010674615390598774 pcgrad_conflicts=0 push=0.026645831763744354 push_term=0.0021780303213745356 student_updates=1 teacher_ce=0.5653894245624542 teacher_lr=6.889148986361689e-05 teacher_margin=0.4483705759048462 teacher_margin_term=0.0013682052958756685 teacher_updates=1 temp_adv=1.1129999999999876 temp_nat=3.6559999999997075 temperature_updates=1 total_loss=0.037178173661231995 views=2
2026-10-08 01:52:29.358 | INFO     | __main__:<module>:531 - METHOD_BATCH epoch=144 step=100 adv_kd=0.020682331174612045 awp_adv_grad_norm=0.17668479681015015 awp_adv_nat_cos=0.19852417707443237 awp_gamma=0.0012 awp_mix_adv_cos=0.8682653307914734 awp_mix_grad_norm=0.2301250547170639 awp_nat_grad_norm=0.11648356914520264 awp_nat_weight=1.0 awp_relative_norm_max=0.0012000001734122634 clean_ce=0.14319947361946106 clean_ce_term=0.0 consistency_term=0.0013770252699032426 consistency_weight=0.44999999999999996 js_raw=0.030600562691688538 lr=0.1 nat_kd=0.009795540943741798 pcgrad_conflicts=0 push=0.029752478003501892 push_term=0.0024319675285369158 student_updates=1 teacher_ce=0.49023333191871643 teacher_lr=6.889148986361689e-05 teacher_margin=0.46250781416893005 teacher_margin_term=0.001411345205269754 teacher_updates=1 temp_adv=1.1149999999999873 temp_nat=3.6539999999997077 temperature_updates=1 total_loss=0.03569820523262024 views=2
2026-10-08 01:53:59.470 | INFO     | __main__:<module>:531 - METHOD_BATCH epoch=144 step=200 adv_kd=0.01962825283408165 awp_adv_grad_norm=0.16383366286754608 awp_adv_nat_cos=0.19636085629463196 awp_gamma=0.0012 awp_mix_adv_cos=0.7981342673301697 awp_mix_grad_norm=0.2418273538351059 awp_nat_grad_norm=0.14858882129192352 awp_nat_weight=1.0 awp_relative_norm_max=0.0012000001734122634 clean_ce=0.14289316534996033 clean_ce_term=0.0 consistency_term=0.0015329342568293214 consistency_weight=0.44999999999999996 js_raw=0.03406520560383797 lr=0.1 nat_kd=0.011571050621569157 pcgrad_conflicts=0 push=0.0319293737411499 push_term=0.00260990671813488 student_updates=1 teacher_ce=0.4956892728805542 teacher_lr=6.889148986361689e-05 teacher_margin=0.4270433187484741 teacher_margin_term=0.001303125056438148 teacher_updates=1 temp_adv=1.108999999999988 temp_nat=3.659999999999707 temperature_updates=1 total_loss=0.03664527088403702 views=2
2026-10-08 01:55:29.966 | INFO     | __main__:<module>:531 - METHOD_BATCH epoch=144 step=300 adv_kd=0.025917885825037956 awp_adv_grad_norm=0.29651057720184326 awp_adv_nat_cos=0.1684459000825882 awp_gamma=0.0012 awp_mix_adv_cos=0.92514967918396 awp_mix_grad_norm=0.3446674346923828 awp_nat_grad_norm=0.1327333152294159 awp_nat_weight=1.0 awp_relative_norm_max=0.0012000001734122634 clean_ce=0.13899824023246765 clean_ce_term=0.0 consistency_term=0.0028155758045613766 consistency_weight=0.44999999999999996 js_raw=0.06256835162639618 lr=0.1 nat_kd=0.011884590610861778 pcgrad_conflicts=0 push=0.035176124423742294 push_term=0.002875296398997307 student_updates=1 teacher_ce=0.6367015540599823 teacher_lr=6.889148986361689e-05 teacher_margin=0.45895200967788696 teacher_margin_term=0.0014004945987835526 teacher_updates=1 temp_adv=1.108999999999988 temp_nat=3.659999999999707 temperature_updates=1 total_loss=0.044893842190504074 views=2
2026-10-08 01:56:51.495 | INFO     | __main__:<module>:1016 - TRAIN_EPOCH_RESOURCE epoch=144 seconds=352.9097175828647 peak_allocated_bytes=3885782016
2026-10-08 01:56:51.496 | INFO     | __main__:<module>:516 - METHOD epoch=145 views=2 awp_gamma=0.00125 consistency_weight=0.46875 awp_nat_weight=1.0
2026-10-08 01:56:51.496 | INFO     | __main__:<module>:519 - the 145th epoch 
2026-10-08 01:56:52.450 | INFO     | __main__:<module>:531 - METHOD_BATCH epoch=145 step=0 adv_kd=0.01861507073044777 awp_adv_grad_norm=0.14823594689369202 awp_adv_nat_cos=0.14699921011924744 awp_gamma=0.00125 awp_mix_adv_cos=0.8426255583763123 awp_mix_grad_norm=0.19438301026821136 awp_nat_grad_norm=0.10582484304904938 awp_nat_weight=1.0 awp_relative_norm_max=0.0012500000884756446 clean_ce=0.1570819914340973 clean_ce_term=0.0 consistency_term=0.0018448509508743882 consistency_weight=0.46875 js_raw=0.03935682028532028 lr=0.1 nat_kd=0.009880846366286278 pcgrad_conflicts=0 push=0.03901347517967224 push_term=0.0031889614183455706 student_updates=1 teacher_ce=0.5901404917240143 teacher_lr=6.830752032535859e-05 teacher_margin=0.377598375082016 teacher_margin_term=0.0012002536095678806 teacher_updates=1 temp_adv=1.1139999999999874 temp_nat=3.6549999999997076 temperature_updates=1 total_loss=0.034729983657598495 views=2
2026-10-08 01:58:22.460 | INFO     | __main__:<module>:531 - METHOD_BATCH epoch=145 step=100 adv_kd=0.02298780158162117 awp_adv_grad_norm=0.1867731362581253 awp_adv_nat_cos=0.13253864645957947 awp_gamma=0.00125 awp_mix_adv_cos=0.8596435189247131 awp_mix_grad_norm=0.23602505028247833 awp_nat_grad_norm=0.1216571256518364 awp_nat_weight=1.0 awp_relative_norm_max=0.0012500000884756446 clean_ce=0.14735263586044312 clean_ce_term=0.0 consistency_term=0.001740938052535057 consistency_weight=0.46875 js_raw=0.03714001178741455 lr=0.1 nat_kd=0.010646270588040352 pcgrad_conflicts=0 push=0.030257394537329674 push_term=0.0024732393212616444 student_updates=1 teacher_ce=0.5287124514579773 teacher_lr=6.830752032535859e-05 teacher_margin=0.4457229673862457 teacher_margin_term=0.0014167979825288057 teacher_updates=1 temp_adv=1.117999999999987 temp_nat=3.650999999999708 temperature_updates=1 total_loss=0.03926505148410797 views=2
2026-10-08 01:59:52.130 | INFO     | __main__:<module>:531 - METHOD_BATCH epoch=145 step=200 adv_kd=0.02070631831884384 awp_adv_grad_norm=0.17239311337471008 awp_adv_nat_cos=0.12038584798574448 awp_gamma=0.00125 awp_mix_adv_cos=0.861382007598877 awp_mix_grad_norm=0.21554982662200928 awp_nat_grad_norm=0.11029232293367386 awp_nat_weight=1.0 awp_relative_norm_max=0.0012500002048909664 clean_ce=0.15404337644577026 clean_ce_term=0.0 consistency_term=0.001709243282675743 consistency_weight=0.46875 js_raw=0.03646385669708252 lr=0.1 nat_kd=0.010210458189249039 pcgrad_conflicts=0 push=0.037718966603279114 push_term=0.0030831482727080584 student_updates=1 teacher_ce=0.4490588307380676 teacher_lr=6.830752032535859e-05 teacher_margin=0.4663923382759094 teacher_margin_term=0.0014824988320469856 teacher_updates=1 temp_adv=1.1159999999999872 temp_nat=3.652999999999708 temperature_updates=1 total_loss=0.037191666662693024 views=2
2026-10-08 02:01:22.077 | INFO     | __main__:<module>:531 - METHOD_BATCH epoch=145 step=300 adv_kd=0.024286365136504173 awp_adv_grad_norm=0.1921645998954773 awp_adv_nat_cos=0.21153274178504944 awp_gamma=0.00125 awp_mix_adv_cos=0.8475571870803833 awp_mix_grad_norm=0.2622703015804291 awp_nat_grad_norm=0.1424105167388916 awp_nat_weight=1.0 awp_relative_norm_max=0.0012500000884756446 clean_ce=0.16568951308727264 clean_ce_term=0.0 consistency_term=0.0018394461367279291 consistency_weight=0.46875 js_raw=0.03924151510000229 lr=0.1 nat_kd=0.011749380268156528 pcgrad_conflicts=0 push=0.03450051695108414 push_term=0.00282007222995162 student_updates=1 teacher_ce=0.48946182429790497 teacher_lr=6.830752032535859e-05 teacher_margin=0.5249685049057007 teacher_margin_term=0.0016686921007931232 teacher_updates=1 temp_adv=1.1119999999999877 temp_nat=3.6569999999997074 temperature_updates=1 total_loss=0.042363956570625305 views=2
2026-10-08 02:02:42.798 | INFO     | __main__:<module>:1016 - TRAIN_EPOCH_RESOURCE epoch=145 seconds=351.3017325599212 peak_allocated_bytes=3885782016
2026-10-08 02:02:42.798 | INFO     | __main__:<module>:516 - METHOD epoch=146 views=2 awp_gamma=0.0013000000000000002 consistency_weight=0.48750000000000004 awp_nat_weight=1.0
2026-10-08 02:02:42.798 | INFO     | __main__:<module>:519 - the 146th epoch 
2026-10-08 02:02:43.769 | INFO     | __main__:<module>:531 - METHOD_BATCH epoch=146 step=0 adv_kd=0.024800792336463928 awp_adv_grad_norm=0.22997964918613434 awp_adv_nat_cos=0.2026539146900177 awp_gamma=0.0013000000000000002 awp_mix_adv_cos=0.8670449256896973 awp_mix_grad_norm=0.3010452389717102 awp_nat_grad_norm=0.1531679630279541 awp_nat_weight=1.0 awp_relative_norm_max=0.0013000001199543476 clean_ce=0.1259084939956665 clean_ce_term=0.0 consistency_term=0.001377440057694912 consistency_weight=0.48750000000000004 js_raw=0.028255179524421692 lr=0.1 nat_kd=0.011594756506383419 pcgrad_conflicts=0 push=0.039407312870025635 push_term=0.003221153514459729 student_updates=1 teacher_ce=0.6932147145271301 teacher_lr=6.772066209652216e-05 teacher_margin=0.5113930702209473 teacher_margin_term=0.0016905618831515312 teacher_updates=1 temp_adv=1.1129999999999876 temp_nat=3.6559999999997075 temperature_updates=1 total_loss=0.042684704065322876 views=2
2026-10-08 02:04:14.853 | INFO     | __main__:<module>:531 - METHOD_BATCH epoch=146 step=100 adv_kd=0.018497291952371597 awp_adv_grad_norm=0.15588611364364624 awp_adv_nat_cos=0.16571399569511414 awp_gamma=0.0013000000000000002 awp_mix_adv_cos=0.8114014267921448 awp_mix_grad_norm=0.21857726573944092 awp_nat_grad_norm=0.12954720854759216 awp_nat_weight=1.0 awp_relative_norm_max=0.0013000001199543476 clean_ce=0.16663870215415955 clean_ce_term=0.0 consistency_term=0.0014769418630748987 consistency_weight=0.48750000000000004 js_raw=0.030296241864562035 lr=0.1 nat_kd=0.012417102232575417 pcgrad_conflicts=0 push=0.026037219911813736 push_term=0.002128282329067588 student_updates=1 teacher_ce=0.5743792057037354 teacher_lr=6.772066209652216e-05 teacher_margin=0.36624929308891296 teacher_margin_term=0.0012107461225241423 teacher_updates=1 temp_adv=1.1149999999999873 temp_nat=3.6539999999997077 temperature_updates=1 total_loss=0.03573036938905716 views=2
2026-10-08 02:05:45.548 | INFO     | __main__:<module>:531 - METHOD_BATCH epoch=146 step=200 adv_kd=0.020503640174865723 awp_adv_grad_norm=0.16387589275836945 awp_adv_nat_cos=0.17805911600589752 awp_gamma=0.0013000000000000002 awp_mix_adv_cos=0.7969966530799866 awp_mix_grad_norm=0.23829378187656403 awp_nat_grad_norm=0.14626288414001465 awp_nat_weight=1.0 awp_relative_norm_max=0.0013000001199543476 clean_ce=0.13663429021835327 clean_ce_term=0.0 consistency_term=0.0025390726514160633 consistency_weight=0.48750000000000004 js_raw=0.052083536982536316 lr=0.1 nat_kd=0.012653222307562828 pcgrad_conflicts=0 push=0.03219087794423103 push_term=0.0026312824338674545 student_updates=1 teacher_ce=0.6258422434329987 teacher_lr=6.772066209652216e-05 teacher_margin=0.4239485561847687 teacher_margin_term=0.0014014882035553455 teacher_updates=1 temp_adv=1.1169999999999871 temp_nat=3.651999999999708 temperature_updates=1 total_loss=0.03972870483994484 views=2
2026-10-08 02:07:15.530 | INFO     | __main__:<module>:531 - METHOD_BATCH epoch=146 step=300 adv_kd=0.022904111072421074 awp_adv_grad_norm=0.1731238067150116 awp_adv_nat_cos=0.13887962698936462 awp_gamma=0.0013000000000000002 awp_mix_adv_cos=0.8554677963256836 awp_mix_grad_norm=0.22114711999893188 awp_nat_grad_norm=0.11564299464225769 awp_nat_weight=1.0 awp_relative_norm_max=0.0013000001199543476 clean_ce=0.16570954024791718 clean_ce_term=0.0 consistency_term=0.0018742810934782028 consistency_weight=0.48750000000000004 js_raw=0.03844679147005081 lr=0.1 nat_kd=0.01100558415055275 pcgrad_conflicts=0 push=0.037890415638685226 push_term=0.0030971625819802284 student_updates=1 teacher_ce=0.5108194053173065 teacher_lr=6.772066209652216e-05 teacher_margin=0.5103384256362915 teacher_margin_term=0.0016870757099241018 teacher_updates=1 temp_adv=1.1169999999999871 temp_nat=3.651999999999708 temperature_updates=1 total_loss=0.040568217635154724 views=2
2026-10-08 02:08:36.199 | INFO     | __main__:<module>:1016 - TRAIN_EPOCH_RESOURCE epoch=146 seconds=353.40035432903096 peak_allocated_bytes=3885782016
2026-10-08 02:08:36.199 | INFO     | __main__:<module>:516 - METHOD epoch=147 views=2 awp_gamma=0.00135 consistency_weight=0.5062500000000001 awp_nat_weight=1.0
2026-10-08 02:08:36.199 | INFO     | __main__:<module>:519 - the 147th epoch 
2026-10-08 02:08:37.149 | INFO     | __main__:<module>:531 - METHOD_BATCH epoch=147 step=0 adv_kd=0.020269880071282387 awp_adv_grad_norm=0.1462308019399643 awp_adv_nat_cos=0.06345276534557343 awp_gamma=0.00135 awp_mix_adv_cos=0.8041111826896667 awp_mix_grad_norm=0.1908237189054489 awp_nat_grad_norm=0.11366977542638779 awp_nat_weight=1.0 awp_relative_norm_max=0.0013500001514330506 clean_ce=0.14843907952308655 clean_ce_term=0.0 consistency_term=0.0020426262635737658 consistency_weight=0.5062500000000001 js_raw=0.04034816846251488 lr=0.1 nat_kd=0.010606545954942703 pcgrad_conflicts=0 push=0.03408672660589218 push_term=0.002786249155178666 student_updates=1 teacher_ce=0.5284935832023621 teacher_lr=6.713100834416958e-05 teacher_margin=0.4586107134819031 teacher_margin_term=0.0015743847470730543 teacher_updates=1 temp_adv=1.1099999999999879 temp_nat=3.658999999999707 temperature_updates=1 total_loss=0.03727968409657478 views=2
2026-10-08 02:10:07.805 | INFO     | __main__:<module>:531 - METHOD_BATCH epoch=147 step=100 adv_kd=0.028204411268234253 awp_adv_grad_norm=0.20598375797271729 awp_adv_nat_cos=0.11345786601305008 awp_gamma=0.00135 awp_mix_adv_cos=0.9203894734382629 awp_mix_grad_norm=0.23521141707897186 awp_nat_grad_norm=0.09256605058908463 awp_nat_weight=1.0 awp_relative_norm_max=0.0013500001514330506 clean_ce=0.1493113934993744 clean_ce_term=0.0 consistency_term=0.0017626098124310374 consistency_weight=0.5062500000000001 js_raw=0.03481698036193848 lr=0.1 nat_kd=0.008648515678942204 pcgrad_conflicts=0 push=0.03655701130628586 push_term=0.002988169901072979 student_updates=1 teacher_ce=0.45740215480327606 teacher_lr=6.713100834416958e-05 teacher_margin=0.6295671463012695 teacher_margin_term=0.00216126861050725 teacher_updates=1 temp_adv=1.1099999999999879 temp_nat=3.658999999999707 temperature_updates=1 total_loss=0.04376497492194176 views=2
2026-10-08 02:11:38.220 | INFO     | __main__:<module>:531 - METHOD_BATCH epoch=147 step=200 adv_kd=0.020335394889116287 awp_adv_grad_norm=0.15541194379329681 awp_adv_nat_cos=0.12133108824491501 awp_gamma=0.00135 awp_mix_adv_cos=0.8158626556396484 awp_mix_grad_norm=0.20855584740638733 awp_nat_grad_norm=0.12149408459663391 awp_nat_weight=1.0 awp_relative_norm_max=0.0013500001514330506 clean_ce=0.1366553008556366 clean_ce_term=0.0 consistency_term=0.0015078483847901225 consistency_weight=0.5062500000000001 js_raw=0.029784658923745155 lr=0.1 nat_kd=0.012327693402767181 pcgrad_conflicts=0 push=0.034120574593544006 push_term=0.0027890156488865614 student_updates=1 teacher_ce=0.6718806326389313 teacher_lr=6.713100834416958e-05 teacher_margin=0.3906252384185791 teacher_margin_term=0.0013409943785518408 teacher_updates=1 temp_adv=1.1159999999999872 temp_nat=3.652999999999708 temperature_updates=1 total_loss=0.03830094635486603 views=2
2026-10-08 02:13:08.338 | INFO     | __main__:<module>:531 - METHOD_BATCH epoch=147 step=300 adv_kd=0.01947985216975212 awp_adv_grad_norm=0.15798820555210114 awp_adv_nat_cos=0.10989230126142502 awp_gamma=0.00135 awp_mix_adv_cos=0.8028017282485962 awp_mix_grad_norm=0.21440164744853973 awp_nat_grad_norm=0.1286150962114334 awp_nat_weight=1.0 awp_relative_norm_max=0.0013500001514330506 clean_ce=0.17884644865989685 clean_ce_term=0.0 consistency_term=0.0025364109314978123 consistency_weight=0.5062500000000001 js_raw=0.05010193958878517 lr=0.1 nat_kd=0.011325262486934662 pcgrad_conflicts=0 push=0.03659757971763611 push_term=0.002991486107930541 student_updates=1 teacher_ce=0.5278238654136658 teacher_lr=6.713100834416958e-05 teacher_margin=0.4255744218826294 teacher_margin_term=0.0014609730569645762 teacher_updates=1 temp_adv=1.1119999999999877 temp_nat=3.6569999999997074 temperature_updates=1 total_loss=0.03779398649930954 views=2
2026-10-08 02:14:30.379 | INFO     | __main__:<module>:1016 - TRAIN_EPOCH_RESOURCE epoch=147 seconds=354.17919317097403 peak_allocated_bytes=3885782016
2026-10-08 02:14:30.379 | INFO     | __main__:<module>:516 - METHOD epoch=148 views=2 awp_gamma=0.0014 consistency_weight=0.5249999999999999 awp_nat_weight=1.0
2026-10-08 02:14:30.379 | INFO     | __main__:<module>:519 - the 148th epoch 
2026-10-08 02:14:31.334 | INFO     | __main__:<module>:531 - METHOD_BATCH epoch=148 step=0 adv_kd=0.020768197253346443 awp_adv_grad_norm=0.15722979605197906 awp_adv_nat_cos=0.18542203307151794 awp_gamma=0.0014 awp_mix_adv_cos=0.8346236944198608 awp_mix_grad_norm=0.21518072485923767 awp_nat_grad_norm=0.1206175833940506 awp_nat_weight=1.0 awp_relative_norm_max=0.0014000000664964318 clean_ce=0.13871042430400848 clean_ce_term=0.0 consistency_term=0.002536742715165019 consistency_weight=0.5249999999999999 js_raw=0.048318907618522644 lr=0.1 nat_kd=0.011536365374922752 pcgrad_conflicts=0 push=0.020523440092802048 push_term=0.0016775859985500574 student_updates=1 teacher_ce=0.5954780280590057 teacher_lr=6.653865267303979e-05 teacher_margin=0.43287187814712524 teacher_margin_term=0.0015410627238452435 teacher_updates=1 temp_adv=1.1129999999999876 temp_nat=3.6559999999997075 temperature_updates=1 total_loss=0.03805995360016823 views=2
2026-10-08 02:16:01.740 | INFO     | __main__:<module>:531 - METHOD_BATCH epoch=148 step=100 adv_kd=0.022036120295524597 awp_adv_grad_norm=0.18146498501300812 awp_adv_nat_cos=0.16004224121570587 awp_gamma=0.0014 awp_mix_adv_cos=0.8488373160362244 awp_mix_grad_norm=0.23779182136058807 awp_nat_grad_norm=0.12735119462013245 awp_nat_weight=1.0 awp_relative_norm_max=0.0014000001829117537 clean_ce=0.16331005096435547 clean_ce_term=0.0 consistency_term=0.002415633527562022 consistency_weight=0.5249999999999999 js_raw=0.046012066304683685 lr=0.1 nat_kd=0.01168622076511383 pcgrad_conflicts=0 push=0.029954485595226288 push_term=0.0024484796449542046 student_updates=1 teacher_ce=0.5427756011486053 teacher_lr=6.653865267303979e-05 teacher_margin=0.4195926785469055 teacher_margin_term=0.0014937876258045435 teacher_updates=1 temp_adv=1.1149999999999873 temp_nat=3.6539999999997077 temperature_updates=1 total_loss=0.0400802418589592 views=2
2026-10-08 02:17:32.884 | INFO     | __main__:<module>:531 - METHOD_BATCH epoch=148 step=200 adv_kd=0.022373341023921967 awp_adv_grad_norm=0.1642785668373108 awp_adv_nat_cos=0.19911101460456848 awp_gamma=0.0014 awp_mix_adv_cos=0.8397718667984009 awp_mix_grad_norm=0.2252063900232315 awp_nat_grad_norm=0.12477173656225204 awp_nat_weight=1.0 awp_relative_norm_max=0.0014000001829117537 clean_ce=0.14212743937969208 clean_ce_term=0.0 consistency_term=0.002312616677954793 consistency_weight=0.5249999999999999 js_raw=0.04404984414577484 lr=0.1 nat_kd=0.012685198336839676 pcgrad_conflicts=1 push=0.031752586364746094 push_term=0.0025954563170671463 student_updates=1 teacher_ce=0.5894481241703033 teacher_lr=6.653865267303979e-05 teacher_margin=0.4635552167892456 teacher_margin_term=0.0016502982471138239 teacher_updates=1 temp_adv=1.1149999999999873 temp_nat=3.6539999999997077 temperature_updates=1 total_loss=0.041616909205913544 views=2
2026-10-08 02:19:03.378 | INFO     | __main__:<module>:531 - METHOD_BATCH epoch=148 step=300 adv_kd=0.030010398477315903 awp_adv_grad_norm=0.21799804270267487 awp_adv_nat_cos=0.1529364287853241 awp_gamma=0.0014 awp_mix_adv_cos=0.8124514818191528 awp_mix_grad_norm=0.3018428087234497 awp_nat_grad_norm=0.17807798087596893 awp_nat_weight=1.0 awp_relative_norm_max=0.0014000000664964318 clean_ce=0.13240623474121094 clean_ce_term=0.0 consistency_term=0.0024858382530510426 consistency_weight=0.5249999999999999 js_raw=0.04734930023550987 lr=0.1 nat_kd=0.017020810395479202 pcgrad_conflicts=0 push=0.03556528687477112 push_term=0.0029071064200252295 student_updates=1 teacher_ce=0.6670821309089661 teacher_lr=6.653865267303979e-05 teacher_margin=0.5760425329208374 teacher_margin_term=0.002050763461738825 teacher_updates=1 temp_adv=1.1129999999999876 temp_nat=3.6559999999997075 temperature_updates=1 total_loss=0.05447491630911827 views=2
2026-10-08 02:20:24.431 | INFO     | __main__:<module>:1016 - TRAIN_EPOCH_RESOURCE epoch=148 seconds=354.0518707348965 peak_allocated_bytes=3885782016
2026-10-08 02:20:24.432 | INFO     | __main__:<module>:516 - METHOD epoch=149 views=2 awp_gamma=0.00145 consistency_weight=0.54375 awp_nat_weight=1.0
2026-10-08 02:20:24.432 | INFO     | __main__:<module>:519 - the 149th epoch 
2026-10-08 02:20:25.391 | INFO     | __main__:<module>:531 - METHOD_BATCH epoch=149 step=0 adv_kd=0.018444858491420746 awp_adv_grad_norm=0.1422540694475174 awp_adv_nat_cos=0.16540445387363434 awp_gamma=0.00145 awp_mix_adv_cos=0.8759593367576599 awp_mix_grad_norm=0.17892324924468994 awp_nat_grad_norm=0.08751535415649414 awp_nat_weight=1.0 awp_relative_norm_max=0.0014500002143904567 clean_ce=0.15901696681976318 clean_ce_term=0.0 consistency_term=0.001487033092416823 consistency_weight=0.54375 js_raw=0.027347736060619354 lr=0.1 nat_kd=0.008352866396307945 pcgrad_conflicts=0 push=0.02434183470904827 push_term=0.0019897015299648046 student_updates=1 teacher_ce=0.4318239986896515 teacher_lr=6.5943689110532e-05 teacher_margin=0.37771573662757874 teacher_margin_term=0.001392727019265294 teacher_updates=1 temp_adv=1.1139999999999874 temp_nat=3.6549999999997076 temperature_updates=1 total_loss=0.031667184084653854 views=2
2026-10-08 02:21:55.732 | INFO     | __main__:<module>:531 - METHOD_BATCH epoch=149 step=100 adv_kd=0.017993226647377014 awp_adv_grad_norm=0.14710766077041626 awp_adv_nat_cos=0.1495400071144104 awp_gamma=0.00145 awp_mix_adv_cos=0.8141736388206482 awp_mix_grad_norm=0.20252713561058044 awp_nat_grad_norm=0.11892883479595184 awp_nat_weight=1.0 awp_relative_norm_max=0.0014500000979751348 clean_ce=0.17795440554618835 clean_ce_term=0.0 consistency_term=0.001390600111335516 consistency_weight=0.54375 js_raw=0.025574255734682083 lr=0.1 nat_kd=0.012627151794731617 pcgrad_conflicts=0 push=0.02463466301560402 push_term=0.0020136372186243534 student_updates=1 teacher_ce=0.5079745054244995 teacher_lr=6.5943689110532e-05 teacher_margin=0.3248407244682312 teacher_margin_term=0.0011977644171565771 teacher_updates=1 temp_adv=1.1139999999999874 temp_nat=3.6549999999997076 temperature_updates=1 total_loss=0.035222381353378296 views=2
2026-10-08 02:23:26.433 | INFO     | __main__:<module>:531 - METHOD_BATCH epoch=149 step=200 adv_kd=0.027493180707097054 awp_adv_grad_norm=0.22382955253124237 awp_adv_nat_cos=0.18099771440029144 awp_gamma=0.00145 awp_mix_adv_cos=0.8922439217567444 awp_mix_grad_norm=0.2766261100769043 awp_nat_grad_norm=0.127009317278862 awp_nat_weight=1.0 awp_relative_norm_max=0.0014500002143904567 clean_ce=0.13654743134975433 clean_ce_term=0.0 consistency_term=0.002979834098368883 consistency_weight=0.54375 js_raw=0.05480154603719711 lr=0.1 nat_kd=0.012459112331271172 pcgrad_conflicts=0 push=0.04195056110620499 push_term=0.0034290386829525232 student_updates=1 teacher_ce=0.6006934940814972 teacher_lr=6.5943689110532e-05 teacher_margin=0.5365636348724365 teacher_margin_term=0.0019784364849328995 teacher_updates=1 temp_adv=1.1119999999999877 temp_nat=3.6569999999997074 temperature_updates=1 total_loss=0.0483396016061306 views=2
2026-10-08 02:24:57.389 | INFO     | __main__:<module>:531 - METHOD_BATCH epoch=149 step=300 adv_kd=0.026731401681900024 awp_adv_grad_norm=0.25163811445236206 awp_adv_nat_cos=0.1836269050836563 awp_gamma=0.00145 awp_mix_adv_cos=0.9497796893119812 awp_mix_grad_norm=0.2823190689086914 awp_nat_grad_norm=0.08987130969762802 awp_nat_weight=1.0 awp_relative_norm_max=0.0014500002143904567 clean_ce=0.14331576228141785 clean_ce_term=0.0 consistency_term=0.002384198596701026 consistency_weight=0.54375 js_raw=0.04384733363986015 lr=0.1 nat_kd=0.008746718056499958 pcgrad_conflicts=0 push=0.04061027616262436 push_term=0.003319484181702137 student_updates=1 teacher_ce=0.4705372005701065 teacher_lr=6.5943689110532e-05 teacher_margin=0.5355543494224548 teacher_margin_term=0.0019747153855860233 teacher_updates=1 temp_adv=1.1139999999999874 temp_nat=3.6549999999997076 temperature_updates=1 total_loss=0.043156515806913376 views=2
2026-10-08 02:26:18.510 | INFO     | __main__:<module>:1016 - TRAIN_EPOCH_RESOURCE epoch=149 seconds=354.0772576010786 peak_allocated_bytes=3885782016
2026-10-08 02:26:18.510 | INFO     | __main__:<module>:516 - METHOD epoch=150 views=2 awp_gamma=0.0015 consistency_weight=0.5625 awp_nat_weight=1.0
2026-10-08 02:26:18.510 | INFO     | __main__:<module>:519 - the 150th epoch 
2026-10-08 02:26:19.467 | INFO     | __main__:<module>:531 - METHOD_BATCH epoch=150 step=0 adv_kd=0.02178897149860859 awp_adv_grad_norm=0.17437204718589783 awp_adv_nat_cos=0.12741483747959137 awp_gamma=0.0015 awp_mix_adv_cos=0.8922916054725647 awp_mix_grad_norm=0.20900492370128632 awp_nat_grad_norm=0.09513261169195175 awp_nat_weight=1.0 awp_relative_norm_max=0.0015000002458691597 clean_ce=0.15356707572937012 clean_ce_term=0.0 consistency_term=0.001744872541166842 consistency_weight=0.5625 js_raw=0.03101995587348938 lr=0.1 nat_kd=0.007988018915057182 pcgrad_conflicts=0 push=0.02460785023868084 push_term=0.002011445816606283 student_updates=1 teacher_ce=0.46396245062351227 teacher_lr=6.534621209162178e-05 teacher_margin=0.446451336145401 teacher_margin_term=0.0017029359005391598 teacher_updates=1 temp_adv=1.1149999999999873 temp_nat=3.6539999999997077 temperature_updates=1 total_loss=0.03523624688386917 views=2
2026-10-08 02:27:50.006 | INFO     | __main__:<module>:531 - METHOD_BATCH epoch=150 step=100 adv_kd=0.023551587015390396 awp_adv_grad_norm=0.18221935629844666 awp_adv_nat_cos=0.14214280247688293 awp_gamma=0.0015 awp_mix_adv_cos=0.8716644644737244 awp_mix_grad_norm=0.22740884125232697 awp_nat_grad_norm=0.1125970408320427 awp_nat_weight=1.0 awp_relative_norm_max=0.0015000002458691597 clean_ce=0.14179588854312897 clean_ce_term=0.0 consistency_term=0.0025038947351276875 consistency_weight=0.5625 js_raw=0.04451368376612663 lr=0.1 nat_kd=0.010786518454551697 pcgrad_conflicts=0 push=0.03538445383310318 push_term=0.0028923251666128635 student_updates=1 teacher_ce=0.5145025253295898 teacher_lr=6.534621209162178e-05 teacher_margin=0.5036445260047913 teacher_margin_term=0.001921092625707388 teacher_updates=1 temp_adv=1.1129999999999876 temp_nat=3.6559999999997075 temperature_updates=1 total_loss=0.041655417531728745 views=2
2026-10-08 02:29:20.313 | INFO     | __main__:<module>:531 - METHOD_BATCH epoch=150 step=200 adv_kd=0.02557990700006485 awp_adv_grad_norm=0.2000974416732788 awp_adv_nat_cos=0.15094785392284393 awp_gamma=0.0015 awp_mix_adv_cos=0.706932544708252 awp_mix_grad_norm=0.33409011363983154 awp_nat_grad_norm=0.2390344738960266 awp_nat_weight=1.0 awp_relative_norm_max=0.0015000002458691597 clean_ce=0.14417323470115662 clean_ce_term=0.0 consistency_term=0.0021638507023453712 consistency_weight=0.5625 js_raw=0.038468457758426666 lr=0.1 nat_kd=0.018451843410730362 pcgrad_conflicts=0 push=0.02954082004725933 push_term=0.0024146665818989277 student_updates=1 teacher_ce=0.5386688709259033 teacher_lr=6.534621209162178e-05 teacher_margin=0.5303601026535034 teacher_margin_term=0.0020229960791766644 teacher_updates=1 temp_adv=1.108999999999988 temp_nat=3.659999999999707 temperature_updates=1 total_loss=0.0506332628428936 views=2
2026-10-08 02:30:51.179 | INFO     | __main__:<module>:531 - METHOD_BATCH epoch=150 step=300 adv_kd=0.02590622752904892 awp_adv_grad_norm=0.19961558282375336 awp_adv_nat_cos=0.17619092762470245 awp_gamma=0.0015 awp_mix_adv_cos=0.9084625840187073 awp_mix_grad_norm=0.23944756388664246 awp_nat_grad_norm=0.1016714796423912 awp_nat_weight=1.0 awp_relative_norm_max=0.0015000002458691597 clean_ce=0.15527263283729553 clean_ce_term=0.0 consistency_term=0.002449468709528446 consistency_weight=0.5625 js_raw=0.04354611039161682 lr=0.1 nat_kd=0.009927376173436642 pcgrad_conflicts=0 push=0.036619510501623154 push_term=0.002993278671056032 student_updates=1 teacher_ce=0.44406113028526306 teacher_lr=6.534621209162178e-05 teacher_margin=0.48472291231155396 teacher_margin_term=0.0018489183858036995 teacher_updates=1 temp_adv=1.1149999999999873 temp_nat=3.6539999999997077 temperature_updates=1 total_loss=0.04312526807188988 views=2
2026-10-08 02:32:12.610 | INFO     | __main__:<module>:1016 - TRAIN_EPOCH_RESOURCE epoch=150 seconds=354.09856441803277 peak_allocated_bytes=3885782016
2026-10-08 02:32:12.611 | INFO     | __main__:<module>:516 - METHOD epoch=151 views=2 awp_gamma=0.0015500000000000002 consistency_weight=0.58125 awp_nat_weight=1.0
2026-10-08 02:32:12.611 | INFO     | __main__:<module>:519 - the 151th epoch 
2026-10-08 02:32:13.568 | INFO     | __main__:<module>:531 - METHOD_BATCH epoch=151 step=0 adv_kd=0.02357395365834236 awp_adv_grad_norm=0.17226466536521912 awp_adv_nat_cos=0.17155832052230835 awp_gamma=0.0015500000000000002 awp_mix_adv_cos=0.7001175880432129 awp_mix_grad_norm=0.2991865873336792 awp_nat_grad_norm=0.21684236824512482 awp_nat_weight=1.0 awp_relative_norm_max=0.0015500002773478627 clean_ce=0.15067033469676971 clean_ce_term=0.0 consistency_term=0.0017846828559413552 consistency_weight=0.58125 js_raw=0.03070422075688839 lr=0.09998898973418141 nat_kd=0.018539339303970337 pcgrad_conflicts=0 push=0.01940022222697735 push_term=0.0015857741236686707 student_updates=1 teacher_ce=0.5599206984043121 teacher_lr=6.474631644371254e-05 teacher_margin=0.4288098216056824 teacher_margin_term=0.0016901659546419978 teacher_updates=1 temp_adv=1.1159999999999872 temp_nat=3.652999999999708 temperature_updates=1 total_loss=0.047173917293548584 views=2
2026-10-08 02:33:43.928 | INFO     | __main__:<module>:531 - METHOD_BATCH epoch=151 step=100 adv_kd=0.02301940508186817 awp_adv_grad_norm=0.16984258592128754 awp_adv_nat_cos=0.09557457268238068 awp_gamma=0.0015500000000000002 awp_mix_adv_cos=0.7249208688735962 awp_mix_grad_norm=0.2578125596046448 awp_nat_grad_norm=0.1784062534570694 awp_nat_weight=1.0 awp_relative_norm_max=0.001550000160932541 clean_ce=0.13248246908187866 clean_ce_term=0.0 consistency_term=0.002160497708246112 consistency_weight=0.58125 js_raw=0.03716985136270523 lr=0.09998898973418141 nat_kd=0.017116447910666466 pcgrad_conflicts=3 push=0.028108876198530197 push_term=0.0022976193577051163 student_updates=1 teacher_ce=0.7446137368679047 teacher_lr=6.474631644371254e-05 teacher_margin=0.4325714111328125 teacher_margin_term=0.0017049922607839108 teacher_updates=1 temp_adv=1.117999999999987 temp_nat=3.650999999999708 temperature_updates=1 total_loss=0.046298958361148834 views=2
2026-10-08 02:35:14.286 | INFO     | __main__:<module>:531 - METHOD_BATCH epoch=151 step=200 adv_kd=0.02794545516371727 awp_adv_grad_norm=0.20014528930187225 awp_adv_nat_cos=0.16353841125965118 awp_gamma=0.0015500000000000002 awp_mix_adv_cos=0.8420766592025757 awp_mix_grad_norm=0.26591476798057556 awp_nat_grad_norm=0.14538051187992096 awp_nat_weight=1.0 awp_relative_norm_max=0.001550000044517219 clean_ce=0.13330909609794617 clean_ce_term=0.0 consistency_term=0.002394589129835367 consistency_weight=0.58125 js_raw=0.04119722917675972 lr=0.09998898973418141 nat_kd=0.01315753348171711 pcgrad_conflicts=0 push=0.03154877945780754 push_term=0.0025787970516830683 student_updates=1 teacher_ce=0.681023120880127 teacher_lr=6.474631644371254e-05 teacher_margin=0.508574366569519 teacher_margin_term=0.0020045600831508636 teacher_updates=1 temp_adv=1.1119999999999877 temp_nat=3.6569999999997074 temperature_updates=1 total_loss=0.0480809360742569 views=2
2026-10-08 02:36:44.611 | INFO     | __main__:<module>:531 - METHOD_BATCH epoch=151 step=300 adv_kd=0.02318589948117733 awp_adv_grad_norm=0.171177476644516 awp_adv_nat_cos=0.16926932334899902 awp_gamma=0.0015500000000000002 awp_mix_adv_cos=0.8188135623931885 awp_mix_grad_norm=0.2376738339662552 awp_nat_grad_norm=0.13843661546707153 awp_nat_weight=1.0 awp_relative_norm_max=0.0015500002773478627 clean_ce=0.1376941055059433 clean_ce_term=0.0 consistency_term=0.002361383056268096 consistency_weight=0.58125 js_raw=0.04062594100832939 lr=0.09998898973418141 nat_kd=0.010962625965476036 pcgrad_conflicts=0 push=0.038221754133701324 push_term=0.0031242461409419775 student_updates=1 teacher_ce=0.571074366569519 teacher_lr=6.474631644371254e-05 teacher_margin=0.4961988031864166 teacher_margin_term=0.0019557815976440907 teacher_updates=1 temp_adv=1.1219999999999866 temp_nat=3.6469999999997085 temperature_updates=1 total_loss=0.04158993437886238 views=2
2026-10-08 02:38:06.471 | INFO     | __main__:<module>:1016 - TRAIN_EPOCH_RESOURCE epoch=151 seconds=353.8593366970308 peak_allocated_bytes=3885782016
2026-10-08 02:38:06.471 | INFO     | __main__:<module>:516 - METHOD epoch=152 views=2 awp_gamma=0.0016 consistency_weight=0.6000000000000001 awp_nat_weight=1.0
2026-10-08 02:38:06.471 | INFO     | __main__:<module>:519 - the 152th epoch 
2026-10-08 02:38:07.435 | INFO     | __main__:<module>:531 - METHOD_BATCH epoch=152 step=0 adv_kd=0.022650491446256638 awp_adv_grad_norm=0.1649317741394043 awp_adv_nat_cos=0.12479113787412643 awp_gamma=0.0016 awp_mix_adv_cos=0.8418068289756775 awp_mix_grad_norm=0.21311315894126892 awp_nat_grad_norm=0.11594029515981674 awp_nat_weight=1.0 awp_relative_norm_max=0.001600000192411244 clean_ce=0.16437071561813354 clean_ce_term=0.0 consistency_term=0.0019098194316029549 consistency_weight=0.6000000000000001 js_raw=0.0318303219974041 lr=0.09995596380529374 nat_kd=0.011154134757816792 pcgrad_conflicts=0 push=0.029269564896821976 push_term=0.0023924941197037697 student_updates=1 teacher_ce=0.5123471021652222 teacher_lr=6.414409737142498e-05 teacher_margin=0.4900461435317993 teacher_margin_term=0.001993838232010603 teacher_updates=1 temp_adv=1.1109999999999878 temp_nat=3.6579999999997073 temperature_updates=1 total_loss=0.04010077565908432 views=2
2026-10-08 02:39:38.192 | INFO     | __main__:<module>:531 - METHOD_BATCH epoch=152 step=100 adv_kd=0.022647231817245483 awp_adv_grad_norm=0.18703752756118774 awp_adv_nat_cos=0.21440815925598145 awp_gamma=0.0016 awp_mix_adv_cos=0.9158329367637634 awp_mix_grad_norm=0.2259765863418579 awp_nat_grad_norm=0.09290359169244766 awp_nat_weight=1.0 awp_relative_norm_max=0.001600000192411244 clean_ce=0.1486380696296692 clean_ce_term=0.0 consistency_term=0.0035853676963597536 consistency_weight=0.6000000000000001 js_raw=0.05975612252950668 lr=0.09995596380529374 nat_kd=0.010056847706437111 pcgrad_conflicts=0 push=0.03544454276561737 push_term=0.002897236729040742 student_updates=1 teacher_ce=0.5086178481578827 teacher_lr=6.414409737142498e-05 teacher_margin=0.46476274728775024 teacher_margin_term=0.0018909680657088757 teacher_updates=1 temp_adv=1.1229999999999865 temp_nat=3.6459999999997086 temperature_updates=1 total_loss=0.04107765108346939 views=2
2026-10-08 02:41:08.829 | INFO     | __main__:<module>:531 - METHOD_BATCH epoch=152 step=200 adv_kd=0.020517202094197273 awp_adv_grad_norm=0.15434467792510986 awp_adv_nat_cos=0.12113486975431442 awp_gamma=0.0016 awp_mix_adv_cos=0.7866886258125305 awp_mix_grad_norm=0.2169739156961441 awp_nat_grad_norm=0.13494254648685455 awp_nat_weight=1.0 awp_relative_norm_max=0.001600000192411244 clean_ce=0.15793384611606598 clean_ce_term=0.0 consistency_term=0.0023981628473848104 consistency_weight=0.6000000000000001 js_raw=0.03996937721967697 lr=0.09995596380529374 nat_kd=0.013125396333634853 pcgrad_conflicts=0 push=0.025196069851517677 push_term=0.002059526741504669 student_updates=1 teacher_ce=0.5599366426467896 teacher_lr=6.414409737142498e-05 teacher_margin=0.4117620885372162 teacher_margin_term=0.0016753256786614656 teacher_updates=1 temp_adv=1.1129999999999876 temp_nat=3.6559999999997075 temperature_updates=1 total_loss=0.03977561369538307 views=2
2026-10-08 02:42:39.250 | INFO     | __main__:<module>:531 - METHOD_BATCH epoch=152 step=300 adv_kd=0.03511800616979599 awp_adv_grad_norm=0.4005088210105896 awp_adv_nat_cos=0.13094528019428253 awp_gamma=0.0016 awp_mix_adv_cos=0.9719740748405457 awp_mix_grad_norm=0.4256552457809448 awp_nat_grad_norm=0.10093552619218826 awp_nat_weight=1.0 awp_relative_norm_max=0.001600000192411244 clean_ce=0.14343209564685822 clean_ce_term=0.0 consistency_term=0.0037421227898448706 consistency_weight=0.6000000000000001 js_raw=0.06236870959401131 lr=0.09995596380529374 nat_kd=0.008786723017692566 pcgrad_conflicts=0 push=0.038074787706136703 push_term=0.003112233243882656 student_updates=1 teacher_ce=0.48066048324108124 teacher_lr=6.414409737142498e-05 teacher_margin=0.5483604073524475 teacher_margin_term=0.0022310996428132057 teacher_updates=1 temp_adv=1.1129999999999876 temp_nat=3.6559999999997075 temperature_updates=1 total_loss=0.05299018323421478 views=2
2026-10-08 02:44:00.293 | INFO     | __main__:<module>:1016 - TRAIN_EPOCH_RESOURCE epoch=152 seconds=353.82194451312535 peak_allocated_bytes=3885782016
2026-10-08 02:44:00.294 | INFO     | __main__:<module>:516 - METHOD epoch=153 views=2 awp_gamma=0.00165 consistency_weight=0.6187499999999999 awp_nat_weight=1.0
2026-10-08 02:44:00.294 | INFO     | __main__:<module>:519 - the 153th epoch 
2026-10-08 02:44:01.253 | INFO     | __main__:<module>:531 - METHOD_BATCH epoch=153 step=0 adv_kd=0.02511073648929596 awp_adv_grad_norm=0.17280016839504242 awp_adv_nat_cos=0.2686523199081421 awp_gamma=0.00165 awp_mix_adv_cos=0.7623099088668823 awp_mix_grad_norm=0.297010213136673 awp_nat_grad_norm=0.19956518709659576 awp_nat_weight=1.0 awp_relative_norm_max=0.0016500001074746251 clean_ce=0.1639149785041809 clean_ce_term=0.0 consistency_term=0.002737131668254733 consistency_weight=0.6187499999999999 js_raw=0.044236473739147186 lr=0.09990093681686711 nat_kd=0.01916947215795517 pcgrad_conflicts=0 push=0.018541134893894196 push_term=0.0015155522851273417 student_updates=1 teacher_ce=0.4838697463274002 teacher_lr=6.353965044132693e-05 teacher_margin=0.5311463475227356 teacher_margin_term=0.00222859438508749 teacher_updates=1 temp_adv=1.1159999999999872 temp_nat=3.652999999999708 temperature_updates=1 total_loss=0.05076148733496666 views=2
2026-10-08 02:45:32.251 | INFO     | __main__:<module>:531 - METHOD_BATCH epoch=153 step=100 adv_kd=0.024769138544797897 awp_adv_grad_norm=0.16989350318908691 awp_adv_nat_cos=0.25526857376098633 awp_gamma=0.00165 awp_mix_adv_cos=0.7865622043609619 awp_mix_grad_norm=0.2724705636501312 awp_nat_grad_norm=0.17401880025863647 awp_nat_weight=1.0 awp_relative_norm_max=0.001650000223889947 clean_ce=0.14816027879714966 clean_ce_term=0.0 consistency_term=0.001876181922852993 consistency_weight=0.6187499999999999 js_raw=0.030322134494781494 lr=0.09990093681686711 nat_kd=0.01833496056497097 pcgrad_conflicts=0 push=0.03467119112610817 push_term=0.0028340229764580727 student_updates=1 teacher_ce=0.47144967317581177 teacher_lr=6.353965044132693e-05 teacher_margin=0.5086719989776611 teacher_margin_term=0.0021342961117625237 teacher_updates=1 temp_adv=1.1139999999999874 temp_nat=3.6549999999997076 temperature_updates=1 total_loss=0.049948595464229584 views=2
2026-10-08 02:47:02.778 | INFO     | __main__:<module>:531 - METHOD_BATCH epoch=153 step=200 adv_kd=0.022197850048542023 awp_adv_grad_norm=0.1638621836900711 awp_adv_nat_cos=0.17504693567752838 awp_gamma=0.00165 awp_mix_adv_cos=0.8654104471206665 awp_mix_grad_norm=0.2110741287469864 awp_nat_grad_norm=0.10742013156414032 awp_nat_weight=1.0 awp_relative_norm_max=0.001650000223889947 clean_ce=0.13696059584617615 clean_ce_term=0.0 consistency_term=0.0030302307568490505 consistency_weight=0.6187499999999999 js_raw=0.04897342622280121 lr=0.09990093681686711 nat_kd=0.011585867032408714 pcgrad_conflicts=0 push=0.03094043955206871 push_term=0.002529071643948555 student_updates=1 teacher_ce=0.5610877275466919 teacher_lr=6.353965044132693e-05 teacher_margin=0.44971930980682373 teacher_margin_term=0.001886941259726882 teacher_updates=1 temp_adv=1.1139999999999874 temp_nat=3.6549999999997076 temperature_updates=1 total_loss=0.041229959577322006 views=2
2026-10-08 02:48:33.095 | INFO     | __main__:<module>:531 - METHOD_BATCH epoch=153 step=300 adv_kd=0.024729760363698006 awp_adv_grad_norm=0.19099488854408264 awp_adv_nat_cos=0.1198127344250679 awp_gamma=0.00165 awp_mix_adv_cos=0.8836258053779602 awp_mix_grad_norm=0.23091468214988708 awp_nat_grad_norm=0.10889729112386703 awp_nat_weight=1.0 awp_relative_norm_max=0.001650000223889947 clean_ce=0.13399824500083923 clean_ce_term=0.0 consistency_term=0.0028359440620988607 consistency_weight=0.6187499999999999 js_raw=0.045833438634872437 lr=0.09990093681686711 nat_kd=0.010481057688593864 pcgrad_conflicts=0 push=0.03333128243684769 push_term=0.002724498976022005 student_updates=1 teacher_ce=0.49622735381126404 teacher_lr=6.353965044132693e-05 teacher_margin=0.5574952363967896 teacher_margin_term=0.0023391498252749443 teacher_updates=1 temp_adv=1.117999999999987 temp_nat=3.650999999999708 temperature_updates=1 total_loss=0.04311041161417961 views=2
2026-10-08 02:49:54.136 | INFO     | __main__:<module>:1016 - TRAIN_EPOCH_RESOURCE epoch=153 seconds=353.8417236439418 peak_allocated_bytes=3885782016
2026-10-08 02:49:54.136 | INFO     | __main__:<module>:516 - METHOD epoch=154 views=2 awp_gamma=0.0017 consistency_weight=0.6375 awp_nat_weight=1.0
2026-10-08 02:49:54.136 | INFO     | __main__:<module>:519 - the 154th epoch 
2026-10-08 02:49:55.092 | INFO     | __main__:<module>:531 - METHOD_BATCH epoch=154 step=0 adv_kd=0.020434385165572166 awp_adv_grad_norm=0.14282110333442688 awp_adv_nat_cos=0.2201702892780304 awp_gamma=0.0017 awp_mix_adv_cos=0.7911015748977661 awp_mix_grad_norm=0.2187023162841797 awp_nat_grad_norm=0.13714218139648438 awp_nat_weight=1.0 awp_relative_norm_max=0.0017000001389533281 clean_ce=0.15723417699337006 clean_ce_term=0.0 consistency_term=0.0023435731418430805 consistency_weight=0.6375 js_raw=0.03676193207502365 lr=0.09982393310087144 nat_kd=0.013834954239428043 pcgrad_conflicts=0 push=0.02674728073179722 push_term=0.002186322584748268 student_updates=1 teacher_ce=0.5559457242488861 teacher_lr=6.29330715666056e-05 teacher_margin=0.389984667301178 teacher_margin_term=0.00168589036911726 teacher_updates=1 temp_adv=1.1169999999999871 temp_nat=3.651999999999708 temperature_updates=1 total_loss=0.04048512130975723 views=2
2026-10-08 02:51:25.821 | INFO     | __main__:<module>:531 - METHOD_BATCH epoch=154 step=100 adv_kd=0.022349290549755096 awp_adv_grad_norm=0.15215492248535156 awp_adv_nat_cos=0.14449380338191986 awp_gamma=0.0017 awp_mix_adv_cos=0.8821036219596863 awp_mix_grad_norm=0.18707945942878723 awp_nat_grad_norm=0.08905939012765884 awp_nat_weight=1.0 awp_relative_norm_max=0.0017000001389533281 clean_ce=0.154012531042099 clean_ce_term=0.0 consistency_term=0.001996443374082446 consistency_weight=0.6375 js_raw=0.031316760927438736 lr=0.09982393310087144 nat_kd=0.00937655195593834 pcgrad_conflicts=0 push=0.02676926925778389 push_term=0.002188120037317276 student_updates=1 teacher_ce=0.4524465650320053 teacher_lr=6.29330715666056e-05 teacher_margin=0.5235806703567505 teacher_margin_term=0.0022634214255958796 teacher_updates=1 temp_adv=1.1149999999999873 temp_nat=3.6539999999997077 temperature_updates=1 total_loss=0.038173824548721313 views=2
2026-10-08 02:52:56.231 | INFO     | __main__:<module>:531 - METHOD_BATCH epoch=154 step=200 adv_kd=0.023117629811167717 awp_adv_grad_norm=0.18507997691631317 awp_adv_nat_cos=0.13064366579055786 awp_gamma=0.0017 awp_mix_adv_cos=0.8174289464950562 awp_mix_grad_norm=0.249594047665596 awp_nat_grad_norm=0.1450163573026657 awp_nat_weight=1.0 awp_relative_norm_max=0.00170000025536865 clean_ce=0.15045520663261414 clean_ce_term=0.0 consistency_term=0.004082506522536278 consistency_weight=0.6375 js_raw=0.06403931975364685 lr=0.09982393310087144 nat_kd=0.012787263840436935 pcgrad_conflicts=0 push=0.036676399409770966 push_term=0.0029979287646710873 student_updates=1 teacher_ce=0.5533030033111572 teacher_lr=6.29330715666056e-05 teacher_margin=0.4806074798107147 teacher_margin_term=0.002077649813145399 teacher_updates=1 temp_adv=1.1209999999999867 temp_nat=3.6479999999997084 temperature_updates=1 total_loss=0.04506298154592514 views=2
2026-10-08 02:54:25.792 | INFO     | __main__:<module>:531 - METHOD_BATCH epoch=154 step=300 adv_kd=0.026209000498056412 awp_adv_grad_norm=0.18322493135929108 awp_adv_nat_cos=0.17995581030845642 awp_gamma=0.0017 awp_mix_adv_cos=0.8364189267158508 awp_mix_grad_norm=0.24889622628688812 awp_nat_grad_norm=0.13868173956871033 awp_nat_weight=1.0 awp_relative_norm_max=0.0017000001389533281 clean_ce=0.14728808403015137 clean_ce_term=0.0 consistency_term=0.002025698544457555 consistency_weight=0.6375 js_raw=0.031775664538145065 lr=0.09982393310087144 nat_kd=0.01371720526367426 pcgrad_conflicts=0 push=0.036226801574230194 push_term=0.0029611787758767605 student_updates=1 teacher_ce=0.5371134579181671 teacher_lr=6.29330715666056e-05 teacher_margin=0.5474886894226074 teacher_margin_term=0.0023667749483138323 teacher_updates=1 temp_adv=1.1129999999999876 temp_nat=3.6559999999997075 temperature_updates=1 total_loss=0.04727986082434654 views=2
2026-10-08 02:55:46.066 | INFO     | __main__:<module>:1016 - TRAIN_EPOCH_RESOURCE epoch=154 seconds=351.92892943508923 peak_allocated_bytes=3885782016
2026-10-08 02:55:46.066 | INFO     | __main__:<module>:516 - METHOD epoch=155 views=2 awp_gamma=0.00175 consistency_weight=0.65625 awp_nat_weight=1.0
2026-10-08 02:55:46.066 | INFO     | __main__:<module>:519 - the 155th epoch 
2026-10-08 02:55:47.013 | INFO     | __main__:<module>:531 - METHOD_BATCH epoch=155 step=0 adv_kd=0.02290908619761467 awp_adv_grad_norm=0.16372516751289368 awp_adv_nat_cos=0.0773298516869545 awp_gamma=0.00175 awp_mix_adv_cos=0.8922476768493652 awp_mix_grad_norm=0.19099441170692444 awp_nat_grad_norm=0.0865018218755722 awp_nat_weight=1.0 awp_relative_norm_max=0.0017500001704320312 clean_ce=0.15345938503742218 clean_ce_term=0.0 consistency_term=0.003975958097726107 consistency_weight=0.65625 js_raw=0.060586027801036835 lr=0.09972498670684993 nat_kd=0.010554682463407516 pcgrad_conflicts=0 push=0.032359085977077484 push_term=0.002645031549036503 student_updates=1 teacher_ce=0.5085266530513763 teacher_lr=6.232445699168567e-05 teacher_margin=0.46779870986938477 teacher_margin_term=0.0020817569456994534 teacher_updates=1 temp_adv=1.117999999999987 temp_nat=3.650999999999708 temperature_updates=1 total_loss=0.042166516184806824 views=2
2026-10-08 02:57:17.424 | INFO     | __main__:<module>:531 - METHOD_BATCH epoch=155 step=100 adv_kd=0.0235227569937706 awp_adv_grad_norm=0.1752377599477768 awp_adv_nat_cos=0.107575424015522 awp_gamma=0.00175 awp_mix_adv_cos=0.8694272041320801 awp_mix_grad_norm=0.21476055681705475 awp_nat_grad_norm=0.10672418773174286 awp_nat_weight=1.0 awp_relative_norm_max=0.0017500001704320312 clean_ce=0.13750028610229492 clean_ce_term=0.0 consistency_term=0.0018312775064259768 consistency_weight=0.65625 js_raw=0.027905181050300598 lr=0.09972498670684993 nat_kd=0.01036742888391018 pcgrad_conflicts=0 push=0.03501361981034279 push_term=0.0028620134107768536 student_updates=1 teacher_ce=0.5476979911327362 teacher_lr=6.232445699168567e-05 teacher_margin=0.46091142296791077 teacher_margin_term=0.002051107818260789 teacher_updates=1 temp_adv=1.1299999999999857 temp_nat=3.6389999999997094 temperature_updates=1 total_loss=0.04063458368182182 views=2
2026-10-08 02:58:47.014 | INFO     | __main__:<module>:531 - METHOD_BATCH epoch=155 step=200 adv_kd=0.021247699856758118 awp_adv_grad_norm=0.1596444994211197 awp_adv_nat_cos=0.17069017887115479 awp_gamma=0.00175 awp_mix_adv_cos=0.7224263548851013 awp_mix_grad_norm=0.26490628719329834 awp_nat_grad_norm=0.18589696288108826 awp_nat_weight=1.0 awp_relative_norm_max=0.0017500001704320312 clean_ce=0.14169169962406158 clean_ce_term=0.0 consistency_term=0.0022869487293064594 consistency_weight=0.65625 js_raw=0.03484874218702316 lr=0.09972498670684993 nat_kd=0.017573419958353043 pcgrad_conflicts=0 push=0.025710083544254303 push_term=0.0021015421953052282 student_updates=1 teacher_ce=0.6180505454540253 teacher_lr=6.232445699168567e-05 teacher_margin=0.35731369256973267 teacher_margin_term=0.0015900861471891403 teacher_updates=1 temp_adv=1.1139999999999874 temp_nat=3.6549999999997076 temperature_updates=1 total_loss=0.044799692928791046 views=2
2026-10-08 03:00:16.586 | INFO     | __main__:<module>:531 - METHOD_BATCH epoch=155 step=300 adv_kd=0.03127213940024376 awp_adv_grad_norm=0.21096141636371613 awp_adv_nat_cos=0.2504640519618988 awp_gamma=0.00175 awp_mix_adv_cos=0.8883048295974731 awp_mix_grad_norm=0.27415701746940613 awp_nat_grad_norm=0.1300530582666397 awp_nat_weight=1.0 awp_relative_norm_max=0.0017500001704320312 clean_ce=0.1366446316242218 clean_ce_term=0.0 consistency_term=0.0024491921067237854 consistency_weight=0.65625 js_raw=0.037321023643016815 lr=0.09972498670684993 nat_kd=0.012563582509756088 pcgrad_conflicts=0 push=0.024891704320907593 push_term=0.0020346478559076786 student_updates=1 teacher_ce=0.5864955186843872 teacher_lr=6.232445699168567e-05 teacher_margin=0.567846417427063 teacher_margin_term=0.0025269805919378996 teacher_updates=1 temp_adv=1.1139999999999874 temp_nat=3.6549999999997076 temperature_updates=1 total_loss=0.050846539437770844 views=2
2026-10-08 03:01:36.868 | INFO     | __main__:<module>:1016 - TRAIN_EPOCH_RESOURCE epoch=155 seconds=350.8016881609801 peak_allocated_bytes=3885782016
2026-10-08 03:01:36.868 | INFO     | __main__:<module>:516 - METHOD epoch=156 views=2 awp_gamma=0.0018000000000000002 consistency_weight=0.675 awp_nat_weight=1.0
2026-10-08 03:01:36.868 | INFO     | __main__:<module>:519 - the 156th epoch 
2026-10-08 03:01:37.814 | INFO     | __main__:<module>:531 - METHOD_BATCH epoch=156 step=0 adv_kd=0.02167600765824318 awp_adv_grad_norm=0.13753177225589752 awp_adv_nat_cos=0.2125828117132187 awp_gamma=0.0018000000000000002 awp_mix_adv_cos=0.8162987232208252 awp_mix_grad_norm=0.19913898408412933 awp_nat_grad_norm=0.117719367146492 awp_nat_weight=1.0 awp_relative_norm_max=0.0018000002019107342 clean_ce=0.1456162929534912 clean_ce_term=0.0 consistency_term=0.0020591968204826117 consistency_weight=0.675 js_raw=0.030506616458296776 lr=0.0996041413867123 nat_kd=0.01185205951333046 pcgrad_conflicts=0 push=0.0336209200322628 push_term=0.002748174127191305 student_updates=1 teacher_ce=0.49201036989688873 teacher_lr=6.171390327679456e-05 teacher_margin=0.46032264828681946 teacher_margin_term=0.002107015810906887 teacher_updates=1 temp_adv=1.1229999999999865 temp_nat=3.6459999999997086 temperature_updates=1 total_loss=0.04044244810938835 views=2
2026-10-08 03:03:07.355 | INFO     | __main__:<module>:531 - METHOD_BATCH epoch=156 step=100 adv_kd=0.021615024656057358 awp_adv_grad_norm=0.16508713364601135 awp_adv_nat_cos=0.15371637046337128 awp_gamma=0.0018000000000000002 awp_mix_adv_cos=0.749574601650238 awp_mix_grad_norm=0.25531458854675293 awp_nat_grad_norm=0.17103050649166107 awp_nat_weight=1.0 awp_relative_norm_max=0.0018000000854954123 clean_ce=0.1383328139781952 clean_ce_term=0.0 consistency_term=0.0027064455207437277 consistency_weight=0.675 js_raw=0.040095485746860504 lr=0.0996041413867123 nat_kd=0.01812027022242546 pcgrad_conflicts=0 push=0.03656458854675293 push_term=0.0029887896962463856 student_updates=1 teacher_ce=0.6625005006790161 teacher_lr=6.171390327679456e-05 teacher_margin=0.4637224078178406 teacher_margin_term=0.002122577279806137 teacher_updates=1 temp_adv=1.1209999999999867 temp_nat=3.6479999999997084 temperature_updates=1 total_loss=0.047553107142448425 views=2
2026-10-08 03:04:36.882 | INFO     | __main__:<module>:531 - METHOD_BATCH epoch=156 step=200 adv_kd=0.0332808718085289 awp_adv_grad_norm=0.22560015320777893 awp_adv_nat_cos=0.19697915017604828 awp_gamma=0.0018000000000000002 awp_mix_adv_cos=0.7648493647575378 awp_mix_grad_norm=0.3550422191619873 awp_nat_grad_norm=0.2332921326160431 awp_nat_weight=1.0 awp_relative_norm_max=0.0018000000854954123 clean_ce=0.12363036721944809 clean_ce_term=0.0 consistency_term=0.002711479552090168 consistency_weight=0.675 js_raw=0.04017006605863571 lr=0.0996041413867123 nat_kd=0.022132880985736847 pcgrad_conflicts=0 push=0.027516599744558334 push_term=0.002249206881970167 student_updates=1 teacher_ce=0.6216906607151031 teacher_lr=6.171390327679456e-05 teacher_margin=0.626171350479126 teacher_margin_term=0.0028661482501775026 teacher_updates=1 temp_adv=1.1169999999999871 temp_nat=3.651999999999708 temperature_updates=1 total_loss=0.06324058771133423 views=2
2026-10-08 03:06:06.424 | INFO     | __main__:<module>:531 - METHOD_BATCH epoch=156 step=300 adv_kd=0.02515045925974846 awp_adv_grad_norm=0.19071374833583832 awp_adv_nat_cos=0.18404342234134674 awp_gamma=0.0018000000000000002 awp_mix_adv_cos=0.8903869390487671 awp_mix_grad_norm=0.236866295337677 awp_nat_grad_norm=0.1096964105963707 awp_nat_weight=1.0 awp_relative_norm_max=0.0018000002019107342 clean_ce=0.1446383148431778 clean_ce_term=0.0 consistency_term=0.0033139630686491728 consistency_weight=0.675 js_raw=0.049095749855041504 lr=0.0996041413867123 nat_kd=0.012146499007940292 pcgrad_conflicts=0 push=0.03315805643796921 push_term=0.0027103396132588387 student_updates=1 teacher_ce=0.5918436944484711 teacher_lr=6.171390327679456e-05 teacher_margin=0.41282132267951965 teacher_margin_term=0.0018895899411290884 teacher_updates=1 temp_adv=1.1149999999999873 temp_nat=3.6539999999997077 temperature_updates=1 total_loss=0.04521084949374199 views=2
2026-10-08 03:07:26.769 | INFO     | __main__:<module>:1016 - TRAIN_EPOCH_RESOURCE epoch=156 seconds=349.9002688508481 peak_allocated_bytes=3885782016
2026-10-08 03:07:26.769 | INFO     | __main__:<module>:516 - METHOD epoch=157 views=2 awp_gamma=0.00185 consistency_weight=0.6937500000000001 awp_nat_weight=1.0
2026-10-08 03:07:26.769 | INFO     | __main__:<module>:519 - the 157th epoch 
2026-10-08 03:07:27.720 | INFO     | __main__:<module>:531 - METHOD_BATCH epoch=157 step=0 adv_kd=0.022714020684361458 awp_adv_grad_norm=0.15548807382583618 awp_adv_nat_cos=0.12416484206914902 awp_gamma=0.00185 awp_mix_adv_cos=0.6527274250984192 awp_mix_grad_norm=0.2786887586116791 awp_nat_grad_norm=0.212779238820076 awp_nat_weight=1.0 awp_relative_norm_max=0.0018500002333894372 clean_ce=0.13681545853614807 clean_ce_term=0.0 consistency_term=0.002406853949651122 consistency_weight=0.6937500000000001 js_raw=0.034693386405706406 lr=0.09946145057519529 nat_kd=0.019238801673054695 pcgrad_conflicts=0 push=0.030749734491109848 push_term=0.002513483166694641 student_updates=1 teacher_ce=0.6431702971458435 teacher_lr=6.110150728247835e-05 teacher_margin=0.44616463780403137 teacher_margin_term=0.0020989389158785343 teacher_updates=1 temp_adv=1.1159999999999872 temp_nat=3.652999999999708 temperature_updates=1 total_loss=0.048972103744745255 views=2
2026-10-08 03:08:57.406 | INFO     | __main__:<module>:531 - METHOD_BATCH epoch=157 step=100 adv_kd=0.025179125368595123 awp_adv_grad_norm=0.16977255046367645 awp_adv_nat_cos=0.20323532819747925 awp_gamma=0.00185 awp_mix_adv_cos=0.9117209911346436 awp_mix_grad_norm=0.2054237723350525 awp_nat_grad_norm=0.0861888900399208 awp_nat_weight=1.0 awp_relative_norm_max=0.0018500001169741154 clean_ce=0.14488548040390015 clean_ce_term=0.0 consistency_term=0.0022856537252664566 consistency_weight=0.6937500000000001 js_raw=0.03294635936617851 lr=0.09946145057519529 nat_kd=0.009274110198020935 pcgrad_conflicts=0 push=0.0337468720972538 push_term=0.0027584691997617483 student_updates=1 teacher_ce=0.495394691824913 teacher_lr=6.110150728247835e-05 teacher_margin=0.5290586948394775 teacher_margin_term=0.002488906029611826 teacher_updates=1 temp_adv=1.117999999999987 temp_nat=3.650999999999708 temperature_updates=1 total_loss=0.041986264288425446 views=2
2026-10-08 03:10:27.217 | INFO     | __main__:<module>:531 - METHOD_BATCH epoch=157 step=200 adv_kd=0.02970327064394951 awp_adv_grad_norm=0.19576865434646606 awp_adv_nat_cos=0.2038031369447708 awp_gamma=0.00185 awp_mix_adv_cos=0.9014142155647278 awp_mix_grad_norm=0.2413071095943451 awp_nat_grad_norm=0.10671558976173401 awp_nat_weight=1.0 awp_relative_norm_max=0.0018500001169741154 clean_ce=0.1300559937953949 clean_ce_term=0.0 consistency_term=0.0034442413598299026 consistency_weight=0.6937500000000001 js_raw=0.04964672029018402 lr=0.09946145057519529 nat_kd=0.0114041892811656 pcgrad_conflicts=0 push=0.03402302414178848 push_term=0.0027810418978333473 student_updates=1 teacher_ce=0.5938345193862915 teacher_lr=6.110150728247835e-05 teacher_margin=0.6572721004486084 teacher_margin_term=0.0030920738354325294 teacher_updates=1 temp_adv=1.1159999999999872 temp_nat=3.652999999999708 temperature_updates=1 total_loss=0.050424814224243164 views=2
2026-10-08 03:11:57.218 | INFO     | __main__:<module>:531 - METHOD_BATCH epoch=157 step=300 adv_kd=0.020129693672060966 awp_adv_grad_norm=0.1368388682603836 awp_adv_nat_cos=0.1277201771736145 awp_gamma=0.00185 awp_mix_adv_cos=0.8448947668075562 awp_mix_grad_norm=0.17633673548698425 awp_nat_grad_norm=0.09510717540979385 awp_nat_weight=1.0 awp_relative_norm_max=0.0018500001169741154 clean_ce=0.15481147170066833 clean_ce_term=0.0 consistency_term=0.0021728493738919497 consistency_weight=0.6937500000000001 js_raw=0.031320348381996155 lr=0.09946145057519529 nat_kd=0.01023036614060402 pcgrad_conflicts=0 push=0.032092735171318054 push_term=0.002623260021209717 student_updates=1 teacher_ce=0.5323029160499573 teacher_lr=6.110150728247835e-05 teacher_margin=0.4079454839229584 teacher_margin_term=0.0019191405735909939 teacher_updates=1 temp_adv=1.117999999999987 temp_nat=3.650999999999708 temperature_updates=1 total_loss=0.037075310945510864 views=2
2026-10-08 03:13:18.854 | INFO     | __main__:<module>:1016 - TRAIN_EPOCH_RESOURCE epoch=157 seconds=352.0842576988507 peak_allocated_bytes=3885782016
2026-10-08 03:13:18.854 | INFO     | __main__:<module>:516 - METHOD epoch=158 views=2 awp_gamma=0.0019 consistency_weight=0.7124999999999999 awp_nat_weight=1.0
2026-10-08 03:13:18.854 | INFO     | __main__:<module>:519 - the 158th epoch 
2026-10-08 03:13:19.814 | INFO     | __main__:<module>:531 - METHOD_BATCH epoch=158 step=0 adv_kd=0.02699655294418335 awp_adv_grad_norm=0.184757798910141 awp_adv_nat_cos=0.15529967844486237 awp_gamma=0.0019 awp_mix_adv_cos=0.8475302457809448 awp_mix_grad_norm=0.24180011451244354 awp_nat_grad_norm=0.12991087138652802 awp_nat_weight=1.0 awp_relative_norm_max=0.0019000001484528184 clean_ce=0.14462216198444366 clean_ce_term=0.0 consistency_term=0.0025102996733039618 consistency_weight=0.7124999999999999 js_raw=0.03523227572441101 lr=0.09929697736599877 nat_kd=0.01286064088344574 pcgrad_conflicts=0 push=0.035255007445812225 push_term=0.0028817441780120134 student_updates=1 teacher_ce=0.4745083451271057 teacher_lr=6.04873661540703e-05 teacher_margin=0.5268154740333557 teacher_margin_term=0.0025453357957303524 teacher_updates=1 temp_adv=1.1169999999999871 temp_nat=3.651999999999708 temperature_updates=1 total_loss=0.04779457300901413 views=2
2026-10-08 03:14:50.415 | INFO     | __main__:<module>:531 - METHOD_BATCH epoch=158 step=100 adv_kd=0.023160941898822784 awp_adv_grad_norm=0.15748077630996704 awp_adv_nat_cos=0.15878964960575104 awp_gamma=0.0019 awp_mix_adv_cos=0.8752638697624207 awp_mix_grad_norm=0.19747327268123627 awp_nat_grad_norm=0.09673446416854858 awp_nat_weight=1.0 awp_relative_norm_max=0.0019000002648681402 clean_ce=0.1517617404460907 clean_ce_term=0.0 consistency_term=0.0021831176709383726 consistency_weight=0.7124999999999999 js_raw=0.030640246346592903 lr=0.09929697736599877 nat_kd=0.00993263628333807 pcgrad_conflicts=0 push=0.02877700701355934 push_term=0.0023522325791418552 student_updates=1 teacher_ce=0.526928573846817 teacher_lr=6.04873661540703e-05 teacher_margin=0.44289344549179077 teacher_margin_term=0.002139862161129713 teacher_updates=1 temp_adv=1.1149999999999873 temp_nat=3.6539999999997077 temperature_updates=1 total_loss=0.03976879268884659 views=2
2026-10-08 03:16:20.676 | INFO     | __main__:<module>:531 - METHOD_BATCH epoch=158 step=200 adv_kd=0.023016512393951416 awp_adv_grad_norm=0.16205482184886932 awp_adv_nat_cos=0.10598728805780411 awp_gamma=0.0019 awp_mix_adv_cos=0.8452346920967102 awp_mix_grad_norm=0.2055816948413849 awp_nat_grad_norm=0.11048422753810883 awp_nat_weight=1.0 awp_relative_norm_max=0.0019000002648681402 clean_ce=0.15604829788208008 clean_ce_term=0.0 consistency_term=0.0026221175212413073 consistency_weight=0.7124999999999999 js_raw=0.03680165112018585 lr=0.09929697736599877 nat_kd=0.009758861735463142 pcgrad_conflicts=0 push=0.0368775799870491 push_term=0.00301437359303236 student_updates=1 teacher_ce=0.44670601189136505 teacher_lr=6.04873661540703e-05 teacher_margin=0.5015828609466553 teacher_margin_term=0.0024234228767454624 teacher_updates=1 temp_adv=1.1149999999999873 temp_nat=3.6539999999997077 temperature_updates=1 total_loss=0.04083528742194176 views=2
2026-10-08 03:17:50.945 | INFO     | __main__:<module>:531 - METHOD_BATCH epoch=158 step=300 adv_kd=0.024288903921842575 awp_adv_grad_norm=0.15553724765777588 awp_adv_nat_cos=0.19959546625614166 awp_gamma=0.0019 awp_mix_adv_cos=0.8088246583938599 awp_mix_grad_norm=0.2257295846939087 awp_nat_grad_norm=0.13546603918075562 awp_nat_weight=1.0 awp_relative_norm_max=0.0019000002648681402 clean_ce=0.15745560824871063 clean_ce_term=0.0 consistency_term=0.002276348415762186 consistency_weight=0.7124999999999999 js_raw=0.0319487489759922 lr=0.09929697736599877 nat_kd=0.013811790384352207 pcgrad_conflicts=0 push=0.030920349061489105 push_term=0.0025274292565882206 student_updates=1 teacher_ce=0.5352142751216888 teacher_lr=6.04873661540703e-05 teacher_margin=0.4949420690536499 teacher_margin_term=0.002391337649896741 teacher_updates=1 temp_adv=1.1229999999999865 temp_nat=3.6459999999997086 temperature_updates=1 total_loss=0.04529581591486931 views=2
2026-10-08 03:19:11.646 | INFO     | __main__:<module>:1016 - TRAIN_EPOCH_RESOURCE epoch=158 seconds=352.7914415411651 peak_allocated_bytes=3885782016
2026-10-08 03:19:11.646 | INFO     | __main__:<module>:516 - METHOD epoch=159 views=2 awp_gamma=0.00195 consistency_weight=0.73125 awp_nat_weight=1.0
2026-10-08 03:19:11.646 | INFO     | __main__:<module>:519 - the 159th epoch 
2026-10-08 03:19:12.604 | INFO     | __main__:<module>:531 - METHOD_BATCH epoch=159 step=0 adv_kd=0.021877625957131386 awp_adv_grad_norm=0.13651373982429504 awp_adv_nat_cos=0.16985413432121277 awp_gamma=0.00195 awp_mix_adv_cos=0.854858934879303 awp_mix_grad_norm=0.1783493310213089 awp_nat_grad_norm=0.09390289336442947 awp_nat_weight=1.0 awp_relative_norm_max=0.0019500001799315214 clean_ce=0.1756790280342102 clean_ce_term=5.462254921440035e-05 consistency_term=0.00209987279959023 consistency_weight=0.73125 js_raw=0.028716210275888443 lr=0.09911079448360846 nat_kd=0.010184098035097122 pcgrad_conflicts=0 push=0.03170519694685936 push_term=0.0025915829464793205 student_updates=1 teacher_ce=0.4928821921348572 teacher_lr=5.9871577306114585e-05 teacher_margin=0.430553138256073 teacher_margin_term=0.0021349822636693716 teacher_updates=1 temp_adv=1.1199999999999868 temp_nat=3.6489999999997083 temperature_updates=1 total_loss=0.03894278407096863 views=2
2026-10-08 03:20:43.322 | INFO     | __main__:<module>:531 - METHOD_BATCH epoch=159 step=100 adv_kd=0.02606726810336113 awp_adv_grad_norm=0.1693815439939499 awp_adv_nat_cos=0.19220700860023499 awp_gamma=0.00195 awp_mix_adv_cos=0.644494891166687 awp_mix_grad_norm=0.3423650860786438 awp_nat_grad_norm=0.26674896478652954 awp_nat_weight=1.0 awp_relative_norm_max=0.0019500000635161996 clean_ce=0.1491488516330719 clean_ce_term=4.637371966964565e-05 consistency_term=0.0037839063443243504 consistency_weight=0.73125 js_raw=0.05174572765827179 lr=0.09911079448360846 nat_kd=0.021502085030078888 pcgrad_conflicts=1 push=0.03496278449892998 push_term=0.0028578578494489193 student_updates=1 teacher_ce=0.5601371824741364 teacher_lr=5.9871577306114585e-05 teacher_margin=0.5554934740066528 teacher_margin_term=0.0027545238845050335 teacher_updates=1 temp_adv=1.1199999999999868 temp_nat=3.6489999999997083 temperature_updates=1 total_loss=0.05701201409101486 views=2
2026-10-08 03:22:14.084 | INFO     | __main__:<module>:531 - METHOD_BATCH epoch=159 step=200 adv_kd=0.023803476244211197 awp_adv_grad_norm=0.15304452180862427 awp_adv_nat_cos=0.10114773362874985 awp_gamma=0.00195 awp_mix_adv_cos=0.8165201544761658 awp_mix_grad_norm=0.20195236802101135 awp_nat_grad_norm=0.11719155311584473 awp_nat_weight=1.0 awp_relative_norm_max=0.0019500000635161996 clean_ce=0.14806213974952698 clean_ce_term=4.603584238793701e-05 consistency_term=0.00335879297927022 consistency_weight=0.73125 js_raw=0.045932210981845856 lr=0.09911079448360846 nat_kd=0.012997603043913841 pcgrad_conflicts=0 push=0.028915945440530777 push_term=0.0023635891266167164 student_updates=1 teacher_ce=0.537543922662735 teacher_lr=5.9871577306114585e-05 teacher_margin=0.4613475799560547 teacher_margin_term=0.0022876826114952564 teacher_updates=1 temp_adv=1.1159999999999872 temp_nat=3.652999999999708 temperature_updates=1 total_loss=0.04485718160867691 views=2
2026-10-08 03:23:44.748 | INFO     | __main__:<module>:531 - METHOD_BATCH epoch=159 step=300 adv_kd=0.02230873331427574 awp_adv_grad_norm=0.17232023179531097 awp_adv_nat_cos=0.13804131746292114 awp_gamma=0.00195 awp_mix_adv_cos=0.8334022164344788 awp_mix_grad_norm=0.2278241664171219 awp_nat_grad_norm=0.1271279752254486 awp_nat_weight=1.0 awp_relative_norm_max=0.0019500001799315214 clean_ce=0.14540503919124603 clean_ce_term=4.520968650467694e-05 consistency_term=0.0029632840305566788 consistency_weight=0.73125 js_raw=0.04052354395389557 lr=0.09911079448360846 nat_kd=0.0122731514275074 pcgrad_conflicts=0 push=0.0329451709985733 push_term=0.0026929383166134357 student_updates=1 teacher_ce=0.5859306454658508 teacher_lr=5.9871577306114585e-05 teacher_margin=0.4272812008857727 teacher_margin_term=0.002118757925927639 teacher_updates=1 temp_adv=1.1299999999999857 temp_nat=3.6389999999997094 temperature_updates=1 total_loss=0.04240207374095917 views=2
2026-10-08 03:25:06.105 | INFO     | __main__:<module>:1016 - TRAIN_EPOCH_RESOURCE epoch=159 seconds=354.45792490104213 peak_allocated_bytes=3885782016
2026-10-08 03:25:06.106 | INFO     | __main__:<module>:516 - METHOD epoch=160 views=2 awp_gamma=0.002 consistency_weight=0.75 awp_nat_weight=1.0
2026-10-08 03:25:06.107 | INFO     | __main__:<module>:519 - the 160th epoch 
2026-10-08 03:25:07.066 | INFO     | __main__:<module>:531 - METHOD_BATCH epoch=160 step=0 adv_kd=0.02234141156077385 awp_adv_grad_norm=0.16833356022834778 awp_adv_nat_cos=0.12263409793376923 awp_gamma=0.002 awp_mix_adv_cos=0.8352621793746948 awp_mix_grad_norm=0.21937888860702515 awp_nat_grad_norm=0.12154329568147659 awp_nat_weight=1.0 awp_relative_norm_max=0.0020000003278255463 clean_ce=0.14426293969154358 clean_ce_term=8.970915951067582e-05 consistency_term=0.003595704212784767 consistency_weight=0.75 js_raw=0.04794272407889366 lr=0.09890298425081796 nat_kd=0.011822018772363663 pcgrad_conflicts=0 push=0.030845483765006065 push_term=0.002521309768781066 student_updates=1 teacher_ce=0.5068333446979523 teacher_lr=5.925423840674787e-05 teacher_margin=0.42832818627357483 teacher_margin_term=0.0021784098353236914 teacher_updates=1 temp_adv=1.1249999999999862 temp_nat=3.643999999999709 temperature_updates=1 total_loss=0.04254855960607529 views=2
2026-10-08 03:26:38.031 | INFO     | __main__:<module>:531 - METHOD_BATCH epoch=160 step=100 adv_kd=0.02466449700295925 awp_adv_grad_norm=0.16905376315116882 awp_adv_nat_cos=0.19626548886299133 awp_gamma=0.002 awp_mix_adv_cos=0.818672776222229 awp_mix_grad_norm=0.2402253895998001 awp_nat_grad_norm=0.14068818092346191 awp_nat_weight=1.0 awp_relative_norm_max=0.0020000003278255463 clean_ce=0.1583763062953949 clean_ce_term=9.84854850685224e-05 consistency_term=0.002615932375192642 consistency_weight=0.75 js_raw=0.03487909957766533 lr=0.09890298425081796 nat_kd=0.015712715685367584 pcgrad_conflicts=0 push=0.028957078233361244 push_term=0.0023669516667723656 student_updates=1 teacher_ce=0.5480819940567017 teacher_lr=5.925423840674787e-05 teacher_margin=0.46954986453056335 teacher_margin_term=0.0023880568332970142 teacher_updates=1 temp_adv=1.126999999999986 temp_nat=3.641999999999709 temperature_updates=1 total_loss=0.04784663766622543 views=2
2026-10-08 03:28:08.791 | INFO     | __main__:<module>:531 - METHOD_BATCH epoch=160 step=200 adv_kd=0.0256752148270607 awp_adv_grad_norm=0.18297138810157776 awp_adv_nat_cos=0.20175164937973022 awp_gamma=0.002 awp_mix_adv_cos=0.8726934790611267 awp_mix_grad_norm=0.2369738519191742 awp_nat_grad_norm=0.11813610047101974 awp_nat_weight=1.0 awp_relative_norm_max=0.0020000003278255463 clean_ce=0.16393177211284637 clean_ce_term=0.00010194012429565191 consistency_term=0.003481281688436866 consistency_weight=0.75 js_raw=0.04641708731651306 lr=0.09890298425081796 nat_kd=0.01327520702034235 pcgrad_conflicts=0 push=0.03614863008260727 push_term=0.0029547889716923237 student_updates=1 teacher_ce=0.4688529074192047 teacher_lr=5.925423840674787e-05 teacher_margin=0.47657203674316406 teacher_margin_term=0.002423770260065794 teacher_updates=1 temp_adv=1.126999999999986 temp_nat=3.641999999999709 temperature_updates=1 total_loss=0.04791220650076866 views=2
2026-10-08 03:29:39.028 | INFO     | __main__:<module>:531 - METHOD_BATCH epoch=160 step=300 adv_kd=0.025164328515529633 awp_adv_grad_norm=0.15577635169029236 awp_adv_nat_cos=0.13755404949188232 awp_gamma=0.002 awp_mix_adv_cos=0.8541707396507263 awp_mix_grad_norm=0.19921338558197021 awp_nat_grad_norm=0.10458363592624664 awp_nat_weight=1.0 awp_relative_norm_max=0.0020000003278255463 clean_ce=0.13876180350780487 clean_ce_term=8.628831710666418e-05 consistency_term=0.0030060894787311554 consistency_weight=0.75 js_raw=0.040081191807985306 lr=0.09890298425081796 nat_kd=0.01139453798532486 pcgrad_conflicts=0 push=0.037483908236026764 push_term=0.0030639346223324537 student_updates=1 teacher_ce=0.5184131562709808 teacher_lr=5.925423840674787e-05 teacher_margin=0.5086336731910706 teacher_margin_term=0.002586830873042345 teacher_updates=1 temp_adv=1.1209999999999867 temp_nat=3.6479999999997084 temperature_updates=1 total_loss=0.04530201479792595 views=2
2026-10-08 03:30:59.944 | INFO     | __main__:<module>:1016 - TRAIN_EPOCH_RESOURCE epoch=160 seconds=353.83751379698515 peak_allocated_bytes=3885782016
2026-10-08 03:30:59.945 | INFO     | __main__:<module>:516 - METHOD epoch=161 views=2 awp_gamma=0.002 consistency_weight=0.75 awp_nat_weight=1.0
2026-10-08 03:30:59.945 | INFO     | __main__:<module>:519 - the 161th epoch 
2026-10-08 03:31:00.893 | INFO     | __main__:<module>:531 - METHOD_BATCH epoch=161 step=0 adv_kd=0.025044631212949753 awp_adv_grad_norm=0.16076092422008514 awp_adv_nat_cos=0.16254857182502747 awp_gamma=0.002 awp_mix_adv_cos=0.8665090203285217 awp_mix_grad_norm=0.20497973263263702 awp_nat_grad_norm=0.10369712859392166 awp_nat_weight=1.0 awp_relative_norm_max=0.0020000003278255463 clean_ce=0.14432542026042938 clean_ce_term=0.00013462200877256691 consistency_term=0.0021599698811769485 consistency_weight=0.75 js_raw=0.028799597173929214 lr=0.09867363855196438 nat_kd=0.01092040166258812 pcgrad_conflicts=0 push=0.03504455089569092 push_term=0.0028645414859056473 student_updates=1 teacher_ce=0.5213341414928436 teacher_lr=5.863544736204129e-05 teacher_margin=0.46488332748413086 teacher_margin_term=0.0024234317243099213 teacher_updates=1 temp_adv=1.1159999999999872 temp_nat=3.652999999999708 temperature_updates=1 total_loss=0.04354759305715561 views=2
2026-10-08 03:32:30.437 | INFO     | __main__:<module>:531 - METHOD_BATCH epoch=161 step=100 adv_kd=0.022229932248592377 awp_adv_grad_norm=0.15030093491077423 awp_adv_nat_cos=0.1702197641134262 awp_gamma=0.002 awp_mix_adv_cos=0.8380081653594971 awp_mix_grad_norm=0.20208509266376495 awp_nat_grad_norm=0.11190241575241089 awp_nat_weight=1.0 awp_relative_norm_max=0.0020000003278255463 clean_ce=0.15170127153396606 clean_ce_term=0.00014150197966955602 consistency_term=0.002274364000186324 consistency_weight=0.75 js_raw=0.030324852094054222 lr=0.09867363855196438 nat_kd=0.012902654707431793 pcgrad_conflicts=0 push=0.03868074715137482 push_term=0.0031617642380297184 student_updates=1 teacher_ce=0.4477635622024536 teacher_lr=5.863544736204129e-05 teacher_margin=0.45495206117630005 teacher_margin_term=0.002371659968048334 teacher_updates=1 temp_adv=1.1259999999999861 temp_nat=3.642999999999709 temperature_updates=1 total_loss=0.04308187589049339 views=2
2026-10-08 03:34:00.021 | INFO     | __main__:<module>:531 - METHOD_BATCH epoch=161 step=200 adv_kd=0.020358268171548843 awp_adv_grad_norm=0.13470874726772308 awp_adv_nat_cos=0.17022086679935455 awp_gamma=0.002 awp_mix_adv_cos=0.8182495832443237 awp_mix_grad_norm=0.18736964464187622 awp_nat_grad_norm=0.10930714756250381 awp_nat_weight=1.0 awp_relative_norm_max=0.0020000003278255463 clean_ce=0.14721938967704773 clean_ce_term=0.00013732141815125942 consistency_term=0.002871403470635414 consistency_weight=0.75 js_raw=0.038285378366708755 lr=0.09867363855196438 nat_kd=0.012700088322162628 pcgrad_conflicts=0 push=0.030612682923674583 push_term=0.002502280753105879 student_updates=1 teacher_ce=0.46932636201381683 teacher_lr=5.863544736204129e-05 teacher_margin=0.4401499032974243 teacher_margin_term=0.0022944966331124306 teacher_updates=1 temp_adv=1.1199999999999868 temp_nat=3.6489999999997083 temperature_updates=1 total_loss=0.04086385667324066 views=2
2026-10-08 03:35:29.578 | INFO     | __main__:<module>:531 - METHOD_BATCH epoch=161 step=300 adv_kd=0.026735220104455948 awp_adv_grad_norm=0.1832343339920044 awp_adv_nat_cos=0.21459272503852844 awp_gamma=0.002 awp_mix_adv_cos=0.9286522269248962 awp_mix_grad_norm=0.216295063495636 awp_nat_grad_norm=0.08214879035949707 awp_nat_weight=1.0 awp_relative_norm_max=0.0020000003278255463 clean_ce=0.15133050084114075 clean_ce_term=0.00014115613885223866 consistency_term=0.0027700928039848804 consistency_weight=0.75 js_raw=0.03693456947803497 lr=0.09867363855196438 nat_kd=0.009689217433333397 pcgrad_conflicts=0 push=0.041309088468551636 push_term=0.0033766047563403845 student_updates=1 teacher_ce=0.42338497936725616 teacher_lr=5.863544736204129e-05 teacher_margin=0.5379701256752014 teacher_margin_term=0.002804432064294815 teacher_updates=1 temp_adv=1.1219999999999866 temp_nat=3.6469999999997085 temperature_updates=1 total_loss=0.0455167256295681 views=2
2026-10-08 03:36:49.872 | INFO     | __main__:<module>:1016 - TRAIN_EPOCH_RESOURCE epoch=161 seconds=349.9271981539205 peak_allocated_bytes=3885782016
2026-10-08 03:36:49.873 | INFO     | __main__:<module>:516 - METHOD epoch=162 views=2 awp_gamma=0.002 consistency_weight=0.75 awp_nat_weight=1.0
2026-10-08 03:36:49.873 | INFO     | __main__:<module>:519 - the 162th epoch 
2026-10-08 03:36:50.820 | INFO     | __main__:<module>:531 - METHOD_BATCH epoch=162 step=0 adv_kd=0.020489946007728577 awp_adv_grad_norm=0.13647910952568054 awp_adv_nat_cos=0.10551802068948746 awp_gamma=0.002 awp_mix_adv_cos=0.7843430638313293 awp_mix_grad_norm=0.189944788813591 awp_nat_grad_norm=0.11848942190408707 awp_nat_weight=1.0 awp_relative_norm_max=0.0020000003278255463 clean_ce=0.1684587150812149 clean_ce_term=0.00020951037004124373 consistency_term=0.0028317885007709265 consistency_weight=0.75 js_raw=0.03775717690587044 lr=0.09842285879189458 nat_kd=0.012887001037597656 pcgrad_conflicts=0 push=0.030277615413069725 push_term=0.002474892418831587 student_updates=1 teacher_ce=0.5116259753704071 teacher_lr=5.8015302300304946e-05 teacher_margin=0.38880765438079834 teacher_margin_term=0.0020762854255735874 teacher_updates=1 temp_adv=1.1309999999999856 temp_nat=3.6379999999997095 temperature_updates=1 total_loss=0.040969423949718475 views=2
2026-10-08 03:38:20.397 | INFO     | __main__:<module>:531 - METHOD_BATCH epoch=162 step=100 adv_kd=0.02554933726787567 awp_adv_grad_norm=0.17990350723266602 awp_adv_nat_cos=0.1471167504787445 awp_gamma=0.002 awp_mix_adv_cos=0.8571390509605408 awp_mix_grad_norm=0.23048962652683258 awp_nat_grad_norm=0.12002785503864288 awp_nat_weight=1.0 awp_relative_norm_max=0.0020000003278255463 clean_ce=0.14029449224472046 clean_ce_term=0.0001744828186929226 consistency_term=0.002749968320131302 consistency_weight=0.75 js_raw=0.03666624426841736 lr=0.09842285879189458 nat_kd=0.01162252388894558 pcgrad_conflicts=0 push=0.018837548792362213 push_term=0.0015397812239825726 student_updates=1 teacher_ce=0.5292542278766632 teacher_lr=5.8015302300304946e-05 teacher_margin=0.5362232327461243 teacher_margin_term=0.002863504458218813 teacher_updates=1 temp_adv=1.1209999999999867 temp_nat=3.6479999999997084 temperature_updates=1 total_loss=0.04449959844350815 views=2
2026-10-08 03:39:49.958 | INFO     | __main__:<module>:531 - METHOD_BATCH epoch=162 step=200 adv_kd=0.020631469786167145 awp_adv_grad_norm=0.14018769562244415 awp_adv_nat_cos=0.1386386603116989 awp_gamma=0.002 awp_mix_adv_cos=0.8669010996818542 awp_mix_grad_norm=0.17586801946163177 awp_nat_grad_norm=0.08852152526378632 awp_nat_weight=1.0 awp_relative_norm_max=0.0020000003278255463 clean_ce=0.15588688850402832 clean_ce_term=0.00019387491920497268 consistency_term=0.0019944857340306044 consistency_weight=0.75 js_raw=0.026593143120408058 lr=0.09842285879189458 nat_kd=0.01072233822196722 pcgrad_conflicts=0 push=0.03941987454891205 push_term=0.0032221805304288864 student_updates=1 teacher_ce=0.44658370316028595 teacher_lr=5.8015302300304946e-05 teacher_margin=0.45773065090179443 teacher_margin_term=0.0024443434085696936 teacher_updates=1 temp_adv=1.1209999999999867 temp_nat=3.6479999999997084 temperature_updates=1 total_loss=0.03920869529247284 views=2
2026-10-08 03:41:19.546 | INFO     | __main__:<module>:531 - METHOD_BATCH epoch=162 step=300 adv_kd=0.026223821565508842 awp_adv_grad_norm=0.16500847041606903 awp_adv_nat_cos=0.20890623331069946 awp_gamma=0.002 awp_mix_adv_cos=0.7796070575714111 awp_mix_grad_norm=0.25550082325935364 awp_nat_grad_norm=0.16362249851226807 awp_nat_weight=1.0 awp_relative_norm_max=0.0020000003278255463 clean_ce=0.15562355518341064 clean_ce_term=0.00019354739924892783 consistency_term=0.0027757526841014624 consistency_weight=0.75 js_raw=0.037010032683610916 lr=0.09842285879189458 nat_kd=0.01728292927145958 pcgrad_conflicts=0 push=0.026357434689998627 push_term=0.0021544566843658686 student_updates=1 teacher_ce=0.5679612457752228 teacher_lr=5.8015302300304946e-05 teacher_margin=0.5498265027999878 teacher_margin_term=0.0029361476190388203 teacher_updates=1 temp_adv=1.1209999999999867 temp_nat=3.6479999999997084 temperature_updates=1 total_loss=0.051566652953624725 views=2
2026-10-08 03:42:39.825 | INFO     | __main__:<module>:1016 - TRAIN_EPOCH_RESOURCE epoch=162 seconds=349.95169651391916 peak_allocated_bytes=3885782016
2026-10-08 03:42:39.825 | INFO     | __main__:<module>:516 - METHOD epoch=163 views=2 awp_gamma=0.002 consistency_weight=0.75 awp_nat_weight=1.0
2026-10-08 03:42:39.825 | INFO     | __main__:<module>:519 - the 163th epoch 
2026-10-08 03:42:40.772 | INFO     | __main__:<module>:531 - METHOD_BATCH epoch=163 step=0 adv_kd=0.021300343796610832 awp_adv_grad_norm=0.15136656165122986 awp_adv_nat_cos=0.10350193083286285 awp_gamma=0.002 awp_mix_adv_cos=0.7905281782150269 awp_mix_grad_norm=0.2082647830247879 awp_nat_grad_norm=0.12823544442653656 awp_nat_weight=1.0 awp_relative_norm_max=0.0020000003278255463 clean_ce=0.1586972177028656 clean_ce_term=0.00024671261780895293 consistency_term=0.002790152793750167 consistency_weight=0.75 js_raw=0.03720203787088394 lr=0.09815075585068012 nat_kd=0.011853611096739769 pcgrad_conflicts=0 push=0.032497186213731766 push_term=0.002656320109963417 student_updates=1 teacher_ce=0.5205137431621552 teacher_lr=5.7393901556358144e-05 teacher_margin=0.40017169713974 teacher_margin_term=0.002187850885093212 teacher_updates=1 temp_adv=1.1199999999999868 temp_nat=3.6489999999997083 temperature_updates=1 total_loss=0.041034989058971405 views=2
2026-10-08 03:44:10.289 | INFO     | __main__:<module>:531 - METHOD_BATCH epoch=163 step=100 adv_kd=0.024249430745840073 awp_adv_grad_norm=0.16791556775569916 awp_adv_nat_cos=0.08460830897092819 awp_gamma=0.002 awp_mix_adv_cos=0.8540048003196716 awp_mix_grad_norm=0.20734722912311554 awp_nat_grad_norm=0.10826367884874344 awp_nat_weight=1.0 awp_relative_norm_max=0.0020000003278255463 clean_ce=0.14666418731212616 clean_ce_term=0.00022800591250415891 consistency_term=0.002932789968326688 consistency_weight=0.75 js_raw=0.03910386562347412 lr=0.09815075585068012 nat_kd=0.012476455420255661 pcgrad_conflicts=0 push=0.04498574137687683 push_term=0.003677134634926915 student_updates=1 teacher_ce=0.5911336541175842 teacher_lr=5.7393901556358144e-05 teacher_margin=0.49599990248680115 teacher_margin_term=0.0027117705903947353 teacher_updates=1 temp_adv=1.1239999999999863 temp_nat=3.6449999999997087 temperature_updates=1 total_loss=0.04627558961510658 views=2
2026-10-08 03:45:39.826 | INFO     | __main__:<module>:531 - METHOD_BATCH epoch=163 step=200 adv_kd=0.027229053899645805 awp_adv_grad_norm=0.1809791475534439 awp_adv_nat_cos=0.16071410477161407 awp_gamma=0.002 awp_mix_adv_cos=0.9070844650268555 awp_mix_grad_norm=0.21582621335983276 awp_nat_grad_norm=0.092048279941082 awp_nat_weight=1.0 awp_relative_norm_max=0.0020000003278255463 clean_ce=0.14453375339508057 clean_ce_term=0.00022469391115009785 consistency_term=0.002974387723952532 consistency_weight=0.75 js_raw=0.039658501744270325 lr=0.09815075585068012 nat_kd=0.010024944320321083 pcgrad_conflicts=0 push=0.03452109917998314 push_term=0.002821754664182663 student_updates=1 teacher_ce=0.5346161723136902 teacher_lr=5.7393901556358144e-05 teacher_margin=0.5269269943237305 teacher_margin_term=0.002880857791751623 teacher_updates=1 temp_adv=1.1199999999999868 temp_nat=3.6489999999997083 temperature_updates=1 total_loss=0.046155691146850586 views=2
2026-10-08 03:47:09.339 | INFO     | __main__:<module>:531 - METHOD_BATCH epoch=163 step=300 adv_kd=0.02166961506009102 awp_adv_grad_norm=0.15253454446792603 awp_adv_nat_cos=0.14296971261501312 awp_gamma=0.002 awp_mix_adv_cos=0.8195280432701111 awp_mix_grad_norm=0.20703694224357605 awp_nat_grad_norm=0.11987169831991196 awp_nat_weight=1.0 awp_relative_norm_max=0.0020000003278255463 clean_ce=0.1606805920600891 clean_ce_term=0.00024979596491903067 consistency_term=0.0029617315158247948 consistency_weight=0.75 js_raw=0.0394897535443306 lr=0.09815075585068012 nat_kd=0.012463251128792763 pcgrad_conflicts=0 push=0.031224168837070465 push_term=0.0025522634387016296 student_updates=1 teacher_ce=0.5614888072013855 teacher_lr=5.7393901556358144e-05 teacher_margin=0.438692182302475 teacher_margin_term=0.002398453187197447 teacher_updates=1 temp_adv=1.1219999999999866 temp_nat=3.6469999999997085 temperature_updates=1 total_loss=0.04229511320590973 views=2
2026-10-08 03:48:29.614 | INFO     | __main__:<module>:1016 - TRAIN_EPOCH_RESOURCE epoch=163 seconds=349.7890520768706 peak_allocated_bytes=3885782016
2026-10-08 03:48:29.615 | INFO     | __main__:<module>:516 - METHOD epoch=164 views=2 awp_gamma=0.002 consistency_weight=0.75 awp_nat_weight=1.0
2026-10-08 03:48:29.615 | INFO     | __main__:<module>:519 - the 164th epoch 
2026-10-08 03:48:30.571 | INFO     | __main__:<module>:531 - METHOD_BATCH epoch=164 step=0 adv_kd=0.022397663444280624 awp_adv_grad_norm=0.15354453027248383 awp_adv_nat_cos=0.11758176982402802 awp_gamma=0.002 awp_mix_adv_cos=0.85675048828125 awp_mix_grad_norm=0.1929711550474167 awp_nat_grad_norm=0.10021638125181198 awp_nat_weight=1.0 awp_relative_norm_max=0.0020000003278255463 clean_ce=0.15776190161705017 clean_ce_term=0.0002943102444987744 consistency_term=0.0032773890998214483 consistency_weight=0.75 js_raw=0.043698519468307495 lr=0.09785745003410154 nat_kd=0.0112437903881073 pcgrad_conflicts=0 push=0.03259632736444473 push_term=0.00266442378051579 student_updates=1 teacher_ce=0.520818680524826 teacher_lr=5.677134365576726e-05 teacher_margin=0.45480877161026 teacher_margin_term=0.002544394228607416 teacher_updates=1 temp_adv=1.118999999999987 temp_nat=3.649999999999708 temperature_updates=1 total_loss=0.04242197051644325 views=2
2026-10-08 03:50:00.073 | INFO     | __main__:<module>:531 - METHOD_BATCH epoch=164 step=100 adv_kd=0.021194420754909515 awp_adv_grad_norm=0.1476052850484848 awp_adv_nat_cos=0.14634250104427338 awp_gamma=0.002 awp_mix_adv_cos=0.8544689416885376 awp_mix_grad_norm=0.1898176372051239 awp_nat_grad_norm=0.09968391805887222 awp_nat_weight=1.0 awp_relative_norm_max=0.0020000003278255463 clean_ce=0.14443084597587585 clean_ce_term=0.0002694407303351909 consistency_term=0.0027320613153278828 consistency_weight=0.75 js_raw=0.03642748296260834 lr=0.09785745003410154 nat_kd=0.011447533033788204 pcgrad_conflicts=0 push=0.029857806861400604 push_term=0.0024405771400779486 student_updates=1 teacher_ce=0.5587794184684753 teacher_lr=5.677134365576726e-05 teacher_margin=0.41470247507095337 teacher_margin_term=0.002320022787898779 teacher_updates=1 temp_adv=1.1249999999999862 temp_nat=3.643999999999709 temperature_updates=1 total_loss=0.040404051542282104 views=2
2026-10-08 03:51:29.593 | INFO     | __main__:<module>:531 - METHOD_BATCH epoch=164 step=200 adv_kd=0.02619517408311367 awp_adv_grad_norm=0.17234010994434357 awp_adv_nat_cos=0.22819580137729645 awp_gamma=0.002 awp_mix_adv_cos=0.8857964277267456 awp_mix_grad_norm=0.22179435193538666 awp_nat_grad_norm=0.10571841895580292 awp_nat_weight=1.0 awp_relative_norm_max=0.0020000003278255463 clean_ce=0.1442427933216095 clean_ce_term=0.00026908988365903497 consistency_term=0.002742975717410445 consistency_weight=0.75 js_raw=0.036573007702827454 lr=0.09785745003410154 nat_kd=0.012470157817006111 pcgrad_conflicts=0 push=0.02943914756178856 push_term=0.0024063559249043465 student_updates=1 teacher_ce=0.5001863390207291 teacher_lr=5.677134365576726e-05 teacher_margin=0.5046249032020569 teacher_margin_term=0.0028230869211256504 teacher_updates=1 temp_adv=1.1229999999999865 temp_nat=3.6459999999997086 temperature_updates=1 total_loss=0.04690684378147125 views=2
2026-10-08 03:52:59.101 | INFO     | __main__:<module>:531 - METHOD_BATCH epoch=164 step=300 adv_kd=0.028168169781565666 awp_adv_grad_norm=0.19199533760547638 awp_adv_nat_cos=0.17373909056186676 awp_gamma=0.002 awp_mix_adv_cos=0.887999415397644 awp_mix_grad_norm=0.23794998228549957 awp_nat_grad_norm=0.11110980063676834 awp_nat_weight=1.0 awp_relative_norm_max=0.0020000003278255463 clean_ce=0.1471008062362671 clean_ce_term=0.00027442164719104767 consistency_term=0.0032197360415011644 consistency_weight=0.75 js_raw=0.042929813265800476 lr=0.09785745003410154 nat_kd=0.011528418399393559 pcgrad_conflicts=0 push=0.030057590454816818 push_term=0.0024569074157625437 student_updates=1 teacher_ce=0.5850378274917603 teacher_lr=5.677134365576726e-05 teacher_margin=0.5909714698791504 teacher_margin_term=0.0033061467111110687 teacher_updates=1 temp_adv=1.126999999999986 temp_nat=3.641999999999709 temperature_updates=1 total_loss=0.04895379766821861 views=2
2026-10-08 03:54:19.343 | INFO     | __main__:<module>:1016 - TRAIN_EPOCH_RESOURCE epoch=164 seconds=349.7281814920716 peak_allocated_bytes=3885782016
2026-10-08 03:54:19.344 | INFO     | __main__:<module>:516 - METHOD epoch=165 views=2 awp_gamma=0.002 consistency_weight=0.75 awp_nat_weight=1.0
2026-10-08 03:54:19.344 | INFO     | __main__:<module>:519 - the 165th epoch 
2026-10-08 03:54:20.292 | INFO     | __main__:<module>:531 - METHOD_BATCH epoch=165 step=0 adv_kd=0.021191231906414032 awp_adv_grad_norm=0.14066928625106812 awp_adv_nat_cos=0.1206846609711647 awp_gamma=0.002 awp_mix_adv_cos=0.8621028065681458 awp_mix_grad_norm=0.17572729289531708 awp_nat_grad_norm=0.08970248699188232 awp_nat_weight=1.0 awp_relative_norm_max=0.0020000003278255463 clean_ce=0.16238677501678467 clean_ce_term=0.00035342780756764114 consistency_term=0.003304017474874854 consistency_weight=0.75 js_raw=0.044053561985492706 lr=0.09754307101992409 nat_kd=0.009795094840228558 pcgrad_conflicts=0 push=0.03515089303255081 push_term=0.002873233752325177 student_updates=1 teacher_ce=0.4276497960090637 teacher_lr=5.6147727299054216e-05 teacher_margin=0.45492297410964966 teacher_margin_term=0.002602875232696533 teacher_updates=1 temp_adv=1.1119999999999877 temp_nat=3.6569999999997074 temperature_updates=1 total_loss=0.04011988267302513 views=2
2026-10-08 03:55:49.795 | INFO     | __main__:<module>:531 - METHOD_BATCH epoch=165 step=100 adv_kd=0.022604182362556458 awp_adv_grad_norm=0.18084605038166046 awp_adv_nat_cos=0.12690488994121552 awp_gamma=0.002 awp_mix_adv_cos=0.8829346299171448 awp_mix_grad_norm=0.21977539360523224 awp_nat_grad_norm=0.10402471572160721 awp_nat_weight=1.0 awp_relative_norm_max=0.0020000003278255463 clean_ce=0.1398390233516693 clean_ce_term=0.00030435359803959727 consistency_term=0.003855705726891756 consistency_weight=0.75 js_raw=0.05140940845012665 lr=0.09754307101992409 nat_kd=0.01132548600435257 pcgrad_conflicts=0 push=0.028944101184606552 push_term=0.0023658908903598785 student_updates=1 teacher_ce=0.5876951217651367 teacher_lr=5.6147727299054216e-05 teacher_margin=0.3966960608959198 teacher_margin_term=0.0022697257809340954 teacher_updates=1 temp_adv=1.1239999999999863 temp_nat=3.6449999999997087 temperature_updates=1 total_loss=0.042725346982479095 views=2
2026-10-08 03:57:19.308 | INFO     | __main__:<module>:531 - METHOD_BATCH epoch=165 step=200 adv_kd=0.03029339574277401 awp_adv_grad_norm=0.2542548179626465 awp_adv_nat_cos=0.15275564789772034 awp_gamma=0.002 awp_mix_adv_cos=0.9444328546524048 awp_mix_grad_norm=0.28452062606811523 awp_nat_grad_norm=0.09463377296924591 awp_nat_weight=1.0 awp_relative_norm_max=0.0020000003278255463 clean_ce=0.12379387021064758 clean_ce_term=0.00026943202828988433 consistency_term=0.0034301080740988255 consistency_weight=0.75 js_raw=0.045734770596027374 lr=0.09754307101992409 nat_kd=0.008929254487156868 pcgrad_conflicts=0 push=0.034522924572229385 push_term=0.002821903908625245 student_updates=1 teacher_ce=0.5111308097839355 teacher_lr=5.6147727299054216e-05 teacher_margin=0.5195738673210144 teacher_margin_term=0.002972779795527458 teacher_updates=1 temp_adv=1.1259999999999861 temp_nat=3.642999999999709 temperature_updates=1 total_loss=0.04871687665581703 views=2
2026-10-08 03:58:48.816 | INFO     | __main__:<module>:531 - METHOD_BATCH epoch=165 step=300 adv_kd=0.02143712528049946 awp_adv_grad_norm=0.14815574884414673 awp_adv_nat_cos=0.15564164519309998 awp_gamma=0.002 awp_mix_adv_cos=0.8422529101371765 awp_mix_grad_norm=0.1956331729888916 awp_nat_grad_norm=0.10676351934671402 awp_nat_weight=1.0 awp_relative_norm_max=0.0020000003278255463 clean_ce=0.1448632776737213 clean_ce_term=0.000315288663841784 consistency_term=0.0028002988547086716 consistency_weight=0.75 js_raw=0.03733731806278229 lr=0.09754307101992409 nat_kd=0.01167193241417408 pcgrad_conflicts=0 push=0.03600490093231201 push_term=0.002943040570244193 student_updates=1 teacher_ce=0.545951783657074 teacher_lr=5.6147727299054216e-05 teacher_margin=0.4453822076320648 teacher_margin_term=0.002548286924138665 teacher_updates=1 temp_adv=1.1239999999999863 temp_nat=3.6449999999997087 temperature_updates=1 total_loss=0.04171597212553024 views=2
2026-10-08 04:00:09.029 | INFO     | __main__:<module>:1016 - TRAIN_EPOCH_RESOURCE epoch=165 seconds=349.68477461114526 peak_allocated_bytes=3885782016
2026-10-08 04:00:09.029 | INFO     | __main__:<module>:516 - METHOD epoch=166 views=2 awp_gamma=0.002 consistency_weight=0.75 awp_nat_weight=1.0
2026-10-08 04:00:09.029 | INFO     | __main__:<module>:519 - the 166th epoch 
2026-10-08 04:00:09.975 | INFO     | __main__:<module>:531 - METHOD_BATCH epoch=166 step=0 adv_kd=0.023115022107958794 awp_adv_grad_norm=0.15833212435245514 awp_adv_nat_cos=0.17827004194259644 awp_gamma=0.002 awp_mix_adv_cos=0.8338122367858887 awp_mix_grad_norm=0.2157711237668991 awp_nat_grad_norm=0.12105510383844376 awp_nat_weight=1.0 awp_relative_norm_max=0.0020000003278255463 clean_ce=0.1382053792476654 clean_ce_term=0.0003437692066654563 consistency_term=0.002840078203007579 consistency_weight=0.75 js_raw=0.0378677099943161 lr=0.09720775779998915 nat_kd=0.013562553562223911 pcgrad_conflicts=0 push=0.02720692753791809 push_term=0.0022238942328840494 student_updates=1 teacher_ce=0.6206703186035156 teacher_lr=5.5523151345877925e-05 teacher_margin=0.37758126854896545 teacher_margin_term=0.002208366757258773 teacher_updates=1 temp_adv=1.1209999999999867 temp_nat=3.6479999999997084 temperature_updates=1 total_loss=0.044293686747550964 views=2
2026-10-08 04:01:39.475 | INFO     | __main__:<module>:531 - METHOD_BATCH epoch=166 step=100 adv_kd=0.02161915972828865 awp_adv_grad_norm=0.1491459310054779 awp_adv_nat_cos=0.15828801691532135 awp_gamma=0.002 awp_mix_adv_cos=0.8324565291404724 awp_mix_grad_norm=0.20056448876857758 awp_nat_grad_norm=0.112549789249897 awp_nat_weight=1.0 awp_relative_norm_max=0.0020000003278255463 clean_ce=0.14550024271011353 clean_ce_term=0.0003619142808020115 consistency_term=0.0029714959673583508 consistency_weight=0.75 js_raw=0.039619944989681244 lr=0.09720775779998915 nat_kd=0.012377167120575905 pcgrad_conflicts=0 push=0.029917627573013306 push_term=0.0024454668164253235 student_updates=1 teacher_ce=0.5904869735240936 teacher_lr=5.5523151345877925e-05 teacher_margin=0.42649999260902405 teacher_margin_term=0.0024944788310676813 teacher_updates=1 temp_adv=1.1229999999999865 temp_nat=3.6459999999997086 temperature_updates=1 total_loss=0.04226968437433243 views=2
2026-10-08 04:03:08.954 | INFO     | __main__:<module>:531 - METHOD_BATCH epoch=166 step=200 adv_kd=0.01591246947646141 awp_adv_grad_norm=0.11426224559545517 awp_adv_nat_cos=0.07207126170396805 awp_gamma=0.002 awp_mix_adv_cos=0.7145012021064758 awp_mix_grad_norm=0.17209561169147491 awp_nat_grad_norm=0.12071788311004639 awp_nat_weight=1.0 awp_relative_norm_max=0.0020000003278255463 clean_ce=0.1592896282672882 clean_ce_term=0.0003962137270718813 consistency_term=0.0015071863308548927 consistency_weight=0.75 js_raw=0.020095817744731903 lr=0.09720775779998915 nat_kd=0.014027033001184464 pcgrad_conflicts=0 push=0.0283015426248312 push_term=0.002313368022441864 student_updates=1 teacher_ce=0.5736100673675537 teacher_lr=5.5523151345877925e-05 teacher_margin=0.30552589893341064 teacher_margin_term=0.001786935143172741 teacher_updates=1 temp_adv=1.1249999999999862 temp_nat=3.643999999999709 temperature_updates=1 total_loss=0.035943202674388885 views=2
2026-10-08 04:04:38.422 | INFO     | __main__:<module>:531 - METHOD_BATCH epoch=166 step=300 adv_kd=0.02370922639966011 awp_adv_grad_norm=0.18002565205097198 awp_adv_nat_cos=0.13186369836330414 awp_gamma=0.002 awp_mix_adv_cos=0.8838728666305542 awp_mix_grad_norm=0.21910180151462555 awp_nat_grad_norm=0.10338269919157028 awp_nat_weight=1.0 awp_relative_norm_max=0.0020000003278255463 clean_ce=0.13681848347187042 clean_ce_term=0.00034031947143375874 consistency_term=0.0038778134621679783 consistency_weight=0.75 js_raw=0.051704179495573044 lr=0.09720775779998915 nat_kd=0.010714417323470116 pcgrad_conflicts=0 push=0.029120419174432755 push_term=0.002380303107202053 student_updates=1 teacher_ce=0.6400724947452545 teacher_lr=5.5523151345877925e-05 teacher_margin=0.4200240671634674 teacher_margin_term=0.0024566028732806444 teacher_updates=1 temp_adv=1.1209999999999867 temp_nat=3.6479999999997084 temperature_updates=1 total_loss=0.04347868636250496 views=2
2026-10-08 04:05:58.697 | INFO     | __main__:<module>:1016 - TRAIN_EPOCH_RESOURCE epoch=166 seconds=349.66787723684683 peak_allocated_bytes=3885782016
2026-10-08 04:05:58.698 | INFO     | __main__:<module>:516 - METHOD epoch=167 views=2 awp_gamma=0.002 consistency_weight=0.75 awp_nat_weight=1.0
2026-10-08 04:05:58.698 | INFO     | __main__:<module>:519 - the 167th epoch 
2026-10-08 04:05:59.644 | INFO     | __main__:<module>:531 - METHOD_BATCH epoch=167 step=0 adv_kd=0.02028273604810238 awp_adv_grad_norm=0.1372942328453064 awp_adv_nat_cos=0.21726135909557343 awp_gamma=0.002 awp_mix_adv_cos=0.8261282444000244 awp_mix_grad_norm=0.19593600928783417 awp_nat_grad_norm=0.11310820281505585 awp_nat_weight=1.0 awp_relative_norm_max=0.0020000003278255463 clean_ce=0.16445830464363098 clean_ce_term=0.0004602039116434753 consistency_term=0.003191528143361211 consistency_weight=0.75 js_raw=0.04255370795726776 lr=0.09685165861814751 nat_kd=0.012061983346939087 pcgrad_conflicts=0 push=0.030115025117993355 push_term=0.0024616022128611803 student_updates=1 teacher_ce=0.4855697900056839 teacher_lr=5.489771479919126e-05 teacher_margin=0.4077685475349426 teacher_margin_term=0.002436770126223564 teacher_updates=1 temp_adv=1.1239999999999863 temp_nat=3.6449999999997087 temperature_updates=1 total_loss=0.04089482128620148 views=2
2026-10-08 04:07:29.148 | INFO     | __main__:<module>:531 - METHOD_BATCH epoch=167 step=100 adv_kd=0.024758294224739075 awp_adv_grad_norm=0.16716338694095612 awp_adv_nat_cos=0.139698788523674 awp_gamma=0.002 awp_mix_adv_cos=0.8736663460731506 awp_mix_grad_norm=0.2076495885848999 awp_nat_grad_norm=0.1020272821187973 awp_nat_weight=1.0 awp_relative_norm_max=0.0020000003278255463 clean_ce=0.14266346395015717 clean_ce_term=0.000399215379729867 consistency_term=0.0027800460811704397 consistency_weight=0.75 js_raw=0.03706727921962738 lr=0.09685165861814751 nat_kd=0.010552573949098587 pcgrad_conflicts=0 push=0.0327482745051384 push_term=0.0026768436655402184 student_updates=1 teacher_ce=0.5305462181568146 teacher_lr=5.489771479919126e-05 teacher_margin=0.4507421851158142 teacher_margin_term=0.002693574409931898 teacher_updates=1 temp_adv=1.117999999999987 temp_nat=3.650999999999708 temperature_updates=1 total_loss=0.0438605435192585 views=2
2026-10-08 04:08:58.665 | INFO     | __main__:<module>:531 - METHOD_BATCH epoch=167 step=200 adv_kd=0.02000858075916767 awp_adv_grad_norm=0.14329014718532562 awp_adv_nat_cos=0.1688152402639389 awp_gamma=0.002 awp_mix_adv_cos=0.8161293268203735 awp_mix_grad_norm=0.1998034417629242 awp_nat_grad_norm=0.11714152991771698 awp_nat_weight=1.0 awp_relative_norm_max=0.0020000000949949026 clean_ce=0.13471797108650208 clean_ce_term=0.0003769815375562757 consistency_term=0.0016375057166442275 consistency_weight=0.75 js_raw=0.021833408623933792 lr=0.09685165861814751 nat_kd=0.013609670102596283 pcgrad_conflicts=0 push=0.027769748121500015 push_term=0.0022698992397636175 student_updates=1 teacher_ce=0.6045193076133728 teacher_lr=5.489771479919126e-05 teacher_margin=0.3823702037334442 teacher_margin_term=0.002284992951899767 teacher_updates=1 temp_adv=1.1199999999999868 temp_nat=3.6489999999997083 temperature_updates=1 total_loss=0.04018763080239296 views=2
2026-10-08 04:10:28.159 | INFO     | __main__:<module>:531 - METHOD_BATCH epoch=167 step=300 adv_kd=0.02307342365384102 awp_adv_grad_norm=0.1547415852546692 awp_adv_nat_cos=0.18044735491275787 awp_gamma=0.002 awp_mix_adv_cos=0.8650316596031189 awp_mix_grad_norm=0.20018647611141205 awp_nat_grad_norm=0.10211319476366043 awp_nat_weight=1.0 awp_relative_norm_max=0.0020000003278255463 clean_ce=0.14035692811012268 clean_ce_term=0.0003927610523533076 consistency_term=0.002437195973470807 consistency_weight=0.75 js_raw=0.03249594569206238 lr=0.09685165861814751 nat_kd=0.010590925812721252 pcgrad_conflicts=0 push=0.02533651329576969 push_term=0.002071006689220667 student_updates=1 teacher_ce=0.5518096089363098 teacher_lr=5.489771479919126e-05 teacher_margin=0.4539008140563965 teacher_margin_term=0.0027124499902129173 teacher_updates=1 temp_adv=1.1199999999999868 temp_nat=3.6489999999997083 temperature_updates=1 total_loss=0.04127776622772217 views=2
2026-10-08 04:11:48.430 | INFO     | __main__:<module>:1016 - TRAIN_EPOCH_RESOURCE epoch=167 seconds=349.732210658025 peak_allocated_bytes=3885782016
2026-10-08 04:11:48.431 | INFO     | __main__:<module>:516 - METHOD epoch=168 views=2 awp_gamma=0.002 consistency_weight=0.75 awp_nat_weight=1.0
2026-10-08 04:11:48.431 | INFO     | __main__:<module>:519 - the 168th epoch 
2026-10-08 04:11:49.376 | INFO     | __main__:<module>:531 - METHOD_BATCH epoch=168 step=0 adv_kd=0.021925659850239754 awp_adv_grad_norm=0.14292652904987335 awp_adv_nat_cos=0.18333064019680023 awp_gamma=0.002 awp_mix_adv_cos=0.8390753269195557 awp_mix_grad_norm=0.19376681745052338 awp_nat_grad_norm=0.10722947865724564 awp_nat_weight=1.0 awp_relative_norm_max=0.0020000003278255463 clean_ce=0.14966541528701782 clean_ce_term=0.00046534332795999944 consistency_term=0.0021850040648132563 consistency_weight=0.75 js_raw=0.0291333869099617 lr=0.0964749309040623 nat_kd=0.01228964701294899 pcgrad_conflicts=0 push=0.03089858591556549 push_term=0.002525650430470705 student_updates=1 teacher_ce=0.5031622350215912 teacher_lr=5.427151678937617e-05 teacher_margin=0.4299069046974182 teacher_margin_term=0.002623726613819599 teacher_updates=1 temp_adv=1.1229999999999865 temp_nat=3.6459999999997086 temperature_updates=1 total_loss=0.04201503470540047 views=2
2026-10-08 04:13:18.877 | INFO     | __main__:<module>:531 - METHOD_BATCH epoch=168 step=100 adv_kd=0.01977725327014923 awp_adv_grad_norm=0.14031660556793213 awp_adv_nat_cos=0.13868798315525055 awp_gamma=0.002 awp_mix_adv_cos=0.7629931569099426 awp_mix_grad_norm=0.20865868031978607 awp_nat_grad_norm=0.13619449734687805 awp_nat_weight=1.0 awp_relative_norm_max=0.0020000003278255463 clean_ce=0.1347636580467224 clean_ce_term=0.0004190104082226753 consistency_term=0.002011082833632827 consistency_weight=0.75 js_raw=0.02681443840265274 lr=0.0964749309040623 nat_kd=0.012932990677654743 pcgrad_conflicts=0 push=0.020563099533319473 push_term=0.0016808276996016502 student_updates=1 teacher_ce=0.6707198321819305 teacher_lr=5.427151678937617e-05 teacher_margin=0.3902949392795563 teacher_margin_term=0.0023819743655622005 teacher_updates=1 temp_adv=1.1229999999999865 temp_nat=3.6459999999997086 temperature_updates=1 total_loss=0.039203137159347534 views=2
2026-10-08 04:14:48.367 | INFO     | __main__:<module>:531 - METHOD_BATCH epoch=168 step=200 adv_kd=0.02240406908094883 awp_adv_grad_norm=0.1664201021194458 awp_adv_nat_cos=0.08542945981025696 awp_gamma=0.002 awp_mix_adv_cos=0.8912709355354309 awp_mix_grad_norm=0.1952395737171173 awp_nat_grad_norm=0.08886030316352844 awp_nat_weight=1.0 awp_relative_norm_max=0.0020000003278255463 clean_ce=0.1273050308227539 clean_ce_term=0.0003958198940381408 consistency_term=0.0032920127268880606 consistency_weight=0.75 js_raw=0.04389350116252899 lr=0.0964749309040623 nat_kd=0.009387895464897156 pcgrad_conflicts=0 push=0.036439333111047745 push_term=0.0029785512015223503 student_updates=1 teacher_ce=0.6144298017024994 teacher_lr=5.427151678937617e-05 teacher_margin=0.44859758019447327 teacher_margin_term=0.0027377961669117212 teacher_updates=1 temp_adv=1.1209999999999867 temp_nat=3.6479999999997084 temperature_updates=1 total_loss=0.04119614139199257 views=2
2026-10-08 04:16:17.861 | INFO     | __main__:<module>:531 - METHOD_BATCH epoch=168 step=300 adv_kd=0.02588384971022606 awp_adv_grad_norm=0.18087910115718842 awp_adv_nat_cos=0.12175513803958893 awp_gamma=0.002 awp_mix_adv_cos=0.8597800731658936 awp_mix_grad_norm=0.22691065073013306 awp_nat_grad_norm=0.1167437806725502 awp_nat_weight=1.0 awp_relative_norm_max=0.0020000003278255463 clean_ce=0.135453000664711 clean_ce_term=0.000421153730712831 consistency_term=0.003316896501928568 consistency_weight=0.75 js_raw=0.044225286692380905 lr=0.0964749309040623 nat_kd=0.013399505987763405 pcgrad_conflicts=0 push=0.03355695679783821 push_term=0.002742945682257414 student_updates=1 teacher_ce=0.6011900305747986 teacher_lr=5.427151678937617e-05 teacher_margin=0.4555247128009796 teacher_margin_term=0.0027800723910331726 teacher_updates=1 temp_adv=1.1249999999999862 temp_nat=3.643999999999709 temperature_updates=1 total_loss=0.04854442551732063 views=2
2026-10-08 04:17:38.101 | INFO     | __main__:<module>:1016 - TRAIN_EPOCH_RESOURCE epoch=168 seconds=349.67048707813956 peak_allocated_bytes=3885782016
2026-10-08 04:17:38.102 | INFO     | __main__:<module>:516 - METHOD epoch=169 views=2 awp_gamma=0.002 consistency_weight=0.75 awp_nat_weight=1.0
2026-10-08 04:17:38.102 | INFO     | __main__:<module>:519 - the 169th epoch 
2026-10-08 04:17:39.048 | INFO     | __main__:<module>:531 - METHOD_BATCH epoch=169 step=0 adv_kd=0.018747437745332718 awp_adv_grad_norm=0.1316816359758377 awp_adv_nat_cos=0.08213795721530914 awp_gamma=0.002 awp_mix_adv_cos=0.8930779099464417 awp_mix_grad_norm=0.15383395552635193 awp_nat_grad_norm=0.06944485753774643 awp_nat_weight=1.0 awp_relative_norm_max=0.0020000003278255463 clean_ce=0.17297373712062836 clean_ce_term=0.000591595540754497 consistency_term=0.0017016889760270715 consistency_weight=0.75 js_raw=0.02268918603658676 lr=0.09607774120291135 nat_kd=0.008187536150217056 pcgrad_conflicts=0 push=0.04336068779230118 push_term=0.0035443026572465897 student_updates=1 teacher_ce=0.3923121839761734 teacher_lr=5.3644656558359475e-05 teacher_margin=0.4134356677532196 teacher_margin_term=0.0025757693219929934 teacher_updates=1 temp_adv=1.1319999999999855 temp_nat=3.6369999999997096 temperature_updates=1 total_loss=0.03534833341836929 views=2
2026-10-08 04:19:08.541 | INFO     | __main__:<module>:531 - METHOD_BATCH epoch=169 step=100 adv_kd=0.01785205490887165 awp_adv_grad_norm=0.1282360851764679 awp_adv_nat_cos=0.12121282517910004 awp_gamma=0.002 awp_mix_adv_cos=0.7591216564178467 awp_mix_grad_norm=0.18868456780910492 awp_nat_grad_norm=0.12373635172843933 awp_nat_weight=1.0 awp_relative_norm_max=0.0020000003278255463 clean_ce=0.14704236388206482 clean_ce_term=0.0005029064486734569 consistency_term=0.0017160208662971854 consistency_weight=0.75 js_raw=0.022880278527736664 lr=0.09607774120291135 nat_kd=0.013394967652857304 pcgrad_conflicts=0 push=0.021634316071867943 push_term=0.0017683889018371701 student_updates=1 teacher_ce=0.6103050708770752 teacher_lr=5.3644656558359475e-05 teacher_margin=0.34667694568634033 teacher_margin_term=0.0021598520688712597 teacher_updates=1 temp_adv=1.1299999999999857 temp_nat=3.6389999999997094 temperature_updates=1 total_loss=0.037394192069768906 views=2
2026-10-08 04:20:38.036 | INFO     | __main__:<module>:531 - METHOD_BATCH epoch=169 step=200 adv_kd=0.026683799922466278 awp_adv_grad_norm=0.19393706321716309 awp_adv_nat_cos=0.21316222846508026 awp_gamma=0.002 awp_mix_adv_cos=0.9134142994880676 awp_mix_grad_norm=0.23518648743629456 awp_nat_grad_norm=0.0979800894856453 awp_nat_weight=1.0 awp_relative_norm_max=0.0020000003278255463 clean_ce=0.13232485949993134 clean_ce_term=0.00045257044257596135 consistency_term=0.0037236288189888 consistency_weight=0.75 js_raw=0.049648381769657135 lr=0.09607774120291135 nat_kd=0.011259431019425392 pcgrad_conflicts=0 push=0.03497187793254852 push_term=0.002858601277694106 student_updates=1 teacher_ce=0.5238243639469147 teacher_lr=5.3644656558359475e-05 teacher_margin=0.5330848693847656 teacher_margin_term=0.00332120293751359 teacher_updates=1 temp_adv=1.1299999999999857 temp_nat=3.6389999999997094 temperature_updates=1 total_loss=0.04829923063516617 views=2
2026-10-08 04:22:07.635 | INFO     | __main__:<module>:531 - METHOD_BATCH epoch=169 step=300 adv_kd=0.02475043199956417 awp_adv_grad_norm=0.17218516767024994 awp_adv_nat_cos=0.11049677431583405 awp_gamma=0.002 awp_mix_adv_cos=0.8649170398712158 awp_mix_grad_norm=0.21280667185783386 awp_nat_grad_norm=0.10746890306472778 awp_nat_weight=1.0 awp_relative_norm_max=0.0020000003278255463 clean_ce=0.1528099775314331 clean_ce_term=0.0005226325010880828 consistency_term=0.003349189879372716 consistency_weight=0.75 js_raw=0.04465586319565773 lr=0.09607774120291135 nat_kd=0.012032026425004005 pcgrad_conflicts=0 push=0.03361276164650917 push_term=0.002747507067397237 student_updates=1 teacher_ce=0.508990928530693 teacher_lr=5.3644656558359475e-05 teacher_margin=0.5265443921089172 teacher_margin_term=0.0032804543152451515 teacher_updates=1 temp_adv=1.1199999999999868 temp_nat=3.6489999999997083 temperature_updates=1 total_loss=0.046682242304086685 views=2
2026-10-08 04:23:27.972 | INFO     | __main__:<module>:1016 - TRAIN_EPOCH_RESOURCE epoch=169 seconds=349.86980147100985 peak_allocated_bytes=3885782016
2026-10-08 04:23:27.972 | INFO     | __main__:<module>:516 - METHOD epoch=170 views=2 awp_gamma=0.002 consistency_weight=0.75 awp_nat_weight=1.0
2026-10-08 04:23:27.972 | INFO     | __main__:<module>:519 - the 170th epoch 
2026-10-08 04:23:28.919 | INFO     | __main__:<module>:531 - METHOD_BATCH epoch=170 step=0 adv_kd=0.02122587338089943 awp_adv_grad_norm=0.1408197283744812 awp_adv_nat_cos=0.12903597950935364 awp_gamma=0.002 awp_mix_adv_cos=0.8486202955245972 awp_mix_grad_norm=0.1805880069732666 awp_nat_grad_norm=0.09633687138557434 awp_nat_weight=1.0 awp_relative_norm_max=0.0020000003278255463 clean_ce=0.14895877242088318 clean_ce_term=0.0005557754775509238 consistency_term=0.0030211706180125475 consistency_weight=0.75 js_raw=0.04028227552771568 lr=0.09566026510102077 nat_kd=0.011209562420845032 pcgrad_conflicts=0 push=0.019065387547016144 push_term=0.0015584047650918365 student_updates=1 teacher_ce=0.5968430638313293 teacher_lr=5.301723344371193e-05 teacher_margin=0.3431685268878937 teacher_margin_term=0.0021816263906657696 teacher_updates=1 temp_adv=1.1249999999999862 temp_nat=3.643999999999709 temperature_updates=1 total_loss=0.03975241258740425 views=2
2026-10-08 04:24:58.510 | INFO     | __main__:<module>:531 - METHOD_BATCH epoch=170 step=100 adv_kd=0.019160393625497818 awp_adv_grad_norm=0.14632584154605865 awp_adv_nat_cos=0.13015323877334595 awp_gamma=0.002 awp_mix_adv_cos=0.781338632106781 awp_mix_grad_norm=0.20921260118484497 awp_nat_grad_norm=0.13169129192829132 awp_nat_weight=1.0 awp_relative_norm_max=0.0020000003278255463 clean_ce=0.1639053225517273 clean_ce_term=0.0006115420255810022 consistency_term=0.0025497772730886936 consistency_weight=0.75 js_raw=0.033997029066085815 lr=0.09566026510102077 nat_kd=0.013863739557564259 pcgrad_conflicts=0 push=0.026386206969618797 push_term=0.0021568085066974163 student_updates=1 teacher_ce=0.5396181643009186 teacher_lr=5.301723344371193e-05 teacher_margin=0.3343852162361145 teacher_margin_term=0.0021257882472127676 teacher_updates=1 temp_adv=1.1169999999999871 temp_nat=3.651999999999708 temperature_updates=1 total_loss=0.04046804830431938 views=2
2026-10-08 04:26:28.103 | INFO     | __main__:<module>:531 - METHOD_BATCH epoch=170 step=200 adv_kd=0.023544184863567352 awp_adv_grad_norm=0.16812793910503387 awp_adv_nat_cos=0.1495330035686493 awp_gamma=0.002 awp_mix_adv_cos=0.7151069641113281 awp_mix_grad_norm=0.27589428424835205 awp_nat_grad_norm=0.19504718482494354 awp_nat_weight=1.0 awp_relative_norm_max=0.0020000003278255463 clean_ce=0.1417071521282196 clean_ce_term=0.0005287191597744823 consistency_term=0.0029907727148383856 consistency_weight=0.75 js_raw=0.039876967668533325 lr=0.09566026510102077 nat_kd=0.01755174994468689 pcgrad_conflicts=0 push=0.029165606945753098 push_term=0.002383996732532978 student_updates=1 teacher_ce=0.6012789011001587 teacher_lr=5.301723344371193e-05 teacher_margin=0.45187467336654663 teacher_margin_term=0.002872704528272152 teacher_updates=1 temp_adv=1.1229999999999865 temp_nat=3.6459999999997086 temperature_updates=1 total_loss=0.049872126430273056 views=2
2026-10-08 04:27:57.686 | INFO     | __main__:<module>:531 - METHOD_BATCH epoch=170 step=300 adv_kd=0.025140056386590004 awp_adv_grad_norm=0.18278011679649353 awp_adv_nat_cos=0.23984481394290924 awp_gamma=0.002 awp_mix_adv_cos=0.781033456325531 awp_mix_grad_norm=0.2916317284107208 awp_nat_grad_norm=0.18759654462337494 awp_nat_weight=1.0 awp_relative_norm_max=0.0020000003278255463 clean_ce=0.14841966331005096 clean_ce_term=0.0005537639372050762 consistency_term=0.0022121258080005646 consistency_weight=0.75 js_raw=0.029495012015104294 lr=0.09566026510102077 nat_kd=0.017740176990628242 pcgrad_conflicts=0 push=0.04093281552195549 push_term=0.0033458482939749956 student_updates=1 teacher_ce=0.5837104022502899 teacher_lr=5.301723344371193e-05 teacher_margin=0.4970207214355469 teacher_margin_term=0.003159711603075266 teacher_updates=1 temp_adv=1.1249999999999862 temp_nat=3.643999999999709 temperature_updates=1 total_loss=0.05215168371796608 views=2
2026-10-08 04:29:17.985 | INFO     | __main__:<module>:1016 - TRAIN_EPOCH_RESOURCE epoch=170 seconds=350.012459466001 peak_allocated_bytes=3885782016
2026-10-08 04:29:17.985 | INFO     | __main__:<module>:516 - METHOD epoch=171 views=2 awp_gamma=0.002 consistency_weight=0.75 awp_nat_weight=1.0
2026-10-08 04:29:17.985 | INFO     | __main__:<module>:519 - the 171th epoch 
2026-10-08 04:29:18.932 | INFO     | __main__:<module>:531 - METHOD_BATCH epoch=171 step=0 adv_kd=0.018514979630708694 awp_adv_grad_norm=0.1260477751493454 awp_adv_nat_cos=0.1878294199705124 awp_gamma=0.002 awp_mix_adv_cos=0.8067477941513062 awp_mix_grad_norm=0.1816907674074173 awp_nat_grad_norm=0.10930580645799637 awp_nat_weight=1.0 awp_relative_norm_max=0.0020000003278255463 clean_ce=0.17340528964996338 clean_ce_term=0.000700902659446001 consistency_term=0.001814815797843039 consistency_weight=0.75 js_raw=0.024197543039917946 lr=0.09522268714746318 nat_kd=0.012391339987516403 pcgrad_conflicts=0 push=0.027409981936216354 push_term=0.002240492030978203 student_updates=1 teacher_ce=0.4993346929550171 teacher_lr=5.2389346862733105e-05 teacher_margin=0.38805925846099854 teacher_margin_term=0.002516350708901882 teacher_updates=1 temp_adv=1.1239999999999863 temp_nat=3.6449999999997087 temperature_updates=1 total_loss=0.038178879767656326 views=2
2026-10-08 04:30:48.473 | INFO     | __main__:<module>:531 - METHOD_BATCH epoch=171 step=100 adv_kd=0.021298035979270935 awp_adv_grad_norm=0.15451212227344513 awp_adv_nat_cos=0.04570977762341499 awp_gamma=0.002 awp_mix_adv_cos=0.8722743988037109 awp_mix_grad_norm=0.18180076777935028 awp_nat_grad_norm=0.08899667859077454 awp_nat_weight=1.0 awp_relative_norm_max=0.0020000003278255463 clean_ce=0.14134065806865692 clean_ce_term=0.0005712977144867182 consistency_term=0.0028752877842634916 consistency_weight=0.75 js_raw=0.03833717107772827 lr=0.09522268714746318 nat_kd=0.009351065382361412 pcgrad_conflicts=0 push=0.03919017314910889 push_term=0.0032034048344939947 student_updates=1 teacher_ce=0.545872688293457 teacher_lr=5.2389346862733105e-05 teacher_margin=0.4338819980621338 teacher_margin_term=0.0028134859167039394 teacher_updates=1 temp_adv=1.127999999999986 temp_nat=3.640999999999709 temperature_updates=1 total_loss=0.040112581104040146 views=2
2026-10-08 04:32:18.008 | INFO     | __main__:<module>:531 - METHOD_BATCH epoch=171 step=200 adv_kd=0.020455796271562576 awp_adv_grad_norm=0.14373178780078888 awp_adv_nat_cos=0.20554235577583313 awp_gamma=0.002 awp_mix_adv_cos=0.8223584294319153 awp_mix_grad_norm=0.20449577271938324 awp_nat_grad_norm=0.11889046430587769 awp_nat_weight=1.0 awp_relative_norm_max=0.0020000003278255463 clean_ce=0.14684057235717773 clean_ce_term=0.0005935282679274678 consistency_term=0.002323563676327467 consistency_weight=0.75 js_raw=0.030980847775936127 lr=0.09522268714746318 nat_kd=0.01405018288642168 pcgrad_conflicts=0 push=0.03213267773389816 push_term=0.002626525005325675 student_updates=1 teacher_ce=0.6013148128986359 teacher_lr=5.2389346862733105e-05 teacher_margin=0.40164506435394287 teacher_margin_term=0.002604447305202484 teacher_updates=1 temp_adv=1.1199999999999868 temp_nat=3.6489999999997083 temperature_updates=1 total_loss=0.042654041200876236 views=2
2026-10-08 04:33:47.547 | INFO     | __main__:<module>:531 - METHOD_BATCH epoch=171 step=300 adv_kd=0.023732928559184074 awp_adv_grad_norm=0.1742873340845108 awp_adv_nat_cos=0.1922786831855774 awp_gamma=0.002 awp_mix_adv_cos=0.9139204621315002 awp_mix_grad_norm=0.2088795155286789 awp_nat_grad_norm=0.08639497309923172 awp_nat_weight=1.0 awp_relative_norm_max=0.0020000003278255463 clean_ce=0.16157247126102448 clean_ce_term=0.0006530744722113013 consistency_term=0.002976799849420786 consistency_weight=0.75 js_raw=0.039690662175416946 lr=0.09522268714746318 nat_kd=0.009251851588487625 pcgrad_conflicts=0 push=0.037819813936948776 push_term=0.0030913916416466236 student_updates=1 teacher_ce=0.45819564163684845 teacher_lr=5.2389346862733105e-05 teacher_margin=0.46431758999824524 teacher_margin_term=0.0030108438804745674 teacher_updates=1 temp_adv=1.1339999999999852 temp_nat=3.63499999999971 temperature_updates=1 total_loss=0.04271689057350159 views=2
2026-10-08 04:35:07.820 | INFO     | __main__:<module>:1016 - TRAIN_EPOCH_RESOURCE epoch=171 seconds=349.8347643869929 peak_allocated_bytes=3885782016
2026-10-08 04:35:07.821 | INFO     | __main__:<module>:516 - METHOD epoch=172 views=2 awp_gamma=0.002 consistency_weight=0.75 awp_nat_weight=1.0
2026-10-08 04:35:07.821 | INFO     | __main__:<module>:519 - the 172th epoch 
2026-10-08 04:35:08.767 | INFO     | __main__:<module>:531 - METHOD_BATCH epoch=172 step=0 adv_kd=0.02182948775589466 awp_adv_grad_norm=0.161977156996727 awp_adv_nat_cos=0.16536353528499603 awp_gamma=0.002 awp_mix_adv_cos=0.8582885265350342 awp_mix_grad_norm=0.20974846184253693 awp_nat_grad_norm=0.10913863033056259 awp_nat_weight=1.0 awp_relative_norm_max=0.0020000003278255463 clean_ce=0.1394316405057907 clean_ce_term=0.0006069338996894658 consistency_term=0.0026784189976751804 consistency_weight=0.75 js_raw=0.03571225330233574 lr=0.09476520077165564 nat_kd=0.010888863354921341 pcgrad_conflicts=0 push=0.028459271416068077 push_term=0.0023262607865035534 student_updates=1 teacher_ce=0.5299539864063263 teacher_lr=5.1761096296524575e-05 teacher_margin=0.4270191788673401 teacher_margin_term=0.0028232778422534466 teacher_updates=1 temp_adv=1.1249999999999862 temp_nat=3.643999999999709 temperature_updates=1 total_loss=0.04115324094891548 views=2
2026-10-08 04:36:38.312 | INFO     | __main__:<module>:531 - METHOD_BATCH epoch=172 step=100 adv_kd=0.022503234446048737 awp_adv_grad_norm=0.172202005982399 awp_adv_nat_cos=0.09560714662075043 awp_gamma=0.002 awp_mix_adv_cos=0.871051013469696 awp_mix_grad_norm=0.2090151607990265 awp_nat_grad_norm=0.10313919931650162 awp_nat_weight=1.0 awp_relative_norm_max=0.0020000003278255463 clean_ce=0.14619004726409912 clean_ce_term=0.0006363526335917413 consistency_term=0.0020361270289868116 consistency_weight=0.75 js_raw=0.027148360386490822 lr=0.09476520077165564 nat_kd=0.010082162916660309 pcgrad_conflicts=0 push=0.044098325073719025 push_term=0.003604596946388483 student_updates=1 teacher_ce=0.513653576374054 teacher_lr=5.1761096296524575e-05 teacher_margin=0.44511306285858154 teacher_margin_term=0.0029429076239466667 teacher_updates=1 temp_adv=1.126999999999986 temp_nat=3.641999999999709 temperature_updates=1 total_loss=0.04180538281798363 views=2
2026-10-08 04:38:07.887 | INFO     | __main__:<module>:531 - METHOD_BATCH epoch=172 step=200 adv_kd=0.020621832460165024 awp_adv_grad_norm=0.1425388902425766 awp_adv_nat_cos=0.08310538530349731 awp_gamma=0.002 awp_mix_adv_cos=0.8457358479499817 awp_mix_grad_norm=0.1778986006975174 awp_nat_grad_norm=0.09525655955076218 awp_nat_weight=1.0 awp_relative_norm_max=0.0020000003278255463 clean_ce=0.14888989925384521 clean_ce_term=0.0006481049349531531 consistency_term=0.0026572023052722216 consistency_weight=0.75 js_raw=0.03542936220765114 lr=0.09476520077165564 nat_kd=0.01053486205637455 pcgrad_conflicts=0 push=0.03669747710227966 push_term=0.002999651711434126 student_updates=1 teacher_ce=0.5475353002548218 teacher_lr=5.1761096296524575e-05 teacher_margin=0.39971643686294556 teacher_margin_term=0.002642763312906027 teacher_updates=1 temp_adv=1.1249999999999862 temp_nat=3.643999999999709 temperature_updates=1 total_loss=0.04010441526770592 views=2
2026-10-08 04:39:37.413 | INFO     | __main__:<module>:531 - METHOD_BATCH epoch=172 step=300 adv_kd=0.020760614424943924 awp_adv_grad_norm=0.14131152629852295 awp_adv_nat_cos=0.220943421125412 awp_gamma=0.002 awp_mix_adv_cos=0.7740675210952759 awp_mix_grad_norm=0.2240753322839737 awp_nat_grad_norm=0.14545756578445435 awp_nat_weight=1.0 awp_relative_norm_max=0.0020000003278255463 clean_ce=0.1497155725955963 clean_ce_term=0.0006516989087685943 consistency_term=0.002176523907110095 consistency_weight=0.75 js_raw=0.029020316898822784 lr=0.09476520077165564 nat_kd=0.01904529705643654 pcgrad_conflicts=0 push=0.024650119245052338 push_term=0.002014900790527463 student_updates=1 teacher_ce=0.547750324010849 teacher_lr=5.1761096296524575e-05 teacher_margin=0.4094323217868805 teacher_margin_term=0.002707000821828842 teacher_updates=1 temp_adv=1.126999999999986 temp_nat=3.641999999999709 temperature_updates=1 total_loss=0.04735603183507919 views=2
2026-10-08 04:40:57.672 | INFO     | __main__:<module>:1016 - TRAIN_EPOCH_RESOURCE epoch=172 seconds=349.85138805699535 peak_allocated_bytes=3885782016
2026-10-08 04:40:57.672 | INFO     | __main__:<module>:516 - METHOD epoch=173 views=2 awp_gamma=0.002 consistency_weight=0.75 awp_nat_weight=1.0
2026-10-08 04:40:57.673 | INFO     | __main__:<module>:519 - the 173th epoch 
2026-10-08 04:40:58.619 | INFO     | __main__:<module>:531 - METHOD_BATCH epoch=173 step=0 adv_kd=0.018972942605614662 awp_adv_grad_norm=0.1360432207584381 awp_adv_nat_cos=0.1216881275177002 awp_gamma=0.002 awp_mix_adv_cos=0.8241736888885498 awp_mix_grad_norm=0.18025149405002594 awp_nat_grad_norm=0.10284744203090668 awp_nat_weight=1.0 awp_relative_norm_max=0.0020000003278255463 clean_ce=0.14629071950912476 clean_ce_term=0.0006822759751230478 consistency_term=0.002840562490746379 consistency_weight=0.75 js_raw=0.037874165922403336 lr=0.09428800819699468 nat_kd=0.010705072432756424 pcgrad_conflicts=0 push=0.029677797108888626 push_term=0.0024258631747215986 student_updates=1 teacher_ce=0.5479650795459747 teacher_lr=5.1132581274054204e-05 teacher_margin=0.34338587522506714 teacher_margin_term=0.0023139885161072016 teacher_updates=1 temp_adv=1.1239999999999863 temp_nat=3.6449999999997087 temperature_updates=1 total_loss=0.03794070705771446 views=2
2026-10-08 04:42:28.148 | INFO     | __main__:<module>:531 - METHOD_BATCH epoch=173 step=100 adv_kd=0.020495498552918434 awp_adv_grad_norm=0.148829385638237 awp_adv_nat_cos=0.11082547158002853 awp_gamma=0.002 awp_mix_adv_cos=0.8938724398612976 awp_mix_grad_norm=0.17636345326900482 awp_nat_grad_norm=0.0795576199889183 awp_nat_weight=1.0 awp_relative_norm_max=0.0020000003278255463 clean_ce=0.14393854141235352 clean_ce_term=0.0006713058101013303 consistency_term=0.0025189730804413557 consistency_weight=0.75 js_raw=0.03358630836009979 lr=0.09428800819699468 nat_kd=0.008710652589797974 pcgrad_conflicts=0 push=0.030872469767928123 push_term=0.0025235158391296864 student_updates=1 teacher_ce=0.49999620020389557 teacher_lr=5.1132581274054204e-05 teacher_margin=0.4189736843109131 teacher_margin_term=0.0028233553748577833 teacher_updates=1 temp_adv=1.1239999999999863 temp_nat=3.6449999999997087 temperature_updates=1 total_loss=0.03774330019950867 views=2
2026-10-08 04:43:57.680 | INFO     | __main__:<module>:531 - METHOD_BATCH epoch=173 step=200 adv_kd=0.02256060764193535 awp_adv_grad_norm=0.16232982277870178 awp_adv_nat_cos=0.14283199608325958 awp_gamma=0.002 awp_mix_adv_cos=0.8586052060127258 awp_mix_grad_norm=0.20688824355602264 awp_nat_grad_norm=0.10715735703706741 awp_nat_weight=1.0 awp_relative_norm_max=0.0020000003278255463 clean_ce=0.13883386552333832 clean_ce_term=0.0006474984111264348 consistency_term=0.0029525270219892263 consistency_weight=0.75 js_raw=0.03936702758073807 lr=0.09428800819699468 nat_kd=0.010209135711193085 pcgrad_conflicts=0 push=0.027249585837125778 push_term=0.0022273811046034098 student_updates=1 teacher_ce=0.5317718684673309 teacher_lr=5.1132581274054204e-05 teacher_margin=0.42827409505844116 teacher_margin_term=0.0028860284946858883 teacher_updates=1 temp_adv=1.1259999999999861 temp_nat=3.642999999999709 temperature_updates=1 total_loss=0.041483182460069656 views=2
2026-10-08 04:45:27.227 | INFO     | __main__:<module>:531 - METHOD_BATCH epoch=173 step=300 adv_kd=0.01898319087922573 awp_adv_grad_norm=0.1443232297897339 awp_adv_nat_cos=0.1104041263461113 awp_gamma=0.002 awp_mix_adv_cos=0.8159739375114441 awp_mix_grad_norm=0.19198094308376312 awp_nat_grad_norm=0.11166462302207947 awp_nat_weight=1.0 awp_relative_norm_max=0.0020000003278255463 clean_ce=0.14881235361099243 clean_ce_term=0.0006940364255569875 consistency_term=0.0021687482949346304 consistency_weight=0.75 js_raw=0.02891664393246174 lr=0.09428800819699468 nat_kd=0.011820472776889801 pcgrad_conflicts=0 push=0.025317668914794922 push_term=0.002069466281682253 student_updates=1 teacher_ce=0.5960837006568909 teacher_lr=5.1132581274054204e-05 teacher_margin=0.3353867530822754 teacher_margin_term=0.0022600844968110323 teacher_updates=1 temp_adv=1.1259999999999861 temp_nat=3.642999999999709 temperature_updates=1 total_loss=0.037995997816324234 views=2
2026-10-08 04:46:47.523 | INFO     | __main__:<module>:1016 - TRAIN_EPOCH_RESOURCE epoch=173 seconds=349.8504099738784 peak_allocated_bytes=3885782016
2026-10-08 04:46:47.524 | INFO     | __main__:<module>:516 - METHOD epoch=174 views=2 awp_gamma=0.002 consistency_weight=0.75 awp_nat_weight=1.0
2026-10-08 04:46:47.524 | INFO     | __main__:<module>:519 - the 174th epoch 
2026-10-08 04:46:48.470 | INFO     | __main__:<module>:531 - METHOD_BATCH epoch=174 step=0 adv_kd=0.020638391375541687 awp_adv_grad_norm=0.14138764142990112 awp_adv_nat_cos=0.21740366518497467 awp_gamma=0.002 awp_mix_adv_cos=0.8245952725410461 awp_mix_grad_norm=0.202389657497406 awp_nat_grad_norm=0.11730214953422546 awp_nat_weight=1.0 awp_relative_norm_max=0.0020000003278255463 clean_ce=0.14503516256809235 clean_ce_term=0.0007215149234980345 consistency_term=0.0030383241828531027 consistency_weight=0.75 js_raw=0.04051098972558975 lr=0.09379132035056717 nat_kd=0.012067236006259918 pcgrad_conflicts=0 push=0.028091847896575928 push_term=0.0022962274961173534 student_updates=1 teacher_ce=0.5440535843372345 teacher_lr=5.0503901356213796e-05 teacher_margin=0.43035098910331726 teacher_margin_term=0.0029547414742410183 teacher_updates=1 temp_adv=1.1289999999999858 temp_nat=3.6399999999997092 temperature_updates=1 total_loss=0.04171643778681755 views=2
2026-10-08 04:48:18.027 | INFO     | __main__:<module>:531 - METHOD_BATCH epoch=174 step=100 adv_kd=0.0208372063934803 awp_adv_grad_norm=0.1587800532579422 awp_adv_nat_cos=0.12535612285137177 awp_gamma=0.002 awp_mix_adv_cos=0.7742844820022583 awp_mix_grad_norm=0.22868305444717407 awp_nat_grad_norm=0.1458699107170105 awp_nat_weight=1.0 awp_relative_norm_max=0.0020000003278255463 clean_ce=0.15133784711360931 clean_ce_term=0.0007528692949563265 consistency_term=0.0033325881231576204 consistency_weight=0.75 js_raw=0.04443450644612312 lr=0.09379132035056717 nat_kd=0.014477061107754707 pcgrad_conflicts=0 push=0.031736455857753754 push_term=0.0025941377971321344 student_updates=1 teacher_ce=0.5335863530635834 teacher_lr=5.0503901356213796e-05 teacher_margin=0.40353938937187195 teacher_margin_term=0.002770656021311879 teacher_updates=1 temp_adv=1.126999999999986 temp_nat=3.641999999999709 temperature_updates=1 total_loss=0.04476451873779297 views=2
2026-10-08 04:49:47.563 | INFO     | __main__:<module>:531 - METHOD_BATCH epoch=174 step=200 adv_kd=0.02284238487482071 awp_adv_grad_norm=0.14352092146873474 awp_adv_nat_cos=0.14541566371917725 awp_gamma=0.002 awp_mix_adv_cos=0.850083589553833 awp_mix_grad_norm=0.18574482202529907 awp_nat_grad_norm=0.0988730639219284 awp_nat_weight=1.0 awp_relative_norm_max=0.0020000000949949026 clean_ce=0.14527180790901184 clean_ce_term=0.0007226922316476703 consistency_term=0.0022059381008148193 consistency_weight=0.75 js_raw=0.029412508010864258 lr=0.09379132035056717 nat_kd=0.010087858885526657 pcgrad_conflicts=0 push=0.039627403020858765 push_term=0.0032391438726335764 student_updates=1 teacher_ce=0.5290417969226837 teacher_lr=5.0503901356213796e-05 teacher_margin=0.4401237368583679 teacher_margin_term=0.0030218400061130524 teacher_updates=1 temp_adv=1.126999999999986 temp_nat=3.641999999999709 temperature_updates=1 total_loss=0.04211985692381859 views=2
2026-10-08 04:51:17.099 | INFO     | __main__:<module>:531 - METHOD_BATCH epoch=174 step=300 adv_kd=0.02661076933145523 awp_adv_grad_norm=0.18291239440441132 awp_adv_nat_cos=0.18195199966430664 awp_gamma=0.002 awp_mix_adv_cos=0.8246451616287231 awp_mix_grad_norm=0.2540532052516937 awp_nat_grad_norm=0.146144837141037 awp_nat_weight=1.0 awp_relative_norm_max=0.0020000003278255463 clean_ce=0.14100152254104614 clean_ce_term=0.0007014485308900476 consistency_term=0.002850233344361186 consistency_weight=0.75 js_raw=0.038003109395504 lr=0.09379132035056717 nat_kd=0.014496604911983013 pcgrad_conflicts=0 push=0.022533446550369263 push_term=0.0018418837571516633 student_updates=1 teacher_ce=0.5506652891635895 teacher_lr=5.0503901356213796e-05 teacher_margin=0.4847499132156372 teacher_margin_term=0.003328238381072879 teacher_updates=1 temp_adv=1.1169999999999871 temp_nat=3.651999999999708 temperature_updates=1 total_loss=0.04982917755842209 views=2
2026-10-08 04:52:37.369 | INFO     | __main__:<module>:1016 - TRAIN_EPOCH_RESOURCE epoch=174 seconds=349.84501809300855 peak_allocated_bytes=3885782016
2026-10-08 04:52:37.369 | INFO     | __main__:<module>:516 - METHOD epoch=175 views=2 awp_gamma=0.002 consistency_weight=0.75 awp_nat_weight=1.0
2026-10-08 04:52:37.369 | INFO     | __main__:<module>:519 - the 175th epoch 
2026-10-08 04:52:38.319 | INFO     | __main__:<module>:531 - METHOD_BATCH epoch=175 step=0 adv_kd=0.02010391652584076 awp_adv_grad_norm=0.13383141160011292 awp_adv_nat_cos=0.13743294775485992 awp_gamma=0.002 awp_mix_adv_cos=0.8824828267097473 awp_mix_grad_norm=0.16376365721225739 awp_nat_grad_norm=0.07776322215795517 awp_nat_weight=1.0 awp_relative_norm_max=0.0020000003278255463 clean_ce=0.1576269268989563 clean_ce_term=0.0008331657154485583 consistency_term=0.002691014437004924 consistency_weight=0.75 js_raw=0.0358801931142807 lr=0.09327535676897769 nat_kd=0.009271702729165554 pcgrad_conflicts=0 push=0.025794442743062973 push_term=0.002108437940478325 student_updates=1 teacher_ce=0.5410504639148712 teacher_lr=4.9875156119873e-05 teacher_margin=0.40564507246017456 teacher_margin_term=0.002836689818650484 teacher_updates=1 temp_adv=1.1239999999999863 temp_nat=3.6449999999997087 temperature_updates=1 total_loss=0.037844929844141006 views=2
2026-10-08 04:54:07.843 | INFO     | __main__:<module>:531 - METHOD_BATCH epoch=175 step=100 adv_kd=0.02266937866806984 awp_adv_grad_norm=0.15418414771556854 awp_adv_nat_cos=0.19168397784233093 awp_gamma=0.002 awp_mix_adv_cos=0.8912609219551086 awp_mix_grad_norm=0.19208389520645142 awp_nat_grad_norm=0.08875405788421631 awp_nat_weight=1.0 awp_relative_norm_max=0.0020000003278255463 clean_ce=0.12493415176868439 clean_ce_term=0.0006603620713576674 consistency_term=0.002327020512893796 consistency_weight=0.75 js_raw=0.031026940792798996 lr=0.09327535676897769 nat_kd=0.00987300556153059 pcgrad_conflicts=0 push=0.02974136546254158 push_term=0.002431059256196022 student_updates=1 teacher_ce=0.6566830277442932 teacher_lr=4.9875156119873e-05 teacher_margin=0.4689858555793762 teacher_margin_term=0.003279634052887559 teacher_updates=1 temp_adv=1.127999999999986 temp_nat=3.640999999999709 temperature_updates=1 total_loss=0.04124046117067337 views=2
2026-10-08 04:55:37.380 | INFO     | __main__:<module>:531 - METHOD_BATCH epoch=175 step=200 adv_kd=0.02761854976415634 awp_adv_grad_norm=0.18984924256801605 awp_adv_nat_cos=0.19000563025474548 awp_gamma=0.002 awp_mix_adv_cos=0.8894714117050171 awp_mix_grad_norm=0.23700661957263947 awp_nat_grad_norm=0.1103196069598198 awp_nat_weight=1.0 awp_relative_norm_max=0.0020000003278255463 clean_ce=0.14065591990947723 clean_ce_term=0.000743462354876101 consistency_term=0.0031327963806688786 consistency_weight=0.75 js_raw=0.04177061468362808 lr=0.09327535676897769 nat_kd=0.011054927483201027 pcgrad_conflicts=0 push=0.027046039700508118 push_term=0.002210743259638548 student_updates=1 teacher_ce=0.5104922950267792 teacher_lr=4.9875156119873e-05 teacher_margin=0.5139920115470886 teacher_margin_term=0.003594363573938608 teacher_updates=1 temp_adv=1.1299999999999857 temp_nat=3.6389999999997094 temperature_updates=1 total_loss=0.04835484176874161 views=2
2026-10-08 04:57:06.918 | INFO     | __main__:<module>:531 - METHOD_BATCH epoch=175 step=300 adv_kd=0.023136572912335396 awp_adv_grad_norm=0.15692314505577087 awp_adv_nat_cos=0.09653043746948242 awp_gamma=0.002 awp_mix_adv_cos=0.8572553396224976 awp_mix_grad_norm=0.19437557458877563 awp_nat_grad_norm=0.10055195540189743 awp_nat_weight=1.0 awp_relative_norm_max=0.0020000000949949026 clean_ce=0.15552999079227448 clean_ce_term=0.0008220819290727377 consistency_term=0.0024278461933135986 consistency_weight=0.75 js_raw=0.03237128257751465 lr=0.09327535676897769 nat_kd=0.009153085760772228 pcgrad_conflicts=0 push=0.027145106345415115 push_term=0.002218840876594186 student_updates=1 teacher_ce=0.49787425994873047 teacher_lr=4.9875156119873e-05 teacher_margin=0.4698616862297058 teacher_margin_term=0.003285758662968874 teacher_updates=1 temp_adv=1.1239999999999863 temp_nat=3.6449999999997087 temperature_updates=1 total_loss=0.04104418307542801 views=2
2026-10-08 04:58:27.200 | INFO     | __main__:<module>:1016 - TRAIN_EPOCH_RESOURCE epoch=175 seconds=349.83055528323166 peak_allocated_bytes=3885782016
2026-10-08 04:58:27.201 | INFO     | __main__:<module>:516 - METHOD epoch=176 views=2 awp_gamma=0.002 consistency_weight=0.75 awp_nat_weight=1.0
2026-10-08 04:58:27.201 | INFO     | __main__:<module>:519 - the 176th epoch 
2026-10-08 04:58:28.147 | INFO     | __main__:<module>:531 - METHOD_BATCH epoch=176 step=0 adv_kd=0.021705809980630875 awp_adv_grad_norm=0.1609305590391159 awp_adv_nat_cos=0.13105949759483337 awp_gamma=0.002 awp_mix_adv_cos=0.8987128138542175 awp_mix_grad_norm=0.19141575694084167 awp_nat_grad_norm=0.08467335253953934 awp_nat_weight=1.0 awp_relative_norm_max=0.0020000003278255463 clean_ce=0.1505410373210907 clean_ce_term=0.0008425184641964734 consistency_term=0.003986644092947245 consistency_weight=0.75 js_raw=0.05315525457262993 lr=0.09274034550033461 nat_kd=0.00982822198420763 pcgrad_conflicts=0 push=0.03395792096853256 push_term=0.0027757203206419945 student_updates=1 teacher_ce=0.5699974000453949 teacher_lr=4.924644514193185e-05 teacher_margin=0.4406929016113281 teacher_margin_term=0.0031378124840557575 teacher_updates=1 temp_adv=1.1229999999999865 temp_nat=3.6459999999997086 temperature_updates=1 total_loss=0.04227672889828682 views=2
2026-10-08 04:59:57.698 | INFO     | __main__:<module>:531 - METHOD_BATCH epoch=176 step=100 adv_kd=0.01930670440196991 awp_adv_grad_norm=0.13732129335403442 awp_adv_nat_cos=0.18470561504364014 awp_gamma=0.002 awp_mix_adv_cos=0.8590706586837769 awp_mix_grad_norm=0.1800055354833603 awp_nat_grad_norm=0.09375016391277313 awp_nat_weight=1.0 awp_relative_norm_max=0.0020000003278255463 clean_ce=0.14849820733070374 clean_ce_term=0.0008310856064781547 consistency_term=0.002388022607192397 consistency_weight=0.75 js_raw=0.03184030205011368 lr=0.09274034550033461 nat_kd=0.009706420823931694 pcgrad_conflicts=0 push=0.03384985029697418 push_term=0.0027668867260217667 student_updates=1 teacher_ce=0.4970759004354477 teacher_lr=4.924644514193185e-05 teacher_margin=0.4238538146018982 teacher_margin_term=0.0030179154127836227 teacher_updates=1 temp_adv=1.1249999999999862 temp_nat=3.643999999999709 temperature_updates=1 total_loss=0.03801703453063965 views=2
2026-10-08 05:01:27.203 | INFO     | __main__:<module>:531 - METHOD_BATCH epoch=176 step=200 adv_kd=0.025751419365406036 awp_adv_grad_norm=0.239548921585083 awp_adv_nat_cos=0.11208003759384155 awp_gamma=0.002 awp_mix_adv_cos=0.934545636177063 awp_mix_grad_norm=0.2678290009498596 awp_nat_grad_norm=0.09590941667556763 awp_nat_weight=1.0 awp_relative_norm_max=0.0020000003278255463 clean_ce=0.1344940960407257 clean_ce_term=0.0007527100970037282 consistency_term=0.00396367721259594 consistency_weight=0.75 js_raw=0.05284902825951576 lr=0.09274034550033461 nat_kd=0.009744590148329735 pcgrad_conflicts=0 push=0.03313609957695007 push_term=0.0027085449546575546 student_updates=1 teacher_ce=0.5211968123912811 teacher_lr=4.924644514193185e-05 teacher_margin=0.46238070726394653 teacher_margin_term=0.003292233683168888 teacher_updates=1 temp_adv=1.126999999999986 temp_nat=3.641999999999709 temperature_updates=1 total_loss=0.04621317982673645 views=2
2026-10-08 05:02:57.279 | INFO     | __main__:<module>:531 - METHOD_BATCH epoch=176 step=300 adv_kd=0.02486831694841385 awp_adv_grad_norm=0.18202322721481323 awp_adv_nat_cos=0.10506795346736908 awp_gamma=0.002 awp_mix_adv_cos=0.8604182004928589 awp_mix_grad_norm=0.22567319869995117 awp_nat_grad_norm=0.1156405434012413 awp_nat_weight=1.0 awp_relative_norm_max=0.0020000003278255463 clean_ce=0.1411406546831131 clean_ce_term=0.0007899082265794277 consistency_term=0.0026768753305077553 consistency_weight=0.75 js_raw=0.03569167107343674 lr=0.09274034550033461 nat_kd=0.011641202494502068 pcgrad_conflicts=0 push=0.027230501174926758 push_term=0.002225821139290929 student_updates=1 teacher_ce=0.5745285153388977 teacher_lr=4.924644514193185e-05 teacher_margin=0.465993195772171 teacher_margin_term=0.0033179554156959057 teacher_updates=1 temp_adv=1.118999999999987 temp_nat=3.649999999999708 temperature_updates=1 total_loss=0.04552007466554642 views=2
2026-10-08 05:04:18.872 | INFO     | __main__:<module>:1016 - TRAIN_EPOCH_RESOURCE epoch=176 seconds=351.6618323898874 peak_allocated_bytes=3885782016
2026-10-08 05:04:18.883 | INFO     | __main__:<module>:516 - METHOD epoch=177 views=2 awp_gamma=0.002 consistency_weight=0.75 awp_nat_weight=1.0
2026-10-08 05:04:18.883 | INFO     | __main__:<module>:519 - the 177th epoch 
2026-10-08 05:04:19.854 | INFO     | __main__:<module>:531 - METHOD_BATCH epoch=177 step=0 adv_kd=0.027274170890450478 awp_adv_grad_norm=0.21423591673374176 awp_adv_nat_cos=0.17552804946899414 awp_gamma=0.002 awp_mix_adv_cos=0.9281129240989685 awp_mix_grad_norm=0.24861039221286774 awp_nat_grad_norm=0.09401695430278778 awp_nat_weight=1.0 awp_relative_norm_max=0.0020000003278255463 clean_ce=0.16289576888084412 clean_ce_term=0.0009623109945096076 consistency_term=0.005709776189178228 consistency_weight=0.75 js_raw=0.07613034546375275 lr=0.09218652300243912 nat_kd=0.009645610116422176 pcgrad_conflicts=0 push=0.03147374838590622 push_term=0.002572664525359869 student_updates=1 teacher_ce=0.4221663773059845 teacher_lr=4.861786798337445e-05 teacher_margin=0.5144914388656616 teacher_margin_term=0.003728687297552824 teacher_updates=1 temp_adv=1.1319999999999855 temp_nat=3.6369999999997096 temperature_updates=1 total_loss=0.04989321902394295 views=2
2026-10-08 05:05:51.104 | INFO     | __main__:<module>:531 - METHOD_BATCH epoch=177 step=100 adv_kd=0.024624723941087723 awp_adv_grad_norm=0.17643028497695923 awp_adv_nat_cos=0.15870845317840576 awp_gamma=0.002 awp_mix_adv_cos=0.8937836289405823 awp_mix_grad_norm=0.21471653878688812 awp_nat_grad_norm=0.09753628820180893 awp_nat_weight=1.0 awp_relative_norm_max=0.0020000003278255463 clean_ce=0.15355323255062103 clean_ce_term=0.000907119654584676 consistency_term=0.0037005215417593718 consistency_weight=0.75 js_raw=0.04934028908610344 lr=0.09218652300243912 nat_kd=0.010670737363398075 pcgrad_conflicts=0 push=0.03323807194828987 push_term=0.002716879826039076 student_updates=1 teacher_ce=0.49414555728435516 teacher_lr=4.861786798337445e-05 teacher_margin=0.4954548478126526 teacher_margin_term=0.0035907228011637926 teacher_updates=1 temp_adv=1.1259999999999861 temp_nat=3.642999999999709 temperature_updates=1 total_loss=0.04621070623397827 views=2
2026-10-08 05:07:21.828 | INFO     | __main__:<module>:531 - METHOD_BATCH epoch=177 step=200 adv_kd=0.020513057708740234 awp_adv_grad_norm=0.16375166177749634 awp_adv_nat_cos=0.18584217131137848 awp_gamma=0.002 awp_mix_adv_cos=0.8409828543663025 awp_mix_grad_norm=0.22169102728366852 awp_nat_grad_norm=0.12207513302564621 awp_nat_weight=1.0 awp_relative_norm_max=0.0020000000949949026 clean_ce=0.16729235649108887 clean_ce_term=0.0009882838930934668 consistency_term=0.003042721888050437 consistency_weight=0.75 js_raw=0.04056962579488754 lr=0.09218652300243912 nat_kd=0.01295432448387146 pcgrad_conflicts=0 push=0.029533298686146736 push_term=0.0024140519089996815 student_updates=1 teacher_ce=0.5190054327249527 teacher_lr=4.861786798337445e-05 teacher_margin=0.3958885669708252 teacher_margin_term=0.0028691336046904325 teacher_updates=1 temp_adv=1.1259999999999861 temp_nat=3.642999999999709 temperature_updates=1 total_loss=0.04278156906366348 views=2
2026-10-08 05:08:52.651 | INFO     | __main__:<module>:531 - METHOD_BATCH epoch=177 step=300 adv_kd=0.02238231897354126 awp_adv_grad_norm=0.15880031883716583 awp_adv_nat_cos=0.21496158838272095 awp_gamma=0.002 awp_mix_adv_cos=0.8735482096672058 awp_mix_grad_norm=0.20719924569129944 awp_nat_grad_norm=0.10326580703258514 awp_nat_weight=1.0 awp_relative_norm_max=0.0020000003278255463 clean_ce=0.15886345505714417 clean_ce_term=0.0009384900331497192 consistency_term=0.0028633226174861193 consistency_weight=0.75 js_raw=0.03817763552069664 lr=0.09218652300243912 nat_kd=0.010104555636644363 pcgrad_conflicts=0 push=0.03805914521217346 push_term=0.003110954537987709 student_updates=1 teacher_ce=0.443922221660614 teacher_lr=4.861786798337445e-05 teacher_margin=0.4861315190792084 teacher_margin_term=0.003523153718560934 teacher_updates=1 temp_adv=1.1299999999999857 temp_nat=3.6389999999997094 temperature_updates=1 total_loss=0.042922794818878174 views=2
2026-10-08 05:10:14.126 | INFO     | __main__:<module>:1016 - TRAIN_EPOCH_RESOURCE epoch=177 seconds=355.24340352695435 peak_allocated_bytes=3885782016
2026-10-08 05:10:14.127 | INFO     | __main__:<module>:516 - METHOD epoch=178 views=2 awp_gamma=0.002 consistency_weight=0.75 awp_nat_weight=1.0
2026-10-08 05:10:14.127 | INFO     | __main__:<module>:519 - the 178th epoch 
2026-10-08 05:10:15.085 | INFO     | __main__:<module>:531 - METHOD_BATCH epoch=178 step=0 adv_kd=0.02031695283949375 awp_adv_grad_norm=0.1486867368221283 awp_adv_nat_cos=0.1839946061372757 awp_gamma=0.002 awp_mix_adv_cos=0.8863568305969238 awp_mix_grad_norm=0.18593113124370575 awp_nat_grad_norm=0.08758189529180527 awp_nat_weight=1.0 awp_relative_norm_max=0.0020000003278255463 clean_ce=0.15511225163936615 clean_ce_term=0.0009645575191825628 consistency_term=0.0023402280639857054 consistency_weight=0.75 js_raw=0.03120303899049759 lr=0.09161413403722336 nat_kd=0.009094111621379852 pcgrad_conflicts=0 push=0.03946299850940704 push_term=0.003225705586373806 student_updates=1 teacher_ce=0.48291395604610443 teacher_lr=4.7989524173326635e-05 teacher_margin=0.39813506603240967 teacher_margin_term=0.0029360358603298664 teacher_updates=1 temp_adv=1.1309999999999856 temp_nat=3.6379999999997095 temperature_updates=1 total_loss=0.038877591490745544 views=2
2026-10-08 05:11:46.008 | INFO     | __main__:<module>:531 - METHOD_BATCH epoch=178 step=100 adv_kd=0.020791299641132355 awp_adv_grad_norm=0.15382136404514313 awp_adv_nat_cos=0.14584270119667053 awp_gamma=0.002 awp_mix_adv_cos=0.6944365501403809 awp_mix_grad_norm=0.26144054532051086 awp_nat_grad_norm=0.19015368819236755 awp_nat_weight=1.0 awp_relative_norm_max=0.0020000003278255463 clean_ce=0.13134431838989258 clean_ce_term=0.0008167577907443047 consistency_term=0.0020646846387535334 consistency_weight=0.75 js_raw=0.027529127895832062 lr=0.09161413403722336 nat_kd=0.01832013763487339 pcgrad_conflicts=0 push=0.036837562918663025 push_term=0.003011102322489023 student_updates=1 teacher_ce=0.6814780533313751 teacher_lr=4.7989524173326635e-05 teacher_margin=0.41643452644348145 teacher_margin_term=0.0030709849670529366 teacher_updates=1 temp_adv=1.1329999999999854 temp_nat=3.6359999999997097 temperature_updates=1 total_loss=0.04807497188448906 views=2
2026-10-08 05:13:17.213 | INFO     | __main__:<module>:531 - METHOD_BATCH epoch=178 step=200 adv_kd=0.020693639293313026 awp_adv_grad_norm=0.15447749197483063 awp_adv_nat_cos=0.06689121574163437 awp_gamma=0.002 awp_mix_adv_cos=0.8588386178016663 awp_mix_grad_norm=0.18735969066619873 awp_nat_grad_norm=0.09618972986936569 awp_nat_weight=1.0 awp_relative_norm_max=0.0020000003278255463 clean_ce=0.158221036195755 clean_ce_term=0.0009838893311098218 consistency_term=0.0027371759060770273 consistency_weight=0.75 js_raw=0.03649567812681198 lr=0.09161413403722336 nat_kd=0.01018155924975872 pcgrad_conflicts=0 push=0.037279389798641205 push_term=0.0030472171492874622 student_updates=1 teacher_ce=0.5179652273654938 teacher_lr=4.7989524173326635e-05 teacher_margin=0.4102247953414917 teacher_margin_term=0.0030251911375671625 teacher_updates=1 temp_adv=1.1249999999999862 temp_nat=3.643999999999709 temperature_updates=1 total_loss=0.04066867753863335 views=2
2026-10-08 05:14:47.788 | INFO     | __main__:<module>:531 - METHOD_BATCH epoch=178 step=300 adv_kd=0.024122605100274086 awp_adv_grad_norm=0.16043218970298767 awp_adv_nat_cos=0.15905475616455078 awp_gamma=0.002 awp_mix_adv_cos=0.8789823651313782 awp_mix_grad_norm=0.20000067353248596 awp_nat_grad_norm=0.09660099446773529 awp_nat_weight=1.0 awp_relative_norm_max=0.0020000003278255463 clean_ce=0.13433942198753357 clean_ce_term=0.0008353827288374305 consistency_term=0.002558596897870302 consistency_weight=0.75 js_raw=0.03411462530493736 lr=0.09161413403722336 nat_kd=0.011136732995510101 pcgrad_conflicts=0 push=0.0377236008644104 push_term=0.003083527088165283 student_updates=1 teacher_ce=0.5002842992544174 teacher_lr=4.7989524173326635e-05 teacher_margin=0.48232370615005493 teacher_margin_term=0.0035568824969232082 teacher_updates=1 temp_adv=1.126999999999986 temp_nat=3.641999999999709 temperature_updates=1 total_loss=0.04529372602701187 views=2
2026-10-08 05:16:08.877 | INFO     | __main__:<module>:1016 - TRAIN_EPOCH_RESOURCE epoch=178 seconds=354.74928026413545 peak_allocated_bytes=3885782016
2026-10-08 05:16:08.877 | INFO     | __main__:<module>:516 - METHOD epoch=179 views=2 awp_gamma=0.002 consistency_weight=0.75 awp_nat_weight=1.0
2026-10-08 05:16:08.877 | INFO     | __main__:<module>:519 - the 179th epoch 
2026-10-08 05:16:09.869 | INFO     | __main__:<module>:531 - METHOD_BATCH epoch=179 step=0 adv_kd=0.02820456773042679 awp_adv_grad_norm=0.23231984674930573 awp_adv_nat_cos=0.14794470369815826 awp_gamma=0.002 awp_mix_adv_cos=0.9220023155212402 awp_mix_grad_norm=0.268862783908844 awp_nat_grad_norm=0.10525766015052795 awp_nat_weight=1.0 awp_relative_norm_max=0.0020000003278255463 clean_ce=0.14627963304519653 clean_ce_term=0.0009551140246912837 consistency_term=0.0034576125908643007 consistency_weight=0.75 js_raw=0.04610150307416916 lr=0.09102343156148424 nat_kd=0.010438350960612297 pcgrad_conflicts=0 push=0.025559009984135628 push_term=0.002089193556457758 student_updates=1 teacher_ce=0.5332330465316772 teacher_lr=4.736151319312001e-05 teacher_margin=0.4147513508796692 teacher_margin_term=0.00311130634509027 teacher_updates=1 temp_adv=1.1259999999999861 temp_nat=3.642999999999709 temperature_updates=1 total_loss=0.048256147652864456 views=2
2026-10-08 05:17:41.090 | INFO     | __main__:<module>:531 - METHOD_BATCH epoch=179 step=100 adv_kd=0.018578115850687027 awp_adv_grad_norm=0.14643660187721252 awp_adv_nat_cos=0.09025180339813232 awp_gamma=0.002 awp_mix_adv_cos=0.8615370392799377 awp_mix_grad_norm=0.17956028878688812 awp_nat_grad_norm=0.09153538942337036 awp_nat_weight=1.0 awp_relative_norm_max=0.0020000003278255463 clean_ce=0.15025711059570312 clean_ce_term=0.0009810843039304018 consistency_term=0.0026614286471158266 consistency_weight=0.75 js_raw=0.03548571467399597 lr=0.09102343156148424 nat_kd=0.009572861716151237 pcgrad_conflicts=0 push=0.029716897755861282 push_term=0.0024290592409670353 student_updates=1 teacher_ce=0.5268849432468414 teacher_lr=4.736151319312001e-05 teacher_margin=0.4062560796737671 teacher_margin_term=0.0030475780367851257 teacher_updates=1 temp_adv=1.1299999999999857 temp_nat=3.6389999999997094 temperature_updates=1 total_loss=0.03727012872695923 views=2
2026-10-08 05:19:12.025 | INFO     | __main__:<module>:531 - METHOD_BATCH epoch=179 step=200 adv_kd=0.025832055136561394 awp_adv_grad_norm=0.2016967535018921 awp_adv_nat_cos=0.11903073638677597 awp_gamma=0.002 awp_mix_adv_cos=0.8868349194526672 awp_mix_grad_norm=0.24258768558502197 awp_nat_grad_norm=0.11289911717176437 awp_nat_weight=1.0 awp_relative_norm_max=0.0020000003278255463 clean_ce=0.1309800148010254 clean_ce_term=0.0008552171057090163 consistency_term=0.004412259440869093 consistency_weight=0.75 js_raw=0.05883012339472771 lr=0.09102343156148424 nat_kd=0.011788047850131989 pcgrad_conflicts=0 push=0.04240509867668152 push_term=0.0034661926329135895 student_updates=1 teacher_ce=0.5091188699007034 teacher_lr=4.736151319312001e-05 teacher_margin=0.46345055103302 teacher_margin_term=0.003476628800854087 teacher_updates=1 temp_adv=1.1299999999999857 temp_nat=3.6389999999997094 temperature_updates=1 total_loss=0.04983040317893028 views=2
2026-10-08 05:20:43.235 | INFO     | __main__:<module>:531 - METHOD_BATCH epoch=179 step=300 adv_kd=0.025593910366296768 awp_adv_grad_norm=0.17144347727298737 awp_adv_nat_cos=0.15363305807113647 awp_gamma=0.002 awp_mix_adv_cos=0.8648622035980225 awp_mix_grad_norm=0.21789683401584625 awp_nat_grad_norm=0.11070049554109573 awp_nat_weight=1.0 awp_relative_norm_max=0.0020000003278255463 clean_ce=0.146861732006073 clean_ce_term=0.0009589147521182895 consistency_term=0.0022160240914672613 consistency_weight=0.75 js_raw=0.029546987265348434 lr=0.09102343156148424 nat_kd=0.011150425300002098 pcgrad_conflicts=0 push=0.031509097665548325 push_term=0.0025755534879863262 student_updates=1 teacher_ce=0.5954622626304626 teacher_lr=4.736151319312001e-05 teacher_margin=0.47430384159088135 teacher_margin_term=0.0035580461844801903 teacher_updates=1 temp_adv=1.127999999999986 temp_nat=3.640999999999709 temperature_updates=1 total_loss=0.04605286940932274 views=2
2026-10-08 05:22:04.495 | INFO     | __main__:<module>:1016 - TRAIN_EPOCH_RESOURCE epoch=179 seconds=355.6172241580207 peak_allocated_bytes=3885782016
2026-10-08 05:22:04.495 | INFO     | __main__:<module>:516 - METHOD epoch=180 views=2 awp_gamma=0.002 consistency_weight=0.75 awp_nat_weight=1.0
2026-10-08 05:22:04.495 | INFO     | __main__:<module>:519 - the 180th epoch 
2026-10-08 05:22:05.456 | INFO     | __main__:<module>:531 - METHOD_BATCH epoch=180 step=0 adv_kd=0.024509062990546227 awp_adv_grad_norm=0.19457225501537323 awp_adv_nat_cos=0.10522454977035522 awp_gamma=0.002 awp_mix_adv_cos=0.894256591796875 awp_mix_grad_norm=0.22974643111228943 awp_nat_grad_norm=0.10339807718992233 awp_nat_weight=1.0 awp_relative_norm_max=0.0020000003278255463 clean_ce=0.12424729019403458 clean_ce_term=0.0008498879033140838 consistency_term=0.0033682615030556917 consistency_weight=0.75 js_raw=0.04491015523672104 lr=0.09041467661396314 nat_kd=0.011128309182822704 pcgrad_conflicts=0 push=0.03565997630357742 push_term=0.0029148466419428587 student_updates=1 teacher_ce=0.6815009117126465 teacher_lr=4.673393446036483e-05 teacher_margin=0.3726140558719635 teacher_margin_term=0.0028425846248865128 teacher_updates=1 temp_adv=1.1309999999999856 temp_nat=3.6379999999997095 temperature_updates=1 total_loss=0.04561295360326767 views=2
2026-10-08 05:23:36.038 | INFO     | __main__:<module>:531 - METHOD_BATCH epoch=180 step=100 adv_kd=0.02333027869462967 awp_adv_grad_norm=0.17000244557857513 awp_adv_nat_cos=0.1252795308828354 awp_gamma=0.002 awp_mix_adv_cos=0.7741157412528992 awp_mix_grad_norm=0.24489738047122955 awp_nat_grad_norm=0.15626198053359985 awp_nat_weight=1.0 awp_relative_norm_max=0.0020000003278255463 clean_ce=0.14038166403770447 clean_ce_term=0.0009602517820894718 consistency_term=0.003109010634943843 consistency_weight=0.75 js_raw=0.04145347699522972 lr=0.09041467661396314 nat_kd=0.01585497334599495 pcgrad_conflicts=0 push=0.033069949597120285 push_term=0.002703137695789337 student_updates=1 teacher_ce=0.6358241438865662 teacher_lr=4.673393446036483e-05 teacher_margin=0.4597080647945404 teacher_margin_term=0.003507004352286458 teacher_updates=1 temp_adv=1.1249999999999862 temp_nat=3.643999999999709 temperature_updates=1 total_loss=0.04946465417742729 views=2
2026-10-08 05:25:06.676 | INFO     | __main__:<module>:531 - METHOD_BATCH epoch=180 step=200 adv_kd=0.02143009565770626 awp_adv_grad_norm=0.14465393126010895 awp_adv_nat_cos=0.1756521761417389 awp_gamma=0.002 awp_mix_adv_cos=0.7207332253456116 awp_mix_grad_norm=0.24228286743164062 awp_nat_grad_norm=0.1706061065196991 awp_nat_weight=1.0 awp_relative_norm_max=0.0020000003278255463 clean_ce=0.14725077152252197 clean_ce_term=0.0010072384029626846 consistency_term=0.0020237357821315527 consistency_weight=0.75 js_raw=0.026983141899108887 lr=0.09041467661396314 nat_kd=0.017457574605941772 pcgrad_conflicts=1 push=0.029687024652957916 push_term=0.0024266173131763935 student_updates=1 teacher_ce=0.6068334579467773 teacher_lr=4.673393446036483e-05 teacher_margin=0.3954192101955414 teacher_margin_term=0.00301655987277627 teacher_updates=1 temp_adv=1.1249999999999862 temp_nat=3.643999999999709 temperature_updates=1 total_loss=0.047361820936203 views=2
2026-10-08 05:26:37.119 | INFO     | __main__:<module>:531 - METHOD_BATCH epoch=180 step=300 adv_kd=0.02984537184238434 awp_adv_grad_norm=0.21797505021095276 awp_adv_nat_cos=0.1285542994737625 awp_gamma=0.002 awp_mix_adv_cos=0.9118795990943909 awp_mix_grad_norm=0.25385135412216187 awp_nat_grad_norm=0.10506705939769745 awp_nat_weight=1.0 awp_relative_norm_max=0.0020000003278255463 clean_ce=0.11917448788881302 clean_ce_term=0.0008151884539984167 consistency_term=0.004623884800821543 consistency_weight=0.75 js_raw=0.061651796102523804 lr=0.09041467661396314 nat_kd=0.010752756148576736 pcgrad_conflicts=0 push=0.041448161005973816 push_term=0.0033879727125167847 student_updates=1 teacher_ce=0.6009301543235779 teacher_lr=4.673393446036483e-05 teacher_margin=0.5390273928642273 teacher_margin_term=0.0041121128015220165 teacher_updates=1 temp_adv=1.1349999999999851 temp_nat=3.63399999999971 temperature_updates=1 total_loss=0.053537290543317795 views=2
2026-10-08 05:27:57.306 | INFO     | __main__:<module>:1016 - TRAIN_EPOCH_RESOURCE epoch=180 seconds=352.8106912500225 peak_allocated_bytes=3885782016
2026-10-08 05:27:57.306 | INFO     | __main__:<module>:516 - METHOD epoch=181 views=2 awp_gamma=0.002 consistency_weight=0.75 awp_nat_weight=1.0
2026-10-08 05:27:57.307 | INFO     | __main__:<module>:519 - the 181th epoch 
2026-10-08 05:27:58.253 | INFO     | __main__:<module>:531 - METHOD_BATCH epoch=181 step=0 adv_kd=0.01784602552652359 awp_adv_grad_norm=0.12970086932182312 awp_adv_nat_cos=0.13514535129070282 awp_gamma=0.002 awp_mix_adv_cos=0.8551890254020691 awp_mix_grad_norm=0.1653309017419815 awp_nat_grad_norm=0.08648712188005447 awp_nat_weight=1.0 awp_relative_norm_max=0.0020000003278255463 clean_ce=0.15950804948806763 clean_ce_term=0.0011406764388084412 consistency_term=0.0015296908095479012 consistency_weight=0.75 js_raw=0.020395876839756966 lr=0.08978813819882181 nat_kd=0.008872667327523232 pcgrad_conflicts=0 push=0.033285051584243774 push_term=0.0027207201346755028 student_updates=1 teacher_ce=0.42721450328826904 teacher_lr=4.6106887313034546e-05 teacher_margin=0.37223905324935913 teacher_margin_term=0.0028870527166873217 teacher_updates=1 temp_adv=1.1399999999999846 temp_nat=3.6289999999997105 temperature_updates=1 total_loss=0.03499683365225792 views=2
2026-10-08 05:29:27.694 | INFO     | __main__:<module>:531 - METHOD_BATCH epoch=181 step=100 adv_kd=0.019848814234137535 awp_adv_grad_norm=0.1464250087738037 awp_adv_nat_cos=0.0521894134581089 awp_gamma=0.002 awp_mix_adv_cos=0.8019091486930847 awp_mix_grad_norm=0.1899929940700531 awp_nat_grad_norm=0.11366543918848038 awp_nat_weight=1.0 awp_relative_norm_max=0.0020000003278255463 clean_ce=0.14939069747924805 clean_ce_term=0.0010683250147849321 consistency_term=0.002016125712543726 consistency_weight=0.75 js_raw=0.02688167616724968 lr=0.08978813819882181 nat_kd=0.010669149458408356 pcgrad_conflicts=0 push=0.030151624232530594 push_term=0.002464593853801489 student_updates=1 teacher_ce=0.6147744357585907 teacher_lr=4.6106887313034546e-05 teacher_margin=0.3592502176761627 teacher_margin_term=0.0027863122522830963 teacher_updates=1 temp_adv=1.1259999999999861 temp_nat=3.642999999999709 temperature_updates=1 total_loss=0.038853324949741364 views=2
2026-10-08 05:30:57.126 | INFO     | __main__:<module>:531 - METHOD_BATCH epoch=181 step=200 adv_kd=0.021832577884197235 awp_adv_grad_norm=0.14702913165092468 awp_adv_nat_cos=0.19802804291248322 awp_gamma=0.002 awp_mix_adv_cos=0.7669799327850342 awp_mix_grad_norm=0.23069046437740326 awp_nat_grad_norm=0.15101812779903412 awp_nat_weight=1.0 awp_relative_norm_max=0.0020000003278255463 clean_ce=0.1499539017677307 clean_ce_term=0.0010723526356741786 consistency_term=0.0022779491264373064 consistency_weight=0.75 js_raw=0.030372653156518936 lr=0.08978813819882181 nat_kd=0.015250463970005512 pcgrad_conflicts=0 push=0.0238305926322937 push_term=0.0019479126203805208 student_updates=1 teacher_ce=0.5149877071380615 teacher_lr=4.6106887313034546e-05 teacher_margin=0.44912469387054443 teacher_margin_term=0.0034833706449717283 teacher_updates=1 temp_adv=1.127999999999986 temp_nat=3.640999999999709 temperature_updates=1 total_loss=0.04586462676525116 views=2
2026-10-08 05:32:26.593 | INFO     | __main__:<module>:531 - METHOD_BATCH epoch=181 step=300 adv_kd=0.026793532073497772 awp_adv_grad_norm=0.1934213787317276 awp_adv_nat_cos=0.15316472947597504 awp_gamma=0.002 awp_mix_adv_cos=0.8778087496757507 awp_mix_grad_norm=0.24070408940315247 awp_nat_grad_norm=0.11667671799659729 awp_nat_weight=1.0 awp_relative_norm_max=0.0020000003278255463 clean_ce=0.1495686024427414 clean_ce_term=0.0010695972014218569 consistency_term=0.002391408896073699 consistency_weight=0.75 js_raw=0.03188544884324074 lr=0.08978813819882181 nat_kd=0.012453286908566952 pcgrad_conflicts=0 push=0.020986467599868774 push_term=0.001715433900244534 student_updates=1 teacher_ce=0.5230457782745361 teacher_lr=4.6106887313034546e-05 teacher_margin=0.5236167907714844 teacher_margin_term=0.004061124287545681 teacher_updates=1 temp_adv=1.1299999999999857 temp_nat=3.6389999999997094 temperature_updates=1 total_loss=0.048484381288290024 views=2
2026-10-08 05:33:46.771 | INFO     | __main__:<module>:1016 - TRAIN_EPOCH_RESOURCE epoch=181 seconds=349.46447798912413 peak_allocated_bytes=3885782016
2026-10-08 05:33:46.772 | INFO     | __main__:<module>:516 - METHOD epoch=182 views=2 awp_gamma=0.002 consistency_weight=0.75 awp_nat_weight=1.0
2026-10-08 05:33:46.772 | INFO     | __main__:<module>:519 - the 182th epoch 
2026-10-08 05:33:47.718 | INFO     | __main__:<module>:531 - METHOD_BATCH epoch=182 step=0 adv_kd=0.02253330871462822 awp_adv_grad_norm=0.1532706469297409 awp_adv_nat_cos=0.15839724242687225 awp_gamma=0.002 awp_mix_adv_cos=0.8421857357025146 awp_mix_grad_norm=0.20282264053821564 awp_nat_grad_norm=0.11075770109891891 awp_nat_weight=1.0 awp_relative_norm_max=0.0020000003278255463 clean_ce=0.1482328474521637 clean_ce_term=0.0011061339173465967 consistency_term=0.0028504624497145414 consistency_weight=0.75 js_raw=0.038006167858839035 lr=0.08914409316556651 nat_kd=0.012128489091992378 pcgrad_conflicts=0 push=0.035803377628326416 push_term=0.0029265680350363255 student_updates=1 teacher_ce=0.5758286416530609 teacher_lr=4.5480470993564535e-05 teacher_margin=0.43543243408203125 teacher_margin_term=0.003432538127526641 teacher_updates=1 temp_adv=1.1329999999999854 temp_nat=3.6359999999997097 temperature_updates=1 total_loss=0.04497750103473663 views=2
2026-10-08 05:35:17.139 | INFO     | __main__:<module>:531 - METHOD_BATCH epoch=182 step=100 adv_kd=0.02739965356886387 awp_adv_grad_norm=0.1901770383119583 awp_adv_nat_cos=0.18344208598136902 awp_gamma=0.002 awp_mix_adv_cos=0.8243777751922607 awp_mix_grad_norm=0.2645941972732544 awp_nat_grad_norm=0.1523563116788864 awp_nat_weight=1.0 awp_relative_norm_max=0.0020000000949949026 clean_ce=0.12499017268419266 clean_ce_term=0.0009326938888989389 consistency_term=0.00340491090901196 consistency_weight=0.75 js_raw=0.045398812741041183 lr=0.08914409316556651 nat_kd=0.0150042325258255 pcgrad_conflicts=0 push=0.027901865541934967 push_term=0.002280698623508215 student_updates=1 teacher_ce=0.6061686873435974 teacher_lr=4.5480470993564535e-05 teacher_margin=0.5515022277832031 teacher_margin_term=0.004347522743046284 teacher_updates=1 temp_adv=1.1229999999999865 temp_nat=3.6459999999997086 temperature_updates=1 total_loss=0.053369712084531784 views=2
2026-10-08 05:36:46.583 | INFO     | __main__:<module>:531 - METHOD_BATCH epoch=182 step=200 adv_kd=0.020589731633663177 awp_adv_grad_norm=0.1506204605102539 awp_adv_nat_cos=0.126569002866745 awp_gamma=0.002 awp_mix_adv_cos=0.8478623628616333 awp_mix_grad_norm=0.1930513232946396 awp_nat_grad_norm=0.10318882018327713 awp_nat_weight=1.0 awp_relative_norm_max=0.0020000003278255463 clean_ce=0.15311560034751892 clean_ce_term=0.0011425695847719908 consistency_term=0.0025753420777618885 consistency_weight=0.75 js_raw=0.03433789312839508 lr=0.08914409316556651 nat_kd=0.010817313566803932 pcgrad_conflicts=0 push=0.03455237299203873 push_term=0.002824310678988695 student_updates=1 teacher_ce=0.4438437223434448 teacher_lr=4.5480470993564535e-05 teacher_margin=0.46425873041152954 teacher_margin_term=0.00365977780893445 teacher_updates=1 temp_adv=1.1289999999999858 temp_nat=3.6399999999997092 temperature_updates=1 total_loss=0.04160904884338379 views=2
2026-10-08 05:38:16.030 | INFO     | __main__:<module>:531 - METHOD_BATCH epoch=182 step=300 adv_kd=0.026055537164211273 awp_adv_grad_norm=0.19178111851215363 awp_adv_nat_cos=0.21459850668907166 awp_gamma=0.002 awp_mix_adv_cos=0.6518208384513855 awp_mix_grad_norm=0.39526769518852234 awp_nat_grad_norm=0.3069106638431549 awp_nat_weight=1.0 awp_relative_norm_max=0.0020000003278255463 clean_ce=0.1492467224597931 clean_ce_term=0.0011136996326968074 consistency_term=0.0028878417797386646 consistency_weight=0.75 js_raw=0.03850455582141876 lr=0.08914409316556651 nat_kd=0.025798454880714417 pcgrad_conflicts=0 push=0.024169307202100754 push_term=0.0019755992107093334 student_updates=1 teacher_ce=0.5658063590526581 teacher_lr=4.5480470993564535e-05 teacher_margin=0.5254237651824951 teacher_margin_term=0.004141945391893387 teacher_updates=1 temp_adv=1.1289999999999858 temp_nat=3.6399999999997092 temperature_updates=1 total_loss=0.061973076313734055 views=2
2026-10-08 05:39:36.232 | INFO     | __main__:<module>:1016 - TRAIN_EPOCH_RESOURCE epoch=182 seconds=349.46015650988556 peak_allocated_bytes=3885782016
2026-10-08 05:39:36.232 | INFO     | __main__:<module>:516 - METHOD epoch=183 views=2 awp_gamma=0.002 consistency_weight=0.75 awp_nat_weight=1.0
2026-10-08 05:39:36.233 | INFO     | __main__:<module>:519 - the 183th epoch 
2026-10-08 05:39:37.178 | INFO     | __main__:<module>:531 - METHOD_BATCH epoch=183 step=0 adv_kd=0.021961763501167297 awp_adv_grad_norm=0.15269699692726135 awp_adv_nat_cos=0.0797644704580307 awp_gamma=0.002 awp_mix_adv_cos=0.8975371718406677 awp_mix_grad_norm=0.1770906001329422 awp_nat_grad_norm=0.07833569496870041 awp_nat_weight=1.0 awp_relative_norm_max=0.0020000003278255463 clean_ce=0.14319926500320435 clean_ce_term=0.001113096484914422 consistency_term=0.002777456073090434 consistency_weight=0.75 js_raw=0.03703274950385094 lr=0.08848282608547543 nat_kd=0.008448392152786255 pcgrad_conflicts=0 push=0.04521650820970535 push_term=0.0036959971766918898 student_updates=1 teacher_ce=0.4826269745826721 teacher_lr=4.485478463296722e-05 teacher_margin=0.48316484689712524 teacher_margin_term=0.003870248096063733 teacher_updates=1 temp_adv=1.1319999999999855 temp_nat=3.6369999999997096 temperature_updates=1 total_loss=0.041866958141326904 views=2
2026-10-08 05:41:06.698 | INFO     | __main__:<module>:531 - METHOD_BATCH epoch=183 step=100 adv_kd=0.02237384021282196 awp_adv_grad_norm=0.17618204653263092 awp_adv_nat_cos=0.14406883716583252 awp_gamma=0.002 awp_mix_adv_cos=0.8690274953842163 awp_mix_grad_norm=0.22105763852596283 awp_nat_grad_norm=0.11052433401346207 awp_nat_weight=1.0 awp_relative_norm_max=0.0020000003278255463 clean_ce=0.1477172076702118 clean_ce_term=0.0011482147965580225 consistency_term=0.0031429938971996307 consistency_weight=0.75 js_raw=0.041906584054231644 lr=0.08848282608547543 nat_kd=0.012234648689627647 pcgrad_conflicts=0 push=0.037736307829618454 push_term=0.003084565745666623 student_updates=1 teacher_ce=0.5925949811935425 teacher_lr=4.485478463296722e-05 teacher_margin=0.42819714546203613 teacher_margin_term=0.003429945558309555 teacher_updates=1 temp_adv=1.1299999999999857 temp_nat=3.6389999999997094 temperature_updates=1 total_loss=0.04541420564055443 views=2
2026-10-08 05:42:36.256 | INFO     | __main__:<module>:531 - METHOD_BATCH epoch=183 step=200 adv_kd=0.01848459616303444 awp_adv_grad_norm=0.1400991827249527 awp_adv_nat_cos=0.16826343536376953 awp_gamma=0.002 awp_mix_adv_cos=0.860400915145874 awp_mix_grad_norm=0.18114463984966278 awp_nat_grad_norm=0.09364978224039078 awp_nat_weight=1.0 awp_relative_norm_max=0.0020000003278255463 clean_ce=0.15397335588932037 clean_ce_term=0.001196844270452857 consistency_term=0.0026214944664388895 consistency_weight=0.75 js_raw=0.03495325893163681 lr=0.08848282608547543 nat_kd=0.010124078951776028 pcgrad_conflicts=0 push=0.03464891016483307 push_term=0.002832201775163412 student_updates=1 teacher_ce=0.5615277588367462 teacher_lr=4.485478463296722e-05 teacher_margin=0.3878999948501587 teacher_margin_term=0.0031071575358510017 teacher_updates=1 temp_adv=1.1299999999999857 temp_nat=3.6389999999997094 temperature_updates=1 total_loss=0.038366369903087616 views=2
2026-10-08 05:44:05.796 | INFO     | __main__:<module>:531 - METHOD_BATCH epoch=183 step=300 adv_kd=0.021085100248456 awp_adv_grad_norm=0.14253507554531097 awp_adv_nat_cos=0.16580818593502045 awp_gamma=0.002 awp_mix_adv_cos=0.7788681983947754 awp_mix_grad_norm=0.21165983378887177 awp_nat_grad_norm=0.13461372256278992 awp_nat_weight=1.0 awp_relative_norm_max=0.0020000003278255463 clean_ce=0.13626568019390106 clean_ce_term=0.0010592013131827116 consistency_term=0.002388723660260439 consistency_weight=0.75 js_raw=0.03184964880347252 lr=0.08848282608547543 nat_kd=0.01312219724059105 pcgrad_conflicts=0 push=0.03132964298129082 push_term=0.0025608849246054888 student_updates=1 teacher_ce=0.4771759659051895 teacher_lr=4.485478463296722e-05 teacher_margin=0.41676032543182373 teacher_margin_term=0.0033383346162736416 teacher_updates=1 temp_adv=1.1259999999999861 temp_nat=3.642999999999709 temperature_updates=1 total_loss=0.04355444014072418 views=2
2026-10-08 05:45:26.100 | INFO     | __main__:<module>:1016 - TRAIN_EPOCH_RESOURCE epoch=183 seconds=349.86768427700736 peak_allocated_bytes=3885782016
2026-10-08 05:45:26.101 | INFO     | __main__:<module>:516 - METHOD epoch=184 views=2 awp_gamma=0.002 consistency_weight=0.75 awp_nat_weight=1.0
2026-10-08 05:45:26.101 | INFO     | __main__:<module>:519 - the 184th epoch 
2026-10-08 05:45:27.047 | INFO     | __main__:<module>:531 - METHOD_BATCH epoch=184 step=0 adv_kd=0.021252449601888657 awp_adv_grad_norm=0.15999072790145874 awp_adv_nat_cos=0.11734867841005325 awp_gamma=0.002 awp_mix_adv_cos=0.8547368049621582 awp_mix_grad_norm=0.20165155827999115 awp_nat_grad_norm=0.1053977906703949 awp_nat_weight=1.0 awp_relative_norm_max=0.0020000003278255463 clean_ce=0.14779314398765564 clean_ce_term=0.0011947571765631437 consistency_term=0.0025671166367828846 consistency_weight=0.75 js_raw=0.03422822058200836 lr=0.08780462912458382 nat_kd=0.010175017639994621 pcgrad_conflicts=0 push=0.022941885516047478 push_term=0.0018752696923911572 student_updates=1 teacher_ce=0.4471110701560974 teacher_lr=4.422992723496672e-05 teacher_margin=0.4221917390823364 teacher_margin_term=0.0034355211537331343 teacher_updates=1 temp_adv=1.1249999999999862 temp_nat=3.643999999999709 temperature_updates=1 total_loss=0.040500134229660034 views=2
2026-10-08 05:46:56.610 | INFO     | __main__:<module>:531 - METHOD_BATCH epoch=184 step=100 adv_kd=0.018892833963036537 awp_adv_grad_norm=0.146822988986969 awp_adv_nat_cos=0.08876500278711319 awp_gamma=0.002 awp_mix_adv_cos=0.8634307384490967 awp_mix_grad_norm=0.1793861985206604 awp_nat_grad_norm=0.09085311740636826 awp_nat_weight=1.0 awp_relative_norm_max=0.0020000003278255463 clean_ce=0.15056896209716797 clean_ce_term=0.0012171968119218946 consistency_term=0.002249146346002817 consistency_weight=0.75 js_raw=0.029988616704940796 lr=0.08780462912458382 nat_kd=0.010462049394845963 pcgrad_conflicts=0 push=0.031712401658296585 push_term=0.0025921715423464775 student_updates=1 teacher_ce=0.5559767782688141 teacher_lr=4.422992723496672e-05 teacher_margin=0.37063926458358765 teacher_margin_term=0.0030160206370055676 teacher_updates=1 temp_adv=1.1349999999999851 temp_nat=3.63399999999971 temperature_updates=1 total_loss=0.038429420441389084 views=2
2026-10-08 05:48:26.472 | INFO     | __main__:<module>:531 - METHOD_BATCH epoch=184 step=200 adv_kd=0.021257415413856506 awp_adv_grad_norm=0.14567700028419495 awp_adv_nat_cos=0.17139588296413422 awp_gamma=0.002 awp_mix_adv_cos=0.837352991104126 awp_mix_grad_norm=0.19626407325267792 awp_nat_grad_norm=0.10890169441699982 awp_nat_weight=1.0 awp_relative_norm_max=0.0020000003278255463 clean_ce=0.1334831267595291 clean_ce_term=0.0010790752712637186 consistency_term=0.002167202765122056 consistency_weight=0.75 js_raw=0.028896035626530647 lr=0.08780462912458382 nat_kd=0.010858047753572464 pcgrad_conflicts=0 push=0.02681291289627552 push_term=0.0021916874684393406 student_updates=1 teacher_ce=0.5558643341064453 teacher_lr=4.422992723496672e-05 teacher_margin=0.4098427891731262 teacher_margin_term=0.003335033543407917 teacher_updates=1 temp_adv=1.1349999999999851 temp_nat=3.63399999999971 temperature_updates=1 total_loss=0.040888462215662 views=2
2026-10-08 05:49:56.161 | INFO     | __main__:<module>:531 - METHOD_BATCH epoch=184 step=300 adv_kd=0.02404867857694626 awp_adv_grad_norm=0.18399053812026978 awp_adv_nat_cos=0.11197986453771591 awp_gamma=0.002 awp_mix_adv_cos=0.8722016215324402 awp_mix_grad_norm=0.2251804918050766 awp_nat_grad_norm=0.11084345728158951 awp_nat_weight=1.0 awp_relative_norm_max=0.0020000003278255463 clean_ce=0.13001106679439545 clean_ce_term=0.0010510071879252791 consistency_term=0.002337004756554961 consistency_weight=0.75 js_raw=0.031160064041614532 lr=0.08780462912458382 nat_kd=0.011296451091766357 pcgrad_conflicts=0 push=0.03770320862531662 push_term=0.003081860253587365 student_updates=1 teacher_ce=0.538194477558136 teacher_lr=4.422992723496672e-05 teacher_margin=0.5111243724822998 teacher_margin_term=0.004159196745604277 teacher_updates=1 temp_adv=1.1249999999999862 temp_nat=3.643999999999709 temperature_updates=1 total_loss=0.04597419872879982 views=2
2026-10-08 05:51:16.566 | INFO     | __main__:<module>:1016 - TRAIN_EPOCH_RESOURCE epoch=184 seconds=350.46469380613416 peak_allocated_bytes=3885782016
2026-10-08 05:51:16.566 | INFO     | __main__:<module>:516 - METHOD epoch=185 views=2 awp_gamma=0.002 consistency_weight=0.75 awp_nat_weight=1.0
2026-10-08 05:51:16.566 | INFO     | __main__:<module>:519 - the 185th epoch 
2026-10-08 05:51:17.515 | INFO     | __main__:<module>:531 - METHOD_BATCH epoch=185 step=0 adv_kd=0.02192448265850544 awp_adv_grad_norm=0.14807304739952087 awp_adv_nat_cos=0.06627189368009567 awp_gamma=0.002 awp_mix_adv_cos=0.8547589778900146 awp_mix_grad_norm=0.18051382899284363 awp_nat_grad_norm=0.09389763325452805 awp_nat_weight=1.0 awp_relative_norm_max=0.0020000000949949026 clean_ce=0.1450446993112564 clean_ce_term=0.0012176365125924349 consistency_term=0.004186909645795822 consistency_weight=0.75 js_raw=0.05582546442747116 lr=0.08710980191328506 nat_kd=0.00964333489537239 pcgrad_conflicts=0 push=0.03137682005763054 push_term=0.002564741298556328 student_updates=1 teacher_ce=0.4868004769086838 teacher_lr=4.360599766015518e-05 teacher_margin=0.4469766914844513 teacher_margin_term=0.003694036277011037 teacher_updates=1 temp_adv=1.1319999999999855 temp_nat=3.6369999999997096 temperature_updates=1 total_loss=0.043231140822172165 views=2
2026-10-08 05:52:47.194 | INFO     | __main__:<module>:531 - METHOD_BATCH epoch=185 step=100 adv_kd=0.0194343663752079 awp_adv_grad_norm=0.13487856090068817 awp_adv_nat_cos=0.07601317763328552 awp_gamma=0.002 awp_mix_adv_cos=0.8535683751106262 awp_mix_grad_norm=0.1657285988330841 awp_nat_grad_norm=0.08659195154905319 awp_nat_weight=1.0 awp_relative_norm_max=0.0020000003278255463 clean_ce=0.14850059151649475 clean_ce_term=0.0012466483749449253 consistency_term=0.0026646628975868225 consistency_weight=0.75 js_raw=0.03552883863449097 lr=0.08710980191328506 nat_kd=0.009248066693544388 pcgrad_conflicts=0 push=0.02575835958123207 push_term=0.0021054884418845177 student_updates=1 teacher_ce=0.4965539425611496 teacher_lr=4.360599766015518e-05 teacher_margin=0.44754141569137573 teacher_margin_term=0.0036987033672630787 teacher_updates=1 temp_adv=1.1339999999999852 temp_nat=3.63499999999971 temperature_updates=1 total_loss=0.03839793801307678 views=2
2026-10-08 05:54:16.863 | INFO     | __main__:<module>:531 - METHOD_BATCH epoch=185 step=200 adv_kd=0.01916877180337906 awp_adv_grad_norm=0.14323817193508148 awp_adv_nat_cos=0.12868475914001465 awp_gamma=0.002 awp_mix_adv_cos=0.8436540365219116 awp_mix_grad_norm=0.18506571650505066 awp_nat_grad_norm=0.10019250214099884 awp_nat_weight=1.0 awp_relative_norm_max=0.0020000003278255463 clean_ce=0.14479848742485046 clean_ce_term=0.0012155696749687195 consistency_term=0.0031383626628667116 consistency_weight=0.75 js_raw=0.04184483364224434 lr=0.08710980191328506 nat_kd=0.010202175937592983 pcgrad_conflicts=0 push=0.03847310692071915 push_term=0.0031447915825992823 student_updates=1 teacher_ce=0.5679744780063629 teacher_lr=4.360599766015518e-05 teacher_margin=0.4324359595775604 teacher_margin_term=0.0035738644655793905 teacher_updates=1 temp_adv=1.127999999999986 temp_nat=3.640999999999709 temperature_updates=1 total_loss=0.0404435396194458 views=2
2026-10-08 05:55:46.527 | INFO     | __main__:<module>:531 - METHOD_BATCH epoch=185 step=300 adv_kd=0.020226260647177696 awp_adv_grad_norm=0.151816725730896 awp_adv_nat_cos=0.04705408215522766 awp_gamma=0.002 awp_mix_adv_cos=0.8632418513298035 awp_mix_grad_norm=0.18084979057312012 awp_nat_grad_norm=0.09139251708984375 awp_nat_weight=1.0 awp_relative_norm_max=0.0020000003278255463 clean_ce=0.15021342039108276 clean_ce_term=0.001261027529835701 consistency_term=0.0023916487116366625 consistency_weight=0.75 js_raw=0.03188864886760712 lr=0.08710980191328506 nat_kd=0.009933646768331528 pcgrad_conflicts=0 push=0.03627292066812515 push_term=0.0029649483039975166 student_updates=1 teacher_ce=0.5493402779102325 teacher_lr=4.360599766015518e-05 teacher_margin=0.38738101720809937 teacher_margin_term=0.0032015081960707903 teacher_updates=1 temp_adv=1.1299999999999857 temp_nat=3.6389999999997094 temperature_updates=1 total_loss=0.03997903689742088 views=2
2026-10-08 05:57:06.942 | INFO     | __main__:<module>:1016 - TRAIN_EPOCH_RESOURCE epoch=185 seconds=350.37535231909715 peak_allocated_bytes=3885782016
2026-10-08 05:57:06.942 | INFO     | __main__:<module>:516 - METHOD epoch=186 views=2 awp_gamma=0.002 consistency_weight=0.75 awp_nat_weight=1.0
2026-10-08 05:57:06.942 | INFO     | __main__:<module>:519 - the 186th epoch 
2026-10-08 05:57:07.890 | INFO     | __main__:<module>:531 - METHOD_BATCH epoch=186 step=0 adv_kd=0.019800081849098206 awp_adv_grad_norm=0.1392732411623001 awp_adv_nat_cos=0.10071658343076706 awp_gamma=0.002 awp_mix_adv_cos=0.8643572330474854 awp_mix_grad_norm=0.17121297121047974 awp_nat_grad_norm=0.08653929829597473 awp_nat_weight=1.0 awp_relative_norm_max=0.0020000003278255463 clean_ce=0.15734687447547913 clean_ce_term=0.0013698347611352801 consistency_term=0.002516066422685981 consistency_weight=0.75 js_raw=0.033547550439834595 lr=0.08639865141260522 nat_kd=0.009103434160351753 pcgrad_conflicts=0 push=0.03613515943288803 push_term=0.0029536879155784845 student_updates=1 teacher_ce=0.5138210952281952 teacher_lr=4.2983094610173406e-05 teacher_margin=0.36970168352127075 teacher_margin_term=0.003102403599768877 teacher_updates=1 temp_adv=1.1329999999999854 temp_nat=3.6359999999997097 temperature_updates=1 total_loss=0.03884550556540489 views=2
2026-10-08 05:58:37.562 | INFO     | __main__:<module>:531 - METHOD_BATCH epoch=186 step=100 adv_kd=0.025028036907315254 awp_adv_grad_norm=0.17243289947509766 awp_adv_nat_cos=0.11342570930719376 awp_gamma=0.002 awp_mix_adv_cos=0.9039801955223083 awp_mix_grad_norm=0.20163649320602417 awp_nat_grad_norm=0.08677467703819275 awp_nat_weight=1.0 awp_relative_norm_max=0.0020000003278255463 clean_ce=0.13526123762130737 clean_ce_term=0.0011775610037147999 consistency_term=0.0033884861040860415 consistency_weight=0.75 js_raw=0.0451798141002655 lr=0.08639865141260522 nat_kd=0.00951770693063736 pcgrad_conflicts=0 push=0.028229035437107086 push_term=0.0023074413184076548 student_updates=1 teacher_ce=0.5660497546195984 teacher_lr=4.2983094610173406e-05 teacher_margin=0.4677834212779999 teacher_margin_term=0.003925470169633627 teacher_updates=1 temp_adv=1.1349999999999851 temp_nat=3.63399999999971 temperature_updates=1 total_loss=0.045344702899456024 views=2
2026-10-08 06:00:07.301 | INFO     | __main__:<module>:531 - METHOD_BATCH epoch=186 step=200 adv_kd=0.01946442387998104 awp_adv_grad_norm=0.14913710951805115 awp_adv_nat_cos=0.21306820213794708 awp_gamma=0.002 awp_mix_adv_cos=0.8397685289382935 awp_mix_grad_norm=0.2067427933216095 awp_nat_grad_norm=0.1148880198597908 awp_nat_weight=1.0 awp_relative_norm_max=0.0020000003278255463 clean_ce=0.14215096831321716 clean_ce_term=0.0012375416699796915 consistency_term=0.0020581972785294056 consistency_weight=0.75 js_raw=0.027442630380392075 lr=0.08639865141260522 nat_kd=0.01197658572345972 pcgrad_conflicts=0 push=0.027236085385084152 push_term=0.002226277720183134 student_updates=1 teacher_ce=0.5656443238258362 teacher_lr=4.2983094610173406e-05 teacher_margin=0.3677891492843628 teacher_margin_term=0.0030863541178405285 teacher_updates=1 temp_adv=1.1349999999999851 temp_nat=3.63399999999971 temperature_updates=1 total_loss=0.04004937782883644 views=2
2026-10-08 06:01:36.967 | INFO     | __main__:<module>:531 - METHOD_BATCH epoch=186 step=300 adv_kd=0.022705771028995514 awp_adv_grad_norm=0.17076890170574188 awp_adv_nat_cos=0.18017052114009857 awp_gamma=0.002 awp_mix_adv_cos=0.7489784359931946 awp_mix_grad_norm=0.2720930278301239 awp_nat_grad_norm=0.18328671157360077 awp_nat_weight=1.0 awp_relative_norm_max=0.0020000003278255463 clean_ce=0.14743326604366302 clean_ce_term=0.0012835285160690546 consistency_term=0.002311656018719077 consistency_weight=0.75 js_raw=0.030822081491351128 lr=0.08639865141260522 nat_kd=0.017399974167346954 pcgrad_conflicts=0 push=0.025862334296107292 push_term=0.0021139872260391712 student_updates=1 teacher_ce=0.5138070285320282 teacher_lr=4.2983094610173406e-05 teacher_margin=0.49891364574432373 teacher_margin_term=0.004186703823506832 teacher_updates=1 temp_adv=1.1349999999999851 temp_nat=3.63399999999971 temperature_updates=1 total_loss=0.050001613795757294 views=2
2026-10-08 06:02:57.372 | INFO     | __main__:<module>:1016 - TRAIN_EPOCH_RESOURCE epoch=186 seconds=350.4300687550567 peak_allocated_bytes=3885782016
2026-10-08 06:02:57.373 | INFO     | __main__:<module>:516 - METHOD epoch=187 views=2 awp_gamma=0.002 consistency_weight=0.75 awp_nat_weight=1.0
2026-10-08 06:02:57.373 | INFO     | __main__:<module>:519 - the 187th epoch 
2026-10-08 06:02:58.324 | INFO     | __main__:<module>:531 - METHOD_BATCH epoch=187 step=0 adv_kd=0.017437029629945755 awp_adv_grad_norm=0.12450267374515533 awp_adv_nat_cos=0.16949450969696045 awp_gamma=0.002 awp_mix_adv_cos=0.8217076659202576 awp_mix_grad_norm=0.1720379739999771 awp_nat_grad_norm=0.09948547184467316 awp_nat_weight=1.0 awp_relative_norm_max=0.0020000003278255463 clean_ce=0.15347373485565186 clean_ce_term=0.0013838342856615782 consistency_term=0.002446517813950777 consistency_weight=0.75 js_raw=0.03262023627758026 lr=0.08567149177721237 nat_kd=0.01043434627354145 pcgrad_conflicts=0 push=0.03335988521575928 push_term=0.0027268368285149336 student_updates=1 teacher_ce=0.5414123237133026 teacher_lr=4.236131661191854e-05 teacher_margin=0.35775354504585266 teacher_margin_term=0.0030476259998977184 teacher_updates=1 temp_adv=1.1259999999999861 temp_nat=3.642999999999709 temperature_updates=1 total_loss=0.03747618943452835 views=2
2026-10-08 06:04:28.181 | INFO     | __main__:<module>:531 - METHOD_BATCH epoch=187 step=100 adv_kd=0.021327417343854904 awp_adv_grad_norm=0.15510116517543793 awp_adv_nat_cos=0.045775897800922394 awp_gamma=0.002 awp_mix_adv_cos=0.84843909740448 awp_mix_grad_norm=0.188187375664711 awp_nat_grad_norm=0.09971079975366592 awp_nat_weight=1.0 awp_relative_norm_max=0.0020000003278255463 clean_ce=0.13250106573104858 clean_ce_term=0.0011947290040552616 consistency_term=0.0031324836891144514 consistency_weight=0.75 js_raw=0.0417664498090744 lr=0.08567149177721237 nat_kd=0.00938261765986681 pcgrad_conflicts=0 push=0.03197761997580528 push_term=0.002613850636407733 student_updates=1 teacher_ce=0.6345522105693817 teacher_lr=4.236131661191854e-05 teacher_margin=0.4021042585372925 teacher_margin_term=0.0034254402853548527 teacher_updates=1 temp_adv=1.1319999999999855 temp_nat=3.6369999999997096 temperature_updates=1 total_loss=0.04107654094696045 views=2
2026-10-08 06:05:57.981 | INFO     | __main__:<module>:531 - METHOD_BATCH epoch=187 step=200 adv_kd=0.01959371380507946 awp_adv_grad_norm=0.14909595251083374 awp_adv_nat_cos=0.19756285846233368 awp_gamma=0.002 awp_mix_adv_cos=0.7985619902610779 awp_mix_grad_norm=0.2201472669839859 awp_nat_grad_norm=0.13517363369464874 awp_nat_weight=1.0 awp_relative_norm_max=0.0020000003278255463 clean_ce=0.14520081877708435 clean_ce_term=0.0013092395383864641 consistency_term=0.003691981313750148 consistency_weight=0.75 js_raw=0.049226418137550354 lr=0.08567149177721237 nat_kd=0.015088247135281563 pcgrad_conflicts=0 push=0.021388590335845947 push_term=0.0017483034171164036 student_updates=1 teacher_ce=0.540689617395401 teacher_lr=4.236131661191854e-05 teacher_margin=0.41278231143951416 teacher_margin_term=0.0035164044238626957 teacher_updates=1 temp_adv=1.1299999999999857 temp_nat=3.6389999999997094 temperature_updates=1 total_loss=0.04494788870215416 views=2
2026-10-08 06:07:27.644 | INFO     | __main__:<module>:531 - METHOD_BATCH epoch=187 step=300 adv_kd=0.02413797378540039 awp_adv_grad_norm=0.1930800825357437 awp_adv_nat_cos=0.08462604880332947 awp_gamma=0.002 awp_mix_adv_cos=0.8864940404891968 awp_mix_grad_norm=0.22790558636188507 awp_nat_grad_norm=0.10584067553281784 awp_nat_weight=1.0 awp_relative_norm_max=0.0020000003278255463 clean_ce=0.1301429271697998 clean_ce_term=0.001173466327600181 consistency_term=0.0025669909082353115 consistency_weight=0.75 js_raw=0.034226544201374054 lr=0.08567149177721237 nat_kd=0.010182250291109085 pcgrad_conflicts=0 push=0.034891527146101 push_term=0.002852033358067274 student_updates=1 teacher_ce=0.4945410490036011 teacher_lr=4.236131661191854e-05 teacher_margin=0.49555689096450806 teacher_margin_term=0.004221543204039335 teacher_updates=1 temp_adv=1.127999999999986 temp_nat=3.640999999999709 temperature_updates=1 total_loss=0.045134253799915314 views=2
2026-10-08 06:08:47.994 | INFO     | __main__:<module>:1016 - TRAIN_EPOCH_RESOURCE epoch=187 seconds=350.6205249300692 peak_allocated_bytes=3885782016
2026-10-08 06:08:47.994 | INFO     | __main__:<module>:516 - METHOD epoch=188 views=2 awp_gamma=0.002 consistency_weight=0.75 awp_nat_weight=1.0
2026-10-08 06:08:47.994 | INFO     | __main__:<module>:519 - the 188th epoch 
2026-10-08 06:08:48.944 | INFO     | __main__:<module>:531 - METHOD_BATCH epoch=188 step=0 adv_kd=0.01895042322576046 awp_adv_grad_norm=0.15603700280189514 awp_adv_nat_cos=0.10944323986768723 awp_gamma=0.002 awp_mix_adv_cos=0.835213840007782 awp_mix_grad_norm=0.2014252245426178 awp_nat_grad_norm=0.11143819242715836 awp_nat_weight=1.0 awp_relative_norm_max=0.0020000003278255463 clean_ce=0.14660653471946716 clean_ce_term=0.0013674977235496044 consistency_term=0.003041675081476569 consistency_weight=0.75 js_raw=0.040555667132139206 lr=0.08492864421522149 nat_kd=0.010770607739686966 pcgrad_conflicts=0 push=0.03337936848402023 push_term=0.0027284296229481697 student_updates=1 teacher_ce=0.5222762525081635 teacher_lr=4.174076200178101e-05 teacher_margin=0.34127601981163025 teacher_margin_term=0.002950649242848158 teacher_updates=1 temp_adv=1.1329999999999854 temp_nat=3.6359999999997097 temperature_updates=1 total_loss=0.03980927914381027 views=2
2026-10-08 06:10:18.558 | INFO     | __main__:<module>:531 - METHOD_BATCH epoch=188 step=100 adv_kd=0.022713012993335724 awp_adv_grad_norm=0.17012783885002136 awp_adv_nat_cos=0.19550609588623047 awp_gamma=0.002 awp_mix_adv_cos=0.9253655672073364 awp_mix_grad_norm=0.20019850134849548 awp_nat_grad_norm=0.07738370448350906 awp_nat_weight=1.0 awp_relative_norm_max=0.0020000003278255463 clean_ce=0.1585988700389862 clean_ce_term=0.0014793582959100604 consistency_term=0.003927310463041067 consistency_weight=0.75 js_raw=0.05236413702368736 lr=0.08492864421522149 nat_kd=0.008751509711146355 pcgrad_conflicts=0 push=0.03128920495510101 push_term=0.002557579427957535 student_updates=1 teacher_ce=0.43914559483528137 teacher_lr=4.174076200178101e-05 teacher_margin=0.4932398498058319 teacher_margin_term=0.004264518618583679 teacher_updates=1 temp_adv=1.1289999999999858 temp_nat=3.6399999999997092 temperature_updates=1 total_loss=0.043693289160728455 views=2
2026-10-08 06:11:48.136 | INFO     | __main__:<module>:531 - METHOD_BATCH epoch=188 step=200 adv_kd=0.021974686533212662 awp_adv_grad_norm=0.16393016278743744 awp_adv_nat_cos=0.18466325104236603 awp_gamma=0.002 awp_mix_adv_cos=0.8205868601799011 awp_mix_grad_norm=0.22985129058361053 awp_nat_grad_norm=0.13366380333900452 awp_nat_weight=1.0 awp_relative_norm_max=0.0020000003278255463 clean_ce=0.13666197657585144 clean_ce_term=0.0012747382279485464 consistency_term=0.0030480215791612864 consistency_weight=0.75 js_raw=0.04064028710126877 lr=0.08492864421522149 nat_kd=0.015277348458766937 pcgrad_conflicts=0 push=0.024185022339224815 push_term=0.001976883737370372 student_updates=1 teacher_ce=0.5495847463607788 teacher_lr=4.174076200178101e-05 teacher_margin=0.4386536180973053 teacher_margin_term=0.0037925695069134235 teacher_updates=1 temp_adv=1.1349999999999851 temp_nat=3.63399999999971 temperature_updates=1 total_loss=0.04734424874186516 views=2
2026-10-08 06:13:17.687 | INFO     | __main__:<module>:531 - METHOD_BATCH epoch=188 step=300 adv_kd=0.026331689208745956 awp_adv_grad_norm=0.18875838816165924 awp_adv_nat_cos=0.21181553602218628 awp_gamma=0.002 awp_mix_adv_cos=0.8155763149261475 awp_mix_grad_norm=0.273497998714447 awp_nat_grad_norm=0.16193382441997528 awp_nat_weight=1.0 awp_relative_norm_max=0.0020000003278255463 clean_ce=0.14346498250961304 clean_ce_term=0.0013381943572312593 consistency_term=0.00414371257647872 consistency_weight=0.75 js_raw=0.055249497294425964 lr=0.08492864421522149 nat_kd=0.014673713594675064 pcgrad_conflicts=0 push=0.032651014626026154 push_term=0.0026688938960433006 student_updates=1 teacher_ce=0.4634273797273636 teacher_lr=4.174076200178101e-05 teacher_margin=0.5416830778121948 teacher_margin_term=0.004683354869484901 teacher_updates=1 temp_adv=1.1349999999999851 temp_nat=3.63399999999971 temperature_updates=1 total_loss=0.0538395531475544 views=2
2026-10-08 06:14:38.088 | INFO     | __main__:<module>:1016 - TRAIN_EPOCH_RESOURCE epoch=188 seconds=350.0939208569471 peak_allocated_bytes=3885782016
2026-10-08 06:14:38.089 | INFO     | __main__:<module>:516 - METHOD epoch=189 views=2 awp_gamma=0.002 consistency_weight=0.75 awp_nat_weight=1.0
2026-10-08 06:14:38.089 | INFO     | __main__:<module>:519 - the 189th epoch 
2026-10-08 06:14:39.037 | INFO     | __main__:<module>:531 - METHOD_BATCH epoch=189 step=0 adv_kd=0.019019393250346184 awp_adv_grad_norm=0.14455977082252502 awp_adv_nat_cos=0.09693661332130432 awp_gamma=0.002 awp_mix_adv_cos=0.8513703942298889 awp_mix_grad_norm=0.1806364208459854 awp_nat_grad_norm=0.09520387649536133 awp_nat_weight=1.0 awp_relative_norm_max=0.0020000003278255463 clean_ce=0.13033528625965118 clean_ce_term=0.001256248913705349 consistency_term=0.0028530133422464132 consistency_weight=0.75 js_raw=0.038040176033973694 lr=0.08417043684485821 nat_kd=0.010466214269399643 pcgrad_conflicts=0 push=0.030884122475981712 push_term=0.0025244681164622307 student_updates=1 teacher_ce=0.5938023328781128 teacher_lr=4.1121528909913616e-05 teacher_margin=0.3580874800682068 teacher_margin_term=0.003141529392451048 teacher_updates=1 temp_adv=1.1299999999999857 temp_nat=3.6389999999997094 temperature_updates=1 total_loss=0.0392608717083931 views=2
2026-10-08 06:16:08.668 | INFO     | __main__:<module>:531 - METHOD_BATCH epoch=189 step=100 adv_kd=0.020161131396889687 awp_adv_grad_norm=0.15496599674224854 awp_adv_nat_cos=0.11704723536968231 awp_gamma=0.002 awp_mix_adv_cos=0.8676120638847351 awp_mix_grad_norm=0.19155053794384003 awp_nat_grad_norm=0.09590616822242737 awp_nat_weight=1.0 awp_relative_norm_max=0.0020000003278255463 clean_ce=0.14658698439598083 clean_ce_term=0.0014128924813121557 consistency_term=0.0024825509171932936 consistency_weight=0.75 js_raw=0.0331006795167923 lr=0.08417043684485821 nat_kd=0.009691307321190834 pcgrad_conflicts=0 push=0.025454115122556686 push_term=0.0020806193351745605 student_updates=1 teacher_ce=0.529412031173706 teacher_lr=4.1121528909913616e-05 teacher_margin=0.4044265151023865 teacher_margin_term=0.0035480656661093235 teacher_updates=1 temp_adv=1.127999999999986 temp_nat=3.640999999999709 temperature_updates=1 total_loss=0.03937656804919243 views=2
2026-10-08 06:17:38.199 | INFO     | __main__:<module>:531 - METHOD_BATCH epoch=189 step=200 adv_kd=0.020255904644727707 awp_adv_grad_norm=0.16068917512893677 awp_adv_nat_cos=0.09349415451288223 awp_gamma=0.002 awp_mix_adv_cos=0.852339506149292 awp_mix_grad_norm=0.20005425810813904 awp_nat_grad_norm=0.10508645325899124 awp_nat_weight=1.0 awp_relative_norm_max=0.0020000003278255463 clean_ce=0.1299116015434265 clean_ce_term=0.0012521652970463037 consistency_term=0.002827413147315383 consistency_weight=0.75 js_raw=0.03769884258508682 lr=0.08417043684485821 nat_kd=0.011148141697049141 pcgrad_conflicts=0 push=0.02086002565920353 push_term=0.001705098431557417 student_updates=1 teacher_ce=0.5591369867324829 teacher_lr=4.1121528909913616e-05 teacher_margin=0.3943603038787842 teacher_margin_term=0.0034597537014633417 teacher_updates=1 temp_adv=1.1299999999999857 temp_nat=3.6389999999997094 temperature_updates=1 total_loss=0.04064847528934479 views=2
2026-10-08 06:19:07.736 | INFO     | __main__:<module>:531 - METHOD_BATCH epoch=189 step=300 adv_kd=0.02657233737409115 awp_adv_grad_norm=0.19011186063289642 awp_adv_nat_cos=0.1935267150402069 awp_gamma=0.002 awp_mix_adv_cos=0.8910306692123413 awp_mix_grad_norm=0.23719877004623413 awp_nat_grad_norm=0.10974963009357452 awp_nat_weight=1.0 awp_relative_norm_max=0.0020000003278255463 clean_ce=0.13328681886196136 clean_ce_term=0.0012846975587308407 consistency_term=0.004175039939582348 consistency_weight=0.75 js_raw=0.055667195469141006 lr=0.08417043684485821 nat_kd=0.011224424466490746 pcgrad_conflicts=0 push=0.02948666736483574 push_term=0.0024102400057017803 student_updates=1 teacher_ce=0.5686930119991302 teacher_lr=4.1121528909913616e-05 teacher_margin=0.5224740505218506 teacher_margin_term=0.004583706147968769 teacher_updates=1 temp_adv=1.135999999999985 temp_nat=3.63299999999971 temperature_updates=1 total_loss=0.05025044456124306 views=2
2026-10-08 06:20:28.010 | INFO     | __main__:<module>:1016 - TRAIN_EPOCH_RESOURCE epoch=189 seconds=349.92129742191173 peak_allocated_bytes=3885782016
2026-10-08 06:20:28.011 | INFO     | __main__:<module>:516 - METHOD epoch=190 views=2 awp_gamma=0.002 consistency_weight=0.75 awp_nat_weight=1.0
2026-10-08 06:20:28.011 | INFO     | __main__:<module>:519 - the 190th epoch 
2026-10-08 06:20:28.959 | INFO     | __main__:<module>:531 - METHOD_BATCH epoch=190 step=0 adv_kd=0.021015716716647148 awp_adv_grad_norm=0.16079238057136536 awp_adv_nat_cos=0.03798392415046692 awp_gamma=0.002 awp_mix_adv_cos=0.8955245614051819 awp_mix_grad_norm=0.1830078661441803 awp_nat_grad_norm=0.08149950206279755 awp_nat_weight=1.0 awp_relative_norm_max=0.0020000003278255463 clean_ce=0.15970182418823242 clean_ce_term=0.0015889561036601663 consistency_term=0.004130857530981302 consistency_weight=0.75 js_raw=0.05507809668779373 lr=0.08339720454804611 nat_kd=0.009362202137708664 pcgrad_conflicts=0 push=0.030219733715057373 push_term=0.002470160834491253 student_updates=1 teacher_ce=0.49176816642284393 teacher_lr=4.0503715244535096e-05 teacher_margin=0.4053506851196289 teacher_margin_term=0.003607712220400572 teacher_updates=1 temp_adv=1.1329999999999854 temp_nat=3.6359999999997097 temperature_updates=1 total_loss=0.04217560961842537 views=2
2026-10-08 06:21:58.544 | INFO     | __main__:<module>:531 - METHOD_BATCH epoch=190 step=100 adv_kd=0.02397056668996811 awp_adv_grad_norm=0.19136333465576172 awp_adv_nat_cos=0.13918860256671906 awp_gamma=0.002 awp_mix_adv_cos=0.8814549446105957 awp_mix_grad_norm=0.2347801923751831 awp_nat_grad_norm=0.11196915805339813 awp_nat_weight=1.0 awp_relative_norm_max=0.0020000003278255463 clean_ce=0.13063254952430725 clean_ce_term=0.0012997309677302837 consistency_term=0.004250634461641312 consistency_weight=0.75 js_raw=0.056675128638744354 lr=0.08339720454804611 nat_kd=0.01090619619935751 pcgrad_conflicts=0 push=0.033422864973545074 push_term=0.0027319849468767643 student_updates=1 teacher_ce=0.6449319124221802 teacher_lr=4.0503715244535096e-05 teacher_margin=0.3761252760887146 teacher_margin_term=0.00334759964607656 teacher_updates=1 temp_adv=1.1309999999999856 temp_nat=3.6379999999997095 temperature_updates=1 total_loss=0.04650671407580376 views=2
2026-10-08 06:23:28.200 | INFO     | __main__:<module>:531 - METHOD_BATCH epoch=190 step=200 adv_kd=0.021055953577160835 awp_adv_grad_norm=0.16274011135101318 awp_adv_nat_cos=0.1924242228269577 awp_gamma=0.002 awp_mix_adv_cos=0.7428624033927917 awp_mix_grad_norm=0.2660926580429077 awp_nat_grad_norm=0.18152658641338348 awp_nat_weight=1.0 awp_relative_norm_max=0.0020000003278255463 clean_ce=0.1389702558517456 clean_ce_term=0.0013826870126649737 consistency_term=0.0034860947635024786 consistency_weight=0.75 js_raw=0.046481259167194366 lr=0.08339720454804611 nat_kd=0.01765264943242073 pcgrad_conflicts=0 push=0.03735882416367531 push_term=0.0030537103302776814 student_updates=1 teacher_ce=0.527342289686203 teacher_lr=4.0503715244535096e-05 teacher_margin=0.41530677676200867 teacher_margin_term=0.003696323838084936 teacher_updates=1 temp_adv=1.1309999999999856 temp_nat=3.6379999999997095 temperature_updates=1 total_loss=0.05032741650938988 views=2
2026-10-08 06:24:57.847 | INFO     | __main__:<module>:531 - METHOD_BATCH epoch=190 step=300 adv_kd=0.02194276824593544 awp_adv_grad_norm=0.17285194993019104 awp_adv_nat_cos=0.1380900740623474 awp_gamma=0.002 awp_mix_adv_cos=0.9156866073608398 awp_mix_grad_norm=0.20107193291187286 awp_nat_grad_norm=0.08159109950065613 awp_nat_weight=1.0 awp_relative_norm_max=0.0020000003278255463 clean_ce=0.14807257056236267 clean_ce_term=0.0014732505660504103 consistency_term=0.0033149614464491606 consistency_weight=0.75 js_raw=0.04419948533177376 lr=0.08339720454804611 nat_kd=0.009254788979887962 pcgrad_conflicts=0 push=0.02809108980000019 push_term=0.0022961655631661415 student_updates=1 teacher_ce=0.5030697733163834 teacher_lr=4.0503715244535096e-05 teacher_margin=0.5029096603393555 teacher_margin_term=0.004476009402424097 teacher_updates=1 temp_adv=1.1309999999999856 temp_nat=3.6379999999997095 temperature_updates=1 total_loss=0.042757946997880936 views=2
2026-10-08 06:26:18.236 | INFO     | __main__:<module>:1016 - TRAIN_EPOCH_RESOURCE epoch=190 seconds=350.2248903349973 peak_allocated_bytes=3885782016
2026-10-08 06:26:18.236 | INFO     | __main__:<module>:516 - METHOD epoch=191 views=2 awp_gamma=0.002 consistency_weight=0.75 awp_nat_weight=1.0
2026-10-08 06:26:18.236 | INFO     | __main__:<module>:519 - the 191th epoch 
2026-10-08 06:26:19.184 | INFO     | __main__:<module>:531 - METHOD_BATCH epoch=191 step=0 adv_kd=0.019655294716358185 awp_adv_grad_norm=0.1553867906332016 awp_adv_nat_cos=-0.030685264617204666 awp_gamma=0.002 awp_mix_adv_cos=0.9175410270690918 awp_mix_grad_norm=0.16712777316570282 awp_nat_grad_norm=0.06648816913366318 awp_nat_weight=1.0 awp_relative_norm_max=0.0020000000949949026 clean_ce=0.13946150243282318 clean_ce_term=0.0014309362741187215 consistency_term=0.0031435114797204733 consistency_weight=0.75 js_raw=0.041913483291864395 lr=0.08260928882098305 nat_kd=0.007983560673892498 pcgrad_conflicts=0 push=0.03868385776877403 push_term=0.0031620184890925884 student_updates=1 teacher_ce=0.5813054144382477 teacher_lr=3.9887418676270756e-05 teacher_margin=0.33539879322052 teacher_margin_term=0.0030277695041149855 teacher_updates=1 temp_adv=1.1239999999999863 temp_nat=3.6449999999997087 temperature_updates=1 total_loss=0.038403093814849854 views=2
2026-10-08 06:27:48.825 | INFO     | __main__:<module>:531 - METHOD_BATCH epoch=191 step=100 adv_kd=0.019191404804587364 awp_adv_grad_norm=0.15086176991462708 awp_adv_nat_cos=0.17713037133216858 awp_gamma=0.002 awp_mix_adv_cos=0.8401042222976685 awp_mix_grad_norm=0.20318612456321716 awp_nat_grad_norm=0.11198397725820541 awp_nat_weight=1.0 awp_relative_norm_max=0.0020000003278255463 clean_ce=0.1448361873626709 clean_ce_term=0.0014860827941447496 consistency_term=0.0026120184920728207 consistency_weight=0.75 js_raw=0.034826911985874176 lr=0.08260928882098305 nat_kd=0.010979395359754562 pcgrad_conflicts=0 push=0.02699308842420578 push_term=0.0022064149379730225 student_updates=1 teacher_ce=0.49746501445770264 teacher_lr=3.9887418676270756e-05 teacher_margin=0.3633458912372589 teacher_margin_term=0.0032800580374896526 teacher_updates=1 temp_adv=1.1259999999999861 temp_nat=3.642999999999709 temperature_updates=1 total_loss=0.03975537419319153 views=2
2026-10-08 06:29:18.374 | INFO     | __main__:<module>:531 - METHOD_BATCH epoch=191 step=200 adv_kd=0.01810004748404026 awp_adv_grad_norm=0.13849139213562012 awp_adv_nat_cos=0.127088263630867 awp_gamma=0.002 awp_mix_adv_cos=0.7976112961769104 awp_mix_grad_norm=0.19226142764091492 awp_nat_grad_norm=0.11691470444202423 awp_nat_weight=1.0 awp_relative_norm_max=0.0020000003278255463 clean_ce=0.1366719901561737 clean_ce_term=0.001402314635924995 consistency_term=0.0019198330119252205 consistency_weight=0.75 js_raw=0.025597773492336273 lr=0.08260928882098305 nat_kd=0.011266889050602913 pcgrad_conflicts=0 push=0.0286557674407959 push_term=0.002342322375625372 student_updates=1 teacher_ce=0.5145085006952286 teacher_lr=3.9887418676270756e-05 teacher_margin=0.3890235424041748 teacher_margin_term=0.003511859802529216 teacher_updates=1 temp_adv=1.1259999999999861 temp_nat=3.642999999999709 temperature_updates=1 total_loss=0.03854326531291008 views=2
2026-10-08 06:30:47.938 | INFO     | __main__:<module>:531 - METHOD_BATCH epoch=191 step=300 adv_kd=0.020550578832626343 awp_adv_grad_norm=0.15358677506446838 awp_adv_nat_cos=0.138140007853508 awp_gamma=0.002 awp_mix_adv_cos=0.8921315670013428 awp_mix_grad_norm=0.18524090945720673 awp_nat_grad_norm=0.08449743688106537 awp_nat_weight=1.0 awp_relative_norm_max=0.0020000003278255463 clean_ce=0.14657741785049438 clean_ce_term=0.0015039487043395638 consistency_term=0.0035724954213947058 consistency_weight=0.75 js_raw=0.04763326793909073 lr=0.08260928882098305 nat_kd=0.008571860380470753 pcgrad_conflicts=0 push=0.03856286406517029 push_term=0.0031521287746727467 student_updates=1 teacher_ce=0.5125888288021088 teacher_lr=3.9887418676270756e-05 teacher_margin=0.4296111464500427 teacher_margin_term=0.003878259100019932 teacher_updates=1 temp_adv=1.1339999999999852 temp_nat=3.63499999999971 temperature_updates=1 total_loss=0.04122927039861679 views=2
2026-10-08 06:32:08.319 | INFO     | __main__:<module>:1016 - TRAIN_EPOCH_RESOURCE epoch=191 seconds=350.0826101829298 peak_allocated_bytes=3885782016
2026-10-08 06:32:08.319 | INFO     | __main__:<module>:516 - METHOD epoch=192 views=2 awp_gamma=0.002 consistency_weight=0.75 awp_nat_weight=1.0
2026-10-08 06:32:08.319 | INFO     | __main__:<module>:519 - the 192th epoch 
2026-10-08 06:32:09.267 | INFO     | __main__:<module>:531 - METHOD_BATCH epoch=192 step=0 adv_kd=0.017095651477575302 awp_adv_grad_norm=0.1344444751739502 awp_adv_nat_cos=0.10907185077667236 awp_gamma=0.002 awp_mix_adv_cos=0.8257099390029907 awp_mix_grad_norm=0.17601734399795532 awp_nat_grad_norm=0.09988643229007721 awp_nat_weight=1.0 awp_relative_norm_max=0.0020000003278255463 clean_ce=0.15202198922634125 clean_ce_term=0.0016070795245468616 consistency_term=0.0020942839328199625 consistency_weight=0.75 js_raw=0.027923785150051117 lr=0.08180703762177413 nat_kd=0.01026144064962864 pcgrad_conflicts=0 push=0.027331404387950897 push_term=0.0022340689320117235 student_updates=1 teacher_ce=0.5232910811901093 teacher_lr=3.927273662253263e-05 teacher_margin=0.35725733637809753 teacher_margin_term=0.0032705185003578663 teacher_updates=1 temp_adv=1.136999999999985 temp_nat=3.63199999999971 temperature_updates=1 total_loss=0.03656304255127907 views=2
2026-10-08 06:33:38.913 | INFO     | __main__:<module>:531 - METHOD_BATCH epoch=192 step=100 adv_kd=0.022089043632149696 awp_adv_grad_norm=0.1747196614742279 awp_adv_nat_cos=0.1108236238360405 awp_gamma=0.002 awp_mix_adv_cos=0.8268855810165405 awp_mix_grad_norm=0.22863814234733582 awp_nat_grad_norm=0.12937620282173157 awp_nat_weight=1.0 awp_relative_norm_max=0.0020000003278255463 clean_ce=0.13743549585342407 clean_ce_term=0.001452880329452455 consistency_term=0.002876333426684141 consistency_weight=0.75 js_raw=0.038351111114025116 lr=0.08180703762177413 nat_kd=0.012526420876383781 pcgrad_conflicts=0 push=0.034106913954019547 push_term=0.002787899225950241 student_updates=1 teacher_ce=0.5701706111431122 teacher_lr=3.927273662253263e-05 teacher_margin=0.47164198756217957 teacher_margin_term=0.004317654762417078 teacher_updates=1 temp_adv=1.1329999999999854 temp_nat=3.6359999999997097 temperature_updates=1 total_loss=0.046050235629081726 views=2
2026-10-08 06:35:08.568 | INFO     | __main__:<module>:531 - METHOD_BATCH epoch=192 step=200 adv_kd=0.022217286750674248 awp_adv_grad_norm=0.16948939859867096 awp_adv_nat_cos=0.11966485530138016 awp_gamma=0.002 awp_mix_adv_cos=0.8618770837783813 awp_mix_grad_norm=0.21166232228279114 awp_nat_grad_norm=0.10811447352170944 awp_nat_weight=1.0 awp_relative_norm_max=0.0020000003278255463 clean_ce=0.14912420511245728 clean_ce_term=0.001576445996761322 consistency_term=0.003181376028805971 consistency_weight=0.75 js_raw=0.04241834580898285 lr=0.08180703762177413 nat_kd=0.01103878766298294 pcgrad_conflicts=0 push=0.03383265435695648 push_term=0.0027654811274260283 student_updates=1 teacher_ce=0.5662280917167664 teacher_lr=3.927273662253263e-05 teacher_margin=0.5167341232299805 teacher_margin_term=0.004730451852083206 teacher_updates=1 temp_adv=1.1329999999999854 temp_nat=3.6359999999997097 temperature_updates=1 total_loss=0.04550983011722565 views=2
2026-10-08 06:36:38.433 | INFO     | __main__:<module>:531 - METHOD_BATCH epoch=192 step=300 adv_kd=0.021886732429265976 awp_adv_grad_norm=0.16828826069831848 awp_adv_nat_cos=0.11643284559249878 awp_gamma=0.002 awp_mix_adv_cos=0.9007421135902405 awp_mix_grad_norm=0.19802752137184143 awp_nat_grad_norm=0.08660315722227097 awp_nat_weight=1.0 awp_relative_norm_max=0.0020000003278255463 clean_ce=0.1234164834022522 clean_ce_term=0.0013046803651377559 consistency_term=0.003101729555055499 consistency_weight=0.75 js_raw=0.041356392204761505 lr=0.08180703762177413 nat_kd=0.008069947361946106 pcgrad_conflicts=0 push=0.03381970524787903 push_term=0.002764422446489334 student_updates=1 teacher_ce=0.534512460231781 teacher_lr=3.927273662253263e-05 teacher_margin=0.3890798091888428 teacher_margin_term=0.00356183759868145 teacher_updates=1 temp_adv=1.126999999999986 temp_nat=3.641999999999709 temperature_updates=1 total_loss=0.04068934917449951 views=2
2026-10-08 06:37:59.070 | INFO     | __main__:<module>:1016 - TRAIN_EPOCH_RESOURCE epoch=192 seconds=350.7501154758502 peak_allocated_bytes=3885782016
2026-10-08 06:37:59.070 | INFO     | __main__:<module>:516 - METHOD epoch=193 views=2 awp_gamma=0.002 consistency_weight=0.75 awp_nat_weight=1.0
2026-10-08 06:37:59.070 | INFO     | __main__:<module>:519 - the 193th epoch 
2026-10-08 06:38:00.021 | INFO     | __main__:<module>:531 - METHOD_BATCH epoch=193 step=0 adv_kd=0.020539192482829094 awp_adv_grad_norm=0.15433287620544434 awp_adv_nat_cos=0.1364346742630005 awp_gamma=0.002 awp_mix_adv_cos=0.8006846308708191 awp_mix_grad_norm=0.2148953229188919 awp_nat_grad_norm=0.12995600700378418 awp_nat_weight=1.0 awp_relative_norm_max=0.0020000003278255463 clean_ce=0.1347721517086029 clean_ce_term=0.0014666288625448942 consistency_term=0.003264346858486533 consistency_weight=0.75 js_raw=0.04352462291717529 lr=0.0809908052151894 nat_kd=0.013386343605816364 pcgrad_conflicts=0 push=0.02976139262318611 push_term=0.0024326962884515524 student_updates=1 teacher_ce=0.6111610233783722 teacher_lr=3.865976623194185e-05 teacher_margin=0.4128817319869995 teacher_margin_term=0.0038322294130921364 teacher_updates=1 temp_adv=1.127999999999986 temp_nat=3.640999999999709 temperature_updates=1 total_loss=0.04492143541574478 views=2
2026-10-08 06:39:29.870 | INFO     | __main__:<module>:531 - METHOD_BATCH epoch=193 step=100 adv_kd=0.01703440025448799 awp_adv_grad_norm=0.12749361991882324 awp_adv_nat_cos=0.12772557139396667 awp_gamma=0.002 awp_mix_adv_cos=0.8523889780044556 awp_mix_grad_norm=0.1624021828174591 awp_nat_grad_norm=0.08562272042036057 awp_nat_weight=1.0 awp_relative_norm_max=0.0020000000949949026 clean_ce=0.1343950480222702 clean_ce_term=0.0014625252224504948 consistency_term=0.002141235861927271 consistency_weight=0.75 js_raw=0.028549809008836746 lr=0.0809908052151894 nat_kd=0.009213129058480263 pcgrad_conflicts=0 push=0.02183888852596283 push_term=0.0017851106822490692 student_updates=1 teacher_ce=0.5425402224063873 teacher_lr=3.865976623194185e-05 teacher_margin=0.2982397675514221 teacher_margin_term=0.0027681610081344843 teacher_updates=1 temp_adv=1.127999999999986 temp_nat=3.640999999999709 temperature_updates=1 total_loss=0.034404560923576355 views=2
2026-10-08 06:40:59.511 | INFO     | __main__:<module>:531 - METHOD_BATCH epoch=193 step=200 adv_kd=0.02091681957244873 awp_adv_grad_norm=0.15839911997318268 awp_adv_nat_cos=0.11502441018819809 awp_gamma=0.002 awp_mix_adv_cos=0.8225250244140625 awp_mix_grad_norm=0.2093370109796524 awp_nat_grad_norm=0.11985145509243011 awp_nat_weight=1.0 awp_relative_norm_max=0.0020000003278255463 clean_ce=0.12736636400222778 clean_ce_term=0.0013860370963811874 consistency_term=0.001861605211161077 consistency_weight=0.75 js_raw=0.02482140250504017 lr=0.0809908052151894 nat_kd=0.012035815045237541 pcgrad_conflicts=0 push=0.025570739060640335 push_term=0.0020901523530483246 student_updates=1 teacher_ce=0.5612317025661469 teacher_lr=3.865976623194185e-05 teacher_margin=0.40518543124198914 teacher_margin_term=0.0037607946433126926 teacher_updates=1 temp_adv=1.135999999999985 temp_nat=3.63299999999971 temperature_updates=1 total_loss=0.042051222175359726 views=2
2026-10-08 06:42:29.154 | INFO     | __main__:<module>:531 - METHOD_BATCH epoch=193 step=300 adv_kd=0.02217106521129608 awp_adv_grad_norm=0.16134661436080933 awp_adv_nat_cos=0.11762018501758575 awp_gamma=0.002 awp_mix_adv_cos=0.897226870059967 awp_mix_grad_norm=0.1909594088792801 awp_nat_grad_norm=0.08491136878728867 awp_nat_weight=1.0 awp_relative_norm_max=0.0020000003278255463 clean_ce=0.12744365632534027 clean_ce_term=0.0013868780806660652 consistency_term=0.0033627275843173265 consistency_weight=0.75 js_raw=0.044836368411779404 lr=0.0809908052151894 nat_kd=0.010331506840884686 pcgrad_conflicts=0 push=0.03847682103514671 push_term=0.0031450954265892506 student_updates=1 teacher_ce=0.5617130100727081 teacher_lr=3.865976623194185e-05 teacher_margin=0.46391940116882324 teacher_margin_term=0.004305943846702576 teacher_updates=1 temp_adv=1.1339999999999852 temp_nat=3.63499999999971 temperature_updates=1 total_loss=0.04470321908593178 views=2
2026-10-08 06:43:49.535 | INFO     | __main__:<module>:1016 - TRAIN_EPOCH_RESOURCE epoch=193 seconds=350.4644519020803 peak_allocated_bytes=3885782016
2026-10-08 06:43:49.535 | INFO     | __main__:<module>:516 - METHOD epoch=194 views=2 awp_gamma=0.002 consistency_weight=0.75 awp_nat_weight=1.0
2026-10-08 06:43:49.535 | INFO     | __main__:<module>:519 - the 194th epoch 
2026-10-08 06:43:50.484 | INFO     | __main__:<module>:531 - METHOD_BATCH epoch=194 step=0 adv_kd=0.019014114513993263 awp_adv_grad_norm=0.1480935961008072 awp_adv_nat_cos=0.20300310850143433 awp_gamma=0.002 awp_mix_adv_cos=0.6465581059455872 awp_mix_grad_norm=0.30322128534317017 awp_nat_grad_norm=0.23623572289943695 awp_nat_weight=1.0 awp_relative_norm_max=0.0020000003278255463 clean_ce=0.15912574529647827 clean_ce_term=0.0017811274155974388 consistency_term=0.003074654145166278 consistency_weight=0.75 js_raw=0.040995389223098755 lr=0.0801609520146163 nat_kd=0.021067695692181587 pcgrad_conflicts=0 push=0.025940891355276108 push_term=0.002120408695191145 student_updates=1 teacher_ce=0.6006330847740173 teacher_lr=3.804860436879556e-05 teacher_margin=0.3827994763851166 teacher_margin_term=0.0036016872618347406 teacher_updates=1 temp_adv=1.1329999999999854 temp_nat=3.6359999999997097 temperature_updates=1 total_loss=0.05065968632698059 views=2
2026-10-08 06:45:20.181 | INFO     | __main__:<module>:531 - METHOD_BATCH epoch=194 step=100 adv_kd=0.01993667334318161 awp_adv_grad_norm=0.17616650462150574 awp_adv_nat_cos=0.024057498201727867 awp_gamma=0.002 awp_mix_adv_cos=0.8169849514961243 awp_mix_grad_norm=0.21935594081878662 awp_nat_grad_norm=0.12653018534183502 awp_nat_weight=1.0 awp_relative_norm_max=0.0020000003278255463 clean_ce=0.1538386046886444 clean_ce_term=0.0017219472210854292 consistency_term=0.0025206671562045813 consistency_weight=0.75 js_raw=0.03360889479517937 lr=0.0801609520146163 nat_kd=0.011065545491874218 pcgrad_conflicts=0 push=0.03374137729406357 push_term=0.00275802006945014 student_updates=1 teacher_ce=0.5240482687950134 teacher_lr=3.804860436879556e-05 teacher_margin=0.38304001092910767 teacher_margin_term=0.0036039506085217 teacher_updates=1 temp_adv=1.1309999999999856 temp_nat=3.6379999999997095 temperature_updates=1 total_loss=0.04160679876804352 views=2
2026-10-08 06:46:49.842 | INFO     | __main__:<module>:531 - METHOD_BATCH epoch=194 step=200 adv_kd=0.024597004055976868 awp_adv_grad_norm=0.22653904557228088 awp_adv_nat_cos=0.15741291642189026 awp_gamma=0.002 awp_mix_adv_cos=0.9076316952705383 awp_mix_grad_norm=0.26945820450782776 awp_nat_grad_norm=0.11453777551651001 awp_nat_weight=1.0 awp_relative_norm_max=0.0020000000949949026 clean_ce=0.13095569610595703 clean_ce_term=0.0014658141881227493 consistency_term=0.0035867299884557724 consistency_weight=0.75 js_raw=0.047823067754507065 lr=0.0801609520146163 nat_kd=0.010568549856543541 pcgrad_conflicts=0 push=0.03538496047258377 push_term=0.002892366610467434 student_updates=1 teacher_ce=0.5167511403560638 teacher_lr=3.804860436879556e-05 teacher_margin=0.494361937046051 teacher_margin_term=0.004651357419788837 teacher_updates=1 temp_adv=1.136999999999985 temp_nat=3.63199999999971 temperature_updates=1 total_loss=0.04776182770729065 views=2
2026-10-08 06:48:19.492 | INFO     | __main__:<module>:531 - METHOD_BATCH epoch=194 step=300 adv_kd=0.024312473833560944 awp_adv_grad_norm=0.18924273550510406 awp_adv_nat_cos=0.14097344875335693 awp_gamma=0.002 awp_mix_adv_cos=0.877330482006073 awp_mix_grad_norm=0.23392274975776672 awp_nat_grad_norm=0.1133887842297554 awp_nat_weight=1.0 awp_relative_norm_max=0.0020000003278255463 clean_ce=0.13400083780288696 clean_ce_term=0.001499899197369814 consistency_term=0.0033145309425890446 consistency_weight=0.75 js_raw=0.04419374465942383 lr=0.0801609520146163 nat_kd=0.01244543306529522 pcgrad_conflicts=0 push=0.022008437663316727 push_term=0.0017989696934819221 student_updates=1 teacher_ce=0.5185863971710205 teacher_lr=3.804860436879556e-05 teacher_margin=0.4970934987068176 teacher_margin_term=0.004677058197557926 teacher_updates=1 temp_adv=1.1329999999999854 temp_nat=3.6359999999997097 temperature_updates=1 total_loss=0.048048362135887146 views=2
2026-10-08 06:49:39.769 | INFO     | __main__:<module>:1016 - TRAIN_EPOCH_RESOURCE epoch=194 seconds=350.23331163614057 peak_allocated_bytes=3885782016
2026-10-08 06:49:39.769 | INFO     | __main__:<module>:516 - METHOD epoch=195 views=2 awp_gamma=0.002 consistency_weight=0.75 awp_nat_weight=1.0
2026-10-08 06:49:39.769 | INFO     | __main__:<module>:519 - the 195th epoch 
2026-10-08 06:49:40.716 | INFO     | __main__:<module>:531 - METHOD_BATCH epoch=195 step=0 adv_kd=0.02103239670395851 awp_adv_grad_norm=0.15095974504947662 awp_adv_nat_cos=0.1226426288485527 awp_gamma=0.002 awp_mix_adv_cos=0.8529459834098816 awp_mix_grad_norm=0.19146645069122314 awp_nat_grad_norm=0.10070554912090302 awp_nat_weight=1.0 awp_relative_norm_max=0.0020000003278255463 clean_ce=0.1317087858915329 clean_ce_term=0.0015151950065046549 consistency_term=0.0037699476815760136 consistency_weight=0.75 js_raw=0.05026596784591675 lr=0.07931784442127823 nat_kd=0.011074747890233994 pcgrad_conflicts=0 push=0.027671637013554573 push_term=0.0022618796210736036 student_updates=1 teacher_ce=0.6674149632453918 teacher_lr=3.7439347597580925e-05 teacher_margin=0.37601473927497864 teacher_margin_term=0.003585659898817539 teacher_updates=1 temp_adv=1.127999999999986 temp_nat=3.640999999999709 temperature_updates=1 total_loss=0.04323982447385788 views=2
2026-10-08 06:51:10.268 | INFO     | __main__:<module>:531 - METHOD_BATCH epoch=195 step=100 adv_kd=0.016340401023626328 awp_adv_grad_norm=0.13693155348300934 awp_adv_nat_cos=0.06679335236549377 awp_gamma=0.002 awp_mix_adv_cos=0.833717405796051 awp_mix_grad_norm=0.17186221480369568 awp_nat_grad_norm=0.09511327743530273 awp_nat_weight=1.0 awp_relative_norm_max=0.0020000003278255463 clean_ce=0.16623318195343018 clean_ce_term=0.0019123682286590338 consistency_term=0.0029353329446166754 consistency_weight=0.75 js_raw=0.03913777321577072 lr=0.07931784442127823 nat_kd=0.009758559055626392 pcgrad_conflicts=0 push=0.0277108121663332 push_term=0.0022650817409157753 student_updates=1 teacher_ce=0.48236827552318573 teacher_lr=3.7439347597580925e-05 teacher_margin=0.31084030866622925 teacher_margin_term=0.00296415900811553 teacher_updates=1 temp_adv=1.1339999999999852 temp_nat=3.63499999999971 temperature_updates=1 total_loss=0.03617590293288231 views=2
2026-10-08 06:52:39.815 | INFO     | __main__:<module>:531 - METHOD_BATCH epoch=195 step=200 adv_kd=0.020931977778673172 awp_adv_grad_norm=0.17472349107265472 awp_adv_nat_cos=0.11285663396120071 awp_gamma=0.002 awp_mix_adv_cos=0.8413022756576538 awp_mix_grad_norm=0.22403210401535034 awp_nat_grad_norm=0.12188252806663513 awp_nat_weight=1.0 awp_relative_norm_max=0.0020000003278255463 clean_ce=0.11572983115911484 clean_ce_term=0.001331371022388339 consistency_term=0.0027526600752025843 consistency_weight=0.75 js_raw=0.03670213371515274 lr=0.07931784442127823 nat_kd=0.011059568263590336 pcgrad_conflicts=0 push=0.028845492750406265 push_term=0.0023578305263072252 student_updates=1 teacher_ce=0.6772795021533966 teacher_lr=3.7439347597580925e-05 teacher_margin=0.4137691855430603 teacher_margin_term=0.003945684526115656 teacher_updates=1 temp_adv=1.1379999999999848 temp_nat=3.6309999999997102 temperature_updates=1 total_loss=0.042379092425107956 views=2
2026-10-08 06:54:09.775 | INFO     | __main__:<module>:531 - METHOD_BATCH epoch=195 step=300 adv_kd=0.02144872210919857 awp_adv_grad_norm=0.1943012923002243 awp_adv_nat_cos=0.13838304579257965 awp_gamma=0.002 awp_mix_adv_cos=0.8643619418144226 awp_mix_grad_norm=0.24468198418617249 awp_nat_grad_norm=0.12423858791589737 awp_nat_weight=1.0 awp_relative_norm_max=0.0020000003278255463 clean_ce=0.14304687082767487 clean_ce_term=0.0016456297598779202 consistency_term=0.003582337638363242 consistency_weight=0.75 js_raw=0.04776449874043465 lr=0.07931784442127823 nat_kd=0.011448025703430176 pcgrad_conflicts=0 push=0.02482997626066208 push_term=0.0020296021830290556 student_updates=1 teacher_ce=0.5091181844472885 teacher_lr=3.7439347597580925e-05 teacher_margin=0.40242695808410645 teacher_margin_term=0.0038375253789126873 teacher_updates=1 temp_adv=1.1399999999999846 temp_nat=3.6289999999997105 temperature_updates=1 total_loss=0.04399184137582779 views=2
2026-10-08 06:55:30.191 | INFO     | __main__:<module>:1016 - TRAIN_EPOCH_RESOURCE epoch=195 seconds=350.42114007496275 peak_allocated_bytes=3885782016
2026-10-08 06:55:30.191 | INFO     | __main__:<module>:516 - METHOD epoch=196 views=2 awp_gamma=0.002 consistency_weight=0.75 awp_nat_weight=1.0
2026-10-08 06:55:30.191 | INFO     | __main__:<module>:519 - the 196th epoch 
2026-10-08 06:55:31.137 | INFO     | __main__:<module>:531 - METHOD_BATCH epoch=196 step=0 adv_kd=0.014534259214997292 awp_adv_grad_norm=0.12149399518966675 awp_adv_nat_cos=0.041102152317762375 awp_gamma=0.002 awp_mix_adv_cos=0.8260770440101624 awp_mix_grad_norm=0.15132008492946625 awp_nat_grad_norm=0.08534964174032211 awp_nat_weight=1.0 awp_relative_norm_max=0.0020000003278255463 clean_ce=0.1616903692483902 clean_ce_term=0.0019103800877928734 consistency_term=0.0023048711009323597 consistency_weight=0.75 js_raw=0.03073161467909813 lr=0.0784618546607908 nat_kd=0.00878944806754589 pcgrad_conflicts=0 push=0.03332790732383728 push_term=0.0027242230717092752 student_updates=1 teacher_ce=0.4479493647813797 teacher_lr=3.683209216753878e-05 teacher_margin=0.25562554597854614 teacher_margin_term=0.0024701356887817383 teacher_updates=1 temp_adv=1.1349999999999851 temp_nat=3.63399999999971 temperature_updates=1 total_loss=0.03273331746459007 views=2
2026-10-08 06:57:02.236 | INFO     | __main__:<module>:531 - METHOD_BATCH epoch=196 step=100 adv_kd=0.016423042863607407 awp_adv_grad_norm=0.1373298466205597 awp_adv_nat_cos=0.07422597706317902 awp_gamma=0.002 awp_mix_adv_cos=0.8454765677452087 awp_mix_grad_norm=0.17044168710708618 awp_nat_grad_norm=0.09126979857683182 awp_nat_weight=1.0 awp_relative_norm_max=0.0020000003278255463 clean_ce=0.14344137907028198 clean_ce_term=0.0016947672702372074 consistency_term=0.0016512286383658648 consistency_weight=0.75 js_raw=0.022016379982233047 lr=0.0784618546607908 nat_kd=0.00900414027273655 pcgrad_conflicts=0 push=0.03074038028717041 push_term=0.002512718550860882 student_updates=1 teacher_ce=0.5234599113464355 teacher_lr=3.683209216753878e-05 teacher_margin=0.33084672689437866 teacher_margin_term=0.0031970052514225245 teacher_updates=1 temp_adv=1.1329999999999854 temp_nat=3.6359999999997097 temperature_updates=1 total_loss=0.03448290377855301 views=2
2026-10-08 06:58:32.002 | INFO     | __main__:<module>:531 - METHOD_BATCH epoch=196 step=200 adv_kd=0.02116144634783268 awp_adv_grad_norm=0.1748138815164566 awp_adv_nat_cos=0.1331404596567154 awp_gamma=0.002 awp_mix_adv_cos=0.893045961856842 awp_mix_grad_norm=0.20996162295341492 awp_nat_grad_norm=0.09532412886619568 awp_nat_weight=1.0 awp_relative_norm_max=0.0020000003278255463 clean_ce=0.1433326005935669 clean_ce_term=0.001693482045084238 consistency_term=0.0032240606378763914 consistency_weight=0.75 js_raw=0.04298747330904007 lr=0.0784618546607908 nat_kd=0.010358128696680069 pcgrad_conflicts=0 push=0.029805419966578484 push_term=0.0024362951517105103 student_updates=1 teacher_ce=0.5194704234600067 teacher_lr=3.683209216753878e-05 teacher_margin=0.4126861095428467 teacher_margin_term=0.003987827338278294 teacher_updates=1 temp_adv=1.1289999999999858 temp_nat=3.6399999999997092 temperature_updates=1 total_loss=0.04286123812198639 views=2
2026-10-08 07:00:01.534 | INFO     | __main__:<module>:531 - METHOD_BATCH epoch=196 step=300 adv_kd=0.02004951611161232 awp_adv_grad_norm=0.1496676504611969 awp_adv_nat_cos=0.10904289782047272 awp_gamma=0.002 awp_mix_adv_cos=0.8599265813827515 awp_mix_grad_norm=0.18616876006126404 awp_nat_grad_norm=0.09559386223554611 awp_nat_weight=1.0 awp_relative_norm_max=0.0020000003278255463 clean_ce=0.13766172528266907 clean_ce_term=0.0016264802543446422 consistency_term=0.003114813705906272 consistency_weight=0.75 js_raw=0.04153084754943848 lr=0.0784618546607908 nat_kd=0.009157383814454079 pcgrad_conflicts=0 push=0.033742036670446396 push_term=0.0027580740861594677 student_updates=1 teacher_ce=0.5295085906982422 teacher_lr=3.683209216753878e-05 teacher_margin=0.36767321825027466 teacher_margin_term=0.003552863374352455 teacher_updates=1 temp_adv=1.1249999999999862 temp_nat=3.643999999999709 temperature_updates=1 total_loss=0.04025913029909134 views=2
2026-10-08 07:01:21.838 | INFO     | __main__:<module>:1016 - TRAIN_EPOCH_RESOURCE epoch=196 seconds=351.64670478296466 peak_allocated_bytes=3885782016
2026-10-08 07:01:21.838 | INFO     | __main__:<module>:516 - METHOD epoch=197 views=2 awp_gamma=0.002 consistency_weight=0.75 awp_nat_weight=1.0
2026-10-08 07:01:21.838 | INFO     | __main__:<module>:519 - the 197th epoch 
2026-10-08 07:01:22.785 | INFO     | __main__:<module>:531 - METHOD_BATCH epoch=197 step=0 adv_kd=0.021139085292816162 awp_adv_grad_norm=0.1729011982679367 awp_adv_nat_cos=0.12665198743343353 awp_gamma=0.002 awp_mix_adv_cos=0.8826804757118225 awp_mix_grad_norm=0.2101696878671646 awp_nat_grad_norm=0.09957603365182877 awp_nat_weight=1.0 awp_relative_norm_max=0.0020000003278255463 clean_ce=0.1411377191543579 clean_ce_term=0.0017114324728026986 consistency_term=0.004652793053537607 consistency_weight=0.75 js_raw=0.062037236988544464 lr=0.07759336061712988 nat_kd=0.010492995381355286 pcgrad_conflicts=0 push=0.038523972034454346 push_term=0.0031489492394030094 student_updates=1 teacher_ce=0.47705115377902985 teacher_lr=3.6226933997279435e-05 teacher_margin=0.4462142586708069 teacher_margin_term=0.0043685478158295155 teacher_updates=1 temp_adv=1.1379999999999848 temp_nat=3.6309999999997102 temperature_updates=1 total_loss=0.045513805001974106 views=2
2026-10-08 07:02:52.345 | INFO     | __main__:<module>:531 - METHOD_BATCH epoch=197 step=100 adv_kd=0.01616845652461052 awp_adv_grad_norm=0.12955766916275024 awp_adv_nat_cos=0.10075405985116959 awp_gamma=0.002 awp_mix_adv_cos=0.804282546043396 awp_mix_grad_norm=0.17411242425441742 awp_nat_grad_norm=0.10399497300386429 awp_nat_weight=1.0 awp_relative_norm_max=0.0020000003278255463 clean_ce=0.14800776541233063 clean_ce_term=0.0017947384621948004 consistency_term=0.002935252618044615 consistency_weight=0.75 js_raw=0.039136700332164764 lr=0.07759336061712988 nat_kd=0.009966889396309853 pcgrad_conflicts=0 push=0.027195975184440613 push_term=0.0022229989990592003 student_updates=1 teacher_ce=0.5891376733779907 teacher_lr=3.6226933997279435e-05 teacher_margin=0.2979170083999634 teacher_margin_term=0.0029166811145842075 teacher_updates=1 temp_adv=1.1419999999999844 temp_nat=3.6269999999997107 temperature_updates=1 total_loss=0.03600502014160156 views=2
2026-10-08 07:04:23.006 | INFO     | __main__:<module>:531 - METHOD_BATCH epoch=197 step=200 adv_kd=0.02114909328520298 awp_adv_grad_norm=0.1721748411655426 awp_adv_nat_cos=0.09074366092681885 awp_gamma=0.002 awp_mix_adv_cos=0.8320904970169067 awp_mix_grad_norm=0.22029869258403778 awp_nat_grad_norm=0.12269266694784164 awp_nat_weight=1.0 awp_relative_norm_max=0.0020000003278255463 clean_ce=0.1455664038658142 clean_ce_term=0.0017651343951001763 consistency_term=0.0028634476475417614 consistency_weight=0.75 js_raw=0.03817930072546005 lr=0.07759336061712988 nat_kd=0.011569627560675144 pcgrad_conflicts=1 push=0.026196211576461792 push_term=0.002141278237104416 student_updates=1 teacher_ce=0.5034342706203461 teacher_lr=3.6226933997279435e-05 teacher_margin=0.4423144459724426 teacher_margin_term=0.004330367781221867 teacher_updates=1 temp_adv=1.1339999999999852 temp_nat=3.63499999999971 temperature_updates=1 total_loss=0.04381894692778587 views=2
2026-10-08 07:05:53.632 | INFO     | __main__:<module>:531 - METHOD_BATCH epoch=197 step=300 adv_kd=0.021131198853254318 awp_adv_grad_norm=0.1661829948425293 awp_adv_nat_cos=0.10704469680786133 awp_gamma=0.002 awp_mix_adv_cos=0.9016605019569397 awp_mix_grad_norm=0.19434285163879395 awp_nat_grad_norm=0.08452817797660828 awp_nat_weight=1.0 awp_relative_norm_max=0.0020000003278255463 clean_ce=0.13912200927734375 clean_ce_term=0.0016869897954165936 consistency_term=0.002196471206843853 consistency_weight=0.75 js_raw=0.029286282137036324 lr=0.07759336061712988 nat_kd=0.008505595847964287 pcgrad_conflicts=0 push=0.03584476187825203 push_term=0.0029299508314579725 student_updates=1 teacher_ce=0.48000289499759674 teacher_lr=3.6226933997279435e-05 teacher_margin=0.44969215989112854 teacher_margin_term=0.004402597434818745 teacher_updates=1 temp_adv=1.1399999999999846 temp_nat=3.6289999999997105 temperature_updates=1 total_loss=0.040852803736925125 views=2
2026-10-08 07:07:14.598 | INFO     | __main__:<module>:1016 - TRAIN_EPOCH_RESOURCE epoch=197 seconds=352.75948050105944 peak_allocated_bytes=3885782016
2026-10-08 07:07:14.599 | INFO     | __main__:<module>:516 - METHOD epoch=198 views=2 awp_gamma=0.002 consistency_weight=0.75 awp_nat_weight=1.0
2026-10-08 07:07:14.599 | INFO     | __main__:<module>:519 - the 198th epoch 
2026-10-08 07:07:15.564 | INFO     | __main__:<module>:531 - METHOD_BATCH epoch=198 step=0 adv_kd=0.019138626754283905 awp_adv_grad_norm=0.14668269455432892 awp_adv_nat_cos=0.12051144987344742 awp_gamma=0.002 awp_mix_adv_cos=0.8901556134223938 awp_mix_grad_norm=0.17570140957832336 awp_nat_grad_norm=0.08064726740121841 awp_nat_weight=1.0 awp_relative_norm_max=0.0020000003278255463 clean_ce=0.14692768454551697 clean_ce_term=0.0018273245077580214 consistency_term=0.0027045838069170713 consistency_weight=0.75 js_raw=0.0360611155629158 lr=0.07671274566408602 nat_kd=0.009361029602587223 pcgrad_conflicts=0 push=0.024998337030410767 push_term=0.002043364103883505 student_updates=1 teacher_ce=0.47327348589897156 teacher_lr=3.5623968659452956e-05 teacher_margin=0.4218907952308655 teacher_margin_term=0.004184057004749775 teacher_updates=1 temp_adv=1.1409999999999845 temp_nat=3.6279999999997106 temperature_updates=1 total_loss=0.039258986711502075 views=2
2026-10-08 07:08:46.089 | INFO     | __main__:<module>:531 - METHOD_BATCH epoch=198 step=100 adv_kd=0.015846729278564453 awp_adv_grad_norm=0.130970761179924 awp_adv_nat_cos=0.08024046570062637 awp_gamma=0.002 awp_mix_adv_cos=0.7466498613357544 awp_mix_grad_norm=0.18896375596523285 awp_nat_grad_norm=0.1261085718870163 awp_nat_weight=1.0 awp_relative_norm_max=0.0020000003278255463 clean_ce=0.1529545783996582 clean_ce_term=0.0019022802589461207 consistency_term=0.002042873529717326 consistency_weight=0.75 js_raw=0.02723831497132778 lr=0.07671274566408602 nat_kd=0.012269673869013786 pcgrad_conflicts=0 push=0.03544441610574722 push_term=0.002897226484492421 student_updates=1 teacher_ce=0.5408265292644501 teacher_lr=3.5623968659452956e-05 teacher_margin=0.32117873430252075 teacher_margin_term=0.0031852556858211756 teacher_updates=1 temp_adv=1.1349999999999851 temp_nat=3.63399999999971 temperature_updates=1 total_loss=0.03814403712749481 views=2
2026-10-08 07:10:16.637 | INFO     | __main__:<module>:531 - METHOD_BATCH epoch=198 step=200 adv_kd=0.0216556154191494 awp_adv_grad_norm=0.17298927903175354 awp_adv_nat_cos=0.116432324051857 awp_gamma=0.002 awp_mix_adv_cos=0.8213607668876648 awp_mix_grad_norm=0.22927916049957275 awp_nat_grad_norm=0.1316784918308258 awp_nat_weight=1.0 awp_relative_norm_max=0.0020000003278255463 clean_ce=0.13884828984737396 clean_ce_term=0.0017268417868763208 consistency_term=0.00208295788615942 consistency_weight=0.75 js_raw=0.027772771194577217 lr=0.07671274566408602 nat_kd=0.013697925955057144 pcgrad_conflicts=0 push=0.026409339159727097 push_term=0.0021586993243545294 student_updates=1 teacher_ce=0.6133208274841309 teacher_lr=3.5623968659452956e-05 teacher_margin=0.4063781499862671 teacher_margin_term=0.004030211828649044 teacher_updates=1 temp_adv=1.1289999999999858 temp_nat=3.6399999999997092 temperature_updates=1 total_loss=0.045352254062891006 views=2
2026-10-08 07:11:47.787 | INFO     | __main__:<module>:531 - METHOD_BATCH epoch=198 step=300 adv_kd=0.021642273291945457 awp_adv_grad_norm=0.16030259430408478 awp_adv_nat_cos=0.11063997447490692 awp_gamma=0.002 awp_mix_adv_cos=0.8789366483688354 awp_mix_grad_norm=0.1941080540418625 awp_nat_grad_norm=0.09314952045679092 awp_nat_weight=1.0 awp_relative_norm_max=0.0020000003278255463 clean_ce=0.13845019042491913 clean_ce_term=0.0017218906432390213 consistency_term=0.0028182584792375565 consistency_weight=0.75 js_raw=0.03757677972316742 lr=0.07671274566408602 nat_kd=0.00955786369740963 pcgrad_conflicts=0 push=0.03848125785589218 push_term=0.0031454579439014196 student_updates=1 teacher_ce=0.5906655192375183 teacher_lr=3.5623968659452956e-05 teacher_margin=0.45416146516799927 teacher_margin_term=0.004504097625613213 teacher_updates=1 temp_adv=1.1289999999999858 temp_nat=3.6399999999997092 temperature_updates=1 total_loss=0.04338984191417694 views=2
2026-10-08 07:13:09.088 | INFO     | __main__:<module>:1016 - TRAIN_EPOCH_RESOURCE epoch=198 seconds=354.4876700239256 peak_allocated_bytes=3885782016
2026-10-08 07:13:09.088 | INFO     | __main__:<module>:516 - METHOD epoch=199 views=2 awp_gamma=0.002 consistency_weight=0.75 awp_nat_weight=1.0
2026-10-08 07:13:09.088 | INFO     | __main__:<module>:519 - the 199th epoch 
2026-10-08 07:13:10.050 | INFO     | __main__:<module>:531 - METHOD_BATCH epoch=199 step=0 adv_kd=0.023156534880399704 awp_adv_grad_norm=0.18389111757278442 awp_adv_nat_cos=0.07643604278564453 awp_gamma=0.002 awp_mix_adv_cos=0.9014192223548889 awp_mix_grad_norm=0.21180015802383423 awp_nat_grad_norm=0.0919673815369606 awp_nat_weight=1.0 awp_relative_norm_max=0.0020000003278255463 clean_ce=0.12874895334243774 clean_ce_term=0.0016412681434303522 consistency_term=0.0028426169883459806 consistency_weight=0.75 js_raw=0.037901557981967926 lr=0.07582039849428059 nat_kd=0.00891835056245327 pcgrad_conflicts=0 push=0.04062899574637413 push_term=0.0033210141118615866 student_updates=1 teacher_ce=0.5415883660316467 teacher_lr=3.502329136547651e-05 teacher_margin=0.487186461687088 teacher_margin_term=0.004893563687801361 teacher_updates=1 temp_adv=1.1379999999999848 temp_nat=3.6309999999997102 temperature_updates=1 total_loss=0.044773347675800323 views=2
2026-10-08 07:14:40.595 | INFO     | __main__:<module>:531 - METHOD_BATCH epoch=199 step=100 adv_kd=0.02048596926033497 awp_adv_grad_norm=0.17172549664974213 awp_adv_nat_cos=0.15678884088993073 awp_gamma=0.002 awp_mix_adv_cos=0.9152147769927979 awp_mix_grad_norm=0.20173494517803192 awp_nat_grad_norm=0.08231032639741898 awp_nat_weight=1.0 awp_relative_norm_max=0.0020000000949949026 clean_ce=0.14142784476280212 clean_ce_term=0.0018028964987024665 consistency_term=0.0028674346394836903 consistency_weight=0.75 js_raw=0.038232460618019104 lr=0.07582039849428059 nat_kd=0.008712584152817726 pcgrad_conflicts=0 push=0.031479768455028534 push_term=0.0025731560308486223 student_updates=1 teacher_ce=0.45526307821273804 teacher_lr=3.502329136547651e-05 teacher_margin=0.41762274503707886 teacher_margin_term=0.0041948286816477776 teacher_updates=1 temp_adv=1.127999999999986 temp_nat=3.640999999999709 temperature_updates=1 total_loss=0.04063687101006508 views=2
2026-10-08 07:16:11.094 | INFO     | __main__:<module>:531 - METHOD_BATCH epoch=199 step=200 adv_kd=0.019961167126893997 awp_adv_grad_norm=0.1626707911491394 awp_adv_nat_cos=0.16652917861938477 awp_gamma=0.002 awp_mix_adv_cos=0.8499735593795776 awp_mix_grad_norm=0.2137594074010849 awp_nat_grad_norm=0.11420860886573792 awp_nat_weight=1.0 awp_relative_norm_max=0.0020000003278255463 clean_ce=0.13449005782604218 clean_ce_term=0.0017144548473879695 consistency_term=0.0033549368381500244 consistency_weight=0.75 js_raw=0.04473249241709709 lr=0.07582039849428059 nat_kd=0.011394877918064594 pcgrad_conflicts=0 push=0.03047977015376091 push_term=0.002491416409611702 student_updates=1 teacher_ce=0.6020475327968597 teacher_lr=3.502329136547651e-05 teacher_margin=0.36147013306617737 teacher_margin_term=0.0036308011040091515 teacher_updates=1 temp_adv=1.1319999999999855 temp_nat=3.6369999999997096 temperature_updates=1 total_loss=0.04254765808582306 views=2
2026-10-08 07:17:41.863 | INFO     | __main__:<module>:531 - METHOD_BATCH epoch=199 step=300 adv_kd=0.019935745745897293 awp_adv_grad_norm=0.16021879017353058 awp_adv_nat_cos=0.0880194678902626 awp_gamma=0.002 awp_mix_adv_cos=0.8715334534645081 awp_mix_grad_norm=0.19345276057720184 awp_nat_grad_norm=0.09522643685340881 awp_nat_weight=1.0 awp_relative_norm_max=0.0020000003278255463 clean_ce=0.14382344484329224 clean_ce_term=0.0018334351480007172 consistency_term=0.003429203061386943 consistency_weight=0.75 js_raw=0.045722708106040955 lr=0.07582039849428059 nat_kd=0.011046321131289005 pcgrad_conflicts=0 push=0.041098274290561676 push_term=0.0033593731932342052 student_updates=1 teacher_ce=0.5079032927751541 teacher_lr=3.502329136547651e-05 teacher_margin=0.44106507301330566 teacher_margin_term=0.004430295433849096 teacher_updates=1 temp_adv=1.135999999999985 temp_nat=3.63299999999971 temperature_updates=1 total_loss=0.04403437301516533 views=2
2026-10-08 07:19:03.669 | INFO     | __main__:<module>:1016 - TRAIN_EPOCH_RESOURCE epoch=199 seconds=354.5777023991104 peak_allocated_bytes=3885782016
2026-10-08 07:19:03.671 | INFO     | __main__:<module>:516 - METHOD epoch=200 views=2 awp_gamma=0.002 consistency_weight=0.75 awp_nat_weight=1.0
2026-10-08 07:19:03.671 | INFO     | __main__:<module>:519 - the 200th epoch 
2026-10-08 07:19:04.635 | INFO     | __main__:<module>:531 - METHOD_BATCH epoch=200 step=0 adv_kd=0.018178675323724747 awp_adv_grad_norm=0.13884346187114716 awp_adv_nat_cos=0.2216312289237976 awp_gamma=0.002 awp_mix_adv_cos=0.8322021961212158 awp_mix_grad_norm=0.19661208987236023 awp_nat_grad_norm=0.1117962971329689 awp_nat_weight=1.0 awp_relative_norm_max=0.0020000003278255463 clean_ce=0.14664466679096222 clean_ce_term=0.001914994791150093 consistency_term=0.0016265457961708307 consistency_weight=0.75 js_raw=0.021687276661396027 lr=0.07491671294582096 nat_kd=0.011108611710369587 pcgrad_conflicts=0 push=0.026888808235526085 push_term=0.002197891240939498 student_updates=1 teacher_ce=0.47793611884117126 teacher_lr=3.4424996950321364e-05 teacher_margin=0.3679867088794708 teacher_margin_term=0.0037430450320243835 teacher_updates=1 temp_adv=1.1389999999999847 temp_nat=3.6299999999997103 temperature_updates=1 total_loss=0.038769762963056564 views=2
2026-10-08 07:20:35.330 | INFO     | __main__:<module>:531 - METHOD_BATCH epoch=200 step=100 adv_kd=0.017631245777010918 awp_adv_grad_norm=0.14220258593559265 awp_adv_nat_cos=0.19420072436332703 awp_gamma=0.002 awp_mix_adv_cos=0.8024193048477173 awp_mix_grad_norm=0.2078138142824173 awp_nat_grad_norm=0.1264219433069229 awp_nat_weight=1.0 awp_relative_norm_max=0.0020000003278255463 clean_ce=0.13359081745147705 clean_ce_term=0.0017445278353989124 consistency_term=0.0024865162558853626 consistency_weight=0.75 js_raw=0.03315354883670807 lr=0.07491671294582096 nat_kd=0.012080603279173374 pcgrad_conflicts=0 push=0.02638283371925354 push_term=0.00215653283521533 student_updates=1 teacher_ce=0.604777991771698 teacher_lr=3.4424996950321364e-05 teacher_margin=0.33918309211730957 teacher_margin_term=0.0034500635229051113 teacher_updates=1 temp_adv=1.136999999999985 temp_nat=3.63199999999971 temperature_updates=1 total_loss=0.039549488574266434 views=2
2026-10-08 07:22:05.935 | INFO     | __main__:<module>:531 - METHOD_BATCH epoch=200 step=200 adv_kd=0.018994763493537903 awp_adv_grad_norm=0.15881133079528809 awp_adv_nat_cos=0.19087611138820648 awp_gamma=0.002 awp_mix_adv_cos=0.8062422275543213 awp_mix_grad_norm=0.22975921630859375 awp_nat_grad_norm=0.13846811652183533 awp_nat_weight=1.0 awp_relative_norm_max=0.0020000003278255463 clean_ce=0.154561385512352 clean_ce_term=0.002018377184867859 consistency_term=0.0015309365699067712 consistency_weight=0.75 js_raw=0.020412487909197807 lr=0.07491671294582096 nat_kd=0.012574798427522182 pcgrad_conflicts=0 push=0.028759967535734177 push_term=0.002350839786231518 student_updates=1 teacher_ce=0.46977072954177856 teacher_lr=3.4424996950321364e-05 teacher_margin=0.4113810062408447 teacher_margin_term=0.004184437915682793 teacher_updates=1 temp_adv=1.136999999999985 temp_nat=3.63199999999971 temperature_updates=1 total_loss=0.041654154658317566 views=2
2026-10-08 07:23:36.541 | INFO     | __main__:<module>:531 - METHOD_BATCH epoch=200 step=300 adv_kd=0.01897144503891468 awp_adv_grad_norm=0.16244037449359894 awp_adv_nat_cos=0.09010624885559082 awp_gamma=0.002 awp_mix_adv_cos=0.8209651708602905 awp_mix_grad_norm=0.21115174889564514 awp_nat_grad_norm=0.1210554763674736 awp_nat_weight=1.0 awp_relative_norm_max=0.0020000003278255463 clean_ce=0.12938305735588074 clean_ce_term=0.0016895800363272429 consistency_term=0.0033559761941432953 consistency_weight=0.75 js_raw=0.04474634677171707 lr=0.07491671294582096 nat_kd=0.010434920899569988 pcgrad_conflicts=0 push=0.044566020369529724 push_term=0.003642826806753874 student_updates=1 teacher_ce=0.5500601232051849 teacher_lr=3.4424996950321364e-05 teacher_margin=0.39162373542785645 teacher_margin_term=0.003983473405241966 teacher_updates=1 temp_adv=1.136999999999985 temp_nat=3.63199999999971 temperature_updates=1 total_loss=0.04207822307944298 views=2
2026-10-08 07:24:58.152 | INFO     | __main__:<module>:1016 - TRAIN_EPOCH_RESOURCE epoch=200 seconds=354.471978842048 peak_allocated_bytes=3885782016
TRAINING_STATE epoch=200 fingerprint_sha256=b870295824080ef24fdcbdb6f5d5a72c06ab7b9b8dd675c06a79c97e3e3c1ae8
2026-10-08 07:24:58.919 | INFO     | __main__:<module>:516 - METHOD epoch=201 views=2 awp_gamma=0.002 consistency_weight=0.75 awp_nat_weight=1.0
2026-10-08 07:24:58.919 | INFO     | __main__:<module>:519 - the 201th epoch 
2026-10-08 07:24:59.888 | INFO     | __main__:<module>:531 - METHOD_BATCH epoch=201 step=0 adv_kd=0.018344100564718246 awp_adv_grad_norm=0.15614889562129974 awp_adv_nat_cos=0.03680562973022461 awp_gamma=0.002 awp_mix_adv_cos=0.9030954241752625 awp_mix_grad_norm=0.17598626017570496 awp_nat_grad_norm=0.07562676817178726 awp_nat_weight=1.0 awp_relative_norm_max=0.0020000003278255463 clean_ce=0.1618759036064148 clean_ce_term=0.002164226258173585 consistency_term=0.003068990772590041 consistency_weight=0.75 js_raw=0.04091987758874893 lr=0.07400208782667249 nat_kd=0.00836049672216177 pcgrad_conflicts=0 push=0.04071331024169922 push_term=0.0033279061317443848 student_updates=1 teacher_ce=0.4436398893594742 teacher_lr=3.382917985736156e-05 teacher_margin=0.40360352396965027 teacher_margin_term=0.004156644456088543 teacher_updates=1 temp_adv=1.1379999999999848 temp_nat=3.6309999999997102 temperature_updates=1 total_loss=0.03942236304283142 views=2
2026-10-08 07:26:31.032 | INFO     | __main__:<module>:531 - METHOD_BATCH epoch=201 step=100 adv_kd=0.021028142422437668 awp_adv_grad_norm=0.19366833567619324 awp_adv_nat_cos=0.1997128278017044 awp_gamma=0.002 awp_mix_adv_cos=0.8984378576278687 awp_mix_grad_norm=0.23940975964069366 awp_nat_grad_norm=0.10728628188371658 awp_nat_weight=1.0 awp_relative_norm_max=0.0020000003278255463 clean_ce=0.12767431139945984 clean_ce_term=0.0017069625901058316 consistency_term=0.0027591472025960684 consistency_weight=0.75 js_raw=0.03678862750530243 lr=0.07400208782667249 nat_kd=0.009912935085594654 pcgrad_conflicts=0 push=0.03149308264255524 push_term=0.002574244746938348 student_updates=1 teacher_ce=0.5399655401706696 teacher_lr=3.382917985736156e-05 teacher_margin=0.35789841413497925 teacher_margin_term=0.003685935400426388 teacher_updates=1 temp_adv=1.1259999999999861 temp_nat=3.642999999999709 temperature_updates=1 total_loss=0.04166736826300621 views=2
2026-10-08 07:28:01.681 | INFO     | __main__:<module>:531 - METHOD_BATCH epoch=201 step=200 adv_kd=0.017301950603723526 awp_adv_grad_norm=0.1479300707578659 awp_adv_nat_cos=0.07037700712680817 awp_gamma=0.002 awp_mix_adv_cos=0.8584414124488831 awp_mix_grad_norm=0.179907888174057 awp_nat_grad_norm=0.09250621497631073 awp_nat_weight=1.0 awp_relative_norm_max=0.0020000003278255463 clean_ce=0.15121731162071228 clean_ce_term=0.0020217245910316706 consistency_term=0.0022113726008683443 consistency_weight=0.75 js_raw=0.02948496863245964 lr=0.07400208782667249 nat_kd=0.00832429714500904 pcgrad_conflicts=0 push=0.03112209029495716 push_term=0.0025439197197556496 student_updates=1 teacher_ce=0.40803971886634827 teacher_lr=3.382917985736156e-05 teacher_margin=0.37485766410827637 teacher_margin_term=0.003860596101731062 teacher_updates=1 temp_adv=1.1339999999999852 temp_nat=3.63499999999971 temperature_updates=1 total_loss=0.03626386076211929 views=2
2026-10-08 07:29:32.265 | INFO     | __main__:<module>:531 - METHOD_BATCH epoch=201 step=300 adv_kd=0.02144196256995201 awp_adv_grad_norm=0.17188377678394318 awp_adv_nat_cos=0.11719117313623428 awp_gamma=0.002 awp_mix_adv_cos=0.7611927390098572 awp_mix_grad_norm=0.25104841589927673 awp_nat_grad_norm=0.16394101083278656 awp_nat_weight=1.0 awp_relative_norm_max=0.0020000003278255463 clean_ce=0.12327704578638077 clean_ce_term=0.0016481726197525859 consistency_term=0.0034568929113447666 consistency_weight=0.75 js_raw=0.04609190672636032 lr=0.07400208782667249 nat_kd=0.01663481630384922 pcgrad_conflicts=0 push=0.022778738290071487 push_term=0.0018619340844452381 student_updates=1 teacher_ce=0.6290327608585358 teacher_lr=3.382917985736156e-05 teacher_margin=0.4178999066352844 teacher_margin_term=0.004303880501538515 teacher_updates=1 temp_adv=1.135999999999985 temp_nat=3.63299999999971 temperature_updates=1 total_loss=0.0493476577103138 views=2
2026-10-08 07:30:52.615 | INFO     | __main__:<module>:1016 - TRAIN_EPOCH_RESOURCE epoch=201 seconds=353.6954652159475 peak_allocated_bytes=3885782016
2026-10-08 07:30:52.615 | INFO     | __main__:<module>:516 - METHOD epoch=202 views=2 awp_gamma=0.002 consistency_weight=0.75 awp_nat_weight=1.0
2026-10-08 07:30:52.615 | INFO     | __main__:<module>:519 - the 202th epoch 
2026-10-08 07:30:53.563 | INFO     | __main__:<module>:531 - METHOD_BATCH epoch=202 step=0 adv_kd=0.01822112873196602 awp_adv_grad_norm=0.14423123002052307 awp_adv_nat_cos=0.12816663086414337 awp_gamma=0.002 awp_mix_adv_cos=0.8417611122131348 awp_mix_grad_norm=0.18682926893234253 awp_nat_grad_norm=0.10169859230518341 awp_nat_weight=1.0 awp_relative_norm_max=0.0020000003278255463 clean_ce=0.16166585683822632 clean_ce_term=0.0022116838954389095 consistency_term=0.0028138875495642424 consistency_weight=0.75 js_raw=0.03751850128173828 lr=0.07307692673682611 nat_kd=0.010216712020337582 pcgrad_conflicts=0 push=0.032230883836746216 push_term=0.0026345523074269295 student_updates=1 teacher_ce=0.4886676073074341 teacher_lr=3.323593412328723e-05 teacher_margin=0.3684385120868683 teacher_margin_term=0.0038413316942751408 teacher_updates=1 temp_adv=1.1389999999999847 temp_nat=3.6299999999997103 temperature_updates=1 total_loss=0.03993929550051689 views=2
2026-10-08 07:32:23.192 | INFO     | __main__:<module>:531 - METHOD_BATCH epoch=202 step=100 adv_kd=0.01942179538309574 awp_adv_grad_norm=0.17390598356723785 awp_adv_nat_cos=0.07678087055683136 awp_gamma=0.002 awp_mix_adv_cos=0.9180769324302673 awp_mix_grad_norm=0.19593921303749084 awp_nat_grad_norm=0.0779007077217102 awp_nat_weight=1.0 awp_relative_norm_max=0.0020000003278255463 clean_ce=0.14059193432331085 clean_ce_term=0.0019233801867812872 consistency_term=0.0030581504106521606 consistency_weight=0.75 js_raw=0.04077534005045891 lr=0.07307692673682611 nat_kd=0.00817969348281622 pcgrad_conflicts=0 push=0.022858453914523125 push_term=0.0018684500828385353 student_updates=1 teacher_ce=0.5279542207717896 teacher_lr=3.323593412328723e-05 teacher_margin=0.34498897194862366 teacher_margin_term=0.0035968474112451077 teacher_updates=1 temp_adv=1.1429999999999843 temp_nat=3.625999999999711 temperature_updates=1 total_loss=0.03804831579327583 views=2
2026-10-08 07:33:52.807 | INFO     | __main__:<module>:531 - METHOD_BATCH epoch=202 step=200 adv_kd=0.02338702790439129 awp_adv_grad_norm=0.22322019934654236 awp_adv_nat_cos=0.05446929112076759 awp_gamma=0.002 awp_mix_adv_cos=0.9249168038368225 awp_mix_grad_norm=0.24687626957893372 awp_nat_grad_norm=0.09399434179067612 awp_nat_weight=1.0 awp_relative_norm_max=0.0020000003278255463 clean_ce=0.13231870532035828 clean_ce_term=0.0018101974856108427 consistency_term=0.0035265337210148573 consistency_weight=0.75 js_raw=0.04702045023441315 lr=0.07307692673682611 nat_kd=0.008825208060443401 pcgrad_conflicts=0 push=0.03300684690475464 push_term=0.0026979795657098293 student_updates=1 teacher_ce=0.5202724933624268 teacher_lr=3.323593412328723e-05 teacher_margin=0.3931798040866852 teacher_margin_term=0.004099283367395401 teacher_updates=1 temp_adv=1.1309999999999856 temp_nat=3.6379999999997095 temperature_updates=1 total_loss=0.04434623196721077 views=2
2026-10-08 07:35:22.410 | INFO     | __main__:<module>:531 - METHOD_BATCH epoch=202 step=300 adv_kd=0.020504072308540344 awp_adv_grad_norm=0.1599911004304886 awp_adv_nat_cos=0.09527631103992462 awp_gamma=0.002 awp_mix_adv_cos=0.8702462315559387 awp_mix_grad_norm=0.19437699019908905 awp_nat_grad_norm=0.09619105607271194 awp_nat_weight=1.0 awp_relative_norm_max=0.0020000003278255463 clean_ce=0.13302098214626312 clean_ce_term=0.001819805009290576 consistency_term=0.002929678885266185 consistency_weight=0.75 js_raw=0.03906238451600075 lr=0.07307692673682611 nat_kd=0.010137498378753662 pcgrad_conflicts=0 push=0.03393816947937012 push_term=0.002774106105789542 student_updates=1 teacher_ce=0.49805204570293427 teacher_lr=3.323593412328723e-05 teacher_margin=0.44029104709625244 teacher_margin_term=0.004590464755892754 teacher_updates=1 temp_adv=1.1309999999999856 temp_nat=3.6379999999997095 temperature_updates=1 total_loss=0.042755626142024994 views=2
2026-10-08 07:36:42.777 | INFO     | __main__:<module>:1016 - TRAIN_EPOCH_RESOURCE epoch=202 seconds=350.16125934710726 peak_allocated_bytes=3885782016
2026-10-08 07:36:42.777 | INFO     | __main__:<module>:516 - METHOD epoch=203 views=2 awp_gamma=0.002 consistency_weight=0.75 awp_nat_weight=1.0
2026-10-08 07:36:42.777 | INFO     | __main__:<module>:519 - the 203th epoch 
2026-10-08 07:36:43.726 | INFO     | __main__:<module>:531 - METHOD_BATCH epoch=203 step=0 adv_kd=0.014202330261468887 awp_adv_grad_norm=0.12414366006851196 awp_adv_nat_cos=0.05103159323334694 awp_gamma=0.002 awp_mix_adv_cos=0.7947760820388794 awp_mix_grad_norm=0.16254182159900665 awp_nat_grad_norm=0.09877578914165497 awp_nat_weight=1.0 awp_relative_norm_max=0.0020000003278255463 clean_ce=0.14301231503486633 clean_ce_term=0.0020009581930935383 consistency_term=0.0018220817437395453 consistency_weight=0.75 js_raw=0.024294422939419746 lr=0.07214163788834171 nat_kd=0.00941014289855957 pcgrad_conflicts=0 push=0.027951454743742943 push_term=0.002284751972183585 student_updates=1 teacher_ce=0.48135311901569366 teacher_lr=3.26453533630847e-05 teacher_margin=0.29487115144729614 teacher_margin_term=0.0031118113547563553 teacher_updates=1 temp_adv=1.1319999999999855 temp_nat=3.6369999999997096 temperature_updates=1 total_loss=0.0328320749104023 views=2
2026-10-08 07:38:13.290 | INFO     | __main__:<module>:531 - METHOD_BATCH epoch=203 step=100 adv_kd=0.015942232683300972 awp_adv_grad_norm=0.14381979405879974 awp_adv_nat_cos=0.07907592505216599 awp_gamma=0.002 awp_mix_adv_cos=0.8251467943191528 awp_mix_grad_norm=0.18430520594120026 awp_nat_grad_norm=0.1044444814324379 awp_nat_weight=1.0 awp_relative_norm_max=0.0020000003278255463 clean_ce=0.13717973232269287 clean_ce_term=0.0019193512853235006 consistency_term=0.002306833164766431 consistency_weight=0.75 js_raw=0.03075777366757393 lr=0.07214163788834171 nat_kd=0.010039502754807472 pcgrad_conflicts=0 push=0.02819381281733513 push_term=0.002304562134668231 student_updates=1 teacher_ce=0.5257770121097565 teacher_lr=3.26453533630847e-05 teacher_margin=0.32256102561950684 teacher_margin_term=0.003404026385396719 teacher_updates=1 temp_adv=1.135999999999985 temp_nat=3.63299999999971 temperature_updates=1 total_loss=0.03591650724411011 views=2
2026-10-08 07:39:42.803 | INFO     | __main__:<module>:531 - METHOD_BATCH epoch=203 step=200 adv_kd=0.020335301756858826 awp_adv_grad_norm=0.16504934430122375 awp_adv_nat_cos=0.09865857660770416 awp_gamma=0.002 awp_mix_adv_cos=0.8680806756019592 awp_mix_grad_norm=0.20155885815620422 awp_nat_grad_norm=0.10054900497198105 awp_nat_weight=1.0 awp_relative_norm_max=0.0020000003278255463 clean_ce=0.14541888236999512 clean_ce_term=0.0020346292294561863 consistency_term=0.0023565166629850864 consistency_weight=0.75 js_raw=0.03142021968960762 lr=0.07214163788834171 nat_kd=0.009787879884243011 pcgrad_conflicts=0 push=0.03540584072470665 push_term=0.002894073259085417 student_updates=1 teacher_ce=0.5517101585865021 teacher_lr=3.26453533630847e-05 teacher_margin=0.41879361867904663 teacher_margin_term=0.0044195810332894325 teacher_updates=1 temp_adv=1.1319999999999855 temp_nat=3.6369999999997096 temperature_updates=1 total_loss=0.0418279804289341 views=2
2026-10-08 07:41:12.328 | INFO     | __main__:<module>:531 - METHOD_BATCH epoch=203 step=300 adv_kd=0.023351971060037613 awp_adv_grad_norm=0.1844450682401657 awp_adv_nat_cos=0.12759774923324585 awp_gamma=0.002 awp_mix_adv_cos=0.6888055205345154 awp_mix_grad_norm=0.30970972776412964 awp_nat_grad_norm=0.22637328505516052 awp_nat_weight=1.0 awp_relative_norm_max=0.0020000003278255463 clean_ce=0.13779759407043457 clean_ce_term=0.001927996170707047 consistency_term=0.003136801766231656 consistency_weight=0.75 js_raw=0.04182402417063713 lr=0.07214163788834171 nat_kd=0.020229436457157135 pcgrad_conflicts=0 push=0.03037077561020851 push_term=0.0024825073778629303 student_updates=1 teacher_ce=0.5745562314987183 teacher_lr=3.26453533630847e-05 teacher_margin=0.4477856159210205 teacher_margin_term=0.004725536331534386 teacher_updates=1 temp_adv=1.127999999999986 temp_nat=3.640999999999709 temperature_updates=1 total_loss=0.055854249745607376 views=2
2026-10-08 07:42:32.823 | INFO     | __main__:<module>:1016 - TRAIN_EPOCH_RESOURCE epoch=203 seconds=350.0456125829369 peak_allocated_bytes=3885782016
2026-10-08 07:42:32.823 | INFO     | __main__:<module>:516 - METHOD epoch=204 views=2 awp_gamma=0.002 consistency_weight=0.75 awp_nat_weight=1.0
2026-10-08 07:42:32.824 | INFO     | __main__:<module>:519 - the 204th epoch 
2026-10-08 07:42:33.772 | INFO     | __main__:<module>:531 - METHOD_BATCH epoch=204 step=0 adv_kd=0.01944258064031601 awp_adv_grad_norm=0.15959571301937103 awp_adv_nat_cos=0.11595119535923004 awp_gamma=0.002 awp_mix_adv_cos=0.9063090682029724 awp_mix_grad_norm=0.186231791973114 awp_nat_grad_norm=0.07923892885446548 awp_nat_weight=1.0 awp_relative_norm_max=0.0020000003278255463 clean_ce=0.140625 clean_ce_term=0.002011279109865427 consistency_term=0.0031345493625849485 consistency_weight=0.75 js_raw=0.04179399460554123 lr=0.07119663392334794 nat_kd=0.008092344738543034 pcgrad_conflicts=0 push=0.03069673292338848 push_term=0.0025091508869081736 student_updates=1 teacher_ce=0.4904235899448395 teacher_lr=3.2057530755085696e-05 teacher_margin=0.44806429743766785 teacher_margin_term=0.004785447381436825 teacher_updates=1 temp_adv=1.1389999999999847 temp_nat=3.6299999999997103 temperature_updates=1 total_loss=0.039975352585315704 views=2
2026-10-08 07:44:03.357 | INFO     | __main__:<module>:531 - METHOD_BATCH epoch=204 step=100 adv_kd=0.018914051353931427 awp_adv_grad_norm=0.15714828670024872 awp_adv_nat_cos=0.15784955024719238 awp_gamma=0.002 awp_mix_adv_cos=0.8624358773231506 awp_mix_grad_norm=0.20107944309711456 awp_nat_grad_norm=0.10307184606790543 awp_nat_weight=1.0 awp_relative_norm_max=0.0020000003278255463 clean_ce=0.1266680508852005 clean_ce_term=0.001811661059036851 consistency_term=0.0026472804602235556 consistency_weight=0.75 js_raw=0.03529707342386246 lr=0.07119663392334794 nat_kd=0.010380478575825691 pcgrad_conflicts=0 push=0.02569877728819847 push_term=0.002100618090480566 student_updates=1 teacher_ce=0.5236772298812866 teacher_lr=3.2057530755085696e-05 teacher_margin=0.4102883040904999 teacher_margin_term=0.004381990060210228 teacher_updates=1 temp_adv=1.1309999999999856 temp_nat=3.6379999999997095 temperature_updates=1 total_loss=0.040236081928014755 views=2
2026-10-08 07:45:32.950 | INFO     | __main__:<module>:531 - METHOD_BATCH epoch=204 step=200 adv_kd=0.0183488167822361 awp_adv_grad_norm=0.14801988005638123 awp_adv_nat_cos=0.12616120278835297 awp_gamma=0.002 awp_mix_adv_cos=0.9025993347167969 awp_mix_grad_norm=0.17458224296569824 awp_nat_grad_norm=0.07575978338718414 awp_nat_weight=1.0 awp_relative_norm_max=0.0020000003278255463 clean_ce=0.1453099250793457 clean_ce_term=0.002078284975141287 consistency_term=0.00247860886156559 consistency_weight=0.75 js_raw=0.0330481193959713 lr=0.07119663392334794 nat_kd=0.00741531141102314 pcgrad_conflicts=1 push=0.02660781517624855 push_term=0.0021749227307736874 student_updates=1 teacher_ce=0.5265283584594727 teacher_lr=3.2057530755085696e-05 teacher_margin=0.3376867175102234 teacher_margin_term=0.003606584854424 teacher_updates=1 temp_adv=1.1309999999999856 temp_nat=3.6379999999997095 temperature_updates=1 total_loss=0.036102525889873505 views=2
2026-10-08 07:47:02.514 | INFO     | __main__:<module>:531 - METHOD_BATCH epoch=204 step=300 adv_kd=0.0190940760076046 awp_adv_grad_norm=0.1641368865966797 awp_adv_nat_cos=0.20762333273887634 awp_gamma=0.002 awp_mix_adv_cos=0.8386300802230835 awp_mix_grad_norm=0.22701632976531982 awp_nat_grad_norm=0.12641075253486633 awp_nat_weight=1.0 awp_relative_norm_max=0.0020000003278255463 clean_ce=0.13592742383480072 clean_ce_term=0.0019440925680100918 consistency_term=0.0026223002932965755 consistency_weight=0.75 js_raw=0.034964002668857574 lr=0.07119663392334794 nat_kd=0.012960094958543777 pcgrad_conflicts=0 push=0.027709726244211197 push_term=0.0022649927996098995 student_updates=1 teacher_ce=0.5573796331882477 teacher_lr=3.2057530755085696e-05 teacher_margin=0.3237021565437317 teacher_margin_term=0.0034572260919958353 teacher_updates=1 temp_adv=1.1349999999999851 temp_nat=3.63399999999971 temperature_updates=1 total_loss=0.04234278202056885 views=2
2026-10-08 07:48:22.797 | INFO     | __main__:<module>:1016 - TRAIN_EPOCH_RESOURCE epoch=204 seconds=349.973012937 peak_allocated_bytes=3885782016
2026-10-08 07:48:22.797 | INFO     | __main__:<module>:516 - METHOD epoch=205 views=2 awp_gamma=0.002 consistency_weight=0.75 awp_nat_weight=1.0
2026-10-08 07:48:22.797 | INFO     | __main__:<module>:519 - the 205th epoch 
2026-10-08 07:48:23.746 | INFO     | __main__:<module>:531 - METHOD_BATCH epoch=205 step=0 adv_kd=0.01878250204026699 awp_adv_grad_norm=0.17351774871349335 awp_adv_nat_cos=0.18129168450832367 awp_gamma=0.002 awp_mix_adv_cos=0.7484714388847351 awp_mix_grad_norm=0.2770879566669464 awp_nat_grad_norm=0.1868518441915512 awp_nat_weight=1.0 awp_relative_norm_max=0.0020000003278255463 clean_ce=0.15117625892162323 clean_ce_term=0.002209192141890526 consistency_term=0.0017362708458676934 consistency_weight=0.75 js_raw=0.023150278255343437 lr=0.07024233173008022 nat_kd=0.017407454550266266 pcgrad_conflicts=0 push=0.020445074886083603 push_term=0.0016711803618818521 student_updates=1 teacher_ce=0.49394139647483826 teacher_lr=3.147255902608834e-05 teacher_margin=0.3753354549407959 teacher_margin_term=0.004056406207382679 teacher_updates=1 temp_adv=1.1419999999999844 temp_nat=3.6269999999997107 temperature_updates=1 total_loss=0.04586300626397133 views=2
2026-10-08 07:49:53.278 | INFO     | __main__:<module>:531 - METHOD_BATCH epoch=205 step=100 adv_kd=0.0207551047205925 awp_adv_grad_norm=0.17267167568206787 awp_adv_nat_cos=0.09322857856750488 awp_gamma=0.002 awp_mix_adv_cos=0.8936440944671631 awp_mix_grad_norm=0.20275619626045227 awp_nat_grad_norm=0.09139025211334229 awp_nat_weight=1.0 awp_relative_norm_max=0.0020000003278255463 clean_ce=0.14531463384628296 clean_ce_term=0.0021235342137515545 consistency_term=0.0030455002561211586 consistency_weight=0.75 js_raw=0.04060667008161545 lr=0.07024233173008022 nat_kd=0.009337414056062698 pcgrad_conflicts=0 push=0.028584439307451248 push_term=0.002336492296308279 student_updates=1 teacher_ce=0.5848009288311005 teacher_lr=3.147255902608834e-05 teacher_margin=0.3657078742980957 teacher_margin_term=0.0039523569867014885 teacher_updates=1 temp_adv=1.1319999999999855 temp_nat=3.6369999999997096 temperature_updates=1 total_loss=0.0415504015982151 views=2
2026-10-08 07:51:22.828 | INFO     | __main__:<module>:531 - METHOD_BATCH epoch=205 step=200 adv_kd=0.02133549563586712 awp_adv_grad_norm=0.18409329652786255 awp_adv_nat_cos=0.10871956497430801 awp_gamma=0.002 awp_mix_adv_cos=0.8378077149391174 awp_mix_grad_norm=0.23659443855285645 awp_nat_grad_norm=0.12994267046451569 awp_nat_weight=1.0 awp_relative_norm_max=0.0020000003278255463 clean_ce=0.13105913996696472 clean_ce_term=0.001915213419124484 consistency_term=0.003930386155843735 consistency_weight=0.75 js_raw=0.05240514874458313 lr=0.07024233173008022 nat_kd=0.01318605337291956 pcgrad_conflicts=0 push=0.02942725270986557 push_term=0.002405383624136448 student_updates=1 teacher_ce=0.6783270239830017 teacher_lr=3.147255902608834e-05 teacher_margin=0.3736072778701782 teacher_margin_term=0.004037728998810053 teacher_updates=1 temp_adv=1.1379999999999848 temp_nat=3.6309999999997102 temperature_updates=1 total_loss=0.04681025817990303 views=2
2026-10-08 07:52:52.384 | INFO     | __main__:<module>:531 - METHOD_BATCH epoch=205 step=300 adv_kd=0.017524056136608124 awp_adv_grad_norm=0.1472732275724411 awp_adv_nat_cos=0.12293557077646255 awp_gamma=0.002 awp_mix_adv_cos=0.8074242472648621 awp_mix_grad_norm=0.20055143535137177 awp_nat_grad_norm=0.1192239299416542 awp_nat_weight=1.0 awp_relative_norm_max=0.0020000003278255463 clean_ce=0.13697949051856995 clean_ce_term=0.0020017295610159636 consistency_term=0.002835778286680579 consistency_weight=0.75 js_raw=0.03781037777662277 lr=0.07024233173008022 nat_kd=0.010941311717033386 pcgrad_conflicts=0 push=0.027961894869804382 push_term=0.0022856052964925766 student_updates=1 teacher_ce=0.5496427714824677 teacher_lr=3.147255902608834e-05 teacher_margin=0.3720841705799103 teacher_margin_term=0.004021268337965012 teacher_updates=1 temp_adv=1.1419999999999844 temp_nat=3.6269999999997107 temperature_updates=1 total_loss=0.039609748870134354 views=2
2026-10-08 07:54:12.675 | INFO     | __main__:<module>:1016 - TRAIN_EPOCH_RESOURCE epoch=205 seconds=349.8776373520959 peak_allocated_bytes=3885782016
2026-10-08 07:54:12.675 | INFO     | __main__:<module>:516 - METHOD epoch=206 views=2 awp_gamma=0.002 consistency_weight=0.75 awp_nat_weight=1.0
2026-10-08 07:54:12.675 | INFO     | __main__:<module>:519 - the 206th epoch 
2026-10-08 07:54:13.624 | INFO     | __main__:<module>:531 - METHOD_BATCH epoch=206 step=0 adv_kd=0.01888006180524826 awp_adv_grad_norm=0.15750344097614288 awp_adv_nat_cos=0.10240790992975235 awp_gamma=0.002 awp_mix_adv_cos=0.860992431640625 awp_mix_grad_norm=0.1947779804468155 awp_nat_grad_norm=0.09959115833044052 awp_nat_weight=1.0 awp_relative_norm_max=0.0020000003278255463 clean_ce=0.13775348663330078 clean_ce_term=0.0020558713003993034 consistency_term=0.0026623436715453863 consistency_weight=0.75 js_raw=0.035497914999723434 lr=0.0692791522570401 nat_kd=0.010132867842912674 pcgrad_conflicts=0 push=0.027788013219833374 push_term=0.002271392149850726 student_updates=1 teacher_ce=0.46722082793712616 teacher_lr=3.089053043655215e-05 teacher_margin=0.3880438208580017 teacher_margin_term=0.004243088886141777 teacher_updates=1 temp_adv=1.1349999999999851 temp_nat=3.63399999999971 temperature_updates=1 total_loss=0.040245622396469116 views=2
2026-10-08 07:55:43.153 | INFO     | __main__:<module>:531 - METHOD_BATCH epoch=206 step=100 adv_kd=0.02013580873608589 awp_adv_grad_norm=0.1745791882276535 awp_adv_nat_cos=0.12740494310855865 awp_gamma=0.002 awp_mix_adv_cos=0.9252432584762573 awp_mix_grad_norm=0.1991749107837677 awp_nat_grad_norm=0.07618267834186554 awp_nat_weight=1.0 awp_relative_norm_max=0.0020000003278255463 clean_ce=0.13163518905639648 clean_ce_term=0.001964559778571129 consistency_term=0.004051494877785444 consistency_weight=0.75 js_raw=0.05401993170380592 lr=0.0692791522570401 nat_kd=0.007712199352681637 pcgrad_conflicts=0 push=0.029917240142822266 push_term=0.0024454351514577866 student_updates=1 teacher_ce=0.5874369740486145 teacher_lr=3.089053043655215e-05 teacher_margin=0.37041324377059937 teacher_margin_term=0.004050306044518948 teacher_updates=1 temp_adv=1.136999999999985 temp_nat=3.63199999999971 temperature_updates=1 total_loss=0.040359802544116974 views=2
2026-10-08 07:57:12.672 | INFO     | __main__:<module>:531 - METHOD_BATCH epoch=206 step=200 adv_kd=0.015577205456793308 awp_adv_grad_norm=0.14184248447418213 awp_adv_nat_cos=0.13952000439167023 awp_gamma=0.002 awp_mix_adv_cos=0.8276728391647339 awp_mix_grad_norm=0.18947714567184448 awp_nat_grad_norm=0.10738695412874222 awp_nat_weight=1.0 awp_relative_norm_max=0.0020000003278255463 clean_ce=0.1389201581478119 clean_ce_term=0.002073282841593027 consistency_term=0.002684991341084242 consistency_weight=0.75 js_raw=0.03579988330602646 lr=0.0692791522570401 nat_kd=0.009331472218036652 pcgrad_conflicts=0 push=0.020504983142018318 push_term=0.0016760772559791803 student_updates=1 teacher_ce=0.561479777097702 teacher_lr=3.089053043655215e-05 teacher_margin=0.27840685844421387 teacher_margin_term=0.0030442567076534033 teacher_updates=1 temp_adv=1.1429999999999843 temp_nat=3.625999999999711 temperature_updates=1 total_loss=0.03438728675246239 views=2
2026-10-08 07:58:42.200 | INFO     | __main__:<module>:531 - METHOD_BATCH epoch=206 step=300 adv_kd=0.01689174212515354 awp_adv_grad_norm=0.14423412084579468 awp_adv_nat_cos=0.0743858739733696 awp_gamma=0.002 awp_mix_adv_cos=0.7146933078765869 awp_mix_grad_norm=0.2177051603794098 awp_nat_grad_norm=0.15269428491592407 awp_nat_weight=1.0 awp_relative_norm_max=0.0020000003278255463 clean_ce=0.13216640055179596 clean_ce_term=0.0019724878948181868 consistency_term=0.0019161150557920337 consistency_weight=0.75 js_raw=0.02554820105433464 lr=0.0692791522570401 nat_kd=0.012406443245708942 pcgrad_conflicts=0 push=0.029845811426639557 push_term=0.0024395964574068785 student_updates=1 teacher_ce=0.5767244696617126 teacher_lr=3.089053043655215e-05 teacher_margin=0.30238717794418335 teacher_margin_term=0.0033064712770283222 teacher_updates=1 temp_adv=1.1349999999999851 temp_nat=3.63399999999971 temperature_updates=1 total_loss=0.03893285617232323 views=2
2026-10-08 08:00:02.511 | INFO     | __main__:<module>:1016 - TRAIN_EPOCH_RESOURCE epoch=206 seconds=349.8349564799573 peak_allocated_bytes=3885782016
2026-10-08 08:00:02.511 | INFO     | __main__:<module>:516 - METHOD epoch=207 views=2 awp_gamma=0.002 consistency_weight=0.75 awp_nat_weight=1.0
2026-10-08 08:00:02.511 | INFO     | __main__:<module>:519 - the 207th epoch 
2026-10-08 08:00:03.459 | INFO     | __main__:<module>:531 - METHOD_BATCH epoch=207 step=0 adv_kd=0.018656721338629723 awp_adv_grad_norm=0.15532468259334564 awp_adv_nat_cos=0.09955056011676788 awp_gamma=0.002 awp_mix_adv_cos=0.8848626017570496 awp_mix_grad_norm=0.18529517948627472 awp_nat_grad_norm=0.0867510661482811 awp_nat_weight=1.0 awp_relative_norm_max=0.0020000003278255463 clean_ce=0.1412002295255661 clean_ce_term=0.002151213586330414 consistency_term=0.0029197728727012873 consistency_weight=0.75 js_raw=0.03893030434846878 lr=0.06830752032535861 nat_kd=0.007538328412920237 pcgrad_conflicts=0 push=0.03771969676017761 push_term=0.0030832081101834774 student_updates=1 teacher_ce=0.5718962550163269 teacher_lr=3.0311536765869418e-05 teacher_margin=0.35493147373199463 teacher_margin_term=0.003926148172467947 teacher_updates=1 temp_adv=1.1379999999999848 temp_nat=3.6309999999997102 temperature_updates=1 total_loss=0.03827539458870888 views=2
2026-10-08 08:01:33.011 | INFO     | __main__:<module>:531 - METHOD_BATCH epoch=207 step=100 adv_kd=0.01738971844315529 awp_adv_grad_norm=0.14758439362049103 awp_adv_nat_cos=0.07685943692922592 awp_gamma=0.002 awp_mix_adv_cos=0.8380737900733948 awp_mix_grad_norm=0.1854032725095749 awp_nat_grad_norm=0.10144808888435364 awp_nat_weight=1.0 awp_relative_norm_max=0.0020000003278255463 clean_ce=0.12670786678791046 clean_ce_term=0.0019304194720461965 consistency_term=0.0023929730523377657 consistency_weight=0.75 js_raw=0.031906306743621826 lr=0.06830752032535861 nat_kd=0.01040386501699686 pcgrad_conflicts=0 push=0.01958364062011242 push_term=0.0016007667873054743 student_updates=1 teacher_ce=0.6133468151092529 teacher_lr=3.0311536765869418e-05 teacher_margin=0.28097015619277954 teacher_margin_term=0.003108009696006775 teacher_updates=1 temp_adv=1.1379999999999848 temp_nat=3.6309999999997102 temperature_updates=1 total_loss=0.0368257537484169 views=2
2026-10-08 08:03:02.439 | INFO     | __main__:<module>:531 - METHOD_BATCH epoch=207 step=200 adv_kd=0.020277710631489754 awp_adv_grad_norm=0.16526617109775543 awp_adv_nat_cos=0.11253524571657181 awp_gamma=0.002 awp_mix_adv_cos=0.8064183592796326 awp_mix_grad_norm=0.2235001176595688 awp_nat_grad_norm=0.13301073014736176 awp_nat_weight=1.0 awp_relative_norm_max=0.0020000003278255463 clean_ce=0.11753091961145401 clean_ce_term=0.0017906068824231625 consistency_term=0.0020726907532662153 consistency_weight=0.75 js_raw=0.027635877951979637 lr=0.06830752032535861 nat_kd=0.012032782658934593 pcgrad_conflicts=0 push=0.029231956228613853 push_term=0.0023894200567156076 student_updates=1 teacher_ce=0.6417164206504822 teacher_lr=3.0311536765869418e-05 teacher_margin=0.34822458028793335 teacher_margin_term=0.0038519585505127907 teacher_updates=1 temp_adv=1.1339999999999852 temp_nat=3.63499999999971 temperature_updates=1 total_loss=0.04241517186164856 views=2
2026-10-08 08:04:31.831 | INFO     | __main__:<module>:531 - METHOD_BATCH epoch=207 step=300 adv_kd=0.013960459269583225 awp_adv_grad_norm=0.13017494976520538 awp_adv_nat_cos=0.10073855519294739 awp_gamma=0.002 awp_mix_adv_cos=0.7538222074508667 awp_mix_grad_norm=0.18940302729606628 awp_nat_grad_norm=0.12508895993232727 awp_nat_weight=1.0 awp_relative_norm_max=0.0020000000949949026 clean_ce=0.1584884077310562 clean_ce_term=0.0024146023206412792 consistency_term=0.0015805598814040422 consistency_weight=0.75 js_raw=0.02107413113117218 lr=0.06830752032535861 nat_kd=0.011296402662992477 pcgrad_conflicts=0 push=0.029022639617323875 push_term=0.002372310496866703 student_updates=1 teacher_ce=0.46990804374217987 teacher_lr=3.0311536765869418e-05 teacher_margin=0.2903897762298584 teacher_margin_term=0.003212206531316042 teacher_updates=1 temp_adv=1.135999999999985 temp_nat=3.63299999999971 temperature_updates=1 total_loss=0.0348365381360054 views=2
2026-10-08 08:05:51.985 | INFO     | __main__:<module>:1016 - TRAIN_EPOCH_RESOURCE epoch=207 seconds=349.4741791409906 peak_allocated_bytes=3885782016
2026-10-08 08:05:51.986 | INFO     | __main__:<module>:516 - METHOD epoch=208 views=2 awp_gamma=0.002 consistency_weight=0.75 awp_nat_weight=1.0
2026-10-08 08:05:51.986 | INFO     | __main__:<module>:519 - the 208th epoch 
2026-10-08 08:05:52.932 | INFO     | __main__:<module>:531 - METHOD_BATCH epoch=208 step=0 adv_kd=0.0177595354616642 awp_adv_grad_norm=0.1397342085838318 awp_adv_nat_cos=0.10116178542375565 awp_gamma=0.002 awp_mix_adv_cos=0.8330400586128235 awp_mix_grad_norm=0.1798873245716095 awp_nat_grad_norm=0.10002913326025009 awp_nat_weight=1.0 awp_relative_norm_max=0.0020000003278255463 clean_ce=0.13581226766109467 clean_ce_term=0.002111353911459446 consistency_term=0.0024387461598962545 consistency_weight=0.75 js_raw=0.032516613602638245 lr=0.06732786443944867 nat_kd=0.010510606691241264 pcgrad_conflicts=0 push=0.023453807458281517 push_term=0.0019171142484992743 student_updates=1 teacher_ce=0.5587868094444275 teacher_lr=2.973566929771548e-05 teacher_margin=0.31690987944602966 teacher_margin_term=0.003545858431607485 teacher_updates=1 temp_adv=1.1389999999999847 temp_nat=3.6299999999997103 temperature_updates=1 total_loss=0.03828321397304535 views=2
2026-10-08 08:07:22.341 | INFO     | __main__:<module>:531 - METHOD_BATCH epoch=208 step=100 adv_kd=0.015569299459457397 awp_adv_grad_norm=0.1430460810661316 awp_adv_nat_cos=0.19027622044086456 awp_gamma=0.002 awp_mix_adv_cos=0.7457598447799683 awp_mix_grad_norm=0.2319781482219696 awp_nat_grad_norm=0.15742331743240356 awp_nat_weight=1.0 awp_relative_norm_max=0.0020000000949949026 clean_ce=0.1527257263660431 clean_ce_term=0.0023742925841361284 consistency_term=0.002781146904453635 consistency_weight=0.75 js_raw=0.03708195686340332 lr=0.06732786443944867 nat_kd=0.015450621023774147 pcgrad_conflicts=0 push=0.015492787584662437 push_term=0.0012663803063333035 student_updates=1 teacher_ce=0.47508707642555237 teacher_lr=2.973566929771548e-05 teacher_margin=0.33423423767089844 teacher_margin_term=0.003739698324352503 teacher_updates=1 temp_adv=1.126999999999986 temp_nat=3.641999999999709 temperature_updates=1 total_loss=0.04118143394589424 views=2
2026-10-08 08:08:51.743 | INFO     | __main__:<module>:531 - METHOD_BATCH epoch=208 step=200 adv_kd=0.01638876646757126 awp_adv_grad_norm=0.13856936991214752 awp_adv_nat_cos=0.0678461417555809 awp_gamma=0.002 awp_mix_adv_cos=0.8492617011070251 awp_mix_grad_norm=0.17036698758602142 awp_nat_grad_norm=0.09015677124261856 awp_nat_weight=1.0 awp_relative_norm_max=0.0020000003278255463 clean_ce=0.14803391695022583 clean_ce_term=0.0023013532627373934 consistency_term=0.002169875195249915 consistency_weight=0.75 js_raw=0.028931666165590286 lr=0.06732786443944867 nat_kd=0.008269550278782845 pcgrad_conflicts=0 push=0.026066897436976433 push_term=0.0021307081915438175 student_updates=1 teacher_ce=0.4542428255081177 teacher_lr=2.973566929771548e-05 teacher_margin=0.3816733658313751 teacher_margin_term=0.00427048746496439 teacher_updates=1 temp_adv=1.1329999999999854 temp_nat=3.6359999999997097 temperature_updates=1 total_loss=0.035530734807252884 views=2
2026-10-08 08:10:21.156 | INFO     | __main__:<module>:531 - METHOD_BATCH epoch=208 step=300 adv_kd=0.01573222503066063 awp_adv_grad_norm=0.1422591209411621 awp_adv_nat_cos=0.1047685444355011 awp_gamma=0.002 awp_mix_adv_cos=0.8037787675857544 awp_mix_grad_norm=0.19195568561553955 awp_nat_grad_norm=0.11483186483383179 awp_nat_weight=1.0 awp_relative_norm_max=0.0020000003278255463 clean_ce=0.14651262760162354 clean_ce_term=0.0022777030244469643 consistency_term=0.001763485954143107 consistency_weight=0.75 js_raw=0.023513145744800568 lr=0.06732786443944867 nat_kd=0.011549790389835835 pcgrad_conflicts=0 push=0.027022795751690865 push_term=0.0022088433615863323 student_updates=1 teacher_ce=0.5834589302539825 teacher_lr=2.973566929771548e-05 teacher_margin=0.3248260021209717 teacher_margin_term=0.003634430468082428 teacher_updates=1 temp_adv=1.1469999999999838 temp_nat=3.6219999999997112 temperature_updates=1 total_loss=0.037166476249694824 views=2
2026-10-08 08:11:41.297 | INFO     | __main__:<module>:1016 - TRAIN_EPOCH_RESOURCE epoch=208 seconds=349.3111901800148 peak_allocated_bytes=3885782016
2026-10-08 08:11:41.298 | INFO     | __main__:<module>:516 - METHOD epoch=209 views=2 awp_gamma=0.002 consistency_weight=0.75 awp_nat_weight=1.0
2026-10-08 08:11:41.298 | INFO     | __main__:<module>:519 - the 209th epoch 
2026-10-08 08:11:42.242 | INFO     | __main__:<module>:531 - METHOD_BATCH epoch=209 step=0 adv_kd=0.015741487964987755 awp_adv_grad_norm=0.1350412517786026 awp_adv_nat_cos=0.13718000054359436 awp_gamma=0.002 awp_mix_adv_cos=0.7743725776672363 awp_mix_grad_norm=0.19663923978805542 awp_nat_grad_norm=0.12560704350471497 awp_nat_weight=1.0 awp_relative_norm_max=0.0020000003278255463 clean_ce=0.13422515988349915 clean_ce_term=0.0021284138783812523 consistency_term=0.002238879445940256 consistency_weight=0.75 js_raw=0.029851725324988365 lr=0.06634061659603142 nat_kd=0.01138799823820591 pcgrad_conflicts=0 push=0.02782520279288292 push_term=0.002274431986734271 student_updates=1 teacher_ce=0.5214897096157074 teacher_lr=2.9163018805480094e-05 teacher_margin=0.2955195903778076 teacher_margin_term=0.0033440995030105114 teacher_updates=1 temp_adv=1.1339999999999852 temp_nat=3.63499999999971 temperature_updates=1 total_loss=0.03711530938744545 views=2
2026-10-08 08:13:11.623 | INFO     | __main__:<module>:531 - METHOD_BATCH epoch=209 step=100 adv_kd=0.020305966958403587 awp_adv_grad_norm=0.17595316469669342 awp_adv_nat_cos=0.03958927467465401 awp_gamma=0.002 awp_mix_adv_cos=0.8862268924713135 awp_mix_grad_norm=0.20274074375629425 awp_nat_grad_norm=0.09399362653493881 awp_nat_weight=1.0 awp_relative_norm_max=0.0020000003278255463 clean_ce=0.13495482504367828 clean_ce_term=0.0021399843972176313 consistency_term=0.003312867134809494 consistency_weight=0.75 js_raw=0.044171564280986786 lr=0.06634061659603142 nat_kd=0.009312348440289497 pcgrad_conflicts=0 push=0.03622385486960411 push_term=0.0029609380289912224 student_updates=1 teacher_ce=0.5767858326435089 teacher_lr=2.9163018805480094e-05 teacher_margin=0.45870113372802734 teacher_margin_term=0.005190661642700434 teacher_updates=1 temp_adv=1.1419999999999844 temp_nat=3.6269999999997107 temperature_updates=1 total_loss=0.04322276636958122 views=2
2026-10-08 08:14:41.019 | INFO     | __main__:<module>:531 - METHOD_BATCH epoch=209 step=200 adv_kd=0.022109663113951683 awp_adv_grad_norm=0.17819218337535858 awp_adv_nat_cos=0.09077925980091095 awp_gamma=0.002 awp_mix_adv_cos=0.8376629948616028 awp_mix_grad_norm=0.22616815567016602 awp_nat_grad_norm=0.12404241412878036 awp_nat_weight=1.0 awp_relative_norm_max=0.0020000000949949026 clean_ce=0.12995094060897827 clean_ce_term=0.0020606378093361855 consistency_term=0.0029212217777967453 consistency_weight=0.75 js_raw=0.038949623703956604 lr=0.06634061659603142 nat_kd=0.0110542643815279 pcgrad_conflicts=0 push=0.03411956876516342 push_term=0.0027889334596693516 student_updates=1 teacher_ce=0.5931217968463898 teacher_lr=2.9163018805480094e-05 teacher_margin=0.4630116820335388 teacher_margin_term=0.005239440128207207 teacher_updates=1 temp_adv=1.135999999999985 temp_nat=3.63299999999971 temperature_updates=1 total_loss=0.04617416113615036 views=2
2026-10-08 08:16:10.428 | INFO     | __main__:<module>:531 - METHOD_BATCH epoch=209 step=300 adv_kd=0.017347969114780426 awp_adv_grad_norm=0.1459711343050003 awp_adv_nat_cos=0.12222172319889069 awp_gamma=0.002 awp_mix_adv_cos=0.7639597654342651 awp_mix_grad_norm=0.21325261890888214 awp_nat_grad_norm=0.13864368200302124 awp_nat_weight=1.0 awp_relative_norm_max=0.0020000003278255463 clean_ce=0.1464967429637909 clean_ce_term=0.0023230051156133413 consistency_term=0.0020746940281242132 consistency_weight=0.75 js_raw=0.02766258642077446 lr=0.06634061659603142 nat_kd=0.011269793845713139 pcgrad_conflicts=0 push=0.03303101286292076 push_term=0.0026999549008905888 student_updates=1 teacher_ce=0.5139443874359131 teacher_lr=2.9163018805480094e-05 teacher_margin=0.37896662950515747 teacher_margin_term=0.004288386553525925 teacher_updates=1 temp_adv=1.127999999999986 temp_nat=3.640999999999709 temperature_updates=1 total_loss=0.04000380262732506 views=2
2026-10-08 08:17:30.584 | INFO     | __main__:<module>:1016 - TRAIN_EPOCH_RESOURCE epoch=209 seconds=349.2864059940912 peak_allocated_bytes=3885782016
2026-10-08 08:17:30.585 | INFO     | __main__:<module>:516 - METHOD epoch=210 views=2 awp_gamma=0.002 consistency_weight=0.75 awp_nat_weight=1.0
2026-10-08 08:17:30.585 | INFO     | __main__:<module>:519 - the 210th epoch 
2026-10-08 08:17:31.531 | INFO     | __main__:<module>:531 - METHOD_BATCH epoch=210 step=0 adv_kd=0.018268819898366928 awp_adv_grad_norm=0.15698669850826263 awp_adv_nat_cos=0.11700284481048584 awp_gamma=0.002 awp_mix_adv_cos=0.9159641861915588 awp_mix_grad_norm=0.180716410279274 awp_nat_grad_norm=0.07301577925682068 awp_nat_weight=1.0 awp_relative_norm_max=0.0020000003278255463 clean_ce=0.14646586775779724 clean_ce_term=0.002368055284023285 consistency_term=0.0021452114451676607 consistency_weight=0.75 js_raw=0.02860281988978386 lr=0.06534621209162177 nat_kd=0.0069505684077739716 pcgrad_conflicts=0 push=0.03827378898859024 push_term=0.00312849972397089 student_updates=1 teacher_ce=0.44642244279384613 teacher_lr=2.8593675537782213e-05 teacher_margin=0.389471173286438 teacher_margin_term=0.004407255444675684 teacher_updates=1 temp_adv=1.136999999999985 temp_nat=3.63199999999971 temperature_updates=1 total_loss=0.03726841136813164 views=2
2026-10-08 08:19:00.925 | INFO     | __main__:<module>:531 - METHOD_BATCH epoch=210 step=100 adv_kd=0.01606801152229309 awp_adv_grad_norm=0.13661475479602814 awp_adv_nat_cos=0.14895831048488617 awp_gamma=0.002 awp_mix_adv_cos=0.8373563289642334 awp_mix_grad_norm=0.18094468116760254 awp_nat_grad_norm=0.10003075003623962 awp_nat_weight=1.0 awp_relative_norm_max=0.0020000003278255463 clean_ce=0.13395386934280396 clean_ce_term=0.002165761310607195 consistency_term=0.0018932254752144217 consistency_weight=0.75 js_raw=0.025243006646633148 lr=0.06534621209162177 nat_kd=0.009910852648317814 pcgrad_conflicts=0 push=0.03252162039279938 push_term=0.0026583168655633926 student_updates=1 teacher_ce=0.5909580588340759 teacher_lr=2.8593675537782213e-05 teacher_margin=0.3317822813987732 teacher_margin_term=0.0037544481456279755 teacher_updates=1 temp_adv=1.136999999999985 temp_nat=3.63199999999971 temperature_updates=1 total_loss=0.036450620740652084 views=2
2026-10-08 08:20:30.308 | INFO     | __main__:<module>:531 - METHOD_BATCH epoch=210 step=200 adv_kd=0.02077382430434227 awp_adv_grad_norm=0.1848554015159607 awp_adv_nat_cos=0.14226475358009338 awp_gamma=0.002 awp_mix_adv_cos=0.898858368396759 awp_mix_grad_norm=0.22115279734134674 awp_nat_grad_norm=0.09791366755962372 awp_nat_weight=1.0 awp_relative_norm_max=0.0020000003278255463 clean_ce=0.12540914118289948 clean_ce_term=0.0020276105497032404 consistency_term=0.002774487715214491 consistency_weight=0.75 js_raw=0.03699316829442978 lr=0.06534621209162177 nat_kd=0.008941932581365108 pcgrad_conflicts=0 push=0.03004515916109085 push_term=0.0024558911100029945 student_updates=1 teacher_ce=0.5832425951957703 teacher_lr=2.8593675537782213e-05 teacher_margin=0.42089805006980896 teacher_margin_term=0.004762882366776466 teacher_updates=1 temp_adv=1.1349999999999851 temp_nat=3.63399999999971 temperature_updates=1 total_loss=0.041736628860235214 views=2
2026-10-08 08:21:59.693 | INFO     | __main__:<module>:531 - METHOD_BATCH epoch=210 step=300 adv_kd=0.020201895385980606 awp_adv_grad_norm=0.17971183359622955 awp_adv_nat_cos=0.15057221055030823 awp_gamma=0.002 awp_mix_adv_cos=0.8548095226287842 awp_mix_grad_norm=0.2316560298204422 awp_nat_grad_norm=0.12160240113735199 awp_nat_weight=1.0 awp_relative_norm_max=0.0020000003278255463 clean_ce=0.13033398985862732 clean_ce_term=0.0021072353702038527 consistency_term=0.0021046821493655443 consistency_weight=0.75 js_raw=0.028062427416443825 lr=0.06534621209162177 nat_kd=0.010926955379545689 pcgrad_conflicts=0 push=0.012810369953513145 push_term=0.0010471196146681905 student_updates=1 teacher_ce=0.5506480634212494 teacher_lr=2.8593675537782213e-05 teacher_margin=0.4032936096191406 teacher_margin_term=0.004563670605421066 teacher_updates=1 temp_adv=1.1349999999999851 temp_nat=3.63399999999971 temperature_updates=1 total_loss=0.04095156118273735 views=2
2026-10-08 08:23:19.842 | INFO     | __main__:<module>:1016 - TRAIN_EPOCH_RESOURCE epoch=210 seconds=349.25708896899596 peak_allocated_bytes=3885782016
2026-10-08 08:23:19.842 | INFO     | __main__:<module>:516 - METHOD epoch=211 views=2 awp_gamma=0.002 consistency_weight=0.75 awp_nat_weight=1.0
2026-10-08 08:23:19.843 | INFO     | __main__:<module>:519 - the 211th epoch 
2026-10-08 08:23:20.793 | INFO     | __main__:<module>:531 - METHOD_BATCH epoch=211 step=0 adv_kd=0.01636606454849243 awp_adv_grad_norm=0.15701566636562347 awp_adv_nat_cos=0.17702385783195496 awp_gamma=0.002 awp_mix_adv_cos=0.8732602596282959 awp_mix_grad_norm=0.19986195862293243 awp_nat_grad_norm=0.09894620627164841 awp_nat_weight=1.0 awp_relative_norm_max=0.0020000003278255463 clean_ce=0.14440223574638367 clean_ce_term=0.0023795883171260357 consistency_term=0.0024717554915696383 consistency_weight=0.75 js_raw=0.03295673802495003 lr=0.06434508932856041 nat_kd=0.009194615297019482 pcgrad_conflicts=0 push=0.026004917919635773 push_term=0.002125642029568553 student_updates=1 teacher_ce=0.5206575989723206 teacher_lr=2.802772920407083e-05 teacher_margin=0.31420713663101196 teacher_margin_term=0.0035555679351091385 teacher_updates=1 temp_adv=1.1399999999999846 temp_nat=3.6289999999997105 temperature_updates=1 total_loss=0.03609323129057884 views=2
2026-10-08 08:24:50.194 | INFO     | __main__:<module>:531 - METHOD_BATCH epoch=211 step=100 adv_kd=0.014346446841955185 awp_adv_grad_norm=0.12729330360889435 awp_adv_nat_cos=0.0966426432132721 awp_gamma=0.002 awp_mix_adv_cos=0.6988723278045654 awp_mix_grad_norm=0.2022377848625183 awp_nat_grad_norm=0.14533011615276337 awp_nat_weight=1.0 awp_relative_norm_max=0.0020000003278255463 clean_ce=0.1293582022190094 clean_ce_term=0.002131679328158498 consistency_term=0.002202047035098076 consistency_weight=0.75 js_raw=0.029360627755522728 lr=0.06434508932856041 nat_kd=0.013837071135640144 pcgrad_conflicts=0 push=0.016771849244832993 push_term=0.0013709310442209244 student_updates=1 teacher_ce=0.6401151120662689 teacher_lr=2.802772920407083e-05 teacher_margin=0.19509008526802063 teacher_margin_term=0.002207639394327998 teacher_updates=1 temp_adv=1.1399999999999846 temp_nat=3.6289999999997105 temperature_updates=1 total_loss=0.036095812916755676 views=2
2026-10-08 08:26:19.564 | INFO     | __main__:<module>:531 - METHOD_BATCH epoch=211 step=200 adv_kd=0.01572093553841114 awp_adv_grad_norm=0.14421957731246948 awp_adv_nat_cos=0.07754689455032349 awp_gamma=0.002 awp_mix_adv_cos=0.8707077503204346 awp_mix_grad_norm=0.1732461005449295 awp_nat_grad_norm=0.08545991778373718 awp_nat_weight=1.0 awp_relative_norm_max=0.0020000003278255463 clean_ce=0.1485970914363861 clean_ce_term=0.002448714803904295 consistency_term=0.002690182998776436 consistency_weight=0.75 js_raw=0.03586910665035248 lr=0.06434508932856041 nat_kd=0.007924309000372887 pcgrad_conflicts=0 push=0.026864949613809586 push_term=0.0021959408186376095 student_updates=1 teacher_ce=0.5165896713733673 teacher_lr=2.802772920407083e-05 teacher_margin=0.30866795778274536 teacher_margin_term=0.0034928866662085056 teacher_updates=1 temp_adv=1.1319999999999855 temp_nat=3.6369999999997096 temperature_updates=1 total_loss=0.03447297215461731 views=2
2026-10-08 08:27:48.922 | INFO     | __main__:<module>:531 - METHOD_BATCH epoch=211 step=300 adv_kd=0.016349313780665398 awp_adv_grad_norm=0.14247030019760132 awp_adv_nat_cos=0.13064047694206238 awp_gamma=0.002 awp_mix_adv_cos=0.8365045189857483 awp_mix_grad_norm=0.18640629947185516 awp_nat_grad_norm=0.10302620381116867 awp_nat_weight=1.0 awp_relative_norm_max=0.0020000003278255463 clean_ce=0.13890019059181213 clean_ce_term=0.0022889208048582077 consistency_term=0.0024291789159178734 consistency_weight=0.75 js_raw=0.03238905221223831 lr=0.06434508932856041 nat_kd=0.00951977726072073 pcgrad_conflicts=0 push=0.028467737138271332 push_term=0.0023269527591764927 student_updates=1 teacher_ce=0.49756158888339996 teacher_lr=2.802772920407083e-05 teacher_margin=0.34161463379859924 teacher_margin_term=0.003865711158141494 teacher_updates=1 temp_adv=1.1379999999999848 temp_nat=3.6309999999997102 temperature_updates=1 total_loss=0.03677985817193985 views=2
2026-10-08 08:29:09.062 | INFO     | __main__:<module>:1016 - TRAIN_EPOCH_RESOURCE epoch=211 seconds=349.2189236348495 peak_allocated_bytes=3885782016
2026-10-08 08:29:09.062 | INFO     | __main__:<module>:516 - METHOD epoch=212 views=2 awp_gamma=0.002 consistency_weight=0.75 awp_nat_weight=1.0
2026-10-08 08:29:09.062 | INFO     | __main__:<module>:519 - the 212th epoch 
2026-10-08 08:29:10.007 | INFO     | __main__:<module>:531 - METHOD_BATCH epoch=212 step=0 adv_kd=0.01722468063235283 awp_adv_grad_norm=0.1492750346660614 awp_adv_nat_cos=0.11924147605895996 awp_gamma=0.002 awp_mix_adv_cos=0.7949886918067932 awp_mix_grad_norm=0.2067137211561203 awp_nat_grad_norm=0.1262986809015274 awp_nat_weight=1.0 awp_relative_norm_max=0.0020000003278255463 clean_ce=0.13678786158561707 clean_ce_term=0.002296642167493701 consistency_term=0.0017427516868337989 consistency_weight=0.75 js_raw=0.02323669008910656 lr=0.06333768961967892 nat_kd=0.011693034321069717 pcgrad_conflicts=0 push=0.030718568712472916 push_term=0.0025109359994530678 student_updates=1 teacher_ce=0.5612489581108093 teacher_lr=2.746526896031365e-05 teacher_margin=0.32694846391677856 teacher_margin_term=0.0036997487768530846 teacher_updates=1 temp_adv=1.1349999999999851 temp_nat=3.63399999999971 temperature_updates=1 total_loss=0.03916779160499573 views=2
2026-10-08 08:30:39.394 | INFO     | __main__:<module>:531 - METHOD_BATCH epoch=212 step=100 adv_kd=0.01614631526172161 awp_adv_grad_norm=0.16534490883350372 awp_adv_nat_cos=0.12066160887479782 awp_gamma=0.002 awp_mix_adv_cos=0.8860638737678528 awp_mix_grad_norm=0.19927851855754852 awp_nat_grad_norm=0.09305813163518906 awp_nat_weight=1.0 awp_relative_norm_max=0.0020000000949949026 clean_ce=0.13215799629688263 clean_ce_term=0.0022189076989889145 consistency_term=0.0037684619892388582 consistency_weight=0.75 js_raw=0.05024615675210953 lr=0.06333768961967892 nat_kd=0.008586818352341652 pcgrad_conflicts=0 push=0.028551479801535606 push_term=0.0023337979800999165 student_updates=1 teacher_ce=0.48126570880413055 teacher_lr=2.746526896031365e-05 teacher_margin=0.32324671745300293 teacher_margin_term=0.0036578597500920296 teacher_updates=1 temp_adv=1.1389999999999847 temp_nat=3.6299999999997103 temperature_updates=1 total_loss=0.0367121621966362 views=2
2026-10-08 08:32:08.803 | INFO     | __main__:<module>:531 - METHOD_BATCH epoch=212 step=200 adv_kd=0.016861511394381523 awp_adv_grad_norm=0.15991154313087463 awp_adv_nat_cos=0.07885324209928513 awp_gamma=0.002 awp_mix_adv_cos=0.8426513075828552 awp_mix_grad_norm=0.19987457990646362 awp_nat_grad_norm=0.1079605221748352 awp_nat_weight=1.0 awp_relative_norm_max=0.0020000003278255463 clean_ce=0.147023543715477 clean_ce_term=0.0024684974923729897 consistency_term=0.002659690799191594 consistency_weight=0.75 js_raw=0.03546254336833954 lr=0.06333768961967892 nat_kd=0.009555147029459476 pcgrad_conflicts=0 push=0.0266357883810997 push_term=0.002177209360525012 student_updates=1 teacher_ce=0.4573756456375122 teacher_lr=2.746526896031365e-05 teacher_margin=0.33135926723480225 teacher_margin_term=0.0037496613804250956 teacher_updates=1 temp_adv=1.1429999999999843 temp_nat=3.625999999999711 temperature_updates=1 total_loss=0.0374717153608799 views=2
2026-10-08 08:33:38.167 | INFO     | __main__:<module>:531 - METHOD_BATCH epoch=212 step=300 adv_kd=0.01915827766060829 awp_adv_grad_norm=0.16708841919898987 awp_adv_nat_cos=0.12986165285110474 awp_gamma=0.002 awp_mix_adv_cos=0.9102122783660889 awp_mix_grad_norm=0.19520321488380432 awp_nat_grad_norm=0.0815322995185852 awp_nat_weight=1.0 awp_relative_norm_max=0.0020000003278255463 clean_ce=0.13275596499443054 clean_ce_term=0.0022289473563432693 consistency_term=0.0025166149716824293 consistency_weight=0.75 js_raw=0.033554866909980774 lr=0.06333768961967892 nat_kd=0.007947638630867004 pcgrad_conflicts=0 push=0.02225090004503727 push_term=0.001818788587115705 student_updates=1 teacher_ce=0.48823748528957367 teacher_lr=2.746526896031365e-05 teacher_margin=0.38755080103874207 teacher_margin_term=0.004385524429380894 teacher_updates=1 temp_adv=1.1389999999999847 temp_nat=3.6299999999997103 temperature_updates=1 total_loss=0.038055796176195145 views=2
2026-10-08 08:34:58.306 | INFO     | __main__:<module>:1016 - TRAIN_EPOCH_RESOURCE epoch=212 seconds=349.24359262897633 peak_allocated_bytes=3885782016
2026-10-08 08:34:58.306 | INFO     | __main__:<module>:516 - METHOD epoch=213 views=2 awp_gamma=0.002 consistency_weight=0.75 awp_nat_weight=1.0
2026-10-08 08:34:58.307 | INFO     | __main__:<module>:519 - the 213th epoch 
2026-10-08 08:34:59.256 | INFO     | __main__:<module>:531 - METHOD_BATCH epoch=213 step=0 adv_kd=0.01645151525735855 awp_adv_grad_norm=0.14151185750961304 awp_adv_nat_cos=0.10572868585586548 awp_gamma=0.002 awp_mix_adv_cos=0.8937731981277466 awp_mix_grad_norm=0.1672549694776535 awp_nat_grad_norm=0.07543987780809402 awp_nat_weight=1.0 awp_relative_norm_max=0.0020000003278255463 clean_ce=0.14920833706855774 clean_ce_term=0.0025515719316899776 consistency_term=0.002257168060168624 consistency_weight=0.75 js_raw=0.030095575377345085 lr=0.06232445699168568 nat_kd=0.007675764616578817 pcgrad_conflicts=0 push=0.0305585078895092 push_term=0.0024978523142635822 student_updates=1 teacher_ce=0.5042485445737839 teacher_lr=2.690638339477651e-05 teacher_margin=0.2990266680717468 teacher_margin_term=0.003383785951882601 teacher_updates=1 temp_adv=1.135999999999985 temp_nat=3.63299999999971 temperature_updates=1 total_loss=0.0348176583647728 views=2
2026-10-08 08:36:28.641 | INFO     | __main__:<module>:531 - METHOD_BATCH epoch=213 step=100 adv_kd=0.014510092325508595 awp_adv_grad_norm=0.1353464424610138 awp_adv_nat_cos=0.10277661681175232 awp_gamma=0.002 awp_mix_adv_cos=0.8144017457962036 awp_mix_grad_norm=0.17939922213554382 awp_nat_grad_norm=0.10465987026691437 awp_nat_weight=1.0 awp_relative_norm_max=0.0020000000949949026 clean_ce=0.1417022943496704 clean_ce_term=0.0024232128635048866 consistency_term=0.002961042569950223 consistency_weight=0.75 js_raw=0.03948056697845459 lr=0.06232445699168568 nat_kd=0.009517155587673187 pcgrad_conflicts=0 push=0.021614857017993927 push_term=0.0017667983192950487 student_updates=1 teacher_ce=0.526952475309372 teacher_lr=2.690638339477651e-05 teacher_margin=0.2934167683124542 teacher_margin_term=0.003320304211229086 teacher_updates=1 temp_adv=1.1339999999999852 temp_nat=3.63499999999971 temperature_updates=1 total_loss=0.034498605877161026 views=2
2026-10-08 08:37:58.011 | INFO     | __main__:<module>:531 - METHOD_BATCH epoch=213 step=200 adv_kd=0.016971729695796967 awp_adv_grad_norm=0.16054196655750275 awp_adv_nat_cos=0.08927223831415176 awp_gamma=0.002 awp_mix_adv_cos=0.8688244223594666 awp_mix_grad_norm=0.19472695887088776 awp_nat_grad_norm=0.0967998206615448 awp_nat_weight=1.0 awp_relative_norm_max=0.0020000003278255463 clean_ce=0.13050296902656555 clean_ce_term=0.0022316966205835342 consistency_term=0.0034536421298980713 consistency_weight=0.75 js_raw=0.04604855924844742 lr=0.06232445699168568 nat_kd=0.009450981393456459 pcgrad_conflicts=0 push=0.026937784627079964 push_term=0.002201894298195839 student_updates=1 teacher_ce=0.5548761188983917 teacher_lr=2.690638339477651e-05 teacher_margin=0.320443332195282 teacher_margin_term=0.00362613657489419 teacher_updates=1 temp_adv=1.1379999999999848 temp_nat=3.6309999999997102 temperature_updates=1 total_loss=0.03793608397245407 views=2
2026-10-08 08:39:27.665 | INFO     | __main__:<module>:531 - METHOD_BATCH epoch=213 step=300 adv_kd=0.021167078986763954 awp_adv_grad_norm=0.20460520684719086 awp_adv_nat_cos=0.12496569752693176 awp_gamma=0.002 awp_mix_adv_cos=0.9093340039253235 awp_mix_grad_norm=0.23876561224460602 awp_nat_grad_norm=0.10012736171483994 awp_nat_weight=1.0 awp_relative_norm_max=0.0020000003278255463 clean_ce=0.14280499517917633 clean_ce_term=0.002442070050165057 consistency_term=0.0029702037572860718 consistency_weight=0.75 js_raw=0.03960271552205086 lr=0.06232445699168568 nat_kd=0.008803406730294228 pcgrad_conflicts=0 push=0.035355232656002045 push_term=0.002889936789870262 student_updates=1 teacher_ce=0.5166997015476227 teacher_lr=2.690638339477651e-05 teacher_margin=0.36890047788619995 teacher_margin_term=0.00417447742074728 teacher_updates=1 temp_adv=1.1339999999999852 temp_nat=3.63499999999971 temperature_updates=1 total_loss=0.04244717210531235 views=2
2026-10-08 08:40:47.950 | INFO     | __main__:<module>:1016 - TRAIN_EPOCH_RESOURCE epoch=213 seconds=349.6428121130448 peak_allocated_bytes=3885782016
2026-10-08 08:40:47.950 | INFO     | __main__:<module>:516 - METHOD epoch=214 views=2 awp_gamma=0.002 consistency_weight=0.75 awp_nat_weight=1.0
2026-10-08 08:40:47.950 | INFO     | __main__:<module>:519 - the 214th epoch 
2026-10-08 08:40:48.898 | INFO     | __main__:<module>:531 - METHOD_BATCH epoch=214 step=0 adv_kd=0.014821071177721024 awp_adv_grad_norm=0.12569314241409302 awp_adv_nat_cos=0.11673323065042496 awp_gamma=0.002 awp_mix_adv_cos=0.8078937530517578 awp_mix_grad_norm=0.17017152905464172 awp_nat_grad_norm=0.10097719728946686 awp_nat_weight=1.0 awp_relative_norm_max=0.0020000003278255463 clean_ce=0.16797256469726562 clean_ce_term=0.00292468024417758 consistency_term=0.002626932691782713 consistency_weight=0.75 js_raw=0.03502576798200607 lr=0.06130583798736121 nat_kd=0.010637914761900902 pcgrad_conflicts=0 push=0.020695500075817108 push_term=0.0016916501335799694 student_updates=1 teacher_ce=0.46234622597694397 teacher_lr=2.635116051389537e-05 teacher_margin=0.23826460540294647 teacher_margin_term=0.0026962021365761757 teacher_updates=1 temp_adv=1.136999999999985 temp_nat=3.63199999999971 temperature_updates=1 total_loss=0.0353984534740448 views=2
2026-10-08 08:42:18.476 | INFO     | __main__:<module>:531 - METHOD_BATCH epoch=214 step=100 adv_kd=0.015285283327102661 awp_adv_grad_norm=0.15295477211475372 awp_adv_nat_cos=0.07671492546796799 awp_gamma=0.002 awp_mix_adv_cos=0.8399266600608826 awp_mix_grad_norm=0.1916317343711853 awp_nat_grad_norm=0.10430591553449631 awp_nat_weight=1.0 awp_relative_norm_max=0.0020000003278255463 clean_ce=0.14257141947746277 clean_ce_term=0.0024824042338877916 consistency_term=0.0030679230112582445 consistency_weight=0.75 js_raw=0.04090563952922821 lr=0.06130583798736121 nat_kd=0.010179352015256882 pcgrad_conflicts=0 push=0.025933515280485153 push_term=0.0021198056638240814 student_updates=1 teacher_ce=0.5518609881401062 teacher_lr=2.635116051389537e-05 teacher_margin=0.2670000195503235 teacher_margin_term=0.003021372016519308 teacher_updates=1 temp_adv=1.1329999999999854 temp_nat=3.6359999999997097 temperature_updates=1 total_loss=0.03615614026784897 views=2
2026-10-08 08:43:48.027 | INFO     | __main__:<module>:531 - METHOD_BATCH epoch=214 step=200 adv_kd=0.01998254656791687 awp_adv_grad_norm=0.1862853318452835 awp_adv_nat_cos=0.11957742273807526 awp_gamma=0.002 awp_mix_adv_cos=0.9110534191131592 awp_mix_grad_norm=0.21625962853431702 awp_nat_grad_norm=0.08980569988489151 awp_nat_weight=1.0 awp_relative_norm_max=0.0020000003278255463 clean_ce=0.153669536113739 clean_ce_term=0.0026756408624351025 consistency_term=0.001460080617107451 consistency_weight=0.75 js_raw=0.01946774125099182 lr=0.06130583798736121 nat_kd=0.008430445566773415 pcgrad_conflicts=0 push=0.026385726407170296 push_term=0.0021567693911492825 student_updates=1 teacher_ce=0.45372556149959564 teacher_lr=2.635116051389537e-05 teacher_margin=0.41986319422721863 teacher_margin_term=0.004751171916723251 teacher_updates=1 temp_adv=1.1309999999999856 temp_nat=3.6379999999997095 temperature_updates=1 total_loss=0.03945665434002876 views=2
2026-10-08 08:45:17.609 | INFO     | __main__:<module>:531 - METHOD_BATCH epoch=214 step=300 adv_kd=0.02199385315179825 awp_adv_grad_norm=0.23129718005657196 awp_adv_nat_cos=0.15248748660087585 awp_gamma=0.002 awp_mix_adv_cos=0.940452516078949 awp_mix_grad_norm=0.26046839356422424 awp_nat_grad_norm=0.08958742767572403 awp_nat_weight=1.0 awp_relative_norm_max=0.0020000000949949026 clean_ce=0.12801459431648254 clean_ce_term=0.0022289459593594074 consistency_term=0.002914533717557788 consistency_weight=0.75 js_raw=0.03886044770479202 lr=0.06130583798736121 nat_kd=0.007588992826640606 pcgrad_conflicts=0 push=0.03452979773283005 push_term=0.002822465728968382 student_updates=1 teacher_ce=0.5431142449378967 teacher_lr=2.635116051389537e-05 teacher_margin=0.3457694947719574 teacher_margin_term=0.003912727348506451 teacher_updates=1 temp_adv=1.1389999999999847 temp_nat=3.6299999999997103 temperature_updates=1 total_loss=0.0414615198969841 views=2
2026-10-08 08:46:37.979 | INFO     | __main__:<module>:1016 - TRAIN_EPOCH_RESOURCE epoch=214 seconds=350.0292308249045 peak_allocated_bytes=3885782016
2026-10-08 08:46:37.980 | INFO     | __main__:<module>:516 - METHOD epoch=215 views=2 awp_gamma=0.002 consistency_weight=0.75 awp_nat_weight=1.0
2026-10-08 08:46:37.980 | INFO     | __main__:<module>:519 - the 215th epoch 
2026-10-08 08:46:38.929 | INFO     | __main__:<module>:531 - METHOD_BATCH epoch=215 step=0 adv_kd=0.01582004688680172 awp_adv_grad_norm=0.1411096751689911 awp_adv_nat_cos=0.12245777249336243 awp_gamma=0.002 awp_mix_adv_cos=0.8269447684288025 awp_mix_grad_norm=0.18626703321933746 awp_nat_grad_norm=0.1055290624499321 awp_nat_weight=1.0 awp_relative_norm_max=0.0020000003278255463 clean_ce=0.14198610186576843 clean_ce_term=0.002516359556466341 consistency_term=0.0020110912155359983 consistency_weight=0.75 js_raw=0.026814548298716545 lr=0.060282281466651357 nat_kd=0.010693535208702087 pcgrad_conflicts=0 push=0.020579347386956215 push_term=0.0016821558820083737 student_updates=1 teacher_ce=0.5324236452579498 teacher_lr=2.57996877282432e-05 teacher_margin=0.3155473470687866 teacher_margin_term=0.003570733591914177 teacher_updates=1 temp_adv=1.1419999999999844 temp_nat=3.6269999999997107 temperature_updates=1 total_loss=0.03629392012953758 views=2
2026-10-08 08:48:08.496 | INFO     | __main__:<module>:531 - METHOD_BATCH epoch=215 step=100 adv_kd=0.014896457083523273 awp_adv_grad_norm=0.140849769115448 awp_adv_nat_cos=0.10598263889551163 awp_gamma=0.002 awp_mix_adv_cos=0.8599687814712524 awp_mix_grad_norm=0.17484386265277863 awp_nat_grad_norm=0.08973635733127594 awp_nat_weight=1.0 awp_relative_norm_max=0.0020000003278255463 clean_ce=0.1356678307056427 clean_ce_term=0.002404383383691311 consistency_term=0.0020111589692533016 consistency_weight=0.75 js_raw=0.026815451681613922 lr=0.060282281466651357 nat_kd=0.00930620077997446 pcgrad_conflicts=0 push=0.022482629865407944 push_term=0.0018377301748842 student_updates=1 teacher_ce=0.468589648604393 teacher_lr=2.57996877282432e-05 teacher_margin=0.29295220971107483 teacher_margin_term=0.0033150468952953815 teacher_updates=1 temp_adv=1.1418889109110932 temp_nat=3.6271110890886016 temperature_updates=1 total_loss=0.033770978450775146 views=2
2026-10-08 08:49:37.971 | INFO     | __main__:<module>:531 - METHOD_BATCH epoch=215 step=200 adv_kd=0.017414528876543045 awp_adv_grad_norm=0.1717115342617035 awp_adv_nat_cos=0.09589572250843048 awp_gamma=0.002 awp_mix_adv_cos=0.8707714676856995 awp_mix_grad_norm=0.20853903889656067 awp_nat_grad_norm=0.10301085561513901 awp_nat_weight=1.0 awp_relative_norm_max=0.0020000003278255463 clean_ce=0.1454552412033081 clean_ce_term=0.0025778417475521564 consistency_term=0.004027458839118481 consistency_weight=0.75 js_raw=0.05369944870471954 lr=0.060282281466651357 nat_kd=0.009563742205500603 pcgrad_conflicts=0 push=0.026310551911592484 push_term=0.0021506245248019695 student_updates=1 teacher_ce=0.5299281477928162 teacher_lr=2.57996877282432e-05 teacher_margin=0.28936269879341125 teacher_margin_term=0.003274428192526102 teacher_updates=1 temp_adv=1.1418889109110932 temp_nat=3.6271110890886016 temperature_updates=1 total_loss=0.03900862857699394 views=2
2026-10-08 08:51:07.445 | INFO     | __main__:<module>:531 - METHOD_BATCH epoch=215 step=300 adv_kd=0.01925705000758171 awp_adv_grad_norm=0.1786094456911087 awp_adv_nat_cos=0.11855822056531906 awp_gamma=0.002 awp_mix_adv_cos=0.865922749042511 awp_mix_grad_norm=0.22154445946216583 awp_nat_grad_norm=0.1115986779332161 awp_nat_weight=1.0 awp_relative_norm_max=0.0020000003278255463 clean_ce=0.12047076970338821 clean_ce_term=0.0021350523456931114 consistency_term=0.002832266269251704 consistency_weight=0.75 js_raw=0.037763550877571106 lr=0.060282281466651357 nat_kd=0.010221107862889767 pcgrad_conflicts=0 push=0.026181422173976898 push_term=0.002140069380402565 student_updates=1 teacher_ce=0.6316023766994476 teacher_lr=2.57996877282432e-05 teacher_margin=0.3775670528411865 teacher_margin_term=0.004272548481822014 teacher_updates=1 temp_adv=1.1418889109110932 temp_nat=3.6271110890886016 temperature_updates=1 total_loss=0.04085809364914894 views=2
2026-10-08 08:52:27.625 | INFO     | __main__:<module>:1016 - TRAIN_EPOCH_RESOURCE epoch=215 seconds=349.64499150402844 peak_allocated_bytes=3885782016
2026-10-08 08:52:27.626 | INFO     | __main__:<module>:516 - METHOD epoch=216 views=2 awp_gamma=0.002 consistency_weight=0.75 awp_nat_weight=1.0
2026-10-08 08:52:27.626 | INFO     | __main__:<module>:519 - the 216th epoch 
2026-10-08 08:52:28.572 | INFO     | __main__:<module>:531 - METHOD_BATCH epoch=216 step=0 adv_kd=0.017076989635825157 awp_adv_grad_norm=0.15213167667388916 awp_adv_nat_cos=0.050982750952243805 awp_gamma=0.002 awp_mix_adv_cos=0.8716069459915161 awp_mix_grad_norm=0.17970100045204163 awp_nat_grad_norm=0.08820513635873795 awp_nat_weight=1.0 awp_relative_norm_max=0.0020000003278255463 clean_ce=0.14226816594600677 clean_ce_term=0.0025655929930508137 consistency_term=0.0030685700476169586 consistency_weight=0.75 js_raw=0.04091426730155945 lr=0.05925423840674787 nat_kd=0.009043573401868343 pcgrad_conflicts=0 push=0.031092636287212372 push_term=0.0025415122509002686 student_updates=1 teacher_ce=0.4706123471260071 teacher_lr=2.525205183859442e-05 teacher_margin=0.34424296021461487 teacher_margin_term=0.0038954531773924828 teacher_updates=1 temp_adv=1.1418889109110932 temp_nat=3.6271110890886016 temperature_updates=1 total_loss=0.038191694766283035 views=2
2026-10-08 08:53:58.001 | INFO     | __main__:<module>:531 - METHOD_BATCH epoch=216 step=100 adv_kd=0.014843091368675232 awp_adv_grad_norm=0.1399402767419815 awp_adv_nat_cos=0.07915506511926651 awp_gamma=0.002 awp_mix_adv_cos=0.8343526124954224 awp_mix_grad_norm=0.17700909078121185 awp_nat_grad_norm=0.0978800430893898 awp_nat_weight=1.0 awp_relative_norm_max=0.0020000003278255463 clean_ce=0.14624038338661194 clean_ce_term=0.002637225901708007 consistency_term=0.002810440491884947 consistency_weight=0.75 js_raw=0.03747253865003586 lr=0.05925423840674787 nat_kd=0.007989374920725822 pcgrad_conflicts=0 push=0.027116838842630386 push_term=0.0022165304981172085 student_updates=1 teacher_ce=0.44479990005493164 teacher_lr=2.525205183859442e-05 teacher_margin=0.3104596734046936 teacher_margin_term=0.0035131615586578846 teacher_updates=1 temp_adv=1.1418889109110932 temp_nat=3.6271110890886016 temperature_updates=1 total_loss=0.034009821712970734 views=2
2026-10-08 08:55:27.452 | INFO     | __main__:<module>:531 - METHOD_BATCH epoch=216 step=200 adv_kd=0.016072265803813934 awp_adv_grad_norm=0.14984659850597382 awp_adv_nat_cos=0.08521953225135803 awp_gamma=0.002 awp_mix_adv_cos=0.8607382774353027 awp_mix_grad_norm=0.18336611986160278 awp_nat_grad_norm=0.09368295222520828 awp_nat_weight=1.0 awp_relative_norm_max=0.0020000000949949026 clean_ce=0.14391227066516876 clean_ce_term=0.0025952421128749847 consistency_term=0.002579826395958662 consistency_weight=0.75 js_raw=0.034397684037685394 lr=0.05925423840674787 nat_kd=0.008752495981752872 pcgrad_conflicts=0 push=0.02382195182144642 push_term=0.0019472064450383186 student_updates=1 teacher_ce=0.5502800047397614 teacher_lr=2.525205183859442e-05 teacher_margin=0.3434021472930908 teacher_margin_term=0.0038859383203089237 teacher_updates=1 temp_adv=1.1418889109110932 temp_nat=3.6271110890886016 temperature_updates=1 total_loss=0.035832975059747696 views=2
2026-10-08 08:56:56.928 | INFO     | __main__:<module>:531 - METHOD_BATCH epoch=216 step=300 adv_kd=0.016853176057338715 awp_adv_grad_norm=0.1644037365913391 awp_adv_nat_cos=0.08162019401788712 awp_gamma=0.002 awp_mix_adv_cos=0.8637375831604004 awp_mix_grad_norm=0.19989070296287537 awp_nat_grad_norm=0.10107048600912094 awp_nat_weight=1.0 awp_relative_norm_max=0.0020000003278255463 clean_ce=0.12670287489891052 clean_ce_term=0.0022848965600132942 consistency_term=0.0024786200374364853 consistency_weight=0.75 js_raw=0.03304826840758324 lr=0.05925423840674787 nat_kd=0.010071024298667908 pcgrad_conflicts=0 push=0.03142322599887848 push_term=0.002568534342572093 student_updates=1 teacher_ce=0.5623333156108856 teacher_lr=2.525205183859442e-05 teacher_margin=0.3369382619857788 teacher_margin_term=0.0038127934094518423 teacher_updates=1 temp_adv=1.1418889109110932 temp_nat=3.6271110890886016 temperature_updates=1 total_loss=0.038069047033786774 views=2
2026-10-08 08:58:17.178 | INFO     | __main__:<module>:1016 - TRAIN_EPOCH_RESOURCE epoch=216 seconds=349.5520473229699 peak_allocated_bytes=3885782016
2026-10-08 08:58:17.178 | INFO     | __main__:<module>:516 - METHOD epoch=217 views=2 awp_gamma=0.002 consistency_weight=0.75 awp_nat_weight=1.0
2026-10-08 08:58:17.178 | INFO     | __main__:<module>:519 - the 217th epoch 
2026-10-08 08:58:18.125 | INFO     | __main__:<module>:531 - METHOD_BATCH epoch=217 step=0 adv_kd=0.013524867594242096 awp_adv_grad_norm=0.13176602125167847 awp_adv_nat_cos=0.010084196925163269 awp_gamma=0.002 awp_mix_adv_cos=0.8787489533424377 awp_mix_grad_norm=0.15077313780784607 awp_nat_grad_norm=0.0719653069972992 awp_nat_weight=1.0 awp_relative_norm_max=0.0020000000949949026 clean_ce=0.14318335056304932 clean_ce_term=0.0026266158092767 consistency_term=0.0019049879629164934 consistency_weight=0.75 js_raw=0.025399839505553246 lr=0.05822216170124611 nat_kd=0.00688090268522501 pcgrad_conflicts=0 push=0.02345353737473488 push_term=0.0019170921295881271 student_updates=1 teacher_ce=0.5322383046150208 teacher_lr=2.470833902208863e-05 teacher_margin=0.24570612609386444 teacher_margin_term=0.002780410461127758 teacher_updates=1 temp_adv=1.1418889109110932 temp_nat=3.6271110890886016 temperature_updates=1 total_loss=0.029634878039360046 views=2
2026-10-08 08:59:47.643 | INFO     | __main__:<module>:531 - METHOD_BATCH epoch=217 step=100 adv_kd=0.013857167214155197 awp_adv_grad_norm=0.13152967393398285 awp_adv_nat_cos=0.09598004817962646 awp_gamma=0.002 awp_mix_adv_cos=0.8138416409492493 awp_mix_grad_norm=0.17356544733047485 awp_nat_grad_norm=0.10132434964179993 awp_nat_weight=1.0 awp_relative_norm_max=0.0020000003278255463 clean_ce=0.1388065367937088 clean_ce_term=0.0025463257916271687 consistency_term=0.0019560621585696936 consistency_weight=0.75 js_raw=0.02608082816004753 lr=0.05822216170124611 nat_kd=0.009801799431443214 pcgrad_conflicts=0 push=0.02934793382883072 push_term=0.0023989002220332623 student_updates=1 teacher_ce=0.4508671760559082 teacher_lr=2.470833902208863e-05 teacher_margin=0.2904544770717621 teacher_margin_term=0.0032867826521396637 teacher_updates=1 temp_adv=1.1418889109110932 temp_nat=3.6271110890886016 temperature_updates=1 total_loss=0.033847033977508545 views=2
2026-10-08 09:01:17.427 | INFO     | __main__:<module>:531 - METHOD_BATCH epoch=217 step=200 adv_kd=0.014252377673983574 awp_adv_grad_norm=0.14255291223526 awp_adv_nat_cos=0.08300356566905975 awp_gamma=0.002 awp_mix_adv_cos=0.8218050003051758 awp_mix_grad_norm=0.18409401178359985 awp_nat_grad_norm=0.10525421798229218 awp_nat_weight=1.0 awp_relative_norm_max=0.0020000003278255463 clean_ce=0.1373051106929779 clean_ce_term=0.0025187828578054905 consistency_term=0.003163131419569254 consistency_weight=0.75 js_raw=0.042175084352493286 lr=0.05822216170124611 nat_kd=0.009735379368066788 pcgrad_conflicts=0 push=0.022193927317857742 push_term=0.0018141316249966621 student_updates=1 teacher_ce=0.5893203020095825 teacher_lr=2.470833902208863e-05 teacher_margin=0.28103381395339966 teacher_margin_term=0.0031801783479750156 teacher_updates=1 temp_adv=1.1418889109110932 temp_nat=3.6271110890886016 temperature_updates=1 total_loss=0.034663986414670944 views=2
2026-10-08 09:02:47.226 | INFO     | __main__:<module>:531 - METHOD_BATCH epoch=217 step=300 adv_kd=0.01866469904780388 awp_adv_grad_norm=0.17423689365386963 awp_adv_nat_cos=0.05179509520530701 awp_gamma=0.002 awp_mix_adv_cos=0.84625244140625 awp_mix_grad_norm=0.21284228563308716 awp_nat_grad_norm=0.11355100572109222 awp_nat_weight=1.0 awp_relative_norm_max=0.0020000003278255463 clean_ce=0.13074751198291779 clean_ce_term=0.0023984876461327076 consistency_term=0.00258182967081666 consistency_weight=0.75 js_raw=0.034424394369125366 lr=0.05822216170124611 nat_kd=0.010506710968911648 pcgrad_conflicts=0 push=0.02581070363521576 push_term=0.002109766937792301 student_updates=1 teacher_ce=0.6171862781047821 teacher_lr=2.470833902208863e-05 teacher_margin=0.32186830043792725 teacher_margin_term=0.0036422614939510822 teacher_updates=1 temp_adv=1.1418889109110932 temp_nat=3.6271110890886016 temperature_updates=1 total_loss=0.039903756231069565 views=2
2026-10-08 09:04:07.681 | INFO     | __main__:<module>:1016 - TRAIN_EPOCH_RESOURCE epoch=217 seconds=350.5026046410203 peak_allocated_bytes=3885782016
2026-10-08 09:04:07.681 | INFO     | __main__:<module>:516 - METHOD epoch=218 views=2 awp_gamma=0.002 consistency_weight=0.75 awp_nat_weight=1.0
2026-10-08 09:04:07.682 | INFO     | __main__:<module>:519 - the 218th epoch 
2026-10-08 09:04:08.630 | INFO     | __main__:<module>:531 - METHOD_BATCH epoch=218 step=0 adv_kd=0.017287585884332657 awp_adv_grad_norm=0.16385941207408905 awp_adv_nat_cos=0.10824980586767197 awp_gamma=0.002 awp_mix_adv_cos=0.8638773560523987 awp_mix_grad_norm=0.20253825187683105 awp_nat_grad_norm=0.10262197256088257 awp_nat_weight=1.0 awp_relative_norm_max=0.0020000003278255463 clean_ce=0.1368129551410675 clean_ce_term=0.00255229277536273 consistency_term=0.004056517034769058 consistency_weight=0.75 js_raw=0.054086893796920776 lr=0.05718650595846991 nat_kd=0.00948869064450264 pcgrad_conflicts=0 push=0.028586501255631447 push_term=0.002336660632863641 student_updates=1 teacher_ce=0.592476099729538 teacher_lr=2.416863481849594e-05 teacher_margin=0.29796671867370605 teacher_margin_term=0.003371791448444128 teacher_updates=1 temp_adv=1.1418889109110932 temp_nat=3.6271110890886016 temperature_updates=1 total_loss=0.039093535393476486 views=2
2026-10-08 09:05:38.321 | INFO     | __main__:<module>:531 - METHOD_BATCH epoch=218 step=100 adv_kd=0.01707477495074272 awp_adv_grad_norm=0.16463279724121094 awp_adv_nat_cos=0.11654310673475266 awp_gamma=0.002 awp_mix_adv_cos=0.8358197212219238 awp_mix_grad_norm=0.2134213149547577 awp_nat_grad_norm=0.11797309666872025 awp_nat_weight=1.0 awp_relative_norm_max=0.0020000003278255463 clean_ce=0.11864598840475082 clean_ce_term=0.002213381929323077 consistency_term=0.0035704770125448704 consistency_weight=0.75 js_raw=0.04760635644197464 lr=0.05718650595846991 nat_kd=0.010033292695879936 pcgrad_conflicts=0 push=0.023550711572170258 push_term=0.001925035146996379 student_updates=1 teacher_ce=0.661436915397644 teacher_lr=2.416863481849594e-05 teacher_margin=0.297954261302948 teacher_margin_term=0.003371650353074074 teacher_updates=1 temp_adv=1.1418889109110932 temp_nat=3.6271110890886016 temperature_updates=1 total_loss=0.038188617676496506 views=2
2026-10-08 09:07:08.012 | INFO     | __main__:<module>:531 - METHOD_BATCH epoch=218 step=200 adv_kd=0.014876463450491428 awp_adv_grad_norm=0.14656555652618408 awp_adv_nat_cos=0.09243666380643845 awp_gamma=0.002 awp_mix_adv_cos=0.8485589027404785 awp_mix_grad_norm=0.18333519995212555 awp_nat_grad_norm=0.09741993248462677 awp_nat_weight=1.0 awp_relative_norm_max=0.0020000003278255463 clean_ce=0.1387346386909485 clean_ce_term=0.0025881424080580473 consistency_term=0.002457675291225314 consistency_weight=0.75 js_raw=0.03276900574564934 lr=0.05718650595846991 nat_kd=0.008630429394543171 pcgrad_conflicts=0 push=0.028363175690174103 push_term=0.0023184060119092464 student_updates=1 teacher_ce=0.5032793879508972 teacher_lr=2.416863481849594e-05 teacher_margin=0.3062661290168762 teacher_margin_term=0.003465707413852215 teacher_updates=1 temp_adv=1.1418889109110932 temp_nat=3.6271110890886016 temperature_updates=1 total_loss=0.03433682397007942 views=2
2026-10-08 09:08:37.683 | INFO     | __main__:<module>:531 - METHOD_BATCH epoch=218 step=300 adv_kd=0.014275453053414822 awp_adv_grad_norm=0.14281338453292847 awp_adv_nat_cos=0.10139066725969315 awp_gamma=0.002 awp_mix_adv_cos=0.8098889589309692 awp_mix_grad_norm=0.1903907209634781 awp_nat_grad_norm=0.11225850880146027 awp_nat_weight=1.0 awp_relative_norm_max=0.0020000003278255463 clean_ce=0.14214009046554565 clean_ce_term=0.002651672577485442 consistency_term=0.002048441907390952 consistency_weight=0.75 js_raw=0.027312560006976128 lr=0.05718650595846991 nat_kd=0.010094614699482918 pcgrad_conflicts=0 push=0.023407943546772003 push_term=0.0019133652094751596 student_updates=1 teacher_ce=0.4819527566432953 teacher_lr=2.416863481849594e-05 teacher_margin=0.27955812215805054 teacher_margin_term=0.003163479268550873 teacher_updates=1 temp_adv=1.1418889109110932 temp_nat=3.6271110890886016 temperature_updates=1 total_loss=0.034147024154663086 views=2
2026-10-08 09:09:58.152 | INFO     | __main__:<module>:1016 - TRAIN_EPOCH_RESOURCE epoch=218 seconds=350.4703486529179 peak_allocated_bytes=3885782016
2026-10-08 09:09:58.153 | INFO     | __main__:<module>:516 - METHOD epoch=219 views=2 awp_gamma=0.002 consistency_weight=0.75 awp_nat_weight=1.0
2026-10-08 09:09:58.153 | INFO     | __main__:<module>:519 - the 219th epoch 
2026-10-08 09:09:59.104 | INFO     | __main__:<module>:531 - METHOD_BATCH epoch=219 step=0 adv_kd=0.015054253861308098 awp_adv_grad_norm=0.14453813433647156 awp_adv_nat_cos=0.10798707604408264 awp_gamma=0.002 awp_mix_adv_cos=0.8468572497367859 awp_mix_grad_norm=0.18317073583602905 awp_nat_grad_norm=0.09798692166805267 awp_nat_weight=1.0 awp_relative_norm_max=0.0020000003278255463 clean_ce=0.14178387820720673 clean_ce_term=0.0026891110464930534 consistency_term=0.004167273174971342 consistency_weight=0.75 js_raw=0.055563636124134064 lr=0.05614772729905422 nat_kd=0.009496239013969898 pcgrad_conflicts=0 push=0.025332007557153702 push_term=0.0020706383511424065 student_updates=1 teacher_ce=0.6621533334255219 teacher_lr=2.3633024116586585e-05 teacher_margin=0.283677339553833 teacher_margin_term=0.003210092429071665 teacher_updates=1 temp_adv=1.1418889109110932 temp_nat=3.6271110890886016 temperature_updates=1 total_loss=0.03668760880827904 views=2
2026-10-08 09:11:29.042 | INFO     | __main__:<module>:531 - METHOD_BATCH epoch=219 step=100 adv_kd=0.014279858209192753 awp_adv_grad_norm=0.13618052005767822 awp_adv_nat_cos=0.06228442117571831 awp_gamma=0.002 awp_mix_adv_cos=0.8359928727149963 awp_mix_grad_norm=0.16985444724559784 awp_nat_grad_norm=0.09338729083538055 awp_nat_weight=1.0 awp_relative_norm_max=0.0020000003278255463 clean_ce=0.1281338334083557 clean_ce_term=0.002430220600217581 consistency_term=0.002871887059882283 consistency_weight=0.75 js_raw=0.03829182684421539 lr=0.05614772729905422 nat_kd=0.008867145515978336 pcgrad_conflicts=0 push=0.027007313445210457 push_term=0.00220757769420743 student_updates=1 teacher_ce=0.6307953000068665 teacher_lr=2.3633024116586585e-05 teacher_margin=0.26746779680252075 teacher_margin_term=0.0030266656540334225 teacher_updates=1 temp_adv=1.1418889109110932 temp_nat=3.6271110890886016 temperature_updates=1 total_loss=0.033683355897665024 views=2
2026-10-08 09:12:58.883 | INFO     | __main__:<module>:531 - METHOD_BATCH epoch=219 step=200 adv_kd=0.015116190537810326 awp_adv_grad_norm=0.1563100516796112 awp_adv_nat_cos=0.0666075050830841 awp_gamma=0.002 awp_mix_adv_cos=0.8029683828353882 awp_mix_grad_norm=0.20481400191783905 awp_nat_grad_norm=0.12234525382518768 awp_nat_weight=1.0 awp_relative_norm_max=0.0020000000949949026 clean_ce=0.14439350366592407 clean_ce_term=0.0027386057190597057 consistency_term=0.0033266402315348387 consistency_weight=0.75 js_raw=0.044355206191539764 lr=0.05614772729905422 nat_kd=0.01063225045800209 pcgrad_conflicts=0 push=0.03292149305343628 push_term=0.0026910030283033848 student_updates=1 teacher_ce=0.5572510361671448 teacher_lr=2.3633024116586585e-05 teacher_margin=0.2708100378513336 teacher_margin_term=0.0030644861981272697 teacher_updates=1 temp_adv=1.1418889109110932 temp_nat=3.6271110890886016 temperature_updates=1 total_loss=0.03756917268037796 views=2
2026-10-08 09:14:28.757 | INFO     | __main__:<module>:531 - METHOD_BATCH epoch=219 step=300 adv_kd=0.01644626259803772 awp_adv_grad_norm=0.16213448345661163 awp_adv_nat_cos=0.14788824319839478 awp_gamma=0.002 awp_mix_adv_cos=0.8718037605285645 awp_mix_grad_norm=0.20303493738174438 awp_nat_grad_norm=0.10056349635124207 awp_nat_weight=1.0 awp_relative_norm_max=0.0020000003278255463 clean_ce=0.14326155185699463 clean_ce_term=0.0027171368710696697 consistency_term=0.0021963445469737053 consistency_weight=0.75 js_raw=0.02928459458053112 lr=0.05614772729905422 nat_kd=0.00914741400629282 pcgrad_conflicts=0 push=0.03194652497768402 push_term=0.002611309289932251 student_updates=1 teacher_ce=0.47543492913246155 teacher_lr=2.3633024116586585e-05 teacher_margin=0.3162497282028198 teacher_margin_term=0.0035786814987659454 teacher_updates=1 temp_adv=1.1418889109110932 temp_nat=3.6271110890886016 temperature_updates=1 total_loss=0.0366971492767334 views=2
2026-10-08 09:15:49.334 | INFO     | __main__:<module>:1016 - TRAIN_EPOCH_RESOURCE epoch=219 seconds=351.1806174740195 peak_allocated_bytes=3885782016
2026-10-08 09:15:49.334 | INFO     | __main__:<module>:516 - METHOD epoch=220 views=2 awp_gamma=0.002 consistency_weight=0.75 awp_nat_weight=1.0
2026-10-08 09:15:49.334 | INFO     | __main__:<module>:519 - the 220th epoch 
2026-10-08 09:15:50.284 | INFO     | __main__:<module>:531 - METHOD_BATCH epoch=220 step=0 adv_kd=0.012253078632056713 awp_adv_grad_norm=0.1257588118314743 awp_adv_nat_cos=0.035298388451337814 awp_gamma=0.002 awp_mix_adv_cos=0.7832847237586975 awp_mix_grad_norm=0.1651836484670639 awp_nat_grad_norm=0.10275263339281082 awp_nat_weight=1.0 awp_relative_norm_max=0.0020000000949949026 clean_ce=0.149570494890213 clean_ce_term=0.0028832987882196903 consistency_term=0.002243171213194728 consistency_weight=0.75 js_raw=0.029908951371908188 lr=0.05510628315287637 nat_kd=0.010533914901316166 pcgrad_conflicts=0 push=0.02317129820585251 push_term=0.0018940218724310398 student_updates=1 teacher_ce=0.5077085494995117 teacher_lr=2.310159114060635e-05 teacher_margin=0.23474295437335968 teacher_margin_term=0.002656351076439023 teacher_updates=1 temp_adv=1.1418889109110932 temp_nat=3.6271110890886016 temperature_updates=1 total_loss=0.032463837414979935 views=2
2026-10-08 09:17:20.172 | INFO     | __main__:<module>:531 - METHOD_BATCH epoch=220 step=100 adv_kd=0.015270124189555645 awp_adv_grad_norm=0.1572873592376709 awp_adv_nat_cos=0.06616436690092087 awp_gamma=0.002 awp_mix_adv_cos=0.8854343891143799 awp_mix_grad_norm=0.1840444654226303 awp_nat_grad_norm=0.08572514355182648 awp_nat_weight=1.0 awp_relative_norm_max=0.0020000003278255463 clean_ce=0.16188326478004456 clean_ce_term=0.003120654495432973 consistency_term=0.0023319823667407036 consistency_weight=0.75 js_raw=0.03109309822320938 lr=0.05510628315287637 nat_kd=0.007558831013739109 pcgrad_conflicts=0 push=0.029091445729136467 push_term=0.002377934753894806 student_updates=1 teacher_ce=0.5050443708896637 teacher_lr=2.310159114060635e-05 teacher_margin=0.3769453167915344 teacher_margin_term=0.0042655132710933685 teacher_updates=1 temp_adv=1.1418889109110932 temp_nat=3.6271110890886016 temperature_updates=1 total_loss=0.03492503985762596 views=2
2026-10-08 09:18:50.047 | INFO     | __main__:<module>:531 - METHOD_BATCH epoch=220 step=200 adv_kd=0.01383756659924984 awp_adv_grad_norm=0.13810613751411438 awp_adv_nat_cos=0.058001890778541565 awp_gamma=0.002 awp_mix_adv_cos=0.8214575052261353 awp_mix_grad_norm=0.1751893013715744 awp_nat_grad_norm=0.10007360577583313 awp_nat_weight=1.0 awp_relative_norm_max=0.0020000003278255463 clean_ce=0.1323966383934021 clean_ce_term=0.002552235033363104 consistency_term=0.0019137937342748046 consistency_weight=0.75 js_raw=0.02551725134253502 lr=0.05510628315287637 nat_kd=0.01023186556994915 pcgrad_conflicts=2 push=0.03843002766370773 push_term=0.003141270484775305 student_updates=1 teacher_ce=0.5093098282814026 teacher_lr=2.310159114060635e-05 teacher_margin=0.261475533246994 teacher_margin_term=0.002958856988698244 teacher_updates=1 temp_adv=1.1418889109110932 temp_nat=3.6271110890886016 temperature_updates=1 total_loss=0.03463558852672577 views=2
2026-10-08 09:20:19.887 | INFO     | __main__:<module>:531 - METHOD_BATCH epoch=220 step=300 adv_kd=0.015563294291496277 awp_adv_grad_norm=0.16679364442825317 awp_adv_nat_cos=0.10407637804746628 awp_gamma=0.002 awp_mix_adv_cos=0.8635773062705994 awp_mix_grad_norm=0.20571142435073853 awp_nat_grad_norm=0.1042894721031189 awp_nat_weight=1.0 awp_relative_norm_max=0.0020000003278255463 clean_ce=0.15221527218818665 clean_ce_term=0.0029342826455831528 consistency_term=0.0026725369971245527 consistency_weight=0.75 js_raw=0.03563382476568222 lr=0.05510628315287637 nat_kd=0.009580305777490139 pcgrad_conflicts=0 push=0.027058852836489677 push_term=0.002211790531873703 student_updates=1 teacher_ce=0.5418825447559357 teacher_lr=2.310159114060635e-05 teacher_margin=0.29735779762268066 teacher_margin_term=0.003364900592714548 teacher_updates=1 temp_adv=1.1418889109110932 temp_nat=3.6271110890886016 temperature_updates=1 total_loss=0.03632711246609688 views=2
2026-10-08 09:21:40.424 | INFO     | __main__:<module>:1016 - TRAIN_EPOCH_RESOURCE epoch=220 seconds=351.09013090096414 peak_allocated_bytes=3885782016
2026-10-08 09:21:40.425 | INFO     | __main__:<module>:516 - METHOD epoch=221 views=2 awp_gamma=0.002 consistency_weight=0.75 awp_nat_weight=1.0
2026-10-08 09:21:40.425 | INFO     | __main__:<module>:519 - the 221th epoch 
2026-10-08 09:21:41.374 | INFO     | __main__:<module>:531 - METHOD_BATCH epoch=221 step=0 adv_kd=0.013322432525455952 awp_adv_grad_norm=0.13026152551174164 awp_adv_nat_cos=0.10608332604169846 awp_gamma=0.002 awp_mix_adv_cos=0.8126377463340759 awp_mix_grad_norm=0.17357449233531952 awp_nat_grad_norm=0.10172790288925171 awp_nat_weight=1.0 awp_relative_norm_max=0.0020000003278255463 clean_ce=0.16226592659950256 clean_ce_term=0.0031784833408892155 consistency_term=0.0019867250230163336 consistency_weight=0.75 js_raw=0.02648966759443283 lr=0.05406263205542694 nat_kd=0.009977603331208229 pcgrad_conflicts=0 push=0.01785212568938732 push_term=0.0014592327643185854 student_updates=1 teacher_ce=0.5887328386306763 teacher_lr=2.2574419436860326e-05 teacher_margin=0.24943625926971436 teacher_margin_term=0.0028226207941770554 teacher_updates=1 temp_adv=1.1418889109110932 temp_nat=3.6271110890886016 temperature_updates=1 total_loss=0.032747093588113785 views=2
2026-10-08 09:23:11.191 | INFO     | __main__:<module>:531 - METHOD_BATCH epoch=221 step=100 adv_kd=0.01950429193675518 awp_adv_grad_norm=0.25436756014823914 awp_adv_nat_cos=0.036393407732248306 awp_gamma=0.002 awp_mix_adv_cos=0.9251296520233154 awp_mix_grad_norm=0.2791248857975006 awp_nat_grad_norm=0.10604032129049301 awp_nat_weight=1.0 awp_relative_norm_max=0.0020000003278255463 clean_ce=0.11967013776302338 clean_ce_term=0.0023441119119524956 consistency_term=0.0026737803127616644 consistency_weight=0.75 js_raw=0.035650402307510376 lr=0.05406263205542694 nat_kd=0.008358979597687721 pcgrad_conflicts=0 push=0.0301363542675972 push_term=0.0024633456487208605 student_updates=1 teacher_ce=0.6164156198501587 teacher_lr=2.2574419436860326e-05 teacher_margin=0.32696276903152466 teacher_margin_term=0.0036999103613197803 teacher_updates=1 temp_adv=1.1418889109110932 temp_nat=3.6271110890886016 temperature_updates=1 total_loss=0.039044421166181564 views=2
2026-10-08 09:24:41.044 | INFO     | __main__:<module>:531 - METHOD_BATCH epoch=221 step=200 adv_kd=0.01602032035589218 awp_adv_grad_norm=0.1684146523475647 awp_adv_nat_cos=0.06655324995517731 awp_gamma=0.002 awp_mix_adv_cos=0.8845744729042053 awp_mix_grad_norm=0.19733043015003204 awp_nat_grad_norm=0.09223919361829758 awp_nat_weight=1.0 awp_relative_norm_max=0.0020000003278255463 clean_ce=0.15878629684448242 clean_ce_term=0.0031103240326046944 consistency_term=0.0016630362952128053 consistency_weight=0.75 js_raw=0.022173818200826645 lr=0.05406263205542694 nat_kd=0.00830167531967163 pcgrad_conflicts=0 push=0.026515381410717964 push_term=0.0021673673763871193 student_updates=1 teacher_ce=0.45321716368198395 teacher_lr=2.2574419436860326e-05 teacher_margin=0.3063274621963501 teacher_margin_term=0.0034664012491703033 teacher_updates=1 temp_adv=1.1418889109110932 temp_nat=3.6271110890886016 temperature_updates=1 total_loss=0.03472912311553955 views=2
2026-10-08 09:26:10.949 | INFO     | __main__:<module>:531 - METHOD_BATCH epoch=221 step=300 adv_kd=0.016694974154233932 awp_adv_grad_norm=0.16511467099189758 awp_adv_nat_cos=0.1729452759027481 awp_gamma=0.002 awp_mix_adv_cos=0.8240503072738647 awp_mix_grad_norm=0.22787794470787048 awp_nat_grad_norm=0.13107170164585114 awp_nat_weight=1.0 awp_relative_norm_max=0.0020000003278255463 clean_ce=0.13267625868320465 clean_ce_term=0.0025988775305449963 consistency_term=0.001812287955544889 consistency_weight=0.75 js_raw=0.02416384033858776 lr=0.05406263205542694 nat_kd=0.010995147749781609 pcgrad_conflicts=0 push=0.02673962339758873 push_term=0.0021856967359781265 student_updates=1 teacher_ce=0.5141365230083466 teacher_lr=2.2574419436860326e-05 teacher_margin=0.2921333611011505 teacher_margin_term=0.003305781167000532 teacher_updates=1 temp_adv=1.1418889109110932 temp_nat=3.6271110890886016 temperature_updates=1 total_loss=0.03759276866912842 views=2
2026-10-08 09:27:31.520 | INFO     | __main__:<module>:1016 - TRAIN_EPOCH_RESOURCE epoch=221 seconds=351.0949670509435 peak_allocated_bytes=3885782016
2026-10-08 09:27:31.520 | INFO     | __main__:<module>:516 - METHOD epoch=222 views=2 awp_gamma=0.002 consistency_weight=0.75 awp_nat_weight=1.0
2026-10-08 09:27:31.520 | INFO     | __main__:<module>:519 - the 222th epoch 
2026-10-08 09:27:32.472 | INFO     | __main__:<module>:531 - METHOD_BATCH epoch=222 step=0 adv_kd=0.022574663162231445 awp_adv_grad_norm=0.30290377140045166 awp_adv_nat_cos=0.06543079763650894 awp_gamma=0.002 awp_mix_adv_cos=0.9364690780639648 awp_mix_grad_norm=0.3315967917442322 awp_nat_grad_norm=0.11655725538730621 awp_nat_weight=1.0 awp_relative_norm_max=0.0020000003278255463 clean_ce=0.13604919612407684 clean_ce_term=0.0027072476223111153 consistency_term=0.003484167857095599 consistency_weight=0.75 js_raw=0.04645556956529617 lr=0.05301723344371193 nat_kd=0.007920974865555763 pcgrad_conflicts=0 push=0.03236664831638336 push_term=0.0026456499472260475 student_updates=1 teacher_ce=0.44873046875 teacher_lr=2.205159186040729e-05 teacher_margin=0.37047457695007324 teacher_margin_term=0.004192289896309376 teacher_updates=1 temp_adv=1.1418889109110932 temp_nat=3.6271110890886016 temperature_updates=1 total_loss=0.04352499544620514 views=2
2026-10-08 09:29:02.162 | INFO     | __main__:<module>:531 - METHOD_BATCH epoch=222 step=100 adv_kd=0.01620464399456978 awp_adv_grad_norm=0.16435930132865906 awp_adv_nat_cos=0.05482303351163864 awp_gamma=0.002 awp_mix_adv_cos=0.8863635063171387 awp_mix_grad_norm=0.19090615212917328 awp_nat_grad_norm=0.08852070569992065 awp_nat_weight=1.0 awp_relative_norm_max=0.0020000003278255463 clean_ce=0.12593388557434082 clean_ce_term=0.002505962736904621 consistency_term=0.003229506080970168 consistency_weight=0.75 js_raw=0.04306007921695709 lr=0.05301723344371193 nat_kd=0.008644670248031616 pcgrad_conflicts=0 push=0.03297779709100723 push_term=0.002695605158805847 student_updates=1 teacher_ce=0.6223368346691132 teacher_lr=2.205159186040729e-05 teacher_margin=0.2936636209487915 teacher_margin_term=0.0033230972476303577 teacher_updates=1 temp_adv=1.1418889109110932 temp_nat=3.6271110890886016 temperature_updates=1 total_loss=0.03660348430275917 views=2
2026-10-08 09:30:31.689 | INFO     | __main__:<module>:531 - METHOD_BATCH epoch=222 step=200 adv_kd=0.01632462814450264 awp_adv_grad_norm=0.16972742974758148 awp_adv_nat_cos=0.06725907325744629 awp_gamma=0.002 awp_mix_adv_cos=0.854851245880127 awp_mix_grad_norm=0.2070166915655136 awp_nat_grad_norm=0.10765918344259262 awp_nat_weight=1.0 awp_relative_norm_max=0.0020000003278255463 clean_ce=0.14120274782180786 clean_ce_term=0.0028097983449697495 consistency_term=0.0027824442368000746 consistency_weight=0.75 js_raw=0.03709925711154938 lr=0.05301723344371193 nat_kd=0.008586961776018143 pcgrad_conflicts=0 push=0.0190284363925457 push_term=0.0015553843695670366 student_updates=1 teacher_ce=0.5396125018596649 teacher_lr=2.205159186040729e-05 teacher_margin=0.3059687316417694 teacher_margin_term=0.0034623420797288418 teacher_updates=1 temp_adv=1.1418889109110932 temp_nat=3.6271110890886016 temperature_updates=1 total_loss=0.03552155941724777 views=2
2026-10-08 09:32:02.055 | INFO     | __main__:<module>:531 - METHOD_BATCH epoch=222 step=300 adv_kd=0.01803264580667019 awp_adv_grad_norm=0.17738105356693268 awp_adv_nat_cos=0.11991357058286667 awp_gamma=0.002 awp_mix_adv_cos=0.9003565311431885 awp_mix_grad_norm=0.20922598242759705 awp_nat_grad_norm=0.09170705080032349 awp_nat_weight=1.0 awp_relative_norm_max=0.0020000003278255463 clean_ce=0.12746348977088928 clean_ce_term=0.0025364006869494915 consistency_term=0.003211724106222391 consistency_weight=0.75 js_raw=0.04282298684120178 lr=0.05301723344371193 nat_kd=0.008279657922685146 pcgrad_conflicts=0 push=0.025206543505191803 push_term=0.0020603828597813845 student_updates=1 teacher_ce=0.5957001745700836 teacher_lr=2.205159186040729e-05 teacher_margin=0.358957976102829 teacher_margin_term=0.004061968065798283 teacher_updates=1 temp_adv=1.1418889109110932 temp_nat=3.6271110890886016 temperature_updates=1 total_loss=0.038182783871889114 views=2
2026-10-08 09:33:22.311 | INFO     | __main__:<module>:1016 - TRAIN_EPOCH_RESOURCE epoch=222 seconds=350.7906031110324 peak_allocated_bytes=3885782016
2026-10-08 09:33:22.312 | INFO     | __main__:<module>:516 - METHOD epoch=223 views=2 awp_gamma=0.002 consistency_weight=0.75 awp_nat_weight=1.0
2026-10-08 09:33:22.312 | INFO     | __main__:<module>:519 - the 223th epoch 
2026-10-08 09:33:23.259 | INFO     | __main__:<module>:531 - METHOD_BATCH epoch=223 step=0 adv_kd=0.01413741335272789 awp_adv_grad_norm=0.1420697271823883 awp_adv_nat_cos=0.041163619607686996 awp_gamma=0.002 awp_mix_adv_cos=0.8792853355407715 awp_mix_grad_norm=0.1652621626853943 awp_nat_grad_norm=0.07878034561872482 awp_nat_weight=1.0 awp_relative_norm_max=0.0020000003278255463 clean_ce=0.12816983461380005 clean_ce_term=0.0025903070345520973 consistency_term=0.0021557894069701433 consistency_weight=0.75 js_raw=0.028743859380483627 lr=0.051970547451777246 nat_kd=0.007063878700137138 pcgrad_conflicts=0 push=0.023161621764302254 push_term=0.0018932309467345476 student_updates=1 teacher_ce=0.5342514216899872 teacher_lr=2.1533190561866453e-05 teacher_margin=0.28527408838272095 teacher_margin_term=0.003228161484003067 teacher_updates=1 temp_adv=1.1418889109110932 temp_nat=3.6271110890886016 temperature_updates=1 total_loss=0.03106878139078617 views=2
2026-10-08 09:34:52.860 | INFO     | __main__:<module>:531 - METHOD_BATCH epoch=223 step=100 adv_kd=0.014704233966767788 awp_adv_grad_norm=0.149277001619339 awp_adv_nat_cos=0.059895679354667664 awp_gamma=0.002 awp_mix_adv_cos=0.8953865170478821 awp_mix_grad_norm=0.17184597253799438 awp_nat_grad_norm=0.07665892690420151 awp_nat_weight=1.0 awp_relative_norm_max=0.0020000003278255463 clean_ce=0.13132783770561218 clean_ce_term=0.0026541296392679214 consistency_term=0.0034962394274771214 consistency_weight=0.75 js_raw=0.04661652445793152 lr=0.051970547451777246 nat_kd=0.007180095184594393 pcgrad_conflicts=0 push=0.027978580445051193 push_term=0.002286969218403101 student_updates=1 teacher_ce=0.553977906703949 teacher_lr=2.1533190561866453e-05 teacher_margin=0.25556403398513794 teacher_margin_term=0.002891962416470051 teacher_updates=1 temp_adv=1.1418889109110932 temp_nat=3.6271110890886016 temperature_updates=1 total_loss=0.03321363031864166 views=2
2026-10-08 09:36:22.463 | INFO     | __main__:<module>:531 - METHOD_BATCH epoch=223 step=200 adv_kd=0.011544588021934032 awp_adv_grad_norm=0.13286805152893066 awp_adv_nat_cos=0.01691731996834278 awp_gamma=0.002 awp_mix_adv_cos=0.7453420758247375 awp_mix_grad_norm=0.18100382387638092 awp_nat_grad_norm=0.1206892803311348 awp_nat_weight=1.0 awp_relative_norm_max=0.0020000003278255463 clean_ce=0.1529865711927414 clean_ce_term=0.0030918519478291273 consistency_term=0.0022240213584154844 consistency_weight=0.75 js_raw=0.02965361624956131 lr=0.051970547451777246 nat_kd=0.0100893285125494 pcgrad_conflicts=0 push=0.022804535925388336 push_term=0.0018640425987541676 student_updates=1 teacher_ce=0.5248161852359772 teacher_lr=2.1533190561866453e-05 teacher_margin=0.21788784861564636 teacher_margin_term=0.002465618774294853 teacher_updates=1 temp_adv=1.1418889109110932 temp_nat=3.6271110890886016 temperature_updates=1 total_loss=0.03127945214509964 views=2
2026-10-08 09:37:52.773 | INFO     | __main__:<module>:531 - METHOD_BATCH epoch=223 step=300 adv_kd=0.017385397106409073 awp_adv_grad_norm=0.18285351991653442 awp_adv_nat_cos=0.03961002454161644 awp_gamma=0.002 awp_mix_adv_cos=0.8858394026756287 awp_mix_grad_norm=0.21079519391059875 awp_nat_grad_norm=0.09788408130407333 awp_nat_weight=1.0 awp_relative_norm_max=0.0020000003278255463 clean_ce=0.13327208161354065 clean_ce_term=0.0026934228371828794 consistency_term=0.0024691892322152853 consistency_weight=0.75 js_raw=0.032922521233558655 lr=0.051970547451777246 nat_kd=0.009331970475614071 pcgrad_conflicts=0 push=0.03347527235746384 push_term=0.002736268565058708 student_updates=1 teacher_ce=0.6206206977367401 teacher_lr=2.1533190561866453e-05 teacher_margin=0.3114248514175415 teacher_margin_term=0.0035240831784904003 teacher_updates=1 temp_adv=1.1418889109110932 temp_nat=3.6271110890886016 temperature_updates=1 total_loss=0.03814033418893814 views=2
2026-10-08 09:39:14.519 | INFO     | __main__:<module>:1016 - TRAIN_EPOCH_RESOURCE epoch=223 seconds=352.20713241794147 peak_allocated_bytes=3885782016
2026-10-08 09:39:14.519 | INFO     | __main__:<module>:516 - METHOD epoch=224 views=2 awp_gamma=0.002 consistency_weight=0.75 awp_nat_weight=1.0
2026-10-08 09:39:14.520 | INFO     | __main__:<module>:519 - the 224th epoch 
2026-10-08 09:39:15.490 | INFO     | __main__:<module>:531 - METHOD_BATCH epoch=224 step=0 adv_kd=0.012761491350829601 awp_adv_grad_norm=0.12520617246627808 awp_adv_nat_cos=0.029631048440933228 awp_gamma=0.002 awp_mix_adv_cos=0.8094964623451233 awp_mix_grad_norm=0.15807029604911804 awp_nat_grad_norm=0.09284774959087372 awp_nat_weight=1.0 awp_relative_norm_max=0.0020000003278255463 clean_ce=0.1395740956068039 clean_ce_term=0.002864183159545064 consistency_term=0.002481086179614067 consistency_weight=0.75 js_raw=0.03308114781975746 lr=0.05092303470594787 nat_kd=0.008362814784049988 pcgrad_conflicts=0 push=0.02092709206044674 push_term=0.0017105804290622473 student_updates=1 teacher_ce=0.6117326319217682 teacher_lr=2.1019296974338922e-05 teacher_margin=0.20167595148086548 teacher_margin_term=0.002282164990901947 teacher_updates=1 temp_adv=1.1418889109110932 temp_nat=3.6271110890886016 temperature_updates=1 total_loss=0.030462320894002914 views=2
2026-10-08 09:40:46.480 | INFO     | __main__:<module>:531 - METHOD_BATCH epoch=224 step=100 adv_kd=0.013000628910958767 awp_adv_grad_norm=0.1398603916168213 awp_adv_nat_cos=0.020145049318671227 awp_gamma=0.002 awp_mix_adv_cos=0.780789852142334 awp_mix_grad_norm=0.1820622980594635 awp_nat_grad_norm=0.11377447843551636 awp_nat_weight=1.0 awp_relative_norm_max=0.0020000003278255463 clean_ce=0.141046404838562 clean_ce_term=0.002894395962357521 consistency_term=0.0030908319167792797 consistency_weight=0.75 js_raw=0.0412110909819603 lr=0.05092303470594787 nat_kd=0.010441791266202927 pcgrad_conflicts=0 push=0.025369057431817055 push_term=0.0020736667793244123 student_updates=1 teacher_ce=0.5231651365756989 teacher_lr=2.1019296974338922e-05 teacher_margin=0.26609957218170166 teacher_margin_term=0.003011182649061084 teacher_updates=1 temp_adv=1.1418889109110932 temp_nat=3.6271110890886016 temperature_updates=1 total_loss=0.03451249748468399 views=2
2026-10-08 09:42:17.329 | INFO     | __main__:<module>:531 - METHOD_BATCH epoch=224 step=200 adv_kd=0.013493180274963379 awp_adv_grad_norm=0.14631766080856323 awp_adv_nat_cos=0.01218058168888092 awp_gamma=0.002 awp_mix_adv_cos=0.8991410136222839 awp_mix_grad_norm=0.1637011468410492 awp_nat_grad_norm=0.07165059447288513 awp_nat_weight=1.0 awp_relative_norm_max=0.0020000000949949026 clean_ce=0.15555980801582336 clean_ce_term=0.0031922240741550922 consistency_term=0.002585817826911807 consistency_weight=0.75 js_raw=0.03447756916284561 lr=0.05092303470594787 nat_kd=0.006838121451437473 pcgrad_conflicts=0 push=0.027332065626978874 push_term=0.002234123181551695 student_updates=1 teacher_ce=0.48543278872966766 teacher_lr=2.1019296974338922e-05 teacher_margin=0.29408028721809387 teacher_margin_term=0.003327812533825636 teacher_updates=1 temp_adv=1.1418889109110932 temp_nat=3.6271110890886016 temperature_updates=1 total_loss=0.031671278178691864 views=2
2026-10-08 09:43:48.261 | INFO     | __main__:<module>:531 - METHOD_BATCH epoch=224 step=300 adv_kd=0.014622312970459461 awp_adv_grad_norm=0.13933216035366058 awp_adv_nat_cos=0.14192160964012146 awp_gamma=0.002 awp_mix_adv_cos=0.8384073972702026 awp_mix_grad_norm=0.18326836824417114 awp_nat_grad_norm=0.1009107381105423 awp_nat_weight=1.0 awp_relative_norm_max=0.0020000003278255463 clean_ce=0.14072676002979279 clean_ce_term=0.0028878366574645042 consistency_term=0.002810047008097172 consistency_weight=0.75 js_raw=0.037467293441295624 lr=0.05092303470594787 nat_kd=0.008926281705498695 pcgrad_conflicts=0 push=0.026629779487848282 push_term=0.0021767180878669024 student_updates=1 teacher_ce=0.581501305103302 teacher_lr=2.1019296974338922e-05 teacher_margin=0.2957998812198639 teacher_margin_term=0.0033472711220383644 teacher_updates=1 temp_adv=1.1418889109110932 temp_nat=3.6271110890886016 temperature_updates=1 total_loss=0.03477046638727188 views=2
2026-10-08 09:45:09.681 | INFO     | __main__:<module>:1016 - TRAIN_EPOCH_RESOURCE epoch=224 seconds=355.16090019000694 peak_allocated_bytes=3885782016
2026-10-08 09:45:09.681 | INFO     | __main__:<module>:516 - METHOD epoch=225 views=2 awp_gamma=0.002 consistency_weight=0.75 awp_nat_weight=1.0
2026-10-08 09:45:09.681 | INFO     | __main__:<module>:519 - the 225th epoch 
2026-10-08 09:45:10.643 | INFO     | __main__:<module>:531 - METHOD_BATCH epoch=225 step=0 adv_kd=0.01486944779753685 awp_adv_grad_norm=0.14832189679145813 awp_adv_nat_cos=0.10722170770168304 awp_gamma=0.002 awp_mix_adv_cos=0.847652792930603 awp_mix_grad_norm=0.18764564394950867 awp_nat_grad_norm=0.10013295710086823 awp_nat_weight=1.0 awp_relative_norm_max=0.0020000003278255463 clean_ce=0.12802498042583466 clean_ce_term=0.0026669909711927176 consistency_term=0.0023563650902360678 consistency_weight=0.75 js_raw=0.031418200582265854 lr=0.049875156119873004 nat_kd=0.008663255721330643 pcgrad_conflicts=0 push=0.021970678120851517 push_term=0.0017958832904696465 student_updates=1 teacher_ce=0.6148536801338196 teacher_lr=2.0509991800446132e-05 teacher_margin=0.27665358781814575 teacher_margin_term=0.003130611963570118 teacher_updates=1 temp_adv=1.1418889109110932 temp_nat=3.6271110890886016 temperature_updates=1 total_loss=0.03348255529999733 views=2
2026-10-08 09:46:41.452 | INFO     | __main__:<module>:531 - METHOD_BATCH epoch=225 step=100 adv_kd=0.016660401597619057 awp_adv_grad_norm=0.1811208724975586 awp_adv_nat_cos=0.08950743824243546 awp_gamma=0.002 awp_mix_adv_cos=0.8913832902908325 awp_mix_grad_norm=0.2129204273223877 awp_nat_grad_norm=0.09689518809318542 awp_nat_weight=1.0 awp_relative_norm_max=0.0020000003278255463 clean_ce=0.13925176858901978 clean_ce_term=0.0029008653946220875 consistency_term=0.0024156521540135145 consistency_weight=0.75 js_raw=0.03220869600772858 lr=0.049875156119873004 nat_kd=0.008715308271348476 pcgrad_conflicts=0 push=0.030671866610646248 push_term=0.0025071182753890753 student_updates=1 teacher_ce=0.5480267703533173 teacher_lr=2.0509991800446132e-05 teacher_margin=0.2837842106819153 teacher_margin_term=0.003211301751434803 teacher_updates=1 temp_adv=1.1418889109110932 temp_nat=3.6271110890886016 temperature_updates=1 total_loss=0.03641064837574959 views=2
2026-10-08 09:48:11.439 | INFO     | __main__:<module>:531 - METHOD_BATCH epoch=225 step=200 adv_kd=0.014950026758015156 awp_adv_grad_norm=0.1545906364917755 awp_adv_nat_cos=0.08093039691448212 awp_gamma=0.002 awp_mix_adv_cos=0.8698211312294006 awp_mix_grad_norm=0.18630732595920563 awp_nat_grad_norm=0.09222038835287094 awp_nat_weight=1.0 awp_relative_norm_max=0.0020000000949949026 clean_ce=0.1457023322582245 clean_ce_term=0.0030352419707924128 consistency_term=0.002379542915150523 consistency_weight=0.75 js_raw=0.03172723948955536 lr=0.049875156119873004 nat_kd=0.008320296183228493 pcgrad_conflicts=0 push=0.03570641577243805 push_term=0.002918642247095704 student_updates=1 teacher_ce=0.5425158739089966 teacher_lr=2.0509991800446132e-05 teacher_margin=0.3247516453266144 teacher_margin_term=0.003674889449030161 teacher_updates=1 temp_adv=1.1418889109110932 temp_nat=3.6271110890886016 temperature_updates=1 total_loss=0.03527864068746567 views=2
2026-10-08 09:49:41.135 | INFO     | __main__:<module>:531 - METHOD_BATCH epoch=225 step=300 adv_kd=0.01542205736041069 awp_adv_grad_norm=0.15621325373649597 awp_adv_nat_cos=0.12366244196891785 awp_gamma=0.002 awp_mix_adv_cos=0.8154526948928833 awp_mix_grad_norm=0.21015603840351105 awp_nat_grad_norm=0.12258422374725342 awp_nat_weight=1.0 awp_relative_norm_max=0.0020000003278255463 clean_ce=0.13437670469284058 clean_ce_term=0.0027993088588118553 consistency_term=0.0026436294429004192 consistency_weight=0.75 js_raw=0.03524839133024216 lr=0.049875156119873004 nat_kd=0.010375352576375008 pcgrad_conflicts=0 push=0.026268061250448227 push_term=0.002147151157259941 student_updates=1 teacher_ce=0.578522115945816 teacher_lr=2.0509991800446132e-05 teacher_margin=0.2883598208427429 teacher_margin_term=0.003263079561293125 teacher_updates=1 temp_adv=1.1418889109110932 temp_nat=3.6271110890886016 temperature_updates=1 total_loss=0.036650579422712326 views=2
2026-10-08 09:51:01.645 | INFO     | __main__:<module>:1016 - TRAIN_EPOCH_RESOURCE epoch=225 seconds=351.96317931008525 peak_allocated_bytes=3885782016
2026-10-08 09:51:01.645 | INFO     | __main__:<module>:516 - METHOD epoch=226 views=2 awp_gamma=0.002 consistency_weight=0.75 awp_nat_weight=1.0
2026-10-08 09:51:01.645 | INFO     | __main__:<module>:519 - the 226th epoch 
2026-10-08 09:51:02.595 | INFO     | __main__:<module>:531 - METHOD_BATCH epoch=226 step=0 adv_kd=0.011897447519004345 awp_adv_grad_norm=0.12445426732301712 awp_adv_nat_cos=0.013902809470891953 awp_gamma=0.002 awp_mix_adv_cos=0.8506978750228882 awp_mix_grad_norm=0.14756447076797485 awp_nat_grad_norm=0.07757548242807388 awp_nat_weight=1.0 awp_relative_norm_max=0.0020000003278255463 clean_ce=0.1437230259180069 clean_ce_term=0.0030386964790523052 consistency_term=0.0019984596874564886 consistency_weight=0.75 js_raw=0.026646126061677933 lr=0.048827372689469545 nat_kd=0.006701846141368151 pcgrad_conflicts=0 push=0.026350360363721848 push_term=0.002153878565877676 student_updates=1 teacher_ce=0.45368264615535736 teacher_lr=2.000535499948697e-05 teacher_margin=0.24040088057518005 teacher_margin_term=0.0027203764766454697 teacher_updates=1 temp_adv=1.1418889109110932 temp_nat=3.6271110890886016 temperature_updates=1 total_loss=0.02851070649921894 views=2
2026-10-08 09:52:32.407 | INFO     | __main__:<module>:531 - METHOD_BATCH epoch=226 step=100 adv_kd=0.013339865952730179 awp_adv_grad_norm=0.1394423544406891 awp_adv_nat_cos=0.02077346481382847 awp_gamma=0.002 awp_mix_adv_cos=0.8017346262931824 awp_mix_grad_norm=0.17666225135326385 awp_nat_grad_norm=0.10561030358076096 awp_nat_weight=1.0 awp_relative_norm_max=0.0020000003278255463 clean_ce=0.13524524867534637 clean_ce_term=0.0028594532050192356 consistency_term=0.002124357968568802 consistency_weight=0.75 js_raw=0.02832477167248726 lr=0.048827372689469545 nat_kd=0.008862728253006935 pcgrad_conflicts=0 push=0.019280552864074707 push_term=0.0015759922098368406 student_updates=1 teacher_ce=0.6018970012664795 teacher_lr=2.000535499948697e-05 teacher_margin=0.21046864986419678 teacher_margin_term=0.002381663303822279 teacher_updates=1 temp_adv=1.1418889109110932 temp_nat=3.6271110890886016 temperature_updates=1 total_loss=0.03114406019449234 views=2
2026-10-08 09:54:02.201 | INFO     | __main__:<module>:531 - METHOD_BATCH epoch=226 step=200 adv_kd=0.015118558891117573 awp_adv_grad_norm=0.17113927006721497 awp_adv_nat_cos=0.06982545554637909 awp_gamma=0.002 awp_mix_adv_cos=0.8831520676612854 awp_mix_grad_norm=0.20126506686210632 awp_nat_grad_norm=0.094641774892807 awp_nat_weight=1.0 awp_relative_norm_max=0.0020000003278255463 clean_ce=0.14885245263576508 clean_ce_term=0.0031471464317291975 consistency_term=0.002053096890449524 consistency_weight=0.75 js_raw=0.027374625205993652 lr=0.048827372689469545 nat_kd=0.009158603847026825 pcgrad_conflicts=0 push=0.025654491037130356 push_term=0.0020969980396330357 student_updates=1 teacher_ce=0.48522478342056274 teacher_lr=2.000535499948697e-05 teacher_margin=0.3033285439014435 teacher_margin_term=0.0034324657171964645 teacher_updates=1 temp_adv=1.1418889109110932 temp_nat=3.6271110890886016 temperature_updates=1 total_loss=0.03500686585903168 views=2
2026-10-08 09:55:32.025 | INFO     | __main__:<module>:531 - METHOD_BATCH epoch=226 step=300 adv_kd=0.01614392176270485 awp_adv_grad_norm=0.16087613999843597 awp_adv_nat_cos=0.08274872601032257 awp_gamma=0.002 awp_mix_adv_cos=0.8693825006484985 awp_mix_grad_norm=0.19421221315860748 awp_nat_grad_norm=0.0962982326745987 awp_nat_weight=1.0 awp_relative_norm_max=0.0020000000949949026 clean_ce=0.150006502866745 clean_ce_term=0.0031715459190309048 consistency_term=0.0024229169357568026 consistency_weight=0.75 js_raw=0.032305557280778885 lr=0.048827372689469545 nat_kd=0.008309457451105118 pcgrad_conflicts=0 push=0.03145575523376465 push_term=0.00257119326852262 student_updates=1 teacher_ce=0.4849843382835388 teacher_lr=2.000535499948697e-05 teacher_margin=0.3362754285335541 teacher_margin_term=0.0038052925374358892 teacher_updates=1 temp_adv=1.1418889109110932 temp_nat=3.6271110890886016 temperature_updates=1 total_loss=0.03642432764172554 views=2
2026-10-08 09:56:52.590 | INFO     | __main__:<module>:1016 - TRAIN_EPOCH_RESOURCE epoch=226 seconds=350.944087266922 peak_allocated_bytes=3885782016
2026-10-08 09:56:52.590 | INFO     | __main__:<module>:516 - METHOD epoch=227 views=2 awp_gamma=0.002 consistency_weight=0.75 awp_nat_weight=1.0
2026-10-08 09:56:52.590 | INFO     | __main__:<module>:519 - the 227th epoch 
2026-10-08 09:56:53.538 | INFO     | __main__:<module>:531 - METHOD_BATCH epoch=227 step=0 adv_kd=0.015778841450810432 awp_adv_grad_norm=0.16657395660877228 awp_adv_nat_cos=0.07760083675384521 awp_gamma=0.002 awp_mix_adv_cos=0.8307704925537109 awp_mix_grad_norm=0.2115369737148285 awp_nat_grad_norm=0.11810080707073212 awp_nat_weight=1.0 awp_relative_norm_max=0.0020000003278255463 clean_ce=0.15508343279361725 clean_ce_term=0.0033271051943302155 consistency_term=0.0026141114067286253 consistency_weight=0.75 js_raw=0.034854818135499954 lr=0.04778014528785533 nat_kd=0.009885978884994984 pcgrad_conflicts=0 push=0.03210684284567833 push_term=0.0026244132313877344 student_updates=1 teacher_ce=0.5695459842681885 teacher_lr=1.950546577471579e-05 teacher_margin=0.29190802574157715 teacher_margin_term=0.0033032309729605913 teacher_updates=1 temp_adv=1.1418889109110932 temp_nat=3.6271110890886016 temperature_updates=1 total_loss=0.037533678114414215 views=2
2026-10-08 09:58:23.401 | INFO     | __main__:<module>:531 - METHOD_BATCH epoch=227 step=100 adv_kd=0.014831045642495155 awp_adv_grad_norm=0.15551120042800903 awp_adv_nat_cos=0.11528131365776062 awp_gamma=0.002 awp_mix_adv_cos=0.6682925820350647 awp_mix_grad_norm=0.26721999049186707 awp_nat_grad_norm=0.2001187801361084 awp_nat_weight=1.0 awp_relative_norm_max=0.0020000003278255463 clean_ce=0.12429182231426239 clean_ce_term=0.002666512969881296 consistency_term=0.003186875721439719 consistency_weight=0.75 js_raw=0.04249167442321777 lr=0.04778014528785533 nat_kd=0.016009042039513588 pcgrad_conflicts=2 push=0.024983815848827362 push_term=0.0020421771332621574 student_updates=1 teacher_ce=0.6987477540969849 teacher_lr=1.950546577471579e-05 teacher_margin=0.3003886938095093 teacher_margin_term=0.0033991981763392687 teacher_updates=1 temp_adv=1.1418889109110932 temp_nat=3.6271110890886016 temperature_updates=1 total_loss=0.0421348512172699 views=2
2026-10-08 09:59:53.252 | INFO     | __main__:<module>:531 - METHOD_BATCH epoch=227 step=200 adv_kd=0.013914061710238457 awp_adv_grad_norm=0.15334489941596985 awp_adv_nat_cos=0.0645022913813591 awp_gamma=0.002 awp_mix_adv_cos=0.8086186647415161 awp_mix_grad_norm=0.19899658858776093 awp_nat_grad_norm=0.11732058972120285 awp_nat_weight=1.0 awp_relative_norm_max=0.0020000000949949026 clean_ce=0.1481674313545227 clean_ce_term=0.003178731771185994 consistency_term=0.0021607696544378996 consistency_weight=0.75 js_raw=0.02881026081740856 lr=0.04778014528785533 nat_kd=0.009470241144299507 pcgrad_conflicts=0 push=0.03012128546833992 push_term=0.002462113741785288 student_updates=1 teacher_ce=0.5390646755695343 teacher_lr=1.950546577471579e-05 teacher_margin=0.24518311023712158 teacher_margin_term=0.0027744919061660767 teacher_updates=1 temp_adv=1.1418889109110932 temp_nat=3.6271110890886016 temperature_updates=1 total_loss=0.033960409462451935 views=2
2026-10-08 10:01:23.094 | INFO     | __main__:<module>:531 - METHOD_BATCH epoch=227 step=300 adv_kd=0.014915408566594124 awp_adv_grad_norm=0.15562620759010315 awp_adv_nat_cos=0.053329840302467346 awp_gamma=0.002 awp_mix_adv_cos=0.8167510628700256 awp_mix_grad_norm=0.19801372289657593 awp_nat_grad_norm=0.11441481113433838 awp_nat_weight=1.0 awp_relative_norm_max=0.0020000003278255463 clean_ce=0.13904008269309998 clean_ce_term=0.0029829167760908604 consistency_term=0.0027186241932213306 consistency_weight=0.75 js_raw=0.03624832257628441 lr=0.04778014528785533 nat_kd=0.009727166965603828 pcgrad_conflicts=0 push=0.017756681889295578 push_term=0.0014514313079416752 student_updates=1 teacher_ce=0.5624185502529144 teacher_lr=1.950546577471579e-05 teacher_margin=0.29774484038352966 teacher_margin_term=0.0033692806027829647 teacher_updates=1 temp_adv=1.1418889109110932 temp_nat=3.6271110890886016 temperature_updates=1 total_loss=0.03516482934355736 views=2
2026-10-08 10:02:43.650 | INFO     | __main__:<module>:1016 - TRAIN_EPOCH_RESOURCE epoch=227 seconds=351.06017691409215 peak_allocated_bytes=3885782016
2026-10-08 10:02:43.651 | INFO     | __main__:<module>:516 - METHOD epoch=228 views=2 awp_gamma=0.002 consistency_weight=0.75 awp_nat_weight=1.0
2026-10-08 10:02:43.651 | INFO     | __main__:<module>:519 - the 228th epoch 
2026-10-08 10:02:44.601 | INFO     | __main__:<module>:531 - METHOD_BATCH epoch=228 step=0 adv_kd=0.009996969252824783 awp_adv_grad_norm=0.109767846763134 awp_adv_nat_cos=0.07371576130390167 awp_gamma=0.002 awp_mix_adv_cos=0.7722125053405762 awp_mix_grad_norm=0.15135207772254944 awp_nat_grad_norm=0.09642607718706131 awp_nat_weight=1.0 awp_relative_norm_max=0.0020000000949949026 clean_ce=0.13455776870250702 clean_ce_term=0.002928591798990965 consistency_term=0.0016692007193341851 consistency_weight=0.75 js_raw=0.02225600928068161 lr=0.04673393446036483 nat_kd=0.009445084258913994 pcgrad_conflicts=0 push=0.026554539799690247 push_term=0.0021705678664147854 student_updates=1 teacher_ce=0.55039381980896 teacher_lr=1.901040256074372e-05 teacher_margin=0.16513201594352722 teacher_margin_term=0.0018686337862163782 teacher_updates=1 temp_adv=1.1418889109110932 temp_nat=3.6271110890886016 temperature_updates=1 total_loss=0.028079045936465263 views=2
2026-10-08 10:04:14.451 | INFO     | __main__:<module>:531 - METHOD_BATCH epoch=228 step=100 adv_kd=0.012116705067455769 awp_adv_grad_norm=0.13590101897716522 awp_adv_nat_cos=0.09119900315999985 awp_gamma=0.002 awp_mix_adv_cos=0.8279014229774475 awp_mix_grad_norm=0.17500925064086914 awp_nat_grad_norm=0.09856882691383362 awp_nat_weight=1.0 awp_relative_norm_max=0.0020000003278255463 clean_ce=0.1547822654247284 clean_ce_term=0.003368769306689501 consistency_term=0.002052157884463668 consistency_weight=0.75 js_raw=0.027362104505300522 lr=0.04673393446036483 nat_kd=0.00804968923330307 pcgrad_conflicts=0 push=0.026278845965862274 push_term=0.0021480328869074583 student_updates=1 teacher_ce=0.4839269667863846 teacher_lr=1.901040256074372e-05 teacher_margin=0.2402196228504181 teacher_margin_term=0.002718325238674879 teacher_updates=1 temp_adv=1.1418889109110932 temp_nat=3.6271110890886016 temperature_updates=1 total_loss=0.030453680083155632 views=2
2026-10-08 10:05:44.315 | INFO     | __main__:<module>:531 - METHOD_BATCH epoch=228 step=200 adv_kd=0.013452903367578983 awp_adv_grad_norm=0.13886548578739166 awp_adv_nat_cos=0.07864101231098175 awp_gamma=0.002 awp_mix_adv_cos=0.848951518535614 awp_mix_grad_norm=0.17202016711235046 awp_nat_grad_norm=0.09119005501270294 awp_nat_weight=1.0 awp_relative_norm_max=0.0020000003278255463 clean_ce=0.12457652390003204 clean_ce_term=0.0027113542892038822 consistency_term=0.0022597515489906073 consistency_weight=0.75 js_raw=0.030130021274089813 lr=0.04673393446036483 nat_kd=0.007746916264295578 pcgrad_conflicts=0 push=0.021313659846782684 push_term=0.0017421785742044449 student_updates=1 teacher_ce=0.5863776504993439 teacher_lr=1.901040256074372e-05 teacher_margin=0.2611082196235657 teacher_margin_term=0.002954700728878379 teacher_updates=1 temp_adv=1.1418889109110932 temp_nat=3.6271110890886016 temperature_updates=1 total_loss=0.03086780570447445 views=2
2026-10-08 10:07:13.984 | INFO     | __main__:<module>:531 - METHOD_BATCH epoch=228 step=300 adv_kd=0.014952450059354305 awp_adv_grad_norm=0.162673681974411 awp_adv_nat_cos=0.07632642984390259 awp_gamma=0.002 awp_mix_adv_cos=0.868557333946228 awp_mix_grad_norm=0.1958460658788681 awp_nat_grad_norm=0.0973430871963501 awp_nat_weight=1.0 awp_relative_norm_max=0.0020000003278255463 clean_ce=0.1395639181137085 clean_ce_term=0.0030375486239790916 consistency_term=0.0033209361135959625 consistency_weight=0.75 js_raw=0.044279150664806366 lr=0.04673393446036483 nat_kd=0.008151132613420486 pcgrad_conflicts=0 push=0.030246423557400703 push_term=0.0024723426904529333 student_updates=1 teacher_ce=0.45723021030426025 teacher_lr=1.901040256074372e-05 teacher_margin=0.2911130487918854 teacher_margin_term=0.0032942350953817368 teacher_updates=1 temp_adv=1.1418889109110932 temp_nat=3.6271110890886016 temperature_updates=1 total_loss=0.03522864356637001 views=2
2026-10-08 10:08:34.381 | INFO     | __main__:<module>:1016 - TRAIN_EPOCH_RESOURCE epoch=228 seconds=350.7298891530372 peak_allocated_bytes=3885782016
2026-10-08 10:08:34.381 | INFO     | __main__:<module>:516 - METHOD epoch=229 views=2 awp_gamma=0.002 consistency_weight=0.75 awp_nat_weight=1.0
2026-10-08 10:08:34.381 | INFO     | __main__:<module>:519 - the 229th epoch 
2026-10-08 10:08:35.332 | INFO     | __main__:<module>:531 - METHOD_BATCH epoch=229 step=0 adv_kd=0.013983573764562607 awp_adv_grad_norm=0.1610439568758011 awp_adv_nat_cos=0.044015463441610336 awp_gamma=0.002 awp_mix_adv_cos=0.8318630456924438 awp_mix_grad_norm=0.19945703446865082 awp_nat_grad_norm=0.11080219596624374 awp_nat_weight=1.0 awp_relative_norm_max=0.0020000003278255463 clean_ce=0.15780708193778992 clean_ce_term=0.003483668901026249 consistency_term=0.0015224212547764182 consistency_weight=0.75 js_raw=0.020298950374126434 lr=0.045689200219738255 nat_kd=0.008160000666975975 pcgrad_conflicts=0 push=0.017278581857681274 push_term=0.0014123512664809823 student_updates=1 teacher_ce=0.36785292625427246 teacher_lr=1.852024301106453e-05 teacher_margin=0.2710638642311096 teacher_margin_term=0.003067358396947384 teacher_updates=1 temp_adv=1.1418889109110932 temp_nat=3.6271110890886016 temperature_updates=1 total_loss=0.031629376113414764 views=2
2026-10-08 10:10:05.150 | INFO     | __main__:<module>:531 - METHOD_BATCH epoch=229 step=100 adv_kd=0.01330455020070076 awp_adv_grad_norm=0.1433495730161667 awp_adv_nat_cos=0.011663868092000484 awp_gamma=0.002 awp_mix_adv_cos=0.8220744729042053 awp_mix_grad_norm=0.17579570412635803 awp_nat_grad_norm=0.10010137408971786 awp_nat_weight=1.0 awp_relative_norm_max=0.0020000003278255463 clean_ce=0.1465901881456375 clean_ce_term=0.0032360502518713474 consistency_term=0.0022012467961758375 consistency_weight=0.75 js_raw=0.029349956661462784 lr=0.045689200219738255 nat_kd=0.007920756936073303 pcgrad_conflicts=0 push=0.02649756893515587 push_term=0.002165911253541708 student_updates=1 teacher_ce=0.5391697883605957 teacher_lr=1.852024301106453e-05 teacher_margin=0.2550455927848816 teacher_margin_term=0.0028860957827419043 teacher_updates=1 temp_adv=1.1418889109110932 temp_nat=3.6271110890886016 temperature_updates=1 total_loss=0.03171461075544357 views=2
2026-10-08 10:11:34.942 | INFO     | __main__:<module>:531 - METHOD_BATCH epoch=229 step=200 adv_kd=0.01640828140079975 awp_adv_grad_norm=0.1657019555568695 awp_adv_nat_cos=0.10688076168298721 awp_gamma=0.002 awp_mix_adv_cos=0.8392514586448669 awp_mix_grad_norm=0.21222050487995148 awp_nat_grad_norm=0.1160583347082138 awp_nat_weight=1.0 awp_relative_norm_max=0.0020000003278255463 clean_ce=0.1147351861000061 clean_ce_term=0.0025328355841338634 consistency_term=0.001988381613045931 consistency_weight=0.75 js_raw=0.02651175484061241 lr=0.045689200219738255 nat_kd=0.009598768316209316 pcgrad_conflicts=0 push=0.02980807237327099 push_term=0.0024365116842091084 student_updates=1 teacher_ce=0.6703809201717377 teacher_lr=1.852024301106453e-05 teacher_margin=0.2696537971496582 teacher_margin_term=0.003051402047276497 teacher_updates=1 temp_adv=1.1418889109110932 temp_nat=3.6271110890886016 temperature_updates=1 total_loss=0.036016181111335754 views=2
2026-10-08 10:13:05.052 | INFO     | __main__:<module>:531 - METHOD_BATCH epoch=229 step=300 adv_kd=0.01529630832374096 awp_adv_grad_norm=0.16838756203651428 awp_adv_nat_cos=0.034364115446805954 awp_gamma=0.002 awp_mix_adv_cos=0.8890804648399353 awp_mix_grad_norm=0.19280849397182465 awp_nat_grad_norm=0.08831042051315308 awp_nat_weight=1.0 awp_relative_norm_max=0.0020000003278255463 clean_ce=0.16595031321048737 clean_ce_term=0.003663434647023678 consistency_term=0.0032778724562376738 consistency_weight=0.75 js_raw=0.04370496794581413 lr=0.045689200219738255 nat_kd=0.008183455094695091 pcgrad_conflicts=0 push=0.02092648670077324 push_term=0.001710530836135149 student_updates=1 teacher_ce=0.46089978516101837 teacher_lr=1.852024301106453e-05 teacher_margin=0.27163875102996826 teacher_margin_term=0.0030738639179617167 teacher_updates=1 temp_adv=1.1418889109110932 temp_nat=3.6271110890886016 temperature_updates=1 total_loss=0.03520546481013298 views=2
2026-10-08 10:14:27.251 | INFO     | __main__:<module>:1016 - TRAIN_EPOCH_RESOURCE epoch=229 seconds=352.8653248560149 peak_allocated_bytes=3885782016
2026-10-08 10:14:27.253 | INFO     | __main__:<module>:516 - METHOD epoch=230 views=2 awp_gamma=0.002 consistency_weight=0.75 awp_nat_weight=1.0
2026-10-08 10:14:27.253 | INFO     | __main__:<module>:519 - the 230th epoch 
2026-10-08 10:14:28.231 | INFO     | __main__:<module>:531 - METHOD_BATCH epoch=230 step=0 adv_kd=0.01824898086488247 awp_adv_grad_norm=0.21097169816493988 awp_adv_nat_cos=0.06751122325658798 awp_gamma=0.002 awp_mix_adv_cos=0.9095355868339539 awp_mix_grad_norm=0.23935648798942566 awp_nat_grad_norm=0.09971028566360474 awp_nat_weight=1.0 awp_relative_norm_max=0.0020000003278255463 clean_ce=0.1181383952498436 clean_ce_term=0.0026446948759257793 consistency_term=0.003405631287023425 consistency_weight=0.75 js_raw=0.04540842026472092 lr=0.044646401841576866 nat_kd=0.008869491517543793 pcgrad_conflicts=0 push=0.024101030081510544 push_term=0.00197001826018095 student_updates=1 teacher_ce=0.5701779425144196 teacher_lr=1.803506398570773e-05 teacher_margin=0.3266988694667816 teacher_margin_term=0.003696924075484276 teacher_updates=1 temp_adv=1.1418889109110932 temp_nat=3.6271110890886016 temperature_updates=1 total_loss=0.03883574157953262 views=2
2026-10-08 10:15:59.120 | INFO     | __main__:<module>:531 - METHOD_BATCH epoch=230 step=100 adv_kd=0.01240718923509121 awp_adv_grad_norm=0.13597358763217926 awp_adv_nat_cos=0.04867618530988693 awp_gamma=0.002 awp_mix_adv_cos=0.8809752464294434 awp_mix_grad_norm=0.15849286317825317 awp_nat_grad_norm=0.07508187741041183 awp_nat_weight=1.0 awp_relative_norm_max=0.0020000003278255463 clean_ce=0.14706900715827942 clean_ce_term=0.0032923477701842785 consistency_term=0.0014298184541985393 consistency_weight=0.75 js_raw=0.019064245745539665 lr=0.044646401841576866 nat_kd=0.006531680468469858 pcgrad_conflicts=0 push=0.024331724271178246 push_term=0.001988875214010477 student_updates=1 teacher_ce=0.4872545897960663 teacher_lr=1.803506398570773e-05 teacher_margin=0.24558380246162415 teacher_margin_term=0.002779026050120592 teacher_updates=1 temp_adv=1.1418889109110932 temp_nat=3.6271110890886016 temperature_updates=1 total_loss=0.028428934514522552 views=2
2026-10-08 10:17:29.647 | INFO     | __main__:<module>:531 - METHOD_BATCH epoch=230 step=200 adv_kd=0.013560892082750797 awp_adv_grad_norm=0.14660459756851196 awp_adv_nat_cos=0.14504551887512207 awp_gamma=0.002 awp_mix_adv_cos=0.8596282005310059 awp_mix_grad_norm=0.186821848154068 awp_nat_grad_norm=0.09647126495838165 awp_nat_weight=1.0 awp_relative_norm_max=0.0020000003278255463 clean_ce=0.14126306772232056 clean_ce_term=0.003162373322993517 consistency_term=0.00284697487950325 consistency_weight=0.75 js_raw=0.037959665060043335 lr=0.044646401841576866 nat_kd=0.00833580456674099 pcgrad_conflicts=0 push=0.027177926152944565 push_term=0.0022215237841010094 student_updates=1 teacher_ce=0.5791252255439758 teacher_lr=1.803506398570773e-05 teacher_margin=0.24295245110988617 teacher_margin_term=0.002749249804764986 teacher_updates=1 temp_adv=1.1418889109110932 temp_nat=3.6271110890886016 temperature_updates=1 total_loss=0.032876815646886826 views=2
2026-10-08 10:19:00.302 | INFO     | __main__:<module>:531 - METHOD_BATCH epoch=230 step=300 adv_kd=0.012166555970907211 awp_adv_grad_norm=0.13756735622882843 awp_adv_nat_cos=0.030133113265037537 awp_gamma=0.002 awp_mix_adv_cos=0.8484292030334473 awp_mix_grad_norm=0.16525156795978546 awp_nat_grad_norm=0.08750882744789124 awp_nat_weight=1.0 awp_relative_norm_max=0.0020000003278255463 clean_ce=0.14194047451019287 clean_ce_term=0.0031775380484759808 consistency_term=0.0019287457689642906 consistency_weight=0.75 js_raw=0.025716610252857208 lr=0.044646401841576866 nat_kd=0.007866758853197098 pcgrad_conflicts=0 push=0.025305364280939102 push_term=0.002068460453301668 student_updates=1 teacher_ce=0.5492690801620483 teacher_lr=1.803506398570773e-05 teacher_margin=0.23733606934547424 teacher_margin_term=0.00268569472245872 teacher_updates=1 temp_adv=1.1418889109110932 temp_nat=3.6271110890886016 temperature_updates=1 total_loss=0.029893752187490463 views=2
2026-10-08 10:20:21.678 | INFO     | __main__:<module>:1016 - TRAIN_EPOCH_RESOURCE epoch=230 seconds=354.42434438015334 peak_allocated_bytes=3885782016
2026-10-08 10:20:21.678 | INFO     | __main__:<module>:516 - METHOD epoch=231 views=2 awp_gamma=0.002 consistency_weight=0.75 awp_nat_weight=1.0
2026-10-08 10:20:21.678 | INFO     | __main__:<module>:519 - the 231th epoch 
2026-10-08 10:20:22.643 | INFO     | __main__:<module>:531 - METHOD_BATCH epoch=231 step=0 adv_kd=0.012805549427866936 awp_adv_grad_norm=0.14081546664237976 awp_adv_nat_cos=0.047401200979948044 awp_gamma=0.002 awp_mix_adv_cos=0.8413040637969971 awp_mix_grad_norm=0.1726416051387787 awp_nat_grad_norm=0.09342853724956512 awp_nat_weight=1.0 awp_relative_norm_max=0.0020000003278255463 clean_ce=0.1378539502620697 clean_ce_term=0.0031289178878068924 consistency_term=0.003083583200350404 consistency_weight=0.75 js_raw=0.041114442050457 lr=0.04360599766015518 nat_kd=0.007831198163330555 pcgrad_conflicts=0 push=0.027095075696706772 push_term=0.002214751671999693 student_updates=1 teacher_ce=0.5797748565673828 teacher_lr=1.7554941539020694e-05 teacher_margin=0.22432392835617065 teacher_margin_term=0.0025384495966136456 teacher_updates=1 temp_adv=1.1418889109110932 temp_nat=3.6271110890886016 temperature_updates=1 total_loss=0.03160244971513748 views=2
2026-10-08 10:21:53.814 | INFO     | __main__:<module>:531 - METHOD_BATCH epoch=231 step=100 adv_kd=0.01087527722120285 awp_adv_grad_norm=0.12564730644226074 awp_adv_nat_cos=0.09644857794046402 awp_gamma=0.002 awp_mix_adv_cos=0.7782151103019714 awp_mix_grad_norm=0.17515192925930023 awp_nat_grad_norm=0.11051025241613388 awp_nat_weight=1.0 awp_relative_norm_max=0.0020000003278255463 clean_ce=0.1264638602733612 clean_ce_term=0.002870392519980669 consistency_term=0.002317687263712287 consistency_weight=0.75 js_raw=0.030902493745088577 lr=0.04360599766015518 nat_kd=0.009546833112835884 pcgrad_conflicts=0 push=0.03410324081778526 push_term=0.0027875988744199276 student_updates=1 teacher_ce=0.6350103914737701 teacher_lr=1.7554941539020694e-05 teacher_margin=0.21546843647956848 teacher_margin_term=0.002438240684568882 teacher_updates=1 temp_adv=1.1418889109110932 temp_nat=3.6271110890886016 temperature_updates=1 total_loss=0.03083602897822857 views=2
2026-10-08 10:23:23.985 | INFO     | __main__:<module>:531 - METHOD_BATCH epoch=231 step=200 adv_kd=0.011673561297357082 awp_adv_grad_norm=0.12741710245609283 awp_adv_nat_cos=0.09923534840345383 awp_gamma=0.002 awp_mix_adv_cos=0.8333016037940979 awp_mix_grad_norm=0.16373933851718903 awp_nat_grad_norm=0.09096717089414597 awp_nat_weight=1.0 awp_relative_norm_max=0.0020000003278255463 clean_ce=0.13962697982788086 clean_ce_term=0.0031691603362560272 consistency_term=0.0014169621281325817 consistency_weight=0.75 js_raw=0.01889282837510109 lr=0.04360599766015518 nat_kd=0.008401451632380486 pcgrad_conflicts=0 push=0.019852593541145325 push_term=0.0016227510059252381 student_updates=1 teacher_ce=0.5673924088478088 teacher_lr=1.7554941539020694e-05 teacher_margin=0.20893621444702148 teacher_margin_term=0.0023643220774829388 teacher_updates=1 temp_adv=1.1418889109110932 temp_nat=3.6271110890886016 temperature_updates=1 total_loss=0.02864820882678032 views=2
2026-10-08 10:24:54.149 | INFO     | __main__:<module>:531 - METHOD_BATCH epoch=231 step=300 adv_kd=0.01362821739166975 awp_adv_grad_norm=0.147199347615242 awp_adv_nat_cos=0.051033347845077515 awp_gamma=0.002 awp_mix_adv_cos=0.8667070269584656 awp_mix_grad_norm=0.17498371005058289 awp_nat_grad_norm=0.08739881962537766 awp_nat_weight=1.0 awp_relative_norm_max=0.0020000003278255463 clean_ce=0.13580259680747986 clean_ce_term=0.0030823571141809225 consistency_term=0.0022918246686458588 consistency_weight=0.75 js_raw=0.03055766224861145 lr=0.04360599766015518 nat_kd=0.007257637567818165 pcgrad_conflicts=0 push=0.02611091360449791 push_term=0.0021343061234802008 student_updates=1 teacher_ce=0.49353957176208496 teacher_lr=1.7554941539020694e-05 teacher_margin=0.2844935953617096 teacher_margin_term=0.003219329286366701 teacher_updates=1 temp_adv=1.1418889109110932 temp_nat=3.6271110890886016 temperature_updates=1 total_loss=0.03161367401480675 views=2
2026-10-08 10:26:14.669 | INFO     | __main__:<module>:1016 - TRAIN_EPOCH_RESOURCE epoch=231 seconds=352.990453541046 peak_allocated_bytes=3885782016
2026-10-08 10:26:14.669 | INFO     | __main__:<module>:516 - METHOD epoch=232 views=2 awp_gamma=0.002 consistency_weight=0.75 awp_nat_weight=1.0
2026-10-08 10:26:14.669 | INFO     | __main__:<module>:519 - the 232th epoch 
2026-10-08 10:26:15.618 | INFO     | __main__:<module>:531 - METHOD_BATCH epoch=232 step=0 adv_kd=0.01055306475609541 awp_adv_grad_norm=0.12588609755039215 awp_adv_nat_cos=0.09303233027458191 awp_gamma=0.002 awp_mix_adv_cos=0.851122260093689 awp_mix_grad_norm=0.1569514125585556 awp_nat_grad_norm=0.08275330811738968 awp_nat_weight=1.0 awp_relative_norm_max=0.0020000003278255463 clean_ce=0.15298138558864594 clean_ce_term=0.003519835416227579 consistency_term=0.002308493945747614 consistency_weight=0.75 js_raw=0.030779918655753136 lr=0.04256844486468253 nat_kd=0.0072924853302538395 pcgrad_conflicts=0 push=0.02755889669060707 push_term=0.002252664417028427 student_updates=1 teacher_ce=0.46044254302978516 teacher_lr=1.707995090758158e-05 teacher_margin=0.18930256366729736 teacher_margin_term=0.0021421476267278194 teacher_updates=1 temp_adv=1.1418889109110932 temp_nat=3.6271110890886016 temperature_updates=1 total_loss=0.02806869149208069 views=2
2026-10-08 10:27:45.239 | INFO     | __main__:<module>:531 - METHOD_BATCH epoch=232 step=100 adv_kd=0.012418575584888458 awp_adv_grad_norm=0.1494131088256836 awp_adv_nat_cos=0.11481985449790955 awp_gamma=0.002 awp_mix_adv_cos=0.80671226978302 awp_mix_grad_norm=0.20234481990337372 awp_nat_grad_norm=0.12037064135074615 awp_nat_weight=1.0 awp_relative_norm_max=0.0020000003278255463 clean_ce=0.13311639428138733 clean_ce_term=0.0030627765227109194 consistency_term=0.002233796985819936 consistency_weight=0.75 js_raw=0.029783960431814194 lr=0.04256844486468253 nat_kd=0.0097853047773242 pcgrad_conflicts=1 push=0.03424173966050148 push_term=0.0027989197988063097 student_updates=1 teacher_ce=0.4775860905647278 teacher_lr=1.707995090758158e-05 teacher_margin=0.23306894302368164 teacher_margin_term=0.002637407975271344 teacher_updates=1 temp_adv=1.1418889109110932 temp_nat=3.6271110890886016 temperature_updates=1 total_loss=0.03293678164482117 views=2
2026-10-08 10:29:15.212 | INFO     | __main__:<module>:531 - METHOD_BATCH epoch=232 step=200 adv_kd=0.014557824470102787 awp_adv_grad_norm=0.17564630508422852 awp_adv_nat_cos=0.11663761734962463 awp_gamma=0.002 awp_mix_adv_cos=0.8928238153457642 awp_mix_grad_norm=0.20912055671215057 awp_nat_grad_norm=0.09483649581670761 awp_nat_weight=1.0 awp_relative_norm_max=0.0020000003278255463 clean_ce=0.13026995956897736 clean_ce_term=0.0029972849879413843 consistency_term=0.002209046622738242 consistency_weight=0.75 js_raw=0.029453951865434647 lr=0.04256844486468253 nat_kd=0.0078114960342645645 pcgrad_conflicts=0 push=0.022733472287654877 push_term=0.0018582339398562908 student_updates=1 teacher_ce=0.5557162463665009 teacher_lr=1.707995090758158e-05 teacher_margin=0.26523318886756897 teacher_margin_term=0.0030013786163181067 teacher_updates=1 temp_adv=1.1418889109110932 temp_nat=3.6271110890886016 temperature_updates=1 total_loss=0.03243526443839073 views=2
2026-10-08 10:30:45.173 | INFO     | __main__:<module>:531 - METHOD_BATCH epoch=232 step=300 adv_kd=0.014027206227183342 awp_adv_grad_norm=0.15379628539085388 awp_adv_nat_cos=-0.002579723484814167 awp_gamma=0.002 awp_mix_adv_cos=0.8779088258743286 awp_mix_grad_norm=0.17493866384029388 awp_nat_grad_norm=0.08376578241586685 awp_nat_weight=1.0 awp_relative_norm_max=0.0020000003278255463 clean_ce=0.13934312760829926 clean_ce_term=0.003206042805686593 consistency_term=0.002296983962878585 consistency_weight=0.75 js_raw=0.030626453459262848 lr=0.04256844486468253 nat_kd=0.007002473808825016 pcgrad_conflicts=0 push=0.018523942679166794 push_term=0.0015141470357775688 student_updates=1 teacher_ce=0.49986380338668823 teacher_lr=1.707995090758158e-05 teacher_margin=0.24584929645061493 teacher_margin_term=0.0027820304967463017 teacher_updates=1 temp_adv=1.1418889109110932 temp_nat=3.6271110890886016 temperature_updates=1 total_loss=0.03082888573408127 views=2
2026-10-08 10:32:05.879 | INFO     | __main__:<module>:1016 - TRAIN_EPOCH_RESOURCE epoch=232 seconds=351.21004136209376 peak_allocated_bytes=3885782016
2026-10-08 10:32:05.880 | INFO     | __main__:<module>:516 - METHOD epoch=233 views=2 awp_gamma=0.002 consistency_weight=0.75 awp_nat_weight=1.0
2026-10-08 10:32:05.880 | INFO     | __main__:<module>:519 - the 233th epoch 
2026-10-08 10:32:06.832 | INFO     | __main__:<module>:531 - METHOD_BATCH epoch=233 step=0 adv_kd=0.012443358078598976 awp_adv_grad_norm=0.13881215453147888 awp_adv_nat_cos=0.056412216275930405 awp_gamma=0.002 awp_mix_adv_cos=0.8764714002609253 awp_mix_grad_norm=0.16344915330410004 awp_nat_grad_norm=0.07881876081228256 awp_nat_weight=1.0 awp_relative_norm_max=0.0020000003278255463 clean_ce=0.15036162734031677 clean_ce_term=0.003506310284137726 consistency_term=0.0023052298929542303 consistency_weight=0.75 js_raw=0.030736397951841354 lr=0.04153419929610434 nat_kd=0.006558290217071772 pcgrad_conflicts=0 push=0.022005435079336166 push_term=0.0017987241735681891 student_updates=1 teacher_ce=0.4884915202856064 teacher_lr=1.6610166498245057e-05 teacher_margin=0.2770846486091614 teacher_margin_term=0.0031354897655546665 teacher_updates=1 temp_adv=1.1418889109110932 temp_nat=3.6271110890886016 temperature_updates=1 total_loss=0.029747402295470238 views=2
2026-10-08 10:33:36.761 | INFO     | __main__:<module>:531 - METHOD_BATCH epoch=233 step=100 adv_kd=0.012845020741224289 awp_adv_grad_norm=0.14575250446796417 awp_adv_nat_cos=0.05777973309159279 awp_gamma=0.002 awp_mix_adv_cos=0.8871746063232422 awp_mix_grad_norm=0.16938738524913788 awp_nat_grad_norm=0.0782918706536293 awp_nat_weight=1.0 awp_relative_norm_max=0.0020000003278255463 clean_ce=0.1355605125427246 clean_ce_term=0.0031611602753400803 consistency_term=0.0025328435003757477 consistency_weight=0.75 js_raw=0.033771246671676636 lr=0.04153419929610434 nat_kd=0.006131092086434364 pcgrad_conflicts=0 push=0.01971602439880371 push_term=0.0016115878242999315 student_updates=1 teacher_ce=0.5373685657978058 teacher_lr=1.6610166498245057e-05 teacher_margin=0.20636539161205292 teacher_margin_term=0.0023352305870503187 teacher_updates=1 temp_adv=1.1418889109110932 temp_nat=3.6271110890886016 temperature_updates=1 total_loss=0.02861693687736988 views=2
2026-10-08 10:35:07.399 | INFO     | __main__:<module>:531 - METHOD_BATCH epoch=233 step=200 adv_kd=0.015566634014248848 awp_adv_grad_norm=0.18619652092456818 awp_adv_nat_cos=0.05820240452885628 awp_gamma=0.002 awp_mix_adv_cos=0.7669264674186707 awp_mix_grad_norm=0.2552341818809509 awp_nat_grad_norm=0.16407081484794617 awp_nat_weight=1.0 awp_relative_norm_max=0.0020000000949949026 clean_ce=0.12904399633407593 clean_ce_term=0.003009200096130371 consistency_term=0.002251650206744671 consistency_weight=0.75 js_raw=0.03002200275659561 lr=0.04153419929610434 nat_kd=0.013430925086140633 pcgrad_conflicts=0 push=0.021054621785879135 push_term=0.0017210047226399183 student_updates=1 teacher_ce=0.6171470880508423 teacher_lr=1.6610166498245057e-05 teacher_margin=0.284321665763855 teacher_margin_term=0.0032173837535083294 teacher_updates=1 temp_adv=1.1418889109110932 temp_nat=3.6271110890886016 temperature_updates=1 total_loss=0.03919680044054985 views=2
2026-10-08 10:36:38.308 | INFO     | __main__:<module>:531 - METHOD_BATCH epoch=233 step=300 adv_kd=0.01728123053908348 awp_adv_grad_norm=0.2219950556755066 awp_adv_nat_cos=0.03174504265189171 awp_gamma=0.002 awp_mix_adv_cos=0.9316639304161072 awp_mix_grad_norm=0.24126629531383514 awp_nat_grad_norm=0.08770128339529037 awp_nat_weight=1.0 awp_relative_norm_max=0.0020000003278255463 clean_ce=0.14658154547214508 clean_ce_term=0.0034181615337729454 consistency_term=0.0026077900547534227 consistency_weight=0.75 js_raw=0.03477053344249725 lr=0.04153419929610434 nat_kd=0.00766945444047451 pcgrad_conflicts=0 push=0.036612119525671005 push_term=0.002992674708366394 student_updates=1 teacher_ce=0.4572339802980423 teacher_lr=1.6610166498245057e-05 teacher_margin=0.3291572332382202 teacher_margin_term=0.0037247431464493275 teacher_updates=1 temp_adv=1.1418889109110932 temp_nat=3.6271110890886016 temperature_updates=1 total_loss=0.0376940555870533 views=2
2026-10-08 10:37:59.392 | INFO     | __main__:<module>:1016 - TRAIN_EPOCH_RESOURCE epoch=233 seconds=353.51237027719617 peak_allocated_bytes=3885782016
2026-10-08 10:37:59.393 | INFO     | __main__:<module>:516 - METHOD epoch=234 views=2 awp_gamma=0.002 consistency_weight=0.75 awp_nat_weight=1.0
2026-10-08 10:37:59.393 | INFO     | __main__:<module>:519 - the 234th epoch 
2026-10-08 10:38:00.350 | INFO     | __main__:<module>:531 - METHOD_BATCH epoch=234 step=0 adv_kd=0.013242533430457115 awp_adv_grad_norm=0.1631324738264084 awp_adv_nat_cos=-0.01886734552681446 awp_gamma=0.002 awp_mix_adv_cos=0.8891850709915161 awp_mix_grad_norm=0.18169857561588287 awp_nat_grad_norm=0.08315060287714005 awp_nat_weight=1.0 awp_relative_norm_max=0.0020000000949949026 clean_ce=0.13035470247268677 clean_ce_term=0.00308029493317008 consistency_term=0.0016696250531822443 consistency_weight=0.75 js_raw=0.022261666133999825 lr=0.040503715244535096 nat_kd=0.007127875927835703 pcgrad_conflicts=0 push=0.024895403534173965 push_term=0.002034950302913785 student_updates=1 teacher_ce=0.6645910739898682 teacher_lr=1.614566187632305e-05 teacher_margin=0.2586352527141571 teacher_margin_term=0.0029267165809869766 teacher_updates=1 temp_adv=1.1418889109110932 temp_nat=3.6271110890886016 temperature_updates=1 total_loss=0.030081994831562042 views=2
2026-10-08 10:39:30.654 | INFO     | __main__:<module>:531 - METHOD_BATCH epoch=234 step=100 adv_kd=0.012685837224125862 awp_adv_grad_norm=0.15690022706985474 awp_adv_nat_cos=0.10250898450613022 awp_gamma=0.002 awp_mix_adv_cos=0.8865454196929932 awp_mix_grad_norm=0.18703772127628326 awp_nat_grad_norm=0.08698967099189758 awp_nat_weight=1.0 awp_relative_norm_max=0.0020000003278255463 clean_ce=0.15217812359333038 clean_ce_term=0.00359598477371037 consistency_term=0.002162647433578968 consistency_weight=0.75 js_raw=0.028835298493504524 lr=0.040503715244535096 nat_kd=0.007743622176349163 pcgrad_conflicts=0 push=0.028627561405301094 push_term=0.0023400168865919113 student_updates=1 teacher_ce=0.5103050768375397 teacher_lr=1.614566187632305e-05 teacher_margin=0.2720160186290741 teacher_margin_term=0.003078133100643754 teacher_updates=1 temp_adv=1.1418889109110932 temp_nat=3.6271110890886016 temperature_updates=1 total_loss=0.031606242060661316 views=2
2026-10-08 10:41:00.927 | INFO     | __main__:<module>:531 - METHOD_BATCH epoch=234 step=200 adv_kd=0.011976836249232292 awp_adv_grad_norm=0.13152816891670227 awp_adv_nat_cos=0.07454673945903778 awp_gamma=0.002 awp_mix_adv_cos=0.8408211469650269 awp_mix_grad_norm=0.1643371880054474 awp_nat_grad_norm=0.08920607715845108 awp_nat_weight=1.0 awp_relative_norm_max=0.0020000003278255463 clean_ce=0.1262594759464264 clean_ce_term=0.0029835242312401533 consistency_term=0.0023095475044101477 consistency_weight=0.75 js_raw=0.030793966725468636 lr=0.040503715244535096 nat_kd=0.007987422868609428 pcgrad_conflicts=0 push=0.026158982887864113 push_term=0.00213823514059186 student_updates=1 teacher_ce=0.6249465048313141 teacher_lr=1.614566187632305e-05 teacher_margin=0.2239421010017395 teacher_margin_term=0.002534128725528717 teacher_updates=1 temp_adv=1.1418889109110932 temp_nat=3.6271110890886016 temperature_updates=1 total_loss=0.029929695650935173 views=2
2026-10-08 10:42:31.938 | INFO     | __main__:<module>:531 - METHOD_BATCH epoch=234 step=300 adv_kd=0.011072997003793716 awp_adv_grad_norm=0.1320948600769043 awp_adv_nat_cos=0.009522650390863419 awp_gamma=0.002 awp_mix_adv_cos=0.8503684997558594 awp_mix_grad_norm=0.15625914931297302 awp_nat_grad_norm=0.08222533017396927 awp_nat_weight=1.0 awp_relative_norm_max=0.0020000003278255463 clean_ce=0.14110177755355835 clean_ce_term=0.0033342496026307344 consistency_term=0.0023101510014384985 consistency_weight=0.75 js_raw=0.030802013352513313 lr=0.040503715244535096 nat_kd=0.0069574350491166115 pcgrad_conflicts=0 push=0.027546726167201996 push_term=0.0022516692988574505 student_updates=1 teacher_ce=0.431908056139946 teacher_lr=1.614566187632305e-05 teacher_margin=0.18937544524669647 teacher_margin_term=0.0021429723128676414 teacher_updates=1 temp_adv=1.1418889109110932 temp_nat=3.6271110890886016 temperature_updates=1 total_loss=0.028069473803043365 views=2
2026-10-08 10:43:53.372 | INFO     | __main__:<module>:1016 - TRAIN_EPOCH_RESOURCE epoch=234 seconds=353.9783314031083 peak_allocated_bytes=3885782016
2026-10-08 10:43:53.372 | INFO     | __main__:<module>:516 - METHOD epoch=235 views=2 awp_gamma=0.002 consistency_weight=0.75 awp_nat_weight=1.0
2026-10-08 10:43:53.372 | INFO     | __main__:<module>:519 - the 235th epoch 
2026-10-08 10:43:54.328 | INFO     | __main__:<module>:531 - METHOD_BATCH epoch=235 step=0 adv_kd=0.01749567873775959 awp_adv_grad_norm=0.241282120347023 awp_adv_nat_cos=0.16769827902317047 awp_gamma=0.002 awp_mix_adv_cos=0.9016761779785156 awp_mix_grad_norm=0.29136142134666443 awp_nat_grad_norm=0.12779803574085236 awp_nat_weight=1.0 awp_relative_norm_max=0.0020000003278255463 clean_ce=0.14019739627838135 clean_ce_term=0.003356469329446554 consistency_term=0.002925518434494734 consistency_weight=0.75 js_raw=0.03900691121816635 lr=0.03947744524741262 nat_kd=0.009972408413887024 pcgrad_conflicts=0 push=0.02812151052057743 push_term=0.002298652194440365 student_updates=1 teacher_ce=0.4720011353492737 teacher_lr=1.5686509753901947e-05 teacher_margin=0.3113251328468323 teacher_margin_term=0.0035229548811912537 teacher_updates=1 temp_adv=1.1418889109110932 temp_nat=3.6271110890886016 temperature_updates=1 total_loss=0.03957168012857437 views=2
2026-10-08 10:45:24.789 | INFO     | __main__:<module>:531 - METHOD_BATCH epoch=235 step=100 adv_kd=0.011182449758052826 awp_adv_grad_norm=0.1393304467201233 awp_adv_nat_cos=0.09470965713262558 awp_gamma=0.002 awp_mix_adv_cos=0.8421482443809509 awp_mix_grad_norm=0.17617903649806976 awp_nat_grad_norm=0.0954328328371048 awp_nat_weight=1.0 awp_relative_norm_max=0.0020000003278255463 clean_ce=0.1596512347459793 clean_ce_term=0.003822214435786009 consistency_term=0.002006225287914276 consistency_weight=0.75 js_raw=0.02674967050552368 lr=0.03947744524741262 nat_kd=0.00763498991727829 pcgrad_conflicts=0 push=0.01725357584655285 push_term=0.0014103073626756668 student_updates=1 teacher_ce=0.5143044888973236 teacher_lr=1.5686509753901947e-05 teacher_margin=0.16881875693798065 teacher_margin_term=0.0019103530794382095 teacher_updates=1 temp_adv=1.1418889109110932 temp_nat=3.6271110890886016 temperature_updates=1 total_loss=0.027966540306806564 views=2
2026-10-08 10:46:55.176 | INFO     | __main__:<module>:531 - METHOD_BATCH epoch=235 step=200 adv_kd=0.010735670104622841 awp_adv_grad_norm=0.13728660345077515 awp_adv_nat_cos=0.003111360827460885 awp_gamma=0.002 awp_mix_adv_cos=0.786653995513916 awp_mix_grad_norm=0.17494690418243408 awp_nat_grad_norm=0.10801172256469727 awp_nat_weight=1.0 awp_relative_norm_max=0.0020000000949949026 clean_ce=0.14441539347171783 clean_ce_term=0.0034574526362121105 consistency_term=0.0018765541026368737 consistency_weight=0.75 js_raw=0.025020720437169075 lr=0.03947744524741262 nat_kd=0.009045056998729706 pcgrad_conflicts=0 push=0.03418755158782005 push_term=0.002794490661472082 student_updates=1 teacher_ce=0.6189602315425873 teacher_lr=1.5686509753901947e-05 teacher_margin=0.18847085535526276 teacher_margin_term=0.0021327361464500427 teacher_updates=1 temp_adv=1.1418889109110932 temp_nat=3.6271110890886016 temperature_updates=1 total_loss=0.03004196099936962 views=2
2026-10-08 10:48:25.582 | INFO     | __main__:<module>:531 - METHOD_BATCH epoch=235 step=300 adv_kd=0.012013575062155724 awp_adv_grad_norm=0.15017183125019073 awp_adv_nat_cos=0.08580373972654343 awp_gamma=0.002 awp_mix_adv_cos=0.7769220471382141 awp_mix_grad_norm=0.20779268443584442 awp_nat_grad_norm=0.13130992650985718 awp_nat_weight=1.0 awp_relative_norm_max=0.0020000003278255463 clean_ce=0.12563550472259521 clean_ce_term=0.0030078429263085127 consistency_term=0.0019226878648623824 consistency_weight=0.75 js_raw=0.025635838508605957 lr=0.03947744524741262 nat_kd=0.010610535740852356 pcgrad_conflicts=0 push=0.022481322288513184 push_term=0.001837623305618763 student_updates=1 teacher_ce=0.6575947701931 teacher_lr=1.5686509753901947e-05 teacher_margin=0.24061676859855652 teacher_margin_term=0.002722819335758686 teacher_updates=1 temp_adv=1.1418889109110932 temp_nat=3.6271110890886016 temperature_updates=1 total_loss=0.03211508318781853 views=2
2026-10-08 10:49:47.136 | INFO     | __main__:<module>:1016 - TRAIN_EPOCH_RESOURCE epoch=235 seconds=353.7637348009739 peak_allocated_bytes=3885782016
2026-10-08 10:49:47.136 | INFO     | __main__:<module>:516 - METHOD epoch=236 views=2 awp_gamma=0.002 consistency_weight=0.75 awp_nat_weight=1.0
2026-10-08 10:49:47.137 | INFO     | __main__:<module>:519 - the 236th epoch 
2026-10-08 10:49:48.098 | INFO     | __main__:<module>:531 - METHOD_BATCH epoch=236 step=0 adv_kd=0.011508455500006676 awp_adv_grad_norm=0.14385274052619934 awp_adv_nat_cos=-0.010652964934706688 awp_gamma=0.002 awp_mix_adv_cos=0.8371168971061707 awp_mix_grad_norm=0.1706549972295761 awp_nat_grad_norm=0.0933576449751854 awp_nat_weight=1.0 awp_relative_norm_max=0.0020000003278255463 clean_ce=0.14898037910461426 clean_ce_term=0.0036130647640675306 consistency_term=0.002756696892902255 consistency_weight=0.75 js_raw=0.03675595670938492 lr=0.03845583988846525 nat_kd=0.007672191597521305 pcgrad_conflicts=0 push=0.027518711984157562 push_term=0.0022493796423077583 student_updates=1 teacher_ce=0.5167266428470612 teacher_lr=1.523278197829834e-05 teacher_margin=0.21776753664016724 teacher_margin_term=0.002464257413521409 teacher_updates=1 temp_adv=1.1418889109110932 temp_nat=3.6271110890886016 temperature_updates=1 total_loss=0.030264046043157578 views=2
2026-10-08 10:51:18.670 | INFO     | __main__:<module>:531 - METHOD_BATCH epoch=236 step=100 adv_kd=0.010362702421844006 awp_adv_grad_norm=0.12402667850255966 awp_adv_nat_cos=-0.00659551564604044 awp_gamma=0.002 awp_mix_adv_cos=0.8415377736091614 awp_mix_grad_norm=0.14675962924957275 awp_nat_grad_norm=0.0792810320854187 awp_nat_weight=1.0 awp_relative_norm_max=0.0020000000949949026 clean_ce=0.13681736588478088 clean_ce_term=0.003318087663501501 consistency_term=0.0016535557806491852 consistency_weight=0.75 js_raw=0.022047409787774086 lr=0.03845583988846525 nat_kd=0.007323427591472864 pcgrad_conflicts=0 push=0.03414697200059891 push_term=0.002791173756122589 student_updates=1 teacher_ce=0.46526503562927246 teacher_lr=1.523278197829834e-05 teacher_margin=0.21150115132331848 teacher_margin_term=0.00239334674552083 teacher_updates=1 temp_adv=1.1418889109110932 temp_nat=3.6271110890886016 temperature_updates=1 total_loss=0.027842294424772263 views=2
2026-10-08 10:52:48.972 | INFO     | __main__:<module>:531 - METHOD_BATCH epoch=236 step=200 adv_kd=0.011924074962735176 awp_adv_grad_norm=0.14640970528125763 awp_adv_nat_cos=0.02239261381328106 awp_gamma=0.002 awp_mix_adv_cos=0.8268473148345947 awp_mix_grad_norm=0.17980928719043732 awp_nat_grad_norm=0.1011548787355423 awp_nat_weight=1.0 awp_relative_norm_max=0.0020000003278255463 clean_ce=0.13885602355003357 clean_ce_term=0.0033675292506814003 consistency_term=0.0026990282349288464 consistency_weight=0.75 js_raw=0.035987041890621185 lr=0.03845583988846525 nat_kd=0.008729886263608932 pcgrad_conflicts=0 push=0.022734131664037704 push_term=0.0018582879565656185 student_updates=1 teacher_ce=0.5854247510433197 teacher_lr=1.523278197829834e-05 teacher_margin=0.20090357959270477 teacher_margin_term=0.002273424994200468 teacher_updates=1 temp_adv=1.1418889109110932 temp_nat=3.6271110890886016 temperature_updates=1 total_loss=0.03085223212838173 views=2
2026-10-08 10:54:19.323 | INFO     | __main__:<module>:531 - METHOD_BATCH epoch=236 step=300 adv_kd=0.010931234806776047 awp_adv_grad_norm=0.13191290199756622 awp_adv_nat_cos=0.09136930108070374 awp_gamma=0.002 awp_mix_adv_cos=0.6988652944564819 awp_mix_grad_norm=0.2083146572113037 awp_nat_grad_norm=0.14962360262870789 awp_nat_weight=1.0 awp_relative_norm_max=0.0020000003278255463 clean_ce=0.12886396050453186 clean_ce_term=0.003125202376395464 consistency_term=0.0028457287698984146 consistency_weight=0.75 js_raw=0.037943050265312195 lr=0.03845583988846525 nat_kd=0.01209484227001667 pcgrad_conflicts=0 push=0.022229082882404327 push_term=0.0018170052208006382 student_updates=1 teacher_ce=0.6073823273181915 teacher_lr=1.523278197829834e-05 teacher_margin=0.17162592709064484 teacher_margin_term=0.001942118862643838 teacher_updates=1 temp_adv=1.1418889109110932 temp_nat=3.6271110890886016 temperature_updates=1 total_loss=0.03275613486766815 views=2
2026-10-08 10:55:40.537 | INFO     | __main__:<module>:1016 - TRAIN_EPOCH_RESOURCE epoch=236 seconds=353.3998921401799 peak_allocated_bytes=3885782016
2026-10-08 10:55:40.537 | INFO     | __main__:<module>:516 - METHOD epoch=237 views=2 awp_gamma=0.002 consistency_weight=0.75 awp_nat_weight=1.0
2026-10-08 10:55:40.537 | INFO     | __main__:<module>:519 - the 237th epoch 
2026-10-08 10:55:41.501 | INFO     | __main__:<module>:531 - METHOD_BATCH epoch=237 step=0 adv_kd=0.011268466711044312 awp_adv_grad_norm=0.12593089044094086 awp_adv_nat_cos=0.056726861745119095 awp_gamma=0.002 awp_mix_adv_cos=0.8760648965835571 awp_mix_grad_norm=0.148386612534523 awp_nat_grad_norm=0.07166639715433121 awp_nat_weight=1.0 awp_relative_norm_max=0.0020000000949949026 clean_ce=0.14290259778499603 clean_ce_term=0.003510097973048687 consistency_term=0.0035791494883596897 consistency_weight=0.75 js_raw=0.0477219894528389 lr=0.037439347597580934 nat_kd=0.006704832427203655 pcgrad_conflicts=0 push=0.018490932881832123 push_term=0.0015114487614482641 student_updates=1 teacher_ce=0.5046263635158539 teacher_lr=1.4784549520655335e-05 teacher_margin=0.21272987127304077 teacher_margin_term=0.002407250925898552 teacher_updates=1 temp_adv=1.1418889109110932 temp_nat=3.6271110890886016 temperature_updates=1 total_loss=0.028981244191527367 views=2
2026-10-08 10:57:12.797 | INFO     | __main__:<module>:531 - METHOD_BATCH epoch=237 step=100 adv_kd=0.011160174384713173 awp_adv_grad_norm=0.13571520149707794 awp_adv_nat_cos=0.004043345805257559 awp_gamma=0.002 awp_mix_adv_cos=0.8855429291725159 awp_mix_grad_norm=0.15358227491378784 awp_nat_grad_norm=0.0713484138250351 awp_nat_weight=1.0 awp_relative_norm_max=0.0020000003278255463 clean_ce=0.1358412802219391 clean_ce_term=0.003336651949211955 consistency_term=0.003336295485496521 consistency_weight=0.75 js_raw=0.044483937323093414 lr=0.037439347597580934 nat_kd=0.006409244146198034 pcgrad_conflicts=0 push=0.023344727233052254 push_term=0.0019081979990005493 student_updates=1 teacher_ce=0.5356393754482269 teacher_lr=1.4784549520655335e-05 teacher_margin=0.22926172614097595 teacher_margin_term=0.002594325691461563 teacher_updates=1 temp_adv=1.1418889109110932 temp_nat=3.6271110890886016 temperature_updates=1 total_loss=0.028744889423251152 views=2
2026-10-08 10:58:43.161 | INFO     | __main__:<module>:531 - METHOD_BATCH epoch=237 step=200 adv_kd=0.012373215518891811 awp_adv_grad_norm=0.1449415534734726 awp_adv_nat_cos=0.12272873520851135 awp_gamma=0.002 awp_mix_adv_cos=0.8437519073486328 awp_mix_grad_norm=0.186449334025383 awp_nat_grad_norm=0.10083585232496262 awp_nat_weight=1.0 awp_relative_norm_max=0.0020000003278255463 clean_ce=0.12957316637039185 clean_ce_term=0.0031826887279748917 consistency_term=0.0030517051927745342 consistency_weight=0.75 js_raw=0.04068940132856369 lr=0.037439347597580934 nat_kd=0.008453956805169582 pcgrad_conflicts=0 push=0.022099576890468597 push_term=0.0018064193427562714 student_updates=1 teacher_ce=0.5754754841327667 teacher_lr=1.4784549520655335e-05 teacher_margin=0.2283368706703186 teacher_margin_term=0.0025838599540293217 teacher_updates=1 temp_adv=1.1418889109110932 temp_nat=3.6271110890886016 temperature_updates=1 total_loss=0.03145184740424156 views=2
2026-10-08 11:00:13.577 | INFO     | __main__:<module>:531 - METHOD_BATCH epoch=237 step=300 adv_kd=0.012318911030888557 awp_adv_grad_norm=0.15185664594173431 awp_adv_nat_cos=0.0683913379907608 awp_gamma=0.002 awp_mix_adv_cos=0.8941264152526855 awp_mix_grad_norm=0.17587649822235107 awp_nat_grad_norm=0.07894496619701385 awp_nat_weight=1.0 awp_relative_norm_max=0.0020000000949949026 clean_ce=0.14501714706420898 clean_ce_term=0.003562037367373705 consistency_term=0.0027909553609788418 consistency_weight=0.75 js_raw=0.037212736904621124 lr=0.037439347597580934 nat_kd=0.007244148291647434 pcgrad_conflicts=0 push=0.020436424762010574 push_term=0.0016704732552170753 student_updates=1 teacher_ce=0.5797441899776459 teacher_lr=1.4784549520655335e-05 teacher_margin=0.2169247716665268 teacher_margin_term=0.002454720437526703 teacher_updates=1 temp_adv=1.1418889109110932 temp_nat=3.6271110890886016 temperature_updates=1 total_loss=0.030041245743632317 views=2
2026-10-08 11:01:34.676 | INFO     | __main__:<module>:1016 - TRAIN_EPOCH_RESOURCE epoch=237 seconds=354.1381902440917 peak_allocated_bytes=3885782016
2026-10-08 11:01:34.676 | INFO     | __main__:<module>:516 - METHOD epoch=238 views=2 awp_gamma=0.002 consistency_weight=0.75 awp_nat_weight=1.0
2026-10-08 11:01:34.676 | INFO     | __main__:<module>:519 - the 238th epoch 
2026-10-08 11:01:35.630 | INFO     | __main__:<module>:531 - METHOD_BATCH epoch=238 step=0 adv_kd=0.01195632852613926 awp_adv_grad_norm=0.14958958327770233 awp_adv_nat_cos=-0.06392225623130798 awp_gamma=0.002 awp_mix_adv_cos=0.8348354697227478 awp_mix_grad_norm=0.1719229519367218 awp_nat_grad_norm=0.09483747184276581 awp_nat_weight=1.0 awp_relative_norm_max=0.0020000000949949026 clean_ce=0.13410718739032745 clean_ce_term=0.0033357543870806694 consistency_term=0.0019989993888884783 consistency_weight=0.75 js_raw=0.02665332332253456 lr=0.03642841445166847 nat_kd=0.008401475846767426 pcgrad_conflicts=0 push=0.026721037924289703 push_term=0.002184177516028285 student_updates=1 teacher_ce=0.5575641393661499 teacher_lr=1.4341882464680924e-05 teacher_margin=0.21565766632556915 teacher_margin_term=0.0024403820279985666 teacher_updates=1 temp_adv=1.1418889109110932 temp_nat=3.6271110890886016 temperature_updates=1 total_loss=0.030317118391394615 views=2
2026-10-08 11:03:06.489 | INFO     | __main__:<module>:531 - METHOD_BATCH epoch=238 step=100 adv_kd=0.014943141490221024 awp_adv_grad_norm=0.17631539702415466 awp_adv_nat_cos=0.08496254682540894 awp_gamma=0.002 awp_mix_adv_cos=0.733112633228302 awp_mix_grad_norm=0.2611618638038635 awp_nat_grad_norm=0.1782626509666443 awp_nat_weight=1.0 awp_relative_norm_max=0.0020000003278255463 clean_ce=0.11417638510465622 clean_ce_term=0.0028399997390806675 consistency_term=0.002296583727002144 consistency_weight=0.75 js_raw=0.030621115118265152 lr=0.03642841445166847 nat_kd=0.013105763122439384 pcgrad_conflicts=0 push=0.0203702375292778 push_term=0.001665063202381134 student_updates=1 teacher_ce=0.7142457962036133 teacher_lr=1.4341882464680924e-05 teacher_margin=0.2689380943775177 teacher_margin_term=0.0030433032661676407 teacher_updates=1 temp_adv=1.1418889109110932 temp_nat=3.6271110890886016 temperature_updates=1 total_loss=0.03789385408163071 views=2
2026-10-08 11:04:37.370 | INFO     | __main__:<module>:531 - METHOD_BATCH epoch=238 step=200 adv_kd=0.012680361047387123 awp_adv_grad_norm=0.1686549335718155 awp_adv_nat_cos=0.03367294743657112 awp_gamma=0.002 awp_mix_adv_cos=0.8278020620346069 awp_mix_grad_norm=0.20849904417991638 awp_nat_grad_norm=0.1170385330915451 awp_nat_weight=1.0 awp_relative_norm_max=0.0020000003278255463 clean_ce=0.13932448625564575 clean_ce_term=0.0034655281342566013 consistency_term=0.0019481256604194641 consistency_weight=0.75 js_raw=0.025975007563829422 lr=0.03642841445166847 nat_kd=0.008394039236009121 pcgrad_conflicts=0 push=0.02942221611738205 push_term=0.002404971979558468 student_updates=1 teacher_ce=0.5633653700351715 teacher_lr=1.4341882464680924e-05 teacher_margin=0.21824748814105988 teacher_margin_term=0.002469688421115279 teacher_updates=1 temp_adv=1.1418889109110932 temp_nat=3.6271110890886016 temperature_updates=1 total_loss=0.031362712383270264 views=2
2026-10-08 11:06:07.910 | INFO     | __main__:<module>:531 - METHOD_BATCH epoch=238 step=300 adv_kd=0.011720729060471058 awp_adv_grad_norm=0.15222491323947906 awp_adv_nat_cos=0.14607946574687958 awp_gamma=0.002 awp_mix_adv_cos=0.7473168969154358 awp_mix_grad_norm=0.2344810515642166 awp_nat_grad_norm=0.15749458968639374 awp_nat_weight=1.0 awp_relative_norm_max=0.0020000003278255463 clean_ce=0.13824287056922913 clean_ce_term=0.0034386245533823967 consistency_term=0.0018057668348774314 consistency_weight=0.75 js_raw=0.02407689206302166 lr=0.03642841445166847 nat_kd=0.010865878313779831 pcgrad_conflicts=0 push=0.03204357624053955 push_term=0.0026192418299615383 student_updates=1 teacher_ce=0.5065623074769974 teacher_lr=1.4341882464680924e-05 teacher_margin=0.23212891817092896 teacher_margin_term=0.00262677064165473 teacher_updates=1 temp_adv=1.1418889109110932 temp_nat=3.6271110890886016 temperature_updates=1 total_loss=0.03307701274752617 views=2
2026-10-08 11:07:29.109 | INFO     | __main__:<module>:1016 - TRAIN_EPOCH_RESOURCE epoch=238 seconds=354.432546564145 peak_allocated_bytes=3885782016
2026-10-08 11:07:29.109 | INFO     | __main__:<module>:516 - METHOD epoch=239 views=2 awp_gamma=0.002 consistency_weight=0.75 awp_nat_weight=1.0
2026-10-08 11:07:29.109 | INFO     | __main__:<module>:519 - the 239th epoch 
2026-10-08 11:07:30.068 | INFO     | __main__:<module>:531 - METHOD_BATCH epoch=239 step=0 adv_kd=0.010265366174280643 awp_adv_grad_norm=0.12652036547660828 awp_adv_nat_cos=-0.0345735065639019 awp_gamma=0.002 awp_mix_adv_cos=0.8269925117492676 awp_mix_grad_norm=0.1494731903076172 awp_nat_grad_norm=0.08408601582050323 awp_nat_weight=1.0 awp_relative_norm_max=0.0020000003278255463 clean_ce=0.13337060809135437 clean_ce_term=0.003358901012688875 consistency_term=0.002530117752030492 consistency_weight=0.75 js_raw=0.03373490273952484 lr=0.03542348397659967 nat_kd=0.007524586748331785 pcgrad_conflicts=0 push=0.024784600362181664 push_term=0.0020258931908756495 student_updates=1 teacher_ce=0.5021668374538422 teacher_lr=1.3904849995530317e-05 teacher_margin=0.1899072825908661 teacher_margin_term=0.0021489905193448067 teacher_updates=1 temp_adv=1.1418889109110932 temp_nat=3.6271110890886016 temperature_updates=1 total_loss=0.02785385586321354 views=2
2026-10-08 11:09:00.505 | INFO     | __main__:<module>:531 - METHOD_BATCH epoch=239 step=100 adv_kd=0.010451314970850945 awp_adv_grad_norm=0.13846854865550995 awp_adv_nat_cos=0.08162707090377808 awp_gamma=0.002 awp_mix_adv_cos=0.8464601039886475 awp_mix_grad_norm=0.172470822930336 awp_nat_grad_norm=0.09213992953300476 awp_nat_weight=1.0 awp_relative_norm_max=0.0020000003278255463 clean_ce=0.14262154698371887 clean_ce_term=0.00359188299626112 consistency_term=0.002036390593275428 consistency_weight=0.75 js_raw=0.02715187333524227 lr=0.03542348397659967 nat_kd=0.007384867407381535 pcgrad_conflicts=0 push=0.024194058030843735 push_term=0.001977622276172042 student_updates=1 teacher_ce=0.5394794046878815 teacher_lr=1.3904849995530317e-05 teacher_margin=0.22511160373687744 teacher_margin_term=0.002547362819314003 teacher_updates=1 temp_adv=1.1418889109110932 temp_nat=3.6271110890886016 temperature_updates=1 total_loss=0.02798944152891636 views=2
2026-10-08 11:10:31.678 | INFO     | __main__:<module>:531 - METHOD_BATCH epoch=239 step=200 adv_kd=0.010706499218940735 awp_adv_grad_norm=0.13470949232578278 awp_adv_nat_cos=0.04193403199315071 awp_gamma=0.002 awp_mix_adv_cos=0.8932580351829529 awp_mix_grad_norm=0.15406106412410736 awp_nat_grad_norm=0.06931823492050171 awp_nat_weight=1.0 awp_relative_norm_max=0.0020000003278255463 clean_ce=0.14865681529045105 clean_ce_term=0.003743879497051239 consistency_term=0.0017794130835682154 consistency_weight=0.75 js_raw=0.02372550778090954 lr=0.03542348397659967 nat_kd=0.00604488980025053 pcgrad_conflicts=0 push=0.025416655465960503 push_term=0.0020775573793798685 student_updates=1 teacher_ce=0.4499414712190628 teacher_lr=1.3904849995530317e-05 teacher_margin=0.1954686939716339 teacher_margin_term=0.002211923711001873 teacher_updates=1 temp_adv=1.1418889109110932 temp_nat=3.6271110890886016 temperature_updates=1 total_loss=0.026564162224531174 views=2
2026-10-08 11:12:02.583 | INFO     | __main__:<module>:531 - METHOD_BATCH epoch=239 step=300 adv_kd=0.010111386887729168 awp_adv_grad_norm=0.13053926825523376 awp_adv_nat_cos=0.012727283872663975 awp_gamma=0.002 awp_mix_adv_cos=0.801376223564148 awp_mix_grad_norm=0.1644563525915146 awp_nat_grad_norm=0.09837932139635086 awp_nat_weight=1.0 awp_relative_norm_max=0.0020000003278255463 clean_ce=0.14459818601608276 clean_ce_term=0.0036416640505194664 consistency_term=0.0023916643112897873 consistency_weight=0.75 js_raw=0.03188885748386383 lr=0.03542348397659967 nat_kd=0.008134742267429829 pcgrad_conflicts=0 push=0.018337760120630264 push_term=0.0014989284100010991 student_updates=1 teacher_ce=0.5507014393806458 teacher_lr=1.3904849995530317e-05 teacher_margin=0.18178051710128784 teacher_margin_term=0.0020570282358676195 teacher_updates=1 temp_adv=1.1418889109110932 temp_nat=3.6271110890886016 temperature_updates=1 total_loss=0.027835413813591003 views=2
2026-10-08 11:13:23.736 | INFO     | __main__:<module>:1016 - TRAIN_EPOCH_RESOURCE epoch=239 seconds=354.62660711212084 peak_allocated_bytes=3885782016
2026-10-08 11:13:23.737 | INFO     | __main__:<module>:516 - METHOD epoch=240 views=2 awp_gamma=0.002 consistency_weight=0.75 awp_nat_weight=1.0
2026-10-08 11:13:23.737 | INFO     | __main__:<module>:519 - the 240th epoch 
2026-10-08 11:13:24.692 | INFO     | __main__:<module>:531 - METHOD_BATCH epoch=240 step=0 adv_kd=0.009851153008639812 awp_adv_grad_norm=0.11819379776716232 awp_adv_nat_cos=0.08623210340738297 awp_gamma=0.002 awp_mix_adv_cos=0.7564083337783813 awp_mix_grad_norm=0.16889823973178864 awp_nat_grad_norm=0.11088934540748596 awp_nat_weight=1.0 awp_relative_norm_max=0.0020000003278255463 clean_ce=0.1425885409116745 clean_ce_term=0.003635385539382696 consistency_term=0.0016423416091129184 consistency_weight=0.75 js_raw=0.02189788594841957 lr=0.03442499695032136 nat_kd=0.008585616014897823 pcgrad_conflicts=0 push=0.017559384927153587 push_term=0.0014353040605783463 student_updates=1 teacher_ce=0.5345665812492371 teacher_lr=1.3473520388834256e-05 teacher_margin=0.1774725317955017 teacher_margin_term=0.0020082788541913033 teacher_updates=1 temp_adv=1.1418889109110932 temp_nat=3.6271110890886016 temperature_updates=1 total_loss=0.02715807966887951 views=2
2026-10-08 11:14:55.192 | INFO     | __main__:<module>:531 - METHOD_BATCH epoch=240 step=100 adv_kd=0.009441268630325794 awp_adv_grad_norm=0.12308468669652939 awp_adv_nat_cos=0.053056374192237854 awp_gamma=0.002 awp_mix_adv_cos=0.7972686290740967 awp_mix_grad_norm=0.1608535349369049 awp_nat_grad_norm=0.09723211079835892 awp_nat_weight=1.0 awp_relative_norm_max=0.0020000000949949026 clean_ce=0.13834871351718903 clean_ce_term=0.003527288790792227 consistency_term=0.001788714318536222 consistency_weight=0.75 js_raw=0.023849524557590485 lr=0.03442499695032136 nat_kd=0.007695350330322981 pcgrad_conflicts=0 push=0.02333182841539383 push_term=0.0019071436254307628 student_updates=1 teacher_ce=0.6126863658428192 teacher_lr=1.3473520388834256e-05 teacher_margin=0.1324431300163269 teacher_margin_term=0.0014987264294177294 teacher_updates=1 temp_adv=1.1418889109110932 temp_nat=3.6271110890886016 temperature_updates=1 total_loss=0.025858493521809578 views=2
2026-10-08 11:16:25.657 | INFO     | __main__:<module>:531 - METHOD_BATCH epoch=240 step=200 adv_kd=0.01152164675295353 awp_adv_grad_norm=0.14249271154403687 awp_adv_nat_cos=0.07548539340496063 awp_gamma=0.002 awp_mix_adv_cos=0.8446547985076904 awp_mix_grad_norm=0.17720085382461548 awp_nat_grad_norm=0.09512903541326523 awp_nat_weight=1.0 awp_relative_norm_max=0.0020000000949949026 clean_ce=0.14132770895957947 clean_ce_term=0.0036032400093972683 consistency_term=0.0023663840256631374 consistency_weight=0.75 js_raw=0.0315517857670784 lr=0.03442499695032136 nat_kd=0.006905759684741497 pcgrad_conflicts=0 push=0.021029489114880562 push_term=0.0017189504578709602 student_updates=1 teacher_ce=0.5200306177139282 teacher_lr=1.3473520388834256e-05 teacher_margin=0.24805453419685364 teacher_margin_term=0.0028069850523024797 teacher_updates=1 temp_adv=1.1418889109110932 temp_nat=3.6271110890886016 temperature_updates=1 total_loss=0.02892296575009823 views=2
2026-10-08 11:17:56.870 | INFO     | __main__:<module>:531 - METHOD_BATCH epoch=240 step=300 adv_kd=0.01189972274005413 awp_adv_grad_norm=0.14689669013023376 awp_adv_nat_cos=0.05322731286287308 awp_gamma=0.002 awp_mix_adv_cos=0.8678949475288391 awp_mix_grad_norm=0.17458254098892212 awp_nat_grad_norm=0.08684660494327545 awp_nat_weight=1.0 awp_relative_norm_max=0.0020000003278255463 clean_ce=0.13748806715011597 clean_ce_term=0.003505345666781068 consistency_term=0.002830634592100978 consistency_weight=0.75 js_raw=0.03774179518222809 lr=0.03442499695032136 nat_kd=0.006743868812918663 pcgrad_conflicts=0 push=0.02179109677672386 push_term=0.0017812042497098446 student_updates=1 teacher_ce=0.5700812637805939 teacher_lr=1.3473520388834256e-05 teacher_margin=0.22930201888084412 teacher_margin_term=0.0025947815738618374 teacher_updates=1 temp_adv=1.1418889109110932 temp_nat=3.6271110890886016 temperature_updates=1 total_loss=0.02935555763542652 views=2
2026-10-08 11:19:18.105 | INFO     | __main__:<module>:1016 - TRAIN_EPOCH_RESOURCE epoch=240 seconds=354.3575470210053 peak_allocated_bytes=3885782016
TRAINING_STATE epoch=240 fingerprint_sha256=a1f98d8a26b97e855a1f1d0fa45d9213c2e7bc45657ad33459d4fcb09cd63817
2026-10-08 11:19:19.485 | INFO     | __main__:<module>:516 - METHOD epoch=241 views=2 awp_gamma=0.002 consistency_weight=0.75 awp_nat_weight=1.0
2026-10-08 11:19:19.486 | INFO     | __main__:<module>:519 - the 241th epoch 
2026-10-08 11:19:20.444 | INFO     | __main__:<module>:531 - METHOD_BATCH epoch=241 step=0 adv_kd=0.009840970858931541 awp_adv_grad_norm=0.12340212613344193 awp_adv_nat_cos=0.05113724246621132 awp_gamma=0.002 awp_mix_adv_cos=0.8472053408622742 awp_mix_grad_norm=0.15048997104167938 awp_nat_grad_norm=0.0800548791885376 awp_nat_weight=1.0 awp_relative_norm_max=0.0020000000949949026 clean_ce=0.14206695556640625 clean_ce_term=0.003666259814053774 consistency_term=0.003196045057848096 consistency_weight=0.75 js_raw=0.042613934725522995 lr=0.03343339120722491 nat_kd=0.007335585076361895 pcgrad_conflicts=0 push=0.0376313216984272 push_term=0.0030759843066334724 student_updates=1 teacher_ce=0.589942216873169 teacher_lr=1.3047960999874738e-05 teacher_margin=0.17053714394569397 teacher_margin_term=0.0019297981634736061 teacher_updates=1 temp_adv=1.1418889109110932 temp_nat=3.6271110890886016 temperature_updates=1 total_loss=0.02904464304447174 views=2
2026-10-08 11:20:50.931 | INFO     | __main__:<module>:531 - METHOD_BATCH epoch=241 step=100 adv_kd=0.01018585730344057 awp_adv_grad_norm=0.12836948037147522 awp_adv_nat_cos=0.0636746808886528 awp_gamma=0.002 awp_mix_adv_cos=0.8149198889732361 awp_mix_grad_norm=0.1650119125843048 awp_nat_grad_norm=0.09583103656768799 awp_nat_weight=1.0 awp_relative_norm_max=0.0020000003278255463 clean_ce=0.1327597200870514 clean_ce_term=0.003426071722060442 consistency_term=0.0020978471729904413 consistency_weight=0.75 js_raw=0.02797129563987255 lr=0.03343339120722491 nat_kd=0.007784167770296335 pcgrad_conflicts=0 push=0.01675448752939701 push_term=0.0013695118250325322 student_updates=1 teacher_ce=0.6020815670490265 teacher_lr=1.3047960999874738e-05 teacher_margin=0.1830938309431076 teacher_margin_term=0.002071889815852046 teacher_updates=1 temp_adv=1.1418889109110932 temp_nat=3.6271110890886016 temperature_updates=1 total_loss=0.02693534456193447 views=2
2026-10-08 11:22:21.584 | INFO     | __main__:<module>:531 - METHOD_BATCH epoch=241 step=200 adv_kd=0.011690308339893818 awp_adv_grad_norm=0.1592528223991394 awp_adv_nat_cos=0.08685638010501862 awp_gamma=0.002 awp_mix_adv_cos=0.5854709148406982 awp_mix_grad_norm=0.3093549609184265 awp_nat_grad_norm=0.2517434358596802 awp_nat_weight=1.0 awp_relative_norm_max=0.0020000003278255463 clean_ce=0.12038362771272659 clean_ce_term=0.0031066874507814646 consistency_term=0.002377968979999423 consistency_weight=0.75 js_raw=0.031706251204013824 lr=0.03343339120722491 nat_kd=0.01631498709321022 pcgrad_conflicts=0 push=0.020009998232126236 push_term=0.001635617227293551 student_updates=1 teacher_ce=0.6012464463710785 teacher_lr=1.3047960999874738e-05 teacher_margin=0.22645094990730286 teacher_margin_term=0.002562518697232008 teacher_updates=1 temp_adv=1.1418889109110932 temp_nat=3.6271110890886016 temperature_updates=1 total_loss=0.03768808767199516 views=2
2026-10-08 11:23:52.251 | INFO     | __main__:<module>:531 - METHOD_BATCH epoch=241 step=300 adv_kd=0.011020705103874207 awp_adv_grad_norm=0.14348241686820984 awp_adv_nat_cos=0.03466605395078659 awp_gamma=0.002 awp_mix_adv_cos=0.793492317199707 awp_mix_grad_norm=0.18576599657535553 awp_nat_grad_norm=0.11312150210142136 awp_nat_weight=1.0 awp_relative_norm_max=0.0020000003278255463 clean_ce=0.13715869188308716 clean_ce_term=0.003539593890309334 consistency_term=0.002520142588764429 consistency_weight=0.75 js_raw=0.033601898699998856 lr=0.03343339120722491 nat_kd=0.008882645517587662 pcgrad_conflicts=0 push=0.0243237167596817 push_term=0.0019882204942405224 student_updates=1 teacher_ce=0.5934813022613525 teacher_lr=1.3047960999874738e-05 teacher_margin=0.1904415786266327 teacher_margin_term=0.002155036898329854 teacher_updates=1 temp_adv=1.1418889109110932 temp_nat=3.6271110890886016 temperature_updates=1 total_loss=0.03010634519159794 views=2
2026-10-08 11:25:14.187 | INFO     | __main__:<module>:1016 - TRAIN_EPOCH_RESOURCE epoch=241 seconds=354.6948413630016 peak_allocated_bytes=3885782016
2026-10-08 11:25:14.192 | INFO     | __main__:<module>:516 - METHOD epoch=242 views=2 awp_gamma=0.002 consistency_weight=0.75 awp_nat_weight=1.0
2026-10-08 11:25:14.192 | INFO     | __main__:<module>:519 - the 242th epoch 
2026-10-08 11:25:15.161 | INFO     | __main__:<module>:531 - METHOD_BATCH epoch=242 step=0 adv_kd=0.010447744280099869 awp_adv_grad_norm=0.13318267464637756 awp_adv_nat_cos=-0.03537359833717346 awp_gamma=0.002 awp_mix_adv_cos=0.8066606521606445 awp_mix_grad_norm=0.16093024611473083 awp_nat_grad_norm=0.0951717421412468 awp_nat_weight=1.0 awp_relative_norm_max=0.0020000003278255463 clean_ce=0.1305541694164276 clean_ce_term=0.0034097463358193636 consistency_term=0.0032915708143264055 consistency_weight=0.75 js_raw=0.04388761147856712 lr=0.03244910144386133 nat_kd=0.007893203757703304 pcgrad_conflicts=0 push=0.032986752688884735 push_term=0.002696337178349495 student_updates=1 teacher_ce=0.6195452511310577 teacher_lr=1.2628238252909975e-05 teacher_margin=0.19247327744960785 teacher_margin_term=0.0021780275274068117 teacher_updates=1 temp_adv=1.1418889109110932 temp_nat=3.6271110890886016 temperature_updates=1 total_loss=0.029916631057858467 views=2
2026-10-08 11:26:45.514 | INFO     | __main__:<module>:531 - METHOD_BATCH epoch=242 step=100 adv_kd=0.010031692683696747 awp_adv_grad_norm=0.1318061649799347 awp_adv_nat_cos=0.09731636196374893 awp_gamma=0.002 awp_mix_adv_cos=0.8489623069763184 awp_mix_grad_norm=0.16531769931316376 awp_nat_grad_norm=0.08777932077646255 awp_nat_weight=1.0 awp_relative_norm_max=0.0020000003278255463 clean_ce=0.1326548457145691 clean_ce_term=0.003464610781520605 consistency_term=0.0018081158632412553 consistency_weight=0.75 js_raw=0.02410821244120598 lr=0.03244910144386133 nat_kd=0.006958844605833292 pcgrad_conflicts=0 push=0.018245726823806763 push_term=0.0014914055354893208 student_updates=1 teacher_ce=0.5682145655155182 teacher_lr=1.2628238252909975e-05 teacher_margin=0.16110658645629883 teacher_margin_term=0.0018230821006000042 teacher_updates=1 temp_adv=1.1418889109110932 temp_nat=3.6271110890886016 temperature_updates=1 total_loss=0.02557775191962719 views=2
2026-10-08 11:28:15.976 | INFO     | __main__:<module>:531 - METHOD_BATCH epoch=242 step=200 adv_kd=0.014478039927780628 awp_adv_grad_norm=0.1889694184064865 awp_adv_nat_cos=0.09384708851575851 awp_gamma=0.002 awp_mix_adv_cos=0.9239511489868164 awp_mix_grad_norm=0.21282871067523956 awp_nat_grad_norm=0.0817701518535614 awp_nat_weight=1.0 awp_relative_norm_max=0.0020000003278255463 clean_ce=0.1407046914100647 clean_ce_term=0.0036748526617884636 consistency_term=0.0021209109108895063 consistency_weight=0.75 js_raw=0.028278812766075134 lr=0.03244910144386133 nat_kd=0.006235680542886257 pcgrad_conflicts=0 push=0.02725503221154213 push_term=0.0022278265096247196 student_updates=1 teacher_ce=0.47058118879795074 teacher_lr=1.2628238252909975e-05 teacher_margin=0.27849656343460083 teacher_margin_term=0.0031514670699834824 teacher_updates=1 temp_adv=1.1418889109110932 temp_nat=3.6271110890886016 temperature_updates=1 total_loss=0.031888775527477264 views=2
2026-10-08 11:29:46.553 | INFO     | __main__:<module>:531 - METHOD_BATCH epoch=242 step=300 adv_kd=0.009911281988024712 awp_adv_grad_norm=0.12674963474273682 awp_adv_nat_cos=0.08334051817655563 awp_gamma=0.002 awp_mix_adv_cos=0.7759020328521729 awp_mix_grad_norm=0.17527607083320618 awp_nat_grad_norm=0.11095952987670898 awp_nat_weight=1.0 awp_relative_norm_max=0.0020000003278255463 clean_ce=0.14588889479637146 clean_ce_term=0.003810250898823142 consistency_term=0.0019848146475851536 consistency_weight=0.75 js_raw=0.026464194059371948 lr=0.03244910144386133 nat_kd=0.008896643295884132 pcgrad_conflicts=0 push=0.021891651675105095 push_term=0.0017894236370921135 student_updates=1 teacher_ce=0.5566824674606323 teacher_lr=1.2628238252909975e-05 teacher_margin=0.140138640999794 teacher_margin_term=0.001585808815434575 teacher_updates=1 temp_adv=1.1418889109110932 temp_nat=3.6271110890886016 temperature_updates=1 total_loss=0.02797822281718254 views=2
2026-10-08 11:31:08.117 | INFO     | __main__:<module>:1016 - TRAIN_EPOCH_RESOURCE epoch=242 seconds=353.9217718730215 peak_allocated_bytes=3885782016
2026-10-08 11:31:08.117 | INFO     | __main__:<module>:516 - METHOD epoch=243 views=2 awp_gamma=0.002 consistency_weight=0.75 awp_nat_weight=1.0
2026-10-08 11:31:08.117 | INFO     | __main__:<module>:519 - the 243th epoch 
2026-10-08 11:31:09.082 | INFO     | __main__:<module>:531 - METHOD_BATCH epoch=243 step=0 adv_kd=0.010769433341920376 awp_adv_grad_norm=0.1306610256433487 awp_adv_nat_cos=0.08181096613407135 awp_gamma=0.002 awp_mix_adv_cos=0.8579234480857849 awp_mix_grad_norm=0.1601729840040207 awp_nat_grad_norm=0.08257005363702774 awp_nat_weight=1.0 awp_relative_norm_max=0.0020000003278255463 clean_ce=0.14878037571907043 clean_ce_term=0.003932028077542782 consistency_term=0.0024939007125794888 consistency_weight=0.75 js_raw=0.03325200825929642 lr=0.03147255902608835 nat_kd=0.007373099215328693 pcgrad_conflicts=0 push=0.015621282160282135 push_term=0.0012768835294991732 student_updates=1 teacher_ce=0.5390902757644653 teacher_lr=1.2214417630650503e-05 teacher_margin=0.1424948275089264 teacher_margin_term=0.0016124713001772761 teacher_updates=1 temp_adv=1.1418889109110932 temp_nat=3.6271110890886016 temperature_updates=1 total_loss=0.027457816526293755 views=2
2026-10-08 11:32:40.327 | INFO     | __main__:<module>:531 - METHOD_BATCH epoch=243 step=100 adv_kd=0.009260207414627075 awp_adv_grad_norm=0.12390045821666718 awp_adv_nat_cos=0.046158578246831894 awp_gamma=0.002 awp_mix_adv_cos=0.8473336100578308 awp_mix_grad_norm=0.15058493614196777 awp_nat_grad_norm=0.08005506545305252 awp_nat_weight=1.0 awp_relative_norm_max=0.0020000003278255463 clean_ce=0.13714593648910522 clean_ce_term=0.003624548204243183 consistency_term=0.0017860978841781616 consistency_weight=0.75 js_raw=0.023814639076590538 lr=0.03147255902608835 nat_kd=0.006165723316371441 pcgrad_conflicts=0 push=0.02234678715467453 push_term=0.0018266262486577034 student_updates=1 teacher_ce=0.5333337485790253 teacher_lr=1.2214417630650503e-05 teacher_margin=0.17704300582408905 teacher_margin_term=0.0020034185145050287 teacher_updates=1 temp_adv=1.1418889109110932 temp_nat=3.6271110890886016 temperature_updates=1 total_loss=0.024666622281074524 views=2
2026-10-08 11:34:10.762 | INFO     | __main__:<module>:531 - METHOD_BATCH epoch=243 step=200 adv_kd=0.008993394672870636 awp_adv_grad_norm=0.11991982161998749 awp_adv_nat_cos=-0.00545196607708931 awp_gamma=0.002 awp_mix_adv_cos=0.7728431224822998 awp_mix_grad_norm=0.15447552502155304 awp_nat_grad_norm=0.09803116321563721 awp_nat_weight=1.0 awp_relative_norm_max=0.0020000003278255463 clean_ce=0.13819941878318787 clean_ce_term=0.003652390092611313 consistency_term=0.001944945426657796 consistency_weight=0.75 js_raw=0.02593260444700718 lr=0.03147255902608835 nat_kd=0.007699028588831425 pcgrad_conflicts=0 push=0.026269135996699333 push_term=0.0021472391672432423 student_updates=1 teacher_ce=0.5732580721378326 teacher_lr=1.2214417630650503e-05 teacher_margin=0.18244655430316925 teacher_margin_term=0.002064565196633339 teacher_updates=1 temp_adv=1.1418889109110932 temp_nat=3.6271110890886016 temperature_updates=1 total_loss=0.02650156430900097 views=2
2026-10-08 11:35:41.216 | INFO     | __main__:<module>:531 - METHOD_BATCH epoch=243 step=300 adv_kd=0.009224606677889824 awp_adv_grad_norm=0.12710613012313843 awp_adv_nat_cos=0.03658657148480415 awp_gamma=0.002 awp_mix_adv_cos=0.743965744972229 awp_mix_grad_norm=0.17665860056877136 awp_nat_grad_norm=0.11812550574541092 awp_nat_weight=1.0 awp_relative_norm_max=0.0020000003278255463 clean_ce=0.1566971242427826 clean_ce_term=0.004141255281865597 consistency_term=0.0017133388901129365 consistency_weight=0.75 js_raw=0.022844519466161728 lr=0.03147255902608835 nat_kd=0.00886172242462635 pcgrad_conflicts=0 push=0.018438074737787247 push_term=0.001507128356024623 student_updates=1 teacher_ce=0.5369535982608795 teacher_lr=1.2214417630650503e-05 teacher_margin=0.16702048480510712 teacher_margin_term=0.0018900036811828613 teacher_updates=1 temp_adv=1.1418889109110932 temp_nat=3.6271110890886016 temperature_updates=1 total_loss=0.0273380558937788 views=2
2026-10-08 11:37:02.808 | INFO     | __main__:<module>:1016 - TRAIN_EPOCH_RESOURCE epoch=243 seconds=354.69050859101117 peak_allocated_bytes=3885782016
2026-10-08 11:37:02.808 | INFO     | __main__:<module>:516 - METHOD epoch=244 views=2 awp_gamma=0.002 consistency_weight=0.75 awp_nat_weight=1.0
2026-10-08 11:37:02.808 | INFO     | __main__:<module>:519 - the 244th epoch 
2026-10-08 11:37:03.778 | INFO     | __main__:<module>:531 - METHOD_BATCH epoch=244 step=0 adv_kd=0.010133226402103901 awp_adv_grad_norm=0.1384945511817932 awp_adv_nat_cos=0.08326344192028046 awp_gamma=0.002 awp_mix_adv_cos=0.8263561725616455 awp_mix_grad_norm=0.17771589756011963 awp_nat_grad_norm=0.10042905807495117 awp_nat_weight=1.0 awp_relative_norm_max=0.0020000003278255463 clean_ce=0.1238599568605423 clean_ce_term=0.00331193208694458 consistency_term=0.0018707497511059046 consistency_weight=0.75 js_raw=0.024943329393863678 lr=0.030504191797736106 nat_kd=0.008994057774543762 pcgrad_conflicts=0 push=0.023093681782484055 push_term=0.0018876774702221155 student_updates=1 teacher_ce=0.556865930557251 teacher_lr=1.1806563663887756e-05 teacher_margin=0.20264768600463867 teacher_margin_term=0.002293161116540432 teacher_updates=1 temp_adv=1.1418889109110932 temp_nat=3.6271110890886016 temperature_updates=1 total_loss=0.02849080227315426 views=2
2026-10-08 11:38:35.168 | INFO     | __main__:<module>:531 - METHOD_BATCH epoch=244 step=100 adv_kd=0.011555099859833717 awp_adv_grad_norm=0.15433059632778168 awp_adv_nat_cos=0.03579344227910042 awp_gamma=0.002 awp_mix_adv_cos=0.8554530143737793 awp_mix_grad_norm=0.18440645933151245 awp_nat_grad_norm=0.09556171298027039 awp_nat_weight=1.0 awp_relative_norm_max=0.0020000003278255463 clean_ce=0.1488320231437683 clean_ce_term=0.003979668021202087 consistency_term=0.00336173246614635 consistency_weight=0.75 js_raw=0.04482309892773628 lr=0.030504191797736106 nat_kd=0.007739187218248844 pcgrad_conflicts=0 push=0.028431039303541183 push_term=0.0023239529691636562 student_updates=1 teacher_ce=0.4961651414632797 teacher_lr=1.1806563663887756e-05 teacher_margin=0.18686015903949738 teacher_margin_term=0.002114509465172887 teacher_updates=1 temp_adv=1.1418889109110932 temp_nat=3.6271110890886016 temperature_updates=1 total_loss=0.031074151396751404 views=2
2026-10-08 11:40:06.036 | INFO     | __main__:<module>:531 - METHOD_BATCH epoch=244 step=200 adv_kd=0.009878920391201973 awp_adv_grad_norm=0.14021509885787964 awp_adv_nat_cos=0.06301732361316681 awp_gamma=0.002 awp_mix_adv_cos=0.8573687076568604 awp_mix_grad_norm=0.16998471319675446 awp_nat_grad_norm=0.087665855884552 awp_nat_weight=1.0 awp_relative_norm_max=0.0020000003278255463 clean_ce=0.1438365876674652 clean_ce_term=0.0038460937794297934 consistency_term=0.001908553414978087 consistency_weight=0.75 js_raw=0.025447379797697067 lr=0.030504191797736106 nat_kd=0.0069059813395142555 pcgrad_conflicts=0 push=0.0297960564494133 push_term=0.0024355296045541763 student_updates=1 teacher_ce=0.48001469671726227 teacher_lr=1.1806563663887756e-05 teacher_margin=0.1912875920534134 teacher_margin_term=0.00216461019590497 teacher_updates=1 temp_adv=1.1418889109110932 temp_nat=3.6271110890886016 temperature_updates=1 total_loss=0.02713968977332115 views=2
2026-10-08 11:41:36.626 | INFO     | __main__:<module>:531 - METHOD_BATCH epoch=244 step=300 adv_kd=0.011595873162150383 awp_adv_grad_norm=0.15304923057556152 awp_adv_nat_cos=0.13615255057811737 awp_gamma=0.002 awp_mix_adv_cos=0.7518335580825806 awp_mix_grad_norm=0.2314659059047699 awp_nat_grad_norm=0.1540522575378418 awp_nat_weight=1.0 awp_relative_norm_max=0.0020000003278255463 clean_ce=0.12423387169837952 clean_ce_term=0.003321930067613721 consistency_term=0.001564808189868927 consistency_weight=0.75 js_raw=0.020864110440015793 lr=0.030504191797736106 nat_kd=0.010548878461122513 pcgrad_conflicts=1 push=0.01454717293381691 push_term=0.0011890858877450228 student_updates=1 teacher_ce=0.570392906665802 teacher_lr=1.1806563663887756e-05 teacher_margin=0.21384844183921814 teacher_margin_term=0.0024199089966714382 teacher_updates=1 temp_adv=1.1418889109110932 temp_nat=3.6271110890886016 temperature_updates=1 total_loss=0.030640484765172005 views=2
2026-10-08 11:42:58.463 | INFO     | __main__:<module>:1016 - TRAIN_EPOCH_RESOURCE epoch=244 seconds=355.6547842938453 peak_allocated_bytes=3885782016
2026-10-08 11:42:58.464 | INFO     | __main__:<module>:516 - METHOD epoch=245 views=2 awp_gamma=0.002 consistency_weight=0.75 awp_nat_weight=1.0
2026-10-08 11:42:58.464 | INFO     | __main__:<module>:519 - the 245th epoch 
2026-10-08 11:42:59.423 | INFO     | __main__:<module>:531 - METHOD_BATCH epoch=245 step=0 adv_kd=0.010267633944749832 awp_adv_grad_norm=0.14394623041152954 awp_adv_nat_cos=0.04570349305868149 awp_gamma=0.002 awp_mix_adv_cos=0.8292129635810852 awp_mix_grad_norm=0.17911754548549652 awp_nat_grad_norm=0.10021938383579254 awp_nat_weight=1.0 awp_relative_norm_max=0.0020000003278255463 clean_ce=0.1538165807723999 clean_ce_term=0.004160777200013399 consistency_term=0.0027889900375157595 consistency_weight=0.75 js_raw=0.03718653321266174 lr=0.02954442389087664 nat_kd=0.007114786189049482 pcgrad_conflicts=0 push=0.03315997123718262 push_term=0.002710496075451374 student_updates=1 teacher_ce=0.4936193823814392 teacher_lr=1.140473992127705e-05 teacher_margin=0.18097004294395447 teacher_margin_term=0.0020478570368140936 teacher_updates=1 temp_adv=1.1418889109110932 temp_nat=3.6271110890886016 temperature_updates=1 total_loss=0.02909054234623909 views=2
2026-10-08 11:44:30.480 | INFO     | __main__:<module>:531 - METHOD_BATCH epoch=245 step=100 adv_kd=0.007395956665277481 awp_adv_grad_norm=0.10578244924545288 awp_adv_nat_cos=-0.009513062424957752 awp_gamma=0.002 awp_mix_adv_cos=0.7315136194229126 awp_mix_grad_norm=0.14333662390708923 awp_nat_grad_norm=0.09773516654968262 awp_nat_weight=1.0 awp_relative_norm_max=0.0020000003278255463 clean_ce=0.14206214249134064 clean_ce_term=0.0038428164552897215 consistency_term=0.0018439440755173564 consistency_weight=0.75 js_raw=0.024585919454693794 lr=0.02954442389087664 nat_kd=0.008563617244362831 pcgrad_conflicts=1 push=0.02425161562860012 push_term=0.0019823270849883556 student_updates=1 teacher_ce=0.5911903977394104 teacher_lr=1.140473992127705e-05 teacher_margin=0.14027079939842224 teacher_margin_term=0.0015873042866587639 teacher_updates=1 temp_adv=1.1418889109110932 temp_nat=3.6271110890886016 temperature_updates=1 total_loss=0.02521596848964691 views=2
2026-10-08 11:46:01.430 | INFO     | __main__:<module>:531 - METHOD_BATCH epoch=245 step=200 adv_kd=0.014077441766858101 awp_adv_grad_norm=0.1812455654144287 awp_adv_nat_cos=0.07862269133329391 awp_gamma=0.002 awp_mix_adv_cos=0.8996086120605469 awp_mix_grad_norm=0.20949183404445648 awp_nat_grad_norm=0.0917685404419899 awp_nat_weight=1.0 awp_relative_norm_max=0.0020000003278255463 clean_ce=0.13330811262130737 clean_ce_term=0.0036060174461454153 consistency_term=0.0020556598901748657 consistency_weight=0.75 js_raw=0.027408797293901443 lr=0.02954442389087664 nat_kd=0.00792239885777235 pcgrad_conflicts=0 push=0.022575080394744873 push_term=0.00184528692625463 student_updates=1 teacher_ce=0.4577066898345947 teacher_lr=1.140473992127705e-05 teacher_margin=0.24782684445381165 teacher_margin_term=0.0028044083155691624 teacher_updates=1 temp_adv=1.1418889109110932 temp_nat=3.6271110890886016 temperature_updates=1 total_loss=0.03231121227145195 views=2
2026-10-08 11:47:32.097 | INFO     | __main__:<module>:531 - METHOD_BATCH epoch=245 step=300 adv_kd=0.012371191754937172 awp_adv_grad_norm=0.16730210185050964 awp_adv_nat_cos=0.05902289226651192 awp_gamma=0.002 awp_mix_adv_cos=0.8608592748641968 awp_mix_grad_norm=0.2013811618089676 awp_nat_grad_norm=0.10265038907527924 awp_nat_weight=1.0 awp_relative_norm_max=0.0020000003278255463 clean_ce=0.13882306218147278 clean_ce_term=0.0037551987916231155 consistency_term=0.0021318811923265457 consistency_weight=0.75 js_raw=0.028425082564353943 lr=0.02954442389087664 nat_kd=0.008098042570054531 pcgrad_conflicts=0 push=0.025877177715301514 push_term=0.0021152005065232515 student_updates=1 teacher_ce=0.5089421272277832 teacher_lr=1.140473992127705e-05 teacher_margin=0.22233498096466064 teacher_margin_term=0.0025159423239529133 teacher_updates=1 temp_adv=1.1418889109110932 temp_nat=3.6271110890886016 temperature_updates=1 total_loss=0.030987456440925598 views=2
2026-10-08 11:48:53.350 | INFO     | __main__:<module>:1016 - TRAIN_EPOCH_RESOURCE epoch=245 seconds=354.8845673070755 peak_allocated_bytes=3885782016
2026-10-08 11:48:53.352 | INFO     | __main__:<module>:516 - METHOD epoch=246 views=2 awp_gamma=0.002 consistency_weight=0.75 awp_nat_weight=1.0
2026-10-08 11:48:53.352 | INFO     | __main__:<module>:519 - the 246th epoch 
2026-10-08 11:48:54.302 | INFO     | __main__:<module>:531 - METHOD_BATCH epoch=246 step=0 adv_kd=0.009258117526769638 awp_adv_grad_norm=0.12044590711593628 awp_adv_nat_cos=0.01465554628521204 awp_gamma=0.002 awp_mix_adv_cos=0.8485307097434998 awp_mix_grad_norm=0.143255814909935 awp_nat_grad_norm=0.07581139355897903 awp_nat_weight=1.0 awp_relative_norm_max=0.0020000003278255463 clean_ce=0.13365492224693298 clean_ce_term=0.003656955435872078 consistency_term=0.0015016430988907814 consistency_weight=0.75 js_raw=0.02002190798521042 lr=0.028593675537782214 nat_kd=0.006461557932198048 pcgrad_conflicts=0 push=0.02237296663224697 push_term=0.001828766311518848 student_updates=1 teacher_ce=0.48290321230888367 teacher_lr=1.1009008999276551e-05 teacher_margin=0.12399455904960632 teacher_margin_term=0.0014031223254278302 teacher_updates=1 temp_adv=1.1418889109110932 temp_nat=3.6271110890886016 temperature_updates=1 total_loss=0.024110160768032074 views=2
2026-10-08 11:50:24.025 | INFO     | __main__:<module>:531 - METHOD_BATCH epoch=246 step=100 adv_kd=0.010541258379817009 awp_adv_grad_norm=0.14413098990917206 awp_adv_nat_cos=-0.00630737142637372 awp_gamma=0.002 awp_mix_adv_cos=0.8403258919715881 awp_mix_grad_norm=0.1708229035139084 awp_nat_grad_norm=0.09260179847478867 awp_nat_weight=1.0 awp_relative_norm_max=0.0020000003278255463 clean_ce=0.1375150978565216 clean_ce_term=0.003762574400752783 consistency_term=0.001662348280660808 consistency_weight=0.75 js_raw=0.022164642810821533 lr=0.028593675537782214 nat_kd=0.007030622102320194 pcgrad_conflicts=0 push=0.021796131506562233 push_term=0.0017816157778725028 student_updates=1 teacher_ce=0.4939340502023697 teacher_lr=1.1009008999276551e-05 teacher_margin=0.17117495834827423 teacher_margin_term=0.0019370157970115542 teacher_updates=1 temp_adv=1.1418889109110932 temp_nat=3.6271110890886016 temperature_updates=1 total_loss=0.026715435087680817 views=2
2026-10-08 11:51:53.690 | INFO     | __main__:<module>:531 - METHOD_BATCH epoch=246 step=200 adv_kd=0.009679587557911873 awp_adv_grad_norm=0.13716374337673187 awp_adv_nat_cos=-0.06407226622104645 awp_gamma=0.002 awp_mix_adv_cos=0.8089836239814758 awp_mix_grad_norm=0.16199329495429993 awp_nat_grad_norm=0.09542078524827957 awp_nat_weight=1.0 awp_relative_norm_max=0.0020000003278255463 clean_ce=0.13187897205352783 clean_ce_term=0.003608363214880228 consistency_term=0.002008319366723299 consistency_weight=0.75 js_raw=0.026777591556310654 lr=0.028593675537782214 nat_kd=0.007813189178705215 pcgrad_conflicts=0 push=0.02510719560086727 push_term=0.002052261959761381 student_updates=1 teacher_ce=0.5573427677154541 teacher_lr=1.1009008999276551e-05 teacher_margin=0.1848565936088562 teacher_margin_term=0.002091837115585804 teacher_updates=1 temp_adv=1.1418889109110932 temp_nat=3.6271110890886016 temperature_updates=1 total_loss=0.02725355699658394 views=2
2026-10-08 11:53:23.342 | INFO     | __main__:<module>:531 - METHOD_BATCH epoch=246 step=300 adv_kd=0.010089237242937088 awp_adv_grad_norm=0.1431170552968979 awp_adv_nat_cos=-0.09933093935251236 awp_gamma=0.002 awp_mix_adv_cos=0.8709295392036438 awp_mix_grad_norm=0.15556471049785614 awp_nat_grad_norm=0.07682570070028305 awp_nat_weight=1.0 awp_relative_norm_max=0.0020000003278255463 clean_ce=0.14316722750663757 clean_ce_term=0.00391722284257412 consistency_term=0.0025651680771261454 consistency_weight=0.75 js_raw=0.03420224040746689 lr=0.028593675537782214 nat_kd=0.005776197649538517 pcgrad_conflicts=0 push=0.020270010456442833 push_term=0.0016568705905228853 student_updates=1 teacher_ce=0.48573246598243713 teacher_lr=1.1009008999276551e-05 teacher_margin=0.16857962310314178 teacher_margin_term=0.0019076468888670206 teacher_updates=1 temp_adv=1.1418889109110932 temp_nat=3.6271110890886016 temperature_updates=1 total_loss=0.025912342593073845 views=2
2026-10-08 11:54:43.726 | INFO     | __main__:<module>:1016 - TRAIN_EPOCH_RESOURCE epoch=246 seconds=350.37376725301147 peak_allocated_bytes=3885782016
2026-10-08 11:54:43.726 | INFO     | __main__:<module>:516 - METHOD epoch=247 views=2 awp_gamma=0.002 consistency_weight=0.75 awp_nat_weight=1.0
2026-10-08 11:54:43.726 | INFO     | __main__:<module>:519 - the 247th epoch 
2026-10-08 11:54:44.674 | INFO     | __main__:<module>:531 - METHOD_BATCH epoch=247 step=0 adv_kd=0.008865142241120338 awp_adv_grad_norm=0.12547872960567474 awp_adv_nat_cos=0.08892595022916794 awp_gamma=0.002 awp_mix_adv_cos=0.7465134859085083 awp_mix_grad_norm=0.18261827528476715 awp_nat_grad_norm=0.1219920888543129 awp_nat_weight=1.0 awp_relative_norm_max=0.0020000003278255463 clean_ce=0.1513458788394928 clean_ce_term=0.004188057500869036 consistency_term=0.0012799127725884318 consistency_weight=0.75 js_raw=0.01706550270318985 lr=0.02765236288465644 nat_kd=0.008844783529639244 pcgrad_conflicts=0 push=0.02082861214876175 push_term=0.001702530775219202 student_updates=1 teacher_ce=0.5270464420318604 teacher_lr=1.0619432512243703e-05 teacher_margin=0.15422716736793518 teacher_margin_term=0.001745234476402402 teacher_updates=1 temp_adv=1.1418889109110932 temp_nat=3.6271110890886016 temperature_updates=1 total_loss=0.026625661179423332 views=2
2026-10-08 11:56:14.480 | INFO     | __main__:<module>:531 - METHOD_BATCH epoch=247 step=100 adv_kd=0.009076114743947983 awp_adv_grad_norm=0.13131418824195862 awp_adv_nat_cos=-0.018740590661764145 awp_gamma=0.002 awp_mix_adv_cos=0.8140122294425964 awp_mix_grad_norm=0.15918810665607452 awp_nat_grad_norm=0.09248032420873642 awp_nat_weight=1.0 awp_relative_norm_max=0.0020000003278255463 clean_ce=0.14674155414104462 clean_ce_term=0.004060646519064903 consistency_term=0.002775677014142275 consistency_weight=0.75 js_raw=0.03700902685523033 lr=0.02765236288465644 nat_kd=0.007897207513451576 pcgrad_conflicts=0 push=0.03336094692349434 push_term=0.0027269236743450165 student_updates=1 teacher_ce=0.5090361535549164 teacher_lr=1.0619432512243703e-05 teacher_margin=0.1774936318397522 teacher_margin_term=0.0020085179712623358 teacher_updates=1 temp_adv=1.1418889109110932 temp_nat=3.6271110890886016 temperature_updates=1 total_loss=0.028545085340738297 views=2
2026-10-08 11:57:44.162 | INFO     | __main__:<module>:531 - METHOD_BATCH epoch=247 step=200 adv_kd=0.007919925265014172 awp_adv_grad_norm=0.1174672469496727 awp_adv_nat_cos=-0.03004337288439274 awp_gamma=0.002 awp_mix_adv_cos=0.7465847730636597 awp_mix_grad_norm=0.15323521196842194 awp_nat_grad_norm=0.10199194401502609 awp_nat_weight=1.0 awp_relative_norm_max=0.0020000003278255463 clean_ce=0.14413417875766754 clean_ce_term=0.003988494630903006 consistency_term=0.002001283224672079 consistency_weight=0.75 js_raw=0.026683775708079338 lr=0.02765236288465644 nat_kd=0.007840311154723167 pcgrad_conflicts=0 push=0.025867152959108353 push_term=0.0021143811754882336 student_updates=1 teacher_ce=0.5784986019134521 teacher_lr=1.0619432512243703e-05 teacher_margin=0.1265888810157776 teacher_margin_term=0.0014324798248708248 teacher_updates=1 temp_adv=1.1418889109110932 temp_nat=3.6271110890886016 temperature_updates=1 total_loss=0.025296876206994057 views=2
2026-10-08 11:59:13.800 | INFO     | __main__:<module>:531 - METHOD_BATCH epoch=247 step=300 adv_kd=0.008592694066464901 awp_adv_grad_norm=0.12325339764356613 awp_adv_nat_cos=0.004798939451575279 awp_gamma=0.002 awp_mix_adv_cos=0.8079885244369507 awp_mix_grad_norm=0.15307919681072235 awp_nat_grad_norm=0.09019500762224197 awp_nat_weight=1.0 awp_relative_norm_max=0.0020000003278255463 clean_ce=0.1537500023841858 clean_ce_term=0.004254584666341543 consistency_term=0.0016987783601507545 consistency_weight=0.75 js_raw=0.022650377824902534 lr=0.02765236288465644 nat_kd=0.0068888189271092415 pcgrad_conflicts=0 push=0.0234841275960207 push_term=0.001919592497870326 student_updates=1 teacher_ce=0.5000972151756287 teacher_lr=1.0619432512243703e-05 teacher_margin=0.15847866237163544 teacher_margin_term=0.0017933445051312447 teacher_updates=1 temp_adv=1.1418889109110932 temp_nat=3.6271110890886016 temperature_updates=1 total_loss=0.02514781430363655 views=2
2026-10-08 12:00:34.192 | INFO     | __main__:<module>:1016 - TRAIN_EPOCH_RESOURCE epoch=247 seconds=350.46520012710243 peak_allocated_bytes=3885782016
2026-10-08 12:00:34.192 | INFO     | __main__:<module>:516 - METHOD epoch=248 views=2 awp_gamma=0.002 consistency_weight=0.75 awp_nat_weight=1.0
2026-10-08 12:00:34.192 | INFO     | __main__:<module>:519 - the 248th epoch 
2026-10-08 12:00:35.140 | INFO     | __main__:<module>:531 - METHOD_BATCH epoch=248 step=0 adv_kd=0.008284402079880238 awp_adv_grad_norm=0.11507178097963333 awp_adv_nat_cos=-0.07217685878276825 awp_gamma=0.002 awp_mix_adv_cos=0.7461241483688354 awp_mix_grad_norm=0.14487090706825256 awp_nat_grad_norm=0.096708282828331 awp_nat_weight=1.0 awp_relative_norm_max=0.0020000003278255463 clean_ce=0.140065997838974 clean_ce_term=0.003919469192624092 consistency_term=0.0019711116328835487 consistency_weight=0.75 js_raw=0.026281489059329033 lr=0.0267208978072214 nat_kd=0.007692469283938408 pcgrad_conflicts=0 push=0.01545163057744503 push_term=0.0012630162527784705 student_updates=1 teacher_ce=0.5592749118804932 teacher_lr=1.0236071082690776e-05 teacher_margin=0.1434427797794342 teacher_margin_term=0.001623198390007019 teacher_updates=1 temp_adv=1.1418889109110932 temp_nat=3.6271110890886016 temperature_updates=1 total_loss=0.024753667414188385 views=2
2026-10-08 12:02:04.791 | INFO     | __main__:<module>:531 - METHOD_BATCH epoch=248 step=100 adv_kd=0.009010935202240944 awp_adv_grad_norm=0.1278141885995865 awp_adv_nat_cos=0.01840723119676113 awp_gamma=0.002 awp_mix_adv_cos=0.8475284576416016 awp_mix_grad_norm=0.15256713330745697 awp_nat_grad_norm=0.08098874986171722 awp_nat_weight=1.0 awp_relative_norm_max=0.0020000000949949026 clean_ce=0.13684609532356262 clean_ce_term=0.0038293669931590557 consistency_term=0.002145263133570552 consistency_weight=0.75 js_raw=0.028603509068489075 lr=0.0267208978072214 nat_kd=0.006483049597591162 pcgrad_conflicts=0 push=0.023194361478090286 push_term=0.0018959071021527052 student_updates=1 teacher_ce=0.5979897677898407 teacher_lr=1.0236071082690776e-05 teacher_margin=0.16404323279857635 teacher_margin_term=0.0018563130870461464 teacher_updates=1 temp_adv=1.1418889109110932 temp_nat=3.6271110890886016 temperature_updates=1 total_loss=0.025220835581421852 views=2
2026-10-08 12:03:34.673 | INFO     | __main__:<module>:531 - METHOD_BATCH epoch=248 step=200 adv_kd=0.009627362713217735 awp_adv_grad_norm=0.14194200932979584 awp_adv_nat_cos=-0.021526897326111794 awp_gamma=0.002 awp_mix_adv_cos=0.836840033531189 awp_mix_grad_norm=0.16726064682006836 awp_nat_grad_norm=0.09158765524625778 awp_nat_weight=1.0 awp_relative_norm_max=0.0020000003278255463 clean_ce=0.15107688307762146 clean_ce_term=0.004227587021887302 consistency_term=0.0020081668626517057 consistency_weight=0.75 js_raw=0.026775557547807693 lr=0.0267208978072214 nat_kd=0.007945947349071503 pcgrad_conflicts=0 push=0.029732907190918922 push_term=0.00243036774918437 student_updates=1 teacher_ce=0.533357709646225 teacher_lr=1.0236071082690776e-05 teacher_margin=0.18752756714820862 teacher_margin_term=0.0021220617927610874 teacher_updates=1 temp_adv=1.1418889109110932 temp_nat=3.6271110890886016 temperature_updates=1 total_loss=0.028361491858959198 views=2
2026-10-08 12:05:04.635 | INFO     | __main__:<module>:531 - METHOD_BATCH epoch=248 step=300 adv_kd=0.011271350085735321 awp_adv_grad_norm=0.1507422924041748 awp_adv_nat_cos=-0.04282813146710396 awp_gamma=0.002 awp_mix_adv_cos=0.8550559878349304 awp_mix_grad_norm=0.17182831466197968 awp_nat_grad_norm=0.08918092399835587 awp_nat_weight=1.0 awp_relative_norm_max=0.0020000000949949026 clean_ce=0.1234007477760315 clean_ce_term=0.0034531252458691597 consistency_term=0.0018766660941764712 consistency_weight=0.75 js_raw=0.025022214278578758 lr=0.0267208978072214 nat_kd=0.0071308789774775505 pcgrad_conflicts=0 push=0.03126706928014755 push_term=0.0025557703338563442 student_updates=1 teacher_ce=0.6061486303806305 teacher_lr=1.0236071082690776e-05 teacher_margin=0.21506880223751068 teacher_margin_term=0.0024337186478078365 teacher_updates=1 temp_adv=1.1418889109110932 temp_nat=3.6271110890886016 temperature_updates=1 total_loss=0.028721509501338005 views=2
2026-10-08 12:06:25.086 | INFO     | __main__:<module>:1016 - TRAIN_EPOCH_RESOURCE epoch=248 seconds=350.8933226040099 peak_allocated_bytes=3885782016
2026-10-08 12:06:25.086 | INFO     | __main__:<module>:516 - METHOD epoch=249 views=2 awp_gamma=0.002 consistency_weight=0.75 awp_nat_weight=1.0
2026-10-08 12:06:25.086 | INFO     | __main__:<module>:519 - the 249th epoch 
2026-10-08 12:06:26.036 | INFO     | __main__:<module>:531 - METHOD_BATCH epoch=249 step=0 adv_kd=0.008182581514120102 awp_adv_grad_norm=0.11658264696598053 awp_adv_nat_cos=0.073119156062603 awp_gamma=0.002 awp_mix_adv_cos=0.7468870282173157 awp_mix_grad_norm=0.16699132323265076 awp_nat_grad_norm=0.11133905500173569 awp_nat_weight=1.0 awp_relative_norm_max=0.0020000003278255463 clean_ce=0.15020430088043213 clean_ce_term=0.004249871708452702 consistency_term=0.0024786600843071938 consistency_weight=0.75 js_raw=0.03304880112409592 lr=0.02579968772824318 nat_kd=0.007457657251507044 pcgrad_conflicts=0 push=0.028242681175470352 push_term=0.0023085568100214005 student_updates=1 teacher_ce=0.5663032233715057 teacher_lr=9.85898433170128e-06 teacher_margin=0.16670851409435272 teacher_margin_term=0.0018864735029637814 teacher_updates=1 temp_adv=1.1418889109110932 temp_nat=3.6271110890886016 temperature_updates=1 total_loss=0.026563800871372223 views=2
2026-10-08 12:07:55.769 | INFO     | __main__:<module>:531 - METHOD_BATCH epoch=249 step=100 adv_kd=0.008660513907670975 awp_adv_grad_norm=0.12817378342151642 awp_adv_nat_cos=0.0013396142749115825 awp_gamma=0.002 awp_mix_adv_cos=0.8040013313293457 awp_mix_grad_norm=0.15957798063755035 awp_nat_grad_norm=0.0948895663022995 awp_nat_weight=1.0 awp_relative_norm_max=0.0020000003278255463 clean_ce=0.14147686958312988 clean_ce_term=0.00400293804705143 consistency_term=0.001597559079527855 consistency_weight=0.75 js_raw=0.02130078710615635 lr=0.02579968772824318 nat_kd=0.007891489192843437 pcgrad_conflicts=0 push=0.02371007576584816 push_term=0.0019380615558475256 student_updates=1 teacher_ce=0.5264351665973663 teacher_lr=9.85898433170128e-06 teacher_margin=0.14285039901733398 teacher_margin_term=0.0016164949629455805 teacher_updates=1 temp_adv=1.1418889109110932 temp_nat=3.6271110890886016 temperature_updates=1 total_loss=0.025707056745886803 views=2
2026-10-08 12:09:25.324 | INFO     | __main__:<module>:531 - METHOD_BATCH epoch=249 step=200 adv_kd=0.008548418059945107 awp_adv_grad_norm=0.11877155303955078 awp_adv_nat_cos=0.01732254959642887 awp_gamma=0.002 awp_mix_adv_cos=0.8172325491905212 awp_mix_grad_norm=0.14713145792484283 awp_nat_grad_norm=0.08480579406023026 awp_nat_weight=1.0 awp_relative_norm_max=0.0020000003278255463 clean_ce=0.1450769007205963 clean_ce_term=0.004104796797037125 consistency_term=0.0014845493715256453 consistency_weight=0.75 js_raw=0.01979399099946022 lr=0.02579968772824318 nat_kd=0.006550333462655544 pcgrad_conflicts=0 push=0.02271420508623123 push_term=0.0018566591897979379 student_updates=1 teacher_ce=0.5063749849796295 teacher_lr=9.85898433170128e-06 teacher_margin=0.16061747074127197 teacher_margin_term=0.0018175472505390644 teacher_updates=1 temp_adv=1.1418889109110932 temp_nat=3.6271110890886016 temperature_updates=1 total_loss=0.02436230145394802 views=2
2026-10-08 12:10:54.926 | INFO     | __main__:<module>:531 - METHOD_BATCH epoch=249 step=300 adv_kd=0.007475969847291708 awp_adv_grad_norm=0.10835611820220947 awp_adv_nat_cos=0.06682571023702621 awp_gamma=0.002 awp_mix_adv_cos=0.8109555840492249 awp_mix_grad_norm=0.14039990305900574 awp_nat_grad_norm=0.08233311772346497 awp_nat_weight=1.0 awp_relative_norm_max=0.0020000003278255463 clean_ce=0.15269461274147034 clean_ce_term=0.00432033184915781 consistency_term=0.0011988416081294417 consistency_weight=0.75 js_raw=0.01598455384373665 lr=0.02579968772824318 nat_kd=0.006360528990626335 pcgrad_conflicts=0 push=0.02054048702120781 push_term=0.0016789792571216822 student_updates=1 teacher_ce=0.4809029549360275 teacher_lr=9.85898433170128e-06 teacher_margin=0.10901955515146255 teacher_margin_term=0.0012336652725934982 teacher_updates=1 temp_adv=1.1418889109110932 temp_nat=3.6271110890886016 temperature_updates=1 total_loss=0.02226831577718258 views=2
2026-10-08 12:12:15.173 | INFO     | __main__:<module>:1016 - TRAIN_EPOCH_RESOURCE epoch=249 seconds=350.08624495286494 peak_allocated_bytes=3885782016
2026-10-08 12:12:15.173 | INFO     | __main__:<module>:516 - METHOD epoch=250 views=2 awp_gamma=0.002 consistency_weight=0.75 awp_nat_weight=1.0
2026-10-08 12:12:15.173 | INFO     | __main__:<module>:519 - the 250th epoch 
2026-10-08 12:12:16.118 | INFO     | __main__:<module>:531 - METHOD_BATCH epoch=250 step=0 adv_kd=0.00853742379695177 awp_adv_grad_norm=0.12319353222846985 awp_adv_nat_cos=0.008449890650808811 awp_gamma=0.002 awp_mix_adv_cos=0.833379328250885 awp_mix_grad_norm=0.1486571729183197 awp_nat_grad_norm=0.08216595649719238 awp_nat_weight=1.0 awp_relative_norm_max=0.0020000000949949026 clean_ce=0.1471693515777588 clean_ce_term=0.004209759179502726 consistency_term=0.0024325468111783266 consistency_weight=0.75 js_raw=0.03243395686149597 lr=0.024889135437077315 nat_kd=0.0063432189635932446 pcgrad_conflicts=0 push=0.01989174261689186 push_term=0.001625951030291617 student_updates=1 teacher_ce=0.5344381630420685 teacher_lr=9.48823086950831e-06 teacher_margin=0.11660829931497574 teacher_margin_term=0.001319539500400424 teacher_updates=1 temp_adv=1.1418889109110932 temp_nat=3.6271110890886016 temperature_updates=1 total_loss=0.0244684386998415 views=2
2026-10-08 12:13:45.568 | INFO     | __main__:<module>:531 - METHOD_BATCH epoch=250 step=100 adv_kd=0.00906386785209179 awp_adv_grad_norm=0.12689664959907532 awp_adv_nat_cos=0.04988311231136322 awp_gamma=0.002 awp_mix_adv_cos=0.829188883304596 awp_mix_grad_norm=0.15836921334266663 awp_nat_grad_norm=0.08863376080989838 awp_nat_weight=1.0 awp_relative_norm_max=0.0020000003278255463 clean_ce=0.14497104287147522 clean_ce_term=0.004146876744925976 consistency_term=0.0020278734154999256 consistency_weight=0.75 js_raw=0.02703830972313881 lr=0.024889135437077315 nat_kd=0.007454069796949625 pcgrad_conflicts=0 push=0.019327014684677124 push_term=0.0015797901432961226 student_updates=1 teacher_ce=0.5125111639499664 teacher_lr=9.48823086950831e-06 teacher_margin=0.12078990042209625 teacher_margin_term=0.0013668584870174527 teacher_updates=1 temp_adv=1.1418889109110932 temp_nat=3.6271110890886016 temperature_updates=1 total_loss=0.025639336556196213 views=2
2026-10-08 12:15:14.968 | INFO     | __main__:<module>:531 - METHOD_BATCH epoch=250 step=200 adv_kd=0.009240851737558842 awp_adv_grad_norm=0.1405036598443985 awp_adv_nat_cos=0.0329730249941349 awp_gamma=0.002 awp_mix_adv_cos=0.857731819152832 awp_mix_grad_norm=0.167112797498703 awp_nat_grad_norm=0.08595896512269974 awp_nat_weight=1.0 awp_relative_norm_max=0.0020000003278255463 clean_ce=0.1349397599697113 clean_ce_term=0.0038599332328885794 consistency_term=0.0028682700358331203 consistency_weight=0.75 js_raw=0.038243599236011505 lr=0.024889135437077315 nat_kd=0.0067376140505075455 pcgrad_conflicts=0 push=0.022559624165296555 push_term=0.0018440235871821642 student_updates=1 teacher_ce=0.5596571862697601 teacher_lr=9.48823086950831e-06 teacher_margin=0.15077467262744904 teacher_margin_term=0.0017061661928892136 teacher_updates=1 temp_adv=1.1418889109110932 temp_nat=3.6271110890886016 temperature_updates=1 total_loss=0.026256859302520752 views=2
2026-10-08 12:16:44.404 | INFO     | __main__:<module>:531 - METHOD_BATCH epoch=250 step=300 adv_kd=0.00929317157715559 awp_adv_grad_norm=0.13916413486003876 awp_adv_nat_cos=0.03314567357301712 awp_gamma=0.002 awp_mix_adv_cos=0.7731413841247559 awp_mix_grad_norm=0.1850321739912033 awp_nat_grad_norm=0.11741814762353897 awp_nat_weight=1.0 awp_relative_norm_max=0.0020000003278255463 clean_ce=0.14450636506080627 clean_ce_term=0.004133584909141064 consistency_term=0.0026033769827336073 consistency_weight=0.75 js_raw=0.03471169248223305 lr=0.024889135437077315 nat_kd=0.009390605613589287 pcgrad_conflicts=0 push=0.031010828912258148 push_term=0.002534824889153242 student_updates=1 teacher_ce=0.5646245181560516 teacher_lr=9.48823086950831e-06 teacher_margin=0.17073577642440796 teacher_margin_term=0.0019320459105074406 teacher_updates=1 temp_adv=1.1418889109110932 temp_nat=3.6271110890886016 temperature_updates=1 total_loss=0.02988760732114315 views=2
2026-10-08 12:18:04.611 | INFO     | __main__:<module>:1016 - TRAIN_EPOCH_RESOURCE epoch=250 seconds=349.43753467989154 peak_allocated_bytes=3885782016
2026-10-08 12:18:04.611 | INFO     | __main__:<module>:516 - METHOD epoch=251 views=2 awp_gamma=0.002 consistency_weight=0.75 awp_nat_weight=1.0
2026-10-08 12:18:04.611 | INFO     | __main__:<module>:519 - the 251th epoch 
2026-10-08 12:18:05.558 | INFO     | __main__:<module>:531 - METHOD_BATCH epoch=251 step=0 adv_kd=0.00817522220313549 awp_adv_grad_norm=0.11276844888925552 awp_adv_nat_cos=0.01475523877888918 awp_gamma=0.002 awp_mix_adv_cos=0.7858901023864746 awp_mix_grad_norm=0.14517708122730255 awp_nat_grad_norm=0.08978237956762314 awp_nat_weight=1.0 awp_relative_norm_max=0.0020000003278255463 clean_ce=0.14149227738380432 clean_ce_term=0.004091360606253147 consistency_term=0.001998859690502286 consistency_weight=0.75 js_raw=0.02665146067738533 lr=0.023989638911314483 nat_kd=0.006899425759911537 pcgrad_conflicts=2 push=0.023942165076732635 push_term=0.001957032596692443 student_updates=1 teacher_ce=0.5298615992069244 teacher_lr=9.12386828623678e-06 teacher_margin=0.14467865228652954 teacher_margin_term=0.0016371834790334105 teacher_updates=1 temp_adv=1.1418889109110932 temp_nat=3.6271110890886016 temperature_updates=1 total_loss=0.02475908398628235 views=2
2026-10-08 12:19:35.036 | INFO     | __main__:<module>:531 - METHOD_BATCH epoch=251 step=100 adv_kd=0.007593545131385326 awp_adv_grad_norm=0.10344062745571136 awp_adv_nat_cos=0.01884462870657444 awp_gamma=0.002 awp_mix_adv_cos=0.7484152317047119 awp_mix_grad_norm=0.14056065678596497 awp_nat_grad_norm=0.09324068576097488 awp_nat_weight=1.0 awp_relative_norm_max=0.0020000003278255463 clean_ce=0.1385243535041809 clean_ce_term=0.004005540162324905 consistency_term=0.001814714982174337 consistency_weight=0.75 js_raw=0.02419620007276535 lr=0.023989638911314483 nat_kd=0.006750013679265976 pcgrad_conflicts=1 push=0.010963265784084797 push_term=0.0008961373241618276 student_updates=1 teacher_ce=0.6493367850780487 teacher_lr=9.12386828623678e-06 teacher_margin=0.10125602036714554 teacher_margin_term=0.0011458131484687328 teacher_updates=1 temp_adv=1.1418889109110932 temp_nat=3.6271110890886016 temperature_updates=1 total_loss=0.022205766290426254 views=2
2026-10-08 12:21:04.524 | INFO     | __main__:<module>:531 - METHOD_BATCH epoch=251 step=200 adv_kd=0.009264273568987846 awp_adv_grad_norm=0.1281123012304306 awp_adv_nat_cos=0.0018973570549860597 awp_gamma=0.002 awp_mix_adv_cos=0.8254395127296448 awp_mix_grad_norm=0.1554066240787506 awp_nat_grad_norm=0.08772578090429306 awp_nat_weight=1.0 awp_relative_norm_max=0.0020000003278255463 clean_ce=0.1398034393787384 clean_ce_term=0.0040425267070531845 consistency_term=0.0018150393152609468 consistency_weight=0.75 js_raw=0.024200525134801865 lr=0.023989638911314483 nat_kd=0.006934227421879768 pcgrad_conflicts=0 push=0.018807798624038696 push_term=0.0015373493079096079 student_updates=1 teacher_ce=0.5218172669410706 teacher_lr=9.12386828623678e-06 teacher_margin=0.1601756513118744 teacher_margin_term=0.0018125476781278849 teacher_updates=1 temp_adv=1.1418889109110932 temp_nat=3.6271110890886016 temperature_updates=1 total_loss=0.025405963882803917 views=2
2026-10-08 12:22:34.100 | INFO     | __main__:<module>:531 - METHOD_BATCH epoch=251 step=300 adv_kd=0.00923127867281437 awp_adv_grad_norm=0.13207967579364777 awp_adv_nat_cos=-0.04126783460378647 awp_gamma=0.002 awp_mix_adv_cos=0.786208987236023 awp_mix_grad_norm=0.16271325945854187 awp_nat_grad_norm=0.10063611716032028 awp_nat_weight=1.0 awp_relative_norm_max=0.0020000003278255463 clean_ce=0.14028498530387878 clean_ce_term=0.004056449979543686 consistency_term=0.002512696199119091 consistency_weight=0.75 js_raw=0.03350261598825455 lr=0.023989638911314483 nat_kd=0.0079708406701684 pcgrad_conflicts=0 push=0.02456125244498253 push_term=0.002007636707276106 student_updates=1 teacher_ce=0.5216679871082306 teacher_lr=9.12386828623678e-06 teacher_margin=0.14008285105228424 teacher_margin_term=0.0015851774951443076 teacher_updates=1 temp_adv=1.1418889109110932 temp_nat=3.6271110890886016 temperature_updates=1 total_loss=0.027364078909158707 views=2
2026-10-08 12:23:54.482 | INFO     | __main__:<module>:1016 - TRAIN_EPOCH_RESOURCE epoch=251 seconds=349.87009329907596 peak_allocated_bytes=3885782016
2026-10-08 12:23:54.482 | INFO     | __main__:<module>:516 - METHOD epoch=252 views=2 awp_gamma=0.002 consistency_weight=0.75 awp_nat_weight=1.0
2026-10-08 12:23:54.482 | INFO     | __main__:<module>:519 - the 252th epoch 
2026-10-08 12:23:55.428 | INFO     | __main__:<module>:531 - METHOD_BATCH epoch=252 step=0 adv_kd=0.009335811249911785 awp_adv_grad_norm=0.14297786355018616 awp_adv_nat_cos=0.03927481174468994 awp_gamma=0.002 awp_mix_adv_cos=0.829179048538208 awp_mix_grad_norm=0.17712640762329102 awp_nat_grad_norm=0.09908714890480042 awp_nat_weight=1.0 awp_relative_norm_max=0.0020000003278255463 clean_ce=0.15129803121089935 clean_ce_term=0.004421943332999945 consistency_term=0.0020139997359365225 consistency_weight=0.75 js_raw=0.026853326708078384 lr=0.02310159114060635 nat_kd=0.007835742086172104 pcgrad_conflicts=0 push=0.027679983526468277 push_term=0.0022625618148595095 student_updates=1 teacher_ce=0.5917166769504547 teacher_lr=8.765953142810843e-06 teacher_margin=0.15078818798065186 teacher_margin_term=0.0017063190462067723 teacher_updates=1 temp_adv=1.1418889109110932 temp_nat=3.6271110890886016 temperature_updates=1 total_loss=0.027576377615332603 views=2
2026-10-08 12:25:24.827 | INFO     | __main__:<module>:531 - METHOD_BATCH epoch=252 step=100 adv_kd=0.00693063298240304 awp_adv_grad_norm=0.10245807468891144 awp_adv_nat_cos=-0.0026381814386695623 awp_gamma=0.002 awp_mix_adv_cos=0.7786658406257629 awp_mix_grad_norm=0.13130243122577667 awp_nat_grad_norm=0.08238452672958374 awp_nat_weight=1.0 awp_relative_norm_max=0.0020000000949949026 clean_ce=0.1424095630645752 clean_ce_term=0.00416216254234314 consistency_term=0.0022716689854860306 consistency_weight=0.75 js_raw=0.030288919806480408 lr=0.02310159114060635 nat_kd=0.006464580073952675 pcgrad_conflicts=0 push=0.027493704110383987 push_term=0.0022473353892564774 student_updates=1 teacher_ce=0.4993800222873688 teacher_lr=8.765953142810843e-06 teacher_margin=0.11558216065168381 teacher_margin_term=0.0013079276541247964 teacher_updates=1 temp_adv=1.1418889109110932 temp_nat=3.6271110890886016 temperature_updates=1 total_loss=0.02338430844247341 views=2
2026-10-08 12:26:54.223 | INFO     | __main__:<module>:531 - METHOD_BATCH epoch=252 step=200 adv_kd=0.007807852700352669 awp_adv_grad_norm=0.11689328402280807 awp_adv_nat_cos=0.01646769419312477 awp_gamma=0.002 awp_mix_adv_cos=0.8008910417556763 awp_mix_grad_norm=0.14777375757694244 awp_nat_grad_norm=0.08850041031837463 awp_nat_weight=1.0 awp_relative_norm_max=0.0020000003278255463 clean_ce=0.14535406231880188 clean_ce_term=0.004248220473527908 consistency_term=0.002249976620078087 consistency_weight=0.75 js_raw=0.029999688267707825 lr=0.02310159114060635 nat_kd=0.006191793829202652 pcgrad_conflicts=0 push=0.033227529376745224 push_term=0.0027160183526575565 student_updates=1 teacher_ce=0.538852870464325 teacher_lr=8.765953142810843e-06 teacher_margin=0.15565937757492065 teacher_margin_term=0.0017614414682611823 teacher_updates=1 temp_adv=1.1418889109110932 temp_nat=3.6271110890886016 temperature_updates=1 total_loss=0.024975305423140526 views=2
2026-10-08 12:28:24.131 | INFO     | __main__:<module>:531 - METHOD_BATCH epoch=252 step=300 adv_kd=0.008561134338378906 awp_adv_grad_norm=0.12546467781066895 awp_adv_nat_cos=0.0012341043911874294 awp_gamma=0.002 awp_mix_adv_cos=0.8128095269203186 awp_mix_grad_norm=0.15449590981006622 awp_nat_grad_norm=0.08999849855899811 awp_nat_weight=1.0 awp_relative_norm_max=0.0020000000949949026 clean_ce=0.12611085176467896 clean_ce_term=0.003685804782435298 consistency_term=0.0016138410428538918 consistency_weight=0.75 js_raw=0.021517880260944366 lr=0.02310159114060635 nat_kd=0.006903156638145447 pcgrad_conflicts=0 push=0.025664005428552628 push_term=0.0020977756939828396 student_updates=1 teacher_ce=0.5688988566398621 teacher_lr=8.765953142810843e-06 teacher_margin=0.15841257572174072 teacher_margin_term=0.0017925966531038284 teacher_updates=1 temp_adv=1.1418889109110932 temp_nat=3.6271110890886016 temperature_updates=1 total_loss=0.02465430647134781 views=2
2026-10-08 12:29:44.447 | INFO     | __main__:<module>:1016 - TRAIN_EPOCH_RESOURCE epoch=252 seconds=349.96449828799814 peak_allocated_bytes=3885782016
TRAINING_STATE epoch=252 fingerprint_sha256=5bd3916c3143b1e3375e92efc78c9c7fac3b1f7c913d4e17623f46d4e1437a4e
FIXED_CHECKPOINT epoch=252 role=ema_student path=./model/Cifar10_ResNet18_1007_r4_awpschedule_v1_C_s1/student_epoch252.pth
TRAINING_FINISHED epoch=252 variant=resnet18_cifar10_c_s1
TRAIN_COMPLETE variant=resnet18_cifar10_c_s1 checkpoint=/mnt/beegfs/home/lixidong25/mycode/CIARD_Expansion/run/1007-cifar10-r4-awpschedule-v1/resnet18_cifar10_c_s1/model/Cifar10_ResNet18_1007_r4_awpschedule_v1_C_s1/student_epoch252.pth checkpoint_sha256=f57b1e8cb3cfd696ed004a2f5766527e2b6dc4734bb0065d3f46ebb41dbc0754
