Files already downloaded and verified
Files already downloaded and verified
2026-07-03 22:14:28.489 | INFO     | __main__:<module>:445 - 
CIARD-Safe+ (IJCV extension)
Default: original CIARD objective + student EMA evaluation/checkpointing.
Strong CIARD++ components remain available through CFG, but are disabled by
default because the latest full-metric run showed systematic regression.
Lr stage decay, epoch = 300 coslr

2026-07-03 22:14:28.490 | INFO     | __main__:<module>:452 - CIARD explicit teacher-margin config: prefix=Cifar10_ResNet18_0703_pcgrad_optuna_transfer, student=ResNet, weight=0.011316, start=120, warmup=89, clean_gate=False, clean_tau=1.0, adv_gate=False, adv_tau=1.0, conflict_floor=0.211797, per_sample_conflict=False, relative=False, relative_eta=0.5 (ignored because teacher_margin_relative=False)
2026-07-03 22:14:28.490 | INFO     | __main__:<module>:458 - CIARD resolved train config:
variant: r18_pcgrad_optuna_transfer
prefix: Cifar10_ResNet18_0703_pcgrad_optuna_transfer
dataset: CIFAR10 train_samples=50000 test_samples=10000
student: ResNet num_classes=10
epochs: 300
batch_size: 128
epsilon: 0.03137254901960784
train_pgd_steps: 10
train_pgd_step_size: 2/255
robust_teacher_checkpoint: models/model_cifar_wrn.pt
natural_teacher_checkpoint: models/nat_teacher_checkpoint/cifar10_resnnet56.pth
USE_CIARDPP: True
CIARD_SAFE_PLUS: True
model_dir: ./model/Cifar10_ResNet18_0703_pcgrad_optuna_transfer
CFG:
  adaptive_weight: False
  adv_ce_weight: 0.0
  adv_margin_kappa: 0.0
  adv_margin_start: 120
  adv_margin_warmup: 80
  adv_margin_weight: 0.0
  adv_weight_floor: 0.35
  attack_teacher_alpha: 0.0
  capacity_aware: False
  capacity_floor: 0.5
  capacity_start: 60
  capacity_xi: 1.0
  ce_start: 158
  ce_warmup: 116
  clean_ce_gate_floor: 0.0
  clean_ce_gate_tau: 0.682852
  clean_ce_robust_gate: True
  clean_ce_weight: 0.036067
  ema_decay: 0.99
  ema_itt: False
  ema_use_start: 70
  eval_student_ema: True
  pcgrad_start: 120
  pcgrad_teacher_margin: True
  proj_dim: 128
  push_T: 5.0
  push_eta: 0.3
  push_feature: False
  push_gamma: 4.0
  push_lambda: 0.08174
  push_require_robust_correct: True
  push_soft: True
  push_warmup: 80
  resnet_teacher_margin_start: 180
  resnet_teacher_margin_warmup: 80
  resnet_teacher_margin_weight: 0.005
  robust_kd_floor: 0.5
  robust_kd_reliable: False
  save_ema_as_student: True
  student_arch_adaptive_margin: False
  student_ema: True
  student_ema_decay: 0.999642
  teacher_margin_adv_floor: 0.0
  teacher_margin_adv_gate: False
  teacher_margin_adv_tau: 1.0
  teacher_margin_cap: 1.428932
  teacher_margin_clean_floor: 0.0
  teacher_margin_clean_gate: False
  teacher_margin_clean_tau: 1.0
  teacher_margin_conflict_floor: 0.211797
  teacher_margin_conflict_gate: True
  teacher_margin_conflict_threshold: 0.0
  teacher_margin_per_sample_conflict: False
  teacher_margin_per_sample_floor: 0.0
  teacher_margin_per_sample_tau: 1.0
  teacher_margin_relative: False
  teacher_margin_relative_eta: 0.5
  teacher_margin_start: 120
  teacher_margin_tau: 1.124788
  teacher_margin_warmup: 89
  teacher_margin_weight: 0.011316
  teacher_warmup: 50
  wa_alpha: 0.5
  weight_averaging: True

2026-07-03 22:14:28.490 | INFO     | __main__:<module>:482 - the 1th epoch 
2026-07-03 22:14:28.847 | INFO     | __main__:<module>:917 - lr:0.1 weight_nat: 0.5, nat_loss: 0.2288406938314438, weight_adv: 0.5, adv_loss: 0.14963868260383606 weight-klloss3 0.0010217499999999999 Loss3: 0.006935263518244028 clean_ce: 0.7207234501838684, adv_ce: 2.3509414196014404, adv_margin: 0.57945716381073, clean_gate: 0.3309016227722168, teacher_margin: 1.5114824771881104, teacher_margin_gate: 0.7998469471931458, teacher_clean_gate: 1.0, teacher_adv_gate: 1.0, tm_grad_cos: 0.7684484124183655, tm_scale: 1.0, tm_ps_scale: 1.0, pcgrad_conflicts: 0/0
2026-07-03 22:14:57.588 | INFO     | __main__:<module>:917 - lr:0.1 weight_nat: 0.48287462598107644, nat_loss: 0.16433346271514893, weight_adv: 0.5171253740189237, adv_loss: 0.11882191151380539 weight-klloss3 0.0010217499999999999 Loss3: 0.007260043174028397 clean_ce: 0.304103285074234, adv_ce: 2.2186646461486816, adv_margin: 1.1314316987991333, clean_gate: 0.2774580121040344, teacher_margin: 1.692058801651001, teacher_margin_gate: 0.7836859822273254, teacher_clean_gate: 1.0, teacher_adv_gate: 1.0, tm_grad_cos: 0.8330080509185791, tm_scale: 1.0, tm_ps_scale: 1.0, pcgrad_conflicts: 0/0
2026-07-03 22:15:26.390 | INFO     | __main__:<module>:917 - lr:0.1 weight_nat: 0.47712438068208324, nat_loss: 0.15104709565639496, weight_adv: 0.5228756193179167, adv_loss: 0.11436875909566879 weight-klloss3 0.0010217499999999999 Loss3: 0.0058042388409376144 clean_ce: 0.2763614356517792, adv_ce: 2.2110137939453125, adv_margin: 1.1547633409500122, clean_gate: 0.2659035623073578, teacher_margin: 1.6197078227996826, teacher_margin_gate: 0.7385960817337036, teacher_clean_gate: 1.0, teacher_adv_gate: 1.0, tm_grad_cos: 0.8355920910835266, tm_scale: 1.0, tm_ps_scale: 1.0, pcgrad_conflicts: 0/0
2026-07-03 22:15:55.275 | INFO     | __main__:<module>:917 - lr:0.1 weight_nat: 0.472707377058832, nat_loss: 0.14280758798122406, weight_adv: 0.527292622941168, adv_loss: 0.10902472585439682 weight-klloss3 0.0010217499999999999 Loss3: 0.003600834868848324 clean_ce: 0.21496395766735077, adv_ce: 2.219414234161377, adv_margin: 1.2722346782684326, clean_gate: 0.25967490673065186, teacher_margin: 1.614495038986206, teacher_margin_gate: 0.7278333902359009, teacher_clean_gate: 1.0, teacher_adv_gate: 1.0, tm_grad_cos: 0.8582673668861389, tm_scale: 1.0, tm_ps_scale: 1.0, pcgrad_conflicts: 0/0
2026-07-03 22:16:39.644 | INFO     | __main__:<module>:974 - student robust acc 0.1000, teacher robust acc 0.8456, nat teacher robust acc 0.8494
2026-07-03 22:16:45.112 | INFO     | __main__:<module>:1058 - best accuracy:0.1
2026-07-03 22:16:45.113 | INFO     | __main__:<module>:1061 - student natural acc 0.1000, adv teacher natural acc 0.8479, nat teacher natural acc 0.9318
2026-07-03 22:16:45.114 | INFO     | __main__:<module>:482 - the 2th epoch 
2026-07-03 22:16:45.425 | INFO     | __main__:<module>:917 - lr:0.1 weight_nat: 0.4678933453437808, nat_loss: 0.12991371750831604, weight_adv: 0.5321066546562192, adv_loss: 0.10154028981924057 weight-klloss3 0.0020434999999999997 Loss3: 0.006950780749320984 clean_ce: 0.21878036856651306, adv_ce: 2.1114187240600586, adv_margin: 1.206801176071167, clean_gate: 0.32115909457206726, teacher_margin: 1.538114309310913, teacher_margin_gate: 0.7435728311538696, teacher_clean_gate: 1.0, teacher_adv_gate: 1.0, tm_grad_cos: 0.8408806920051575, tm_scale: 1.0, tm_ps_scale: 1.0, pcgrad_conflicts: 0/0
2026-07-03 22:17:14.325 | INFO     | __main__:<module>:917 - lr:0.1 weight_nat: 0.4615275713829046, nat_loss: 0.11744154989719391, weight_adv: 0.5384724286170953, adv_loss: 0.09319840371608734 weight-klloss3 0.0020434999999999997 Loss3: 0.007905280217528343 clean_ce: 0.192205011844635, adv_ce: 2.0683226585388184, adv_margin: 1.183440923690796, clean_gate: 0.2864640951156616, teacher_margin: 1.484665870666504, teacher_margin_gate: 0.7254471778869629, teacher_clean_gate: 1.0, teacher_adv_gate: 1.0, tm_grad_cos: 0.8622847199440002, tm_scale: 1.0, tm_ps_scale: 1.0, pcgrad_conflicts: 0/0
2026-07-03 22:17:43.217 | INFO     | __main__:<module>:917 - lr:0.1 weight_nat: 0.45391703430185915, nat_loss: 0.10800521820783615, weight_adv: 0.546082965698141, adv_loss: 0.09173253923654556 weight-klloss3 0.0020434999999999997 Loss3: 0.01051955297589302 clean_ce: 0.15794265270233154, adv_ce: 2.0302999019622803, adv_margin: 1.2478137016296387, clean_gate: 0.29610079526901245, teacher_margin: 1.4867212772369385, teacher_margin_gate: 0.7248673439025879, teacher_clean_gate: 1.0, teacher_adv_gate: 1.0, tm_grad_cos: 0.8605151772499084, tm_scale: 1.0, tm_ps_scale: 1.0, pcgrad_conflicts: 0/0
2026-07-03 22:18:12.146 | INFO     | __main__:<module>:917 - lr:0.1 weight_nat: 0.44956796981267005, nat_loss: 0.09295309334993362, weight_adv: 0.5504320301873299, adv_loss: 0.0702158659696579 weight-klloss3 0.0020434999999999997 Loss3: 0.018840214237570763 clean_ce: 0.20189416408538818, adv_ce: 1.7862558364868164, adv_margin: 0.9558360576629639, clean_gate: 0.36420077085494995, teacher_margin: 1.2099205255508423, teacher_margin_gate: 0.7291911244392395, teacher_clean_gate: 1.0, teacher_adv_gate: 1.0, tm_grad_cos: 0.8450461626052856, tm_scale: 1.0, tm_ps_scale: 1.0, pcgrad_conflicts: 0/0
2026-07-03 22:18:38.063 | INFO     | __main__:<module>:482 - the 3th epoch 
2026-07-03 22:18:38.364 | INFO     | __main__:<module>:917 - lr:0.1 weight_nat: 0.4440803541950166, nat_loss: 0.10845500230789185, weight_adv: 0.5559196458049833, adv_loss: 0.07686394453048706 weight-klloss3 0.00306525 Loss3: 0.014323866926133633 clean_ce: 0.17632907629013062, adv_ce: 2.045119524002075, adv_margin: 1.245373010635376, clean_gate: 0.2945612072944641, teacher_margin: 1.2710025310516357, teacher_margin_gate: 0.6744902729988098, teacher_clean_gate: 1.0, teacher_adv_gate: 1.0, tm_grad_cos: 0.8520956635475159, tm_scale: 1.0, tm_ps_scale: 1.0, pcgrad_conflicts: 0/0
2026-07-03 22:19:07.310 | INFO     | __main__:<module>:917 - lr:0.1 weight_nat: 0.4370434677805284, nat_loss: 0.09485965222120285, weight_adv: 0.5629565322194717, adv_loss: 0.0752253532409668 weight-klloss3 0.00306525 Loss3: 0.021666301414370537 clean_ce: 0.14982210099697113, adv_ce: 2.0085361003875732, adv_margin: 1.22539484500885, clean_gate: 0.30847424268722534, teacher_margin: 1.3406366109848022, teacher_margin_gate: 0.6941860318183899, teacher_clean_gate: 1.0, teacher_adv_gate: 1.0, tm_grad_cos: 0.8672531843185425, tm_scale: 1.0, tm_ps_scale: 1.0, pcgrad_conflicts: 0/0
2026-07-03 22:19:36.229 | INFO     | __main__:<module>:917 - lr:0.1 weight_nat: 0.4262241391319344, nat_loss: 0.09597000479698181, weight_adv: 0.5737758608680655, adv_loss: 0.0706048458814621 weight-klloss3 0.00306525 Loss3: 0.021096963435411453 clean_ce: 0.16358360648155212, adv_ce: 2.0263123512268066, adv_margin: 1.177232265472412, clean_gate: 0.3536211848258972, teacher_margin: 1.0931295156478882, teacher_margin_gate: 0.6777530312538147, teacher_clean_gate: 1.0, teacher_adv_gate: 1.0, tm_grad_cos: 0.808896005153656, tm_scale: 1.0, tm_ps_scale: 1.0, pcgrad_conflicts: 0/0
2026-07-03 22:20:05.139 | INFO     | __main__:<module>:917 - lr:0.1 weight_nat: 0.4214640996777598, nat_loss: 0.07871070504188538, weight_adv: 0.5785359003222402, adv_loss: 0.07312622666358948 weight-klloss3 0.00306525 Loss3: 0.009169189259409904 clean_ce: 0.15414665639400482, adv_ce: 1.848374605178833, adv_margin: 1.0251333713531494, clean_gate: 0.3493562340736389, teacher_margin: 1.2101356983184814, teacher_margin_gate: 0.6975297927856445, teacher_clean_gate: 1.0, teacher_adv_gate: 1.0, tm_grad_cos: 0.8280442953109741, tm_scale: 1.0, tm_ps_scale: 1.0, pcgrad_conflicts: 0/0
2026-07-03 22:20:31.049 | INFO     | __main__:<module>:482 - the 4th epoch 
2026-07-03 22:20:31.350 | INFO     | __main__:<module>:917 - lr:0.1 weight_nat: 0.40917608739624145, nat_loss: 0.06510160863399506, weight_adv: 0.5908239126037587, adv_loss: 0.07170950621366501 weight-klloss3 0.0040869999999999995 Loss3: 0.023407213389873505 clean_ce: 0.1531910002231598, adv_ce: 1.7723242044448853, adv_margin: 0.9793535470962524, clean_gate: 0.35199540853500366, teacher_margin: 1.2691428661346436, teacher_margin_gate: 0.7318259477615356, teacher_clean_gate: 1.0, teacher_adv_gate: 1.0, tm_grad_cos: 0.8570057153701782, tm_scale: 1.0, tm_ps_scale: 1.0, pcgrad_conflicts: 0/0
2026-07-03 22:21:00.208 | INFO     | __main__:<module>:917 - lr:0.1 weight_nat: 0.4073043956345549, nat_loss: 0.07564833015203476, weight_adv: 0.5926956043654452, adv_loss: 0.07238399237394333 weight-klloss3 0.0040869999999999995 Loss3: 0.01378747820854187 clean_ce: 0.1649041473865509, adv_ce: 1.8530542850494385, adv_margin: 1.0353474617004395, clean_gate: 0.3625648617744446, teacher_margin: 1.1702417135238647, teacher_margin_gate: 0.6949553489685059, teacher_clean_gate: 1.0, teacher_adv_gate: 1.0, tm_grad_cos: 0.8410061597824097, tm_scale: 1.0, tm_ps_scale: 1.0, pcgrad_conflicts: 0/0
2026-07-03 22:21:29.049 | INFO     | __main__:<module>:917 - lr:0.1 weight_nat: 0.39967940169686256, nat_loss: 0.07180521637201309, weight_adv: 0.6003205983031374, adv_loss: 0.06995749473571777 weight-klloss3 0.0040869999999999995 Loss3: 0.02153029851615429 clean_ce: 0.12572601437568665, adv_ce: 1.9955096244812012, adv_margin: 1.2390142679214478, clean_gate: 0.32138654589653015, teacher_margin: 1.213940978050232, teacher_margin_gate: 0.6626666784286499, teacher_clean_gate: 1.0, teacher_adv_gate: 1.0, tm_grad_cos: 0.8451423645019531, tm_scale: 1.0, tm_ps_scale: 1.0, pcgrad_conflicts: 0/0
2026-07-03 22:21:57.722 | INFO     | __main__:<module>:917 - lr:0.1 weight_nat: 0.39000943534346066, nat_loss: 0.059983182698488235, weight_adv: 0.6099905646565394, adv_loss: 0.060563016682863235 weight-klloss3 0.0040869999999999995 Loss3: 0.027797844260931015 clean_ce: 0.14275825023651123, adv_ce: 1.7889134883880615, adv_margin: 1.0180100202560425, clean_gate: 0.35999196767807007, teacher_margin: 1.0572558641433716, teacher_margin_gate: 0.6824406385421753, teacher_clean_gate: 1.0, teacher_adv_gate: 1.0, tm_grad_cos: 0.8482203483581543, tm_scale: 1.0, tm_ps_scale: 1.0, pcgrad_conflicts: 0/0
2026-07-03 22:22:23.584 | INFO     | __main__:<module>:482 - the 5th epoch 
2026-07-03 22:22:23.884 | INFO     | __main__:<module>:917 - lr:0.1 weight_nat: 0.3865359408330915, nat_loss: 0.05393780395388603, weight_adv: 0.6134640591669086, adv_loss: 0.061143796890974045 weight-klloss3 0.00510875 Loss3: 0.0334644541144371 clean_ce: 0.1254342794418335, adv_ce: 1.7215943336486816, adv_margin: 1.028384804725647, clean_gate: 0.3663892149925232, teacher_margin: 1.0903396606445312, teacher_margin_gate: 0.6782756447792053, teacher_clean_gate: 1.0, teacher_adv_gate: 1.0, tm_grad_cos: 0.8521902561187744, tm_scale: 1.0, tm_ps_scale: 1.0, pcgrad_conflicts: 0/0
2026-07-03 22:22:52.719 | INFO     | __main__:<module>:917 - lr:0.1 weight_nat: 0.38000235326798, nat_loss: 0.05342230945825577, weight_adv: 0.6199976467320201, adv_loss: 0.05532427877187729 weight-klloss3 0.00510875 Loss3: 0.02606387436389923 clean_ce: 0.14618831872940063, adv_ce: 1.5801317691802979, adv_margin: 0.882618248462677, clean_gate: 0.4312279522418976, teacher_margin: 1.0188801288604736, teacher_margin_gate: 0.7465596199035645, teacher_clean_gate: 1.0, teacher_adv_gate: 1.0, tm_grad_cos: 0.8451293110847473, tm_scale: 1.0, tm_ps_scale: 1.0, pcgrad_conflicts: 0/0
2026-07-03 22:23:21.620 | INFO     | __main__:<module>:917 - lr:0.1 weight_nat: 0.3726333735959048, nat_loss: 0.0541539303958416, weight_adv: 0.6273666264040951, adv_loss: 0.054342880845069885 weight-klloss3 0.00510875 Loss3: 0.027693897485733032 clean_ce: 0.13824182748794556, adv_ce: 1.6259196996688843, adv_margin: 0.8994837999343872, clean_gate: 0.42657479643821716, teacher_margin: 0.8931029438972473, teacher_margin_gate: 0.6932247281074524, teacher_clean_gate: 1.0, teacher_adv_gate: 1.0, tm_grad_cos: 0.8225827813148499, tm_scale: 1.0, tm_ps_scale: 1.0, pcgrad_conflicts: 0/0
2026-07-03 22:23:50.452 | INFO     | __main__:<module>:917 - lr:0.1 weight_nat: 0.3620000789343595, nat_loss: 0.05313000828027725, weight_adv: 0.6379999210656405, adv_loss: 0.06275954842567444 weight-klloss3 0.00510875 Loss3: 0.031330205500125885 clean_ce: 0.13970297574996948, adv_ce: 1.691514492034912, adv_margin: 0.8978174328804016, clean_gate: 0.38856855034828186, teacher_margin: 1.1783161163330078, teacher_margin_gate: 0.7443311214447021, teacher_clean_gate: 1.0, teacher_adv_gate: 1.0, tm_grad_cos: 0.8505924344062805, tm_scale: 1.0, tm_ps_scale: 1.0, pcgrad_conflicts: 0/0
2026-07-03 22:24:16.320 | INFO     | __main__:<module>:482 - the 6th epoch 
2026-07-03 22:24:16.620 | INFO     | __main__:<module>:917 - lr:0.1 weight_nat: 0.36403666224511855, nat_loss: 0.05082862451672554, weight_adv: 0.6359633377548816, adv_loss: 0.05954834073781967 weight-klloss3 0.0061305 Loss3: 0.022774387151002884 clean_ce: 0.14789101481437683, adv_ce: 1.7172547578811646, adv_margin: 0.9364660978317261, clean_gate: 0.3995804488658905, teacher_margin: 1.0643184185028076, teacher_margin_gate: 0.7049943804740906, teacher_clean_gate: 1.0, teacher_adv_gate: 1.0, tm_grad_cos: 0.8219724893569946, tm_scale: 1.0, tm_ps_scale: 1.0, pcgrad_conflicts: 0/0
2026-07-03 22:24:45.460 | INFO     | __main__:<module>:917 - lr:0.1 weight_nat: 0.35254771640798815, nat_loss: 0.05092773586511612, weight_adv: 0.6474522835920119, adv_loss: 0.048556581139564514 weight-klloss3 0.0061305 Loss3: 0.018123961985111237 clean_ce: 0.11967913061380386, adv_ce: 1.6709924936294556, adv_margin: 0.987034797668457, clean_gate: 0.3877086937427521, teacher_margin: 0.8290727734565735, teacher_margin_gate: 0.6365447640419006, teacher_clean_gate: 1.0, teacher_adv_gate: 1.0, tm_grad_cos: 0.814566969871521, tm_scale: 1.0, tm_ps_scale: 1.0, pcgrad_conflicts: 0/0
2026-07-03 22:25:14.293 | INFO     | __main__:<module>:917 - lr:0.1 weight_nat: 0.3471913808455408, nat_loss: 0.046220000833272934, weight_adv: 0.6528086191544592, adv_loss: 0.052882224321365356 weight-klloss3 0.0061305 Loss3: 0.02578539028763771 clean_ce: 0.14997366070747375, adv_ce: 1.7190098762512207, adv_margin: 0.94820237159729, clean_gate: 0.41528773307800293, teacher_margin: 0.8474061489105225, teacher_margin_gate: 0.6722867488861084, teacher_clean_gate: 1.0, teacher_adv_gate: 1.0, tm_grad_cos: 0.8002403974533081, tm_scale: 1.0, tm_ps_scale: 1.0, pcgrad_conflicts: 0/0
2026-07-03 22:25:43.152 | INFO     | __main__:<module>:917 - lr:0.1 weight_nat: 0.34403593629618895, nat_loss: 0.038412611931562424, weight_adv: 0.6559640637038111, adv_loss: 0.05481564998626709 weight-klloss3 0.0061305 Loss3: 0.038280077278614044 clean_ce: 0.13207218050956726, adv_ce: 1.7096258401870728, adv_margin: 0.9792559742927551, clean_gate: 0.39130616188049316, teacher_margin: 1.0002164840698242, teacher_margin_gate: 0.7075541019439697, teacher_clean_gate: 1.0, teacher_adv_gate: 1.0, tm_grad_cos: 0.8380467891693115, tm_scale: 1.0, tm_ps_scale: 1.0, pcgrad_conflicts: 0/0
2026-07-03 22:26:09.018 | INFO     | __main__:<module>:482 - the 7th epoch 
2026-07-03 22:26:09.318 | INFO     | __main__:<module>:917 - lr:0.1 weight_nat: 0.3353838217330244, nat_loss: 0.04252864047884941, weight_adv: 0.6646161782669756, adv_loss: 0.05816114693880081 weight-klloss3 0.007152249999999999 Loss3: 0.036135606467723846 clean_ce: 0.15273120999336243, adv_ce: 1.7529205083847046, adv_margin: 0.9459882974624634, clean_gate: 0.3780946433544159, teacher_margin: 0.9988549947738647, teacher_margin_gate: 0.686384916305542, teacher_clean_gate: 1.0, teacher_adv_gate: 1.0, tm_grad_cos: 0.8310506343841553, tm_scale: 1.0, tm_ps_scale: 1.0, pcgrad_conflicts: 0/0
2026-07-03 22:26:38.176 | INFO     | __main__:<module>:917 - lr:0.1 weight_nat: 0.32945780819637666, nat_loss: 0.03783903643488884, weight_adv: 0.6705421918036234, adv_loss: 0.056401703506708145 weight-klloss3 0.007152249999999999 Loss3: 0.03291879966855049 clean_ce: 0.15320760011672974, adv_ce: 1.7108609676361084, adv_margin: 0.9144241809844971, clean_gate: 0.37861377000808716, teacher_margin: 1.0504931211471558, teacher_margin_gate: 0.6826872825622559, teacher_clean_gate: 1.0, teacher_adv_gate: 1.0, tm_grad_cos: 0.8464474081993103, tm_scale: 1.0, tm_ps_scale: 1.0, pcgrad_conflicts: 0/0
2026-07-03 22:27:07.049 | INFO     | __main__:<module>:917 - lr:0.1 weight_nat: 0.3216189149339244, nat_loss: 0.035350698977708817, weight_adv: 0.6783810850660756, adv_loss: 0.048174984753131866 weight-klloss3 0.007152249999999999 Loss3: 0.029963718727231026 clean_ce: 0.15386518836021423, adv_ce: 1.5986040830612183, adv_margin: 0.8538094758987427, clean_gate: 0.4085530936717987, teacher_margin: 0.8912509679794312, teacher_margin_gate: 0.6764423847198486, teacher_clean_gate: 1.0, teacher_adv_gate: 1.0, tm_grad_cos: 0.8414722681045532, tm_scale: 1.0, tm_ps_scale: 1.0, pcgrad_conflicts: 0/0
2026-07-03 22:27:35.910 | INFO     | __main__:<module>:917 - lr:0.1 weight_nat: 0.3183095309204972, nat_loss: 0.036483582109212875, weight_adv: 0.6816904690795028, adv_loss: 0.04831789433956146 weight-klloss3 0.007152249999999999 Loss3: 0.037285804748535156 clean_ce: 0.1606253832578659, adv_ce: 1.64541494846344, adv_margin: 0.8532946109771729, clean_gate: 0.38402652740478516, teacher_margin: 0.935929000377655, teacher_margin_gate: 0.6597950458526611, teacher_clean_gate: 1.0, teacher_adv_gate: 1.0, tm_grad_cos: 0.8433334231376648, tm_scale: 1.0, tm_ps_scale: 1.0, pcgrad_conflicts: 0/0
2026-07-03 22:28:01.760 | INFO     | __main__:<module>:482 - the 8th epoch 
2026-07-03 22:28:02.060 | INFO     | __main__:<module>:917 - lr:0.1 weight_nat: 0.31559821257244985, nat_loss: 0.036124806851148605, weight_adv: 0.6844017874275501, adv_loss: 0.05624113231897354 weight-klloss3 0.008173999999999999 Loss3: 0.03329815715551376 clean_ce: 0.13659492135047913, adv_ce: 1.8493837118148804, adv_margin: 1.0544493198394775, clean_gate: 0.3474009037017822, teacher_margin: 0.992560088634491, teacher_margin_gate: 0.6536228656768799, teacher_clean_gate: 1.0, teacher_adv_gate: 1.0, tm_grad_cos: 0.836903989315033, tm_scale: 1.0, tm_ps_scale: 1.0, pcgrad_conflicts: 0/0
2026-07-03 22:28:30.895 | INFO     | __main__:<module>:917 - lr:0.1 weight_nat: 0.3142309068256262, nat_loss: 0.0339650884270668, weight_adv: 0.6857690931743738, adv_loss: 0.04712016507983208 weight-klloss3 0.008173999999999999 Loss3: 0.026130782440304756 clean_ce: 0.14944714307785034, adv_ce: 1.5884522199630737, adv_margin: 0.8081641793251038, clean_gate: 0.424192875623703, teacher_margin: 0.8611932992935181, teacher_margin_gate: 0.678814709186554, teacher_clean_gate: 1.0, teacher_adv_gate: 1.0, tm_grad_cos: 0.8428415656089783, tm_scale: 1.0, tm_ps_scale: 1.0, pcgrad_conflicts: 0/0
2026-07-03 22:28:59.735 | INFO     | __main__:<module>:917 - lr:0.1 weight_nat: 0.3162206277868552, nat_loss: 0.03855512663722038, weight_adv: 0.6837793722131449, adv_loss: 0.050214774906635284 weight-klloss3 0.008173999999999999 Loss3: 0.030893027782440186 clean_ce: 0.1556718945503235, adv_ce: 1.7302398681640625, adv_margin: 0.9460604786872864, clean_gate: 0.38875967264175415, teacher_margin: 0.8905848264694214, teacher_margin_gate: 0.6516257524490356, teacher_clean_gate: 1.0, teacher_adv_gate: 1.0, tm_grad_cos: 0.8290538191795349, tm_scale: 1.0, tm_ps_scale: 1.0, pcgrad_conflicts: 0/0
2026-07-03 22:29:28.705 | INFO     | __main__:<module>:917 - lr:0.1 weight_nat: 0.3128805468351219, nat_loss: 0.032557643949985504, weight_adv: 0.6871194531648782, adv_loss: 0.0436655730009079 weight-klloss3 0.008173999999999999 Loss3: 0.0335259810090065 clean_ce: 0.16383299231529236, adv_ce: 1.46845543384552, adv_margin: 0.7547677159309387, clean_gate: 0.45874425768852234, teacher_margin: 0.7841485738754272, teacher_margin_gate: 0.6887034773826599, teacher_clean_gate: 1.0, teacher_adv_gate: 1.0, tm_grad_cos: 0.8182089328765869, tm_scale: 1.0, tm_ps_scale: 1.0, pcgrad_conflicts: 0/0
2026-07-03 22:29:54.657 | INFO     | __main__:<module>:482 - the 9th epoch 
2026-07-03 22:29:54.960 | INFO     | __main__:<module>:917 - lr:0.1 weight_nat: 0.3087875295465918, nat_loss: 0.03200429305434227, weight_adv: 0.6912124704534082, adv_loss: 0.04666675999760628 weight-klloss3 0.009195749999999999 Loss3: 0.034103892743587494 clean_ce: 0.16351068019866943, adv_ce: 1.5858676433563232, adv_margin: 0.8173986673355103, clean_gate: 0.4232636094093323, teacher_margin: 0.8640790581703186, teacher_margin_gate: 0.6857331991195679, teacher_clean_gate: 1.0, teacher_adv_gate: 1.0, tm_grad_cos: 0.826714813709259, tm_scale: 1.0, tm_ps_scale: 1.0, pcgrad_conflicts: 0/0
2026-07-03 22:30:23.983 | INFO     | __main__:<module>:917 - lr:0.1 weight_nat: 0.3120880255607546, nat_loss: 0.033257585018873215, weight_adv: 0.6879119744392453, adv_loss: 0.045910824090242386 weight-klloss3 0.009195749999999999 Loss3: 0.032828133553266525 clean_ce: 0.14402204751968384, adv_ce: 1.6188735961914062, adv_margin: 0.8589637279510498, clean_gate: 0.41825997829437256, teacher_margin: 0.7892385721206665, teacher_margin_gate: 0.6578773260116577, teacher_clean_gate: 1.0, teacher_adv_gate: 1.0, tm_grad_cos: 0.8275305032730103, tm_scale: 1.0, tm_ps_scale: 1.0, pcgrad_conflicts: 0/0
2026-07-03 22:30:52.934 | INFO     | __main__:<module>:917 - lr:0.1 weight_nat: 0.30941276979648374, nat_loss: 0.03332521766424179, weight_adv: 0.6905872302035163, adv_loss: 0.04465816915035248 weight-klloss3 0.009195749999999999 Loss3: 0.024793371558189392 clean_ce: 0.14660674333572388, adv_ce: 1.6778628826141357, adv_margin: 0.9089367985725403, clean_gate: 0.37578776478767395, teacher_margin: 0.9109697937965393, teacher_margin_gate: 0.6530730724334717, teacher_clean_gate: 1.0, teacher_adv_gate: 1.0, tm_grad_cos: 0.8547022938728333, tm_scale: 1.0, tm_ps_scale: 1.0, pcgrad_conflicts: 0/0
2026-07-03 22:31:21.843 | INFO     | __main__:<module>:917 - lr:0.1 weight_nat: 0.3112404179222704, nat_loss: 0.03151898831129074, weight_adv: 0.6887595820777297, adv_loss: 0.0430787056684494 weight-klloss3 0.009195749999999999 Loss3: 0.037771981209516525 clean_ce: 0.1426360011100769, adv_ce: 1.5813751220703125, adv_margin: 0.8888218402862549, clean_gate: 0.4306165874004364, teacher_margin: 0.8020241260528564, teacher_margin_gate: 0.6704367399215698, teacher_clean_gate: 1.0, teacher_adv_gate: 1.0, tm_grad_cos: 0.8220570087432861, tm_scale: 1.0, tm_ps_scale: 1.0, pcgrad_conflicts: 0/0
2026-07-03 22:31:47.751 | INFO     | __main__:<module>:482 - the 10th epoch 
2026-07-03 22:31:48.054 | INFO     | __main__:<module>:917 - lr:0.1 weight_nat: 0.30721469729194734, nat_loss: 0.03186619281768799, weight_adv: 0.6927853027080527, adv_loss: 0.045360177755355835 weight-klloss3 0.0102175 Loss3: 0.02580196037888527 clean_ce: 0.1549140363931656, adv_ce: 1.5033103227615356, adv_margin: 0.7851250171661377, clean_gate: 0.4737238585948944, teacher_margin: 0.7997763752937317, teacher_margin_gate: 0.7097883820533752, teacher_clean_gate: 1.0, teacher_adv_gate: 1.0, tm_grad_cos: 0.8208641409873962, tm_scale: 1.0, tm_ps_scale: 1.0, pcgrad_conflicts: 0/0
2026-07-03 22:32:16.911 | INFO     | __main__:<module>:917 - lr:0.1 weight_nat: 0.3158840939946902, nat_loss: 0.03323117643594742, weight_adv: 0.6841159060053098, adv_loss: 0.04214024916291237 weight-klloss3 0.0102175 Loss3: 0.03506036847829819 clean_ce: 0.15430277585983276, adv_ce: 1.6431418657302856, adv_margin: 0.8860555291175842, clean_gate: 0.4132078289985657, teacher_margin: 0.749506950378418, teacher_margin_gate: 0.6323084235191345, teacher_clean_gate: 1.0, teacher_adv_gate: 1.0, tm_grad_cos: 0.815182089805603, tm_scale: 1.0, tm_ps_scale: 1.0, pcgrad_conflicts: 0/0
2026-07-03 22:32:45.726 | INFO     | __main__:<module>:917 - lr:0.1 weight_nat: 0.31229069176078833, nat_loss: 0.034409668296575546, weight_adv: 0.6877093082392117, adv_loss: 0.044466160237789154 weight-klloss3 0.0102175 Loss3: 0.02676641196012497 clean_ce: 0.1656232327222824, adv_ce: 1.5216923952102661, adv_margin: 0.7437499761581421, clean_gate: 0.44277310371398926, teacher_margin: 0.8380370736122131, teacher_margin_gate: 0.6950206756591797, teacher_clean_gate: 1.0, teacher_adv_gate: 1.0, tm_grad_cos: 0.8385666608810425, tm_scale: 1.0, tm_ps_scale: 1.0, pcgrad_conflicts: 0/0
2026-07-03 22:33:14.582 | INFO     | __main__:<module>:917 - lr:0.1 weight_nat: 0.30987088988586897, nat_loss: 0.03425850346684456, weight_adv: 0.690129110114131, adv_loss: 0.0508030503988266 weight-klloss3 0.0102175 Loss3: 0.030002428218722343 clean_ce: 0.15224485099315643, adv_ce: 1.666082739830017, adv_margin: 0.8957313299179077, clean_gate: 0.4009808301925659, teacher_margin: 0.8995151519775391, teacher_margin_gate: 0.6796108484268188, teacher_clean_gate: 1.0, teacher_adv_gate: 1.0, tm_grad_cos: 0.8329975008964539, tm_scale: 1.0, tm_ps_scale: 1.0, pcgrad_conflicts: 0/0
2026-07-03 22:33:58.569 | INFO     | __main__:<module>:974 - student robust acc 0.1000, teacher robust acc 0.8202, nat teacher robust acc 0.8637
2026-07-03 22:34:03.528 | INFO     | __main__:<module>:1061 - student natural acc 0.1000, adv teacher natural acc 0.8483, nat teacher natural acc 0.9318
2026-07-03 22:34:03.530 | INFO     | __main__:<module>:482 - the 11th epoch 
2026-07-03 22:34:03.837 | INFO     | __main__:<module>:917 - lr:0.1 weight_nat: 0.3117150363233493, nat_loss: 0.028186095878481865, weight_adv: 0.6882849636766508, adv_loss: 0.03637291491031647 weight-klloss3 0.01123925 Loss3: 0.029652616009116173 clean_ce: 0.15560123324394226, adv_ce: 1.4491121768951416, adv_margin: 0.731860339641571, clean_gate: 0.46976515650749207, teacher_margin: 0.6718412637710571, teacher_margin_gate: 0.6626404523849487, teacher_clean_gate: 1.0, teacher_adv_gate: 1.0, tm_grad_cos: 0.8041527271270752, tm_scale: 1.0, tm_ps_scale: 1.0, pcgrad_conflicts: 0/0
2026-07-03 22:34:32.731 | INFO     | __main__:<module>:917 - lr:0.1 weight_nat: 0.3137251069168141, nat_loss: 0.027899300679564476, weight_adv: 0.6862748930831859, adv_loss: 0.04035636782646179 weight-klloss3 0.01123925 Loss3: 0.03165126591920853 clean_ce: 0.13356152176856995, adv_ce: 1.6109312772750854, adv_margin: 0.8801993727684021, clean_gate: 0.4342530369758606, teacher_margin: 0.7490283250808716, teacher_margin_gate: 0.6568223237991333, teacher_clean_gate: 1.0, teacher_adv_gate: 1.0, tm_grad_cos: 0.8045892119407654, tm_scale: 1.0, tm_ps_scale: 1.0, pcgrad_conflicts: 0/0
2026-07-03 22:35:01.665 | INFO     | __main__:<module>:917 - lr:0.1 weight_nat: 0.3109651218838076, nat_loss: 0.025483204051852226, weight_adv: 0.6890348781161925, adv_loss: 0.03844393789768219 weight-klloss3 0.01123925 Loss3: 0.022828908637166023 clean_ce: 0.1492052674293518, adv_ce: 1.4354053735733032, adv_margin: 0.7298448085784912, clean_gate: 0.48807254433631897, teacher_margin: 0.6611314415931702, teacher_margin_gate: 0.6785933971405029, teacher_clean_gate: 1.0, teacher_adv_gate: 1.0, tm_grad_cos: 0.7899248600006104, tm_scale: 1.0, tm_ps_scale: 1.0, pcgrad_conflicts: 0/0
2026-07-03 22:35:30.535 | INFO     | __main__:<module>:917 - lr:0.1 weight_nat: 0.3114755899867302, nat_loss: 0.028741706162691116, weight_adv: 0.6885244100132699, adv_loss: 0.04086356982588768 weight-klloss3 0.01123925 Loss3: 0.04129673168063164 clean_ce: 0.16063937544822693, adv_ce: 1.5773887634277344, adv_margin: 0.8222986459732056, clean_gate: 0.432961106300354, teacher_margin: 0.7192749977111816, teacher_margin_gate: 0.650774359703064, teacher_clean_gate: 1.0, teacher_adv_gate: 1.0, tm_grad_cos: 0.8028141856193542, tm_scale: 1.0, tm_ps_scale: 1.0, pcgrad_conflicts: 0/0
2026-07-03 22:35:56.416 | INFO     | __main__:<module>:482 - the 12th epoch 
2026-07-03 22:35:56.717 | INFO     | __main__:<module>:917 - lr:0.1 weight_nat: 0.31149682965471265, nat_loss: 0.025460898876190186, weight_adv: 0.6885031703452874, adv_loss: 0.03815917670726776 weight-klloss3 0.012261 Loss3: 0.031407929956912994 clean_ce: 0.15016382932662964, adv_ce: 1.461498737335205, adv_margin: 0.7182294130325317, clean_gate: 0.4644509553909302, teacher_margin: 0.7681136131286621, teacher_margin_gate: 0.6869218349456787, teacher_clean_gate: 1.0, teacher_adv_gate: 1.0, tm_grad_cos: 0.8388347625732422, tm_scale: 1.0, tm_ps_scale: 1.0, pcgrad_conflicts: 0/0
2026-07-03 22:36:25.593 | INFO     | __main__:<module>:917 - lr:0.1 weight_nat: 0.3125248747804269, nat_loss: 0.02875692956149578, weight_adv: 0.6874751252195732, adv_loss: 0.0441875234246254 weight-klloss3 0.012261 Loss3: 0.033346422016620636 clean_ce: 0.1503610610961914, adv_ce: 1.506611943244934, adv_margin: 0.7899558544158936, clean_gate: 0.43688568472862244, teacher_margin: 0.8417881727218628, teacher_margin_gate: 0.6904317140579224, teacher_clean_gate: 1.0, teacher_adv_gate: 1.0, tm_grad_cos: 0.8261480927467346, tm_scale: 1.0, tm_ps_scale: 1.0, pcgrad_conflicts: 0/0
2026-07-03 22:36:54.485 | INFO     | __main__:<module>:917 - lr:0.1 weight_nat: 0.3089930206425908, nat_loss: 0.02525985799729824, weight_adv: 0.6910069793574093, adv_loss: 0.04349717125296593 weight-klloss3 0.012261 Loss3: 0.03824138641357422 clean_ce: 0.13943403959274292, adv_ce: 1.5330390930175781, adv_margin: 0.8587799072265625, clean_gate: 0.4448063373565674, teacher_margin: 0.8071699142456055, teacher_margin_gate: 0.6928170919418335, teacher_clean_gate: 1.0, teacher_adv_gate: 1.0, tm_grad_cos: 0.8272606730461121, tm_scale: 1.0, tm_ps_scale: 1.0, pcgrad_conflicts: 0/0
2026-07-03 22:37:23.364 | INFO     | __main__:<module>:917 - lr:0.1 weight_nat: 0.3102764874358272, nat_loss: 0.02660471200942993, weight_adv: 0.6897235125641727, adv_loss: 0.040835972875356674 weight-klloss3 0.012261 Loss3: 0.028714174404740334 clean_ce: 0.15719908475875854, adv_ce: 1.472518801689148, adv_margin: 0.7095919847488403, clean_gate: 0.42993390560150146, teacher_margin: 0.7386074066162109, teacher_margin_gate: 0.645898699760437, teacher_clean_gate: 1.0, teacher_adv_gate: 1.0, tm_grad_cos: 0.819661021232605, tm_scale: 1.0, tm_ps_scale: 1.0, pcgrad_conflicts: 0/0
2026-07-03 22:37:49.265 | INFO     | __main__:<module>:482 - the 13th epoch 
2026-07-03 22:37:49.567 | INFO     | __main__:<module>:917 - lr:0.1 weight_nat: 0.3130085103231021, nat_loss: 0.031444303691387177, weight_adv: 0.6869914896768978, adv_loss: 0.03570885583758354 weight-klloss3 0.01328275 Loss3: 0.026179170235991478 clean_ce: 0.13584277033805847, adv_ce: 1.549781084060669, adv_margin: 0.8800680637359619, clean_gate: 0.44774892926216125, teacher_margin: 0.5758004188537598, teacher_margin_gate: 0.6062058210372925, teacher_clean_gate: 1.0, teacher_adv_gate: 1.0, tm_grad_cos: 0.7684289813041687, tm_scale: 1.0, tm_ps_scale: 1.0, pcgrad_conflicts: 0/0
2026-07-03 22:38:18.415 | INFO     | __main__:<module>:917 - lr:0.1 weight_nat: 0.31116525957081187, nat_loss: 0.027688292786478996, weight_adv: 0.6888347404291881, adv_loss: 0.03989093005657196 weight-klloss3 0.01328275 Loss3: 0.02773025818169117 clean_ce: 0.14307725429534912, adv_ce: 1.6214652061462402, adv_margin: 0.8680816888809204, clean_gate: 0.41530194878578186, teacher_margin: 0.7179369330406189, teacher_margin_gate: 0.6166512966156006, teacher_clean_gate: 1.0, teacher_adv_gate: 1.0, tm_grad_cos: 0.7975755929946899, tm_scale: 1.0, tm_ps_scale: 1.0, pcgrad_conflicts: 0/0
2026-07-03 22:38:47.258 | INFO     | __main__:<module>:917 - lr:0.1 weight_nat: 0.3106020653548082, nat_loss: 0.023579595610499382, weight_adv: 0.6893979346451918, adv_loss: 0.03786522150039673 weight-klloss3 0.01328275 Loss3: 0.03844084590673447 clean_ce: 0.1461271047592163, adv_ce: 1.4852904081344604, adv_margin: 0.7762866616249084, clean_gate: 0.4576416015625, teacher_margin: 0.7423245906829834, teacher_margin_gate: 0.672745943069458, teacher_clean_gate: 1.0, teacher_adv_gate: 1.0, tm_grad_cos: 0.8112779259681702, tm_scale: 1.0, tm_ps_scale: 1.0, pcgrad_conflicts: 0/0
2026-07-03 22:39:16.107 | INFO     | __main__:<module>:917 - lr:0.1 weight_nat: 0.3100015471251241, nat_loss: 0.03143769130110741, weight_adv: 0.6899984528748759, adv_loss: 0.035613253712654114 weight-klloss3 0.01328275 Loss3: 0.0281353946775198 clean_ce: 0.15781202912330627, adv_ce: 1.6126126050949097, adv_margin: 0.8712154030799866, clean_gate: 0.4316340982913971, teacher_margin: 0.6672611832618713, teacher_margin_gate: 0.6372388601303101, teacher_clean_gate: 1.0, teacher_adv_gate: 1.0, tm_grad_cos: 0.7885244488716125, tm_scale: 1.0, tm_ps_scale: 1.0, pcgrad_conflicts: 0/0
2026-07-03 22:39:41.965 | INFO     | __main__:<module>:482 - the 14th epoch 
2026-07-03 22:39:42.266 | INFO     | __main__:<module>:917 - lr:0.1 weight_nat: 0.3131723167792221, nat_loss: 0.025983234867453575, weight_adv: 0.6868276832207779, adv_loss: 0.03655509650707245 weight-klloss3 0.014304499999999998 Loss3: 0.04478052258491516 clean_ce: 0.14061665534973145, adv_ce: 1.5235782861709595, adv_margin: 0.7928329706192017, clean_gate: 0.4573042690753937, teacher_margin: 0.7030526399612427, teacher_margin_gate: 0.6759651899337769, teacher_clean_gate: 1.0, teacher_adv_gate: 1.0, tm_grad_cos: 0.8150534629821777, tm_scale: 1.0, tm_ps_scale: 1.0, pcgrad_conflicts: 0/0
2026-07-03 22:40:11.098 | INFO     | __main__:<module>:917 - lr:0.1 weight_nat: 0.31235491122882963, nat_loss: 0.026396065950393677, weight_adv: 0.6876450887711704, adv_loss: 0.038653865456581116 weight-klloss3 0.014304499999999998 Loss3: 0.027423875406384468 clean_ce: 0.1350889354944229, adv_ce: 1.4803857803344727, adv_margin: 0.7837059497833252, clean_gate: 0.45642638206481934, teacher_margin: 0.7098648548126221, teacher_margin_gate: 0.6530484557151794, teacher_clean_gate: 1.0, teacher_adv_gate: 1.0, tm_grad_cos: 0.8048325777053833, tm_scale: 1.0, tm_ps_scale: 1.0, pcgrad_conflicts: 0/0
2026-07-03 22:40:39.934 | INFO     | __main__:<module>:917 - lr:0.1 weight_nat: 0.30894459850159883, nat_loss: 0.021282007917761803, weight_adv: 0.6910554014984012, adv_loss: 0.03665444254875183 weight-klloss3 0.014304499999999998 Loss3: 0.027299363166093826 clean_ce: 0.1538669466972351, adv_ce: 1.393773078918457, adv_margin: 0.6957108974456787, clean_gate: 0.49522364139556885, teacher_margin: 0.6712024211883545, teacher_margin_gate: 0.6798390746116638, teacher_clean_gate: 1.0, teacher_adv_gate: 1.0, tm_grad_cos: 0.8003184199333191, tm_scale: 1.0, tm_ps_scale: 1.0, pcgrad_conflicts: 0/0
2026-07-03 22:41:08.805 | INFO     | __main__:<module>:917 - lr:0.1 weight_nat: 0.31131560823247145, nat_loss: 0.029263848438858986, weight_adv: 0.6886843917675285, adv_loss: 0.04367269575595856 weight-klloss3 0.014304499999999998 Loss3: 0.029352299869060516 clean_ce: 0.14901095628738403, adv_ce: 1.5403728485107422, adv_margin: 0.8498661518096924, clean_gate: 0.44408947229385376, teacher_margin: 0.8195806741714478, teacher_margin_gate: 0.6639877557754517, teacher_clean_gate: 1.0, teacher_adv_gate: 1.0, tm_grad_cos: 0.8276751637458801, tm_scale: 1.0, tm_ps_scale: 1.0, pcgrad_conflicts: 0/0
2026-07-03 22:41:34.707 | INFO     | __main__:<module>:482 - the 15th epoch 
2026-07-03 22:41:35.009 | INFO     | __main__:<module>:917 - lr:0.1 weight_nat: 0.3171053710392737, nat_loss: 0.026010949164628983, weight_adv: 0.6828946289607263, adv_loss: 0.03389506787061691 weight-klloss3 0.01532625 Loss3: 0.044984351843595505 clean_ce: 0.14876069128513336, adv_ce: 1.4483357667922974, adv_margin: 0.809432864189148, clean_gate: 0.4907096326351166, teacher_margin: 0.5922380685806274, teacher_margin_gate: 0.6631886959075928, teacher_clean_gate: 1.0, teacher_adv_gate: 1.0, tm_grad_cos: 0.7618708610534668, tm_scale: 1.0, tm_ps_scale: 1.0, pcgrad_conflicts: 0/0
2026-07-03 22:42:03.874 | INFO     | __main__:<module>:917 - lr:0.1 weight_nat: 0.30957595015346595, nat_loss: 0.022474277764558792, weight_adv: 0.690424049846534, adv_loss: 0.0408250093460083 weight-klloss3 0.01532625 Loss3: 0.03167308121919632 clean_ce: 0.14146387577056885, adv_ce: 1.4780209064483643, adv_margin: 0.7671086192131042, clean_gate: 0.45906177163124084, teacher_margin: 0.777755856513977, teacher_margin_gate: 0.6858713626861572, teacher_clean_gate: 1.0, teacher_adv_gate: 1.0, tm_grad_cos: 0.8272657990455627, tm_scale: 1.0, tm_ps_scale: 1.0, pcgrad_conflicts: 0/0
2026-07-03 22:42:32.732 | INFO     | __main__:<module>:917 - lr:0.1 weight_nat: 0.3138594912216033, nat_loss: 0.028530258685350418, weight_adv: 0.6861405087783967, adv_loss: 0.03800244629383087 weight-klloss3 0.01532625 Loss3: 0.03736736997961998 clean_ce: 0.13221842050552368, adv_ce: 1.6537458896636963, adv_margin: 0.9648130536079407, clean_gate: 0.4217787981033325, teacher_margin: 0.6751193404197693, teacher_margin_gate: 0.6231622695922852, teacher_clean_gate: 1.0, teacher_adv_gate: 1.0, tm_grad_cos: 0.7855600714683533, tm_scale: 1.0, tm_ps_scale: 1.0, pcgrad_conflicts: 0/0
2026-07-03 22:43:01.502 | INFO     | __main__:<module>:917 - lr:0.1 weight_nat: 0.3109297178809877, nat_loss: 0.021147800609469414, weight_adv: 0.6890702821190123, adv_loss: 0.03523031622171402 weight-klloss3 0.01532625 Loss3: 0.02881467342376709 clean_ce: 0.15703341364860535, adv_ce: 1.3237090110778809, adv_margin: 0.6393861770629883, clean_gate: 0.4943631589412689, teacher_margin: 0.657800555229187, teacher_margin_gate: 0.6957387924194336, teacher_clean_gate: 1.0, teacher_adv_gate: 1.0, tm_grad_cos: 0.8127197623252869, tm_scale: 1.0, tm_ps_scale: 1.0, pcgrad_conflicts: 0/0
2026-07-03 22:43:27.214 | INFO     | __main__:<module>:482 - the 16th epoch 
2026-07-03 22:43:27.517 | INFO     | __main__:<module>:917 - lr:0.1 weight_nat: 0.3101085333139576, nat_loss: 0.022525491192936897, weight_adv: 0.6898914666860424, adv_loss: 0.033537063747644424 weight-klloss3 0.016347999999999998 Loss3: 0.037207409739494324 clean_ce: 0.17273657023906708, adv_ce: 1.3477104902267456, adv_margin: 0.5787150263786316, clean_gate: 0.5076902508735657, teacher_margin: 0.6090101003646851, teacher_margin_gate: 0.68915855884552, teacher_clean_gate: 1.0, teacher_adv_gate: 1.0, tm_grad_cos: 0.8084219098091125, tm_scale: 1.0, tm_ps_scale: 1.0, pcgrad_conflicts: 0/0
2026-07-03 22:43:56.200 | INFO     | __main__:<module>:917 - lr:0.1 weight_nat: 0.3121387141231496, nat_loss: 0.025456378236413002, weight_adv: 0.6878612858768505, adv_loss: 0.037189655005931854 weight-klloss3 0.016347999999999998 Loss3: 0.04388372227549553 clean_ce: 0.14650924503803253, adv_ce: 1.4716535806655884, adv_margin: 0.7566550970077515, clean_gate: 0.4481534957885742, teacher_margin: 0.7448734045028687, teacher_margin_gate: 0.6688693761825562, teacher_clean_gate: 1.0, teacher_adv_gate: 1.0, tm_grad_cos: 0.8375313878059387, tm_scale: 1.0, tm_ps_scale: 1.0, pcgrad_conflicts: 0/0
2026-07-03 22:44:24.877 | INFO     | __main__:<module>:917 - lr:0.1 weight_nat: 0.3108167583929139, nat_loss: 0.02586408331990242, weight_adv: 0.6891832416070862, adv_loss: 0.03516591340303421 weight-klloss3 0.016347999999999998 Loss3: 0.019756967201828957 clean_ce: 0.14320528507232666, adv_ce: 1.5995150804519653, adv_margin: 0.860259473323822, clean_gate: 0.4222404956817627, teacher_margin: 0.6246697306632996, teacher_margin_gate: 0.6126631498336792, teacher_clean_gate: 1.0, teacher_adv_gate: 1.0, tm_grad_cos: 0.7747378349304199, tm_scale: 1.0, tm_ps_scale: 1.0, pcgrad_conflicts: 0/0
2026-07-03 22:44:53.552 | INFO     | __main__:<module>:917 - lr:0.1 weight_nat: 0.3120866107566426, nat_loss: 0.022715801373124123, weight_adv: 0.6879133892433574, adv_loss: 0.04286358878016472 weight-klloss3 0.016347999999999998 Loss3: 0.03927486389875412 clean_ce: 0.14056256413459778, adv_ce: 1.4216562509536743, adv_margin: 0.7219372987747192, clean_gate: 0.45428144931793213, teacher_margin: 0.9137691855430603, teacher_margin_gate: 0.7293627858161926, teacher_clean_gate: 1.0, teacher_adv_gate: 1.0, tm_grad_cos: 0.8498449325561523, tm_scale: 1.0, tm_ps_scale: 1.0, pcgrad_conflicts: 0/0
2026-07-03 22:45:19.271 | INFO     | __main__:<module>:482 - the 17th epoch 
2026-07-03 22:45:19.574 | INFO     | __main__:<module>:917 - lr:0.1 weight_nat: 0.311536776479557, nat_loss: 0.025551844388246536, weight_adv: 0.6884632235204431, adv_loss: 0.035171136260032654 weight-klloss3 0.01736975 Loss3: 0.03852536156773567 clean_ce: 0.12592369318008423, adv_ce: 1.4954599142074585, adv_margin: 0.848514199256897, clean_gate: 0.4773966670036316, teacher_margin: 0.6487549543380737, teacher_margin_gate: 0.6603280305862427, teacher_clean_gate: 1.0, teacher_adv_gate: 1.0, tm_grad_cos: 0.7894138097763062, tm_scale: 1.0, tm_ps_scale: 1.0, pcgrad_conflicts: 0/0
2026-07-03 22:45:48.229 | INFO     | __main__:<module>:917 - lr:0.1 weight_nat: 0.31559622171391716, nat_loss: 0.026585368439555168, weight_adv: 0.6844037782860829, adv_loss: 0.036695726215839386 weight-klloss3 0.01736975 Loss3: 0.022046875208616257 clean_ce: 0.1369420886039734, adv_ce: 1.5482254028320312, adv_margin: 0.90265291929245, clean_gate: 0.4460723102092743, teacher_margin: 0.6636449098587036, teacher_margin_gate: 0.6454960703849792, teacher_clean_gate: 1.0, teacher_adv_gate: 1.0, tm_grad_cos: 0.8065245151519775, tm_scale: 1.0, tm_ps_scale: 1.0, pcgrad_conflicts: 0/0
2026-07-03 22:46:16.899 | INFO     | __main__:<module>:917 - lr:0.1 weight_nat: 0.3061845083528719, nat_loss: 0.022382978349924088, weight_adv: 0.6938154916471281, adv_loss: 0.03274517506361008 weight-klloss3 0.01736975 Loss3: 0.024404074996709824 clean_ce: 0.1610107570886612, adv_ce: 1.2997679710388184, adv_margin: 0.5955531597137451, clean_gate: 0.5152715444564819, teacher_margin: 0.6420631408691406, teacher_margin_gate: 0.6964524388313293, teacher_clean_gate: 1.0, teacher_adv_gate: 1.0, tm_grad_cos: 0.8241063356399536, tm_scale: 1.0, tm_ps_scale: 1.0, pcgrad_conflicts: 0/0
2026-07-03 22:46:45.439 | INFO     | __main__:<module>:917 - lr:0.1 weight_nat: 0.30543641096184126, nat_loss: 0.032195717096328735, weight_adv: 0.6945635890381587, adv_loss: 0.041919708251953125 weight-klloss3 0.01736975 Loss3: 0.03611525520682335 clean_ce: 0.1347450464963913, adv_ce: 1.656814694404602, adv_margin: 0.9759458303451538, clean_gate: 0.40987133979797363, teacher_margin: 0.7188225984573364, teacher_margin_gate: 0.6166903972625732, teacher_clean_gate: 1.0, teacher_adv_gate: 1.0, tm_grad_cos: 0.7863684296607971, tm_scale: 1.0, tm_ps_scale: 1.0, pcgrad_conflicts: 0/0
2026-07-03 22:47:11.125 | INFO     | __main__:<module>:482 - the 18th epoch 
2026-07-03 22:47:11.423 | INFO     | __main__:<module>:917 - lr:0.1 weight_nat: 0.3077718024164075, nat_loss: 0.027781087905168533, weight_adv: 0.6922281975835924, adv_loss: 0.033798299729824066 weight-klloss3 0.018391499999999998 Loss3: 0.03418760001659393 clean_ce: 0.1400454193353653, adv_ce: 1.5442063808441162, adv_margin: 0.8495254516601562, clean_gate: 0.43550199270248413, teacher_margin: 0.6145512461662292, teacher_margin_gate: 0.6003053188323975, teacher_clean_gate: 1.0, teacher_adv_gate: 1.0, tm_grad_cos: 0.7739304900169373, tm_scale: 1.0, tm_ps_scale: 1.0, pcgrad_conflicts: 0/0
2026-07-03 22:47:40.082 | INFO     | __main__:<module>:917 - lr:0.1 weight_nat: 0.3132197190514403, nat_loss: 0.01897197961807251, weight_adv: 0.6867802809485598, adv_loss: 0.03283454477787018 weight-klloss3 0.018391499999999998 Loss3: 0.03826156631112099 clean_ce: 0.15786315500736237, adv_ce: 1.3485454320907593, adv_margin: 0.6292385458946228, clean_gate: 0.5048885345458984, teacher_margin: 0.6698741912841797, teacher_margin_gate: 0.7065668702125549, teacher_clean_gate: 1.0, teacher_adv_gate: 1.0, tm_grad_cos: 0.8152704834938049, tm_scale: 1.0, tm_ps_scale: 1.0, pcgrad_conflicts: 0/0
2026-07-03 22:48:08.734 | INFO     | __main__:<module>:917 - lr:0.1 weight_nat: 0.30922305056275484, nat_loss: 0.023345736786723137, weight_adv: 0.6907769494372451, adv_loss: 0.03668250888586044 weight-klloss3 0.018391499999999998 Loss3: 0.028850948438048363 clean_ce: 0.1437360942363739, adv_ce: 1.4392468929290771, adv_margin: 0.7475600242614746, clean_gate: 0.47360798716545105, teacher_margin: 0.7657924294471741, teacher_margin_gate: 0.698767900466919, teacher_clean_gate: 1.0, teacher_adv_gate: 1.0, tm_grad_cos: 0.8313532471656799, tm_scale: 1.0, tm_ps_scale: 1.0, pcgrad_conflicts: 0/0
2026-07-03 22:48:37.395 | INFO     | __main__:<module>:917 - lr:0.1 weight_nat: 0.3079641220201018, nat_loss: 0.022142011672258377, weight_adv: 0.6920358779798982, adv_loss: 0.03447414189577103 weight-klloss3 0.018391499999999998 Loss3: 0.041555605828762054 clean_ce: 0.12959502637386322, adv_ce: 1.4706454277038574, adv_margin: 0.7879611253738403, clean_gate: 0.4696911871433258, teacher_margin: 0.6353557109832764, teacher_margin_gate: 0.649497389793396, teacher_clean_gate: 1.0, teacher_adv_gate: 1.0, tm_grad_cos: 0.797012984752655, tm_scale: 1.0, tm_ps_scale: 1.0, pcgrad_conflicts: 0/0
2026-07-03 22:49:03.086 | INFO     | __main__:<module>:482 - the 19th epoch 
2026-07-03 22:49:03.385 | INFO     | __main__:<module>:917 - lr:0.1 weight_nat: 0.3110859102271146, nat_loss: 0.020960895344614983, weight_adv: 0.6889140897728854, adv_loss: 0.03292088583111763 weight-klloss3 0.019413249999999996 Loss3: 0.03900902718305588 clean_ce: 0.15184873342514038, adv_ce: 1.340487003326416, adv_margin: 0.6718420386314392, clean_gate: 0.5004191994667053, teacher_margin: 0.6289331316947937, teacher_margin_gate: 0.6793571710586548, teacher_clean_gate: 1.0, teacher_adv_gate: 1.0, tm_grad_cos: 0.8313862681388855, tm_scale: 1.0, tm_ps_scale: 1.0, pcgrad_conflicts: 0/0
2026-07-03 22:49:31.990 | INFO     | __main__:<module>:917 - lr:0.1 weight_nat: 0.3112811637819848, nat_loss: 0.02345673367381096, weight_adv: 0.6887188362180153, adv_loss: 0.028816107660531998 weight-klloss3 0.019413249999999996 Loss3: 0.03239412233233452 clean_ce: 0.15121185779571533, adv_ce: 1.349440097808838, adv_margin: 0.6717746257781982, clean_gate: 0.5022941827774048, teacher_margin: 0.5660684704780579, teacher_margin_gate: 0.661119282245636, teacher_clean_gate: 1.0, teacher_adv_gate: 1.0, tm_grad_cos: 0.7774057388305664, tm_scale: 1.0, tm_ps_scale: 1.0, pcgrad_conflicts: 0/0
2026-07-03 22:50:00.568 | INFO     | __main__:<module>:917 - lr:0.1 weight_nat: 0.3077192569939359, nat_loss: 0.023971455171704292, weight_adv: 0.6922807430060642, adv_loss: 0.033063728362321854 weight-klloss3 0.019413249999999996 Loss3: 0.03364657610654831 clean_ce: 0.14371350407600403, adv_ce: 1.3739899396896362, adv_margin: 0.7187224626541138, clean_gate: 0.4981129467487335, teacher_margin: 0.6605786681175232, teacher_margin_gate: 0.6745306253433228, teacher_clean_gate: 1.0, teacher_adv_gate: 1.0, tm_grad_cos: 0.8091838955879211, tm_scale: 1.0, tm_ps_scale: 1.0, pcgrad_conflicts: 0/0
2026-07-03 22:50:29.165 | INFO     | __main__:<module>:917 - lr:0.1 weight_nat: 0.31263063942017383, nat_loss: 0.026850853115320206, weight_adv: 0.6873693605798262, adv_loss: 0.03155931457877159 weight-klloss3 0.019413249999999996 Loss3: 0.028428785502910614 clean_ce: 0.12968379259109497, adv_ce: 1.4713993072509766, adv_margin: 0.8010050058364868, clean_gate: 0.46635639667510986, teacher_margin: 0.6160515546798706, teacher_margin_gate: 0.6422173380851746, teacher_clean_gate: 1.0, teacher_adv_gate: 1.0, tm_grad_cos: 0.8013015985488892, tm_scale: 1.0, tm_ps_scale: 1.0, pcgrad_conflicts: 0/0
2026-07-03 22:50:54.775 | INFO     | __main__:<module>:482 - the 20th epoch 
2026-07-03 22:50:55.074 | INFO     | __main__:<module>:917 - lr:0.1 weight_nat: 0.3085809885484532, nat_loss: 0.023413730785250664, weight_adv: 0.6914190114515469, adv_loss: 0.0351884588599205 weight-klloss3 0.020435 Loss3: 0.038492027670145035 clean_ce: 0.13452616333961487, adv_ce: 1.424919843673706, adv_margin: 0.7649220824241638, clean_gate: 0.48712795972824097, teacher_margin: 0.6741209626197815, teacher_margin_gate: 0.6748110055923462, teacher_clean_gate: 1.0, teacher_adv_gate: 1.0, tm_grad_cos: 0.7982117533683777, tm_scale: 1.0, tm_ps_scale: 1.0, pcgrad_conflicts: 0/0
2026-07-03 22:51:23.687 | INFO     | __main__:<module>:917 - lr:0.1 weight_nat: 0.3119113664812419, nat_loss: 0.024481220170855522, weight_adv: 0.6880886335187582, adv_loss: 0.03346474468708038 weight-klloss3 0.020435 Loss3: 0.02770397439599037 clean_ce: 0.14395061135292053, adv_ce: 1.500376582145691, adv_margin: 0.8387287259101868, clean_gate: 0.442862331867218, teacher_margin: 0.6450167894363403, teacher_margin_gate: 0.6238270998001099, teacher_clean_gate: 1.0, teacher_adv_gate: 1.0, tm_grad_cos: 0.798900306224823, tm_scale: 1.0, tm_ps_scale: 1.0, pcgrad_conflicts: 0/0
2026-07-03 22:51:52.286 | INFO     | __main__:<module>:917 - lr:0.1 weight_nat: 0.30811378482242513, nat_loss: 0.024704203009605408, weight_adv: 0.6918862151775749, adv_loss: 0.03552728891372681 weight-klloss3 0.020435 Loss3: 0.03475406765937805 clean_ce: 0.14394667744636536, adv_ce: 1.475239872932434, adv_margin: 0.7561196088790894, clean_gate: 0.4591537415981293, teacher_margin: 0.7239160537719727, teacher_margin_gate: 0.6641861200332642, teacher_clean_gate: 1.0, teacher_adv_gate: 1.0, tm_grad_cos: 0.8193941712379456, tm_scale: 1.0, tm_ps_scale: 1.0, pcgrad_conflicts: 0/0
2026-07-03 22:52:20.949 | INFO     | __main__:<module>:917 - lr:0.1 weight_nat: 0.30898959556407335, nat_loss: 0.02191728912293911, weight_adv: 0.6910104044359267, adv_loss: 0.03399212285876274 weight-klloss3 0.020435 Loss3: 0.04337945580482483 clean_ce: 0.1279674470424652, adv_ce: 1.440046787261963, adv_margin: 0.7864933609962463, clean_gate: 0.46606817841529846, teacher_margin: 0.6743712425231934, teacher_margin_gate: 0.6589723825454712, teacher_clean_gate: 1.0, teacher_adv_gate: 1.0, tm_grad_cos: 0.8129163980484009, tm_scale: 1.0, tm_ps_scale: 1.0, pcgrad_conflicts: 0/0
2026-07-03 22:53:04.580 | INFO     | __main__:<module>:974 - student robust acc 0.1000, teacher robust acc 0.8180, nat teacher robust acc 0.8656
2026-07-03 22:53:09.559 | INFO     | __main__:<module>:1061 - student natural acc 0.1000, adv teacher natural acc 0.8515, nat teacher natural acc 0.9318
2026-07-03 22:53:09.562 | INFO     | __main__:<module>:482 - the 21th epoch 
2026-07-03 22:53:09.862 | INFO     | __main__:<module>:917 - lr:0.1 weight_nat: 0.30233615268354813, nat_loss: 0.019552595913410187, weight_adv: 0.6976638473164518, adv_loss: 0.02732551470398903 weight-klloss3 0.02145675 Loss3: 0.04601307213306427 clean_ce: 0.15575671195983887, adv_ce: 1.2925471067428589, adv_margin: 0.620002806186676, clean_gate: 0.5120167136192322, teacher_margin: 0.5139741897583008, teacher_margin_gate: 0.6517971754074097, teacher_clean_gate: 1.0, teacher_adv_gate: 1.0, tm_grad_cos: 0.7755045890808105, tm_scale: 1.0, tm_ps_scale: 1.0, pcgrad_conflicts: 0/0
2026-07-03 22:53:38.675 | INFO     | __main__:<module>:917 - lr:0.1 weight_nat: 0.2961537530035631, nat_loss: 0.019390473142266273, weight_adv: 0.7038462469964368, adv_loss: 0.030769990757107735 weight-klloss3 0.02145675 Loss3: 0.04348688945174217 clean_ce: 0.1313336193561554, adv_ce: 1.3468616008758545, adv_margin: 0.7091256380081177, clean_gate: 0.5053536891937256, teacher_margin: 0.5990810394287109, teacher_margin_gate: 0.675652265548706, teacher_clean_gate: 1.0, teacher_adv_gate: 1.0, tm_grad_cos: 0.8081268668174744, tm_scale: 1.0, tm_ps_scale: 1.0, pcgrad_conflicts: 0/0
2026-07-03 22:54:07.424 | INFO     | __main__:<module>:917 - lr:0.1 weight_nat: 0.30558895186596474, nat_loss: 0.02323112264275551, weight_adv: 0.6944110481340353, adv_loss: 0.029828574508428574 weight-klloss3 0.02145675 Loss3: 0.0314384326338768 clean_ce: 0.1364174783229828, adv_ce: 1.4993176460266113, adv_margin: 0.8049942851066589, clean_gate: 0.4516814351081848, teacher_margin: 0.5960711240768433, teacher_margin_gate: 0.6241992712020874, teacher_clean_gate: 1.0, teacher_adv_gate: 1.0, tm_grad_cos: 0.7861525416374207, tm_scale: 1.0, tm_ps_scale: 1.0, pcgrad_conflicts: 0/0
2026-07-03 22:54:36.177 | INFO     | __main__:<module>:917 - lr:0.1 weight_nat: 0.3047490718318476, nat_loss: 0.024069616571068764, weight_adv: 0.6952509281681525, adv_loss: 0.032589979469776154 weight-klloss3 0.02145675 Loss3: 0.03668523207306862 clean_ce: 0.14739476144313812, adv_ce: 1.3101744651794434, adv_margin: 0.6419650316238403, clean_gate: 0.5060814619064331, teacher_margin: 0.6762018203735352, teacher_margin_gate: 0.6875102519989014, teacher_clean_gate: 1.0, teacher_adv_gate: 1.0, tm_grad_cos: 0.8119816184043884, tm_scale: 1.0, tm_ps_scale: 1.0, pcgrad_conflicts: 0/0
2026-07-03 22:55:02.754 | INFO     | __main__:<module>:482 - the 22th epoch 
2026-07-03 22:55:03.062 | INFO     | __main__:<module>:917 - lr:0.1 weight_nat: 0.30672460909237387, nat_loss: 0.02415059320628643, weight_adv: 0.6932753909076261, adv_loss: 0.031304534524679184 weight-klloss3 0.0224785 Loss3: 0.04044273495674133 clean_ce: 0.14589828252792358, adv_ce: 1.5032716989517212, adv_margin: 0.8239789009094238, clean_gate: 0.46600329875946045, teacher_margin: 0.5889250040054321, teacher_margin_gate: 0.642137885093689, teacher_clean_gate: 1.0, teacher_adv_gate: 1.0, tm_grad_cos: 0.7906544208526611, tm_scale: 1.0, tm_ps_scale: 1.0, pcgrad_conflicts: 0/0
2026-07-03 22:55:32.238 | INFO     | __main__:<module>:917 - lr:0.1 weight_nat: 0.30553854895954086, nat_loss: 0.025361722335219383, weight_adv: 0.6944614510404592, adv_loss: 0.0318339541554451 weight-klloss3 0.0224785 Loss3: 0.03834492713212967 clean_ce: 0.14949293434619904, adv_ce: 1.510763168334961, adv_margin: 0.7996184229850769, clean_gate: 0.4630742073059082, teacher_margin: 0.6248893737792969, teacher_margin_gate: 0.6389726996421814, teacher_clean_gate: 1.0, teacher_adv_gate: 1.0, tm_grad_cos: 0.7857648134231567, tm_scale: 1.0, tm_ps_scale: 1.0, pcgrad_conflicts: 0/0
2026-07-03 22:56:01.516 | INFO     | __main__:<module>:917 - lr:0.1 weight_nat: 0.30601735176493633, nat_loss: 0.023138372227549553, weight_adv: 0.6939826482350637, adv_loss: 0.034893590956926346 weight-klloss3 0.0224785 Loss3: 0.027489515021443367 clean_ce: 0.15275301039218903, adv_ce: 1.43696129322052, adv_margin: 0.7266639471054077, clean_gate: 0.4953773617744446, teacher_margin: 0.6392590999603271, teacher_margin_gate: 0.6797179579734802, teacher_clean_gate: 1.0, teacher_adv_gate: 1.0, tm_grad_cos: 0.8189708590507507, tm_scale: 1.0, tm_ps_scale: 1.0, pcgrad_conflicts: 0/0
2026-07-03 22:56:30.798 | INFO     | __main__:<module>:917 - lr:0.1 weight_nat: 0.30687733540342704, nat_loss: 0.02063845470547676, weight_adv: 0.693122664596573, adv_loss: 0.02685290202498436 weight-klloss3 0.0224785 Loss3: 0.04038648307323456 clean_ce: 0.13971802592277527, adv_ce: 1.3537275791168213, adv_margin: 0.6858818531036377, clean_gate: 0.5001851320266724, teacher_margin: 0.5217167735099792, teacher_margin_gate: 0.6580207347869873, teacher_clean_gate: 1.0, teacher_adv_gate: 1.0, tm_grad_cos: 0.8110445737838745, tm_scale: 1.0, tm_ps_scale: 1.0, pcgrad_conflicts: 0/0
2026-07-03 22:56:57.057 | INFO     | __main__:<module>:482 - the 23th epoch 
2026-07-03 22:56:57.362 | INFO     | __main__:<module>:917 - lr:0.1 weight_nat: 0.30523659544351833, nat_loss: 0.018541892990469933, weight_adv: 0.6947634045564817, adv_loss: 0.02763238176703453 weight-klloss3 0.023500249999999997 Loss3: 0.03901197761297226 clean_ce: 0.13512805104255676, adv_ce: 1.3217496871948242, adv_margin: 0.714139461517334, clean_gate: 0.4972265660762787, teacher_margin: 0.6322008371353149, teacher_margin_gate: 0.6797640919685364, teacher_clean_gate: 1.0, teacher_adv_gate: 1.0, tm_grad_cos: 0.8155109286308289, tm_scale: 1.0, tm_ps_scale: 1.0, pcgrad_conflicts: 0/0
2026-07-03 22:57:26.706 | INFO     | __main__:<module>:917 - lr:0.1 weight_nat: 0.30656155795094925, nat_loss: 0.02127358317375183, weight_adv: 0.6934384420490508, adv_loss: 0.02803882397711277 weight-klloss3 0.023500249999999997 Loss3: 0.045958273112773895 clean_ce: 0.14786209166049957, adv_ce: 1.3907097578048706, adv_margin: 0.7080833911895752, clean_gate: 0.4825769364833832, teacher_margin: 0.5879853963851929, teacher_margin_gate: 0.6358842849731445, teacher_clean_gate: 1.0, teacher_adv_gate: 1.0, tm_grad_cos: 0.8067337274551392, tm_scale: 1.0, tm_ps_scale: 1.0, pcgrad_conflicts: 0/0
2026-07-03 22:57:56.050 | INFO     | __main__:<module>:917 - lr:0.1 weight_nat: 0.29847273745924857, nat_loss: 0.022405361756682396, weight_adv: 0.7015272625407515, adv_loss: 0.032314904034137726 weight-klloss3 0.023500249999999997 Loss3: 0.024740787222981453 clean_ce: 0.13135279715061188, adv_ce: 1.5148119926452637, adv_margin: 0.8643714785575867, clean_gate: 0.4640086591243744, teacher_margin: 0.5339308977127075, teacher_margin_gate: 0.603607177734375, teacher_clean_gate: 1.0, teacher_adv_gate: 1.0, tm_grad_cos: 0.756565272808075, tm_scale: 1.0, tm_ps_scale: 1.0, pcgrad_conflicts: 0/0
2026-07-03 22:58:25.224 | INFO     | __main__:<module>:917 - lr:0.1 weight_nat: 0.3015627118547265, nat_loss: 0.023490523919463158, weight_adv: 0.6984372881452735, adv_loss: 0.029571883380413055 weight-klloss3 0.023500249999999997 Loss3: 0.033521223813295364 clean_ce: 0.1333610564470291, adv_ce: 1.3881523609161377, adv_margin: 0.7503753304481506, clean_gate: 0.5135830640792847, teacher_margin: 0.5684905052185059, teacher_margin_gate: 0.6671141386032104, teacher_clean_gate: 1.0, teacher_adv_gate: 1.0, tm_grad_cos: 0.7803797721862793, tm_scale: 1.0, tm_ps_scale: 1.0, pcgrad_conflicts: 0/0
2026-07-03 22:58:51.016 | INFO     | __main__:<module>:482 - the 24th epoch 
2026-07-03 22:58:51.315 | INFO     | __main__:<module>:917 - lr:0.1 weight_nat: 0.2960269976545535, nat_loss: 0.021912043914198875, weight_adv: 0.7039730023454465, adv_loss: 0.03308580443263054 weight-klloss3 0.024522 Loss3: 0.03883196413516998 clean_ce: 0.14900264143943787, adv_ce: 1.4733943939208984, adv_margin: 0.7883829474449158, clean_gate: 0.4515649378299713, teacher_margin: 0.6934295892715454, teacher_margin_gate: 0.6551218032836914, teacher_clean_gate: 1.0, teacher_adv_gate: 1.0, tm_grad_cos: 0.8159778118133545, tm_scale: 1.0, tm_ps_scale: 1.0, pcgrad_conflicts: 0/0
2026-07-03 22:59:20.036 | INFO     | __main__:<module>:917 - lr:0.1 weight_nat: 0.2963140362720837, nat_loss: 0.01506971288472414, weight_adv: 0.7036859637279164, adv_loss: 0.030307555571198463 weight-klloss3 0.024522 Loss3: 0.037657495588064194 clean_ce: 0.1365622878074646, adv_ce: 1.1819257736206055, adv_margin: 0.5625613927841187, clean_gate: 0.5547076463699341, teacher_margin: 0.6041256785392761, teacher_margin_gate: 0.7198542952537537, teacher_clean_gate: 1.0, teacher_adv_gate: 1.0, tm_grad_cos: 0.818117082118988, tm_scale: 1.0, tm_ps_scale: 1.0, pcgrad_conflicts: 0/0
2026-07-03 22:59:48.755 | INFO     | __main__:<module>:917 - lr:0.1 weight_nat: 0.3005134959919542, nat_loss: 0.022404596209526062, weight_adv: 0.6994865040080458, adv_loss: 0.04100748524069786 weight-klloss3 0.024522 Loss3: 0.0398213230073452 clean_ce: 0.11857933551073074, adv_ce: 1.6296586990356445, adv_margin: 0.9311560988426208, clean_gate: 0.4093409478664398, teacher_margin: 0.7940433025360107, teacher_margin_gate: 0.6302632093429565, teacher_clean_gate: 1.0, teacher_adv_gate: 1.0, tm_grad_cos: 0.816641628742218, tm_scale: 1.0, tm_ps_scale: 1.0, pcgrad_conflicts: 0/0
2026-07-03 23:00:17.482 | INFO     | __main__:<module>:917 - lr:0.1 weight_nat: 0.29623285833758056, nat_loss: 0.01828492246568203, weight_adv: 0.7037671416624195, adv_loss: 0.033188194036483765 weight-klloss3 0.024522 Loss3: 0.03799224644899368 clean_ce: 0.13179971277713776, adv_ce: 1.3994033336639404, adv_margin: 0.7371158599853516, clean_gate: 0.48470789194107056, teacher_margin: 0.6875686645507812, teacher_margin_gate: 0.6771114468574524, teacher_clean_gate: 1.0, teacher_adv_gate: 1.0, tm_grad_cos: 0.8161483407020569, tm_scale: 1.0, tm_ps_scale: 1.0, pcgrad_conflicts: 0/0
2026-07-03 23:00:43.200 | INFO     | __main__:<module>:482 - the 25th epoch 
2026-07-03 23:00:43.500 | INFO     | __main__:<module>:917 - lr:0.1 weight_nat: 0.30399845485393784, nat_loss: 0.01811111532151699, weight_adv: 0.6960015451460622, adv_loss: 0.028699325397610664 weight-klloss3 0.025543749999999997 Loss3: 0.024808097630739212 clean_ce: 0.15030865371227264, adv_ce: 1.2795522212982178, adv_margin: 0.589979350566864, clean_gate: 0.5277237892150879, teacher_margin: 0.5679473280906677, teacher_margin_gate: 0.672220766544342, teacher_clean_gate: 1.0, teacher_adv_gate: 1.0, tm_grad_cos: 0.7876005172729492, tm_scale: 1.0, tm_ps_scale: 1.0, pcgrad_conflicts: 0/0
2026-07-03 23:01:12.164 | INFO     | __main__:<module>:917 - lr:0.1 weight_nat: 0.29748489423487245, nat_loss: 0.01866803877055645, weight_adv: 0.7025151057651275, adv_loss: 0.03611702471971512 weight-klloss3 0.025543749999999997 Loss3: 0.046421024948358536 clean_ce: 0.1205354779958725, adv_ce: 1.4691693782806396, adv_margin: 0.8226422071456909, clean_gate: 0.4360639750957489, teacher_margin: 0.6951898336410522, teacher_margin_gate: 0.6450706720352173, teacher_clean_gate: 1.0, teacher_adv_gate: 1.0, tm_grad_cos: 0.8260557055473328, tm_scale: 1.0, tm_ps_scale: 1.0, pcgrad_conflicts: 0/0
2026-07-03 23:01:40.852 | INFO     | __main__:<module>:917 - lr:0.1 weight_nat: 0.29813156372943966, nat_loss: 0.019344469532370567, weight_adv: 0.7018684362705603, adv_loss: 0.028570257127285004 weight-klloss3 0.025543749999999997 Loss3: 0.03762295842170715 clean_ce: 0.13891690969467163, adv_ce: 1.4672489166259766, adv_margin: 0.7820793390274048, clean_gate: 0.472915381193161, teacher_margin: 0.5485711097717285, teacher_margin_gate: 0.6290509104728699, teacher_clean_gate: 1.0, teacher_adv_gate: 1.0, tm_grad_cos: 0.804474949836731, tm_scale: 1.0, tm_ps_scale: 1.0, pcgrad_conflicts: 0/0
2026-07-03 23:02:09.543 | INFO     | __main__:<module>:917 - lr:0.1 weight_nat: 0.2946317684183709, nat_loss: 0.019070236012339592, weight_adv: 0.7053682315816292, adv_loss: 0.03697967529296875 weight-klloss3 0.025543749999999997 Loss3: 0.03902090713381767 clean_ce: 0.12001641094684601, adv_ce: 1.540696620941162, adv_margin: 0.8692216277122498, clean_gate: 0.42957451939582825, teacher_margin: 0.7560245394706726, teacher_margin_gate: 0.648378849029541, teacher_clean_gate: 1.0, teacher_adv_gate: 1.0, tm_grad_cos: 0.8329977989196777, tm_scale: 1.0, tm_ps_scale: 1.0, pcgrad_conflicts: 0/0
2026-07-03 23:02:35.516 | INFO     | __main__:<module>:482 - the 26th epoch 
2026-07-03 23:02:35.818 | INFO     | __main__:<module>:917 - lr:0.1 weight_nat: 0.2974480254746698, nat_loss: 0.016074851155281067, weight_adv: 0.7025519745253302, adv_loss: 0.024626875296235085 weight-klloss3 0.0265655 Loss3: 0.033776603639125824 clean_ce: 0.1505626142024994, adv_ce: 1.1505329608917236, adv_margin: 0.49004149436950684, clean_gate: 0.563746452331543, teacher_margin: 0.5008252859115601, teacher_margin_gate: 0.6995644569396973, teacher_clean_gate: 1.0, teacher_adv_gate: 1.0, tm_grad_cos: 0.7874044179916382, tm_scale: 1.0, tm_ps_scale: 1.0, pcgrad_conflicts: 0/0
2026-07-03 23:03:04.886 | INFO     | __main__:<module>:917 - lr:0.1 weight_nat: 0.2995763147005394, nat_loss: 0.014344117604196072, weight_adv: 0.7004236852994606, adv_loss: 0.03249245882034302 weight-klloss3 0.0265655 Loss3: 0.04699207842350006 clean_ce: 0.1326604038476944, adv_ce: 1.2954257726669312, adv_margin: 0.6427157521247864, clean_gate: 0.5008277893066406, teacher_margin: 0.7316820621490479, teacher_margin_gate: 0.7322816848754883, teacher_clean_gate: 1.0, teacher_adv_gate: 1.0, tm_grad_cos: 0.8401230573654175, tm_scale: 1.0, tm_ps_scale: 1.0, pcgrad_conflicts: 0/0
2026-07-03 23:03:34.064 | INFO     | __main__:<module>:917 - lr:0.1 weight_nat: 0.29518637053629043, nat_loss: 0.02252095937728882, weight_adv: 0.7048136294637096, adv_loss: 0.033199481666088104 weight-klloss3 0.0265655 Loss3: 0.030893173068761826 clean_ce: 0.127476304769516, adv_ce: 1.5864990949630737, adv_margin: 0.878581166267395, clean_gate: 0.43664294481277466, teacher_margin: 0.6432056427001953, teacher_margin_gate: 0.6027437448501587, teacher_clean_gate: 1.0, teacher_adv_gate: 1.0, tm_grad_cos: 0.80153489112854, tm_scale: 1.0, tm_ps_scale: 1.0, pcgrad_conflicts: 0/0
2026-07-03 23:04:03.245 | INFO     | __main__:<module>:917 - lr:0.1 weight_nat: 0.2869681559381046, nat_loss: 0.015491113066673279, weight_adv: 0.7130318440618955, adv_loss: 0.03613828495144844 weight-klloss3 0.0265655 Loss3: 0.05218035727739334 clean_ce: 0.13555289804935455, adv_ce: 1.5029290914535522, adv_margin: 0.8825174570083618, clean_gate: 0.4432194232940674, teacher_margin: 0.67729651927948, teacher_margin_gate: 0.6370279788970947, teacher_clean_gate: 1.0, teacher_adv_gate: 1.0, tm_grad_cos: 0.8033633828163147, tm_scale: 1.0, tm_ps_scale: 1.0, pcgrad_conflicts: 0/0
2026-07-03 23:04:29.410 | INFO     | __main__:<module>:482 - the 27th epoch 
2026-07-03 23:04:29.717 | INFO     | __main__:<module>:917 - lr:0.1 weight_nat: 0.29434773520389107, nat_loss: 0.022165242582559586, weight_adv: 0.705652264796109, adv_loss: 0.031114503741264343 weight-klloss3 0.02758725 Loss3: 0.03321085497736931 clean_ce: 0.1216336041688919, adv_ce: 1.5317068099975586, adv_margin: 0.8519219756126404, clean_gate: 0.44476139545440674, teacher_margin: 0.6463757157325745, teacher_margin_gate: 0.6332566142082214, teacher_clean_gate: 1.0, teacher_adv_gate: 1.0, tm_grad_cos: 0.8267660737037659, tm_scale: 1.0, tm_ps_scale: 1.0, pcgrad_conflicts: 0/0
2026-07-03 23:04:58.930 | INFO     | __main__:<module>:917 - lr:0.1 weight_nat: 0.2923702122586686, nat_loss: 0.013845883309841156, weight_adv: 0.7076297877413315, adv_loss: 0.02766592800617218 weight-klloss3 0.02758725 Loss3: 0.02607741206884384 clean_ce: 0.13700465857982635, adv_ce: 1.2947231531143188, adv_margin: 0.6927550435066223, clean_gate: 0.547397255897522, teacher_margin: 0.495236337184906, teacher_margin_gate: 0.6838988065719604, teacher_clean_gate: 1.0, teacher_adv_gate: 1.0, tm_grad_cos: 0.7795738577842712, tm_scale: 1.0, tm_ps_scale: 1.0, pcgrad_conflicts: 0/0
2026-07-03 23:05:28.130 | INFO     | __main__:<module>:917 - lr:0.1 weight_nat: 0.2956983201008157, nat_loss: 0.016988802701234818, weight_adv: 0.7043016798991844, adv_loss: 0.03312714397907257 weight-klloss3 0.02758725 Loss3: 0.03181806951761246 clean_ce: 0.1453956961631775, adv_ce: 1.3255101442337036, adv_margin: 0.6865423917770386, clean_gate: 0.5124292373657227, teacher_margin: 0.6646133065223694, teacher_margin_gate: 0.7022510766983032, teacher_clean_gate: 1.0, teacher_adv_gate: 1.0, tm_grad_cos: 0.8221299648284912, tm_scale: 1.0, tm_ps_scale: 1.0, pcgrad_conflicts: 0/0
2026-07-03 23:05:57.113 | INFO     | __main__:<module>:917 - lr:0.1 weight_nat: 0.2954327745090434, nat_loss: 0.018599972128868103, weight_adv: 0.7045672254909565, adv_loss: 0.025758063420653343 weight-klloss3 0.02758725 Loss3: 0.03922941908240318 clean_ce: 0.14369478821754456, adv_ce: 1.2927546501159668, adv_margin: 0.6263388395309448, clean_gate: 0.5318213105201721, teacher_margin: 0.5359567999839783, teacher_margin_gate: 0.6853786706924438, teacher_clean_gate: 1.0, teacher_adv_gate: 1.0, tm_grad_cos: 0.778834342956543, tm_scale: 1.0, tm_ps_scale: 1.0, pcgrad_conflicts: 0/0
2026-07-03 23:06:22.976 | INFO     | __main__:<module>:482 - the 28th epoch 
2026-07-03 23:06:23.278 | INFO     | __main__:<module>:917 - lr:0.1 weight_nat: 0.2967217579038559, nat_loss: 0.02068585343658924, weight_adv: 0.7032782420961441, adv_loss: 0.03315303847193718 weight-klloss3 0.028608999999999996 Loss3: 0.037966251373291016 clean_ce: 0.13415062427520752, adv_ce: 1.5217211246490479, adv_margin: 0.7702025175094604, clean_gate: 0.4436779022216797, teacher_margin: 0.6511396169662476, teacher_margin_gate: 0.629241943359375, teacher_clean_gate: 1.0, teacher_adv_gate: 1.0, tm_grad_cos: 0.8121618032455444, tm_scale: 1.0, tm_ps_scale: 1.0, pcgrad_conflicts: 0/0
2026-07-03 23:06:52.125 | INFO     | __main__:<module>:917 - lr:0.1 weight_nat: 0.29991228927980673, nat_loss: 0.019480759277939796, weight_adv: 0.7000877107201934, adv_loss: 0.028580691665410995 weight-klloss3 0.028608999999999996 Loss3: 0.04627546668052673 clean_ce: 0.13550344109535217, adv_ce: 1.341239094734192, adv_margin: 0.6812947988510132, clean_gate: 0.5020426511764526, teacher_margin: 0.573613166809082, teacher_margin_gate: 0.6528748273849487, teacher_clean_gate: 1.0, teacher_adv_gate: 1.0, tm_grad_cos: 0.8035436868667603, tm_scale: 1.0, tm_ps_scale: 1.0, pcgrad_conflicts: 0/0
2026-07-03 23:07:20.974 | INFO     | __main__:<module>:917 - lr:0.1 weight_nat: 0.2851535349508927, nat_loss: 0.01647183857858181, weight_adv: 0.7148464650491073, adv_loss: 0.027828246355056763 weight-klloss3 0.028608999999999996 Loss3: 0.02946319989860058 clean_ce: 0.13592679798603058, adv_ce: 1.2658653259277344, adv_margin: 0.6318295001983643, clean_gate: 0.5163199305534363, teacher_margin: 0.5653301477432251, teacher_margin_gate: 0.6615292429924011, teacher_clean_gate: 1.0, teacher_adv_gate: 1.0, tm_grad_cos: 0.7992330193519592, tm_scale: 1.0, tm_ps_scale: 1.0, pcgrad_conflicts: 0/0
2026-07-03 23:07:49.826 | INFO     | __main__:<module>:917 - lr:0.1 weight_nat: 0.29175853848254546, nat_loss: 0.019032344222068787, weight_adv: 0.7082414615174546, adv_loss: 0.03717295080423355 weight-klloss3 0.028608999999999996 Loss3: 0.03357288986444473 clean_ce: 0.12154663354158401, adv_ce: 1.5028858184814453, adv_margin: 0.8273864984512329, clean_gate: 0.43291226029396057, teacher_margin: 0.7958825826644897, teacher_margin_gate: 0.6715185642242432, teacher_clean_gate: 1.0, teacher_adv_gate: 1.0, tm_grad_cos: 0.8222541809082031, tm_scale: 1.0, tm_ps_scale: 1.0, pcgrad_conflicts: 0/0
2026-07-03 23:08:15.701 | INFO     | __main__:<module>:482 - the 29th epoch 
2026-07-03 23:08:16.000 | INFO     | __main__:<module>:917 - lr:0.1 weight_nat: 0.29998745748497463, nat_loss: 0.01630886271595955, weight_adv: 0.7000125425150254, adv_loss: 0.022415855899453163 weight-klloss3 0.029630749999999997 Loss3: 0.02421410381793976 clean_ce: 0.17000648379325867, adv_ce: 1.2599823474884033, adv_margin: 0.6193323135375977, clean_gate: 0.5337079763412476, teacher_margin: 0.43805670738220215, teacher_margin_gate: 0.6402199268341064, teacher_clean_gate: 1.0, teacher_adv_gate: 1.0, tm_grad_cos: 0.749362051486969, tm_scale: 1.0, tm_ps_scale: 1.0, pcgrad_conflicts: 0/0
2026-07-03 23:08:44.823 | INFO     | __main__:<module>:917 - lr:0.1 weight_nat: 0.29619703546301335, nat_loss: 0.014185196720063686, weight_adv: 0.7038029645369867, adv_loss: 0.02741098403930664 weight-klloss3 0.029630749999999997 Loss3: 0.03070397675037384 clean_ce: 0.13040095567703247, adv_ce: 1.3967946767807007, adv_margin: 0.7517399787902832, clean_gate: 0.5033884048461914, teacher_margin: 0.5031120181083679, teacher_margin_gate: 0.6347990036010742, teacher_clean_gate: 1.0, teacher_adv_gate: 1.0, tm_grad_cos: 0.7801775932312012, tm_scale: 1.0, tm_ps_scale: 1.0, pcgrad_conflicts: 0/0
2026-07-03 23:09:13.590 | INFO     | __main__:<module>:917 - lr:0.1 weight_nat: 0.29220955909079144, nat_loss: 0.01613844931125641, weight_adv: 0.7077904409092086, adv_loss: 0.029569249600172043 weight-klloss3 0.029630749999999997 Loss3: 0.04436767101287842 clean_ce: 0.14230485260486603, adv_ce: 1.36075758934021, adv_margin: 0.6673613786697388, clean_gate: 0.5060001611709595, teacher_margin: 0.6414539813995361, teacher_margin_gate: 0.6882585287094116, teacher_clean_gate: 1.0, teacher_adv_gate: 1.0, tm_grad_cos: 0.8127121925354004, tm_scale: 1.0, tm_ps_scale: 1.0, pcgrad_conflicts: 0/0
2026-07-03 23:09:42.447 | INFO     | __main__:<module>:917 - lr:0.1 weight_nat: 0.2994556290391946, nat_loss: 0.01639685407280922, weight_adv: 0.7005443709608055, adv_loss: 0.03568628430366516 weight-klloss3 0.029630749999999997 Loss3: 0.03929077833890915 clean_ce: 0.1461552083492279, adv_ce: 1.4355862140655518, adv_margin: 0.8048946857452393, clean_gate: 0.47320014238357544, teacher_margin: 0.7576677799224854, teacher_margin_gate: 0.6961274147033691, teacher_clean_gate: 1.0, teacher_adv_gate: 1.0, tm_grad_cos: 0.8496875762939453, tm_scale: 1.0, tm_ps_scale: 1.0, pcgrad_conflicts: 0/0
2026-07-03 23:10:08.351 | INFO     | __main__:<module>:482 - the 30th epoch 
2026-07-03 23:10:08.651 | INFO     | __main__:<module>:917 - lr:0.1 weight_nat: 0.29292451308322265, nat_loss: 0.01887023262679577, weight_adv: 0.7070754869167774, adv_loss: 0.02716757543385029 weight-klloss3 0.0306525 Loss3: 0.040413856506347656 clean_ce: 0.13635312020778656, adv_ce: 1.3445937633514404, adv_margin: 0.659534752368927, clean_gate: 0.5072512030601501, teacher_margin: 0.5844115018844604, teacher_margin_gate: 0.6674246788024902, teacher_clean_gate: 1.0, teacher_adv_gate: 1.0, tm_grad_cos: 0.8052400350570679, tm_scale: 1.0, tm_ps_scale: 1.0, pcgrad_conflicts: 0/0
2026-07-03 23:10:37.558 | INFO     | __main__:<module>:917 - lr:0.1 weight_nat: 0.29581725041593393, nat_loss: 0.01788466051220894, weight_adv: 0.7041827495840661, adv_loss: 0.027364397421479225 weight-klloss3 0.0306525 Loss3: 0.038761310279369354 clean_ce: 0.13611800968647003, adv_ce: 1.4641691446304321, adv_margin: 0.7536628246307373, clean_gate: 0.45906633138656616, teacher_margin: 0.5522313714027405, teacher_margin_gate: 0.6161960363388062, teacher_clean_gate: 1.0, teacher_adv_gate: 1.0, tm_grad_cos: 0.7925490736961365, tm_scale: 1.0, tm_ps_scale: 1.0, pcgrad_conflicts: 0/0
2026-07-03 23:11:06.459 | INFO     | __main__:<module>:917 - lr:0.1 weight_nat: 0.2952382032500458, nat_loss: 0.016188357025384903, weight_adv: 0.7047617967499543, adv_loss: 0.024790199473500252 weight-klloss3 0.0306525 Loss3: 0.04437444359064102 clean_ce: 0.1484154313802719, adv_ce: 1.230360746383667, adv_margin: 0.590836226940155, clean_gate: 0.530565083026886, teacher_margin: 0.5618638396263123, teacher_margin_gate: 0.6808409094810486, teacher_clean_gate: 1.0, teacher_adv_gate: 1.0, tm_grad_cos: 0.8063966035842896, tm_scale: 1.0, tm_ps_scale: 1.0, pcgrad_conflicts: 0/0
2026-07-03 23:11:35.251 | INFO     | __main__:<module>:917 - lr:0.1 weight_nat: 0.2914155147450965, nat_loss: 0.016505932435393333, weight_adv: 0.7085844852549036, adv_loss: 0.034911155700683594 weight-klloss3 0.0306525 Loss3: 0.036119285970926285 clean_ce: 0.14802810549736023, adv_ce: 1.2623246908187866, adv_margin: 0.6712634563446045, clean_gate: 0.5239896774291992, teacher_margin: 0.6576790809631348, teacher_margin_gate: 0.7134165167808533, teacher_clean_gate: 1.0, teacher_adv_gate: 1.0, tm_grad_cos: 0.7958146333694458, tm_scale: 1.0, tm_ps_scale: 1.0, pcgrad_conflicts: 0/0
2026-07-03 23:12:18.835 | INFO     | __main__:<module>:974 - student robust acc 0.1000, teacher robust acc 0.8260, nat teacher robust acc 0.8797
2026-07-03 23:12:23.765 | INFO     | __main__:<module>:1061 - student natural acc 0.1000, adv teacher natural acc 0.8506, nat teacher natural acc 0.9318
2026-07-03 23:12:23.768 | INFO     | __main__:<module>:482 - the 31th epoch 
2026-07-03 23:12:24.068 | INFO     | __main__:<module>:917 - lr:0.1 weight_nat: 0.29114287435462977, nat_loss: 0.02004016749560833, weight_adv: 0.7088571256453703, adv_loss: 0.028160132467746735 weight-klloss3 0.03167425 Loss3: 0.025865690782666206 clean_ce: 0.15563619136810303, adv_ce: 1.3339807987213135, adv_margin: 0.6653485298156738, clean_gate: 0.4865286648273468, teacher_margin: 0.5352672934532166, teacher_margin_gate: 0.6059713363647461, teacher_clean_gate: 1.0, teacher_adv_gate: 1.0, tm_grad_cos: 0.7829121947288513, tm_scale: 1.0, tm_ps_scale: 1.0, pcgrad_conflicts: 0/0
2026-07-03 23:12:52.716 | INFO     | __main__:<module>:917 - lr:0.1 weight_nat: 0.29236684258149626, nat_loss: 0.019016437232494354, weight_adv: 0.7076331574185037, adv_loss: 0.025710174813866615 weight-klloss3 0.03167425 Loss3: 0.024433692917227745 clean_ce: 0.1464027762413025, adv_ce: 1.396485447883606, adv_margin: 0.767040491104126, clean_gate: 0.49068397283554077, teacher_margin: 0.4178747236728668, teacher_margin_gate: 0.6015826463699341, teacher_clean_gate: 1.0, teacher_adv_gate: 1.0, tm_grad_cos: 0.7541804313659668, tm_scale: 1.0, tm_ps_scale: 1.0, pcgrad_conflicts: 0/0
2026-07-03 23:13:21.540 | INFO     | __main__:<module>:917 - lr:0.1 weight_nat: 0.29088244613413705, nat_loss: 0.014171995222568512, weight_adv: 0.709117553865863, adv_loss: 0.027583617717027664 weight-klloss3 0.03167425 Loss3: 0.035147666931152344 clean_ce: 0.1513303816318512, adv_ce: 1.230710744857788, adv_margin: 0.5120664238929749, clean_gate: 0.5102609992027283, teacher_margin: 0.6196403503417969, teacher_margin_gate: 0.6610669493675232, teacher_clean_gate: 1.0, teacher_adv_gate: 1.0, tm_grad_cos: 0.8287124037742615, tm_scale: 1.0, tm_ps_scale: 1.0, pcgrad_conflicts: 0/0
2026-07-03 23:13:50.421 | INFO     | __main__:<module>:917 - lr:0.1 weight_nat: 0.2886988918212683, nat_loss: 0.015415188856422901, weight_adv: 0.7113011081787317, adv_loss: 0.0277385376393795 weight-klloss3 0.03167425 Loss3: 0.03845198452472687 clean_ce: 0.14479877054691315, adv_ce: 1.353422999382019, adv_margin: 0.7181580066680908, clean_gate: 0.495811402797699, teacher_margin: 0.5474621653556824, teacher_margin_gate: 0.6553277969360352, teacher_clean_gate: 1.0, teacher_adv_gate: 1.0, tm_grad_cos: 0.7888042330741882, tm_scale: 1.0, tm_ps_scale: 1.0, pcgrad_conflicts: 0/0
2026-07-03 23:14:16.356 | INFO     | __main__:<module>:482 - the 32th epoch 
2026-07-03 23:14:16.657 | INFO     | __main__:<module>:917 - lr:0.1 weight_nat: 0.28428516530362513, nat_loss: 0.0160790104418993, weight_adv: 0.7157148346963749, adv_loss: 0.02516048774123192 weight-klloss3 0.032695999999999996 Loss3: 0.038512106984853745 clean_ce: 0.15856236219406128, adv_ce: 1.225273609161377, adv_margin: 0.5185214281082153, clean_gate: 0.5435938239097595, teacher_margin: 0.5034245252609253, teacher_margin_gate: 0.6703389883041382, teacher_clean_gate: 1.0, teacher_adv_gate: 1.0, tm_grad_cos: 0.7811383605003357, tm_scale: 1.0, tm_ps_scale: 1.0, pcgrad_conflicts: 0/0
2026-07-03 23:14:45.519 | INFO     | __main__:<module>:917 - lr:0.1 weight_nat: 0.2821292282111115, nat_loss: 0.016817597672343254, weight_adv: 0.7178707717888885, adv_loss: 0.030111730098724365 weight-klloss3 0.032695999999999996 Loss3: 0.03967374190688133 clean_ce: 0.14375196397304535, adv_ce: 1.3414058685302734, adv_margin: 0.6207268238067627, clean_gate: 0.49434059858322144, teacher_margin: 0.6171727776527405, teacher_margin_gate: 0.662934422492981, teacher_clean_gate: 1.0, teacher_adv_gate: 1.0, tm_grad_cos: 0.8162020444869995, tm_scale: 1.0, tm_ps_scale: 1.0, pcgrad_conflicts: 0/0
2026-07-03 23:15:14.386 | INFO     | __main__:<module>:917 - lr:0.1 weight_nat: 0.29029684752477336, nat_loss: 0.01914985291659832, weight_adv: 0.7097031524752266, adv_loss: 0.027609610930085182 weight-klloss3 0.032695999999999996 Loss3: 0.023567330092191696 clean_ce: 0.13677111268043518, adv_ce: 1.450763463973999, adv_margin: 0.8153225183486938, clean_gate: 0.47395044565200806, teacher_margin: 0.5601807832717896, teacher_margin_gate: 0.6287556886672974, teacher_clean_gate: 1.0, teacher_adv_gate: 1.0, tm_grad_cos: 0.7998106479644775, tm_scale: 1.0, tm_ps_scale: 1.0, pcgrad_conflicts: 0/0
2026-07-03 23:15:42.999 | INFO     | __main__:<module>:917 - lr:0.1 weight_nat: 0.28980749762788843, nat_loss: 0.014527319930493832, weight_adv: 0.7101925023721115, adv_loss: 0.026546413078904152 weight-klloss3 0.032695999999999996 Loss3: 0.02934076450765133 clean_ce: 0.14948678016662598, adv_ce: 1.1890829801559448, adv_margin: 0.5665653944015503, clean_gate: 0.5544066429138184, teacher_margin: 0.5551261305809021, teacher_margin_gate: 0.6950806379318237, teacher_clean_gate: 1.0, teacher_adv_gate: 1.0, tm_grad_cos: 0.7942537069320679, tm_scale: 1.0, tm_ps_scale: 1.0, pcgrad_conflicts: 0/0
2026-07-03 23:16:08.858 | INFO     | __main__:<module>:482 - the 33th epoch 
2026-07-03 23:16:09.159 | INFO     | __main__:<module>:917 - lr:0.1 weight_nat: 0.2858403974397041, nat_loss: 0.01853926293551922, weight_adv: 0.714159602560296, adv_loss: 0.023654472082853317 weight-klloss3 0.03371775 Loss3: 0.031156161800026894 clean_ce: 0.14745977520942688, adv_ce: 1.29500412940979, adv_margin: 0.6779335141181946, clean_gate: 0.5294946432113647, teacher_margin: 0.4664006233215332, teacher_margin_gate: 0.6493064761161804, teacher_clean_gate: 1.0, teacher_adv_gate: 1.0, tm_grad_cos: 0.7726028561592102, tm_scale: 1.0, tm_ps_scale: 1.0, pcgrad_conflicts: 0/0
2026-07-03 23:16:38.010 | INFO     | __main__:<module>:917 - lr:0.1 weight_nat: 0.29407086908017954, nat_loss: 0.02076162025332451, weight_adv: 0.7059291309198206, adv_loss: 0.022085582837462425 weight-klloss3 0.03371775 Loss3: 0.030664417892694473 clean_ce: 0.16251635551452637, adv_ce: 1.1915547847747803, adv_margin: 0.5126863718032837, clean_gate: 0.5540816783905029, teacher_margin: 0.4788156747817993, teacher_margin_gate: 0.6751407384872437, teacher_clean_gate: 1.0, teacher_adv_gate: 1.0, tm_grad_cos: 0.8097352385520935, tm_scale: 1.0, tm_ps_scale: 1.0, pcgrad_conflicts: 0/0
2026-07-03 23:17:06.850 | INFO     | __main__:<module>:917 - lr:0.1 weight_nat: 0.283198974308671, nat_loss: 0.014068366959691048, weight_adv: 0.7168010256913291, adv_loss: 0.028147276490926743 weight-klloss3 0.03371775 Loss3: 0.04052174463868141 clean_ce: 0.14335468411445618, adv_ce: 1.2213443517684937, adv_margin: 0.5529916286468506, clean_gate: 0.5309632420539856, teacher_margin: 0.6117008924484253, teacher_margin_gate: 0.6963674426078796, teacher_clean_gate: 1.0, teacher_adv_gate: 1.0, tm_grad_cos: 0.8246287703514099, tm_scale: 1.0, tm_ps_scale: 1.0, pcgrad_conflicts: 0/0
2026-07-03 23:17:35.725 | INFO     | __main__:<module>:917 - lr:0.1 weight_nat: 0.28717814229706456, nat_loss: 0.02144392393529415, weight_adv: 0.7128218577029355, adv_loss: 0.02342887409031391 weight-klloss3 0.03371775 Loss3: 0.026140747591853142 clean_ce: 0.13916811347007751, adv_ce: 1.3663185834884644, adv_margin: 0.6714658737182617, clean_gate: 0.49838805198669434, teacher_margin: 0.46808943152427673, teacher_margin_gate: 0.6156105995178223, teacher_clean_gate: 1.0, teacher_adv_gate: 1.0, tm_grad_cos: 0.76430344581604, tm_scale: 1.0, tm_ps_scale: 1.0, pcgrad_conflicts: 0/0
2026-07-03 23:18:01.589 | INFO     | __main__:<module>:482 - the 34th epoch 
2026-07-03 23:18:01.889 | INFO     | __main__:<module>:917 - lr:0.1 weight_nat: 0.2843348769013169, nat_loss: 0.015238523483276367, weight_adv: 0.7156651230986831, adv_loss: 0.025884248316287994 weight-klloss3 0.0347395 Loss3: 0.04193743318319321 clean_ce: 0.15492013096809387, adv_ce: 1.166654348373413, adv_margin: 0.5567222833633423, clean_gate: 0.5621379613876343, teacher_margin: 0.4962145984172821, teacher_margin_gate: 0.6831024885177612, teacher_clean_gate: 1.0, teacher_adv_gate: 1.0, tm_grad_cos: 0.7734108567237854, tm_scale: 1.0, tm_ps_scale: 1.0, pcgrad_conflicts: 0/0
2026-07-03 23:18:30.763 | INFO     | __main__:<module>:917 - lr:0.1 weight_nat: 0.29140146020630603, nat_loss: 0.01848204992711544, weight_adv: 0.708598539793694, adv_loss: 0.024710530415177345 weight-klloss3 0.0347395 Loss3: 0.028787311166524887 clean_ce: 0.1446879506111145, adv_ce: 1.2439312934875488, adv_margin: 0.5692266225814819, clean_gate: 0.5324196815490723, teacher_margin: 0.5472824573516846, teacher_margin_gate: 0.6760571002960205, teacher_clean_gate: 1.0, teacher_adv_gate: 1.0, tm_grad_cos: 0.7982039451599121, tm_scale: 1.0, tm_ps_scale: 1.0, pcgrad_conflicts: 0/0
2026-07-03 23:18:59.735 | INFO     | __main__:<module>:917 - lr:0.1 weight_nat: 0.2854680320439364, nat_loss: 0.021023772656917572, weight_adv: 0.7145319679560637, adv_loss: 0.024227764457464218 weight-klloss3 0.0347395 Loss3: 0.03440839424729347 clean_ce: 0.14759230613708496, adv_ce: 1.2971588373184204, adv_margin: 0.5955355763435364, clean_gate: 0.5118160247802734, teacher_margin: 0.5312823057174683, teacher_margin_gate: 0.660007119178772, teacher_clean_gate: 1.0, teacher_adv_gate: 1.0, tm_grad_cos: 0.7934510707855225, tm_scale: 1.0, tm_ps_scale: 1.0, pcgrad_conflicts: 0/0
2026-07-03 23:19:28.795 | INFO     | __main__:<module>:917 - lr:0.1 weight_nat: 0.27948396609571613, nat_loss: 0.010550382547080517, weight_adv: 0.720516033904284, adv_loss: 0.026358066126704216 weight-klloss3 0.0347395 Loss3: 0.039596155285835266 clean_ce: 0.13326972723007202, adv_ce: 1.2433688640594482, adv_margin: 0.6279367208480835, clean_gate: 0.5332550406455994, teacher_margin: 0.5483903288841248, teacher_margin_gate: 0.6765749454498291, teacher_clean_gate: 1.0, teacher_adv_gate: 1.0, tm_grad_cos: 0.7909945845603943, tm_scale: 1.0, tm_ps_scale: 1.0, pcgrad_conflicts: 0/0
2026-07-03 23:19:54.929 | INFO     | __main__:<module>:482 - the 35th epoch 
2026-07-03 23:19:55.230 | INFO     | __main__:<module>:917 - lr:0.1 weight_nat: 0.28931392577537896, nat_loss: 0.01698627509176731, weight_adv: 0.7106860742246212, adv_loss: 0.02457074448466301 weight-klloss3 0.035761249999999994 Loss3: 0.03159424662590027 clean_ce: 0.1376972794532776, adv_ce: 1.3017441034317017, adv_margin: 0.6759310364723206, clean_gate: 0.515977680683136, teacher_margin: 0.4948582053184509, teacher_margin_gate: 0.6541794538497925, teacher_clean_gate: 1.0, teacher_adv_gate: 1.0, tm_grad_cos: 0.7625935077667236, tm_scale: 1.0, tm_ps_scale: 1.0, pcgrad_conflicts: 0/0
2026-07-03 23:20:24.164 | INFO     | __main__:<module>:917 - lr:0.1 weight_nat: 0.2869972640981927, nat_loss: 0.017288867384195328, weight_adv: 0.7130027359018073, adv_loss: 0.02545458823442459 weight-klloss3 0.035761249999999994 Loss3: 0.03007284179329872 clean_ce: 0.14450514316558838, adv_ce: 1.2393957376480103, adv_margin: 0.5932396650314331, clean_gate: 0.5429219007492065, teacher_margin: 0.5500344038009644, teacher_margin_gate: 0.6917521953582764, teacher_clean_gate: 1.0, teacher_adv_gate: 1.0, tm_grad_cos: 0.8092385530471802, tm_scale: 1.0, tm_ps_scale: 1.0, pcgrad_conflicts: 0/0
2026-07-03 23:20:53.157 | INFO     | __main__:<module>:917 - lr:0.1 weight_nat: 0.2890001476177034, nat_loss: 0.021515831351280212, weight_adv: 0.7109998523822967, adv_loss: 0.030848674476146698 weight-klloss3 0.035761249999999994 Loss3: 0.03463231027126312 clean_ce: 0.14311866462230682, adv_ce: 1.3146016597747803, adv_margin: 0.6453006267547607, clean_gate: 0.5155270099639893, teacher_margin: 0.5907039642333984, teacher_margin_gate: 0.6750657558441162, teacher_clean_gate: 1.0, teacher_adv_gate: 1.0, tm_grad_cos: 0.7967804074287415, tm_scale: 1.0, tm_ps_scale: 1.0, pcgrad_conflicts: 0/0
2026-07-03 23:21:22.096 | INFO     | __main__:<module>:917 - lr:0.1 weight_nat: 0.28871615679107887, nat_loss: 0.01570698618888855, weight_adv: 0.7112838432089211, adv_loss: 0.03024579957127571 weight-klloss3 0.035761249999999994 Loss3: 0.044131435453891754 clean_ce: 0.11904673278331757, adv_ce: 1.4294425249099731, adv_margin: 0.8541159629821777, clean_gate: 0.46917474269866943, teacher_margin: 0.6066075563430786, teacher_margin_gate: 0.632000207901001, teacher_clean_gate: 1.0, teacher_adv_gate: 1.0, tm_grad_cos: 0.8026672601699829, tm_scale: 1.0, tm_ps_scale: 1.0, pcgrad_conflicts: 0/0
2026-07-03 23:21:48.007 | INFO     | __main__:<module>:482 - the 36th epoch 
2026-07-03 23:21:48.308 | INFO     | __main__:<module>:917 - lr:0.1 weight_nat: 0.2784547048833461, nat_loss: 0.010818670503795147, weight_adv: 0.721545295116654, adv_loss: 0.03132148087024689 weight-klloss3 0.036782999999999996 Loss3: 0.033760469406843185 clean_ce: 0.1447811722755432, adv_ce: 1.2825915813446045, adv_margin: 0.6861274838447571, clean_gate: 0.4946964681148529, teacher_margin: 0.6260285377502441, teacher_margin_gate: 0.6806086301803589, teacher_clean_gate: 1.0, teacher_adv_gate: 1.0, tm_grad_cos: 0.8045241832733154, tm_scale: 1.0, tm_ps_scale: 1.0, pcgrad_conflicts: 0/0
2026-07-03 23:22:17.535 | INFO     | __main__:<module>:917 - lr:0.1 weight_nat: 0.2884508863312818, nat_loss: 0.016499191522598267, weight_adv: 0.7115491136687182, adv_loss: 0.020992502570152283 weight-klloss3 0.036782999999999996 Loss3: 0.02064850926399231 clean_ce: 0.15893101692199707, adv_ce: 1.1679457426071167, adv_margin: 0.4812517762184143, clean_gate: 0.5613463521003723, teacher_margin: 0.416347473859787, teacher_margin_gate: 0.6495063304901123, teacher_clean_gate: 1.0, teacher_adv_gate: 1.0, tm_grad_cos: 0.7548885941505432, tm_scale: 1.0, tm_ps_scale: 1.0, pcgrad_conflicts: 0/0
2026-07-03 23:22:46.829 | INFO     | __main__:<module>:917 - lr:0.1 weight_nat: 0.2836357330562981, nat_loss: 0.017284879460930824, weight_adv: 0.7163642669437019, adv_loss: 0.02635815739631653 weight-klloss3 0.036782999999999996 Loss3: 0.04384873807430267 clean_ce: 0.1450885534286499, adv_ce: 1.2850145101547241, adv_margin: 0.6544859409332275, clean_gate: 0.538563072681427, teacher_margin: 0.550134539604187, teacher_margin_gate: 0.6920571327209473, teacher_clean_gate: 1.0, teacher_adv_gate: 1.0, tm_grad_cos: 0.8032607436180115, tm_scale: 1.0, tm_ps_scale: 1.0, pcgrad_conflicts: 0/0
2026-07-03 23:23:15.660 | INFO     | __main__:<module>:917 - lr:0.1 weight_nat: 0.28231491619551397, nat_loss: 0.014672468416392803, weight_adv: 0.7176850838044861, adv_loss: 0.0229431614279747 weight-klloss3 0.036782999999999996 Loss3: 0.03335382416844368 clean_ce: 0.14420835673809052, adv_ce: 1.2367150783538818, adv_margin: 0.6378720998764038, clean_gate: 0.5463837385177612, teacher_margin: 0.4386294484138489, teacher_margin_gate: 0.6627899408340454, teacher_clean_gate: 1.0, teacher_adv_gate: 1.0, tm_grad_cos: 0.7785305380821228, tm_scale: 1.0, tm_ps_scale: 1.0, pcgrad_conflicts: 0/0
2026-07-03 23:23:41.577 | INFO     | __main__:<module>:482 - the 37th epoch 
2026-07-03 23:23:41.879 | INFO     | __main__:<module>:917 - lr:0.1 weight_nat: 0.28558366766770665, nat_loss: 0.012656847015023232, weight_adv: 0.7144163323322934, adv_loss: 0.021564466878771782 weight-klloss3 0.03780475 Loss3: 0.03646275773644447 clean_ce: 0.165498286485672, adv_ce: 1.098865270614624, adv_margin: 0.43643784523010254, clean_gate: 0.5757472515106201, teacher_margin: 0.493834912776947, teacher_margin_gate: 0.7017277479171753, teacher_clean_gate: 1.0, teacher_adv_gate: 1.0, tm_grad_cos: 0.8085059523582458, tm_scale: 1.0, tm_ps_scale: 1.0, pcgrad_conflicts: 0/0
2026-07-03 23:24:10.840 | INFO     | __main__:<module>:917 - lr:0.1 weight_nat: 0.2884737098037873, nat_loss: 0.01320040225982666, weight_adv: 0.7115262901962127, adv_loss: 0.02308204397559166 weight-klloss3 0.03780475 Loss3: 0.04237160086631775 clean_ce: 0.13733996450901031, adv_ce: 1.3067702054977417, adv_margin: 0.6214186549186707, clean_gate: 0.5075194239616394, teacher_margin: 0.5062087774276733, teacher_margin_gate: 0.6450265645980835, teacher_clean_gate: 1.0, teacher_adv_gate: 1.0, tm_grad_cos: 0.8061572313308716, tm_scale: 1.0, tm_ps_scale: 1.0, pcgrad_conflicts: 0/0
2026-07-03 23:24:40.022 | INFO     | __main__:<module>:917 - lr:0.1 weight_nat: 0.27919256420447763, nat_loss: 0.01325167901813984, weight_adv: 0.7208074357955224, adv_loss: 0.025328896939754486 weight-klloss3 0.03780475 Loss3: 0.036524832248687744 clean_ce: 0.14200429618358612, adv_ce: 1.2577755451202393, adv_margin: 0.5865947008132935, clean_gate: 0.5032813549041748, teacher_margin: 0.5900698900222778, teacher_margin_gate: 0.6637405157089233, teacher_clean_gate: 1.0, teacher_adv_gate: 1.0, tm_grad_cos: 0.8092329502105713, tm_scale: 1.0, tm_ps_scale: 1.0, pcgrad_conflicts: 0/0
2026-07-03 23:25:09.291 | INFO     | __main__:<module>:917 - lr:0.1 weight_nat: 0.28590937287735224, nat_loss: 0.014233926311135292, weight_adv: 0.7140906271226477, adv_loss: 0.028870493173599243 weight-klloss3 0.03780475 Loss3: 0.040286835283041 clean_ce: 0.1326552927494049, adv_ce: 1.4757481813430786, adv_margin: 0.799788236618042, clean_gate: 0.4724768400192261, teacher_margin: 0.5934587121009827, teacher_margin_gate: 0.6324315667152405, teacher_clean_gate: 1.0, teacher_adv_gate: 1.0, tm_grad_cos: 0.7920652031898499, tm_scale: 1.0, tm_ps_scale: 1.0, pcgrad_conflicts: 0/0
2026-07-03 23:25:35.511 | INFO     | __main__:<module>:482 - the 38th epoch 
2026-07-03 23:25:35.815 | INFO     | __main__:<module>:917 - lr:0.1 weight_nat: 0.2820900166785929, nat_loss: 0.011709291487932205, weight_adv: 0.7179099833214072, adv_loss: 0.028310630470514297 weight-klloss3 0.03882649999999999 Loss3: 0.044680532068014145 clean_ce: 0.1551768183708191, adv_ce: 1.1810617446899414, adv_margin: 0.4938162565231323, clean_gate: 0.5532865524291992, teacher_margin: 0.5824964046478271, teacher_margin_gate: 0.6989082098007202, teacher_clean_gate: 1.0, teacher_adv_gate: 1.0, tm_grad_cos: 0.7925898432731628, tm_scale: 1.0, tm_ps_scale: 1.0, pcgrad_conflicts: 0/0
2026-07-03 23:26:04.932 | INFO     | __main__:<module>:917 - lr:0.1 weight_nat: 0.28364387509858624, nat_loss: 0.013538608327507973, weight_adv: 0.7163561249014139, adv_loss: 0.022603604942560196 weight-klloss3 0.03882649999999999 Loss3: 0.03201200067996979 clean_ce: 0.15334320068359375, adv_ce: 1.2215461730957031, adv_margin: 0.6009871959686279, clean_gate: 0.5505140423774719, teacher_margin: 0.45967888832092285, teacher_margin_gate: 0.6597713828086853, teacher_clean_gate: 1.0, teacher_adv_gate: 1.0, tm_grad_cos: 0.7995559573173523, tm_scale: 1.0, tm_ps_scale: 1.0, pcgrad_conflicts: 0/0
2026-07-03 23:26:33.939 | INFO     | __main__:<module>:917 - lr:0.1 weight_nat: 0.2852113165224873, nat_loss: 0.01574680022895336, weight_adv: 0.7147886834775128, adv_loss: 0.02162832021713257 weight-klloss3 0.03882649999999999 Loss3: 0.032203882932662964 clean_ce: 0.15595197677612305, adv_ce: 1.186294674873352, adv_margin: 0.5503150820732117, clean_gate: 0.5699193477630615, teacher_margin: 0.4921616315841675, teacher_margin_gate: 0.6979339122772217, teacher_clean_gate: 1.0, teacher_adv_gate: 1.0, tm_grad_cos: 0.8198873996734619, tm_scale: 1.0, tm_ps_scale: 1.0, pcgrad_conflicts: 0/0
2026-07-03 23:27:03.077 | INFO     | __main__:<module>:917 - lr:0.1 weight_nat: 0.27622173288247975, nat_loss: 0.012585434131324291, weight_adv: 0.7237782671175202, adv_loss: 0.023778758943080902 weight-klloss3 0.03882649999999999 Loss3: 0.04173935577273369 clean_ce: 0.1639070212841034, adv_ce: 1.1929157972335815, adv_margin: 0.46207141876220703, clean_gate: 0.555910050868988, teacher_margin: 0.5179433226585388, teacher_margin_gate: 0.688247561454773, teacher_clean_gate: 1.0, teacher_adv_gate: 1.0, tm_grad_cos: 0.7922109365463257, tm_scale: 1.0, tm_ps_scale: 1.0, pcgrad_conflicts: 0/0
2026-07-03 23:27:29.013 | INFO     | __main__:<module>:482 - the 39th epoch 
2026-07-03 23:27:29.314 | INFO     | __main__:<module>:917 - lr:0.1 weight_nat: 0.284884156193802, nat_loss: 0.016341669484972954, weight_adv: 0.7151158438061981, adv_loss: 0.02503301203250885 weight-klloss3 0.039848249999999995 Loss3: 0.04485267400741577 clean_ce: 0.14002208411693573, adv_ce: 1.323309063911438, adv_margin: 0.630160927772522, clean_gate: 0.5314747095108032, teacher_margin: 0.5049213171005249, teacher_margin_gate: 0.6652092337608337, teacher_clean_gate: 1.0, teacher_adv_gate: 1.0, tm_grad_cos: 0.7699985504150391, tm_scale: 1.0, tm_ps_scale: 1.0, pcgrad_conflicts: 0/0
2026-07-03 23:27:58.222 | INFO     | __main__:<module>:917 - lr:0.1 weight_nat: 0.28712689379716216, nat_loss: 0.016002735123038292, weight_adv: 0.7128731062028378, adv_loss: 0.021174278110265732 weight-klloss3 0.039848249999999995 Loss3: 0.02700038254261017 clean_ce: 0.13673919439315796, adv_ce: 1.3023362159729004, adv_margin: 0.6530574560165405, clean_gate: 0.518673300743103, teacher_margin: 0.44531309604644775, teacher_margin_gate: 0.6376051306724548, teacher_clean_gate: 1.0, teacher_adv_gate: 1.0, tm_grad_cos: 0.780457615852356, tm_scale: 1.0, tm_ps_scale: 1.0, pcgrad_conflicts: 0/0
2026-07-03 23:28:27.536 | INFO     | __main__:<module>:917 - lr:0.1 weight_nat: 0.27765554961066385, nat_loss: 0.01643543690443039, weight_adv: 0.7223444503893361, adv_loss: 0.04095616936683655 weight-klloss3 0.039848249999999995 Loss3: 0.03409983217716217 clean_ce: 0.12746360898017883, adv_ce: 1.6029258966445923, adv_margin: 0.9596922397613525, clean_gate: 0.4306560158729553, teacher_margin: 0.6970974802970886, teacher_margin_gate: 0.6267685890197754, teacher_clean_gate: 1.0, teacher_adv_gate: 1.0, tm_grad_cos: 0.7794002294540405, tm_scale: 1.0, tm_ps_scale: 1.0, pcgrad_conflicts: 0/0
2026-07-03 23:28:56.956 | INFO     | __main__:<module>:917 - lr:0.1 weight_nat: 0.2801460229503897, nat_loss: 0.01811191439628601, weight_adv: 0.7198539770496103, adv_loss: 0.023413168266415596 weight-klloss3 0.039848249999999995 Loss3: 0.03630780428647995 clean_ce: 0.14718574285507202, adv_ce: 1.3104692697525024, adv_margin: 0.6125403642654419, clean_gate: 0.5162412524223328, teacher_margin: 0.4602348506450653, teacher_margin_gate: 0.6425023078918457, teacher_clean_gate: 1.0, teacher_adv_gate: 1.0, tm_grad_cos: 0.7769485116004944, tm_scale: 1.0, tm_ps_scale: 1.0, pcgrad_conflicts: 0/0
2026-07-03 23:29:23.438 | INFO     | __main__:<module>:482 - the 40th epoch 
2026-07-03 23:29:23.744 | INFO     | __main__:<module>:917 - lr:0.1 weight_nat: 0.2845952766903101, nat_loss: 0.016098061576485634, weight_adv: 0.71540472330969, adv_loss: 0.024494653567671776 weight-klloss3 0.04087 Loss3: 0.042322613298892975 clean_ce: 0.16269227862358093, adv_ce: 1.2253926992416382, adv_margin: 0.5556479096412659, clean_gate: 0.5444890856742859, teacher_margin: 0.5224984884262085, teacher_margin_gate: 0.6828333139419556, teacher_clean_gate: 1.0, teacher_adv_gate: 1.0, tm_grad_cos: 0.7941820621490479, tm_scale: 1.0, tm_ps_scale: 1.0, pcgrad_conflicts: 0/0
2026-07-03 23:29:52.914 | INFO     | __main__:<module>:917 - lr:0.1 weight_nat: 0.29249415461370143, nat_loss: 0.01511306781321764, weight_adv: 0.7075058453862986, adv_loss: 0.021103091537952423 weight-klloss3 0.04087 Loss3: 0.04475703835487366 clean_ce: 0.14224672317504883, adv_ce: 1.2345046997070312, adv_margin: 0.6211509108543396, clean_gate: 0.5477355718612671, teacher_margin: 0.4643852412700653, teacher_margin_gate: 0.6626828908920288, teacher_clean_gate: 1.0, teacher_adv_gate: 1.0, tm_grad_cos: 0.7569264769554138, tm_scale: 1.0, tm_ps_scale: 1.0, pcgrad_conflicts: 0/0
2026-07-03 23:30:22.038 | INFO     | __main__:<module>:917 - lr:0.1 weight_nat: 0.28799167483743465, nat_loss: 0.018086541444063187, weight_adv: 0.7120083251625654, adv_loss: 0.025549590587615967 weight-klloss3 0.04087 Loss3: 0.035926882177591324 clean_ce: 0.12178988754749298, adv_ce: 1.4790997505187988, adv_margin: 0.7711952924728394, clean_gate: 0.45523619651794434, teacher_margin: 0.5324773192405701, teacher_margin_gate: 0.5983904600143433, teacher_clean_gate: 1.0, teacher_adv_gate: 1.0, tm_grad_cos: 0.7801464796066284, tm_scale: 1.0, tm_ps_scale: 1.0, pcgrad_conflicts: 0/0
2026-07-03 23:30:51.446 | INFO     | __main__:<module>:917 - lr:0.1 weight_nat: 0.28267828528900996, nat_loss: 0.014602427370846272, weight_adv: 0.71732171471099, adv_loss: 0.026789529249072075 weight-klloss3 0.04087 Loss3: 0.05413902550935745 clean_ce: 0.12797921895980835, adv_ce: 1.4649057388305664, adv_margin: 0.8299643993377686, clean_gate: 0.46579277515411377, teacher_margin: 0.5455888509750366, teacher_margin_gate: 0.6065853238105774, teacher_clean_gate: 1.0, teacher_adv_gate: 1.0, tm_grad_cos: 0.7776020765304565, tm_scale: 1.0, tm_ps_scale: 1.0, pcgrad_conflicts: 0/0
2026-07-03 23:31:35.846 | INFO     | __main__:<module>:974 - student robust acc 0.1000, teacher robust acc 0.8298, nat teacher robust acc 0.8999
2026-07-03 23:31:41.122 | INFO     | __main__:<module>:1061 - student natural acc 0.1000, adv teacher natural acc 0.8486, nat teacher natural acc 0.9318
2026-07-03 23:31:41.125 | INFO     | __main__:<module>:482 - the 41th epoch 
2026-07-03 23:31:41.438 | INFO     | __main__:<module>:917 - lr:0.1 weight_nat: 0.2815112291361992, nat_loss: 0.013038652949035168, weight_adv: 0.7184887708638008, adv_loss: 0.02158638834953308 weight-klloss3 0.04189174999999999 Loss3: 0.03677568584680557 clean_ce: 0.1511019468307495, adv_ce: 1.226357340812683, adv_margin: 0.5851864814758301, clean_gate: 0.5519008636474609, teacher_margin: 0.3863907754421234, teacher_margin_gate: 0.6475286483764648, teacher_clean_gate: 1.0, teacher_adv_gate: 1.0, tm_grad_cos: 0.7514568567276001, tm_scale: 1.0, tm_ps_scale: 1.0, pcgrad_conflicts: 0/0
2026-07-03 23:32:10.884 | INFO     | __main__:<module>:917 - lr:0.1 weight_nat: 0.28084254316479407, nat_loss: 0.01110515184700489, weight_adv: 0.719157456835206, adv_loss: 0.023031309247016907 weight-klloss3 0.04189174999999999 Loss3: 0.03154103830456734 clean_ce: 0.14829805493354797, adv_ce: 1.1920403242111206, adv_margin: 0.4949575960636139, clean_gate: 0.5474334955215454, teacher_margin: 0.503401517868042, teacher_margin_gate: 0.6799212694168091, teacher_clean_gate: 1.0, teacher_adv_gate: 1.0, tm_grad_cos: 0.8074593544006348, tm_scale: 1.0, tm_ps_scale: 1.0, pcgrad_conflicts: 0/0
2026-07-03 23:32:39.759 | INFO     | __main__:<module>:917 - lr:0.1 weight_nat: 0.2949415381975899, nat_loss: 0.02534465491771698, weight_adv: 0.7050584618024102, adv_loss: 0.028810858726501465 weight-klloss3 0.04189174999999999 Loss3: 0.036682724952697754 clean_ce: 0.1370212435722351, adv_ce: 1.4028528928756714, adv_margin: 0.7406884431838989, clean_gate: 0.48094257712364197, teacher_margin: 0.6266224384307861, teacher_margin_gate: 0.6591414213180542, teacher_clean_gate: 1.0, teacher_adv_gate: 1.0, tm_grad_cos: 0.7980133295059204, tm_scale: 1.0, tm_ps_scale: 1.0, pcgrad_conflicts: 0/0
2026-07-03 23:33:08.564 | INFO     | __main__:<module>:917 - lr:0.1 weight_nat: 0.28980434979077085, nat_loss: 0.021059945225715637, weight_adv: 0.7101956502092291, adv_loss: 0.025629185140132904 weight-klloss3 0.04189174999999999 Loss3: 0.03177225589752197 clean_ce: 0.1315639317035675, adv_ce: 1.465649127960205, adv_margin: 0.8184610605239868, clean_gate: 0.4830839931964874, teacher_margin: 0.516218900680542, teacher_margin_gate: 0.6303327083587646, teacher_clean_gate: 1.0, teacher_adv_gate: 1.0, tm_grad_cos: 0.7896228432655334, tm_scale: 1.0, tm_ps_scale: 1.0, pcgrad_conflicts: 0/0
2026-07-03 23:33:34.396 | INFO     | __main__:<module>:482 - the 42th epoch 
2026-07-03 23:33:34.695 | INFO     | __main__:<module>:917 - lr:0.1 weight_nat: 0.2854286620109438, nat_loss: 0.014633068814873695, weight_adv: 0.7145713379890563, adv_loss: 0.025017503648996353 weight-klloss3 0.0429135 Loss3: 0.03199927136301994 clean_ce: 0.14634251594543457, adv_ce: 1.272640347480774, adv_margin: 0.6060172319412231, clean_gate: 0.5251672863960266, teacher_margin: 0.5226831436157227, teacher_margin_gate: 0.6515502333641052, teacher_clean_gate: 1.0, teacher_adv_gate: 1.0, tm_grad_cos: 0.8082751631736755, tm_scale: 1.0, tm_ps_scale: 1.0, pcgrad_conflicts: 0/0
2026-07-03 23:34:03.583 | INFO     | __main__:<module>:917 - lr:0.1 weight_nat: 0.2874640891208995, nat_loss: 0.014671498909592628, weight_adv: 0.7125359108791006, adv_loss: 0.022934120148420334 weight-klloss3 0.0429135 Loss3: 0.029282711446285248 clean_ce: 0.14162379503250122, adv_ce: 1.2814204692840576, adv_margin: 0.704937219619751, clean_gate: 0.5158880949020386, teacher_margin: 0.5003392100334167, teacher_margin_gate: 0.6596188545227051, teacher_clean_gate: 1.0, teacher_adv_gate: 1.0, tm_grad_cos: 0.7902459502220154, tm_scale: 1.0, tm_ps_scale: 1.0, pcgrad_conflicts: 0/0
2026-07-03 23:34:32.468 | INFO     | __main__:<module>:917 - lr:0.1 weight_nat: 0.2847690713346007, nat_loss: 0.01983659714460373, weight_adv: 0.7152309286653994, adv_loss: 0.02771216258406639 weight-klloss3 0.0429135 Loss3: 0.03288407623767853 clean_ce: 0.14474186301231384, adv_ce: 1.4082132577896118, adv_margin: 0.7026247978210449, clean_gate: 0.48946613073349, teacher_margin: 0.5352276563644409, teacher_margin_gate: 0.6203604340553284, teacher_clean_gate: 1.0, teacher_adv_gate: 1.0, tm_grad_cos: 0.8008398413658142, tm_scale: 1.0, tm_ps_scale: 1.0, pcgrad_conflicts: 0/0
2026-07-03 23:35:01.269 | INFO     | __main__:<module>:917 - lr:0.1 weight_nat: 0.2807324647159847, nat_loss: 0.016121024265885353, weight_adv: 0.7192675352840153, adv_loss: 0.027557794004678726 weight-klloss3 0.0429135 Loss3: 0.05282364785671234 clean_ce: 0.1326563060283661, adv_ce: 1.415937900543213, adv_margin: 0.752395749092102, clean_gate: 0.47698554396629333, teacher_margin: 0.5832088589668274, teacher_margin_gate: 0.6380963325500488, teacher_clean_gate: 1.0, teacher_adv_gate: 1.0, tm_grad_cos: 0.7718765139579773, tm_scale: 1.0, tm_ps_scale: 1.0, pcgrad_conflicts: 0/0
2026-07-03 23:35:27.050 | INFO     | __main__:<module>:482 - the 43th epoch 
2026-07-03 23:35:27.349 | INFO     | __main__:<module>:917 - lr:0.1 weight_nat: 0.2806100154037451, nat_loss: 0.013424304313957691, weight_adv: 0.7193899845962549, adv_loss: 0.021979309618473053 weight-klloss3 0.043935249999999995 Loss3: 0.030185138806700706 clean_ce: 0.16471844911575317, adv_ce: 1.2037169933319092, adv_margin: 0.5270583629608154, clean_gate: 0.5526268482208252, teacher_margin: 0.44268375635147095, teacher_margin_gate: 0.6596904397010803, teacher_clean_gate: 1.0, teacher_adv_gate: 1.0, tm_grad_cos: 0.7693867087364197, tm_scale: 1.0, tm_ps_scale: 1.0, pcgrad_conflicts: 0/0
2026-07-03 23:35:56.183 | INFO     | __main__:<module>:917 - lr:0.1 weight_nat: 0.28630036402675885, nat_loss: 0.014890988357365131, weight_adv: 0.7136996359732413, adv_loss: 0.021805398166179657 weight-klloss3 0.043935249999999995 Loss3: 0.04009181261062622 clean_ce: 0.15690790116786957, adv_ce: 1.1596630811691284, adv_margin: 0.5046167969703674, clean_gate: 0.5764496326446533, teacher_margin: 0.4727560877799988, teacher_margin_gate: 0.6937183141708374, teacher_clean_gate: 1.0, teacher_adv_gate: 1.0, tm_grad_cos: 0.7722721099853516, tm_scale: 1.0, tm_ps_scale: 1.0, pcgrad_conflicts: 0/0
2026-07-03 23:36:25.038 | INFO     | __main__:<module>:917 - lr:0.1 weight_nat: 0.2825380121782328, nat_loss: 0.014419535174965858, weight_adv: 0.7174619878217672, adv_loss: 0.028942473232746124 weight-klloss3 0.043935249999999995 Loss3: 0.03204479441046715 clean_ce: 0.12762218713760376, adv_ce: 1.4687024354934692, adv_margin: 0.8286786079406738, clean_gate: 0.46213462948799133, teacher_margin: 0.5737155675888062, teacher_margin_gate: 0.6293978691101074, teacher_clean_gate: 1.0, teacher_adv_gate: 1.0, tm_grad_cos: 0.7934237122535706, tm_scale: 1.0, tm_ps_scale: 1.0, pcgrad_conflicts: 0/0
2026-07-03 23:36:53.910 | INFO     | __main__:<module>:917 - lr:0.1 weight_nat: 0.276322659062925, nat_loss: 0.014956416562199593, weight_adv: 0.723677340937075, adv_loss: 0.027090102434158325 weight-klloss3 0.043935249999999995 Loss3: 0.04123244434595108 clean_ce: 0.14241330325603485, adv_ce: 1.3395559787750244, adv_margin: 0.7369440793991089, clean_gate: 0.5123709440231323, teacher_margin: 0.5214753150939941, teacher_margin_gate: 0.6528904438018799, teacher_clean_gate: 1.0, teacher_adv_gate: 1.0, tm_grad_cos: 0.7757245302200317, tm_scale: 1.0, tm_ps_scale: 1.0, pcgrad_conflicts: 0/0
2026-07-03 23:37:19.788 | INFO     | __main__:<module>:482 - the 44th epoch 
2026-07-03 23:37:20.091 | INFO     | __main__:<module>:917 - lr:0.1 weight_nat: 0.28151540511108575, nat_loss: 0.019437188282608986, weight_adv: 0.7184845948889143, adv_loss: 0.027274783700704575 weight-klloss3 0.044957 Loss3: 0.028681369498372078 clean_ce: 0.15438058972358704, adv_ce: 1.3299998044967651, adv_margin: 0.6021471619606018, clean_gate: 0.48838621377944946, teacher_margin: 0.5693678855895996, teacher_margin_gate: 0.6324692964553833, teacher_clean_gate: 1.0, teacher_adv_gate: 1.0, tm_grad_cos: 0.7853898406028748, tm_scale: 1.0, tm_ps_scale: 1.0, pcgrad_conflicts: 0/0
2026-07-03 23:37:48.932 | INFO     | __main__:<module>:917 - lr:0.1 weight_nat: 0.27548165866515467, nat_loss: 0.015287930145859718, weight_adv: 0.7245183413348453, adv_loss: 0.03635123372077942 weight-klloss3 0.044957 Loss3: 0.04186364263296127 clean_ce: 0.14403042197227478, adv_ce: 1.4885135889053345, adv_margin: 0.9343340396881104, clean_gate: 0.47494494915008545, teacher_margin: 0.6671789884567261, teacher_margin_gate: 0.6751853823661804, teacher_clean_gate: 1.0, teacher_adv_gate: 1.0, tm_grad_cos: 0.8117599487304688, tm_scale: 1.0, tm_ps_scale: 1.0, pcgrad_conflicts: 0/0
2026-07-03 23:38:17.778 | INFO     | __main__:<module>:917 - lr:0.1 weight_nat: 0.28037442385170835, nat_loss: 0.013017636723816395, weight_adv: 0.7196255761482916, adv_loss: 0.01901351660490036 weight-klloss3 0.044957 Loss3: 0.028740599751472473 clean_ce: 0.1646479368209839, adv_ce: 1.1423085927963257, adv_margin: 0.5613349676132202, clean_gate: 0.585712194442749, teacher_margin: 0.3927069306373596, teacher_margin_gate: 0.6854891777038574, teacher_clean_gate: 1.0, teacher_adv_gate: 1.0, tm_grad_cos: 0.7661126852035522, tm_scale: 1.0, tm_ps_scale: 1.0, pcgrad_conflicts: 0/0
2026-07-03 23:38:46.599 | INFO     | __main__:<module>:917 - lr:0.1 weight_nat: 0.2840135531942625, nat_loss: 0.022531917318701744, weight_adv: 0.7159864468057374, adv_loss: 0.030036667361855507 weight-klloss3 0.044957 Loss3: 0.04145267605781555 clean_ce: 0.14606162905693054, adv_ce: 1.3577163219451904, adv_margin: 0.6579433679580688, clean_gate: 0.48868173360824585, teacher_margin: 0.5931492447853088, teacher_margin_gate: 0.6403636336326599, teacher_clean_gate: 1.0, teacher_adv_gate: 1.0, tm_grad_cos: 0.7986805438995361, tm_scale: 1.0, tm_ps_scale: 1.0, pcgrad_conflicts: 0/0
2026-07-03 23:39:12.441 | INFO     | __main__:<module>:482 - the 45th epoch 
2026-07-03 23:39:12.741 | INFO     | __main__:<module>:917 - lr:0.1 weight_nat: 0.28470516625292014, nat_loss: 0.012531262822449207, weight_adv: 0.7152948337470799, adv_loss: 0.020023316144943237 weight-klloss3 0.04597875 Loss3: 0.030413970351219177 clean_ce: 0.1513843536376953, adv_ce: 1.2274842262268066, adv_margin: 0.6038781404495239, clean_gate: 0.5404589176177979, teacher_margin: 0.42652952671051025, teacher_margin_gate: 0.6377984285354614, teacher_clean_gate: 1.0, teacher_adv_gate: 1.0, tm_grad_cos: 0.7905608415603638, tm_scale: 1.0, tm_ps_scale: 1.0, pcgrad_conflicts: 0/0
2026-07-03 23:39:41.534 | INFO     | __main__:<module>:917 - lr:0.1 weight_nat: 0.2811481367723968, nat_loss: 0.013250227086246014, weight_adv: 0.7188518632276032, adv_loss: 0.026244107633829117 weight-klloss3 0.04597875 Loss3: 0.03383883461356163 clean_ce: 0.14474980533123016, adv_ce: 1.2537155151367188, adv_margin: 0.585055947303772, clean_gate: 0.5383144617080688, teacher_margin: 0.5538811683654785, teacher_margin_gate: 0.674129843711853, teacher_clean_gate: 1.0, teacher_adv_gate: 1.0, tm_grad_cos: 0.791618287563324, tm_scale: 1.0, tm_ps_scale: 1.0, pcgrad_conflicts: 0/0
2026-07-03 23:40:10.295 | INFO     | __main__:<module>:917 - lr:0.1 weight_nat: 0.2744716895921319, nat_loss: 0.009994523599743843, weight_adv: 0.725528310407868, adv_loss: 0.024643661454319954 weight-klloss3 0.04597875 Loss3: 0.02558121830224991 clean_ce: 0.16180627048015594, adv_ce: 1.1171331405639648, adv_margin: 0.44109582901000977, clean_gate: 0.5682972073554993, teacher_margin: 0.5363234281539917, teacher_margin_gate: 0.7090322971343994, teacher_clean_gate: 1.0, teacher_adv_gate: 1.0, tm_grad_cos: 0.8062628507614136, tm_scale: 1.0, tm_ps_scale: 1.0, pcgrad_conflicts: 0/0
2026-07-03 23:40:39.097 | INFO     | __main__:<module>:917 - lr:0.1 weight_nat: 0.2807542443964365, nat_loss: 0.01705196313560009, weight_adv: 0.7192457556035635, adv_loss: 0.030132541432976723 weight-klloss3 0.04597875 Loss3: 0.03878050670027733 clean_ce: 0.1541600078344345, adv_ce: 1.3593026399612427, adv_margin: 0.7487810850143433, clean_gate: 0.506263256072998, teacher_margin: 0.5915446281433105, teacher_margin_gate: 0.6751142144203186, teacher_clean_gate: 1.0, teacher_adv_gate: 1.0, tm_grad_cos: 0.7769080400466919, tm_scale: 1.0, tm_ps_scale: 1.0, pcgrad_conflicts: 0/0
2026-07-03 23:41:05.014 | INFO     | __main__:<module>:482 - the 46th epoch 
2026-07-03 23:41:05.314 | INFO     | __main__:<module>:917 - lr:0.1 weight_nat: 0.2839953441937054, nat_loss: 0.01737971045076847, weight_adv: 0.7160046558062946, adv_loss: 0.019236311316490173 weight-klloss3 0.047000499999999994 Loss3: 0.03147958591580391 clean_ce: 0.14669331908226013, adv_ce: 1.20440673828125, adv_margin: 0.5510956645011902, clean_gate: 0.5561976432800293, teacher_margin: 0.39476093649864197, teacher_margin_gate: 0.6454678773880005, teacher_clean_gate: 1.0, teacher_adv_gate: 1.0, tm_grad_cos: 0.7698017358779907, tm_scale: 1.0, tm_ps_scale: 1.0, pcgrad_conflicts: 0/0
2026-07-03 23:41:34.096 | INFO     | __main__:<module>:917 - lr:0.1 weight_nat: 0.2706703110140311, nat_loss: 0.015201595611870289, weight_adv: 0.729329688985969, adv_loss: 0.02282910980284214 weight-klloss3 0.047000499999999994 Loss3: 0.03790827840566635 clean_ce: 0.1482759416103363, adv_ce: 1.1513160467147827, adv_margin: 0.5137148499488831, clean_gate: 0.5660195350646973, teacher_margin: 0.48302263021469116, teacher_margin_gate: 0.6797627210617065, teacher_clean_gate: 1.0, teacher_adv_gate: 1.0, tm_grad_cos: 0.793921709060669, tm_scale: 1.0, tm_ps_scale: 1.0, pcgrad_conflicts: 0/0
2026-07-03 23:42:03.325 | INFO     | __main__:<module>:917 - lr:0.1 weight_nat: 0.2848755080064753, nat_loss: 0.014847837388515472, weight_adv: 0.7151244919935248, adv_loss: 0.022677859291434288 weight-klloss3 0.047000499999999994 Loss3: 0.020478997379541397 clean_ce: 0.15608663856983185, adv_ce: 1.1447559595108032, adv_margin: 0.4815710186958313, clean_gate: 0.5522780418395996, teacher_margin: 0.46907368302345276, teacher_margin_gate: 0.6620305776596069, teacher_clean_gate: 1.0, teacher_adv_gate: 1.0, tm_grad_cos: 0.8040587902069092, tm_scale: 1.0, tm_ps_scale: 1.0, pcgrad_conflicts: 0/0
2026-07-03 23:42:32.261 | INFO     | __main__:<module>:917 - lr:0.1 weight_nat: 0.27705818666306936, nat_loss: 0.014987828209996223, weight_adv: 0.7229418133369306, adv_loss: 0.03618577495217323 weight-klloss3 0.047000499999999994 Loss3: 0.0574340857565403 clean_ce: 0.13331101834774017, adv_ce: 1.4612540006637573, adv_margin: 0.7956684231758118, clean_gate: 0.4528186321258545, teacher_margin: 0.681367039680481, teacher_margin_gate: 0.6363263130187988, teacher_clean_gate: 1.0, teacher_adv_gate: 1.0, tm_grad_cos: 0.795868456363678, tm_scale: 1.0, tm_ps_scale: 1.0, pcgrad_conflicts: 0/0
2026-07-03 23:42:58.075 | INFO     | __main__:<module>:482 - the 47th epoch 
2026-07-03 23:42:58.378 | INFO     | __main__:<module>:917 - lr:0.1 weight_nat: 0.28525436206683563, nat_loss: 0.0197669118642807, weight_adv: 0.7147456379331645, adv_loss: 0.023855553939938545 weight-klloss3 0.048022249999999995 Loss3: 0.030528634786605835 clean_ce: 0.16289329528808594, adv_ce: 1.3111562728881836, adv_margin: 0.5846753120422363, clean_gate: 0.502112627029419, teacher_margin: 0.5531786680221558, teacher_margin_gate: 0.6445037126541138, teacher_clean_gate: 1.0, teacher_adv_gate: 1.0, tm_grad_cos: 0.7941333055496216, tm_scale: 1.0, tm_ps_scale: 1.0, pcgrad_conflicts: 0/0
2026-07-03 23:43:27.063 | INFO     | __main__:<module>:917 - lr:0.1 weight_nat: 0.28786899856769127, nat_loss: 0.011902875266969204, weight_adv: 0.7121310014323087, adv_loss: 0.020598242059350014 weight-klloss3 0.048022249999999995 Loss3: 0.035838764160871506 clean_ce: 0.15951773524284363, adv_ce: 1.2072193622589111, adv_margin: 0.5861074924468994, clean_gate: 0.5631464123725891, teacher_margin: 0.41977745294570923, teacher_margin_gate: 0.6714080572128296, teacher_clean_gate: 1.0, teacher_adv_gate: 1.0, tm_grad_cos: 0.7719853520393372, tm_scale: 1.0, tm_ps_scale: 1.0, pcgrad_conflicts: 0/0
2026-07-03 23:43:55.748 | INFO     | __main__:<module>:917 - lr:0.1 weight_nat: 0.28227611670994174, nat_loss: 0.015953538939356804, weight_adv: 0.7177238832900583, adv_loss: 0.021814286708831787 weight-klloss3 0.048022249999999995 Loss3: 0.035361774265766144 clean_ce: 0.12531080842018127, adv_ce: 1.350773572921753, adv_margin: 0.690203070640564, clean_gate: 0.4965549409389496, teacher_margin: 0.43299514055252075, teacher_margin_gate: 0.6011759638786316, teacher_clean_gate: 1.0, teacher_adv_gate: 1.0, tm_grad_cos: 0.7855192422866821, tm_scale: 1.0, tm_ps_scale: 1.0, pcgrad_conflicts: 0/0
2026-07-03 23:44:24.434 | INFO     | __main__:<module>:917 - lr:0.1 weight_nat: 0.2811953671922631, nat_loss: 0.017577702179551125, weight_adv: 0.7188046328077369, adv_loss: 0.02301064319908619 weight-klloss3 0.048022249999999995 Loss3: 0.03218173235654831 clean_ce: 0.1557576209306717, adv_ce: 1.2663099765777588, adv_margin: 0.6202985048294067, clean_gate: 0.543584942817688, teacher_margin: 0.43735501170158386, teacher_margin_gate: 0.6493260264396667, teacher_clean_gate: 1.0, teacher_adv_gate: 1.0, tm_grad_cos: 0.7584032416343689, tm_scale: 1.0, tm_ps_scale: 1.0, pcgrad_conflicts: 0/0
2026-07-03 23:44:50.178 | INFO     | __main__:<module>:482 - the 48th epoch 
2026-07-03 23:44:50.477 | INFO     | __main__:<module>:917 - lr:0.1 weight_nat: 0.2763381893586571, nat_loss: 0.013762692920863628, weight_adv: 0.7236618106413429, adv_loss: 0.028133565559983253 weight-klloss3 0.049044 Loss3: 0.03637424111366272 clean_ce: 0.14829573035240173, adv_ce: 1.366937518119812, adv_margin: 0.7152997851371765, clean_gate: 0.513205885887146, teacher_margin: 0.5322275757789612, teacher_margin_gate: 0.6399396061897278, teacher_clean_gate: 1.0, teacher_adv_gate: 1.0, tm_grad_cos: 0.7681238055229187, tm_scale: 1.0, tm_ps_scale: 1.0, pcgrad_conflicts: 0/0
2026-07-03 23:45:19.155 | INFO     | __main__:<module>:917 - lr:0.1 weight_nat: 0.2776722210732858, nat_loss: 0.01278902031481266, weight_adv: 0.7223277789267142, adv_loss: 0.02166760340332985 weight-klloss3 0.049044 Loss3: 0.035686951130628586 clean_ce: 0.14423230290412903, adv_ce: 1.2617721557617188, adv_margin: 0.7050082683563232, clean_gate: 0.5327252149581909, teacher_margin: 0.4171072840690613, teacher_margin_gate: 0.6394062638282776, teacher_clean_gate: 1.0, teacher_adv_gate: 1.0, tm_grad_cos: 0.7529176473617554, tm_scale: 1.0, tm_ps_scale: 1.0, pcgrad_conflicts: 0/0
2026-07-03 23:45:47.815 | INFO     | __main__:<module>:917 - lr:0.1 weight_nat: 0.28228520001308666, nat_loss: 0.013426974415779114, weight_adv: 0.7177147999869135, adv_loss: 0.020421143621206284 weight-klloss3 0.049044 Loss3: 0.03653585538268089 clean_ce: 0.17271403968334198, adv_ce: 1.1926685571670532, adv_margin: 0.5593960285186768, clean_gate: 0.5614441633224487, teacher_margin: 0.43705251812934875, teacher_margin_gate: 0.6749997735023499, teacher_clean_gate: 1.0, teacher_adv_gate: 1.0, tm_grad_cos: 0.7879561185836792, tm_scale: 1.0, tm_ps_scale: 1.0, pcgrad_conflicts: 0/0
2026-07-03 23:46:16.983 | INFO     | __main__:<module>:917 - lr:0.1 weight_nat: 0.28223928747618293, nat_loss: 0.01201409287750721, weight_adv: 0.7177607125238171, adv_loss: 0.028793327510356903 weight-klloss3 0.049044 Loss3: 0.05692719295620918 clean_ce: 0.1476544886827469, adv_ce: 1.2319636344909668, adv_margin: 0.6101210117340088, clean_gate: 0.5473843812942505, teacher_margin: 0.6164367198944092, teacher_margin_gate: 0.710582971572876, teacher_clean_gate: 1.0, teacher_adv_gate: 1.0, tm_grad_cos: 0.7975178956985474, tm_scale: 1.0, tm_ps_scale: 1.0, pcgrad_conflicts: 0/0
2026-07-03 23:46:42.975 | INFO     | __main__:<module>:482 - the 49th epoch 
2026-07-03 23:46:43.276 | INFO     | __main__:<module>:917 - lr:0.1 weight_nat: 0.27661669487991, nat_loss: 0.014096962288022041, weight_adv: 0.7233833051200901, adv_loss: 0.02148222178220749 weight-klloss3 0.05006575 Loss3: 0.04698575288057327 clean_ce: 0.13478031754493713, adv_ce: 1.394905686378479, adv_margin: 0.6908231973648071, clean_gate: 0.4963003993034363, teacher_margin: 0.4860544204711914, teacher_margin_gate: 0.6277177333831787, teacher_clean_gate: 1.0, teacher_adv_gate: 1.0, tm_grad_cos: 0.7757272124290466, tm_scale: 1.0, tm_ps_scale: 1.0, pcgrad_conflicts: 0/0
2026-07-03 23:47:12.438 | INFO     | __main__:<module>:917 - lr:0.1 weight_nat: 0.27757878350742304, nat_loss: 0.011937377043068409, weight_adv: 0.722421216492577, adv_loss: 0.018564267084002495 weight-klloss3 0.05006575 Loss3: 0.04342145845293999 clean_ce: 0.14167064428329468, adv_ce: 1.1505284309387207, adv_margin: 0.5163745284080505, clean_gate: 0.5546262264251709, teacher_margin: 0.4241856038570404, teacher_margin_gate: 0.6519834995269775, teacher_clean_gate: 1.0, teacher_adv_gate: 1.0, tm_grad_cos: 0.7759475111961365, tm_scale: 1.0, tm_ps_scale: 1.0, pcgrad_conflicts: 0/0
2026-07-03 23:47:41.548 | INFO     | __main__:<module>:917 - lr:0.1 weight_nat: 0.28062002483308685, nat_loss: 0.015737488865852356, weight_adv: 0.7193799751669131, adv_loss: 0.03339632600545883 weight-klloss3 0.05006575 Loss3: 0.03348948061466217 clean_ce: 0.1275842934846878, adv_ce: 1.4213311672210693, adv_margin: 0.8755583167076111, clean_gate: 0.48623228073120117, teacher_margin: 0.5808166265487671, teacher_margin_gate: 0.6419084072113037, teacher_clean_gate: 1.0, teacher_adv_gate: 1.0, tm_grad_cos: 0.7751639485359192, tm_scale: 1.0, tm_ps_scale: 1.0, pcgrad_conflicts: 0/0
2026-07-03 23:48:10.494 | INFO     | __main__:<module>:917 - lr:0.1 weight_nat: 0.2804945287629356, nat_loss: 0.01894492283463478, weight_adv: 0.7195054712370643, adv_loss: 0.024063851684331894 weight-klloss3 0.05006575 Loss3: 0.033426545560359955 clean_ce: 0.1674489676952362, adv_ce: 1.1427220106124878, adv_margin: 0.4485510587692261, clean_gate: 0.5719745755195618, teacher_margin: 0.48650312423706055, teacher_margin_gate: 0.6711341142654419, teacher_clean_gate: 1.0, teacher_adv_gate: 1.0, tm_grad_cos: 0.7771121263504028, tm_scale: 1.0, tm_ps_scale: 1.0, pcgrad_conflicts: 0/0
2026-07-03 23:48:36.916 | INFO     | __main__:<module>:482 - the 50th epoch 
2026-07-03 23:48:37.221 | INFO     | __main__:<module>:917 - lr:0.1 weight_nat: 0.2756750454489016, nat_loss: 0.014112827368080616, weight_adv: 0.7243249545510985, adv_loss: 0.024620743468403816 weight-klloss3 0.051087499999999994 Loss3: 0.044983938336372375 clean_ce: 0.12423118948936462, adv_ce: 1.3364795446395874, adv_margin: 0.6504613161087036, clean_gate: 0.49896788597106934, teacher_margin: 0.5330076813697815, teacher_margin_gate: 0.6466690301895142, teacher_clean_gate: 1.0, teacher_adv_gate: 1.0, tm_grad_cos: 0.7990399599075317, tm_scale: 1.0, tm_ps_scale: 1.0, pcgrad_conflicts: 0/0
2026-07-03 23:49:06.806 | INFO     | __main__:<module>:917 - lr:0.1 weight_nat: 0.28360564568232743, nat_loss: 0.01730732060968876, weight_adv: 0.7163943543176726, adv_loss: 0.02133817970752716 weight-klloss3 0.051087499999999994 Loss3: 0.03286577761173248 clean_ce: 0.14338700473308563, adv_ce: 1.1656980514526367, adv_margin: 0.5166436433792114, clean_gate: 0.5605469942092896, teacher_margin: 0.45393675565719604, teacher_margin_gate: 0.6793578267097473, teacher_clean_gate: 1.0, teacher_adv_gate: 1.0, tm_grad_cos: 0.7820384502410889, tm_scale: 1.0, tm_ps_scale: 1.0, pcgrad_conflicts: 0/0
2026-07-03 23:49:36.294 | INFO     | __main__:<module>:917 - lr:0.1 weight_nat: 0.2789330802200773, nat_loss: 0.013261266052722931, weight_adv: 0.7210669197799227, adv_loss: 0.024170082062482834 weight-klloss3 0.051087499999999994 Loss3: 0.03318462520837784 clean_ce: 0.1512424349784851, adv_ce: 1.1647953987121582, adv_margin: 0.5032497644424438, clean_gate: 0.5739156007766724, teacher_margin: 0.545615553855896, teacher_margin_gate: 0.7152535319328308, teacher_clean_gate: 1.0, teacher_adv_gate: 1.0, tm_grad_cos: 0.7833114862442017, tm_scale: 1.0, tm_ps_scale: 1.0, pcgrad_conflicts: 0/0
2026-07-03 23:50:05.026 | INFO     | __main__:<module>:917 - lr:0.1 weight_nat: 0.2784293291258561, nat_loss: 0.013270692899823189, weight_adv: 0.7215706708741438, adv_loss: 0.022432781755924225 weight-klloss3 0.051087499999999994 Loss3: 0.02661718986928463 clean_ce: 0.15386147797107697, adv_ce: 1.268427848815918, adv_margin: 0.6415833234786987, clean_gate: 0.5382788181304932, teacher_margin: 0.47683417797088623, teacher_margin_gate: 0.6601047515869141, teacher_clean_gate: 1.0, teacher_adv_gate: 1.0, tm_grad_cos: 0.7833730578422546, tm_scale: 1.0, tm_ps_scale: 1.0, pcgrad_conflicts: 0/0
2026-07-03 23:50:48.612 | INFO     | __main__:<module>:974 - student robust acc 0.1000, teacher robust acc 0.8256, nat teacher robust acc 0.8883
2026-07-03 23:50:53.935 | INFO     | __main__:<module>:1061 - student natural acc 0.1000, adv teacher natural acc 0.8481, nat teacher natural acc 0.9318
2026-07-03 23:50:53.937 | INFO     | __main__:<module>:482 - the 51th epoch 
2026-07-03 23:50:54.323 | INFO     | __main__:<module>:917 - lr:0.1 weight_nat: 0.2731041896847982, nat_loss: 0.01445017009973526, weight_adv: 0.7268958103152018, adv_loss: 0.02325504645705223 weight-klloss3 0.05210924999999999 Loss3: 0.04484742879867554 clean_ce: 0.1592874825000763, adv_ce: 1.2802060842514038, adv_margin: 0.6050077676773071, clean_gate: 0.5542322993278503, teacher_margin: 0.512169361114502, teacher_margin_gate: 0.6713965535163879, teacher_clean_gate: 1.0, teacher_adv_gate: 1.0, tm_grad_cos: 0.7610894441604614, tm_scale: 1.0, tm_ps_scale: 1.0, pcgrad_conflicts: 0/0
2026-07-03 23:51:31.037 | INFO     | __main__:<module>:917 - lr:0.1 weight_nat: 0.28894451584982134, nat_loss: 0.018411530181765556, weight_adv: 0.7110554841501787, adv_loss: 0.026645319536328316 weight-klloss3 0.05210924999999999 Loss3: 0.03869069367647171 clean_ce: 0.13505342602729797, adv_ce: 1.3794432878494263, adv_margin: 0.6988986730575562, clean_gate: 0.49062928557395935, teacher_margin: 0.5922562479972839, teacher_margin_gate: 0.6555168628692627, teacher_clean_gate: 1.0, teacher_adv_gate: 1.0, tm_grad_cos: 0.8300452828407288, tm_scale: 1.0, tm_ps_scale: 1.0, pcgrad_conflicts: 0/0
2026-07-03 23:52:08.025 | INFO     | __main__:<module>:917 - lr:0.1 weight_nat: 0.2758213865294312, nat_loss: 0.011112364940345287, weight_adv: 0.7241786134705688, adv_loss: 0.02234930545091629 weight-klloss3 0.05210924999999999 Loss3: 0.03941960632801056 clean_ce: 0.15887707471847534, adv_ce: 1.161260724067688, adv_margin: 0.4742474853992462, clean_gate: 0.5454718470573425, teacher_margin: 0.5195395946502686, teacher_margin_gate: 0.6788946986198425, teacher_clean_gate: 1.0, teacher_adv_gate: 1.0, tm_grad_cos: 0.8154113292694092, tm_scale: 1.0, tm_ps_scale: 1.0, pcgrad_conflicts: 0/0
2026-07-03 23:52:45.037 | INFO     | __main__:<module>:917 - lr:0.1 weight_nat: 0.27481038704693644, nat_loss: 0.014035156928002834, weight_adv: 0.7251896129530636, adv_loss: 0.020512865856289864 weight-klloss3 0.05210924999999999 Loss3: 0.03237716108560562 clean_ce: 0.18178503215312958, adv_ce: 1.1604745388031006, adv_margin: 0.45909929275512695, clean_gate: 0.5435651540756226, teacher_margin: 0.4859025180339813, teacher_margin_gate: 0.6627670526504517, teacher_clean_gate: 1.0, teacher_adv_gate: 1.0, tm_grad_cos: 0.7897660136222839, tm_scale: 1.0, tm_ps_scale: 1.0, pcgrad_conflicts: 0/0
2026-07-03 23:53:18.176 | INFO     | __main__:<module>:482 - the 52th epoch 
2026-07-03 23:53:18.591 | INFO     | __main__:<module>:917 - lr:0.1 weight_nat: 0.2771864909478645, nat_loss: 0.012263093143701553, weight_adv: 0.7228135090521355, adv_loss: 0.023559492081403732 weight-klloss3 0.053131 Loss3: 0.043545156717300415 clean_ce: 0.1570645570755005, adv_ce: 1.2925193309783936, adv_margin: 0.6022295951843262, clean_gate: 0.5419862270355225, teacher_margin: 0.5154098272323608, teacher_margin_gate: 0.6812878847122192, teacher_clean_gate: 1.0, teacher_adv_gate: 1.0, tm_grad_cos: 0.8085331320762634, tm_scale: 1.0, tm_ps_scale: 1.0, pcgrad_conflicts: 0/0
2026-07-03 23:53:55.546 | INFO     | __main__:<module>:917 - lr:0.1 weight_nat: 0.27819377197333495, nat_loss: 0.011464881710708141, weight_adv: 0.7218062280266652, adv_loss: 0.022627267986536026 weight-klloss3 0.053131 Loss3: 0.044724129140377045 clean_ce: 0.1309794783592224, adv_ce: 1.199035406112671, adv_margin: 0.6399962902069092, clean_gate: 0.5558336973190308, teacher_margin: 0.45890021324157715, teacher_margin_gate: 0.6805853843688965, teacher_clean_gate: 1.0, teacher_adv_gate: 1.0, tm_grad_cos: 0.7806326150894165, tm_scale: 1.0, tm_ps_scale: 1.0, pcgrad_conflicts: 0/0
2026-07-03 23:54:32.533 | INFO     | __main__:<module>:917 - lr:0.1 weight_nat: 0.27479021064409836, nat_loss: 0.014583870768547058, weight_adv: 0.7252097893559017, adv_loss: 0.026702169328927994 weight-klloss3 0.053131 Loss3: 0.03146359324455261 clean_ce: 0.13367226719856262, adv_ce: 1.290061593055725, adv_margin: 0.616442084312439, clean_gate: 0.5068701505661011, teacher_margin: 0.6046199798583984, teacher_margin_gate: 0.6687783002853394, teacher_clean_gate: 1.0, teacher_adv_gate: 1.0, tm_grad_cos: 0.8291411399841309, tm_scale: 1.0, tm_ps_scale: 1.0, pcgrad_conflicts: 0/0
2026-07-03 23:55:09.464 | INFO     | __main__:<module>:917 - lr:0.1 weight_nat: 0.2755548495027821, nat_loss: 0.01606995239853859, weight_adv: 0.7244451504972179, adv_loss: 0.024578822776675224 weight-klloss3 0.053131 Loss3: 0.032600872218608856 clean_ce: 0.1385287642478943, adv_ce: 1.3360176086425781, adv_margin: 0.7190378904342651, clean_gate: 0.536138653755188, teacher_margin: 0.4636878967285156, teacher_margin_gate: 0.6528912782669067, teacher_clean_gate: 1.0, teacher_adv_gate: 1.0, tm_grad_cos: 0.7446661591529846, tm_scale: 1.0, tm_ps_scale: 1.0, pcgrad_conflicts: 0/0
2026-07-03 23:55:42.559 | INFO     | __main__:<module>:482 - the 53th epoch 
2026-07-03 23:55:42.974 | INFO     | __main__:<module>:917 - lr:0.1 weight_nat: 0.27234150223485887, nat_loss: 0.010057070292532444, weight_adv: 0.7276584977651412, adv_loss: 0.02961328998208046 weight-klloss3 0.05415274999999999 Loss3: 0.03930971026420593 clean_ce: 0.14545655250549316, adv_ce: 1.2102079391479492, adv_margin: 0.6282167434692383, clean_gate: 0.544696569442749, teacher_margin: 0.6054602861404419, teacher_margin_gate: 0.707912266254425, teacher_clean_gate: 1.0, teacher_adv_gate: 1.0, tm_grad_cos: 0.8074285387992859, tm_scale: 1.0, tm_ps_scale: 1.0, pcgrad_conflicts: 0/0
2026-07-03 23:56:19.767 | INFO     | __main__:<module>:917 - lr:0.1 weight_nat: 0.27108467411369697, nat_loss: 0.014818278141319752, weight_adv: 0.728915325886303, adv_loss: 0.02299400046467781 weight-klloss3 0.05415274999999999 Loss3: 0.0396064817905426 clean_ce: 0.14478498697280884, adv_ce: 1.2075684070587158, adv_margin: 0.5223444700241089, clean_gate: 0.5543758869171143, teacher_margin: 0.4243396520614624, teacher_margin_gate: 0.6528182029724121, teacher_clean_gate: 1.0, teacher_adv_gate: 1.0, tm_grad_cos: 0.7597124576568604, tm_scale: 1.0, tm_ps_scale: 1.0, pcgrad_conflicts: 0/0
2026-07-03 23:56:56.610 | INFO     | __main__:<module>:917 - lr:0.1 weight_nat: 0.2772301020257609, nat_loss: 0.015500706620514393, weight_adv: 0.7227698979742392, adv_loss: 0.025748323649168015 weight-klloss3 0.05415274999999999 Loss3: 0.04095378890633583 clean_ce: 0.1458388864994049, adv_ce: 1.2697484493255615, adv_margin: 0.6257210969924927, clean_gate: 0.5303599238395691, teacher_margin: 0.4929463267326355, teacher_margin_gate: 0.6554807424545288, teacher_clean_gate: 1.0, teacher_adv_gate: 1.0, tm_grad_cos: 0.7798032760620117, tm_scale: 1.0, tm_ps_scale: 1.0, pcgrad_conflicts: 0/0
2026-07-03 23:57:33.454 | INFO     | __main__:<module>:917 - lr:0.1 weight_nat: 0.2791356785361826, nat_loss: 0.011498793959617615, weight_adv: 0.7208643214638174, adv_loss: 0.023113396018743515 weight-klloss3 0.05415274999999999 Loss3: 0.031478382647037506 clean_ce: 0.1611546277999878, adv_ce: 1.1318525075912476, adv_margin: 0.47941622138023376, clean_gate: 0.5708044767379761, teacher_margin: 0.47555428743362427, teacher_margin_gate: 0.6891449689865112, teacher_clean_gate: 1.0, teacher_adv_gate: 1.0, tm_grad_cos: 0.7622992396354675, tm_scale: 1.0, tm_ps_scale: 1.0, pcgrad_conflicts: 0/0
2026-07-03 23:58:06.354 | INFO     | __main__:<module>:482 - the 54th epoch 
2026-07-03 23:58:06.769 | INFO     | __main__:<module>:917 - lr:0.1 weight_nat: 0.28451975086053993, nat_loss: 0.014233863912522793, weight_adv: 0.7154802491394601, adv_loss: 0.025428086519241333 weight-klloss3 0.0551745 Loss3: 0.028035879135131836 clean_ce: 0.12632039189338684, adv_ce: 1.3975831270217896, adv_margin: 0.7845709919929504, clean_gate: 0.5073255300521851, teacher_margin: 0.46220991015434265, teacher_margin_gate: 0.6102592945098877, teacher_clean_gate: 1.0, teacher_adv_gate: 1.0, tm_grad_cos: 0.7421563267707825, tm_scale: 1.0, tm_ps_scale: 1.0, pcgrad_conflicts: 0/0
2026-07-03 23:58:44.022 | INFO     | __main__:<module>:917 - lr:0.1 weight_nat: 0.28309791541986956, nat_loss: 0.015578070655465126, weight_adv: 0.7169020845801305, adv_loss: 0.02385266125202179 weight-klloss3 0.0551745 Loss3: 0.040712177753448486 clean_ce: 0.14596682786941528, adv_ce: 1.2838565111160278, adv_margin: 0.5606981515884399, clean_gate: 0.5151998400688171, teacher_margin: 0.5599766969680786, teacher_margin_gate: 0.6533727645874023, teacher_clean_gate: 1.0, teacher_adv_gate: 1.0, tm_grad_cos: 0.814417839050293, tm_scale: 1.0, tm_ps_scale: 1.0, pcgrad_conflicts: 0/0
2026-07-03 23:59:21.236 | INFO     | __main__:<module>:917 - lr:0.1 weight_nat: 0.2680109013320323, nat_loss: 0.013464107178151608, weight_adv: 0.7319890986679677, adv_loss: 0.02699306420981884 weight-klloss3 0.0551745 Loss3: 0.04028161242604256 clean_ce: 0.14262843132019043, adv_ce: 1.3285099267959595, adv_margin: 0.6653854846954346, clean_gate: 0.500410795211792, teacher_margin: 0.5560934543609619, teacher_margin_gate: 0.6476665139198303, teacher_clean_gate: 1.0, teacher_adv_gate: 1.0, tm_grad_cos: 0.7861583232879639, tm_scale: 1.0, tm_ps_scale: 1.0, pcgrad_conflicts: 0/0
2026-07-03 23:59:58.239 | INFO     | __main__:<module>:917 - lr:0.1 weight_nat: 0.27235154984344945, nat_loss: 0.015200778841972351, weight_adv: 0.7276484501565507, adv_loss: 0.021976999938488007 weight-klloss3 0.0551745 Loss3: 0.03782088682055473 clean_ce: 0.13895076513290405, adv_ce: 1.2903000116348267, adv_margin: 0.6294568777084351, clean_gate: 0.5066251158714294, teacher_margin: 0.4770655632019043, teacher_margin_gate: 0.6323680877685547, teacher_clean_gate: 1.0, teacher_adv_gate: 1.0, tm_grad_cos: 0.7967838048934937, tm_scale: 1.0, tm_ps_scale: 1.0, pcgrad_conflicts: 0/0
2026-07-04 00:00:31.234 | INFO     | __main__:<module>:482 - the 55th epoch 
2026-07-04 00:00:31.649 | INFO     | __main__:<module>:917 - lr:0.1 weight_nat: 0.2732489456195378, nat_loss: 0.013842107728123665, weight_adv: 0.7267510543804623, adv_loss: 0.02205636352300644 weight-klloss3 0.056196249999999996 Loss3: 0.03355559706687927 clean_ce: 0.15911024808883667, adv_ce: 1.0836539268493652, adv_margin: 0.3980806767940521, clean_gate: 0.5776903033256531, teacher_margin: 0.5412187576293945, teacher_margin_gate: 0.7198502421379089, teacher_clean_gate: 1.0, teacher_adv_gate: 1.0, tm_grad_cos: 0.8053510189056396, tm_scale: 1.0, tm_ps_scale: 1.0, pcgrad_conflicts: 0/0
2026-07-04 00:01:08.487 | INFO     | __main__:<module>:917 - lr:0.1 weight_nat: 0.2741529179771052, nat_loss: 0.011817061342298985, weight_adv: 0.7258470820228947, adv_loss: 0.026747416704893112 weight-klloss3 0.056196249999999996 Loss3: 0.036066241562366486 clean_ce: 0.14050893485546112, adv_ce: 1.1773899793624878, adv_margin: 0.6096436977386475, clean_gate: 0.5641161799430847, teacher_margin: 0.5424847602844238, teacher_margin_gate: 0.7132141590118408, teacher_clean_gate: 1.0, teacher_adv_gate: 1.0, tm_grad_cos: 0.7947160005569458, tm_scale: 1.0, tm_ps_scale: 1.0, pcgrad_conflicts: 0/0
2026-07-04 00:01:45.308 | INFO     | __main__:<module>:917 - lr:0.1 weight_nat: 0.27724284520542947, nat_loss: 0.01470835693180561, weight_adv: 0.7227571547945705, adv_loss: 0.022697340697050095 weight-klloss3 0.056196249999999996 Loss3: 0.03875099495053291 clean_ce: 0.17601250112056732, adv_ce: 1.1775341033935547, adv_margin: 0.49559399485588074, clean_gate: 0.5753719210624695, teacher_margin: 0.4527428150177002, teacher_margin_gate: 0.6779483556747437, teacher_clean_gate: 1.0, teacher_adv_gate: 1.0, tm_grad_cos: 0.7686479687690735, tm_scale: 1.0, tm_ps_scale: 1.0, pcgrad_conflicts: 0/0
2026-07-04 00:02:22.136 | INFO     | __main__:<module>:917 - lr:0.1 weight_nat: 0.27415799377831246, nat_loss: 0.01328189205378294, weight_adv: 0.7258420062216876, adv_loss: 0.020335998386144638 weight-klloss3 0.056196249999999996 Loss3: 0.0327237993478775 clean_ce: 0.16474372148513794, adv_ce: 1.193532109260559, adv_margin: 0.553272545337677, clean_gate: 0.5641862154006958, teacher_margin: 0.41334056854248047, teacher_margin_gate: 0.6688940525054932, teacher_clean_gate: 1.0, teacher_adv_gate: 1.0, tm_grad_cos: 0.7820218801498413, tm_scale: 1.0, tm_ps_scale: 1.0, pcgrad_conflicts: 0/0
2026-07-04 00:02:55.120 | INFO     | __main__:<module>:482 - the 56th epoch 
2026-07-04 00:02:55.535 | INFO     | __main__:<module>:917 - lr:0.1 weight_nat: 0.2753822842289756, nat_loss: 0.00987720675766468, weight_adv: 0.7246177157710245, adv_loss: 0.021175820380449295 weight-klloss3 0.05721799999999999 Loss3: 0.031295739114284515 clean_ce: 0.15803197026252747, adv_ce: 1.0997244119644165, adv_margin: 0.5044601559638977, clean_gate: 0.58290034532547, teacher_margin: 0.4870516359806061, teacher_margin_gate: 0.6965097188949585, teacher_clean_gate: 1.0, teacher_adv_gate: 1.0, tm_grad_cos: 0.7775500416755676, tm_scale: 1.0, tm_ps_scale: 1.0, pcgrad_conflicts: 0/0
2026-07-04 00:03:32.454 | INFO     | __main__:<module>:917 - lr:0.1 weight_nat: 0.27544143768201673, nat_loss: 0.015556575730443, weight_adv: 0.7245585623179832, adv_loss: 0.018906231969594955 weight-klloss3 0.05721799999999999 Loss3: 0.035941287875175476 clean_ce: 0.15959903597831726, adv_ce: 1.1453332901000977, adv_margin: 0.46081846952438354, clean_gate: 0.5779470801353455, teacher_margin: 0.3904959559440613, teacher_margin_gate: 0.6529744863510132, teacher_clean_gate: 1.0, teacher_adv_gate: 1.0, tm_grad_cos: 0.7594254612922668, tm_scale: 1.0, tm_ps_scale: 1.0, pcgrad_conflicts: 0/0
2026-07-04 00:04:09.400 | INFO     | __main__:<module>:917 - lr:0.1 weight_nat: 0.27540712125350597, nat_loss: 0.014181144535541534, weight_adv: 0.7245928787464941, adv_loss: 0.01873326674103737 weight-klloss3 0.05721799999999999 Loss3: 0.025432631373405457 clean_ce: 0.15073604881763458, adv_ce: 1.1121071577072144, adv_margin: 0.5082319974899292, clean_gate: 0.58768230676651, teacher_margin: 0.39794063568115234, teacher_margin_gate: 0.6862230896949768, teacher_clean_gate: 1.0, teacher_adv_gate: 1.0, tm_grad_cos: 0.783708930015564, tm_scale: 1.0, tm_ps_scale: 1.0, pcgrad_conflicts: 0/0
2026-07-04 00:04:46.238 | INFO     | __main__:<module>:917 - lr:0.1 weight_nat: 0.26992442399037375, nat_loss: 0.013410717248916626, weight_adv: 0.7300755760096262, adv_loss: 0.026983220130205154 weight-klloss3 0.05721799999999999 Loss3: 0.026645194739103317 clean_ce: 0.14053687453269958, adv_ce: 1.2490577697753906, adv_margin: 0.586966872215271, clean_gate: 0.5229314565658569, teacher_margin: 0.5836353898048401, teacher_margin_gate: 0.6800246238708496, teacher_clean_gate: 1.0, teacher_adv_gate: 1.0, tm_grad_cos: 0.7947093844413757, tm_scale: 1.0, tm_ps_scale: 1.0, pcgrad_conflicts: 0/0
2026-07-04 00:05:19.247 | INFO     | __main__:<module>:482 - the 57th epoch 
2026-07-04 00:05:19.663 | INFO     | __main__:<module>:917 - lr:0.1 weight_nat: 0.2823067888864515, nat_loss: 0.0129566490650177, weight_adv: 0.7176932111135486, adv_loss: 0.023011788725852966 weight-klloss3 0.05823975 Loss3: 0.03537101671099663 clean_ce: 0.13303062319755554, adv_ce: 1.3150529861450195, adv_margin: 0.7244648337364197, clean_gate: 0.5087056159973145, teacher_margin: 0.46719300746917725, teacher_margin_gate: 0.6281635761260986, teacher_clean_gate: 1.0, teacher_adv_gate: 1.0, tm_grad_cos: 0.7735587358474731, tm_scale: 1.0, tm_ps_scale: 1.0, pcgrad_conflicts: 0/0
2026-07-04 00:05:56.626 | INFO     | __main__:<module>:917 - lr:0.1 weight_nat: 0.2739226146245075, nat_loss: 0.01871337741613388, weight_adv: 0.7260773853754926, adv_loss: 0.023222127929329872 weight-klloss3 0.05823975 Loss3: 0.025866489857435226 clean_ce: 0.14504873752593994, adv_ce: 1.2674330472946167, adv_margin: 0.6674145460128784, clean_gate: 0.5160815119743347, teacher_margin: 0.4654711186885834, teacher_margin_gate: 0.6317617297172546, teacher_clean_gate: 1.0, teacher_adv_gate: 1.0, tm_grad_cos: 0.7904226183891296, tm_scale: 1.0, tm_ps_scale: 1.0, pcgrad_conflicts: 0/0
2026-07-04 00:06:33.852 | INFO     | __main__:<module>:917 - lr:0.1 weight_nat: 0.2792756746169953, nat_loss: 0.024116262793540955, weight_adv: 0.7207243253830048, adv_loss: 0.02428773045539856 weight-klloss3 0.05823975 Loss3: 0.028916798532009125 clean_ce: 0.15098333358764648, adv_ce: 1.3416833877563477, adv_margin: 0.6674466133117676, clean_gate: 0.5250214338302612, teacher_margin: 0.5110079050064087, teacher_margin_gate: 0.6597548723220825, teacher_clean_gate: 1.0, teacher_adv_gate: 1.0, tm_grad_cos: 0.7916683554649353, tm_scale: 1.0, tm_ps_scale: 1.0, pcgrad_conflicts: 0/0
2026-07-04 00:07:11.064 | INFO     | __main__:<module>:917 - lr:0.1 weight_nat: 0.278142973586117, nat_loss: 0.014438276179134846, weight_adv: 0.7218570264138829, adv_loss: 0.02205115742981434 weight-klloss3 0.05823975 Loss3: 0.02960395999252796 clean_ce: 0.1624603420495987, adv_ce: 1.1510578393936157, adv_margin: 0.46722501516342163, clean_gate: 0.5659325122833252, teacher_margin: 0.4519319236278534, teacher_margin_gate: 0.6786363124847412, teacher_clean_gate: 1.0, teacher_adv_gate: 1.0, tm_grad_cos: 0.7792770862579346, tm_scale: 1.0, tm_ps_scale: 1.0, pcgrad_conflicts: 0/0
2026-07-04 00:07:44.388 | INFO     | __main__:<module>:482 - the 58th epoch 
2026-07-04 00:07:44.804 | INFO     | __main__:<module>:917 - lr:0.1 weight_nat: 0.2691423063176218, nat_loss: 0.010849716141819954, weight_adv: 0.7308576936823782, adv_loss: 0.020063862204551697 weight-klloss3 0.059261499999999995 Loss3: 0.023046351969242096 clean_ce: 0.1540672481060028, adv_ce: 1.0819648504257202, adv_margin: 0.42777925729751587, clean_gate: 0.5748318433761597, teacher_margin: 0.47030025720596313, teacher_margin_gate: 0.6884779930114746, teacher_clean_gate: 1.0, teacher_adv_gate: 1.0, tm_grad_cos: 0.7887904644012451, tm_scale: 1.0, tm_ps_scale: 1.0, pcgrad_conflicts: 0/0
2026-07-04 00:08:21.937 | INFO     | __main__:<module>:917 - lr:0.1 weight_nat: 0.2779757912935812, nat_loss: 0.009205715730786324, weight_adv: 0.7220242087064189, adv_loss: 0.019566843286156654 weight-klloss3 0.059261499999999995 Loss3: 0.035765357315540314 clean_ce: 0.15889208018779755, adv_ce: 1.0335521697998047, adv_margin: 0.4151167869567871, clean_gate: 0.6055848598480225, teacher_margin: 0.420479416847229, teacher_margin_gate: 0.7032790184020996, teacher_clean_gate: 1.0, teacher_adv_gate: 1.0, tm_grad_cos: 0.7759881019592285, tm_scale: 1.0, tm_ps_scale: 1.0, pcgrad_conflicts: 0/0
2026-07-04 00:08:58.794 | INFO     | __main__:<module>:917 - lr:0.1 weight_nat: 0.27231298438852136, nat_loss: 0.01423140149563551, weight_adv: 0.7276870156114787, adv_loss: 0.022924667224287987 weight-klloss3 0.059261499999999995 Loss3: 0.035104285925626755 clean_ce: 0.13658878207206726, adv_ce: 1.2645481824874878, adv_margin: 0.6339462995529175, clean_gate: 0.5359138250350952, teacher_margin: 0.48483362793922424, teacher_margin_gate: 0.6589647531509399, teacher_clean_gate: 1.0, teacher_adv_gate: 1.0, tm_grad_cos: 0.7832615971565247, tm_scale: 1.0, tm_ps_scale: 1.0, pcgrad_conflicts: 0/0
2026-07-04 00:09:35.732 | INFO     | __main__:<module>:917 - lr:0.1 weight_nat: 0.27227216867734116, nat_loss: 0.013995262794196606, weight_adv: 0.7277278313226588, adv_loss: 0.02009437419474125 weight-klloss3 0.059261499999999995 Loss3: 0.03646373748779297 clean_ce: 0.17616194486618042, adv_ce: 1.1513956785202026, adv_margin: 0.46655672788619995, clean_gate: 0.5696886777877808, teacher_margin: 0.45813941955566406, teacher_margin_gate: 0.678861141204834, teacher_clean_gate: 1.0, teacher_adv_gate: 1.0, tm_grad_cos: 0.770565390586853, tm_scale: 1.0, tm_ps_scale: 1.0, pcgrad_conflicts: 0/0
2026-07-04 00:10:08.757 | INFO     | __main__:<module>:482 - the 59th epoch 
2026-07-04 00:10:09.172 | INFO     | __main__:<module>:917 - lr:0.1 weight_nat: 0.2675802153475102, nat_loss: 0.0121621023863554, weight_adv: 0.7324197846524899, adv_loss: 0.021453965455293655 weight-klloss3 0.06028325 Loss3: 0.04057341814041138 clean_ce: 0.16242896020412445, adv_ce: 1.1480826139450073, adv_margin: 0.5693240165710449, clean_gate: 0.572248637676239, teacher_margin: 0.45079416036605835, teacher_margin_gate: 0.6700711250305176, teacher_clean_gate: 1.0, teacher_adv_gate: 1.0, tm_grad_cos: 0.7743499875068665, tm_scale: 1.0, tm_ps_scale: 1.0, pcgrad_conflicts: 0/0
2026-07-04 00:10:46.036 | INFO     | __main__:<module>:917 - lr:0.1 weight_nat: 0.26619756100409436, nat_loss: 0.011260567232966423, weight_adv: 0.7338024389959057, adv_loss: 0.025929316878318787 weight-klloss3 0.06028325 Loss3: 0.03683747723698616 clean_ce: 0.1419503390789032, adv_ce: 1.2260466814041138, adv_margin: 0.6745232343673706, clean_gate: 0.5525571703910828, teacher_margin: 0.4723488390445709, teacher_margin_gate: 0.6810107231140137, teacher_clean_gate: 1.0, teacher_adv_gate: 1.0, tm_grad_cos: 0.7603036165237427, tm_scale: 1.0, tm_ps_scale: 1.0, pcgrad_conflicts: 0/0
2026-07-04 00:11:22.859 | INFO     | __main__:<module>:917 - lr:0.1 weight_nat: 0.2720677916724243, nat_loss: 0.011095242574810982, weight_adv: 0.7279322083275757, adv_loss: 0.019767489284276962 weight-klloss3 0.06028325 Loss3: 0.03007832169532776 clean_ce: 0.14525611698627472, adv_ce: 1.1539756059646606, adv_margin: 0.4837692975997925, clean_gate: 0.56861811876297, teacher_margin: 0.4553469717502594, teacher_margin_gate: 0.6903870105743408, teacher_clean_gate: 1.0, teacher_adv_gate: 1.0, tm_grad_cos: 0.790875256061554, tm_scale: 1.0, tm_ps_scale: 1.0, pcgrad_conflicts: 0/0
2026-07-04 00:11:59.670 | INFO     | __main__:<module>:917 - lr:0.1 weight_nat: 0.2752617379411454, nat_loss: 0.013163596391677856, weight_adv: 0.7247382620588547, adv_loss: 0.023654773831367493 weight-klloss3 0.06028325 Loss3: 0.02844472974538803 clean_ce: 0.17018207907676697, adv_ce: 1.1726124286651611, adv_margin: 0.527147650718689, clean_gate: 0.5493371486663818, teacher_margin: 0.4835459291934967, teacher_margin_gate: 0.6653836965560913, teacher_clean_gate: 1.0, teacher_adv_gate: 1.0, tm_grad_cos: 0.7719616293907166, tm_scale: 1.0, tm_ps_scale: 1.0, pcgrad_conflicts: 0/0
2026-07-04 00:12:32.663 | INFO     | __main__:<module>:482 - the 60th epoch 
2026-07-04 00:12:33.078 | INFO     | __main__:<module>:917 - lr:0.1 weight_nat: 0.2776787197687139, nat_loss: 0.010583731345832348, weight_adv: 0.7223212802312862, adv_loss: 0.018833300098776817 weight-klloss3 0.061305 Loss3: 0.032643429934978485 clean_ce: 0.16079702973365784, adv_ce: 1.1106926202774048, adv_margin: 0.4777241051197052, clean_gate: 0.5907374620437622, teacher_margin: 0.39478182792663574, teacher_margin_gate: 0.6769631505012512, teacher_clean_gate: 1.0, teacher_adv_gate: 1.0, tm_grad_cos: 0.7641661167144775, tm_scale: 1.0, tm_ps_scale: 1.0, pcgrad_conflicts: 0/0
2026-07-04 00:13:09.895 | INFO     | __main__:<module>:917 - lr:0.1 weight_nat: 0.28070968446103906, nat_loss: 0.011522895656526089, weight_adv: 0.719290315538961, adv_loss: 0.019879434257745743 weight-klloss3 0.061305 Loss3: 0.034267276525497437 clean_ce: 0.15992054343223572, adv_ce: 1.1588973999023438, adv_margin: 0.5229943990707397, clean_gate: 0.5729370713233948, teacher_margin: 0.45712190866470337, teacher_margin_gate: 0.6819345355033875, teacher_clean_gate: 1.0, teacher_adv_gate: 1.0, tm_grad_cos: 0.8041177988052368, tm_scale: 1.0, tm_ps_scale: 1.0, pcgrad_conflicts: 0/0
2026-07-04 00:13:46.728 | INFO     | __main__:<module>:917 - lr:0.1 weight_nat: 0.27579870421396835, nat_loss: 0.012266724370419979, weight_adv: 0.7242012957860317, adv_loss: 0.0264807790517807 weight-klloss3 0.061305 Loss3: 0.03238558769226074 clean_ce: 0.1253042221069336, adv_ce: 1.393226146697998, adv_margin: 0.8107962012290955, clean_gate: 0.472846657037735, teacher_margin: 0.5134557485580444, teacher_margin_gate: 0.6135294437408447, teacher_clean_gate: 1.0, teacher_adv_gate: 1.0, tm_grad_cos: 0.8134024143218994, tm_scale: 1.0, tm_ps_scale: 1.0, pcgrad_conflicts: 0/0
2026-07-04 00:14:23.562 | INFO     | __main__:<module>:917 - lr:0.1 weight_nat: 0.2690978209997851, nat_loss: 0.012869074009358883, weight_adv: 0.730902179000215, adv_loss: 0.028641575947403908 weight-klloss3 0.061305 Loss3: 0.045456718653440475 clean_ce: 0.14302241802215576, adv_ce: 1.3502408266067505, adv_margin: 0.6711584329605103, clean_gate: 0.4974263310432434, teacher_margin: 0.6132349371910095, teacher_margin_gate: 0.6592555046081543, teacher_clean_gate: 1.0, teacher_adv_gate: 1.0, tm_grad_cos: 0.7907455563545227, tm_scale: 1.0, tm_ps_scale: 1.0, pcgrad_conflicts: 0/0
2026-07-04 00:15:14.540 | INFO     | __main__:<module>:974 - student robust acc 0.1001, teacher robust acc 0.7714, nat teacher robust acc 0.7495
2026-07-04 00:15:20.308 | INFO     | __main__:<module>:1058 - best accuracy:0.1002
2026-07-04 00:15:20.309 | INFO     | __main__:<module>:1061 - student natural acc 0.1003, adv teacher natural acc 0.8543, nat teacher natural acc 0.9318
2026-07-04 00:15:20.310 | INFO     | __main__:<module>:482 - the 61th epoch 
2026-07-04 00:15:20.702 | INFO     | __main__:<module>:917 - lr:0.1 weight_nat: 0.2757663308020389, nat_loss: 0.012459110468626022, weight_adv: 0.7242336691979611, adv_loss: 0.02142254263162613 weight-klloss3 0.06232674999999999 Loss3: 0.035305000841617584 clean_ce: 0.1665685623884201, adv_ce: 1.1463000774383545, adv_margin: 0.5025813579559326, clean_gate: 0.5960010886192322, teacher_margin: 0.41646426916122437, teacher_margin_gate: 0.6885678768157959, teacher_clean_gate: 1.0, teacher_adv_gate: 1.0, tm_grad_cos: 0.7539792656898499, tm_scale: 1.0, tm_ps_scale: 1.0, pcgrad_conflicts: 0/0
2026-07-04 00:15:57.654 | INFO     | __main__:<module>:917 - lr:0.1 weight_nat: 0.27560783601383243, nat_loss: 0.014154006727039814, weight_adv: 0.7243921639861676, adv_loss: 0.025775182992219925 weight-klloss3 0.06232674999999999 Loss3: 0.04074639081954956 clean_ce: 0.14761382341384888, adv_ce: 1.328519582748413, adv_margin: 0.7068775296211243, clean_gate: 0.5015549659729004, teacher_margin: 0.5384352207183838, teacher_margin_gate: 0.6560850143432617, teacher_clean_gate: 1.0, teacher_adv_gate: 1.0, tm_grad_cos: 0.7994548082351685, tm_scale: 1.0, tm_ps_scale: 1.0, pcgrad_conflicts: 0/0
2026-07-04 00:16:34.562 | INFO     | __main__:<module>:917 - lr:0.1 weight_nat: 0.26972241623126075, nat_loss: 0.011208861134946346, weight_adv: 0.7302775837687392, adv_loss: 0.02083549275994301 weight-klloss3 0.06232674999999999 Loss3: 0.034575723111629486 clean_ce: 0.13875429332256317, adv_ce: 1.2598243951797485, adv_margin: 0.6208436489105225, clean_gate: 0.5290067195892334, teacher_margin: 0.4667719602584839, teacher_margin_gate: 0.6441289186477661, teacher_clean_gate: 1.0, teacher_adv_gate: 1.0, tm_grad_cos: 0.7909457087516785, tm_scale: 1.0, tm_ps_scale: 1.0, pcgrad_conflicts: 0/0
2026-07-04 00:17:11.470 | INFO     | __main__:<module>:917 - lr:0.1 weight_nat: 0.2690105717309649, nat_loss: 0.015195967629551888, weight_adv: 0.7309894282690351, adv_loss: 0.028601903468370438 weight-klloss3 0.06232674999999999 Loss3: 0.03850318491458893 clean_ce: 0.15811282396316528, adv_ce: 1.3406240940093994, adv_margin: 0.6472098231315613, clean_gate: 0.5382988452911377, teacher_margin: 0.6039943695068359, teacher_margin_gate: 0.6995265483856201, teacher_clean_gate: 1.0, teacher_adv_gate: 1.0, tm_grad_cos: 0.7895857691764832, tm_scale: 1.0, tm_ps_scale: 1.0, pcgrad_conflicts: 0/0
2026-07-04 00:17:44.517 | INFO     | __main__:<module>:482 - the 62th epoch 
2026-07-04 00:17:44.933 | INFO     | __main__:<module>:917 - lr:0.1 weight_nat: 0.2696050975500996, nat_loss: 0.01027411874383688, weight_adv: 0.7303949024499005, adv_loss: 0.018110891804099083 weight-klloss3 0.0633485 Loss3: 0.04129401966929436 clean_ce: 0.17359040677547455, adv_ce: 0.9521028399467468, adv_margin: 0.3645193576812744, clean_gate: 0.6357923150062561, teacher_margin: 0.4132826626300812, teacher_margin_gate: 0.7327477931976318, teacher_clean_gate: 1.0, teacher_adv_gate: 1.0, tm_grad_cos: 0.7680273056030273, tm_scale: 1.0, tm_ps_scale: 1.0, pcgrad_conflicts: 0/0
2026-07-04 00:18:21.822 | INFO     | __main__:<module>:917 - lr:0.1 weight_nat: 0.2692607216754084, nat_loss: 0.012199081480503082, weight_adv: 0.7307392783245917, adv_loss: 0.02210528589785099 weight-klloss3 0.0633485 Loss3: 0.031611859798431396 clean_ce: 0.13780735433101654, adv_ce: 1.1741899251937866, adv_margin: 0.5282101631164551, clean_gate: 0.5405688285827637, teacher_margin: 0.4773824214935303, teacher_margin_gate: 0.6438366174697876, teacher_clean_gate: 1.0, teacher_adv_gate: 1.0, tm_grad_cos: 0.7842907309532166, tm_scale: 1.0, tm_ps_scale: 1.0, pcgrad_conflicts: 0/0
2026-07-04 00:18:58.699 | INFO     | __main__:<module>:917 - lr:0.1 weight_nat: 0.2739064810696966, nat_loss: 0.012930226512253284, weight_adv: 0.7260935189303035, adv_loss: 0.022599808871746063 weight-klloss3 0.0633485 Loss3: 0.04424205794930458 clean_ce: 0.15348991751670837, adv_ce: 1.1707786321640015, adv_margin: 0.5945995450019836, clean_gate: 0.551205575466156, teacher_margin: 0.4664570689201355, teacher_margin_gate: 0.6811093688011169, teacher_clean_gate: 1.0, teacher_adv_gate: 1.0, tm_grad_cos: 0.7705930471420288, tm_scale: 1.0, tm_ps_scale: 1.0, pcgrad_conflicts: 0/0
2026-07-04 00:19:35.559 | INFO     | __main__:<module>:917 - lr:0.1 weight_nat: 0.2661526352456908, nat_loss: 0.010661504231393337, weight_adv: 0.7338473647543092, adv_loss: 0.02408584952354431 weight-klloss3 0.0633485 Loss3: 0.04788244515657425 clean_ce: 0.14674824476242065, adv_ce: 1.1147226095199585, adv_margin: 0.476216584444046, clean_gate: 0.5631811618804932, teacher_margin: 0.5382981300354004, teacher_margin_gate: 0.7119295597076416, teacher_clean_gate: 1.0, teacher_adv_gate: 1.0, tm_grad_cos: 0.7908288836479187, tm_scale: 1.0, tm_ps_scale: 1.0, pcgrad_conflicts: 0/0
2026-07-04 00:20:08.850 | INFO     | __main__:<module>:482 - the 63th epoch 
2026-07-04 00:20:09.266 | INFO     | __main__:<module>:917 - lr:0.1 weight_nat: 0.2644690906443208, nat_loss: 0.01077690627425909, weight_adv: 0.7355309093556792, adv_loss: 0.019640076905488968 weight-klloss3 0.06437024999999999 Loss3: 0.040994081646203995 clean_ce: 0.16432031989097595, adv_ce: 1.1765327453613281, adv_margin: 0.5625940561294556, clean_gate: 0.5533039569854736, teacher_margin: 0.39006108045578003, teacher_margin_gate: 0.6517133116722107, teacher_clean_gate: 1.0, teacher_adv_gate: 1.0, tm_grad_cos: 0.7491590976715088, tm_scale: 1.0, tm_ps_scale: 1.0, pcgrad_conflicts: 0/0
2026-07-04 00:20:46.510 | INFO     | __main__:<module>:917 - lr:0.1 weight_nat: 0.2742015795355543, nat_loss: 0.015423069708049297, weight_adv: 0.7257984204644458, adv_loss: 0.0240271408110857 weight-klloss3 0.06437024999999999 Loss3: 0.035586632788181305 clean_ce: 0.14013329148292542, adv_ce: 1.3316929340362549, adv_margin: 0.7004538774490356, clean_gate: 0.5137759447097778, teacher_margin: 0.47332969307899475, teacher_margin_gate: 0.6206134557723999, teacher_clean_gate: 1.0, teacher_adv_gate: 1.0, tm_grad_cos: 0.7842751741409302, tm_scale: 1.0, tm_ps_scale: 1.0, pcgrad_conflicts: 0/0
2026-07-04 00:21:23.768 | INFO     | __main__:<module>:917 - lr:0.1 weight_nat: 0.2702364142442042, nat_loss: 0.018048442900180817, weight_adv: 0.7297635857557959, adv_loss: 0.027895145118236542 weight-klloss3 0.06437024999999999 Loss3: 0.02558240294456482 clean_ce: 0.14228878915309906, adv_ce: 1.3020955324172974, adv_margin: 0.6542384028434753, clean_gate: 0.515496015548706, teacher_margin: 0.5484626293182373, teacher_margin_gate: 0.6573187708854675, teacher_clean_gate: 1.0, teacher_adv_gate: 1.0, tm_grad_cos: 0.7782099843025208, tm_scale: 1.0, tm_ps_scale: 1.0, pcgrad_conflicts: 0/0
2026-07-04 00:22:01.002 | INFO     | __main__:<module>:917 - lr:0.1 weight_nat: 0.2654016323551725, nat_loss: 0.01665780320763588, weight_adv: 0.7345983676448276, adv_loss: 0.026618463918566704 weight-klloss3 0.06437024999999999 Loss3: 0.040491461753845215 clean_ce: 0.12782533466815948, adv_ce: 1.3298189640045166, adv_margin: 0.7219234704971313, clean_gate: 0.4825310707092285, teacher_margin: 0.5797147154808044, teacher_margin_gate: 0.6398433446884155, teacher_clean_gate: 1.0, teacher_adv_gate: 1.0, tm_grad_cos: 0.7989904284477234, tm_scale: 1.0, tm_ps_scale: 1.0, pcgrad_conflicts: 0/0
2026-07-04 00:22:34.199 | INFO     | __main__:<module>:482 - the 64th epoch 
2026-07-04 00:22:34.614 | INFO     | __main__:<module>:917 - lr:0.1 weight_nat: 0.27143189514724414, nat_loss: 0.009082707576453686, weight_adv: 0.7285681048527559, adv_loss: 0.02090953290462494 weight-klloss3 0.06539199999999999 Loss3: 0.033362820744514465 clean_ce: 0.13784435391426086, adv_ce: 1.1159448623657227, adv_margin: 0.4842812120914459, clean_gate: 0.5827471017837524, teacher_margin: 0.47822511196136475, teacher_margin_gate: 0.7043737173080444, teacher_clean_gate: 1.0, teacher_adv_gate: 1.0, tm_grad_cos: 0.7729403376579285, tm_scale: 1.0, tm_ps_scale: 1.0, pcgrad_conflicts: 0/0
2026-07-04 00:23:11.457 | INFO     | __main__:<module>:917 - lr:0.1 weight_nat: 0.269400437587759, nat_loss: 0.010827018879354, weight_adv: 0.730599562412241, adv_loss: 0.025105111300945282 weight-klloss3 0.06539199999999999 Loss3: 0.045134037733078 clean_ce: 0.13820326328277588, adv_ce: 1.2625972032546997, adv_margin: 0.5858473777770996, clean_gate: 0.5366870164871216, teacher_margin: 0.5993987321853638, teacher_margin_gate: 0.7049044966697693, teacher_clean_gate: 1.0, teacher_adv_gate: 1.0, tm_grad_cos: 0.8038822412490845, tm_scale: 1.0, tm_ps_scale: 1.0, pcgrad_conflicts: 0/0
2026-07-04 00:23:48.315 | INFO     | __main__:<module>:917 - lr:0.1 weight_nat: 0.2689576663793556, nat_loss: 0.013147075660526752, weight_adv: 0.7310423336206444, adv_loss: 0.02664191462099552 weight-klloss3 0.06539199999999999 Loss3: 0.025928692892193794 clean_ce: 0.13495533168315887, adv_ce: 1.4002890586853027, adv_margin: 0.7984911799430847, clean_gate: 0.5006672143936157, teacher_margin: 0.4895176291465759, teacher_margin_gate: 0.637030839920044, teacher_clean_gate: 1.0, teacher_adv_gate: 1.0, tm_grad_cos: 0.7669340968132019, tm_scale: 1.0, tm_ps_scale: 1.0, pcgrad_conflicts: 0/0
2026-07-04 00:24:25.180 | INFO     | __main__:<module>:917 - lr:0.1 weight_nat: 0.26290914907512763, nat_loss: 0.010505899786949158, weight_adv: 0.7370908509248724, adv_loss: 0.01941492035984993 weight-klloss3 0.06539199999999999 Loss3: 0.03966064751148224 clean_ce: 0.16466981172561646, adv_ce: 1.0154465436935425, adv_margin: 0.39025136828422546, clean_gate: 0.6128745079040527, teacher_margin: 0.4373576045036316, teacher_margin_gate: 0.7006550431251526, teacher_clean_gate: 1.0, teacher_adv_gate: 1.0, tm_grad_cos: 0.7630758881568909, tm_scale: 1.0, tm_ps_scale: 1.0, pcgrad_conflicts: 0/0
2026-07-04 00:24:58.187 | INFO     | __main__:<module>:482 - the 65th epoch 
2026-07-04 00:24:58.604 | INFO     | __main__:<module>:917 - lr:0.1 weight_nat: 0.27068698678638786, nat_loss: 0.012174292467534542, weight_adv: 0.7293130132136122, adv_loss: 0.017247693613171577 weight-klloss3 0.06641375 Loss3: 0.037607453763484955 clean_ce: 0.16750340163707733, adv_ce: 1.0018607378005981, adv_margin: 0.4233534634113312, clean_gate: 0.6273112893104553, teacher_margin: 0.408783495426178, teacher_margin_gate: 0.7273846864700317, teacher_clean_gate: 1.0, teacher_adv_gate: 1.0, tm_grad_cos: 0.7871321439743042, tm_scale: 1.0, tm_ps_scale: 1.0, pcgrad_conflicts: 0/0
2026-07-04 00:25:35.466 | INFO     | __main__:<module>:917 - lr:0.1 weight_nat: 0.272100976046295, nat_loss: 0.010424032807350159, weight_adv: 0.727899023953705, adv_loss: 0.01920595020055771 weight-klloss3 0.06641375 Loss3: 0.0268203467130661 clean_ce: 0.14927220344543457, adv_ce: 1.1325740814208984, adv_margin: 0.5286416411399841, clean_gate: 0.5915112495422363, teacher_margin: 0.38682979345321655, teacher_margin_gate: 0.6792842149734497, teacher_clean_gate: 1.0, teacher_adv_gate: 1.0, tm_grad_cos: 0.753876805305481, tm_scale: 1.0, tm_ps_scale: 1.0, pcgrad_conflicts: 0/0
2026-07-04 00:26:12.342 | INFO     | __main__:<module>:917 - lr:0.1 weight_nat: 0.26790618589535137, nat_loss: 0.017022259533405304, weight_adv: 0.7320938141046487, adv_loss: 0.025248516350984573 weight-klloss3 0.06641375 Loss3: 0.031778670847415924 clean_ce: 0.14674803614616394, adv_ce: 1.2625221014022827, adv_margin: 0.6204005479812622, clean_gate: 0.5235008597373962, teacher_margin: 0.4978509545326233, teacher_margin_gate: 0.6442370414733887, teacher_clean_gate: 1.0, teacher_adv_gate: 1.0, tm_grad_cos: 0.790543794631958, tm_scale: 1.0, tm_ps_scale: 1.0, pcgrad_conflicts: 0/0
2026-07-04 00:26:49.205 | INFO     | __main__:<module>:917 - lr:0.1 weight_nat: 0.27069814724161595, nat_loss: 0.010732959024608135, weight_adv: 0.729301852758384, adv_loss: 0.021179988980293274 weight-klloss3 0.06641375 Loss3: 0.037699244916439056 clean_ce: 0.14314869046211243, adv_ce: 1.1954824924468994, adv_margin: 0.5560771226882935, clean_gate: 0.5605370402336121, teacher_margin: 0.47816962003707886, teacher_margin_gate: 0.6794235110282898, teacher_clean_gate: 1.0, teacher_adv_gate: 1.0, tm_grad_cos: 0.7799428701400757, tm_scale: 1.0, tm_ps_scale: 1.0, pcgrad_conflicts: 0/0
2026-07-04 00:27:22.255 | INFO     | __main__:<module>:482 - the 66th epoch 
2026-07-04 00:27:22.670 | INFO     | __main__:<module>:917 - lr:0.1 weight_nat: 0.2596607160060972, nat_loss: 0.011350084096193314, weight_adv: 0.7403392839939028, adv_loss: 0.023857124149799347 weight-klloss3 0.0674355 Loss3: 0.046173349022865295 clean_ce: 0.15420325100421906, adv_ce: 1.0809385776519775, adv_margin: 0.4109458923339844, clean_gate: 0.5802102088928223, teacher_margin: 0.5825516581535339, teacher_margin_gate: 0.7416013479232788, teacher_clean_gate: 1.0, teacher_adv_gate: 1.0, tm_grad_cos: 0.7965714931488037, tm_scale: 1.0, tm_ps_scale: 1.0, pcgrad_conflicts: 0/0
2026-07-04 00:27:59.500 | INFO     | __main__:<module>:917 - lr:0.1 weight_nat: 0.26597961405880155, nat_loss: 0.017586439847946167, weight_adv: 0.7340203859411984, adv_loss: 0.021118877455592155 weight-klloss3 0.0674355 Loss3: 0.02005394920706749 clean_ce: 0.12310747802257538, adv_ce: 1.389675498008728, adv_margin: 0.7282364964485168, clean_gate: 0.506000280380249, teacher_margin: 0.41451889276504517, teacher_margin_gate: 0.5812954902648926, teacher_clean_gate: 1.0, teacher_adv_gate: 1.0, tm_grad_cos: 0.7612832188606262, tm_scale: 1.0, tm_ps_scale: 1.0, pcgrad_conflicts: 0/0
2026-07-04 00:28:36.257 | INFO     | __main__:<module>:917 - lr:0.1 weight_nat: 0.26447238703874487, nat_loss: 0.012061583809554577, weight_adv: 0.7355276129612551, adv_loss: 0.026529088616371155 weight-klloss3 0.0674355 Loss3: 0.04388415068387985 clean_ce: 0.12944304943084717, adv_ce: 1.282699465751648, adv_margin: 0.6607117652893066, clean_gate: 0.5021432638168335, teacher_margin: 0.6088282465934753, teacher_margin_gate: 0.6761212944984436, teacher_clean_gate: 1.0, teacher_adv_gate: 1.0, tm_grad_cos: 0.8080323934555054, tm_scale: 1.0, tm_ps_scale: 1.0, pcgrad_conflicts: 0/0
2026-07-04 00:29:13.019 | INFO     | __main__:<module>:917 - lr:0.1 weight_nat: 0.26575012289886624, nat_loss: 0.010159462690353394, weight_adv: 0.7342498771011338, adv_loss: 0.018416743725538254 weight-klloss3 0.0674355 Loss3: 0.036536768078804016 clean_ce: 0.15422838926315308, adv_ce: 1.1333212852478027, adv_margin: 0.504891037940979, clean_gate: 0.561568021774292, teacher_margin: 0.42436927556991577, teacher_margin_gate: 0.6714047789573669, teacher_clean_gate: 1.0, teacher_adv_gate: 1.0, tm_grad_cos: 0.779049277305603, tm_scale: 1.0, tm_ps_scale: 1.0, pcgrad_conflicts: 0/0
2026-07-04 00:29:46.062 | INFO     | __main__:<module>:482 - the 67th epoch 
2026-07-04 00:29:46.478 | INFO     | __main__:<module>:917 - lr:0.1 weight_nat: 0.27220979028326703, nat_loss: 0.010926232673227787, weight_adv: 0.727790209716733, adv_loss: 0.021904807537794113 weight-klloss3 0.06845725 Loss3: 0.04007231444120407 clean_ce: 0.1498720645904541, adv_ce: 1.1747291088104248, adv_margin: 0.5288838148117065, clean_gate: 0.5692026615142822, teacher_margin: 0.4590129554271698, teacher_margin_gate: 0.6814842820167542, teacher_clean_gate: 1.0, teacher_adv_gate: 1.0, tm_grad_cos: 0.7790245413780212, tm_scale: 1.0, tm_ps_scale: 1.0, pcgrad_conflicts: 0/0
2026-07-04 00:30:23.387 | INFO     | __main__:<module>:917 - lr:0.1 weight_nat: 0.2708045496692071, nat_loss: 0.008315596729516983, weight_adv: 0.7291954503307929, adv_loss: 0.02317720465362072 weight-klloss3 0.06845725 Loss3: 0.03616257756948471 clean_ce: 0.15476419031620026, adv_ce: 1.1106290817260742, adv_margin: 0.4489545226097107, clean_gate: 0.5724859833717346, teacher_margin: 0.5703291893005371, teacher_margin_gate: 0.7042543292045593, teacher_clean_gate: 1.0, teacher_adv_gate: 1.0, tm_grad_cos: 0.8021031618118286, tm_scale: 1.0, tm_ps_scale: 1.0, pcgrad_conflicts: 0/0
2026-07-04 00:31:00.300 | INFO     | __main__:<module>:917 - lr:0.1 weight_nat: 0.26919266516622586, nat_loss: 0.011848087422549725, weight_adv: 0.7308073348337741, adv_loss: 0.01803823933005333 weight-klloss3 0.06845725 Loss3: 0.03773871064186096 clean_ce: 0.1523466259241104, adv_ce: 1.1276516914367676, adv_margin: 0.5204135179519653, clean_gate: 0.5760852098464966, teacher_margin: 0.3711160123348236, teacher_margin_gate: 0.6520012617111206, teacher_clean_gate: 1.0, teacher_adv_gate: 1.0, tm_grad_cos: 0.7605278491973877, tm_scale: 1.0, tm_ps_scale: 1.0, pcgrad_conflicts: 0/0
2026-07-04 00:31:37.235 | INFO     | __main__:<module>:917 - lr:0.1 weight_nat: 0.2721608000138499, nat_loss: 0.01379370130598545, weight_adv: 0.7278391999861502, adv_loss: 0.025273658335208893 weight-klloss3 0.06845725 Loss3: 0.047522224485874176 clean_ce: 0.15174385905265808, adv_ce: 1.2654621601104736, adv_margin: 0.6676425933837891, clean_gate: 0.5237010717391968, teacher_margin: 0.5635184049606323, teacher_margin_gate: 0.6800364255905151, teacher_clean_gate: 1.0, teacher_adv_gate: 1.0, tm_grad_cos: 0.8137414455413818, tm_scale: 1.0, tm_ps_scale: 1.0, pcgrad_conflicts: 0/0
2026-07-04 00:32:10.246 | INFO     | __main__:<module>:482 - the 68th epoch 
2026-07-04 00:32:10.662 | INFO     | __main__:<module>:917 - lr:0.1 weight_nat: 0.26929720215658054, nat_loss: 0.014672058634459972, weight_adv: 0.7307027978434195, adv_loss: 0.02578691393136978 weight-klloss3 0.069479 Loss3: 0.034763433039188385 clean_ce: 0.12039776146411896, adv_ce: 1.4242173433303833, adv_margin: 0.7901289463043213, clean_gate: 0.478691041469574, teacher_margin: 0.5321751236915588, teacher_margin_gate: 0.6274177432060242, teacher_clean_gate: 1.0, teacher_adv_gate: 1.0, tm_grad_cos: 0.798822283744812, tm_scale: 1.0, tm_ps_scale: 1.0, pcgrad_conflicts: 0/0
2026-07-04 00:32:47.571 | INFO     | __main__:<module>:917 - lr:0.1 weight_nat: 0.270610694092266, nat_loss: 0.01172990258783102, weight_adv: 0.7293893059077341, adv_loss: 0.022304031997919083 weight-klloss3 0.069479 Loss3: 0.0349993035197258 clean_ce: 0.13536250591278076, adv_ce: 1.2400990724563599, adv_margin: 0.5950998067855835, clean_gate: 0.5301916003227234, teacher_margin: 0.5186367034912109, teacher_margin_gate: 0.6621443033218384, teacher_clean_gate: 1.0, teacher_adv_gate: 1.0, tm_grad_cos: 0.8018102049827576, tm_scale: 1.0, tm_ps_scale: 1.0, pcgrad_conflicts: 0/0
2026-07-04 00:33:24.447 | INFO     | __main__:<module>:917 - lr:0.1 weight_nat: 0.2711872843029463, nat_loss: 0.014271515421569347, weight_adv: 0.7288127156970537, adv_loss: 0.023552142083644867 weight-klloss3 0.069479 Loss3: 0.03372702747583389 clean_ce: 0.13654087483882904, adv_ce: 1.3067171573638916, adv_margin: 0.642971396446228, clean_gate: 0.4976944923400879, teacher_margin: 0.5273205041885376, teacher_margin_gate: 0.6333808898925781, teacher_clean_gate: 1.0, teacher_adv_gate: 1.0, tm_grad_cos: 0.7804822325706482, tm_scale: 1.0, tm_ps_scale: 1.0, pcgrad_conflicts: 0/0
2026-07-04 00:34:01.333 | INFO     | __main__:<module>:917 - lr:0.1 weight_nat: 0.26197812541478593, nat_loss: 0.01400244515389204, weight_adv: 0.7380218745852141, adv_loss: 0.02527293935418129 weight-klloss3 0.069479 Loss3: 0.030131712555885315 clean_ce: 0.13389700651168823, adv_ce: 1.2890156507492065, adv_margin: 0.6631979942321777, clean_gate: 0.5161272883415222, teacher_margin: 0.47733595967292786, teacher_margin_gate: 0.6282042264938354, teacher_clean_gate: 1.0, teacher_adv_gate: 1.0, tm_grad_cos: 0.7360314130783081, tm_scale: 1.0, tm_ps_scale: 1.0, pcgrad_conflicts: 0/0
2026-07-04 00:34:34.672 | INFO     | __main__:<module>:482 - the 69th epoch 
2026-07-04 00:34:35.090 | INFO     | __main__:<module>:917 - lr:0.1 weight_nat: 0.263838708543143, nat_loss: 0.012138239108026028, weight_adv: 0.7361612914568569, adv_loss: 0.03427186235785484 weight-klloss3 0.07050075 Loss3: 0.04066425561904907 clean_ce: 0.12931811809539795, adv_ce: 1.2867076396942139, adv_margin: 0.7860631942749023, clean_gate: 0.5351212024688721, teacher_margin: 0.6385456323623657, teacher_margin_gate: 0.7148890495300293, teacher_clean_gate: 1.0, teacher_adv_gate: 1.0, tm_grad_cos: 0.8075056076049805, tm_scale: 1.0, tm_ps_scale: 1.0, pcgrad_conflicts: 0/0
2026-07-04 00:35:12.332 | INFO     | __main__:<module>:917 - lr:0.1 weight_nat: 0.26612935981975394, nat_loss: 0.014284605160355568, weight_adv: 0.7338706401802461, adv_loss: 0.02128884196281433 weight-klloss3 0.07050075 Loss3: 0.02826124057173729 clean_ce: 0.1570616066455841, adv_ce: 1.269434928894043, adv_margin: 0.743537187576294, clean_gate: 0.5782249569892883, teacher_margin: 0.42199671268463135, teacher_margin_gate: 0.6891136169433594, teacher_clean_gate: 1.0, teacher_adv_gate: 1.0, tm_grad_cos: 0.7735332250595093, tm_scale: 1.0, tm_ps_scale: 1.0, pcgrad_conflicts: 0/0
2026-07-04 00:35:49.578 | INFO     | __main__:<module>:917 - lr:0.1 weight_nat: 0.26985620020954515, nat_loss: 0.011567369103431702, weight_adv: 0.730143799790455, adv_loss: 0.024708475917577744 weight-klloss3 0.07050075 Loss3: 0.039225153625011444 clean_ce: 0.14311674237251282, adv_ce: 1.1768367290496826, adv_margin: 0.5968344211578369, clean_gate: 0.559760570526123, teacher_margin: 0.5101203918457031, teacher_margin_gate: 0.6728777885437012, teacher_clean_gate: 1.0, teacher_adv_gate: 1.0, tm_grad_cos: 0.7905439138412476, tm_scale: 1.0, tm_ps_scale: 1.0, pcgrad_conflicts: 0/0
2026-07-04 00:36:26.829 | INFO     | __main__:<module>:917 - lr:0.1 weight_nat: 0.26907420685963546, nat_loss: 0.01339704543352127, weight_adv: 0.7309257931403645, adv_loss: 0.019368354231119156 weight-klloss3 0.07050075 Loss3: 0.03838372975587845 clean_ce: 0.14763134717941284, adv_ce: 1.1534870862960815, adv_margin: 0.4918705224990845, clean_gate: 0.5743677020072937, teacher_margin: 0.4405452013015747, teacher_margin_gate: 0.6757782101631165, teacher_clean_gate: 1.0, teacher_adv_gate: 1.0, tm_grad_cos: 0.7726943492889404, tm_scale: 1.0, tm_ps_scale: 1.0, pcgrad_conflicts: 0/0
2026-07-04 00:36:59.931 | INFO     | __main__:<module>:482 - the 70th epoch 
2026-07-04 00:37:00.347 | INFO     | __main__:<module>:917 - lr:0.1 weight_nat: 0.26006771611403245, nat_loss: 0.01195351779460907, weight_adv: 0.7399322838859677, adv_loss: 0.023748721927404404 weight-klloss3 0.07152249999999999 Loss3: 0.03329995647072792 clean_ce: 0.1605169028043747, adv_ce: 1.0463502407073975, adv_margin: 0.41005462408065796, clean_gate: 0.6022075414657593, teacher_margin: 0.48199817538261414, teacher_margin_gate: 0.7261356115341187, teacher_clean_gate: 1.0, teacher_adv_gate: 1.0, tm_grad_cos: 0.7759659886360168, tm_scale: 1.0, tm_ps_scale: 1.0, pcgrad_conflicts: 0/0
2026-07-04 00:37:37.232 | INFO     | __main__:<module>:917 - lr:0.1 weight_nat: 0.2635662873694794, nat_loss: 0.011732849292457104, weight_adv: 0.7364337126305207, adv_loss: 0.021405361592769623 weight-klloss3 0.07152249999999999 Loss3: 0.03069905936717987 clean_ce: 0.1387326717376709, adv_ce: 1.2143529653549194, adv_margin: 0.5590171813964844, clean_gate: 0.5382092595100403, teacher_margin: 0.45185354351997375, teacher_margin_gate: 0.6501781940460205, teacher_clean_gate: 1.0, teacher_adv_gate: 1.0, tm_grad_cos: 0.78382408618927, tm_scale: 1.0, tm_ps_scale: 1.0, pcgrad_conflicts: 0/0
2026-07-04 00:38:14.110 | INFO     | __main__:<module>:917 - lr:0.1 weight_nat: 0.2682093236179449, nat_loss: 0.01138778030872345, weight_adv: 0.7317906763820551, adv_loss: 0.018683891743421555 weight-klloss3 0.07152249999999999 Loss3: 0.02887597680091858 clean_ce: 0.1614805907011032, adv_ce: 1.1062374114990234, adv_margin: 0.4274228811264038, clean_gate: 0.5813157558441162, teacher_margin: 0.40729230642318726, teacher_margin_gate: 0.6632552742958069, teacher_clean_gate: 1.0, teacher_adv_gate: 1.0, tm_grad_cos: 0.7630156874656677, tm_scale: 1.0, tm_ps_scale: 1.0, pcgrad_conflicts: 0/0
2026-07-04 00:38:51.005 | INFO     | __main__:<module>:917 - lr:0.1 weight_nat: 0.2656955238016623, nat_loss: 0.014705908484756947, weight_adv: 0.7343044761983377, adv_loss: 0.02263467386364937 weight-klloss3 0.07152249999999999 Loss3: 0.04087521880865097 clean_ce: 0.17979136109352112, adv_ce: 1.2473448514938354, adv_margin: 0.5779041051864624, clean_gate: 0.5461640357971191, teacher_margin: 0.5138766765594482, teacher_margin_gate: 0.6728271245956421, teacher_clean_gate: 1.0, teacher_adv_gate: 1.0, tm_grad_cos: 0.7990251183509827, tm_scale: 1.0, tm_ps_scale: 1.0, pcgrad_conflicts: 0/0
2026-07-04 00:39:42.059 | INFO     | __main__:<module>:974 - student robust acc 0.4498, teacher robust acc 0.6862, nat teacher robust acc 0.5542
2026-07-04 00:39:47.782 | INFO     | __main__:<module>:1058 - best accuracy:0.632
2026-07-04 00:39:47.783 | INFO     | __main__:<module>:1061 - student natural acc 0.8142, adv teacher natural acc 0.8609, nat teacher natural acc 0.9318
2026-07-04 00:39:47.784 | INFO     | __main__:<module>:482 - the 71th epoch 
2026-07-04 00:39:48.176 | INFO     | __main__:<module>:917 - lr:0.1 weight_nat: 0.2662607136804593, nat_loss: 0.010946575552225113, weight_adv: 0.7337392863195408, adv_loss: 0.02200276404619217 weight-klloss3 0.07254424999999999 Loss3: 0.03946715593338013 clean_ce: 0.1544029414653778, adv_ce: 1.0156219005584717, adv_margin: 0.3613235056400299, clean_gate: 0.5999115705490112, teacher_margin: 0.487216055393219, teacher_margin_gate: 0.7157204151153564, teacher_clean_gate: 1.0, teacher_adv_gate: 1.0, tm_grad_cos: 0.7865111231803894, tm_scale: 1.0, tm_ps_scale: 1.0, pcgrad_conflicts: 0/0
2026-07-04 00:40:25.113 | INFO     | __main__:<module>:917 - lr:0.1 weight_nat: 0.2694268768466743, nat_loss: 0.013225830160081387, weight_adv: 0.7305731231533258, adv_loss: 0.020923126488924026 weight-klloss3 0.07254424999999999 Loss3: 0.044255707412958145 clean_ce: 0.13395562767982483, adv_ce: 1.2265557050704956, adv_margin: 0.5616556406021118, clean_gate: 0.5260233879089355, teacher_margin: 0.49525004625320435, teacher_margin_gate: 0.6499401330947876, teacher_clean_gate: 1.0, teacher_adv_gate: 1.0, tm_grad_cos: 0.7867051959037781, tm_scale: 1.0, tm_ps_scale: 1.0, pcgrad_conflicts: 0/0
2026-07-04 00:41:02.015 | INFO     | __main__:<module>:917 - lr:0.1 weight_nat: 0.2652103489731892, nat_loss: 0.013516741804778576, weight_adv: 0.7347896510268108, adv_loss: 0.023339083418250084 weight-klloss3 0.07254424999999999 Loss3: 0.03476841747760773 clean_ce: 0.12500710785388947, adv_ce: 1.3285400867462158, adv_margin: 0.6928701400756836, clean_gate: 0.50124192237854, teacher_margin: 0.49685466289520264, teacher_margin_gate: 0.6300889253616333, teacher_clean_gate: 1.0, teacher_adv_gate: 1.0, tm_grad_cos: 0.7864053249359131, tm_scale: 1.0, tm_ps_scale: 1.0, pcgrad_conflicts: 0/0
2026-07-04 00:41:38.976 | INFO     | __main__:<module>:917 - lr:0.1 weight_nat: 0.2679507650856471, nat_loss: 0.016148166730999947, weight_adv: 0.7320492349143529, adv_loss: 0.02270526997745037 weight-klloss3 0.07254424999999999 Loss3: 0.030124228447675705 clean_ce: 0.14918380975723267, adv_ce: 1.144141435623169, adv_margin: 0.48637038469314575, clean_gate: 0.5740474462509155, teacher_margin: 0.49460428953170776, teacher_margin_gate: 0.7096362709999084, teacher_clean_gate: 1.0, teacher_adv_gate: 1.0, tm_grad_cos: 0.7826734781265259, tm_scale: 1.0, tm_ps_scale: 1.0, pcgrad_conflicts: 0/0
2026-07-04 00:42:12.060 | INFO     | __main__:<module>:482 - the 72th epoch 
2026-07-04 00:42:12.476 | INFO     | __main__:<module>:917 - lr:0.1 weight_nat: 0.2596675686563074, nat_loss: 0.009305544197559357, weight_adv: 0.7403324313436925, adv_loss: 0.022419113665819168 weight-klloss3 0.07356599999999999 Loss3: 0.03886515647172928 clean_ce: 0.16891521215438843, adv_ce: 1.029015302658081, adv_margin: 0.3807902932167053, clean_gate: 0.6071680188179016, teacher_margin: 0.530768632888794, teacher_margin_gate: 0.7396646738052368, teacher_clean_gate: 1.0, teacher_adv_gate: 1.0, tm_grad_cos: 0.808659553527832, tm_scale: 1.0, tm_ps_scale: 1.0, pcgrad_conflicts: 0/0
2026-07-04 00:42:49.383 | INFO     | __main__:<module>:917 - lr:0.1 weight_nat: 0.2715722175943776, nat_loss: 0.010712449438869953, weight_adv: 0.7284277824056224, adv_loss: 0.015645831823349 weight-klloss3 0.07356599999999999 Loss3: 0.029131079092621803 clean_ce: 0.15567436814308167, adv_ce: 1.0601102113723755, adv_margin: 0.4167262315750122, clean_gate: 0.5994143486022949, teacher_margin: 0.3755551278591156, teacher_margin_gate: 0.6786919832229614, teacher_clean_gate: 1.0, teacher_adv_gate: 1.0, tm_grad_cos: 0.7998328804969788, tm_scale: 1.0, tm_ps_scale: 1.0, pcgrad_conflicts: 0/0
2026-07-04 00:43:26.319 | INFO     | __main__:<module>:917 - lr:0.1 weight_nat: 0.26513357479715466, nat_loss: 0.012263679876923561, weight_adv: 0.7348664252028454, adv_loss: 0.02462085708975792 weight-klloss3 0.07356599999999999 Loss3: 0.0407453328371048 clean_ce: 0.13927116990089417, adv_ce: 1.2368296384811401, adv_margin: 0.6050522327423096, clean_gate: 0.5143465995788574, teacher_margin: 0.5048437118530273, teacher_margin_gate: 0.6325634121894836, teacher_clean_gate: 1.0, teacher_adv_gate: 1.0, tm_grad_cos: 0.7932693958282471, tm_scale: 1.0, tm_ps_scale: 1.0, pcgrad_conflicts: 0/0
2026-07-04 00:44:03.257 | INFO     | __main__:<module>:917 - lr:0.1 weight_nat: 0.25735140133483914, nat_loss: 0.014444038271903992, weight_adv: 0.742648598665161, adv_loss: 0.02808275632560253 weight-klloss3 0.07356599999999999 Loss3: 0.03265302628278732 clean_ce: 0.13201424479484558, adv_ce: 1.203920602798462, adv_margin: 0.5813404321670532, clean_gate: 0.5465849041938782, teacher_margin: 0.6195132732391357, teacher_margin_gate: 0.7223883867263794, teacher_clean_gate: 1.0, teacher_adv_gate: 1.0, tm_grad_cos: 0.8171858191490173, tm_scale: 1.0, tm_ps_scale: 1.0, pcgrad_conflicts: 0/0
2026-07-04 00:44:36.369 | INFO     | __main__:<module>:482 - the 73th epoch 
2026-07-04 00:44:36.786 | INFO     | __main__:<module>:917 - lr:0.1 weight_nat: 0.25828404670335375, nat_loss: 0.012590767815709114, weight_adv: 0.7417159532966463, adv_loss: 0.020944848656654358 weight-klloss3 0.07458775 Loss3: 0.03637271374464035 clean_ce: 0.14751224219799042, adv_ce: 1.3147120475769043, adv_margin: 0.6400061845779419, clean_gate: 0.520327091217041, teacher_margin: 0.45912468433380127, teacher_margin_gate: 0.6406584978103638, teacher_clean_gate: 1.0, teacher_adv_gate: 1.0, tm_grad_cos: 0.785274863243103, tm_scale: 1.0, tm_ps_scale: 1.0, pcgrad_conflicts: 0/0
2026-07-04 00:45:13.739 | INFO     | __main__:<module>:917 - lr:0.1 weight_nat: 0.25883564163672895, nat_loss: 0.010566126555204391, weight_adv: 0.7411643583632711, adv_loss: 0.021381421014666557 weight-klloss3 0.07458775 Loss3: 0.03073539398610592 clean_ce: 0.1362256109714508, adv_ce: 1.1049331426620483, adv_margin: 0.4821110963821411, clean_gate: 0.5740916728973389, teacher_margin: 0.4788506031036377, teacher_margin_gate: 0.6783790588378906, teacher_clean_gate: 1.0, teacher_adv_gate: 1.0, tm_grad_cos: 0.7907009124755859, tm_scale: 1.0, tm_ps_scale: 1.0, pcgrad_conflicts: 0/0
2026-07-04 00:45:50.658 | INFO     | __main__:<module>:917 - lr:0.1 weight_nat: 0.25996171835122217, nat_loss: 0.009285776875913143, weight_adv: 0.7400382816487778, adv_loss: 0.022056519985198975 weight-klloss3 0.07458775 Loss3: 0.0370345339179039 clean_ce: 0.13496385514736176, adv_ce: 1.1194562911987305, adv_margin: 0.5350072383880615, clean_gate: 0.5756081938743591, teacher_margin: 0.5193166732788086, teacher_margin_gate: 0.7283019423484802, teacher_clean_gate: 1.0, teacher_adv_gate: 1.0, tm_grad_cos: 0.7980761528015137, tm_scale: 1.0, tm_ps_scale: 1.0, pcgrad_conflicts: 0/0
2026-07-04 00:46:27.582 | INFO     | __main__:<module>:917 - lr:0.1 weight_nat: 0.2593072155311248, nat_loss: 0.011866320855915546, weight_adv: 0.7406927844688752, adv_loss: 0.02359122410416603 weight-klloss3 0.07458775 Loss3: 0.04238445684313774 clean_ce: 0.15395291149616241, adv_ce: 1.1548678874969482, adv_margin: 0.547443151473999, clean_gate: 0.5692196488380432, teacher_margin: 0.5388253927230835, teacher_margin_gate: 0.7196663618087769, teacher_clean_gate: 1.0, teacher_adv_gate: 1.0, tm_grad_cos: 0.7833343148231506, tm_scale: 1.0, tm_ps_scale: 1.0, pcgrad_conflicts: 0/0
2026-07-04 00:47:00.650 | INFO     | __main__:<module>:482 - the 74th epoch 
2026-07-04 00:47:01.066 | INFO     | __main__:<module>:917 - lr:0.1 weight_nat: 0.2615070126479334, nat_loss: 0.011862881481647491, weight_adv: 0.7384929873520666, adv_loss: 0.01838252693414688 weight-klloss3 0.0756095 Loss3: 0.03928563743829727 clean_ce: 0.15245282649993896, adv_ce: 1.0136677026748657, adv_margin: 0.4074869155883789, clean_gate: 0.6339904069900513, teacher_margin: 0.39555808901786804, teacher_margin_gate: 0.7115265130996704, teacher_clean_gate: 1.0, teacher_adv_gate: 1.0, tm_grad_cos: 0.7510300278663635, tm_scale: 1.0, tm_ps_scale: 1.0, pcgrad_conflicts: 0/0
2026-07-04 00:47:37.984 | INFO     | __main__:<module>:917 - lr:0.1 weight_nat: 0.270750051415611, nat_loss: 0.01270337589085102, weight_adv: 0.729249948584389, adv_loss: 0.02072548307478428 weight-klloss3 0.0756095 Loss3: 0.03532698005437851 clean_ce: 0.13906997442245483, adv_ce: 1.357245922088623, adv_margin: 0.7362867593765259, clean_gate: 0.4936295747756958, teacher_margin: 0.4584164321422577, teacher_margin_gate: 0.6170752048492432, teacher_clean_gate: 1.0, teacher_adv_gate: 1.0, tm_grad_cos: 0.8080925345420837, tm_scale: 1.0, tm_ps_scale: 1.0, pcgrad_conflicts: 0/0
2026-07-04 00:48:14.892 | INFO     | __main__:<module>:917 - lr:0.1 weight_nat: 0.280579988573773, nat_loss: 0.011666285805404186, weight_adv: 0.719420011426227, adv_loss: 0.0358305424451828 weight-klloss3 0.0756095 Loss3: 0.03384704142808914 clean_ce: 0.12285922467708588, adv_ce: 1.3754382133483887, adv_margin: 0.8381069302558899, clean_gate: 0.5159502029418945, teacher_margin: 0.6263124346733093, teacher_margin_gate: 0.687802791595459, teacher_clean_gate: 1.0, teacher_adv_gate: 1.0, tm_grad_cos: 0.7841777205467224, tm_scale: 1.0, tm_ps_scale: 1.0, pcgrad_conflicts: 0/0
2026-07-04 00:48:51.773 | INFO     | __main__:<module>:917 - lr:0.1 weight_nat: 0.2682398981666924, nat_loss: 0.01249042060226202, weight_adv: 0.7317601018333075, adv_loss: 0.021068280562758446 weight-klloss3 0.0756095 Loss3: 0.034707412123680115 clean_ce: 0.13514193892478943, adv_ce: 1.2811815738677979, adv_margin: 0.6672964096069336, clean_gate: 0.5314735174179077, teacher_margin: 0.3950571119785309, teacher_margin_gate: 0.6191933155059814, teacher_clean_gate: 1.0, teacher_adv_gate: 1.0, tm_grad_cos: 0.7502692937850952, tm_scale: 1.0, tm_ps_scale: 1.0, pcgrad_conflicts: 0/0
2026-07-04 00:49:24.836 | INFO     | __main__:<module>:482 - the 75th epoch 
2026-07-04 00:49:25.254 | INFO     | __main__:<module>:917 - lr:0.1 weight_nat: 0.26385118830607945, nat_loss: 0.0120925884693861, weight_adv: 0.7361488116939207, adv_loss: 0.01811280846595764 weight-klloss3 0.07663125 Loss3: 0.028609173372387886 clean_ce: 0.1693403422832489, adv_ce: 1.1023799180984497, adv_margin: 0.49727141857147217, clean_gate: 0.6009985208511353, teacher_margin: 0.3809850513935089, teacher_margin_gate: 0.6770280599594116, teacher_clean_gate: 1.0, teacher_adv_gate: 1.0, tm_grad_cos: 0.7241644859313965, tm_scale: 1.0, tm_ps_scale: 1.0, pcgrad_conflicts: 0/0
2026-07-04 00:50:02.144 | INFO     | __main__:<module>:917 - lr:0.1 weight_nat: 0.25967859836428125, nat_loss: 0.015181953087449074, weight_adv: 0.7403214016357188, adv_loss: 0.02583678439259529 weight-klloss3 0.07663125 Loss3: 0.033923033624887466 clean_ce: 0.1289576143026352, adv_ce: 1.290210485458374, adv_margin: 0.6383237838745117, clean_gate: 0.5332347750663757, teacher_margin: 0.5948060154914856, teacher_margin_gate: 0.6764734387397766, teacher_clean_gate: 1.0, teacher_adv_gate: 1.0, tm_grad_cos: 0.8172481656074524, tm_scale: 1.0, tm_ps_scale: 1.0, pcgrad_conflicts: 0/0
2026-07-04 00:50:39.045 | INFO     | __main__:<module>:917 - lr:0.1 weight_nat: 0.261973526188771, nat_loss: 0.01161970105022192, weight_adv: 0.738026473811229, adv_loss: 0.027148013934493065 weight-klloss3 0.07663125 Loss3: 0.05776519700884819 clean_ce: 0.15513283014297485, adv_ce: 1.2114558219909668, adv_margin: 0.6146279573440552, clean_gate: 0.5396125316619873, teacher_margin: 0.5436522960662842, teacher_margin_gate: 0.6875966191291809, teacher_clean_gate: 1.0, teacher_adv_gate: 1.0, tm_grad_cos: 0.7860219478607178, tm_scale: 1.0, tm_ps_scale: 1.0, pcgrad_conflicts: 0/0
2026-07-04 00:51:16.011 | INFO     | __main__:<module>:917 - lr:0.1 weight_nat: 0.2586833780468991, nat_loss: 0.010740496218204498, weight_adv: 0.7413166219531009, adv_loss: 0.026218637824058533 weight-klloss3 0.07663125 Loss3: 0.03642365336418152 clean_ce: 0.15064653754234314, adv_ce: 1.26143479347229, adv_margin: 0.5818802714347839, clean_gate: 0.5361870527267456, teacher_margin: 0.5301474332809448, teacher_margin_gate: 0.6718533039093018, teacher_clean_gate: 1.0, teacher_adv_gate: 1.0, tm_grad_cos: 0.7681074738502502, tm_scale: 1.0, tm_ps_scale: 1.0, pcgrad_conflicts: 0/0
2026-07-04 00:51:49.338 | INFO     | __main__:<module>:482 - the 76th epoch 
2026-07-04 00:51:49.755 | INFO     | __main__:<module>:917 - lr:0.1 weight_nat: 0.26968098674140406, nat_loss: 0.013618715107440948, weight_adv: 0.7303190132585959, adv_loss: 0.0212106890976429 weight-klloss3 0.07765299999999999 Loss3: 0.03613074868917465 clean_ce: 0.1376194953918457, adv_ce: 1.16958487033844, adv_margin: 0.5220975875854492, clean_gate: 0.5707809329032898, teacher_margin: 0.49162864685058594, teacher_margin_gate: 0.7050559520721436, teacher_clean_gate: 1.0, teacher_adv_gate: 1.0, tm_grad_cos: 0.789505660533905, tm_scale: 1.0, tm_ps_scale: 1.0, pcgrad_conflicts: 0/0
2026-07-04 00:52:26.948 | INFO     | __main__:<module>:917 - lr:0.1 weight_nat: 0.26697879337159947, nat_loss: 0.008567276410758495, weight_adv: 0.7330212066284005, adv_loss: 0.021416611969470978 weight-klloss3 0.07765299999999999 Loss3: 0.040602266788482666 clean_ce: 0.1496695876121521, adv_ce: 1.0559970140457153, adv_margin: 0.419170081615448, clean_gate: 0.5829119086265564, teacher_margin: 0.5204095840454102, teacher_margin_gate: 0.7149455547332764, teacher_clean_gate: 1.0, teacher_adv_gate: 1.0, tm_grad_cos: 0.8148856163024902, tm_scale: 1.0, tm_ps_scale: 1.0, pcgrad_conflicts: 0/0
2026-07-04 00:53:04.120 | INFO     | __main__:<module>:917 - lr:0.1 weight_nat: 0.27551158816654764, nat_loss: 0.013163575902581215, weight_adv: 0.7244884118334524, adv_loss: 0.02000519260764122 weight-klloss3 0.07765299999999999 Loss3: 0.022326242178678513 clean_ce: 0.139796644449234, adv_ce: 1.2007946968078613, adv_margin: 0.5528536438941956, clean_gate: 0.5625603199005127, teacher_margin: 0.4054410457611084, teacher_margin_gate: 0.6569945812225342, teacher_clean_gate: 1.0, teacher_adv_gate: 1.0, tm_grad_cos: 0.7828419208526611, tm_scale: 1.0, tm_ps_scale: 1.0, pcgrad_conflicts: 0/0
2026-07-04 00:53:41.289 | INFO     | __main__:<module>:917 - lr:0.1 weight_nat: 0.264850205503952, nat_loss: 0.010836517438292503, weight_adv: 0.735149794496048, adv_loss: 0.022353805601596832 weight-klloss3 0.07765299999999999 Loss3: 0.03291342779994011 clean_ce: 0.16816109418869019, adv_ce: 1.049425482749939, adv_margin: 0.40934091806411743, clean_gate: 0.5985369086265564, teacher_margin: 0.5620593428611755, teacher_margin_gate: 0.7422771453857422, teacher_clean_gate: 1.0, teacher_adv_gate: 1.0, tm_grad_cos: 0.8252061009407043, tm_scale: 1.0, tm_ps_scale: 1.0, pcgrad_conflicts: 0/0
2026-07-04 00:54:14.239 | INFO     | __main__:<module>:482 - the 77th epoch 
2026-07-04 00:54:14.654 | INFO     | __main__:<module>:917 - lr:0.1 weight_nat: 0.27149308157601454, nat_loss: 0.012523457407951355, weight_adv: 0.7285069184239855, adv_loss: 0.016696294769644737 weight-klloss3 0.07867475 Loss3: 0.03147794306278229 clean_ce: 0.17416535317897797, adv_ce: 1.0080960988998413, adv_margin: 0.4073485732078552, clean_gate: 0.6482600569725037, teacher_margin: 0.3870495855808258, teacher_margin_gate: 0.7492673993110657, teacher_clean_gate: 1.0, teacher_adv_gate: 1.0, tm_grad_cos: 0.7719654440879822, tm_scale: 1.0, tm_ps_scale: 1.0, pcgrad_conflicts: 0/0
2026-07-04 00:54:51.428 | INFO     | __main__:<module>:917 - lr:0.1 weight_nat: 0.2666619155895136, nat_loss: 0.012729781679809093, weight_adv: 0.7333380844104864, adv_loss: 0.018794311210513115 weight-klloss3 0.07867475 Loss3: 0.033743273466825485 clean_ce: 0.15833698213100433, adv_ce: 1.1491477489471436, adv_margin: 0.5457757711410522, clean_gate: 0.5862071514129639, teacher_margin: 0.44502294063568115, teacher_margin_gate: 0.6818184852600098, teacher_clean_gate: 1.0, teacher_adv_gate: 1.0, tm_grad_cos: 0.7731667757034302, tm_scale: 1.0, tm_ps_scale: 1.0, pcgrad_conflicts: 0/0
2026-07-04 00:55:28.223 | INFO     | __main__:<module>:917 - lr:0.1 weight_nat: 0.263776281004525, nat_loss: 0.030535263940691948, weight_adv: 0.736223718995475, adv_loss: 0.022270604968070984 weight-klloss3 0.07867475 Loss3: 0.023529481142759323 clean_ce: 0.16958099603652954, adv_ce: 1.2240707874298096, adv_margin: 0.5373793840408325, clean_gate: 0.5438884496688843, teacher_margin: 0.4764590859413147, teacher_margin_gate: 0.650959849357605, teacher_clean_gate: 1.0, teacher_adv_gate: 1.0, tm_grad_cos: 0.7471290826797485, tm_scale: 1.0, tm_ps_scale: 1.0, pcgrad_conflicts: 0/0
2026-07-04 00:56:04.994 | INFO     | __main__:<module>:917 - lr:0.1 weight_nat: 0.2555176019139394, nat_loss: 0.009800179861485958, weight_adv: 0.7444823980860606, adv_loss: 0.02181268483400345 weight-klloss3 0.07867475 Loss3: 0.0389794260263443 clean_ce: 0.16638463735580444, adv_ce: 1.1158607006072998, adv_margin: 0.5246939659118652, clean_gate: 0.609520673751831, teacher_margin: 0.4556896984577179, teacher_margin_gate: 0.7231993675231934, teacher_clean_gate: 1.0, teacher_adv_gate: 1.0, tm_grad_cos: 0.754824697971344, tm_scale: 1.0, tm_ps_scale: 1.0, pcgrad_conflicts: 0/0
2026-07-04 00:56:37.965 | INFO     | __main__:<module>:482 - the 78th epoch 
2026-07-04 00:56:38.381 | INFO     | __main__:<module>:917 - lr:0.1 weight_nat: 0.26350394464023674, nat_loss: 0.011217010207474232, weight_adv: 0.7364960553597634, adv_loss: 0.027606356889009476 weight-klloss3 0.07969649999999999 Loss3: 0.044326018542051315 clean_ce: 0.1384177803993225, adv_ce: 1.2975269556045532, adv_margin: 0.6685943603515625, clean_gate: 0.5058725476264954, teacher_margin: 0.5852640271186829, teacher_margin_gate: 0.6734650135040283, teacher_clean_gate: 1.0, teacher_adv_gate: 1.0, tm_grad_cos: 0.8031231760978699, tm_scale: 1.0, tm_ps_scale: 1.0, pcgrad_conflicts: 0/0
2026-07-04 00:57:15.188 | INFO     | __main__:<module>:917 - lr:0.1 weight_nat: 0.26343072080848545, nat_loss: 0.0126504423096776, weight_adv: 0.7365692791915146, adv_loss: 0.019189540296792984 weight-klloss3 0.07969649999999999 Loss3: 0.03615309298038483 clean_ce: 0.15468379855155945, adv_ce: 1.1985632181167603, adv_margin: 0.5051692724227905, clean_gate: 0.554029107093811, teacher_margin: 0.46182364225387573, teacher_margin_gate: 0.6551133394241333, teacher_clean_gate: 1.0, teacher_adv_gate: 1.0, tm_grad_cos: 0.7952498197555542, tm_scale: 1.0, tm_ps_scale: 1.0, pcgrad_conflicts: 0/0
2026-07-04 00:57:52.113 | INFO     | __main__:<module>:917 - lr:0.1 weight_nat: 0.260244082912984, nat_loss: 0.014030816964805126, weight_adv: 0.739755917087016, adv_loss: 0.02866969257593155 weight-klloss3 0.07969649999999999 Loss3: 0.031843151897192 clean_ce: 0.15330901741981506, adv_ce: 1.3341848850250244, adv_margin: 0.6696827411651611, clean_gate: 0.5145069360733032, teacher_margin: 0.5898605585098267, teacher_margin_gate: 0.6765270233154297, teacher_clean_gate: 1.0, teacher_adv_gate: 1.0, tm_grad_cos: 0.77189701795578, tm_scale: 1.0, tm_ps_scale: 1.0, pcgrad_conflicts: 0/0
2026-07-04 00:58:29.033 | INFO     | __main__:<module>:917 - lr:0.1 weight_nat: 0.2582738777501193, nat_loss: 0.016062632203102112, weight_adv: 0.7417261222498808, adv_loss: 0.023323239758610725 weight-klloss3 0.07969649999999999 Loss3: 0.0394589863717556 clean_ce: 0.15163004398345947, adv_ce: 1.2206059694290161, adv_margin: 0.5490207672119141, clean_gate: 0.5410472750663757, teacher_margin: 0.5173889398574829, teacher_margin_gate: 0.6710963249206543, teacher_clean_gate: 1.0, teacher_adv_gate: 1.0, tm_grad_cos: 0.7881991267204285, tm_scale: 1.0, tm_ps_scale: 1.0, pcgrad_conflicts: 0/0
2026-07-04 00:59:02.006 | INFO     | __main__:<module>:482 - the 79th epoch 
2026-07-04 00:59:02.423 | INFO     | __main__:<module>:917 - lr:0.1 weight_nat: 0.2595476704609165, nat_loss: 0.009095284156501293, weight_adv: 0.7404523295390836, adv_loss: 0.02493467554450035 weight-klloss3 0.08071824999999999 Loss3: 0.058576855808496475 clean_ce: 0.14493009448051453, adv_ce: 1.152706265449524, adv_margin: 0.519138514995575, clean_gate: 0.5496397018432617, teacher_margin: 0.5772576332092285, teacher_margin_gate: 0.7131426334381104, teacher_clean_gate: 1.0, teacher_adv_gate: 1.0, tm_grad_cos: 0.7934615612030029, tm_scale: 1.0, tm_ps_scale: 1.0, pcgrad_conflicts: 0/0
2026-07-04 00:59:39.193 | INFO     | __main__:<module>:917 - lr:0.1 weight_nat: 0.2643944277785164, nat_loss: 0.008144928142428398, weight_adv: 0.7356055722214837, adv_loss: 0.024555673822760582 weight-klloss3 0.08071824999999999 Loss3: 0.036901552230119705 clean_ce: 0.13678787648677826, adv_ce: 1.0989426374435425, adv_margin: 0.5478794574737549, clean_gate: 0.6018061637878418, teacher_margin: 0.5081194043159485, teacher_margin_gate: 0.7468928098678589, teacher_clean_gate: 1.0, teacher_adv_gate: 1.0, tm_grad_cos: 0.7889775633811951, tm_scale: 1.0, tm_ps_scale: 1.0, pcgrad_conflicts: 0/0
2026-07-04 01:00:15.933 | INFO     | __main__:<module>:917 - lr:0.1 weight_nat: 0.26202730829291626, nat_loss: 0.012857453897595406, weight_adv: 0.7379726917070838, adv_loss: 0.018619976937770844 weight-klloss3 0.08071824999999999 Loss3: 0.02707141451537609 clean_ce: 0.14548927545547485, adv_ce: 1.0820010900497437, adv_margin: 0.4717741012573242, clean_gate: 0.5792741775512695, teacher_margin: 0.4278410077095032, teacher_margin_gate: 0.6784020662307739, teacher_clean_gate: 1.0, teacher_adv_gate: 1.0, tm_grad_cos: 0.8018174171447754, tm_scale: 1.0, tm_ps_scale: 1.0, pcgrad_conflicts: 0/0
2026-07-04 01:00:52.689 | INFO     | __main__:<module>:917 - lr:0.1 weight_nat: 0.2616094176726437, nat_loss: 0.012676435522735119, weight_adv: 0.7383905823273563, adv_loss: 0.026918459683656693 weight-klloss3 0.08071824999999999 Loss3: 0.03446325287222862 clean_ce: 0.1234779953956604, adv_ce: 1.274638056755066, adv_margin: 0.666799783706665, clean_gate: 0.5126184821128845, teacher_margin: 0.5512294769287109, teacher_margin_gate: 0.6762213706970215, teacher_clean_gate: 1.0, teacher_adv_gate: 1.0, tm_grad_cos: 0.7849647402763367, tm_scale: 1.0, tm_ps_scale: 1.0, pcgrad_conflicts: 0/0
2026-07-04 01:01:25.622 | INFO     | __main__:<module>:482 - the 80th epoch 
2026-07-04 01:01:26.037 | INFO     | __main__:<module>:917 - lr:0.1 weight_nat: 0.25567983780365117, nat_loss: 0.009632289409637451, weight_adv: 0.7443201621963489, adv_loss: 0.020835401490330696 weight-klloss3 0.08174 Loss3: 0.035989582538604736 clean_ce: 0.16571225225925446, adv_ce: 1.0441992282867432, adv_margin: 0.4062656760215759, clean_gate: 0.5988026857376099, teacher_margin: 0.4942699670791626, teacher_margin_gate: 0.7210094928741455, teacher_clean_gate: 1.0, teacher_adv_gate: 1.0, tm_grad_cos: 0.7982646822929382, tm_scale: 1.0, tm_ps_scale: 1.0, pcgrad_conflicts: 0/0
2026-07-04 01:02:02.788 | INFO     | __main__:<module>:917 - lr:0.1 weight_nat: 0.2614994451019402, nat_loss: 0.009910523891448975, weight_adv: 0.7385005548980599, adv_loss: 0.02713017724454403 weight-klloss3 0.08174 Loss3: 0.03788532689213753 clean_ce: 0.12652470171451569, adv_ce: 1.2297759056091309, adv_margin: 0.6589698791503906, clean_gate: 0.555962324142456, teacher_margin: 0.601180911064148, teacher_margin_gate: 0.7236039638519287, teacher_clean_gate: 1.0, teacher_adv_gate: 1.0, tm_grad_cos: 0.8119810819625854, tm_scale: 1.0, tm_ps_scale: 1.0, pcgrad_conflicts: 0/0
2026-07-04 01:02:39.547 | INFO     | __main__:<module>:917 - lr:0.1 weight_nat: 0.262893331906588, nat_loss: 0.011657056398689747, weight_adv: 0.7371066680934121, adv_loss: 0.024371080100536346 weight-klloss3 0.08174 Loss3: 0.047154899686574936 clean_ce: 0.14373531937599182, adv_ce: 1.210052490234375, adv_margin: 0.6114542484283447, clean_gate: 0.5464004278182983, teacher_margin: 0.5764007568359375, teacher_margin_gate: 0.7051879167556763, teacher_clean_gate: 1.0, teacher_adv_gate: 1.0, tm_grad_cos: 0.8185687065124512, tm_scale: 1.0, tm_ps_scale: 1.0, pcgrad_conflicts: 0/0
2026-07-04 01:03:16.311 | INFO     | __main__:<module>:917 - lr:0.1 weight_nat: 0.28264114292520864, nat_loss: 0.014710786752402782, weight_adv: 0.7173588570747914, adv_loss: 0.02308065816760063 weight-klloss3 0.08174 Loss3: 0.028286688029766083 clean_ce: 0.1287117749452591, adv_ce: 1.1609593629837036, adv_margin: 0.6290477514266968, clean_gate: 0.5776858329772949, teacher_margin: 0.4649043679237366, teacher_margin_gate: 0.6997217535972595, teacher_clean_gate: 1.0, teacher_adv_gate: 1.0, tm_grad_cos: 0.7682384252548218, tm_scale: 1.0, tm_ps_scale: 1.0, pcgrad_conflicts: 0/0
2026-07-04 01:04:07.151 | INFO     | __main__:<module>:974 - student robust acc 0.5034, teacher robust acc 0.6667, nat teacher robust acc 0.5247
2026-07-04 01:04:12.784 | INFO     | __main__:<module>:1058 - best accuracy:0.6903999999999999
2026-07-04 01:04:12.784 | INFO     | __main__:<module>:1061 - student natural acc 0.8774, adv teacher natural acc 0.8645, nat teacher natural acc 0.9318
2026-07-04 01:04:12.785 | INFO     | __main__:<module>:482 - the 81th epoch 
2026-07-04 01:04:13.176 | INFO     | __main__:<module>:917 - lr:0.1 weight_nat: 0.26135266374836286, nat_loss: 0.010485952720046043, weight_adv: 0.7386473362516371, adv_loss: 0.021771889179944992 weight-klloss3 0.08174 Loss3: 0.023059356957674026 clean_ce: 0.15344609320163727, adv_ce: 1.0737314224243164, adv_margin: 0.4742976129055023, clean_gate: 0.5876666307449341, teacher_margin: 0.44847363233566284, teacher_margin_gate: 0.701087474822998, teacher_clean_gate: 1.0, teacher_adv_gate: 1.0, tm_grad_cos: 0.8010811805725098, tm_scale: 1.0, tm_ps_scale: 1.0, pcgrad_conflicts: 0/0
2026-07-04 01:04:49.968 | INFO     | __main__:<module>:917 - lr:0.1 weight_nat: 0.2615844297324453, nat_loss: 0.00978956650942564, weight_adv: 0.7384155702675548, adv_loss: 0.020822733640670776 weight-klloss3 0.08174 Loss3: 0.032374415546655655 clean_ce: 0.13671351969242096, adv_ce: 1.2017016410827637, adv_margin: 0.6032562255859375, clean_gate: 0.5730060338973999, teacher_margin: 0.4567873477935791, teacher_margin_gate: 0.6715693473815918, teacher_clean_gate: 1.0, teacher_adv_gate: 1.0, tm_grad_cos: 0.7692728638648987, tm_scale: 1.0, tm_ps_scale: 1.0, pcgrad_conflicts: 0/0
2026-07-04 01:05:26.743 | INFO     | __main__:<module>:917 - lr:0.1 weight_nat: 0.2619844752262355, nat_loss: 0.012057016603648663, weight_adv: 0.7380155247737645, adv_loss: 0.02054094895720482 weight-klloss3 0.08174 Loss3: 0.042111337184906006 clean_ce: 0.16122528910636902, adv_ce: 1.0745123624801636, adv_margin: 0.5084658861160278, clean_gate: 0.5981931686401367, teacher_margin: 0.44585418701171875, teacher_margin_gate: 0.714956521987915, teacher_clean_gate: 1.0, teacher_adv_gate: 1.0, tm_grad_cos: 0.7720168232917786, tm_scale: 1.0, tm_ps_scale: 1.0, pcgrad_conflicts: 0/0
2026-07-04 01:06:03.524 | INFO     | __main__:<module>:917 - lr:0.1 weight_nat: 0.25389738186051736, nat_loss: 0.011231101118028164, weight_adv: 0.7461026181394828, adv_loss: 0.02702285908162594 weight-klloss3 0.08174 Loss3: 0.03972792997956276 clean_ce: 0.15637508034706116, adv_ce: 1.218674659729004, adv_margin: 0.5887168645858765, clean_gate: 0.5504791736602783, teacher_margin: 0.5285980105400085, teacher_margin_gate: 0.6878945231437683, teacher_clean_gate: 1.0, teacher_adv_gate: 1.0, tm_grad_cos: 0.7844781279563904, tm_scale: 1.0, tm_ps_scale: 1.0, pcgrad_conflicts: 0/0
2026-07-04 01:06:36.461 | INFO     | __main__:<module>:482 - the 82th epoch 
2026-07-04 01:06:36.878 | INFO     | __main__:<module>:917 - lr:0.1 weight_nat: 0.26459634317417796, nat_loss: 0.009399599395692348, weight_adv: 0.7354036568258221, adv_loss: 0.02290242165327072 weight-klloss3 0.08174 Loss3: 0.043169133365154266 clean_ce: 0.14396843314170837, adv_ce: 1.0941596031188965, adv_margin: 0.47793611884117126, clean_gate: 0.5795916318893433, teacher_margin: 0.5112821459770203, teacher_margin_gate: 0.7164220809936523, teacher_clean_gate: 1.0, teacher_adv_gate: 1.0, tm_grad_cos: 0.8032163381576538, tm_scale: 1.0, tm_ps_scale: 1.0, pcgrad_conflicts: 0/0
2026-07-04 01:07:14.072 | INFO     | __main__:<module>:917 - lr:0.1 weight_nat: 0.2653168295788866, nat_loss: 0.009886686690151691, weight_adv: 0.7346831704211135, adv_loss: 0.023633671924471855 weight-klloss3 0.08174 Loss3: 0.034828465431928635 clean_ce: 0.13817182183265686, adv_ce: 1.1827898025512695, adv_margin: 0.5286492109298706, clean_gate: 0.5592844486236572, teacher_margin: 0.5694386959075928, teacher_margin_gate: 0.7216562032699585, teacher_clean_gate: 1.0, teacher_adv_gate: 1.0, tm_grad_cos: 0.8186609745025635, tm_scale: 1.0, tm_ps_scale: 1.0, pcgrad_conflicts: 0/0
2026-07-04 01:07:51.295 | INFO     | __main__:<module>:917 - lr:0.1 weight_nat: 0.2677634451323192, nat_loss: 0.014951767399907112, weight_adv: 0.7322365548676809, adv_loss: 0.03417264297604561 weight-klloss3 0.08174 Loss3: 0.0381893515586853 clean_ce: 0.12255904078483582, adv_ce: 1.3017473220825195, adv_margin: 0.7974655628204346, clean_gate: 0.5159420967102051, teacher_margin: 0.6899667978286743, teacher_margin_gate: 0.7136865854263306, teacher_clean_gate: 1.0, teacher_adv_gate: 1.0, tm_grad_cos: 0.822846531867981, tm_scale: 1.0, tm_ps_scale: 1.0, pcgrad_conflicts: 0/0
2026-07-04 01:08:28.522 | INFO     | __main__:<module>:917 - lr:0.1 weight_nat: 0.25870127028264184, nat_loss: 0.011931071989238262, weight_adv: 0.7412987297173582, adv_loss: 0.024243421852588654 weight-klloss3 0.08174 Loss3: 0.025396564975380898 clean_ce: 0.13948248326778412, adv_ce: 1.1848585605621338, adv_margin: 0.5764294862747192, clean_gate: 0.5439541339874268, teacher_margin: 0.5076915621757507, teacher_margin_gate: 0.6902592182159424, teacher_clean_gate: 1.0, teacher_adv_gate: 1.0, tm_grad_cos: 0.8064782023429871, tm_scale: 1.0, tm_ps_scale: 1.0, pcgrad_conflicts: 0/0
2026-07-04 01:09:01.857 | INFO     | __main__:<module>:482 - the 83th epoch 
2026-07-04 01:09:02.274 | INFO     | __main__:<module>:917 - lr:0.1 weight_nat: 0.25707826889273466, nat_loss: 0.010334617458283901, weight_adv: 0.7429217311072653, adv_loss: 0.019463390111923218 weight-klloss3 0.08174 Loss3: 0.038824647665023804 clean_ce: 0.15647560358047485, adv_ce: 0.9994691014289856, adv_margin: 0.32235458493232727, clean_gate: 0.6086413860321045, teacher_margin: 0.4576255977153778, teacher_margin_gate: 0.7149034738540649, teacher_clean_gate: 1.0, teacher_adv_gate: 1.0, tm_grad_cos: 0.7922239899635315, tm_scale: 1.0, tm_ps_scale: 1.0, pcgrad_conflicts: 0/0
2026-07-04 01:09:39.303 | INFO     | __main__:<module>:917 - lr:0.1 weight_nat: 0.256687022506523, nat_loss: 0.012343544512987137, weight_adv: 0.743312977493477, adv_loss: 0.02150765433907509 weight-klloss3 0.08174 Loss3: 0.031067099422216415 clean_ce: 0.1451980471611023, adv_ce: 1.149269461631775, adv_margin: 0.5325560569763184, clean_gate: 0.5596936941146851, teacher_margin: 0.47171837091445923, teacher_margin_gate: 0.6804656982421875, teacher_clean_gate: 1.0, teacher_adv_gate: 1.0, tm_grad_cos: 0.821128785610199, tm_scale: 1.0, tm_ps_scale: 1.0, pcgrad_conflicts: 0/0
2026-07-04 01:10:16.177 | INFO     | __main__:<module>:917 - lr:0.1 weight_nat: 0.25617676152310315, nat_loss: 0.01414115447551012, weight_adv: 0.7438232384768968, adv_loss: 0.024731658399105072 weight-klloss3 0.08174 Loss3: 0.0350978747010231 clean_ce: 0.14450205862522125, adv_ce: 1.2299286127090454, adv_margin: 0.5833253860473633, clean_gate: 0.5323530435562134, teacher_margin: 0.5670595169067383, teacher_margin_gate: 0.6855983734130859, teacher_clean_gate: 1.0, teacher_adv_gate: 1.0, tm_grad_cos: 0.8252986669540405, tm_scale: 1.0, tm_ps_scale: 1.0, pcgrad_conflicts: 0/0
2026-07-04 01:10:53.053 | INFO     | __main__:<module>:917 - lr:0.1 weight_nat: 0.26261994528609783, nat_loss: 0.012426810339093208, weight_adv: 0.7373800547139022, adv_loss: 0.020931091159582138 weight-klloss3 0.08174 Loss3: 0.027549929916858673 clean_ce: 0.15601235628128052, adv_ce: 1.1533055305480957, adv_margin: 0.4914528727531433, clean_gate: 0.5899926424026489, teacher_margin: 0.4519455134868622, teacher_margin_gate: 0.703924834728241, teacher_clean_gate: 1.0, teacher_adv_gate: 1.0, tm_grad_cos: 0.7709647417068481, tm_scale: 1.0, tm_ps_scale: 1.0, pcgrad_conflicts: 0/0
2026-07-04 01:11:26.087 | INFO     | __main__:<module>:482 - the 84th epoch 
2026-07-04 01:11:26.503 | INFO     | __main__:<module>:917 - lr:0.1 weight_nat: 0.26447334677087986, nat_loss: 0.01193900965154171, weight_adv: 0.7355266532291203, adv_loss: 0.023789260536432266 weight-klloss3 0.08174 Loss3: 0.02639405056834221 clean_ce: 0.14105182886123657, adv_ce: 1.1314857006072998, adv_margin: 0.48486602306365967, clean_gate: 0.551243782043457, teacher_margin: 0.596420407295227, teacher_margin_gate: 0.7167574763298035, teacher_clean_gate: 1.0, teacher_adv_gate: 1.0, tm_grad_cos: 0.8109508752822876, tm_scale: 1.0, tm_ps_scale: 1.0, pcgrad_conflicts: 0/0
2026-07-04 01:12:03.445 | INFO     | __main__:<module>:917 - lr:0.1 weight_nat: 0.26330719179065837, nat_loss: 0.011334856040775776, weight_adv: 0.7366928082093417, adv_loss: 0.022390268743038177 weight-klloss3 0.08174 Loss3: 0.03870754688978195 clean_ce: 0.1533166468143463, adv_ce: 1.2071024179458618, adv_margin: 0.5692076683044434, clean_gate: 0.5678858757019043, teacher_margin: 0.48369985818862915, teacher_margin_gate: 0.6754124164581299, teacher_clean_gate: 1.0, teacher_adv_gate: 1.0, tm_grad_cos: 0.7771408557891846, tm_scale: 1.0, tm_ps_scale: 1.0, pcgrad_conflicts: 0/0
2026-07-04 01:12:40.413 | INFO     | __main__:<module>:917 - lr:0.1 weight_nat: 0.26064162911168204, nat_loss: 0.010916686616837978, weight_adv: 0.739358370888318, adv_loss: 0.022356659173965454 weight-klloss3 0.08174 Loss3: 0.04390522837638855 clean_ce: 0.13766008615493774, adv_ce: 1.1736310720443726, adv_margin: 0.5013055205345154, clean_gate: 0.5419173836708069, teacher_margin: 0.5196932554244995, teacher_margin_gate: 0.6841123104095459, teacher_clean_gate: 1.0, teacher_adv_gate: 1.0, tm_grad_cos: 0.8177548050880432, tm_scale: 1.0, tm_ps_scale: 1.0, pcgrad_conflicts: 0/0
2026-07-04 01:13:17.340 | INFO     | __main__:<module>:917 - lr:0.1 weight_nat: 0.2510642300383903, nat_loss: 0.009485085494816303, weight_adv: 0.7489357699616097, adv_loss: 0.021743331104516983 weight-klloss3 0.08174 Loss3: 0.04163307696580887 clean_ce: 0.14765776693820953, adv_ce: 1.159903883934021, adv_margin: 0.4939977824687958, clean_gate: 0.548794150352478, teacher_margin: 0.5266278386116028, teacher_margin_gate: 0.6819726824760437, teacher_clean_gate: 1.0, teacher_adv_gate: 1.0, tm_grad_cos: 0.8158444762229919, tm_scale: 1.0, tm_ps_scale: 1.0, pcgrad_conflicts: 0/0
2026-07-04 01:13:50.426 | INFO     | __main__:<module>:482 - the 85th epoch 
2026-07-04 01:13:50.842 | INFO     | __main__:<module>:917 - lr:0.1 weight_nat: 0.2574361753576498, nat_loss: 0.014404341578483582, weight_adv: 0.7425638246423503, adv_loss: 0.022329313680529594 weight-klloss3 0.08174 Loss3: 0.03637222200632095 clean_ce: 0.14634564518928528, adv_ce: 1.308568000793457, adv_margin: 0.6474243998527527, clean_gate: 0.5133075714111328, teacher_margin: 0.49001944065093994, teacher_margin_gate: 0.6307061910629272, teacher_clean_gate: 1.0, teacher_adv_gate: 1.0, tm_grad_cos: 0.796833336353302, tm_scale: 1.0, tm_ps_scale: 1.0, pcgrad_conflicts: 0/0
2026-07-04 01:14:27.806 | INFO     | __main__:<module>:917 - lr:0.1 weight_nat: 0.2722644519934247, nat_loss: 0.01819014362990856, weight_adv: 0.7277355480065754, adv_loss: 0.025241000577807426 weight-klloss3 0.08174 Loss3: 0.029575977474451065 clean_ce: 0.14256013929843903, adv_ce: 1.2194623947143555, adv_margin: 0.5874729156494141, clean_gate: 0.5434735417366028, teacher_margin: 0.5908277630805969, teacher_margin_gate: 0.698969841003418, teacher_clean_gate: 1.0, teacher_adv_gate: 1.0, tm_grad_cos: 0.7991841435432434, tm_scale: 1.0, tm_ps_scale: 1.0, pcgrad_conflicts: 0/0
2026-07-04 01:15:04.789 | INFO     | __main__:<module>:917 - lr:0.1 weight_nat: 0.26470339314842106, nat_loss: 0.01160973310470581, weight_adv: 0.7352966068515789, adv_loss: 0.025780439376831055 weight-klloss3 0.08174 Loss3: 0.032798755913972855 clean_ce: 0.13709841668605804, adv_ce: 1.2039471864700317, adv_margin: 0.5699060559272766, clean_gate: 0.5221960544586182, teacher_margin: 0.6135305166244507, teacher_margin_gate: 0.685035765171051, teacher_clean_gate: 1.0, teacher_adv_gate: 1.0, tm_grad_cos: 0.8061264753341675, tm_scale: 1.0, tm_ps_scale: 1.0, pcgrad_conflicts: 0/0
2026-07-04 01:15:41.765 | INFO     | __main__:<module>:917 - lr:0.1 weight_nat: 0.26346083497764444, nat_loss: 0.009997350163757801, weight_adv: 0.7365391650223556, adv_loss: 0.023318875581026077 weight-klloss3 0.08174 Loss3: 0.029544955119490623 clean_ce: 0.15652009844779968, adv_ce: 1.0728791952133179, adv_margin: 0.3843352794647217, clean_gate: 0.586142897605896, teacher_margin: 0.5521410703659058, teacher_margin_gate: 0.7304953336715698, teacher_clean_gate: 1.0, teacher_adv_gate: 1.0, tm_grad_cos: 0.8166360259056091, tm_scale: 1.0, tm_ps_scale: 1.0, pcgrad_conflicts: 0/0
2026-07-04 01:16:14.875 | INFO     | __main__:<module>:482 - the 86th epoch 
2026-07-04 01:16:15.291 | INFO     | __main__:<module>:917 - lr:0.1 weight_nat: 0.25890388567658734, nat_loss: 0.011508285067975521, weight_adv: 0.7410961143234127, adv_loss: 0.021144630387425423 weight-klloss3 0.08174 Loss3: 0.05059313029050827 clean_ce: 0.1497783064842224, adv_ce: 1.1123948097229004, adv_margin: 0.46505624055862427, clean_gate: 0.5778595805168152, teacher_margin: 0.5180280804634094, teacher_margin_gate: 0.708785355091095, teacher_clean_gate: 1.0, teacher_adv_gate: 1.0, tm_grad_cos: 0.7998824715614319, tm_scale: 1.0, tm_ps_scale: 1.0, pcgrad_conflicts: 0/0
2026-07-04 01:16:52.270 | INFO     | __main__:<module>:917 - lr:0.1 weight_nat: 0.2610182191439899, nat_loss: 0.015771804377436638, weight_adv: 0.7389817808560101, adv_loss: 0.020899754017591476 weight-klloss3 0.08174 Loss3: 0.026571081951260567 clean_ce: 0.1324855238199234, adv_ce: 1.1622135639190674, adv_margin: 0.5166501998901367, clean_gate: 0.5539388060569763, teacher_margin: 0.5341062545776367, teacher_margin_gate: 0.6925680637359619, teacher_clean_gate: 1.0, teacher_adv_gate: 1.0, tm_grad_cos: 0.8215400576591492, tm_scale: 1.0, tm_ps_scale: 1.0, pcgrad_conflicts: 0/0
2026-07-04 01:17:29.168 | INFO     | __main__:<module>:917 - lr:0.1 weight_nat: 0.25881449847592075, nat_loss: 0.009541749954223633, weight_adv: 0.7411855015240792, adv_loss: 0.021380774676799774 weight-klloss3 0.08174 Loss3: 0.03589576855301857 clean_ce: 0.16128280758857727, adv_ce: 1.0142793655395508, adv_margin: 0.37098228931427, clean_gate: 0.6001201868057251, teacher_margin: 0.5115178823471069, teacher_margin_gate: 0.7269572615623474, teacher_clean_gate: 1.0, teacher_adv_gate: 1.0, tm_grad_cos: 0.8073387145996094, tm_scale: 1.0, tm_ps_scale: 1.0, pcgrad_conflicts: 0/0
2026-07-04 01:18:06.057 | INFO     | __main__:<module>:917 - lr:0.1 weight_nat: 0.26490865097148847, nat_loss: 0.010927087627351284, weight_adv: 0.7350913490285116, adv_loss: 0.026663288474082947 weight-klloss3 0.08174 Loss3: 0.03121904656291008 clean_ce: 0.13090096414089203, adv_ce: 1.231368064880371, adv_margin: 0.554138720035553, clean_gate: 0.5265315175056458, teacher_margin: 0.5515069961547852, teacher_margin_gate: 0.6745159029960632, teacher_clean_gate: 1.0, teacher_adv_gate: 1.0, tm_grad_cos: 0.784944474697113, tm_scale: 1.0, tm_ps_scale: 1.0, pcgrad_conflicts: 0/0
2026-07-04 01:18:39.108 | INFO     | __main__:<module>:482 - the 87th epoch 
2026-07-04 01:18:39.523 | INFO     | __main__:<module>:917 - lr:0.1 weight_nat: 0.2538551340733489, nat_loss: 0.012569824233651161, weight_adv: 0.7461448659266511, adv_loss: 0.024634888395667076 weight-klloss3 0.08174 Loss3: 0.02199999801814556 clean_ce: 0.12908253073692322, adv_ce: 1.249666452407837, adv_margin: 0.6354349851608276, clean_gate: 0.5193930268287659, teacher_margin: 0.5282890200614929, teacher_margin_gate: 0.6557029485702515, teacher_clean_gate: 1.0, teacher_adv_gate: 1.0, tm_grad_cos: 0.7946155071258545, tm_scale: 1.0, tm_ps_scale: 1.0, pcgrad_conflicts: 0/0
2026-07-04 01:19:16.421 | INFO     | __main__:<module>:917 - lr:0.1 weight_nat: 0.26127186406265135, nat_loss: 0.012742496095597744, weight_adv: 0.7387281359373488, adv_loss: 0.023143380880355835 weight-klloss3 0.08174 Loss3: 0.032971348613500595 clean_ce: 0.15348362922668457, adv_ce: 1.2263168096542358, adv_margin: 0.5965960025787354, clean_gate: 0.5445367693901062, teacher_margin: 0.5293315649032593, teacher_margin_gate: 0.676728367805481, teacher_clean_gate: 1.0, teacher_adv_gate: 1.0, tm_grad_cos: 0.7742629647254944, tm_scale: 1.0, tm_ps_scale: 1.0, pcgrad_conflicts: 0/0
2026-07-04 01:19:53.363 | INFO     | __main__:<module>:917 - lr:0.1 weight_nat: 0.258910675674012, nat_loss: 0.011190049350261688, weight_adv: 0.7410893243259881, adv_loss: 0.02147863805294037 weight-klloss3 0.08174 Loss3: 0.042514827102422714 clean_ce: 0.13444013893604279, adv_ce: 1.141605019569397, adv_margin: 0.4956243634223938, clean_gate: 0.5584770441055298, teacher_margin: 0.5191167593002319, teacher_margin_gate: 0.7087353467941284, teacher_clean_gate: 1.0, teacher_adv_gate: 1.0, tm_grad_cos: 0.7926018238067627, tm_scale: 1.0, tm_ps_scale: 1.0, pcgrad_conflicts: 0/0
2026-07-04 01:20:30.306 | INFO     | __main__:<module>:917 - lr:0.1 weight_nat: 0.2592704824257947, nat_loss: 0.010598579421639442, weight_adv: 0.7407295175742054, adv_loss: 0.02204233780503273 weight-klloss3 0.08174 Loss3: 0.04243941605091095 clean_ce: 0.1504506915807724, adv_ce: 1.1345000267028809, adv_margin: 0.5000606775283813, clean_gate: 0.5799145698547363, teacher_margin: 0.48202887177467346, teacher_margin_gate: 0.6922374963760376, teacher_clean_gate: 1.0, teacher_adv_gate: 1.0, tm_grad_cos: 0.7901275753974915, tm_scale: 1.0, tm_ps_scale: 1.0, pcgrad_conflicts: 0/0
2026-07-04 01:21:03.509 | INFO     | __main__:<module>:482 - the 88th epoch 
2026-07-04 01:21:03.925 | INFO     | __main__:<module>:917 - lr:0.1 weight_nat: 0.25998219223298324, nat_loss: 0.010603551752865314, weight_adv: 0.7400178077670169, adv_loss: 0.023072481155395508 weight-klloss3 0.08174 Loss3: 0.034219127148389816 clean_ce: 0.1417931169271469, adv_ce: 1.142974615097046, adv_margin: 0.4824717044830322, clean_gate: 0.5831179022789001, teacher_margin: 0.49533212184906006, teacher_margin_gate: 0.6998217105865479, teacher_clean_gate: 1.0, teacher_adv_gate: 1.0, tm_grad_cos: 0.7805620431900024, tm_scale: 1.0, tm_ps_scale: 1.0, pcgrad_conflicts: 0/0
2026-07-04 01:21:41.183 | INFO     | __main__:<module>:917 - lr:0.1 weight_nat: 0.2626097642427078, nat_loss: 0.014582050032913685, weight_adv: 0.7373902357572922, adv_loss: 0.020326904952526093 weight-klloss3 0.08174 Loss3: 0.04132439196109772 clean_ce: 0.16082799434661865, adv_ce: 1.0957127809524536, adv_margin: 0.440202534198761, clean_gate: 0.5696119666099548, teacher_margin: 0.44372057914733887, teacher_margin_gate: 0.657539427280426, teacher_clean_gate: 1.0, teacher_adv_gate: 1.0, tm_grad_cos: 0.7797799110412598, tm_scale: 1.0, tm_ps_scale: 1.0, pcgrad_conflicts: 0/0
2026-07-04 01:22:18.431 | INFO     | __main__:<module>:917 - lr:0.1 weight_nat: 0.2569867959702188, nat_loss: 0.013670739717781544, weight_adv: 0.7430132040297812, adv_loss: 0.024460356682538986 weight-klloss3 0.08174 Loss3: 0.025337595492601395 clean_ce: 0.15226595103740692, adv_ce: 1.1847504377365112, adv_margin: 0.5224435329437256, clean_gate: 0.5524441003799438, teacher_margin: 0.5394478440284729, teacher_margin_gate: 0.6838087439537048, teacher_clean_gate: 1.0, teacher_adv_gate: 1.0, tm_grad_cos: 0.8069261312484741, tm_scale: 1.0, tm_ps_scale: 1.0, pcgrad_conflicts: 0/0
2026-07-04 01:22:55.677 | INFO     | __main__:<module>:917 - lr:0.1 weight_nat: 0.25626350493594974, nat_loss: 0.01227685809135437, weight_adv: 0.7437364950640503, adv_loss: 0.017270198091864586 weight-klloss3 0.08174 Loss3: 0.04959190636873245 clean_ce: 0.17829084396362305, adv_ce: 0.9539499282836914, adv_margin: 0.3528144359588623, clean_gate: 0.6256919503211975, teacher_margin: 0.43436527252197266, teacher_margin_gate: 0.7284034490585327, teacher_clean_gate: 1.0, teacher_adv_gate: 1.0, tm_grad_cos: 0.8004668354988098, tm_scale: 1.0, tm_ps_scale: 1.0, pcgrad_conflicts: 0/0
2026-07-04 01:23:29.045 | INFO     | __main__:<module>:482 - the 89th epoch 
2026-07-04 01:23:29.460 | INFO     | __main__:<module>:917 - lr:0.1 weight_nat: 0.26467716588568185, nat_loss: 0.0135065708309412, weight_adv: 0.7353228341143182, adv_loss: 0.02575487457215786 weight-klloss3 0.08174 Loss3: 0.04424871504306793 clean_ce: 0.13411563634872437, adv_ce: 1.2189885377883911, adv_margin: 0.5764290690422058, clean_gate: 0.5354436635971069, teacher_margin: 0.5912204384803772, teacher_margin_gate: 0.685212254524231, teacher_clean_gate: 1.0, teacher_adv_gate: 1.0, tm_grad_cos: 0.810464084148407, tm_scale: 1.0, tm_ps_scale: 1.0, pcgrad_conflicts: 0/0
2026-07-04 01:24:06.332 | INFO     | __main__:<module>:917 - lr:0.1 weight_nat: 0.26177096820403456, nat_loss: 0.011253627948462963, weight_adv: 0.7382290317959654, adv_loss: 0.036020584404468536 weight-klloss3 0.08174 Loss3: 0.04059455543756485 clean_ce: 0.1393212080001831, adv_ce: 1.3894115686416626, adv_margin: 0.8554155826568604, clean_gate: 0.5153023600578308, teacher_margin: 0.643990159034729, teacher_margin_gate: 0.6978003978729248, teacher_clean_gate: 1.0, teacher_adv_gate: 1.0, tm_grad_cos: 0.7815076112747192, tm_scale: 1.0, tm_ps_scale: 1.0, pcgrad_conflicts: 0/0
2026-07-04 01:24:43.231 | INFO     | __main__:<module>:917 - lr:0.1 weight_nat: 0.2619032478233418, nat_loss: 0.011447763070464134, weight_adv: 0.7380967521766582, adv_loss: 0.021186329424381256 weight-klloss3 0.08174 Loss3: 0.04142913967370987 clean_ce: 0.14929047226905823, adv_ce: 1.113041639328003, adv_margin: 0.4870491325855255, clean_gate: 0.5847080945968628, teacher_margin: 0.4810958504676819, teacher_margin_gate: 0.6978651285171509, teacher_clean_gate: 1.0, teacher_adv_gate: 1.0, tm_grad_cos: 0.7958824038505554, tm_scale: 1.0, tm_ps_scale: 1.0, pcgrad_conflicts: 0/0
2026-07-04 01:25:20.099 | INFO     | __main__:<module>:917 - lr:0.1 weight_nat: 0.2601562665382249, nat_loss: 0.010289134457707405, weight_adv: 0.7398437334617751, adv_loss: 0.01891915313899517 weight-klloss3 0.08174 Loss3: 0.04361614212393761 clean_ce: 0.1527412086725235, adv_ce: 1.0603647232055664, adv_margin: 0.4869135618209839, clean_gate: 0.6076743006706238, teacher_margin: 0.4386003613471985, teacher_margin_gate: 0.7218515872955322, teacher_clean_gate: 1.0, teacher_adv_gate: 1.0, tm_grad_cos: 0.7674301862716675, tm_scale: 1.0, tm_ps_scale: 1.0, pcgrad_conflicts: 0/0
2026-07-04 01:25:53.141 | INFO     | __main__:<module>:482 - the 90th epoch 
2026-07-04 01:25:53.556 | INFO     | __main__:<module>:917 - lr:0.1 weight_nat: 0.25977476669715716, nat_loss: 0.00937268603593111, weight_adv: 0.7402252333028428, adv_loss: 0.0188564695417881 weight-klloss3 0.08174 Loss3: 0.02969353087246418 clean_ce: 0.1623523235321045, adv_ce: 1.0781751871109009, adv_margin: 0.45717155933380127, clean_gate: 0.5985601544380188, teacher_margin: 0.4254651665687561, teacher_margin_gate: 0.7034649848937988, teacher_clean_gate: 1.0, teacher_adv_gate: 1.0, tm_grad_cos: 0.7926682233810425, tm_scale: 1.0, tm_ps_scale: 1.0, pcgrad_conflicts: 0/0
2026-07-04 01:26:30.490 | INFO     | __main__:<module>:917 - lr:0.1 weight_nat: 0.2574216255449347, nat_loss: 0.012107211165130138, weight_adv: 0.7425783744550652, adv_loss: 0.018971789628267288 weight-klloss3 0.08174 Loss3: 0.026304572820663452 clean_ce: 0.1483495533466339, adv_ce: 1.1291342973709106, adv_margin: 0.5375999808311462, clean_gate: 0.587978720664978, teacher_margin: 0.4052060842514038, teacher_margin_gate: 0.6839914321899414, teacher_clean_gate: 1.0, teacher_adv_gate: 1.0, tm_grad_cos: 0.7568861842155457, tm_scale: 1.0, tm_ps_scale: 1.0, pcgrad_conflicts: 0/0
2026-07-04 01:27:07.411 | INFO     | __main__:<module>:917 - lr:0.1 weight_nat: 0.2591615527957135, nat_loss: 0.01076534390449524, weight_adv: 0.7408384472042865, adv_loss: 0.02513774298131466 weight-klloss3 0.08174 Loss3: 0.04052092134952545 clean_ce: 0.14746984839439392, adv_ce: 1.223586082458496, adv_margin: 0.5845720767974854, clean_gate: 0.5227771997451782, teacher_margin: 0.5853189826011658, teacher_margin_gate: 0.6794731020927429, teacher_clean_gate: 1.0, teacher_adv_gate: 1.0, tm_grad_cos: 0.8028691411018372, tm_scale: 1.0, tm_ps_scale: 1.0, pcgrad_conflicts: 0/0
2026-07-04 01:27:44.333 | INFO     | __main__:<module>:917 - lr:0.1 weight_nat: 0.2561400922902401, nat_loss: 0.01045700628310442, weight_adv: 0.7438599077097598, adv_loss: 0.02087732031941414 weight-klloss3 0.08174 Loss3: 0.03691667318344116 clean_ce: 0.14243802428245544, adv_ce: 1.0510438680648804, adv_margin: 0.43169695138931274, clean_gate: 0.596416711807251, teacher_margin: 0.49064400792121887, teacher_margin_gate: 0.7168633341789246, teacher_clean_gate: 1.0, teacher_adv_gate: 1.0, tm_grad_cos: 0.7897641062736511, tm_scale: 1.0, tm_ps_scale: 1.0, pcgrad_conflicts: 0/0
2026-07-04 01:28:35.432 | INFO     | __main__:<module>:974 - student robust acc 0.5080, teacher robust acc 0.6679, nat teacher robust acc 0.5196
2026-07-04 01:28:41.182 | INFO     | __main__:<module>:1058 - best accuracy:0.69575
2026-07-04 01:28:41.182 | INFO     | __main__:<module>:1061 - student natural acc 0.8835, adv teacher natural acc 0.8675, nat teacher natural acc 0.9318
2026-07-04 01:28:41.184 | INFO     | __main__:<module>:482 - the 91th epoch 
2026-07-04 01:28:41.580 | INFO     | __main__:<module>:917 - lr:0.1 weight_nat: 0.2600480573778777, nat_loss: 0.010984398424625397, weight_adv: 0.7399519426221224, adv_loss: 0.018828406929969788 weight-klloss3 0.08174 Loss3: 0.040561988949775696 clean_ce: 0.17061442136764526, adv_ce: 1.1415563821792603, adv_margin: 0.5306155681610107, clean_gate: 0.576081395149231, teacher_margin: 0.4482102394104004, teacher_margin_gate: 0.6911349296569824, teacher_clean_gate: 1.0, teacher_adv_gate: 1.0, tm_grad_cos: 0.7962940335273743, tm_scale: 1.0, tm_ps_scale: 1.0, pcgrad_conflicts: 0/0
2026-07-04 01:29:18.555 | INFO     | __main__:<module>:917 - lr:0.1 weight_nat: 0.26037386983606514, nat_loss: 0.013378170318901539, weight_adv: 0.7396261301639349, adv_loss: 0.019838951528072357 weight-klloss3 0.08174 Loss3: 0.026695340871810913 clean_ce: 0.1426519900560379, adv_ce: 1.2062779664993286, adv_margin: 0.5774019360542297, clean_gate: 0.5780764818191528, teacher_margin: 0.393634557723999, teacher_margin_gate: 0.6501142978668213, teacher_clean_gate: 1.0, teacher_adv_gate: 1.0, tm_grad_cos: 0.7661244869232178, tm_scale: 1.0, tm_ps_scale: 1.0, pcgrad_conflicts: 0/0
2026-07-04 01:29:55.505 | INFO     | __main__:<module>:917 - lr:0.1 weight_nat: 0.26243191066052557, nat_loss: 0.011958260089159012, weight_adv: 0.7375680893394745, adv_loss: 0.024809345602989197 weight-klloss3 0.08174 Loss3: 0.031120825558900833 clean_ce: 0.16476280987262726, adv_ce: 1.1303901672363281, adv_margin: 0.4938833713531494, clean_gate: 0.5639631152153015, teacher_margin: 0.5839850902557373, teacher_margin_gate: 0.7214705944061279, teacher_clean_gate: 1.0, teacher_adv_gate: 1.0, tm_grad_cos: 0.82405686378479, tm_scale: 1.0, tm_ps_scale: 1.0, pcgrad_conflicts: 0/0
2026-07-04 01:30:32.448 | INFO     | __main__:<module>:917 - lr:0.1 weight_nat: 0.2649348771363595, nat_loss: 0.01168739702552557, weight_adv: 0.7350651228636406, adv_loss: 0.024154042825102806 weight-klloss3 0.08174 Loss3: 0.03583737090229988 clean_ce: 0.14059558510780334, adv_ce: 1.1988298892974854, adv_margin: 0.6191757917404175, clean_gate: 0.5673691034317017, teacher_margin: 0.4944174587726593, teacher_margin_gate: 0.6921936273574829, teacher_clean_gate: 1.0, teacher_adv_gate: 1.0, tm_grad_cos: 0.7930088043212891, tm_scale: 1.0, tm_ps_scale: 1.0, pcgrad_conflicts: 0/0
2026-07-04 01:31:05.550 | INFO     | __main__:<module>:482 - the 92th epoch 
2026-07-04 01:31:05.968 | INFO     | __main__:<module>:917 - lr:0.1 weight_nat: 0.2549792570769337, nat_loss: 0.010304607450962067, weight_adv: 0.7450207429230664, adv_loss: 0.027126692235469818 weight-klloss3 0.08174 Loss3: 0.034021779894828796 clean_ce: 0.12968847155570984, adv_ce: 1.2325968742370605, adv_margin: 0.6455749273300171, clean_gate: 0.5294296741485596, teacher_margin: 0.6283622980117798, teacher_margin_gate: 0.7010598182678223, teacher_clean_gate: 1.0, teacher_adv_gate: 1.0, tm_grad_cos: 0.8299140334129333, tm_scale: 1.0, tm_ps_scale: 1.0, pcgrad_conflicts: 0/0
2026-07-04 01:31:42.958 | INFO     | __main__:<module>:917 - lr:0.1 weight_nat: 0.2600253045484623, nat_loss: 0.013219702057540417, weight_adv: 0.7399746954515377, adv_loss: 0.02225242555141449 weight-klloss3 0.08174 Loss3: 0.040449731051921844 clean_ce: 0.1307847946882248, adv_ce: 1.2093160152435303, adv_margin: 0.5812505483627319, clean_gate: 0.5405957698822021, teacher_margin: 0.546379566192627, teacher_margin_gate: 0.6985659003257751, teacher_clean_gate: 1.0, teacher_adv_gate: 1.0, tm_grad_cos: 0.8097108006477356, tm_scale: 1.0, tm_ps_scale: 1.0, pcgrad_conflicts: 0/0
2026-07-04 01:32:19.931 | INFO     | __main__:<module>:917 - lr:0.1 weight_nat: 0.2633376873454336, nat_loss: 0.013530558906495571, weight_adv: 0.7366623126545665, adv_loss: 0.021228257566690445 weight-klloss3 0.08174 Loss3: 0.03472597151994705 clean_ce: 0.15941941738128662, adv_ce: 1.2382310628890991, adv_margin: 0.5914013385772705, clean_gate: 0.533315122127533, teacher_margin: 0.4561387300491333, teacher_margin_gate: 0.6479195952415466, teacher_clean_gate: 1.0, teacher_adv_gate: 1.0, tm_grad_cos: 0.7938570380210876, tm_scale: 1.0, tm_ps_scale: 1.0, pcgrad_conflicts: 0/0
2026-07-04 01:32:56.882 | INFO     | __main__:<module>:917 - lr:0.1 weight_nat: 0.25302232307863, nat_loss: 0.011514403857290745, weight_adv: 0.7469776769213701, adv_loss: 0.024031605571508408 weight-klloss3 0.08174 Loss3: 0.03800491616129875 clean_ce: 0.13018222153186798, adv_ce: 1.2851145267486572, adv_margin: 0.7106934785842896, clean_gate: 0.5302739143371582, teacher_margin: 0.49670273065567017, teacher_margin_gate: 0.663108229637146, teacher_clean_gate: 1.0, teacher_adv_gate: 1.0, tm_grad_cos: 0.7781035900115967, tm_scale: 1.0, tm_ps_scale: 1.0, pcgrad_conflicts: 0/0
2026-07-04 01:33:29.955 | INFO     | __main__:<module>:482 - the 93th epoch 
2026-07-04 01:33:30.372 | INFO     | __main__:<module>:917 - lr:0.1 weight_nat: 0.25368331248128856, nat_loss: 0.011800803244113922, weight_adv: 0.7463166875187115, adv_loss: 0.022642813622951508 weight-klloss3 0.08174 Loss3: 0.029129840433597565 clean_ce: 0.15240974724292755, adv_ce: 1.1733779907226562, adv_margin: 0.535442054271698, clean_gate: 0.5547409057617188, teacher_margin: 0.491851270198822, teacher_margin_gate: 0.6941441297531128, teacher_clean_gate: 1.0, teacher_adv_gate: 1.0, tm_grad_cos: 0.7797509431838989, tm_scale: 1.0, tm_ps_scale: 1.0, pcgrad_conflicts: 0/0
2026-07-04 01:34:07.281 | INFO     | __main__:<module>:917 - lr:0.1 weight_nat: 0.25824954177889947, nat_loss: 0.012781642377376556, weight_adv: 0.7417504582211005, adv_loss: 0.02332494594156742 weight-klloss3 0.08174 Loss3: 0.029515864327549934 clean_ce: 0.15215036273002625, adv_ce: 1.1987568140029907, adv_margin: 0.5732493996620178, clean_gate: 0.5526747107505798, teacher_margin: 0.4845843017101288, teacher_margin_gate: 0.6614748239517212, teacher_clean_gate: 1.0, teacher_adv_gate: 1.0, tm_grad_cos: 0.7872200012207031, tm_scale: 1.0, tm_ps_scale: 1.0, pcgrad_conflicts: 0/0
2026-07-04 01:34:44.194 | INFO     | __main__:<module>:917 - lr:0.1 weight_nat: 0.2579987947356353, nat_loss: 0.009975026361644268, weight_adv: 0.7420012052643647, adv_loss: 0.01938202790915966 weight-klloss3 0.08174 Loss3: 0.04179990291595459 clean_ce: 0.15424692630767822, adv_ce: 1.126365303993225, adv_margin: 0.5295450687408447, clean_gate: 0.5549359321594238, teacher_margin: 0.4694422483444214, teacher_margin_gate: 0.6739709973335266, teacher_clean_gate: 1.0, teacher_adv_gate: 1.0, tm_grad_cos: 0.8072548508644104, tm_scale: 1.0, tm_ps_scale: 1.0, pcgrad_conflicts: 0/0
2026-07-04 01:35:21.096 | INFO     | __main__:<module>:917 - lr:0.1 weight_nat: 0.256336556892677, nat_loss: 0.012306644581258297, weight_adv: 0.7436634431073231, adv_loss: 0.022312579676508904 weight-klloss3 0.08174 Loss3: 0.03431607782840729 clean_ce: 0.1624167561531067, adv_ce: 1.1159428358078003, adv_margin: 0.494290292263031, clean_gate: 0.5685932636260986, teacher_margin: 0.5067746043205261, teacher_margin_gate: 0.7033059597015381, teacher_clean_gate: 1.0, teacher_adv_gate: 1.0, tm_grad_cos: 0.8023437261581421, tm_scale: 1.0, tm_ps_scale: 1.0, pcgrad_conflicts: 0/0
2026-07-04 01:35:54.163 | INFO     | __main__:<module>:482 - the 94th epoch 
2026-07-04 01:35:54.579 | INFO     | __main__:<module>:917 - lr:0.1 weight_nat: 0.2564389826997725, nat_loss: 0.012820497155189514, weight_adv: 0.7435610173002275, adv_loss: 0.020215239375829697 weight-klloss3 0.08174 Loss3: 0.027257148176431656 clean_ce: 0.1431969553232193, adv_ce: 1.120097279548645, adv_margin: 0.47600874304771423, clean_gate: 0.5654858350753784, teacher_margin: 0.5015599727630615, teacher_margin_gate: 0.7004339694976807, teacher_clean_gate: 1.0, teacher_adv_gate: 1.0, tm_grad_cos: 0.8081300258636475, tm_scale: 1.0, tm_ps_scale: 1.0, pcgrad_conflicts: 0/0
2026-07-04 01:36:31.456 | INFO     | __main__:<module>:917 - lr:0.1 weight_nat: 0.2568976122024342, nat_loss: 0.00910805445164442, weight_adv: 0.7431023877975659, adv_loss: 0.020834706723690033 weight-klloss3 0.08174 Loss3: 0.03731730952858925 clean_ce: 0.1609693467617035, adv_ce: 0.9762599468231201, adv_margin: 0.391554594039917, clean_gate: 0.6164611577987671, teacher_margin: 0.45802387595176697, teacher_margin_gate: 0.7326776385307312, teacher_clean_gate: 1.0, teacher_adv_gate: 1.0, tm_grad_cos: 0.7923769354820251, tm_scale: 1.0, tm_ps_scale: 1.0, pcgrad_conflicts: 0/0
2026-07-04 01:37:08.631 | INFO     | __main__:<module>:917 - lr:0.1 weight_nat: 0.25841926971752366, nat_loss: 0.007978436537086964, weight_adv: 0.7415807302824763, adv_loss: 0.018740566447377205 weight-klloss3 0.08174 Loss3: 0.039161209017038345 clean_ce: 0.16834959387779236, adv_ce: 1.0179203748703003, adv_margin: 0.3907620906829834, clean_gate: 0.6232718229293823, teacher_margin: 0.4343963861465454, teacher_margin_gate: 0.7290006875991821, teacher_clean_gate: 1.0, teacher_adv_gate: 1.0, tm_grad_cos: 0.778828501701355, tm_scale: 1.0, tm_ps_scale: 1.0, pcgrad_conflicts: 0/0
2026-07-04 01:37:45.890 | INFO     | __main__:<module>:917 - lr:0.1 weight_nat: 0.2594056244440188, nat_loss: 0.012352591380476952, weight_adv: 0.7405943755559812, adv_loss: 0.017605695873498917 weight-klloss3 0.08174 Loss3: 0.032319750636816025 clean_ce: 0.14814326167106628, adv_ce: 1.0846112966537476, adv_margin: 0.4992560148239136, clean_gate: 0.5990564227104187, teacher_margin: 0.3812851309776306, teacher_margin_gate: 0.6863746047019958, teacher_clean_gate: 1.0, teacher_adv_gate: 1.0, tm_grad_cos: 0.734964907169342, tm_scale: 1.0, tm_ps_scale: 1.0, pcgrad_conflicts: 0/0
2026-07-04 01:38:19.264 | INFO     | __main__:<module>:482 - the 95th epoch 
2026-07-04 01:38:19.682 | INFO     | __main__:<module>:917 - lr:0.1 weight_nat: 0.25179494931733654, nat_loss: 0.009265224449336529, weight_adv: 0.7482050506826635, adv_loss: 0.02084456756711006 weight-klloss3 0.08174 Loss3: 0.027490250766277313 clean_ce: 0.1472596824169159, adv_ce: 1.169854760169983, adv_margin: 0.5217786431312561, clean_gate: 0.5891896486282349, teacher_margin: 0.399463951587677, teacher_margin_gate: 0.6824004054069519, teacher_clean_gate: 1.0, teacher_adv_gate: 1.0, tm_grad_cos: 0.7537086606025696, tm_scale: 1.0, tm_ps_scale: 1.0, pcgrad_conflicts: 0/0
2026-07-04 01:38:56.939 | INFO     | __main__:<module>:917 - lr:0.1 weight_nat: 0.2579660461522685, nat_loss: 0.010341561399400234, weight_adv: 0.7420339538477315, adv_loss: 0.01887853443622589 weight-klloss3 0.08174 Loss3: 0.03622093051671982 clean_ce: 0.14758574962615967, adv_ce: 1.1258256435394287, adv_margin: 0.5544464588165283, clean_gate: 0.5803158283233643, teacher_margin: 0.41649532318115234, teacher_margin_gate: 0.6823474168777466, teacher_clean_gate: 1.0, teacher_adv_gate: 1.0, tm_grad_cos: 0.7555742859840393, tm_scale: 1.0, tm_ps_scale: 1.0, pcgrad_conflicts: 0/0
2026-07-04 01:39:34.095 | INFO     | __main__:<module>:917 - lr:0.1 weight_nat: 0.26882946235202937, nat_loss: 0.013532580807805061, weight_adv: 0.7311705376479706, adv_loss: 0.02217509038746357 weight-klloss3 0.08174 Loss3: 0.030806779861450195 clean_ce: 0.14022386074066162, adv_ce: 1.3045648336410522, adv_margin: 0.6591848134994507, clean_gate: 0.5105835199356079, teacher_margin: 0.44580742716789246, teacher_margin_gate: 0.6121782660484314, teacher_clean_gate: 1.0, teacher_adv_gate: 1.0, tm_grad_cos: 0.7439771890640259, tm_scale: 1.0, tm_ps_scale: 1.0, pcgrad_conflicts: 0/0
2026-07-04 01:40:11.021 | INFO     | __main__:<module>:917 - lr:0.1 weight_nat: 0.26066091199067276, nat_loss: 0.015104702673852444, weight_adv: 0.7393390880093272, adv_loss: 0.026600860059261322 weight-klloss3 0.08174 Loss3: 0.03650050610303879 clean_ce: 0.1398003101348877, adv_ce: 1.2544920444488525, adv_margin: 0.6238921880722046, clean_gate: 0.5352690815925598, teacher_margin: 0.6189149618148804, teacher_margin_gate: 0.7041478157043457, teacher_clean_gate: 1.0, teacher_adv_gate: 1.0, tm_grad_cos: 0.8010005354881287, tm_scale: 1.0, tm_ps_scale: 1.0, pcgrad_conflicts: 0/0
2026-07-04 01:40:44.102 | INFO     | __main__:<module>:482 - the 96th epoch 
2026-07-04 01:40:44.518 | INFO     | __main__:<module>:917 - lr:0.1 weight_nat: 0.2531399831128982, nat_loss: 0.010260647162795067, weight_adv: 0.7468600168871018, adv_loss: 0.020844679325819016 weight-klloss3 0.08174 Loss3: 0.03231964632868767 clean_ce: 0.16130146384239197, adv_ce: 1.1523524522781372, adv_margin: 0.54079270362854, clean_gate: 0.5739190578460693, teacher_margin: 0.4124021530151367, teacher_margin_gate: 0.6727346181869507, teacher_clean_gate: 1.0, teacher_adv_gate: 1.0, tm_grad_cos: 0.758636474609375, tm_scale: 1.0, tm_ps_scale: 1.0, pcgrad_conflicts: 0/0
2026-07-04 01:41:21.415 | INFO     | __main__:<module>:917 - lr:0.1 weight_nat: 0.2604424247914114, nat_loss: 0.013252860866487026, weight_adv: 0.7395575752085886, adv_loss: 0.021945087239146233 weight-klloss3 0.08174 Loss3: 0.03147401288151741 clean_ce: 0.13101615011692047, adv_ce: 1.2609282732009888, adv_margin: 0.6206625699996948, clean_gate: 0.5311267971992493, teacher_margin: 0.49968042969703674, teacher_margin_gate: 0.661457896232605, teacher_clean_gate: 1.0, teacher_adv_gate: 1.0, tm_grad_cos: 0.7927865982055664, tm_scale: 1.0, tm_ps_scale: 1.0, pcgrad_conflicts: 0/0
2026-07-04 01:41:58.333 | INFO     | __main__:<module>:917 - lr:0.1 weight_nat: 0.26260645592161946, nat_loss: 0.01142029371112585, weight_adv: 0.7373935440783806, adv_loss: 0.023433513939380646 weight-klloss3 0.08174 Loss3: 0.03322947025299072 clean_ce: 0.14735686779022217, adv_ce: 1.1473066806793213, adv_margin: 0.47182801365852356, clean_gate: 0.545292317867279, teacher_margin: 0.590368390083313, teacher_margin_gate: 0.7083076238632202, teacher_clean_gate: 1.0, teacher_adv_gate: 1.0, tm_grad_cos: 0.8012198805809021, tm_scale: 1.0, tm_ps_scale: 1.0, pcgrad_conflicts: 0/0
2026-07-04 01:42:35.295 | INFO     | __main__:<module>:917 - lr:0.1 weight_nat: 0.2564580557255246, nat_loss: 0.012238919734954834, weight_adv: 0.7435419442744755, adv_loss: 0.02241075597703457 weight-klloss3 0.08174 Loss3: 0.03170190006494522 clean_ce: 0.13598190248012543, adv_ce: 1.3142768144607544, adv_margin: 0.6792598366737366, clean_gate: 0.5367366075515747, teacher_margin: 0.4582146406173706, teacher_margin_gate: 0.6403483152389526, teacher_clean_gate: 1.0, teacher_adv_gate: 1.0, tm_grad_cos: 0.7651617527008057, tm_scale: 1.0, tm_ps_scale: 1.0, pcgrad_conflicts: 0/0
2026-07-04 01:43:08.383 | INFO     | __main__:<module>:482 - the 97th epoch 
2026-07-04 01:43:08.800 | INFO     | __main__:<module>:917 - lr:0.1 weight_nat: 0.2574309331617708, nat_loss: 0.015101267956197262, weight_adv: 0.7425690668382292, adv_loss: 0.01922982558608055 weight-klloss3 0.08174 Loss3: 0.03746488690376282 clean_ce: 0.1651943325996399, adv_ce: 1.0768022537231445, adv_margin: 0.44036421179771423, clean_gate: 0.5958361625671387, teacher_margin: 0.4699997901916504, teacher_margin_gate: 0.7060853242874146, teacher_clean_gate: 1.0, teacher_adv_gate: 1.0, tm_grad_cos: 0.7882510423660278, tm_scale: 1.0, tm_ps_scale: 1.0, pcgrad_conflicts: 0/0
2026-07-04 01:43:45.790 | INFO     | __main__:<module>:917 - lr:0.1 weight_nat: 0.2641589740579059, nat_loss: 0.011127221398055553, weight_adv: 0.7358410259420941, adv_loss: 0.02765641175210476 weight-klloss3 0.08174 Loss3: 0.040373992174863815 clean_ce: 0.14557796716690063, adv_ce: 1.3895055055618286, adv_margin: 0.7292437553405762, clean_gate: 0.46665897965431213, teacher_margin: 0.5701729655265808, teacher_margin_gate: 0.6244643330574036, teacher_clean_gate: 1.0, teacher_adv_gate: 1.0, tm_grad_cos: 0.7737371325492859, tm_scale: 1.0, tm_ps_scale: 1.0, pcgrad_conflicts: 0/0
2026-07-04 01:44:22.695 | INFO     | __main__:<module>:917 - lr:0.1 weight_nat: 0.26714415406665465, nat_loss: 0.010614712722599506, weight_adv: 0.7328558459333453, adv_loss: 0.02223333716392517 weight-klloss3 0.08174 Loss3: 0.03129997476935387 clean_ce: 0.15850406885147095, adv_ce: 1.1121550798416138, adv_margin: 0.5609700679779053, clean_gate: 0.5859682559967041, teacher_margin: 0.4486720561981201, teacher_margin_gate: 0.702400803565979, teacher_clean_gate: 1.0, teacher_adv_gate: 1.0, tm_grad_cos: 0.8065251111984253, tm_scale: 1.0, tm_ps_scale: 1.0, pcgrad_conflicts: 0/0
2026-07-04 01:44:59.597 | INFO     | __main__:<module>:917 - lr:0.1 weight_nat: 0.2622756844465097, nat_loss: 0.013623627834022045, weight_adv: 0.7377243155534903, adv_loss: 0.0197673961520195 weight-klloss3 0.08174 Loss3: 0.037705909460783005 clean_ce: 0.14396238327026367, adv_ce: 1.0770207643508911, adv_margin: 0.4373930096626282, clean_gate: 0.59339839220047, teacher_margin: 0.4801962375640869, teacher_margin_gate: 0.7143812775611877, teacher_clean_gate: 1.0, teacher_adv_gate: 1.0, tm_grad_cos: 0.8192383646965027, tm_scale: 1.0, tm_ps_scale: 1.0, pcgrad_conflicts: 0/0
2026-07-04 01:45:32.639 | INFO     | __main__:<module>:482 - the 98th epoch 
2026-07-04 01:45:33.055 | INFO     | __main__:<module>:917 - lr:0.1 weight_nat: 0.2574554959512356, nat_loss: 0.010427006520330906, weight_adv: 0.7425445040487644, adv_loss: 0.019664915278553963 weight-klloss3 0.08174 Loss3: 0.03816450759768486 clean_ce: 0.14106830954551697, adv_ce: 1.1208876371383667, adv_margin: 0.5042678117752075, clean_gate: 0.6046754121780396, teacher_margin: 0.3851858675479889, teacher_margin_gate: 0.6865071654319763, teacher_clean_gate: 1.0, teacher_adv_gate: 1.0, tm_grad_cos: 0.7545010447502136, tm_scale: 1.0, tm_ps_scale: 1.0, pcgrad_conflicts: 0/0
2026-07-04 01:46:09.943 | INFO     | __main__:<module>:917 - lr:0.1 weight_nat: 0.2625996084141262, nat_loss: 0.015229498036205769, weight_adv: 0.7374003915858739, adv_loss: 0.020499397069215775 weight-klloss3 0.08174 Loss3: 0.039358336478471756 clean_ce: 0.14489644765853882, adv_ce: 1.1073310375213623, adv_margin: 0.4832746386528015, clean_gate: 0.5757853984832764, teacher_margin: 0.44082552194595337, teacher_margin_gate: 0.6661911010742188, teacher_clean_gate: 1.0, teacher_adv_gate: 1.0, tm_grad_cos: 0.7549741268157959, tm_scale: 1.0, tm_ps_scale: 1.0, pcgrad_conflicts: 0/0
2026-07-04 01:46:46.848 | INFO     | __main__:<module>:917 - lr:0.1 weight_nat: 0.2594133508789675, nat_loss: 0.013057976961135864, weight_adv: 0.7405866491210324, adv_loss: 0.02432975172996521 weight-klloss3 0.08174 Loss3: 0.03316463530063629 clean_ce: 0.1536012589931488, adv_ce: 1.1676969528198242, adv_margin: 0.5466840267181396, clean_gate: 0.557802677154541, teacher_margin: 0.505801796913147, teacher_margin_gate: 0.6790364384651184, teacher_clean_gate: 1.0, teacher_adv_gate: 1.0, tm_grad_cos: 0.7785791754722595, tm_scale: 1.0, tm_ps_scale: 1.0, pcgrad_conflicts: 0/0
2026-07-04 01:47:23.724 | INFO     | __main__:<module>:917 - lr:0.1 weight_nat: 0.26023102966823586, nat_loss: 0.013319727964699268, weight_adv: 0.7397689703317641, adv_loss: 0.020454322919249535 weight-klloss3 0.08174 Loss3: 0.021046413108706474 clean_ce: 0.15116223692893982, adv_ce: 1.063643217086792, adv_margin: 0.46818259358406067, clean_gate: 0.594208836555481, teacher_margin: 0.4406144618988037, teacher_margin_gate: 0.6881552934646606, teacher_clean_gate: 1.0, teacher_adv_gate: 1.0, tm_grad_cos: 0.7817351222038269, tm_scale: 1.0, tm_ps_scale: 1.0, pcgrad_conflicts: 0/0
2026-07-04 01:47:56.747 | INFO     | __main__:<module>:482 - the 99th epoch 
2026-07-04 01:47:57.162 | INFO     | __main__:<module>:917 - lr:0.1 weight_nat: 0.258239795816427, nat_loss: 0.014410087838768959, weight_adv: 0.741760204183573, adv_loss: 0.023108886554837227 weight-klloss3 0.08174 Loss3: 0.035677120089530945 clean_ce: 0.1541595757007599, adv_ce: 1.1806015968322754, adv_margin: 0.5606681108474731, clean_gate: 0.5714422464370728, teacher_margin: 0.486564576625824, teacher_margin_gate: 0.6877487301826477, teacher_clean_gate: 1.0, teacher_adv_gate: 1.0, tm_grad_cos: 0.7738814949989319, tm_scale: 1.0, tm_ps_scale: 1.0, pcgrad_conflicts: 0/0
2026-07-04 01:48:34.067 | INFO     | __main__:<module>:917 - lr:0.1 weight_nat: 0.2537373515614252, nat_loss: 0.010944179259240627, weight_adv: 0.7462626484385748, adv_loss: 0.022962871938943863 weight-klloss3 0.08174 Loss3: 0.04338357597589493 clean_ce: 0.15771031379699707, adv_ce: 1.185580849647522, adv_margin: 0.5288887023925781, clean_gate: 0.5716884136199951, teacher_margin: 0.543604850769043, teacher_margin_gate: 0.7154607772827148, teacher_clean_gate: 1.0, teacher_adv_gate: 1.0, tm_grad_cos: 0.768917977809906, tm_scale: 1.0, tm_ps_scale: 1.0, pcgrad_conflicts: 0/0
2026-07-04 01:49:10.962 | INFO     | __main__:<module>:917 - lr:0.1 weight_nat: 0.258912732775658, nat_loss: 0.012709383852779865, weight_adv: 0.741087267224342, adv_loss: 0.022666767239570618 weight-klloss3 0.08174 Loss3: 0.033864304423332214 clean_ce: 0.16013452410697937, adv_ce: 1.0975708961486816, adv_margin: 0.5017482042312622, clean_gate: 0.5790446996688843, teacher_margin: 0.5256571769714355, teacher_margin_gate: 0.730078935623169, teacher_clean_gate: 1.0, teacher_adv_gate: 1.0, tm_grad_cos: 0.8356248140335083, tm_scale: 1.0, tm_ps_scale: 1.0, pcgrad_conflicts: 0/0
2026-07-04 01:49:47.891 | INFO     | __main__:<module>:917 - lr:0.1 weight_nat: 0.2620828939805289, nat_loss: 0.01546535361558199, weight_adv: 0.737917106019471, adv_loss: 0.022040067240595818 weight-klloss3 0.08174 Loss3: 0.035773053765296936 clean_ce: 0.15299317240715027, adv_ce: 1.195034146308899, adv_margin: 0.5707869529724121, clean_gate: 0.5522028207778931, teacher_margin: 0.4650765061378479, teacher_margin_gate: 0.665741503238678, teacher_clean_gate: 1.0, teacher_adv_gate: 1.0, tm_grad_cos: 0.771969199180603, tm_scale: 1.0, tm_ps_scale: 1.0, pcgrad_conflicts: 0/0
2026-07-04 01:50:21.007 | INFO     | __main__:<module>:482 - the 100th epoch 
2026-07-04 01:50:21.424 | INFO     | __main__:<module>:917 - lr:0.1 weight_nat: 0.25494769871389417, nat_loss: 0.010193525813519955, weight_adv: 0.7450523012861059, adv_loss: 0.017232932150363922 weight-klloss3 0.08174 Loss3: 0.04022032022476196 clean_ce: 0.14903748035430908, adv_ce: 1.087401032447815, adv_margin: 0.48321768641471863, clean_gate: 0.6034125685691833, teacher_margin: 0.38366931676864624, teacher_margin_gate: 0.6880921125411987, teacher_clean_gate: 1.0, teacher_adv_gate: 1.0, tm_grad_cos: 0.7589351534843445, tm_scale: 1.0, tm_ps_scale: 1.0, pcgrad_conflicts: 0/0
2026-07-04 01:50:58.395 | INFO     | __main__:<module>:917 - lr:0.1 weight_nat: 0.2595245929229593, nat_loss: 0.010086851194500923, weight_adv: 0.7404754070770407, adv_loss: 0.023141872137784958 weight-klloss3 0.08174 Loss3: 0.026410313323140144 clean_ce: 0.17053738236427307, adv_ce: 1.144142746925354, adv_margin: 0.4499358534812927, clean_gate: 0.589093804359436, teacher_margin: 0.5393949747085571, teacher_margin_gate: 0.7181046605110168, teacher_clean_gate: 1.0, teacher_adv_gate: 1.0, tm_grad_cos: 0.7796061038970947, tm_scale: 1.0, tm_ps_scale: 1.0, pcgrad_conflicts: 0/0
2026-07-04 01:51:35.349 | INFO     | __main__:<module>:917 - lr:0.1 weight_nat: 0.25556132054047365, nat_loss: 0.009168892167508602, weight_adv: 0.7444386794595264, adv_loss: 0.029578503221273422 weight-klloss3 0.08174 Loss3: 0.037306904792785645 clean_ce: 0.14567556977272034, adv_ce: 1.2087080478668213, adv_margin: 0.578376829624176, clean_gate: 0.5416164994239807, teacher_margin: 0.5974219441413879, teacher_margin_gate: 0.6979454755783081, teacher_clean_gate: 1.0, teacher_adv_gate: 1.0, tm_grad_cos: 0.7779093980789185, tm_scale: 1.0, tm_ps_scale: 1.0, pcgrad_conflicts: 0/0
2026-07-04 01:52:12.448 | INFO     | __main__:<module>:917 - lr:0.1 weight_nat: 0.2525544786976087, nat_loss: 0.013486906886100769, weight_adv: 0.7474455213023914, adv_loss: 0.02384784072637558 weight-klloss3 0.08174 Loss3: 0.024337321519851685 clean_ce: 0.13863444328308105, adv_ce: 1.2312257289886475, adv_margin: 0.6533111333847046, clean_gate: 0.5524312257766724, teacher_margin: 0.5021330118179321, teacher_margin_gate: 0.6834937334060669, teacher_clean_gate: 1.0, teacher_adv_gate: 1.0, tm_grad_cos: 0.7948353886604309, tm_scale: 1.0, tm_ps_scale: 1.0, pcgrad_conflicts: 0/0
2026-07-04 01:53:04.362 | INFO     | __main__:<module>:974 - student robust acc 0.5135, teacher robust acc 0.6670, nat teacher robust acc 0.5221
2026-07-04 01:53:11.074 | INFO     | __main__:<module>:1058 - best accuracy:0.6993499999999999
2026-07-04 01:53:11.074 | INFO     | __main__:<module>:1061 - student natural acc 0.8852, adv teacher natural acc 0.8675, nat teacher natural acc 0.9318
2026-07-04 01:53:11.076 | INFO     | __main__:<module>:482 - the 101th epoch 
2026-07-04 01:53:11.470 | INFO     | __main__:<module>:917 - lr:0.1 weight_nat: 0.2477648149584788, nat_loss: 0.010359256528317928, weight_adv: 0.7522351850415211, adv_loss: 0.019739968702197075 weight-klloss3 0.08174 Loss3: 0.032817207276821136 clean_ce: 0.16895465552806854, adv_ce: 1.1395732164382935, adv_margin: 0.4834069013595581, clean_gate: 0.5737380981445312, teacher_margin: 0.403490275144577, teacher_margin_gate: 0.6509623527526855, teacher_clean_gate: 1.0, teacher_adv_gate: 1.0, tm_grad_cos: 0.7895511984825134, tm_scale: 1.0, tm_ps_scale: 1.0, pcgrad_conflicts: 0/0
2026-07-04 01:53:48.735 | INFO     | __main__:<module>:917 - lr:0.1 weight_nat: 0.2586242731677099, nat_loss: 0.01094344537705183, weight_adv: 0.74137572683229, adv_loss: 0.019351135939359665 weight-klloss3 0.08174 Loss3: 0.034593500196933746 clean_ce: 0.15653091669082642, adv_ce: 1.153072714805603, adv_margin: 0.502297043800354, clean_gate: 0.5647881627082825, teacher_margin: 0.45283734798431396, teacher_margin_gate: 0.6689018607139587, teacher_clean_gate: 1.0, teacher_adv_gate: 1.0, tm_grad_cos: 0.7983255982398987, tm_scale: 1.0, tm_ps_scale: 1.0, pcgrad_conflicts: 0/0
2026-07-04 01:54:26.005 | INFO     | __main__:<module>:917 - lr:0.1 weight_nat: 0.2603575992405705, nat_loss: 0.011061509139835835, weight_adv: 0.7396424007594296, adv_loss: 0.02095472440123558 weight-klloss3 0.08174 Loss3: 0.03933410346508026 clean_ce: 0.15519222617149353, adv_ce: 1.0897870063781738, adv_margin: 0.5115766525268555, clean_gate: 0.581019401550293, teacher_margin: 0.4247228503227234, teacher_margin_gate: 0.681517481803894, teacher_clean_gate: 1.0, teacher_adv_gate: 1.0, tm_grad_cos: 0.7750471830368042, tm_scale: 1.0, tm_ps_scale: 1.0, pcgrad_conflicts: 0/0
2026-07-04 01:55:03.278 | INFO     | __main__:<module>:917 - lr:0.1 weight_nat: 0.2586872743192007, nat_loss: 0.011554865166544914, weight_adv: 0.7413127256807993, adv_loss: 0.028857246041297913 weight-klloss3 0.08174 Loss3: 0.04658004641532898 clean_ce: 0.12240587174892426, adv_ce: 1.2689213752746582, adv_margin: 0.6917455792427063, clean_gate: 0.5193424224853516, teacher_margin: 0.6249868273735046, teacher_margin_gate: 0.7070063352584839, teacher_clean_gate: 1.0, teacher_adv_gate: 1.0, tm_grad_cos: 0.8194452524185181, tm_scale: 1.0, tm_ps_scale: 1.0, pcgrad_conflicts: 0/0
2026-07-04 01:55:36.457 | INFO     | __main__:<module>:482 - the 102th epoch 
2026-07-04 01:55:36.875 | INFO     | __main__:<module>:917 - lr:0.1 weight_nat: 0.24614650713085978, nat_loss: 0.010320506989955902, weight_adv: 0.7538534928691403, adv_loss: 0.022910606116056442 weight-klloss3 0.08174 Loss3: 0.03313600271940231 clean_ce: 0.12674808502197266, adv_ce: 1.2560508251190186, adv_margin: 0.6323555707931519, clean_gate: 0.5316697359085083, teacher_margin: 0.5106644630432129, teacher_margin_gate: 0.6595658659934998, teacher_clean_gate: 1.0, teacher_adv_gate: 1.0, tm_grad_cos: 0.8034251928329468, tm_scale: 1.0, tm_ps_scale: 1.0, pcgrad_conflicts: 0/0
2026-07-04 01:56:13.847 | INFO     | __main__:<module>:917 - lr:0.1 weight_nat: 0.2590297809645569, nat_loss: 0.010530785657465458, weight_adv: 0.740970219035443, adv_loss: 0.021194826811552048 weight-klloss3 0.08174 Loss3: 0.018919067457318306 clean_ce: 0.13893760740756989, adv_ce: 1.121248722076416, adv_margin: 0.5003362894058228, clean_gate: 0.5683816075325012, teacher_margin: 0.42303067445755005, teacher_margin_gate: 0.664527952671051, teacher_clean_gate: 1.0, teacher_adv_gate: 1.0, tm_grad_cos: 0.7744150161743164, tm_scale: 1.0, tm_ps_scale: 1.0, pcgrad_conflicts: 0/0
2026-07-04 01:56:50.812 | INFO     | __main__:<module>:917 - lr:0.1 weight_nat: 0.250841893608361, nat_loss: 0.01025922317057848, weight_adv: 0.749158106391639, adv_loss: 0.02641642466187477 weight-klloss3 0.08174 Loss3: 0.04374295473098755 clean_ce: 0.13394972681999207, adv_ce: 1.2712945938110352, adv_margin: 0.6355026364326477, clean_gate: 0.5308224558830261, teacher_margin: 0.599723219871521, teacher_margin_gate: 0.697638750076294, teacher_clean_gate: 1.0, teacher_adv_gate: 1.0, tm_grad_cos: 0.8001103401184082, tm_scale: 1.0, tm_ps_scale: 1.0, pcgrad_conflicts: 0/0
2026-07-04 01:57:27.764 | INFO     | __main__:<module>:917 - lr:0.1 weight_nat: 0.25232082838954367, nat_loss: 0.01014959067106247, weight_adv: 0.7476791716104564, adv_loss: 0.024232037365436554 weight-klloss3 0.08174 Loss3: 0.042331844568252563 clean_ce: 0.13506273925304413, adv_ce: 1.3553470373153687, adv_margin: 0.6976427435874939, clean_gate: 0.507185697555542, teacher_margin: 0.5211985111236572, teacher_margin_gate: 0.6337795257568359, teacher_clean_gate: 1.0, teacher_adv_gate: 1.0, tm_grad_cos: 0.790861964225769, tm_scale: 1.0, tm_ps_scale: 1.0, pcgrad_conflicts: 0/0
2026-07-04 01:58:00.867 | INFO     | __main__:<module>:482 - the 103th epoch 
2026-07-04 01:58:01.283 | INFO     | __main__:<module>:917 - lr:0.1 weight_nat: 0.2539100302782767, nat_loss: 0.009960072115063667, weight_adv: 0.7460899697217233, adv_loss: 0.020304158329963684 weight-klloss3 0.08174 Loss3: 0.029832573607563972 clean_ce: 0.15135842561721802, adv_ce: 1.1329309940338135, adv_margin: 0.4815875291824341, clean_gate: 0.5795466899871826, teacher_margin: 0.418331503868103, teacher_margin_gate: 0.6719864010810852, teacher_clean_gate: 1.0, teacher_adv_gate: 1.0, tm_grad_cos: 0.7503112554550171, tm_scale: 1.0, tm_ps_scale: 1.0, pcgrad_conflicts: 0/0
2026-07-04 01:58:38.245 | INFO     | __main__:<module>:917 - lr:0.1 weight_nat: 0.25738188734435347, nat_loss: 0.011798037216067314, weight_adv: 0.7426181126556465, adv_loss: 0.018953870981931686 weight-klloss3 0.08174 Loss3: 0.04151255637407303 clean_ce: 0.14364159107208252, adv_ce: 1.1998356580734253, adv_margin: 0.5626893639564514, clean_gate: 0.5454187989234924, teacher_margin: 0.4708731770515442, teacher_margin_gate: 0.6585180759429932, teacher_clean_gate: 1.0, teacher_adv_gate: 1.0, tm_grad_cos: 0.748633861541748, tm_scale: 1.0, tm_ps_scale: 1.0, pcgrad_conflicts: 0/0
2026-07-04 01:59:15.192 | INFO     | __main__:<module>:917 - lr:0.1 weight_nat: 0.2632962114913576, nat_loss: 0.011505662463605404, weight_adv: 0.7367037885086424, adv_loss: 0.021395213901996613 weight-klloss3 0.08174 Loss3: 0.04405469819903374 clean_ce: 0.14921517670154572, adv_ce: 1.139272928237915, adv_margin: 0.5158817172050476, clean_gate: 0.5635464787483215, teacher_margin: 0.5609403848648071, teacher_margin_gate: 0.7232553958892822, teacher_clean_gate: 1.0, teacher_adv_gate: 1.0, tm_grad_cos: 0.7950342893600464, tm_scale: 1.0, tm_ps_scale: 1.0, pcgrad_conflicts: 0/0
2026-07-04 01:59:52.161 | INFO     | __main__:<module>:917 - lr:0.1 weight_nat: 0.25705064241777104, nat_loss: 0.011124505661427975, weight_adv: 0.7429493575822289, adv_loss: 0.01777409203350544 weight-klloss3 0.08174 Loss3: 0.02297075465321541 clean_ce: 0.1455710530281067, adv_ce: 1.1674505472183228, adv_margin: 0.578467607498169, clean_gate: 0.5953031778335571, teacher_margin: 0.38692206144332886, teacher_margin_gate: 0.6792780756950378, teacher_clean_gate: 1.0, teacher_adv_gate: 1.0, tm_grad_cos: 0.7477266192436218, tm_scale: 1.0, tm_ps_scale: 1.0, pcgrad_conflicts: 0/0
2026-07-04 02:00:25.250 | INFO     | __main__:<module>:482 - the 104th epoch 
2026-07-04 02:00:25.666 | INFO     | __main__:<module>:917 - lr:0.1 weight_nat: 0.26565622383257287, nat_loss: 0.01662386767566204, weight_adv: 0.7343437761674272, adv_loss: 0.023955579847097397 weight-klloss3 0.08174 Loss3: 0.040045998990535736 clean_ce: 0.12093542516231537, adv_ce: 1.2523431777954102, adv_margin: 0.5990013480186462, clean_gate: 0.517907977104187, teacher_margin: 0.5932896137237549, teacher_margin_gate: 0.6847437620162964, teacher_clean_gate: 1.0, teacher_adv_gate: 1.0, tm_grad_cos: 0.8218546509742737, tm_scale: 1.0, tm_ps_scale: 1.0, pcgrad_conflicts: 0/0
2026-07-04 02:01:02.633 | INFO     | __main__:<module>:917 - lr:0.1 weight_nat: 0.2693893848304153, nat_loss: 0.010293635539710522, weight_adv: 0.7306106151695848, adv_loss: 0.01635865494608879 weight-klloss3 0.08174 Loss3: 0.027472862973809242 clean_ce: 0.1621001660823822, adv_ce: 1.09518563747406, adv_margin: 0.4952792823314667, clean_gate: 0.5717060565948486, teacher_margin: 0.4020020365715027, teacher_margin_gate: 0.6662524938583374, teacher_clean_gate: 1.0, teacher_adv_gate: 1.0, tm_grad_cos: 0.8041024208068848, tm_scale: 1.0, tm_ps_scale: 1.0, pcgrad_conflicts: 0/0
2026-07-04 02:01:39.603 | INFO     | __main__:<module>:917 - lr:0.1 weight_nat: 0.258815220737025, nat_loss: 0.011214898899197578, weight_adv: 0.7411847792629751, adv_loss: 0.02967481128871441 weight-klloss3 0.08174 Loss3: 0.04927559196949005 clean_ce: 0.12825551629066467, adv_ce: 1.1841360330581665, adv_margin: 0.6159418225288391, clean_gate: 0.5318844318389893, teacher_margin: 0.6636927127838135, teacher_margin_gate: 0.7138639688491821, teacher_clean_gate: 1.0, teacher_adv_gate: 1.0, tm_grad_cos: 0.8343368768692017, tm_scale: 1.0, tm_ps_scale: 1.0, pcgrad_conflicts: 0/0
2026-07-04 02:02:16.604 | INFO     | __main__:<module>:917 - lr:0.1 weight_nat: 0.25356231909445826, nat_loss: 0.010917712934315205, weight_adv: 0.7464376809055417, adv_loss: 0.025280294939875603 weight-klloss3 0.08174 Loss3: 0.02871505543589592 clean_ce: 0.1399410218000412, adv_ce: 1.2245362997055054, adv_margin: 0.5790427327156067, clean_gate: 0.5507466793060303, teacher_margin: 0.5247671008110046, teacher_margin_gate: 0.6954156160354614, teacher_clean_gate: 1.0, teacher_adv_gate: 1.0, tm_grad_cos: 0.7610381841659546, tm_scale: 1.0, tm_ps_scale: 1.0, pcgrad_conflicts: 0/0
2026-07-04 02:02:49.701 | INFO     | __main__:<module>:482 - the 105th epoch 
2026-07-04 02:02:50.117 | INFO     | __main__:<module>:917 - lr:0.1 weight_nat: 0.25288657240614554, nat_loss: 0.010908487252891064, weight_adv: 0.7471134275938545, adv_loss: 0.024297449737787247 weight-klloss3 0.08174 Loss3: 0.04195035994052887 clean_ce: 0.13637441396713257, adv_ce: 1.1676068305969238, adv_margin: 0.5992406606674194, clean_gate: 0.564455509185791, teacher_margin: 0.5128697752952576, teacher_margin_gate: 0.7040750980377197, teacher_clean_gate: 1.0, teacher_adv_gate: 1.0, tm_grad_cos: 0.7912919521331787, tm_scale: 1.0, tm_ps_scale: 1.0, pcgrad_conflicts: 0/0
2026-07-04 02:03:27.017 | INFO     | __main__:<module>:917 - lr:0.1 weight_nat: 0.25724986220018764, nat_loss: 0.01619122177362442, weight_adv: 0.7427501377998124, adv_loss: 0.02608785405755043 weight-klloss3 0.08174 Loss3: 0.03253563493490219 clean_ce: 0.1444547176361084, adv_ce: 1.2869428396224976, adv_margin: 0.6175168752670288, clean_gate: 0.5103554725646973, teacher_margin: 0.5853160619735718, teacher_margin_gate: 0.664890706539154, teacher_clean_gate: 1.0, teacher_adv_gate: 1.0, tm_grad_cos: 0.8088438510894775, tm_scale: 1.0, tm_ps_scale: 1.0, pcgrad_conflicts: 0/0
2026-07-04 02:04:03.932 | INFO     | __main__:<module>:917 - lr:0.1 weight_nat: 0.25552486124459795, nat_loss: 0.012397960759699345, weight_adv: 0.744475138755402, adv_loss: 0.02424703910946846 weight-klloss3 0.08174 Loss3: 0.04334867000579834 clean_ce: 0.1269720196723938, adv_ce: 1.3233758211135864, adv_margin: 0.6534656882286072, clean_gate: 0.4968832731246948, teacher_margin: 0.5633166432380676, teacher_margin_gate: 0.6442608833312988, teacher_clean_gate: 1.0, teacher_adv_gate: 1.0, tm_grad_cos: 0.7739154696464539, tm_scale: 1.0, tm_ps_scale: 1.0, pcgrad_conflicts: 0/0
2026-07-04 02:04:40.853 | INFO     | __main__:<module>:917 - lr:0.1 weight_nat: 0.2599412162251844, nat_loss: 0.010523875243961811, weight_adv: 0.7400587837748156, adv_loss: 0.023966806009411812 weight-klloss3 0.08174 Loss3: 0.04327302426099777 clean_ce: 0.14493964612483978, adv_ce: 1.1218167543411255, adv_margin: 0.5640837550163269, clean_gate: 0.5663905739784241, teacher_margin: 0.5513014793395996, teacher_margin_gate: 0.7043406963348389, teacher_clean_gate: 1.0, teacher_adv_gate: 1.0, tm_grad_cos: 0.7922866344451904, tm_scale: 1.0, tm_ps_scale: 1.0, pcgrad_conflicts: 0/0
2026-07-04 02:05:13.898 | INFO     | __main__:<module>:482 - the 106th epoch 
2026-07-04 02:05:14.314 | INFO     | __main__:<module>:917 - lr:0.1 weight_nat: 0.2578207932526514, nat_loss: 0.011863455176353455, weight_adv: 0.7421792067473486, adv_loss: 0.024425465613603592 weight-klloss3 0.08174 Loss3: 0.03563511371612549 clean_ce: 0.14670433104038239, adv_ce: 1.0975340604782104, adv_margin: 0.5232654809951782, clean_gate: 0.58403080701828, teacher_margin: 0.5176600217819214, teacher_margin_gate: 0.716619074344635, teacher_clean_gate: 1.0, teacher_adv_gate: 1.0, tm_grad_cos: 0.8088138699531555, tm_scale: 1.0, tm_ps_scale: 1.0, pcgrad_conflicts: 0/0
2026-07-04 02:05:51.207 | INFO     | __main__:<module>:917 - lr:0.1 weight_nat: 0.2624169039025845, nat_loss: 0.011739037930965424, weight_adv: 0.7375830960974155, adv_loss: 0.024105429649353027 weight-klloss3 0.08174 Loss3: 0.02676011435687542 clean_ce: 0.1495620310306549, adv_ce: 1.127221941947937, adv_margin: 0.5148104429244995, clean_gate: 0.5868955850601196, teacher_margin: 0.5326834321022034, teacher_margin_gate: 0.7315492630004883, teacher_clean_gate: 1.0, teacher_adv_gate: 1.0, tm_grad_cos: 0.7795454859733582, tm_scale: 1.0, tm_ps_scale: 1.0, pcgrad_conflicts: 0/0
2026-07-04 02:06:28.215 | INFO     | __main__:<module>:917 - lr:0.1 weight_nat: 0.2540875052104893, nat_loss: 0.011745799332857132, weight_adv: 0.7459124947895107, adv_loss: 0.01979522779583931 weight-klloss3 0.08174 Loss3: 0.03252873197197914 clean_ce: 0.15100020170211792, adv_ce: 1.122509479522705, adv_margin: 0.4991324543952942, clean_gate: 0.5742859840393066, teacher_margin: 0.4626295864582062, teacher_margin_gate: 0.6840276718139648, teacher_clean_gate: 1.0, teacher_adv_gate: 1.0, tm_grad_cos: 0.7534346580505371, tm_scale: 1.0, tm_ps_scale: 1.0, pcgrad_conflicts: 0/0
2026-07-04 02:07:05.449 | INFO     | __main__:<module>:917 - lr:0.1 weight_nat: 0.2535482669058731, nat_loss: 0.010484836995601654, weight_adv: 0.7464517330941269, adv_loss: 0.021890196949243546 weight-klloss3 0.08174 Loss3: 0.038492560386657715 clean_ce: 0.1390564739704132, adv_ce: 1.205247163772583, adv_margin: 0.5572131872177124, clean_gate: 0.5455717444419861, teacher_margin: 0.51517254114151, teacher_margin_gate: 0.6910384297370911, teacher_clean_gate: 1.0, teacher_adv_gate: 1.0, tm_grad_cos: 0.8003456592559814, tm_scale: 1.0, tm_ps_scale: 1.0, pcgrad_conflicts: 0/0
2026-07-04 02:07:38.807 | INFO     | __main__:<module>:482 - the 107th epoch 
2026-07-04 02:07:39.224 | INFO     | __main__:<module>:917 - lr:0.1 weight_nat: 0.244946553443471, nat_loss: 0.008708357810974121, weight_adv: 0.7550534465565291, adv_loss: 0.022121308371424675 weight-klloss3 0.08174 Loss3: 0.03336089476943016 clean_ce: 0.15111055970191956, adv_ce: 1.0979886054992676, adv_margin: 0.48306670784950256, clean_gate: 0.5839791893959045, teacher_margin: 0.5297655463218689, teacher_margin_gate: 0.7347820997238159, teacher_clean_gate: 1.0, teacher_adv_gate: 1.0, tm_grad_cos: 0.8104966282844543, tm_scale: 1.0, tm_ps_scale: 1.0, pcgrad_conflicts: 0/0
2026-07-04 02:08:16.460 | INFO     | __main__:<module>:917 - lr:0.1 weight_nat: 0.25734269311083807, nat_loss: 0.011056797578930855, weight_adv: 0.742657306889162, adv_loss: 0.02053103782236576 weight-klloss3 0.08174 Loss3: 0.040220145136117935 clean_ce: 0.14357201755046844, adv_ce: 1.1018933057785034, adv_margin: 0.47539979219436646, clean_gate: 0.5915729999542236, teacher_margin: 0.53345787525177, teacher_margin_gate: 0.7352709174156189, teacher_clean_gate: 1.0, teacher_adv_gate: 1.0, tm_grad_cos: 0.7948758006095886, tm_scale: 1.0, tm_ps_scale: 1.0, pcgrad_conflicts: 0/0
2026-07-04 02:08:53.697 | INFO     | __main__:<module>:917 - lr:0.1 weight_nat: 0.2492541563535431, nat_loss: 0.011831640265882015, weight_adv: 0.7507458436464569, adv_loss: 0.028896814212203026 weight-klloss3 0.08174 Loss3: 0.032404445111751556 clean_ce: 0.14713658392429352, adv_ce: 1.181720495223999, adv_margin: 0.5501418709754944, clean_gate: 0.5600829720497131, teacher_margin: 0.679458737373352, teacher_margin_gate: 0.7322728633880615, teacher_clean_gate: 1.0, teacher_adv_gate: 1.0, tm_grad_cos: 0.807608962059021, tm_scale: 1.0, tm_ps_scale: 1.0, pcgrad_conflicts: 0/0
2026-07-04 02:09:30.891 | INFO     | __main__:<module>:917 - lr:0.1 weight_nat: 0.25451373623602447, nat_loss: 0.014076235704123974, weight_adv: 0.7454862637639756, adv_loss: 0.021056730300188065 weight-klloss3 0.08174 Loss3: 0.032254889607429504 clean_ce: 0.15039053559303284, adv_ce: 1.1686375141143799, adv_margin: 0.5394095778465271, clean_gate: 0.5676014423370361, teacher_margin: 0.47535350918769836, teacher_margin_gate: 0.6842710971832275, teacher_clean_gate: 1.0, teacher_adv_gate: 1.0, tm_grad_cos: 0.8032433986663818, tm_scale: 1.0, tm_ps_scale: 1.0, pcgrad_conflicts: 0/0
2026-07-04 02:10:03.913 | INFO     | __main__:<module>:482 - the 108th epoch 
2026-07-04 02:10:04.329 | INFO     | __main__:<module>:917 - lr:0.1 weight_nat: 0.25556021189460615, nat_loss: 0.00951688177883625, weight_adv: 0.7444397881053939, adv_loss: 0.021233953535556793 weight-klloss3 0.08174 Loss3: 0.035119861364364624 clean_ce: 0.16790010035037994, adv_ce: 1.1539655923843384, adv_margin: 0.50601726770401, clean_gate: 0.5752552151679993, teacher_margin: 0.47383809089660645, teacher_margin_gate: 0.6811261177062988, teacher_clean_gate: 1.0, teacher_adv_gate: 1.0, tm_grad_cos: 0.7917654514312744, tm_scale: 1.0, tm_ps_scale: 1.0, pcgrad_conflicts: 0/0
2026-07-04 02:10:41.189 | INFO     | __main__:<module>:917 - lr:0.1 weight_nat: 0.2513170961068496, nat_loss: 0.011864661239087582, weight_adv: 0.7486829038931505, adv_loss: 0.021571088582277298 weight-klloss3 0.08174 Loss3: 0.033367425203323364 clean_ce: 0.1636267602443695, adv_ce: 1.1989295482635498, adv_margin: 0.5915000438690186, clean_gate: 0.569442093372345, teacher_margin: 0.4536534249782562, teacher_margin_gate: 0.6904547214508057, teacher_clean_gate: 1.0, teacher_adv_gate: 1.0, tm_grad_cos: 0.7855480909347534, tm_scale: 1.0, tm_ps_scale: 1.0, pcgrad_conflicts: 0/0
2026-07-04 02:11:18.054 | INFO     | __main__:<module>:917 - lr:0.1 weight_nat: 0.2564785340229435, nat_loss: 0.01267917174845934, weight_adv: 0.7435214659770565, adv_loss: 0.02664664201438427 weight-klloss3 0.08174 Loss3: 0.040177203714847565 clean_ce: 0.1543646603822708, adv_ce: 1.2299551963806152, adv_margin: 0.6050821542739868, clean_gate: 0.5621230602264404, teacher_margin: 0.5456616282463074, teacher_margin_gate: 0.6930983662605286, teacher_clean_gate: 1.0, teacher_adv_gate: 1.0, tm_grad_cos: 0.7694883346557617, tm_scale: 1.0, tm_ps_scale: 1.0, pcgrad_conflicts: 0/0
2026-07-04 02:11:54.932 | INFO     | __main__:<module>:917 - lr:0.1 weight_nat: 0.25370583471934827, nat_loss: 0.011164051480591297, weight_adv: 0.7462941652806517, adv_loss: 0.03974895179271698 weight-klloss3 0.08174 Loss3: 0.03951410949230194 clean_ce: 0.11433088779449463, adv_ce: 1.4883322715759277, adv_margin: 0.9405642747879028, clean_gate: 0.4790396988391876, teacher_margin: 0.736264705657959, teacher_margin_gate: 0.6957142353057861, teacher_clean_gate: 1.0, teacher_adv_gate: 1.0, tm_grad_cos: 0.7925713062286377, tm_scale: 1.0, tm_ps_scale: 1.0, pcgrad_conflicts: 0/0
2026-07-04 02:12:27.957 | INFO     | __main__:<module>:482 - the 109th epoch 
2026-07-04 02:12:28.372 | INFO     | __main__:<module>:917 - lr:0.1 weight_nat: 0.25436266198251717, nat_loss: 0.010806209407746792, weight_adv: 0.7456373380174828, adv_loss: 0.019568385556340218 weight-klloss3 0.08174 Loss3: 0.03668157756328583 clean_ce: 0.1481456160545349, adv_ce: 1.0920617580413818, adv_margin: 0.47472283244132996, clean_gate: 0.5812127590179443, teacher_margin: 0.43513697385787964, teacher_margin_gate: 0.6899385452270508, teacher_clean_gate: 1.0, teacher_adv_gate: 1.0, tm_grad_cos: 0.7858368754386902, tm_scale: 1.0, tm_ps_scale: 1.0, pcgrad_conflicts: 0/0
2026-07-04 02:13:05.273 | INFO     | __main__:<module>:917 - lr:0.1 weight_nat: 0.2669265162031351, nat_loss: 0.014165505766868591, weight_adv: 0.733073483796865, adv_loss: 0.02254253253340721 weight-klloss3 0.08174 Loss3: 0.03718085587024689 clean_ce: 0.12986743450164795, adv_ce: 1.2792093753814697, adv_margin: 0.6770172119140625, clean_gate: 0.5510633587837219, teacher_margin: 0.48687371611595154, teacher_margin_gate: 0.688636839389801, teacher_clean_gate: 1.0, teacher_adv_gate: 1.0, tm_grad_cos: 0.7828457355499268, tm_scale: 1.0, tm_ps_scale: 1.0, pcgrad_conflicts: 0/0
2026-07-04 02:13:42.186 | INFO     | __main__:<module>:917 - lr:0.1 weight_nat: 0.25390193690580576, nat_loss: 0.010081269778311253, weight_adv: 0.7460980630941942, adv_loss: 0.028737284243106842 weight-klloss3 0.08174 Loss3: 0.04615514352917671 clean_ce: 0.14544886350631714, adv_ce: 1.2010694742202759, adv_margin: 0.5533252358436584, clean_gate: 0.5374999046325684, teacher_margin: 0.6737659573554993, teacher_margin_gate: 0.715822696685791, teacher_clean_gate: 1.0, teacher_adv_gate: 1.0, tm_grad_cos: 0.8132027387619019, tm_scale: 1.0, tm_ps_scale: 1.0, pcgrad_conflicts: 0/0
2026-07-04 02:14:19.125 | INFO     | __main__:<module>:917 - lr:0.1 weight_nat: 0.24950464782473047, nat_loss: 0.010265731252729893, weight_adv: 0.7504953521752694, adv_loss: 0.02145404741168022 weight-klloss3 0.08174 Loss3: 0.036928050220012665 clean_ce: 0.14750784635543823, adv_ce: 1.0892150402069092, adv_margin: 0.45431673526763916, clean_gate: 0.5901414155960083, teacher_margin: 0.48517757654190063, teacher_margin_gate: 0.7188150882720947, teacher_clean_gate: 1.0, teacher_adv_gate: 1.0, tm_grad_cos: 0.7850444912910461, tm_scale: 1.0, tm_ps_scale: 1.0, pcgrad_conflicts: 0/0
2026-07-04 02:14:52.204 | INFO     | __main__:<module>:482 - the 110th epoch 
2026-07-04 02:14:52.620 | INFO     | __main__:<module>:917 - lr:0.1 weight_nat: 0.254462933506648, nat_loss: 0.012014730833470821, weight_adv: 0.745537066493352, adv_loss: 0.02188512310385704 weight-klloss3 0.08174 Loss3: 0.0336000956594944 clean_ce: 0.17090857028961182, adv_ce: 1.1193883419036865, adv_margin: 0.47802066802978516, clean_gate: 0.578441858291626, teacher_margin: 0.47864559292793274, teacher_margin_gate: 0.6891041994094849, teacher_clean_gate: 1.0, teacher_adv_gate: 1.0, tm_grad_cos: 0.7652237415313721, tm_scale: 1.0, tm_ps_scale: 1.0, pcgrad_conflicts: 0/0
2026-07-04 02:15:29.541 | INFO     | __main__:<module>:917 - lr:0.1 weight_nat: 0.2526663068545413, nat_loss: 0.009416826069355011, weight_adv: 0.7473336931454587, adv_loss: 0.0218040831387043 weight-klloss3 0.08174 Loss3: 0.03242975473403931 clean_ce: 0.15534768998622894, adv_ce: 1.1062610149383545, adv_margin: 0.45149052143096924, clean_gate: 0.582886815071106, teacher_margin: 0.5221012830734253, teacher_margin_gate: 0.711256742477417, teacher_clean_gate: 1.0, teacher_adv_gate: 1.0, tm_grad_cos: 0.8090940713882446, tm_scale: 1.0, tm_ps_scale: 1.0, pcgrad_conflicts: 0/0
2026-07-04 02:16:06.452 | INFO     | __main__:<module>:917 - lr:0.1 weight_nat: 0.2540789510578095, nat_loss: 0.01079427171498537, weight_adv: 0.7459210489421906, adv_loss: 0.02229824662208557 weight-klloss3 0.08174 Loss3: 0.026444101706147194 clean_ce: 0.13007554411888123, adv_ce: 1.2141004800796509, adv_margin: 0.6004173755645752, clean_gate: 0.5353778600692749, teacher_margin: 0.4959525465965271, teacher_margin_gate: 0.6517607569694519, teacher_clean_gate: 1.0, teacher_adv_gate: 1.0, tm_grad_cos: 0.787397563457489, tm_scale: 1.0, tm_ps_scale: 1.0, pcgrad_conflicts: 0/0
2026-07-04 02:16:43.344 | INFO     | __main__:<module>:917 - lr:0.1 weight_nat: 0.26053418296116193, nat_loss: 0.013063616119325161, weight_adv: 0.7394658170388381, adv_loss: 0.025686929002404213 weight-klloss3 0.08174 Loss3: 0.025141682475805283 clean_ce: 0.13273552060127258, adv_ce: 1.2405452728271484, adv_margin: 0.5848240852355957, clean_gate: 0.5345147848129272, teacher_margin: 0.5532378554344177, teacher_margin_gate: 0.6739217638969421, teacher_clean_gate: 1.0, teacher_adv_gate: 1.0, tm_grad_cos: 0.7996373772621155, tm_scale: 1.0, tm_ps_scale: 1.0, pcgrad_conflicts: 0/0
2026-07-04 02:17:34.365 | INFO     | __main__:<module>:974 - student robust acc 0.5189, teacher robust acc 0.6684, nat teacher robust acc 0.5289
2026-07-04 02:17:40.013 | INFO     | __main__:<module>:1058 - best accuracy:0.7031000000000001
2026-07-04 02:17:40.013 | INFO     | __main__:<module>:1061 - student natural acc 0.8873, adv teacher natural acc 0.8720, nat teacher natural acc 0.9318
2026-07-04 02:17:40.015 | INFO     | __main__:<module>:482 - the 111th epoch 
2026-07-04 02:17:40.405 | INFO     | __main__:<module>:917 - lr:0.1 weight_nat: 0.24790185815306354, nat_loss: 0.007773999124765396, weight_adv: 0.7520981418469365, adv_loss: 0.021427076309919357 weight-klloss3 0.08174 Loss3: 0.041547007858753204 clean_ce: 0.15079200267791748, adv_ce: 1.041583776473999, adv_margin: 0.36273372173309326, clean_gate: 0.5970702171325684, teacher_margin: 0.54537034034729, teacher_margin_gate: 0.7389174699783325, teacher_clean_gate: 1.0, teacher_adv_gate: 1.0, tm_grad_cos: 0.8157568573951721, tm_scale: 1.0, tm_ps_scale: 1.0, pcgrad_conflicts: 0/0
2026-07-04 02:18:17.335 | INFO     | __main__:<module>:917 - lr:0.1 weight_nat: 0.26258926077763556, nat_loss: 0.014782293699681759, weight_adv: 0.7374107392223644, adv_loss: 0.021896203979849815 weight-klloss3 0.08174 Loss3: 0.03990975394845009 clean_ce: 0.14618909358978271, adv_ce: 1.1740241050720215, adv_margin: 0.563460111618042, clean_gate: 0.5641446113586426, teacher_margin: 0.48711469769477844, teacher_margin_gate: 0.6801744103431702, teacher_clean_gate: 1.0, teacher_adv_gate: 1.0, tm_grad_cos: 0.783634603023529, tm_scale: 1.0, tm_ps_scale: 1.0, pcgrad_conflicts: 0/0
2026-07-04 02:18:54.264 | INFO     | __main__:<module>:917 - lr:0.1 weight_nat: 0.26009679846290407, nat_loss: 0.010139751248061657, weight_adv: 0.739903201537096, adv_loss: 0.023119594901800156 weight-klloss3 0.08174 Loss3: 0.033477649092674255 clean_ce: 0.1332463175058365, adv_ce: 1.1985304355621338, adv_margin: 0.6133019924163818, clean_gate: 0.5229860544204712, teacher_margin: 0.5617678165435791, teacher_margin_gate: 0.682522714138031, teacher_clean_gate: 1.0, teacher_adv_gate: 1.0, tm_grad_cos: 0.8066865801811218, tm_scale: 1.0, tm_ps_scale: 1.0, pcgrad_conflicts: 0/0
2026-07-04 02:19:31.233 | INFO     | __main__:<module>:917 - lr:0.1 weight_nat: 0.2554810210439233, nat_loss: 0.012067875824868679, weight_adv: 0.7445189789560767, adv_loss: 0.02279532700777054 weight-klloss3 0.08174 Loss3: 0.034054212272167206 clean_ce: 0.15751659870147705, adv_ce: 1.0881372690200806, adv_margin: 0.43506163358688354, clean_gate: 0.5765433311462402, teacher_margin: 0.536431074142456, teacher_margin_gate: 0.7218390703201294, teacher_clean_gate: 1.0, teacher_adv_gate: 1.0, tm_grad_cos: 0.7859276533126831, tm_scale: 1.0, tm_ps_scale: 1.0, pcgrad_conflicts: 0/0
2026-07-04 02:20:04.311 | INFO     | __main__:<module>:482 - the 112th epoch 
2026-07-04 02:20:04.727 | INFO     | __main__:<module>:917 - lr:0.1 weight_nat: 0.2511003614613711, nat_loss: 0.008328366093337536, weight_adv: 0.7488996385386288, adv_loss: 0.019195467233657837 weight-klloss3 0.08174 Loss3: 0.0417175218462944 clean_ce: 0.13252145051956177, adv_ce: 1.1143312454223633, adv_margin: 0.5590171813964844, clean_gate: 0.5888442993164062, teacher_margin: 0.4132986068725586, teacher_margin_gate: 0.6904177665710449, teacher_clean_gate: 1.0, teacher_adv_gate: 1.0, tm_grad_cos: 0.7540545463562012, tm_scale: 1.0, tm_ps_scale: 1.0, pcgrad_conflicts: 0/0
2026-07-04 02:20:41.620 | INFO     | __main__:<module>:917 - lr:0.1 weight_nat: 0.24754342617490555, nat_loss: 0.010097078047692776, weight_adv: 0.7524565738250946, adv_loss: 0.023954760283231735 weight-klloss3 0.08174 Loss3: 0.03566072881221771 clean_ce: 0.1449355185031891, adv_ce: 1.1320360898971558, adv_margin: 0.515282154083252, clean_gate: 0.5613057613372803, teacher_margin: 0.5526943206787109, teacher_margin_gate: 0.7147525548934937, teacher_clean_gate: 1.0, teacher_adv_gate: 1.0, tm_grad_cos: 0.7871797680854797, tm_scale: 1.0, tm_ps_scale: 1.0, pcgrad_conflicts: 0/0
2026-07-04 02:21:18.722 | INFO     | __main__:<module>:917 - lr:0.1 weight_nat: 0.2550982954089815, nat_loss: 0.011145906522870064, weight_adv: 0.7449017045910186, adv_loss: 0.022125244140625 weight-klloss3 0.08174 Loss3: 0.034455347806215286 clean_ce: 0.16473905742168427, adv_ce: 1.0636955499649048, adv_margin: 0.3824714720249176, clean_gate: 0.5860885977745056, teacher_margin: 0.526100218296051, teacher_margin_gate: 0.7061440944671631, teacher_clean_gate: 1.0, teacher_adv_gate: 1.0, tm_grad_cos: 0.8016379475593567, tm_scale: 1.0, tm_ps_scale: 1.0, pcgrad_conflicts: 0/0
2026-07-04 02:21:55.983 | INFO     | __main__:<module>:917 - lr:0.1 weight_nat: 0.24966799149140265, nat_loss: 0.009738821536302567, weight_adv: 0.7503320085085974, adv_loss: 0.026152921840548515 weight-klloss3 0.08174 Loss3: 0.03907960653305054 clean_ce: 0.13164249062538147, adv_ce: 1.1818405389785767, adv_margin: 0.6002222299575806, clean_gate: 0.5339678525924683, teacher_margin: 0.6448686122894287, teacher_margin_gate: 0.7254915237426758, teacher_clean_gate: 1.0, teacher_adv_gate: 1.0, tm_grad_cos: 0.8338409662246704, tm_scale: 1.0, tm_ps_scale: 1.0, pcgrad_conflicts: 0/0
2026-07-04 02:22:29.344 | INFO     | __main__:<module>:482 - the 113th epoch 
2026-07-04 02:22:29.761 | INFO     | __main__:<module>:917 - lr:0.1 weight_nat: 0.2624902547244826, nat_loss: 0.010069512762129307, weight_adv: 0.7375097452755174, adv_loss: 0.018775831907987595 weight-klloss3 0.08174 Loss3: 0.030924636870622635 clean_ce: 0.15760961174964905, adv_ce: 1.0018819570541382, adv_margin: 0.4040799140930176, clean_gate: 0.6151705384254456, teacher_margin: 0.4730082154273987, teacher_margin_gate: 0.7351498603820801, teacher_clean_gate: 1.0, teacher_adv_gate: 1.0, tm_grad_cos: 0.7954352498054504, tm_scale: 1.0, tm_ps_scale: 1.0, pcgrad_conflicts: 0/0
2026-07-04 02:23:07.006 | INFO     | __main__:<module>:917 - lr:0.1 weight_nat: 0.25907904642610596, nat_loss: 0.01862936094403267, weight_adv: 0.740920953573894, adv_loss: 0.020472487434744835 weight-klloss3 0.08174 Loss3: 0.025166675448417664 clean_ce: 0.14400094747543335, adv_ce: 1.111287236213684, adv_margin: 0.4885684847831726, clean_gate: 0.5753295421600342, teacher_margin: 0.4723880887031555, teacher_margin_gate: 0.708346962928772, teacher_clean_gate: 1.0, teacher_adv_gate: 1.0, tm_grad_cos: 0.7891743183135986, tm_scale: 1.0, tm_ps_scale: 1.0, pcgrad_conflicts: 0/0
2026-07-04 02:23:44.279 | INFO     | __main__:<module>:917 - lr:0.1 weight_nat: 0.2542702778182313, nat_loss: 0.0128543172031641, weight_adv: 0.7457297221817687, adv_loss: 0.022560833021998405 weight-klloss3 0.08174 Loss3: 0.03926703333854675 clean_ce: 0.1317259669303894, adv_ce: 1.2260080575942993, adv_margin: 0.6078043580055237, clean_gate: 0.531008780002594, teacher_margin: 0.5604473948478699, teacher_margin_gate: 0.6784725785255432, teacher_clean_gate: 1.0, teacher_adv_gate: 1.0, tm_grad_cos: 0.8151006698608398, tm_scale: 1.0, tm_ps_scale: 1.0, pcgrad_conflicts: 0/0
2026-07-04 02:24:21.380 | INFO     | __main__:<module>:917 - lr:0.1 weight_nat: 0.262056997487545, nat_loss: 0.0116383982822299, weight_adv: 0.7379430025124549, adv_loss: 0.025714555755257607 weight-klloss3 0.08174 Loss3: 0.03540908917784691 clean_ce: 0.15346994996070862, adv_ce: 1.0932868719100952, adv_margin: 0.48357483744621277, clean_gate: 0.5802825093269348, teacher_margin: 0.565421998500824, teacher_margin_gate: 0.7411146759986877, teacher_clean_gate: 1.0, teacher_adv_gate: 1.0, tm_grad_cos: 0.7927278876304626, tm_scale: 1.0, tm_ps_scale: 1.0, pcgrad_conflicts: 0/0
2026-07-04 02:24:54.431 | INFO     | __main__:<module>:482 - the 114th epoch 
2026-07-04 02:24:54.847 | INFO     | __main__:<module>:917 - lr:0.1 weight_nat: 0.24987857273937372, nat_loss: 0.010785060934722424, weight_adv: 0.7501214272606261, adv_loss: 0.02500012516975403 weight-klloss3 0.08174 Loss3: 0.03520815819501877 clean_ce: 0.13829082250595093, adv_ce: 1.2531832456588745, adv_margin: 0.6635003089904785, clean_gate: 0.5464816093444824, teacher_margin: 0.4825148582458496, teacher_margin_gate: 0.6547112464904785, teacher_clean_gate: 1.0, teacher_adv_gate: 1.0, tm_grad_cos: 0.757988691329956, tm_scale: 1.0, tm_ps_scale: 1.0, pcgrad_conflicts: 0/0
2026-07-04 02:25:31.762 | INFO     | __main__:<module>:917 - lr:0.1 weight_nat: 0.2629758283895922, nat_loss: 0.011073931120336056, weight_adv: 0.7370241716104078, adv_loss: 0.01728193461894989 weight-klloss3 0.08174 Loss3: 0.03710756450891495 clean_ce: 0.15831121802330017, adv_ce: 1.1353305578231812, adv_margin: 0.5123500227928162, clean_gate: 0.5688990354537964, teacher_margin: 0.46648892760276794, teacher_margin_gate: 0.6957269906997681, teacher_clean_gate: 1.0, teacher_adv_gate: 1.0, tm_grad_cos: 0.8070493340492249, tm_scale: 1.0, tm_ps_scale: 1.0, pcgrad_conflicts: 0/0
2026-07-04 02:26:08.689 | INFO     | __main__:<module>:917 - lr:0.1 weight_nat: 0.2609289596326188, nat_loss: 0.010424074716866016, weight_adv: 0.7390710403673812, adv_loss: 0.020427506417036057 weight-klloss3 0.08174 Loss3: 0.033364079892635345 clean_ce: 0.12629298865795135, adv_ce: 1.2182883024215698, adv_margin: 0.6454969644546509, clean_gate: 0.550778865814209, teacher_margin: 0.46045807003974915, teacher_margin_gate: 0.6661717295646667, teacher_clean_gate: 1.0, teacher_adv_gate: 1.0, tm_grad_cos: 0.7872453331947327, tm_scale: 1.0, tm_ps_scale: 1.0, pcgrad_conflicts: 0/0
2026-07-04 02:26:45.619 | INFO     | __main__:<module>:917 - lr:0.1 weight_nat: 0.2485504418735434, nat_loss: 0.013694420456886292, weight_adv: 0.7514495581264565, adv_loss: 0.02485131286084652 weight-klloss3 0.08174 Loss3: 0.02828633412718773 clean_ce: 0.14543117582798004, adv_ce: 1.2219613790512085, adv_margin: 0.6083613038063049, clean_gate: 0.5470188856124878, teacher_margin: 0.5388035774230957, teacher_margin_gate: 0.6687859296798706, teacher_clean_gate: 1.0, teacher_adv_gate: 1.0, tm_grad_cos: 0.7602391242980957, tm_scale: 1.0, tm_ps_scale: 1.0, pcgrad_conflicts: 0/0
2026-07-04 02:27:18.684 | INFO     | __main__:<module>:482 - the 115th epoch 
2026-07-04 02:27:19.099 | INFO     | __main__:<module>:917 - lr:0.1 weight_nat: 0.25708443886083987, nat_loss: 0.012449747882783413, weight_adv: 0.7429155611391602, adv_loss: 0.020474873483181 weight-klloss3 0.08174 Loss3: 0.037485502660274506 clean_ce: 0.13447405397891998, adv_ce: 1.3067758083343506, adv_margin: 0.7202965021133423, clean_gate: 0.5021898150444031, teacher_margin: 0.5265824794769287, teacher_margin_gate: 0.6650390625, teacher_clean_gate: 1.0, teacher_adv_gate: 1.0, tm_grad_cos: 0.8151147961616516, tm_scale: 1.0, tm_ps_scale: 1.0, pcgrad_conflicts: 0/0
2026-07-04 02:27:56.012 | INFO     | __main__:<module>:917 - lr:0.1 weight_nat: 0.25374739546394826, nat_loss: 0.009247987531125546, weight_adv: 0.7462526045360517, adv_loss: 0.016981003805994987 weight-klloss3 0.08174 Loss3: 0.027475178241729736 clean_ce: 0.16688990592956543, adv_ce: 1.0682858228683472, adv_margin: 0.45224809646606445, clean_gate: 0.6028278470039368, teacher_margin: 0.3559506833553314, teacher_margin_gate: 0.6742843389511108, teacher_clean_gate: 1.0, teacher_adv_gate: 1.0, tm_grad_cos: 0.7414742112159729, tm_scale: 1.0, tm_ps_scale: 1.0, pcgrad_conflicts: 0/0
2026-07-04 02:28:32.932 | INFO     | __main__:<module>:917 - lr:0.1 weight_nat: 0.2591056531140093, nat_loss: 0.012082661502063274, weight_adv: 0.7408943468859908, adv_loss: 0.024811074137687683 weight-klloss3 0.08174 Loss3: 0.03680755943059921 clean_ce: 0.1448994129896164, adv_ce: 1.2437770366668701, adv_margin: 0.6369546055793762, clean_gate: 0.550165057182312, teacher_margin: 0.5037986040115356, teacher_margin_gate: 0.670089066028595, teacher_clean_gate: 1.0, teacher_adv_gate: 1.0, tm_grad_cos: 0.7708345651626587, tm_scale: 1.0, tm_ps_scale: 1.0, pcgrad_conflicts: 0/0
2026-07-04 02:29:09.820 | INFO     | __main__:<module>:917 - lr:0.1 weight_nat: 0.24790055275553216, nat_loss: 0.01121309120208025, weight_adv: 0.7520994472444679, adv_loss: 0.01976442150771618 weight-klloss3 0.08174 Loss3: 0.023498855531215668 clean_ce: 0.16182848811149597, adv_ce: 1.0206217765808105, adv_margin: 0.4305928945541382, clean_gate: 0.6315361857414246, teacher_margin: 0.41479361057281494, teacher_margin_gate: 0.722585141658783, teacher_clean_gate: 1.0, teacher_adv_gate: 1.0, tm_grad_cos: 0.7616167068481445, tm_scale: 1.0, tm_ps_scale: 1.0, pcgrad_conflicts: 0/0
2026-07-04 02:29:42.861 | INFO     | __main__:<module>:482 - the 116th epoch 
2026-07-04 02:29:43.277 | INFO     | __main__:<module>:917 - lr:0.1 weight_nat: 0.2521969430710467, nat_loss: 0.009290125221014023, weight_adv: 0.7478030569289533, adv_loss: 0.02044050768017769 weight-klloss3 0.08174 Loss3: 0.04528658837080002 clean_ce: 0.1353335976600647, adv_ce: 1.0906548500061035, adv_margin: 0.4481722116470337, clean_gate: 0.5755621790885925, teacher_margin: 0.5159204006195068, teacher_margin_gate: 0.7181580662727356, teacher_clean_gate: 1.0, teacher_adv_gate: 1.0, tm_grad_cos: 0.8313784003257751, tm_scale: 1.0, tm_ps_scale: 1.0, pcgrad_conflicts: 0/0
2026-07-04 02:30:20.178 | INFO     | __main__:<module>:917 - lr:0.1 weight_nat: 0.2541516940288088, nat_loss: 0.012023579329252243, weight_adv: 0.7458483059711912, adv_loss: 0.024612583220005035 weight-klloss3 0.08174 Loss3: 0.035642948001623154 clean_ce: 0.14013516902923584, adv_ce: 1.225932240486145, adv_margin: 0.691503643989563, clean_gate: 0.5473954081535339, teacher_margin: 0.46572840213775635, teacher_margin_gate: 0.6582029461860657, teacher_clean_gate: 1.0, teacher_adv_gate: 1.0, tm_grad_cos: 0.7668442726135254, tm_scale: 1.0, tm_ps_scale: 1.0, pcgrad_conflicts: 0/0
2026-07-04 02:30:57.092 | INFO     | __main__:<module>:917 - lr:0.1 weight_nat: 0.256392539399008, nat_loss: 0.02086457796394825, weight_adv: 0.7436074606009919, adv_loss: 0.02900148369371891 weight-klloss3 0.08174 Loss3: 0.030231688171625137 clean_ce: 0.13005010783672333, adv_ce: 1.2934232950210571, adv_margin: 0.6152850389480591, clean_gate: 0.4859023988246918, teacher_margin: 0.6480727195739746, teacher_margin_gate: 0.6719347834587097, teacher_clean_gate: 1.0, teacher_adv_gate: 1.0, tm_grad_cos: 0.840744137763977, tm_scale: 1.0, tm_ps_scale: 1.0, pcgrad_conflicts: 0/0
2026-07-04 02:31:34.042 | INFO     | __main__:<module>:917 - lr:0.1 weight_nat: 0.2523682900723465, nat_loss: 0.010474993847310543, weight_adv: 0.7476317099276535, adv_loss: 0.017949186265468597 weight-klloss3 0.08174 Loss3: 0.034316644072532654 clean_ce: 0.1441873162984848, adv_ce: 1.145862340927124, adv_margin: 0.5485593676567078, clean_gate: 0.5714211463928223, teacher_margin: 0.37321630120277405, teacher_margin_gate: 0.6530267000198364, teacher_clean_gate: 1.0, teacher_adv_gate: 1.0, tm_grad_cos: 0.7419325709342957, tm_scale: 1.0, tm_ps_scale: 1.0, pcgrad_conflicts: 0/0
2026-07-04 02:32:07.081 | INFO     | __main__:<module>:482 - the 117th epoch 
2026-07-04 02:32:07.498 | INFO     | __main__:<module>:917 - lr:0.1 weight_nat: 0.2536780551191789, nat_loss: 0.00966491736471653, weight_adv: 0.746321944880821, adv_loss: 0.015190646052360535 weight-klloss3 0.08174 Loss3: 0.03135845810174942 clean_ce: 0.15329857170581818, adv_ce: 0.9938047528266907, adv_margin: 0.4274200201034546, clean_gate: 0.6250666379928589, teacher_margin: 0.38457244634628296, teacher_margin_gate: 0.7195209264755249, teacher_clean_gate: 1.0, teacher_adv_gate: 1.0, tm_grad_cos: 0.7936811447143555, tm_scale: 1.0, tm_ps_scale: 1.0, pcgrad_conflicts: 0/0
2026-07-04 02:32:44.391 | INFO     | __main__:<module>:917 - lr:0.1 weight_nat: 0.25651851496473754, nat_loss: 0.02100016362965107, weight_adv: 0.7434814850352626, adv_loss: 0.02280012145638466 weight-klloss3 0.08174 Loss3: 0.03486621379852295 clean_ce: 0.1376558244228363, adv_ce: 1.2610124349594116, adv_margin: 0.6434950828552246, clean_gate: 0.5527008771896362, teacher_margin: 0.5032939314842224, teacher_margin_gate: 0.6951760053634644, teacher_clean_gate: 1.0, teacher_adv_gate: 1.0, tm_grad_cos: 0.761225700378418, tm_scale: 1.0, tm_ps_scale: 1.0, pcgrad_conflicts: 0/0
2026-07-04 02:33:21.265 | INFO     | __main__:<module>:917 - lr:0.1 weight_nat: 0.25483667644908825, nat_loss: 0.01004793867468834, weight_adv: 0.7451633235509119, adv_loss: 0.020195506513118744 weight-klloss3 0.08174 Loss3: 0.034809909760951996 clean_ce: 0.15536363422870636, adv_ce: 1.1389997005462646, adv_margin: 0.49503713846206665, clean_gate: 0.5643726587295532, teacher_margin: 0.546463131904602, teacher_margin_gate: 0.7058506608009338, teacher_clean_gate: 1.0, teacher_adv_gate: 1.0, tm_grad_cos: 0.8190013766288757, tm_scale: 1.0, tm_ps_scale: 1.0, pcgrad_conflicts: 0/0
2026-07-04 02:33:58.134 | INFO     | __main__:<module>:917 - lr:0.1 weight_nat: 0.2574770538253339, nat_loss: 0.010680953972041607, weight_adv: 0.7425229461746662, adv_loss: 0.019195513799786568 weight-klloss3 0.08174 Loss3: 0.030807064846158028 clean_ce: 0.15875278413295746, adv_ce: 1.0631598234176636, adv_margin: 0.46483898162841797, clean_gate: 0.5961823463439941, teacher_margin: 0.4039938449859619, teacher_margin_gate: 0.6871953010559082, teacher_clean_gate: 1.0, teacher_adv_gate: 1.0, tm_grad_cos: 0.7862077951431274, tm_scale: 1.0, tm_ps_scale: 1.0, pcgrad_conflicts: 0/0
2026-07-04 02:34:31.150 | INFO     | __main__:<module>:482 - the 118th epoch 
2026-07-04 02:34:31.566 | INFO     | __main__:<module>:917 - lr:0.1 weight_nat: 0.2538345566909274, nat_loss: 0.011574946343898773, weight_adv: 0.7461654433090726, adv_loss: 0.024799104779958725 weight-klloss3 0.08174 Loss3: 0.02511373534798622 clean_ce: 0.12364288419485092, adv_ce: 1.1612797975540161, adv_margin: 0.5478017330169678, clean_gate: 0.5709298253059387, teacher_margin: 0.5880624055862427, teacher_margin_gate: 0.7296327948570251, teacher_clean_gate: 1.0, teacher_adv_gate: 1.0, tm_grad_cos: 0.796527624130249, tm_scale: 1.0, tm_ps_scale: 1.0, pcgrad_conflicts: 0/0
2026-07-04 02:35:08.445 | INFO     | __main__:<module>:917 - lr:0.1 weight_nat: 0.2538027627984873, nat_loss: 0.012591925449669361, weight_adv: 0.7461972372015127, adv_loss: 0.02062312886118889 weight-klloss3 0.08174 Loss3: 0.03675646707415581 clean_ce: 0.14977729320526123, adv_ce: 1.1962413787841797, adv_margin: 0.6163262724876404, clean_gate: 0.544819712638855, teacher_margin: 0.4519098103046417, teacher_margin_gate: 0.6656925678253174, teacher_clean_gate: 1.0, teacher_adv_gate: 1.0, tm_grad_cos: 0.8012023568153381, tm_scale: 1.0, tm_ps_scale: 1.0, pcgrad_conflicts: 0/0
2026-07-04 02:35:45.337 | INFO     | __main__:<module>:917 - lr:0.1 weight_nat: 0.261840817051074, nat_loss: 0.012874344363808632, weight_adv: 0.7381591829489261, adv_loss: 0.02327818050980568 weight-klloss3 0.08174 Loss3: 0.03461278975009918 clean_ce: 0.15080589056015015, adv_ce: 1.1246699094772339, adv_margin: 0.507742702960968, clean_gate: 0.5775506496429443, teacher_margin: 0.5665333867073059, teacher_margin_gate: 0.7315715551376343, teacher_clean_gate: 1.0, teacher_adv_gate: 1.0, tm_grad_cos: 0.8098278045654297, tm_scale: 1.0, tm_ps_scale: 1.0, pcgrad_conflicts: 0/0
2026-07-04 02:36:22.324 | INFO     | __main__:<module>:917 - lr:0.1 weight_nat: 0.26065213035153956, nat_loss: 0.012118898332118988, weight_adv: 0.7393478696484604, adv_loss: 0.025801513344049454 weight-klloss3 0.08174 Loss3: 0.026757407933473587 clean_ce: 0.11074306070804596, adv_ce: 1.3968449831008911, adv_margin: 0.8190723061561584, clean_gate: 0.4665091037750244, teacher_margin: 0.5461069941520691, teacher_margin_gate: 0.6195271015167236, teacher_clean_gate: 1.0, teacher_adv_gate: 1.0, tm_grad_cos: 0.8058395385742188, tm_scale: 1.0, tm_ps_scale: 1.0, pcgrad_conflicts: 0/0
2026-07-04 02:36:55.564 | INFO     | __main__:<module>:482 - the 119th epoch 
2026-07-04 02:36:55.981 | INFO     | __main__:<module>:917 - lr:0.1 weight_nat: 0.24598637085262418, nat_loss: 0.009319971315562725, weight_adv: 0.7540136291473759, adv_loss: 0.01790603995323181 weight-klloss3 0.08174 Loss3: 0.03828570619225502 clean_ce: 0.14742577075958252, adv_ce: 1.0646806955337524, adv_margin: 0.4325399398803711, clean_gate: 0.6081652045249939, teacher_margin: 0.3886543810367584, teacher_margin_gate: 0.7028820514678955, teacher_clean_gate: 1.0, teacher_adv_gate: 1.0, tm_grad_cos: 0.786037802696228, tm_scale: 1.0, tm_ps_scale: 1.0, pcgrad_conflicts: 0/0
2026-07-04 02:37:33.219 | INFO     | __main__:<module>:917 - lr:0.1 weight_nat: 0.2505960148195144, nat_loss: 0.011227327398955822, weight_adv: 0.7494039851804857, adv_loss: 0.024649791419506073 weight-klloss3 0.08174 Loss3: 0.030332937836647034 clean_ce: 0.13996875286102295, adv_ce: 1.135314702987671, adv_margin: 0.527310848236084, clean_gate: 0.5683962106704712, teacher_margin: 0.5657349228858948, teacher_margin_gate: 0.7126423120498657, teacher_clean_gate: 1.0, teacher_adv_gate: 1.0, tm_grad_cos: 0.808949887752533, tm_scale: 1.0, tm_ps_scale: 1.0, pcgrad_conflicts: 0/0
2026-07-04 02:38:10.450 | INFO     | __main__:<module>:917 - lr:0.1 weight_nat: 0.25074236013107887, nat_loss: 0.012805468402802944, weight_adv: 0.7492576398689212, adv_loss: 0.02209862321615219 weight-klloss3 0.08174 Loss3: 0.03493338078260422 clean_ce: 0.12217296659946442, adv_ce: 1.3241052627563477, adv_margin: 0.7485662698745728, clean_gate: 0.5100852251052856, teacher_margin: 0.5032781362533569, teacher_margin_gate: 0.657832682132721, teacher_clean_gate: 1.0, teacher_adv_gate: 1.0, tm_grad_cos: 0.82439124584198, tm_scale: 1.0, tm_ps_scale: 1.0, pcgrad_conflicts: 0/0
2026-07-04 02:38:47.711 | INFO     | __main__:<module>:917 - lr:0.1 weight_nat: 0.2520031836352046, nat_loss: 0.013261213898658752, weight_adv: 0.7479968163647954, adv_loss: 0.02465282566845417 weight-klloss3 0.08174 Loss3: 0.04016558825969696 clean_ce: 0.15094059705734253, adv_ce: 1.149420976638794, adv_margin: 0.5038032531738281, clean_gate: 0.5775226354598999, teacher_margin: 0.5175542831420898, teacher_margin_gate: 0.7046728134155273, teacher_clean_gate: 1.0, teacher_adv_gate: 1.0, tm_grad_cos: 0.7932069897651672, tm_scale: 1.0, tm_ps_scale: 1.0, pcgrad_conflicts: 0/0
2026-07-04 02:39:21.057 | INFO     | __main__:<module>:482 - the 120th epoch 
2026-07-04 02:39:21.475 | INFO     | __main__:<module>:917 - lr:0.1 weight_nat: 0.24923530624659435, nat_loss: 0.011447764001786709, weight_adv: 0.7507646937534057, adv_loss: 0.022311020642518997 weight-klloss3 0.08174 Loss3: 0.03242082893848419 clean_ce: 0.15078839659690857, adv_ce: 1.1121995449066162, adv_margin: 0.5133532881736755, clean_gate: 0.5764011144638062, teacher_margin: 0.4715953767299652, teacher_margin_gate: 0.6943813562393188, teacher_clean_gate: 1.0, teacher_adv_gate: 1.0, tm_grad_cos: 0.798454761505127, tm_scale: 1.0, tm_ps_scale: 1.0, pcgrad_conflicts: 0/0
2026-07-04 02:39:58.417 | INFO     | __main__:<module>:917 - lr:0.1 weight_nat: 0.24906472638676638, nat_loss: 0.00943271815776825, weight_adv: 0.7509352736132338, adv_loss: 0.01846405491232872 weight-klloss3 0.08174 Loss3: 0.03360940143465996 clean_ce: 0.15714380145072937, adv_ce: 1.0842576026916504, adv_margin: 0.44012251496315, clean_gate: 0.6028507947921753, teacher_margin: 0.42494598031044006, teacher_margin_gate: 0.7196060419082642, teacher_clean_gate: 1.0, teacher_adv_gate: 1.0, tm_grad_cos: 0.8002980351448059, tm_scale: 1.0, tm_ps_scale: 1.0, pcgrad_conflicts: 0/0
2026-07-04 02:40:35.309 | INFO     | __main__:<module>:917 - lr:0.1 weight_nat: 0.2534542948379918, nat_loss: 0.015287354588508606, weight_adv: 0.7465457051620081, adv_loss: 0.018546825274825096 weight-klloss3 0.08174 Loss3: 0.032571710646152496 clean_ce: 0.14286008477210999, adv_ce: 1.1505215167999268, adv_margin: 0.5122435092926025, clean_gate: 0.5740728974342346, teacher_margin: 0.4004291892051697, teacher_margin_gate: 0.673272967338562, teacher_clean_gate: 1.0, teacher_adv_gate: 1.0, tm_grad_cos: 0.770283579826355, tm_scale: 1.0, tm_ps_scale: 1.0, pcgrad_conflicts: 0/0
2026-07-04 02:41:12.181 | INFO     | __main__:<module>:917 - lr:0.1 weight_nat: 0.25843200041191444, nat_loss: 0.011944610625505447, weight_adv: 0.7415679995880856, adv_loss: 0.02084529772400856 weight-klloss3 0.08174 Loss3: 0.03284398466348648 clean_ce: 0.1421385407447815, adv_ce: 1.0955835580825806, adv_margin: 0.4772310256958008, clean_gate: 0.584816575050354, teacher_margin: 0.4694286584854126, teacher_margin_gate: 0.7082594633102417, teacher_clean_gate: 1.0, teacher_adv_gate: 1.0, tm_grad_cos: 0.7785600423812866, tm_scale: 1.0, tm_ps_scale: 1.0, pcgrad_conflicts: 0/0
2026-07-04 02:42:03.239 | INFO     | __main__:<module>:974 - student robust acc 0.5186, teacher robust acc 0.6672, nat teacher robust acc 0.5308
2026-07-04 02:42:08.280 | INFO     | __main__:<module>:1016 - Saved pre-margin checkpoint at epoch 120 for weight averaging
2026-07-04 02:42:08.281 | INFO     | __main__:<module>:1061 - student natural acc 0.8870, adv teacher natural acc 0.8732, nat teacher natural acc 0.9318
2026-07-04 02:42:08.282 | INFO     | __main__:<module>:482 - the 121th epoch 
2026-07-04 02:42:08.692 | INFO     | __main__:<module>:917 - lr:0.1 weight_nat: 0.24814228287593817, nat_loss: 0.014678937382996082, weight_adv: 0.7518577171240618, adv_loss: 0.023073317483067513 weight-klloss3 0.08174 Loss3: 0.02814612165093422 clean_ce: 0.15384894609451294, adv_ce: 1.2365171909332275, adv_margin: 0.5865602493286133, clean_gate: 0.5429061055183411, teacher_margin: 0.5238171219825745, teacher_margin_gate: 0.6756775379180908, teacher_clean_gate: 1.0, teacher_adv_gate: 1.0, tm_grad_cos: 0.8005674481391907, tm_scale: 1.0, tm_ps_scale: 1.0, pcgrad_conflicts: 0/62
2026-07-04 02:42:47.476 | INFO     | __main__:<module>:917 - lr:0.1 weight_nat: 0.26315122177076944, nat_loss: 0.013223046436905861, weight_adv: 0.7368487782292307, adv_loss: 0.025192126631736755 weight-klloss3 0.08174 Loss3: 0.024062246084213257 clean_ce: 0.13121561706066132, adv_ce: 1.260473608970642, adv_margin: 0.7422631978988647, clean_gate: 0.5525385141372681, teacher_margin: 0.4860788881778717, teacher_margin_gate: 0.694269061088562, teacher_clean_gate: 1.0, teacher_adv_gate: 1.0, tm_grad_cos: 0.7814407348632812, tm_scale: 1.0, tm_ps_scale: 1.0, pcgrad_conflicts: 0/62
2026-07-04 02:43:26.311 | INFO     | __main__:<module>:917 - lr:0.1 weight_nat: 0.25198030296439444, nat_loss: 0.014544817619025707, weight_adv: 0.7480196970356057, adv_loss: 0.02411815896630287 weight-klloss3 0.08174 Loss3: 0.03153594210743904 clean_ce: 0.12847238779067993, adv_ce: 1.1793172359466553, adv_margin: 0.5338708162307739, clean_gate: 0.5456743836402893, teacher_margin: 0.5495884418487549, teacher_margin_gate: 0.6891974806785583, teacher_clean_gate: 1.0, teacher_adv_gate: 1.0, tm_grad_cos: 0.787407636642456, tm_scale: 1.0, tm_ps_scale: 1.0, pcgrad_conflicts: 0/62
2026-07-04 02:44:05.058 | INFO     | __main__:<module>:917 - lr:0.1 weight_nat: 0.24955246494231764, nat_loss: 0.013793373480439186, weight_adv: 0.7504475350576825, adv_loss: 0.03103465959429741 weight-klloss3 0.08174 Loss3: 0.04529703035950661 clean_ce: 0.14115574955940247, adv_ce: 1.4891866445541382, adv_margin: 0.837244987487793, clean_gate: 0.4692036211490631, teacher_margin: 0.6135990619659424, teacher_margin_gate: 0.6339188814163208, teacher_clean_gate: 1.0, teacher_adv_gate: 1.0, tm_grad_cos: 0.7898926138877869, tm_scale: 1.0, tm_ps_scale: 1.0, pcgrad_conflicts: 0/62
2026-07-04 02:44:39.784 | INFO     | __main__:<module>:482 - the 122th epoch 
2026-07-04 02:44:40.216 | INFO     | __main__:<module>:917 - lr:0.1 weight_nat: 0.24842474146055202, nat_loss: 0.012185397557914257, weight_adv: 0.7515752585394481, adv_loss: 0.022119324654340744 weight-klloss3 0.08174 Loss3: 0.019199352711439133 clean_ce: 0.13557523488998413, adv_ce: 1.369347333908081, adv_margin: 0.7261286973953247, clean_gate: 0.5149003267288208, teacher_margin: 0.4462999999523163, teacher_margin_gate: 0.6163156628608704, teacher_clean_gate: 1.0, teacher_adv_gate: 1.0, tm_grad_cos: 0.7614375948905945, tm_scale: 1.0, tm_ps_scale: 1.0, pcgrad_conflicts: 0/62
2026-07-04 02:45:18.958 | INFO     | __main__:<module>:917 - lr:0.1 weight_nat: 0.25372166783590994, nat_loss: 0.01010309811681509, weight_adv: 0.7462783321640901, adv_loss: 0.021908916532993317 weight-klloss3 0.08174 Loss3: 0.02618302032351494 clean_ce: 0.1495724320411682, adv_ce: 1.1846427917480469, adv_margin: 0.580971896648407, clean_gate: 0.5676130056381226, teacher_margin: 0.47940418124198914, teacher_margin_gate: 0.6778789758682251, teacher_clean_gate: 1.0, teacher_adv_gate: 1.0, tm_grad_cos: 0.8112545609474182, tm_scale: 1.0, tm_ps_scale: 1.0, pcgrad_conflicts: 0/62
2026-07-04 02:45:57.687 | INFO     | __main__:<module>:917 - lr:0.1 weight_nat: 0.2603545545844177, nat_loss: 0.011867818422615528, weight_adv: 0.7396454454155824, adv_loss: 0.020119650289416313 weight-klloss3 0.08174 Loss3: 0.044703032821416855 clean_ce: 0.15471026301383972, adv_ce: 1.0899239778518677, adv_margin: 0.509804368019104, clean_gate: 0.5972445607185364, teacher_margin: 0.4692263901233673, teacher_margin_gate: 0.7045714855194092, teacher_clean_gate: 1.0, teacher_adv_gate: 1.0, tm_grad_cos: 0.7927840948104858, tm_scale: 1.0, tm_ps_scale: 1.0, pcgrad_conflicts: 0/62
2026-07-04 02:46:36.454 | INFO     | __main__:<module>:917 - lr:0.1 weight_nat: 0.2534731457480657, nat_loss: 0.010353471152484417, weight_adv: 0.7465268542519344, adv_loss: 0.021654188632965088 weight-klloss3 0.08174 Loss3: 0.035298608243465424 clean_ce: 0.1556575894355774, adv_ce: 1.0889065265655518, adv_margin: 0.5232456922531128, clean_gate: 0.5883980989456177, teacher_margin: 0.47018787264823914, teacher_margin_gate: 0.6943237781524658, teacher_clean_gate: 1.0, teacher_adv_gate: 1.0, tm_grad_cos: 0.783225953578949, tm_scale: 1.0, tm_ps_scale: 1.0, pcgrad_conflicts: 0/62
2026-07-04 02:47:11.173 | INFO     | __main__:<module>:482 - the 123th epoch 
2026-07-04 02:47:11.605 | INFO     | __main__:<module>:917 - lr:0.1 weight_nat: 0.25358558133566356, nat_loss: 0.011440129019320011, weight_adv: 0.7464144186643364, adv_loss: 0.025556152686476707 weight-klloss3 0.08174 Loss3: 0.02587611973285675 clean_ce: 0.14525243639945984, adv_ce: 1.2797490358352661, adv_margin: 0.6418625116348267, clean_gate: 0.525844156742096, teacher_margin: 0.552355170249939, teacher_margin_gate: 0.6779868602752686, teacher_clean_gate: 1.0, teacher_adv_gate: 1.0, tm_grad_cos: 0.8024042844772339, tm_scale: 1.0, tm_ps_scale: 1.0, pcgrad_conflicts: 0/62
2026-07-04 02:47:50.339 | INFO     | __main__:<module>:917 - lr:0.1 weight_nat: 0.25881362033803107, nat_loss: 0.009897171519696712, weight_adv: 0.7411863796619689, adv_loss: 0.02314678579568863 weight-klloss3 0.08174 Loss3: 0.03433828055858612 clean_ce: 0.14125902950763702, adv_ce: 1.1720908880233765, adv_margin: 0.6551551818847656, clean_gate: 0.5798956155776978, teacher_margin: 0.47210103273391724, teacher_margin_gate: 0.6971160173416138, teacher_clean_gate: 1.0, teacher_adv_gate: 1.0, tm_grad_cos: 0.7438930869102478, tm_scale: 1.0, tm_ps_scale: 1.0, pcgrad_conflicts: 0/62
2026-07-04 02:48:29.093 | INFO     | __main__:<module>:917 - lr:0.1 weight_nat: 0.25034300068681187, nat_loss: 0.01148990634828806, weight_adv: 0.7496569993131882, adv_loss: 0.026950914412736893 weight-klloss3 0.08174 Loss3: 0.03312104940414429 clean_ce: 0.12023133784532547, adv_ce: 1.2327675819396973, adv_margin: 0.6312401294708252, clean_gate: 0.5339983701705933, teacher_margin: 0.5819841623306274, teacher_margin_gate: 0.6855291724205017, teacher_clean_gate: 1.0, teacher_adv_gate: 1.0, tm_grad_cos: 0.8157232403755188, tm_scale: 1.0, tm_ps_scale: 1.0, pcgrad_conflicts: 0/62
2026-07-04 02:49:07.858 | INFO     | __main__:<module>:917 - lr:0.1 weight_nat: 0.24903830537324087, nat_loss: 0.011239252984523773, weight_adv: 0.7509616946267592, adv_loss: 0.02231733314692974 weight-klloss3 0.08174 Loss3: 0.03334172070026398 clean_ce: 0.12383817881345749, adv_ce: 1.2013264894485474, adv_margin: 0.6819470524787903, clean_gate: 0.5661777257919312, teacher_margin: 0.4665985107421875, teacher_margin_gate: 0.6958502531051636, teacher_clean_gate: 1.0, teacher_adv_gate: 1.0, tm_grad_cos: 0.8059548735618591, tm_scale: 1.0, tm_ps_scale: 1.0, pcgrad_conflicts: 0/62
2026-07-04 02:49:42.593 | INFO     | __main__:<module>:482 - the 124th epoch 
2026-07-04 02:49:43.025 | INFO     | __main__:<module>:917 - lr:0.1 weight_nat: 0.24811526545659635, nat_loss: 0.009706743992865086, weight_adv: 0.7518847345434038, adv_loss: 0.019798219203948975 weight-klloss3 0.08174 Loss3: 0.03883564472198486 clean_ce: 0.1407560557126999, adv_ce: 1.1617684364318848, adv_margin: 0.5546205043792725, clean_gate: 0.5675641298294067, teacher_margin: 0.46790334582328796, teacher_margin_gate: 0.6678543090820312, teacher_clean_gate: 1.0, teacher_adv_gate: 1.0, tm_grad_cos: 0.8005335330963135, tm_scale: 1.0, tm_ps_scale: 1.0, pcgrad_conflicts: 0/62
2026-07-04 02:50:21.845 | INFO     | __main__:<module>:917 - lr:0.1 weight_nat: 0.25496838377547826, nat_loss: 0.008979770354926586, weight_adv: 0.7450316162245217, adv_loss: 0.021022483706474304 weight-klloss3 0.08174 Loss3: 0.03738272935152054 clean_ce: 0.1631234884262085, adv_ce: 0.9984042048454285, adv_margin: 0.42907875776290894, clean_gate: 0.6087907552719116, teacher_margin: 0.47460299730300903, teacher_margin_gate: 0.7279415130615234, teacher_clean_gate: 1.0, teacher_adv_gate: 1.0, tm_grad_cos: 0.8014323711395264, tm_scale: 1.0, tm_ps_scale: 1.0, pcgrad_conflicts: 0/62
2026-07-04 02:51:00.661 | INFO     | __main__:<module>:917 - lr:0.1 weight_nat: 0.2549421066851694, nat_loss: 0.013087592087686062, weight_adv: 0.7450578933148305, adv_loss: 0.018763065338134766 weight-klloss3 0.08174 Loss3: 0.03562520071864128 clean_ce: 0.14363065361976624, adv_ce: 1.1131521463394165, adv_margin: 0.4865872263908386, clean_gate: 0.5746713280677795, teacher_margin: 0.493243932723999, teacher_margin_gate: 0.7114413380622864, teacher_clean_gate: 1.0, teacher_adv_gate: 1.0, tm_grad_cos: 0.8199463486671448, tm_scale: 1.0, tm_ps_scale: 1.0, pcgrad_conflicts: 0/62
2026-07-04 02:51:39.453 | INFO     | __main__:<module>:917 - lr:0.1 weight_nat: 0.2580048310188382, nat_loss: 0.011401689611375332, weight_adv: 0.7419951689811619, adv_loss: 0.024435779079794884 weight-klloss3 0.08174 Loss3: 0.036541350185871124 clean_ce: 0.13281065225601196, adv_ce: 1.1995981931686401, adv_margin: 0.6619850397109985, clean_gate: 0.5378203988075256, teacher_margin: 0.5062956809997559, teacher_margin_gate: 0.6679546236991882, teacher_clean_gate: 1.0, teacher_adv_gate: 1.0, tm_grad_cos: 0.763242244720459, tm_scale: 1.0, tm_ps_scale: 1.0, pcgrad_conflicts: 0/62
2026-07-04 02:52:14.335 | INFO     | __main__:<module>:482 - the 125th epoch 
2026-07-04 02:52:14.771 | INFO     | __main__:<module>:917 - lr:0.1 weight_nat: 0.2563251607196871, nat_loss: 0.01241129171103239, weight_adv: 0.743674839280313, adv_loss: 0.016906853765249252 weight-klloss3 0.08174 Loss3: 0.025208521634340286 clean_ce: 0.17752192914485931, adv_ce: 1.027894139289856, adv_margin: 0.413779079914093, clean_gate: 0.6157428026199341, teacher_margin: 0.37411999702453613, teacher_margin_gate: 0.6904332041740417, teacher_clean_gate: 1.0, teacher_adv_gate: 1.0, tm_grad_cos: 0.7574002146720886, tm_scale: 1.0, tm_ps_scale: 1.0, pcgrad_conflicts: 0/62
2026-07-04 02:52:53.985 | INFO     | __main__:<module>:917 - lr:0.1 weight_nat: 0.24735395528812673, nat_loss: 0.011068380437791348, weight_adv: 0.7526460447118734, adv_loss: 0.025294028222560883 weight-klloss3 0.08174 Loss3: 0.037442397326231 clean_ce: 0.14028850197792053, adv_ce: 1.2053344249725342, adv_margin: 0.6258233785629272, clean_gate: 0.5776153206825256, teacher_margin: 0.5244615077972412, teacher_margin_gate: 0.7165052890777588, teacher_clean_gate: 1.0, teacher_adv_gate: 1.0, tm_grad_cos: 0.7595500349998474, tm_scale: 1.0, tm_ps_scale: 1.0, pcgrad_conflicts: 0/62
2026-07-04 02:53:33.200 | INFO     | __main__:<module>:917 - lr:0.1 weight_nat: 0.2610023150578579, nat_loss: 0.012903234921395779, weight_adv: 0.738997684942142, adv_loss: 0.026841886341571808 weight-klloss3 0.08174 Loss3: 0.04159477725625038 clean_ce: 0.12813958525657654, adv_ce: 1.251898169517517, adv_margin: 0.6660471558570862, clean_gate: 0.5384509563446045, teacher_margin: 0.5953525304794312, teacher_margin_gate: 0.7046472430229187, teacher_clean_gate: 1.0, teacher_adv_gate: 1.0, tm_grad_cos: 0.8063548803329468, tm_scale: 1.0, tm_ps_scale: 1.0, pcgrad_conflicts: 0/62
2026-07-04 02:54:12.415 | INFO     | __main__:<module>:917 - lr:0.1 weight_nat: 0.2555026151746524, nat_loss: 0.01201640721410513, weight_adv: 0.7444973848253477, adv_loss: 0.017375994473695755 weight-klloss3 0.08174 Loss3: 0.022814271971583366 clean_ce: 0.1549384891986847, adv_ce: 0.9577540159225464, adv_margin: 0.38653960824012756, clean_gate: 0.6449968814849854, teacher_margin: 0.36793920397758484, teacher_margin_gate: 0.7373466491699219, teacher_clean_gate: 1.0, teacher_adv_gate: 1.0, tm_grad_cos: 0.782183051109314, tm_scale: 1.0, tm_ps_scale: 1.0, pcgrad_conflicts: 0/62
2026-07-04 02:54:47.580 | INFO     | __main__:<module>:482 - the 126th epoch 
2026-07-04 02:54:48.017 | INFO     | __main__:<module>:917 - lr:0.1 weight_nat: 0.25349467459697517, nat_loss: 0.016612807288765907, weight_adv: 0.7465053254030248, adv_loss: 0.022230222821235657 weight-klloss3 0.08174 Loss3: 0.026247236877679825 clean_ce: 0.15892064571380615, adv_ce: 1.233665108680725, adv_margin: 0.5637463331222534, clean_gate: 0.5361585021018982, teacher_margin: 0.47330111265182495, teacher_margin_gate: 0.6623719334602356, teacher_clean_gate: 1.0, teacher_adv_gate: 1.0, tm_grad_cos: 0.7854752540588379, tm_scale: 1.0, tm_ps_scale: 1.0, pcgrad_conflicts: 0/62
2026-07-04 02:55:27.079 | INFO     | __main__:<module>:917 - lr:0.1 weight_nat: 0.25356264180302707, nat_loss: 0.018054375424981117, weight_adv: 0.746437358196973, adv_loss: 0.025102868676185608 weight-klloss3 0.08174 Loss3: 0.04144390672445297 clean_ce: 0.14626464247703552, adv_ce: 1.1763163805007935, adv_margin: 0.5442010164260864, clean_gate: 0.5470303297042847, teacher_margin: 0.6205289363861084, teacher_margin_gate: 0.7223796844482422, teacher_clean_gate: 1.0, teacher_adv_gate: 1.0, tm_grad_cos: 0.8154715895652771, tm_scale: 1.0, tm_ps_scale: 1.0, pcgrad_conflicts: 0/62
2026-07-04 02:56:05.868 | INFO     | __main__:<module>:917 - lr:0.1 weight_nat: 0.25474122613471684, nat_loss: 0.0102702546864748, weight_adv: 0.7452587738652833, adv_loss: 0.020473245531320572 weight-klloss3 0.08174 Loss3: 0.04463702812790871 clean_ce: 0.15214499831199646, adv_ce: 1.0723271369934082, adv_margin: 0.4213595390319824, clean_gate: 0.5986230373382568, teacher_margin: 0.49239346385002136, teacher_margin_gate: 0.7266712188720703, teacher_clean_gate: 1.0, teacher_adv_gate: 1.0, tm_grad_cos: 0.7971574068069458, tm_scale: 1.0, tm_ps_scale: 1.0, pcgrad_conflicts: 0/62
2026-07-04 02:56:44.607 | INFO     | __main__:<module>:917 - lr:0.1 weight_nat: 0.25056208663251245, nat_loss: 0.010662908665835857, weight_adv: 0.7494379133674876, adv_loss: 0.02034514769911766 weight-klloss3 0.08174 Loss3: 0.038285933434963226 clean_ce: 0.1437867432832718, adv_ce: 1.1153231859207153, adv_margin: 0.4782726764678955, clean_gate: 0.5752667188644409, teacher_margin: 0.5210353136062622, teacher_margin_gate: 0.7107398509979248, teacher_clean_gate: 1.0, teacher_adv_gate: 1.0, tm_grad_cos: 0.7949160933494568, tm_scale: 1.0, tm_ps_scale: 1.0, pcgrad_conflicts: 0/62
2026-07-04 02:57:19.326 | INFO     | __main__:<module>:482 - the 127th epoch 
2026-07-04 02:57:19.757 | INFO     | __main__:<module>:917 - lr:0.1 weight_nat: 0.2514883379314033, nat_loss: 0.012960332445800304, weight_adv: 0.7485116620685968, adv_loss: 0.02155071124434471 weight-klloss3 0.08174 Loss3: 0.039326757192611694 clean_ce: 0.15051665902137756, adv_ce: 1.1553068161010742, adv_margin: 0.5826550722122192, clean_gate: 0.5694876313209534, teacher_margin: 0.4885997474193573, teacher_margin_gate: 0.7035560607910156, teacher_clean_gate: 1.0, teacher_adv_gate: 1.0, tm_grad_cos: 0.8011981248855591, tm_scale: 1.0, tm_ps_scale: 1.0, pcgrad_conflicts: 0/62
2026-07-04 02:57:58.489 | INFO     | __main__:<module>:917 - lr:0.1 weight_nat: 0.26086088707781285, nat_loss: 0.010931949131190777, weight_adv: 0.7391391129221871, adv_loss: 0.02071544900536537 weight-klloss3 0.08174 Loss3: 0.03819163888692856 clean_ce: 0.1569008231163025, adv_ce: 1.0205920934677124, adv_margin: 0.4435917139053345, clean_gate: 0.6107985973358154, teacher_margin: 0.4642314314842224, teacher_margin_gate: 0.7197133302688599, teacher_clean_gate: 1.0, teacher_adv_gate: 1.0, tm_grad_cos: 0.7725330591201782, tm_scale: 1.0, tm_ps_scale: 1.0, pcgrad_conflicts: 0/62
2026-07-04 02:58:37.242 | INFO     | __main__:<module>:917 - lr:0.1 weight_nat: 0.24507468105738744, nat_loss: 0.011683826334774494, weight_adv: 0.7549253189426127, adv_loss: 0.024460360407829285 weight-klloss3 0.08174 Loss3: 0.035426076501607895 clean_ce: 0.1399572491645813, adv_ce: 1.0724421739578247, adv_margin: 0.43316155672073364, clean_gate: 0.5986530780792236, teacher_margin: 0.5535153150558472, teacher_margin_gate: 0.7483562231063843, teacher_clean_gate: 1.0, teacher_adv_gate: 1.0, tm_grad_cos: 0.8157661557197571, tm_scale: 1.0, tm_ps_scale: 1.0, pcgrad_conflicts: 0/62
2026-07-04 02:59:16.008 | INFO     | __main__:<module>:917 - lr:0.1 weight_nat: 0.2534929223662402, nat_loss: 0.009048804640769958, weight_adv: 0.7465070776337599, adv_loss: 0.021527867764234543 weight-klloss3 0.08174 Loss3: 0.030731501057744026 clean_ce: 0.14862178266048431, adv_ce: 1.057485580444336, adv_margin: 0.4947342276573181, clean_gate: 0.5993239879608154, teacher_margin: 0.44367384910583496, teacher_margin_gate: 0.6943841576576233, teacher_clean_gate: 1.0, teacher_adv_gate: 1.0, tm_grad_cos: 0.7769248485565186, tm_scale: 1.0, tm_ps_scale: 1.0, pcgrad_conflicts: 0/62
2026-07-04 02:59:50.718 | INFO     | __main__:<module>:482 - the 128th epoch 
2026-07-04 02:59:51.150 | INFO     | __main__:<module>:917 - lr:0.1 weight_nat: 0.2578733027387964, nat_loss: 0.010761232115328312, weight_adv: 0.7421266972612036, adv_loss: 0.02048521116375923 weight-klloss3 0.08174 Loss3: 0.0377371646463871 clean_ce: 0.14629089832305908, adv_ce: 1.2028480768203735, adv_margin: 0.5790947675704956, clean_gate: 0.565148115158081, teacher_margin: 0.4352490305900574, teacher_margin_gate: 0.6738882064819336, teacher_clean_gate: 1.0, teacher_adv_gate: 1.0, tm_grad_cos: 0.7417775392532349, tm_scale: 1.0, tm_ps_scale: 1.0, pcgrad_conflicts: 0/62
2026-07-04 03:00:29.893 | INFO     | __main__:<module>:917 - lr:0.1 weight_nat: 0.2591794366497782, nat_loss: 0.011405885219573975, weight_adv: 0.7408205633502218, adv_loss: 0.021147537976503372 weight-klloss3 0.08174 Loss3: 0.040365152060985565 clean_ce: 0.14419755339622498, adv_ce: 1.16559898853302, adv_margin: 0.580966591835022, clean_gate: 0.5546085238456726, teacher_margin: 0.49165797233581543, teacher_margin_gate: 0.681682825088501, teacher_clean_gate: 1.0, teacher_adv_gate: 1.0, tm_grad_cos: 0.778181254863739, tm_scale: 1.0, tm_ps_scale: 1.0, pcgrad_conflicts: 0/62
2026-07-04 03:01:08.668 | INFO     | __main__:<module>:917 - lr:0.1 weight_nat: 0.251387310796427, nat_loss: 0.00963529758155346, weight_adv: 0.748612689203573, adv_loss: 0.019282467663288116 weight-klloss3 0.08174 Loss3: 0.023163918405771255 clean_ce: 0.14074784517288208, adv_ce: 1.1309747695922852, adv_margin: 0.57144695520401, clean_gate: 0.5837307572364807, teacher_margin: 0.4698888659477234, teacher_margin_gate: 0.7166687250137329, teacher_clean_gate: 1.0, teacher_adv_gate: 1.0, tm_grad_cos: 0.8082419633865356, tm_scale: 1.0, tm_ps_scale: 1.0, pcgrad_conflicts: 0/62
2026-07-04 03:01:47.482 | INFO     | __main__:<module>:917 - lr:0.1 weight_nat: 0.24652985872467442, nat_loss: 0.010464365594089031, weight_adv: 0.7534701412753256, adv_loss: 0.02846294268965721 weight-klloss3 0.08174 Loss3: 0.027337294071912766 clean_ce: 0.13423848152160645, adv_ce: 1.1893471479415894, adv_margin: 0.653286874294281, clean_gate: 0.5558026432991028, teacher_margin: 0.6064029335975647, teacher_margin_gate: 0.7349504232406616, teacher_clean_gate: 1.0, teacher_adv_gate: 1.0, tm_grad_cos: 0.8391381502151489, tm_scale: 1.0, tm_ps_scale: 1.0, pcgrad_conflicts: 0/62
2026-07-04 03:02:22.246 | INFO     | __main__:<module>:482 - the 129th epoch 
2026-07-04 03:02:22.680 | INFO     | __main__:<module>:917 - lr:0.1 weight_nat: 0.2577619380763461, nat_loss: 0.013417579233646393, weight_adv: 0.7422380619236538, adv_loss: 0.022717785090208054 weight-klloss3 0.08174 Loss3: 0.03147684782743454 clean_ce: 0.14088335633277893, adv_ce: 1.1974055767059326, adv_margin: 0.6147909760475159, clean_gate: 0.5334159135818481, teacher_margin: 0.5100116729736328, teacher_margin_gate: 0.6667459607124329, teacher_clean_gate: 1.0, teacher_adv_gate: 1.0, tm_grad_cos: 0.7919092774391174, tm_scale: 1.0, tm_ps_scale: 1.0, pcgrad_conflicts: 0/62
2026-07-04 03:03:01.479 | INFO     | __main__:<module>:917 - lr:0.1 weight_nat: 0.26100083983567707, nat_loss: 0.009677480906248093, weight_adv: 0.738999160164323, adv_loss: 0.0244921762496233 weight-klloss3 0.08174 Loss3: 0.03512382134795189 clean_ce: 0.14321553707122803, adv_ce: 1.1081973314285278, adv_margin: 0.5382216572761536, clean_gate: 0.5763275027275085, teacher_margin: 0.543639063835144, teacher_margin_gate: 0.7310209274291992, teacher_clean_gate: 1.0, teacher_adv_gate: 1.0, tm_grad_cos: 0.8142366409301758, tm_scale: 1.0, tm_ps_scale: 1.0, pcgrad_conflicts: 0/62
2026-07-04 03:03:40.284 | INFO     | __main__:<module>:917 - lr:0.1 weight_nat: 0.2510189823765091, nat_loss: 0.012058508582413197, weight_adv: 0.7489810176234909, adv_loss: 0.022996416315436363 weight-klloss3 0.08174 Loss3: 0.041974760591983795 clean_ce: 0.13658541440963745, adv_ce: 1.1295832395553589, adv_margin: 0.4919799566268921, clean_gate: 0.5589839220046997, teacher_margin: 0.5418146848678589, teacher_margin_gate: 0.6944118738174438, teacher_clean_gate: 1.0, teacher_adv_gate: 1.0, tm_grad_cos: 0.7877970933914185, tm_scale: 1.0, tm_ps_scale: 1.0, pcgrad_conflicts: 0/62
2026-07-04 03:04:19.084 | INFO     | __main__:<module>:917 - lr:0.1 weight_nat: 0.24761068536291525, nat_loss: 0.015123995020985603, weight_adv: 0.7523893146370848, adv_loss: 0.022749178111553192 weight-klloss3 0.08174 Loss3: 0.03919708728790283 clean_ce: 0.15854524075984955, adv_ce: 1.2207894325256348, adv_margin: 0.5791380405426025, clean_gate: 0.5545066595077515, teacher_margin: 0.4627428948879242, teacher_margin_gate: 0.6770213842391968, teacher_clean_gate: 1.0, teacher_adv_gate: 1.0, tm_grad_cos: 0.7608436942100525, tm_scale: 1.0, tm_ps_scale: 1.0, pcgrad_conflicts: 0/62
2026-07-04 03:04:53.774 | INFO     | __main__:<module>:482 - the 130th epoch 
2026-07-04 03:04:54.206 | INFO     | __main__:<module>:917 - lr:0.1 weight_nat: 0.25251032547168933, nat_loss: 0.010195957496762276, weight_adv: 0.7474896745283107, adv_loss: 0.018605876713991165 weight-klloss3 0.08174 Loss3: 0.03215385973453522 clean_ce: 0.13465450704097748, adv_ce: 1.1606724262237549, adv_margin: 0.5364243388175964, clean_gate: 0.5633264183998108, teacher_margin: 0.406377911567688, teacher_margin_gate: 0.6497623920440674, teacher_clean_gate: 1.0, teacher_adv_gate: 1.0, tm_grad_cos: 0.7482485175132751, tm_scale: 1.0, tm_ps_scale: 1.0, pcgrad_conflicts: 0/62
2026-07-04 03:05:33.008 | INFO     | __main__:<module>:917 - lr:0.1 weight_nat: 0.252043343360033, nat_loss: 0.01107872650027275, weight_adv: 0.747956656639967, adv_loss: 0.02056429721415043 weight-klloss3 0.08174 Loss3: 0.037426311522722244 clean_ce: 0.13588064908981323, adv_ce: 1.1073328256607056, adv_margin: 0.4754694104194641, clean_gate: 0.559995174407959, teacher_margin: 0.49396201968193054, teacher_margin_gate: 0.6861318349838257, teacher_clean_gate: 1.0, teacher_adv_gate: 1.0, tm_grad_cos: 0.8205761909484863, tm_scale: 1.0, tm_ps_scale: 1.0, pcgrad_conflicts: 0/62
2026-07-04 03:06:11.795 | INFO     | __main__:<module>:917 - lr:0.1 weight_nat: 0.25058082371661466, nat_loss: 0.01093456894159317, weight_adv: 0.7494191762833854, adv_loss: 0.02333732135593891 weight-klloss3 0.08174 Loss3: 0.031990524381399155 clean_ce: 0.15864816308021545, adv_ce: 1.0416938066482544, adv_margin: 0.4043847322463989, clean_gate: 0.5962164402008057, teacher_margin: 0.5294684171676636, teacher_margin_gate: 0.7247436046600342, teacher_clean_gate: 1.0, teacher_adv_gate: 1.0, tm_grad_cos: 0.789726734161377, tm_scale: 1.0, tm_ps_scale: 1.0, pcgrad_conflicts: 0/62
2026-07-04 03:06:50.627 | INFO     | __main__:<module>:917 - lr:0.1 weight_nat: 0.25112747758677095, nat_loss: 0.011716482229530811, weight_adv: 0.7488725224132291, adv_loss: 0.02207767404615879 weight-klloss3 0.08174 Loss3: 0.02325068786740303 clean_ce: 0.15192213654518127, adv_ce: 1.042508840560913, adv_margin: 0.48489484190940857, clean_gate: 0.6103633046150208, teacher_margin: 0.4518435299396515, teacher_margin_gate: 0.7213137149810791, teacher_clean_gate: 1.0, teacher_adv_gate: 1.0, tm_grad_cos: 0.7717154622077942, tm_scale: 1.0, tm_ps_scale: 1.0, pcgrad_conflicts: 0/62
2026-07-04 03:07:43.781 | INFO     | __main__:<module>:974 - student robust acc 0.5242, teacher robust acc 0.6679, nat teacher robust acc 0.5369
2026-07-04 03:07:49.783 | INFO     | __main__:<module>:1058 - best accuracy:0.7065
2026-07-04 03:07:49.784 | INFO     | __main__:<module>:1061 - student natural acc 0.8888, adv teacher natural acc 0.8737, nat teacher natural acc 0.9318
2026-07-04 03:07:49.786 | INFO     | __main__:<module>:482 - the 131th epoch 
2026-07-04 03:07:50.204 | INFO     | __main__:<module>:917 - lr:0.1 weight_nat: 0.2500459606638716, nat_loss: 0.010459563694894314, weight_adv: 0.7499540393361284, adv_loss: 0.02551102638244629 weight-klloss3 0.08174 Loss3: 0.039241719990968704 clean_ce: 0.14916852116584778, adv_ce: 1.1212663650512695, adv_margin: 0.47458478808403015, clean_gate: 0.5564393401145935, teacher_margin: 0.5967763662338257, teacher_margin_gate: 0.7073339223861694, teacher_clean_gate: 1.0, teacher_adv_gate: 1.0, tm_grad_cos: 0.8070968389511108, tm_scale: 1.0, tm_ps_scale: 1.0, pcgrad_conflicts: 0/62
2026-07-04 03:08:29.516 | INFO     | __main__:<module>:917 - lr:0.1 weight_nat: 0.25740253681381087, nat_loss: 0.008680817671120167, weight_adv: 0.7425974631861891, adv_loss: 0.01809808239340782 weight-klloss3 0.08174 Loss3: 0.023473447188735008 clean_ce: 0.13524243235588074, adv_ce: 1.0536748170852661, adv_margin: 0.4538373649120331, clean_gate: 0.6151880621910095, teacher_margin: 0.37706512212753296, teacher_margin_gate: 0.7010070085525513, teacher_clean_gate: 1.0, teacher_adv_gate: 1.0, tm_grad_cos: 0.7549535036087036, tm_scale: 1.0, tm_ps_scale: 1.0, pcgrad_conflicts: 0/62
2026-07-04 03:09:08.825 | INFO     | __main__:<module>:917 - lr:0.1 weight_nat: 0.2562109684300427, nat_loss: 0.013339132070541382, weight_adv: 0.7437890315699573, adv_loss: 0.024005191400647163 weight-klloss3 0.08174 Loss3: 0.04027006775140762 clean_ce: 0.14473292231559753, adv_ce: 1.1879411935806274, adv_margin: 0.64823979139328, clean_gate: 0.5504392385482788, teacher_margin: 0.568120002746582, teacher_margin_gate: 0.7072511315345764, teacher_clean_gate: 1.0, teacher_adv_gate: 1.0, tm_grad_cos: 0.8211983442306519, tm_scale: 1.0, tm_ps_scale: 1.0, pcgrad_conflicts: 0/62
2026-07-04 03:09:48.127 | INFO     | __main__:<module>:917 - lr:0.1 weight_nat: 0.24981070982195167, nat_loss: 0.012088819406926632, weight_adv: 0.7501892901780484, adv_loss: 0.02079104073345661 weight-klloss3 0.08174 Loss3: 0.03769123554229736 clean_ce: 0.1335986852645874, adv_ce: 1.1483315229415894, adv_margin: 0.5407702326774597, clean_gate: 0.5559194087982178, teacher_margin: 0.4827753007411957, teacher_margin_gate: 0.671599805355072, teacher_clean_gate: 1.0, teacher_adv_gate: 1.0, tm_grad_cos: 0.7901037335395813, tm_scale: 1.0, tm_ps_scale: 1.0, pcgrad_conflicts: 0/62
2026-07-04 03:10:23.350 | INFO     | __main__:<module>:482 - the 132th epoch 
2026-07-04 03:10:23.787 | INFO     | __main__:<module>:917 - lr:0.1 weight_nat: 0.2510305820746982, nat_loss: 0.011104108765721321, weight_adv: 0.7489694179253018, adv_loss: 0.017648350447416306 weight-klloss3 0.08174 Loss3: 0.03569331020116806 clean_ce: 0.15953005850315094, adv_ce: 1.0583759546279907, adv_margin: 0.4484977722167969, clean_gate: 0.599319338798523, teacher_margin: 0.36517059803009033, teacher_margin_gate: 0.6797761917114258, teacher_clean_gate: 1.0, teacher_adv_gate: 1.0, tm_grad_cos: 0.7481080889701843, tm_scale: 1.0, tm_ps_scale: 1.0, pcgrad_conflicts: 0/62
2026-07-04 03:11:02.635 | INFO     | __main__:<module>:917 - lr:0.1 weight_nat: 0.25499170546073135, nat_loss: 0.010878062807023525, weight_adv: 0.7450082945392686, adv_loss: 0.020067229866981506 weight-klloss3 0.08174 Loss3: 0.035020578652620316 clean_ce: 0.15161840617656708, adv_ce: 1.1247625350952148, adv_margin: 0.5018855333328247, clean_gate: 0.583053708076477, teacher_margin: 0.4623425006866455, teacher_margin_gate: 0.7041177153587341, teacher_clean_gate: 1.0, teacher_adv_gate: 1.0, tm_grad_cos: 0.7797162532806396, tm_scale: 1.0, tm_ps_scale: 1.0, pcgrad_conflicts: 0/62
2026-07-04 03:11:41.455 | INFO     | __main__:<module>:917 - lr:0.1 weight_nat: 0.2570252615371123, nat_loss: 0.014767440967261791, weight_adv: 0.7429747384628878, adv_loss: 0.022498510777950287 weight-klloss3 0.08174 Loss3: 0.02376927062869072 clean_ce: 0.1405627578496933, adv_ce: 1.1403138637542725, adv_margin: 0.5431195497512817, clean_gate: 0.6027454137802124, teacher_margin: 0.4935007393360138, teacher_margin_gate: 0.7329305410385132, teacher_clean_gate: 1.0, teacher_adv_gate: 1.0, tm_grad_cos: 0.7890275120735168, tm_scale: 1.0, tm_ps_scale: 1.0, pcgrad_conflicts: 0/62
2026-07-04 03:12:20.261 | INFO     | __main__:<module>:917 - lr:0.1 weight_nat: 0.2522540888628915, nat_loss: 0.015576249919831753, weight_adv: 0.7477459111371085, adv_loss: 0.02954600378870964 weight-klloss3 0.08174 Loss3: 0.020760994404554367 clean_ce: 0.1336652934551239, adv_ce: 1.1830823421478271, adv_margin: 0.5690128207206726, clean_gate: 0.5379955172538757, teacher_margin: 0.6663839817047119, teacher_margin_gate: 0.7291991114616394, teacher_clean_gate: 1.0, teacher_adv_gate: 1.0, tm_grad_cos: 0.833331286907196, tm_scale: 1.0, tm_ps_scale: 1.0, pcgrad_conflicts: 0/62
2026-07-04 03:12:55.043 | INFO     | __main__:<module>:482 - the 133th epoch 
2026-07-04 03:12:55.477 | INFO     | __main__:<module>:917 - lr:0.1 weight_nat: 0.24966461775959112, nat_loss: 0.013853994198143482, weight_adv: 0.750335382240409, adv_loss: 0.026272008195519447 weight-klloss3 0.08174 Loss3: 0.03763498365879059 clean_ce: 0.13639459013938904, adv_ce: 1.319811224937439, adv_margin: 0.6751466989517212, clean_gate: 0.5265162587165833, teacher_margin: 0.5053391456604004, teacher_margin_gate: 0.6428040266036987, teacher_clean_gate: 1.0, teacher_adv_gate: 1.0, tm_grad_cos: 0.765246570110321, tm_scale: 1.0, tm_ps_scale: 1.0, pcgrad_conflicts: 0/62
2026-07-04 03:13:34.326 | INFO     | __main__:<module>:917 - lr:0.1 weight_nat: 0.24621877641434015, nat_loss: 0.01810772716999054, weight_adv: 0.7537812235856598, adv_loss: 0.026746846735477448 weight-klloss3 0.08174 Loss3: 0.04379204660654068 clean_ce: 0.11388318240642548, adv_ce: 1.5140727758407593, adv_margin: 0.8678407073020935, clean_gate: 0.449540913105011, teacher_margin: 0.5805898904800415, teacher_margin_gate: 0.6015062928199768, teacher_clean_gate: 1.0, teacher_adv_gate: 1.0, tm_grad_cos: 0.8014679551124573, tm_scale: 1.0, tm_ps_scale: 1.0, pcgrad_conflicts: 0/62
2026-07-04 03:14:13.193 | INFO     | __main__:<module>:917 - lr:0.1 weight_nat: 0.24710240240166442, nat_loss: 0.012714502401649952, weight_adv: 0.7528975975983355, adv_loss: 0.022997012361884117 weight-klloss3 0.08174 Loss3: 0.024607740342617035 clean_ce: 0.15052562952041626, adv_ce: 1.122050404548645, adv_margin: 0.5538613796234131, clean_gate: 0.5961759686470032, teacher_margin: 0.46631544828414917, teacher_margin_gate: 0.7059067487716675, teacher_clean_gate: 1.0, teacher_adv_gate: 1.0, tm_grad_cos: 0.7785657048225403, tm_scale: 1.0, tm_ps_scale: 1.0, pcgrad_conflicts: 0/62
2026-07-04 03:14:52.042 | INFO     | __main__:<module>:917 - lr:0.1 weight_nat: 0.24777592756655104, nat_loss: 0.010955844074487686, weight_adv: 0.752224072433449, adv_loss: 0.02178627997636795 weight-klloss3 0.08174 Loss3: 0.03482122719287872 clean_ce: 0.1464662253856659, adv_ce: 1.1728743314743042, adv_margin: 0.5563472509384155, clean_gate: 0.5724785327911377, teacher_margin: 0.4806153178215027, teacher_margin_gate: 0.707920491695404, teacher_clean_gate: 1.0, teacher_adv_gate: 1.0, tm_grad_cos: 0.7877333164215088, tm_scale: 1.0, tm_ps_scale: 1.0, pcgrad_conflicts: 0/62
2026-07-04 03:15:26.837 | INFO     | __main__:<module>:482 - the 134th epoch 
2026-07-04 03:15:27.271 | INFO     | __main__:<module>:917 - lr:0.1 weight_nat: 0.24921162617293388, nat_loss: 0.01302130427211523, weight_adv: 0.750788373827066, adv_loss: 0.025012675672769547 weight-klloss3 0.08174 Loss3: 0.026569146662950516 clean_ce: 0.15526342391967773, adv_ce: 1.1094353199005127, adv_margin: 0.4962075352668762, clean_gate: 0.5817449688911438, teacher_margin: 0.5482257604598999, teacher_margin_gate: 0.7054325342178345, teacher_clean_gate: 1.0, teacher_adv_gate: 1.0, tm_grad_cos: 0.8015199899673462, tm_scale: 1.0, tm_ps_scale: 1.0, pcgrad_conflicts: 0/62
2026-07-04 03:16:06.133 | INFO     | __main__:<module>:917 - lr:0.1 weight_nat: 0.25555219555192393, nat_loss: 0.010945762507617474, weight_adv: 0.744447804448076, adv_loss: 0.019833022728562355 weight-klloss3 0.08174 Loss3: 0.038925331085920334 clean_ce: 0.14537346363067627, adv_ce: 1.0088775157928467, adv_margin: 0.49748027324676514, clean_gate: 0.6003000736236572, teacher_margin: 0.47011059522628784, teacher_margin_gate: 0.7367305755615234, teacher_clean_gate: 1.0, teacher_adv_gate: 1.0, tm_grad_cos: 0.8160426616668701, tm_scale: 1.0, tm_ps_scale: 1.0, pcgrad_conflicts: 0/62
2026-07-04 03:16:44.947 | INFO     | __main__:<module>:917 - lr:0.1 weight_nat: 0.24577655339308505, nat_loss: 0.011865063570439816, weight_adv: 0.7542234466069149, adv_loss: 0.020950527861714363 weight-klloss3 0.08174 Loss3: 0.036177560687065125 clean_ce: 0.14329496026039124, adv_ce: 1.1528760194778442, adv_margin: 0.5668070316314697, clean_gate: 0.5737061500549316, teacher_margin: 0.40507981181144714, teacher_margin_gate: 0.6722187995910645, teacher_clean_gate: 1.0, teacher_adv_gate: 1.0, tm_grad_cos: 0.7804931998252869, tm_scale: 1.0, tm_ps_scale: 1.0, pcgrad_conflicts: 0/62
2026-07-04 03:17:23.781 | INFO     | __main__:<module>:917 - lr:0.1 weight_nat: 0.2528267989417207, nat_loss: 0.01319094654172659, weight_adv: 0.7471732010582793, adv_loss: 0.030135413631796837 weight-klloss3 0.08174 Loss3: 0.04316491633653641 clean_ce: 0.12757381796836853, adv_ce: 1.3714473247528076, adv_margin: 0.7506354451179504, clean_gate: 0.49149763584136963, teacher_margin: 0.6364342570304871, teacher_margin_gate: 0.651523232460022, teacher_clean_gate: 1.0, teacher_adv_gate: 1.0, tm_grad_cos: 0.7939207553863525, tm_scale: 1.0, tm_ps_scale: 1.0, pcgrad_conflicts: 0/62
2026-07-04 03:17:58.511 | INFO     | __main__:<module>:482 - the 135th epoch 
2026-07-04 03:17:58.945 | INFO     | __main__:<module>:917 - lr:0.1 weight_nat: 0.2582205162173404, nat_loss: 0.009469049982726574, weight_adv: 0.7417794837826597, adv_loss: 0.016886476427316666 weight-klloss3 0.08174 Loss3: 0.030424244701862335 clean_ce: 0.1488025039434433, adv_ce: 1.0204248428344727, adv_margin: 0.41396215558052063, clean_gate: 0.6149759888648987, teacher_margin: 0.3810695707798004, teacher_margin_gate: 0.6908515691757202, teacher_clean_gate: 1.0, teacher_adv_gate: 1.0, tm_grad_cos: 0.7998005151748657, tm_scale: 1.0, tm_ps_scale: 1.0, pcgrad_conflicts: 0/62
2026-07-04 03:18:37.748 | INFO     | __main__:<module>:917 - lr:0.1 weight_nat: 0.25817203200219313, nat_loss: 0.008917870000004768, weight_adv: 0.7418279679978069, adv_loss: 0.020237402990460396 weight-klloss3 0.08174 Loss3: 0.025787118822336197 clean_ce: 0.13128125667572021, adv_ce: 1.095162272453308, adv_margin: 0.5436679124832153, clean_gate: 0.5936858057975769, teacher_margin: 0.4910625219345093, teacher_margin_gate: 0.7318055629730225, teacher_clean_gate: 1.0, teacher_adv_gate: 1.0, tm_grad_cos: 0.8090090155601501, tm_scale: 1.0, tm_ps_scale: 1.0, pcgrad_conflicts: 0/62
2026-07-04 03:19:16.534 | INFO     | __main__:<module>:917 - lr:0.1 weight_nat: 0.2613595482080491, nat_loss: 0.01078714244067669, weight_adv: 0.7386404517919509, adv_loss: 0.026349825784564018 weight-klloss3 0.08174 Loss3: 0.02719186432659626 clean_ce: 0.12720367312431335, adv_ce: 1.1643115282058716, adv_margin: 0.5841484665870667, clean_gate: 0.5526973605155945, teacher_margin: 0.6083800196647644, teacher_margin_gate: 0.7085473537445068, teacher_clean_gate: 1.0, teacher_adv_gate: 1.0, tm_grad_cos: 0.7928401231765747, tm_scale: 1.0, tm_ps_scale: 1.0, pcgrad_conflicts: 0/62
2026-07-04 03:19:55.258 | INFO     | __main__:<module>:917 - lr:0.1 weight_nat: 0.24958834010887837, nat_loss: 0.012119038961827755, weight_adv: 0.7504116598911218, adv_loss: 0.019505733624100685 weight-klloss3 0.08174 Loss3: 0.031288884580135345 clean_ce: 0.1404290795326233, adv_ce: 1.2294952869415283, adv_margin: 0.6263225674629211, clean_gate: 0.5536730289459229, teacher_margin: 0.43796637654304504, teacher_margin_gate: 0.6557601690292358, teacher_clean_gate: 1.0, teacher_adv_gate: 1.0, tm_grad_cos: 0.7676242589950562, tm_scale: 1.0, tm_ps_scale: 1.0, pcgrad_conflicts: 0/62
2026-07-04 03:20:30.000 | INFO     | __main__:<module>:482 - the 136th epoch 
2026-07-04 03:20:30.433 | INFO     | __main__:<module>:917 - lr:0.1 weight_nat: 0.24788235055526087, nat_loss: 0.010085023939609528, weight_adv: 0.7521176494447391, adv_loss: 0.016254976391792297 weight-klloss3 0.08174 Loss3: 0.027495767921209335 clean_ce: 0.14566871523857117, adv_ce: 1.135970950126648, adv_margin: 0.5360857248306274, clean_gate: 0.5886839032173157, teacher_margin: 0.373212993144989, teacher_margin_gate: 0.6692906618118286, teacher_clean_gate: 1.0, teacher_adv_gate: 1.0, tm_grad_cos: 0.7821201682090759, tm_scale: 1.0, tm_ps_scale: 1.0, pcgrad_conflicts: 0/62
2026-07-04 03:21:09.194 | INFO     | __main__:<module>:917 - lr:0.1 weight_nat: 0.257393351472982, nat_loss: 0.008758525364100933, weight_adv: 0.7426066485270181, adv_loss: 0.017772188410162926 weight-klloss3 0.08174 Loss3: 0.03372398763895035 clean_ce: 0.15341851115226746, adv_ce: 1.0306168794631958, adv_margin: 0.44323039054870605, clean_gate: 0.628028154373169, teacher_margin: 0.37117964029312134, teacher_margin_gate: 0.7100963592529297, teacher_clean_gate: 1.0, teacher_adv_gate: 1.0, tm_grad_cos: 0.7334725856781006, tm_scale: 1.0, tm_ps_scale: 1.0, pcgrad_conflicts: 0/62
2026-07-04 03:21:48.035 | INFO     | __main__:<module>:917 - lr:0.1 weight_nat: 0.25545349006171947, nat_loss: 0.013377874158322811, weight_adv: 0.7445465099382805, adv_loss: 0.021186772733926773 weight-klloss3 0.08174 Loss3: 0.045390188694000244 clean_ce: 0.15019343793392181, adv_ce: 1.1924827098846436, adv_margin: 0.5674290060997009, clean_gate: 0.5398068428039551, teacher_margin: 0.4728393256664276, teacher_margin_gate: 0.6515927314758301, teacher_clean_gate: 1.0, teacher_adv_gate: 1.0, tm_grad_cos: 0.8091879487037659, tm_scale: 1.0, tm_ps_scale: 1.0, pcgrad_conflicts: 0/62
2026-07-04 03:22:27.313 | INFO     | __main__:<module>:917 - lr:0.1 weight_nat: 0.25979165376994245, nat_loss: 0.019131558015942574, weight_adv: 0.7402083462300575, adv_loss: 0.022047288715839386 weight-klloss3 0.08174 Loss3: 0.031864091753959656 clean_ce: 0.1513936072587967, adv_ce: 1.1456025838851929, adv_margin: 0.50489741563797, clean_gate: 0.5516541004180908, teacher_margin: 0.5038082003593445, teacher_margin_gate: 0.6861797571182251, teacher_clean_gate: 1.0, teacher_adv_gate: 1.0, tm_grad_cos: 0.8062501549720764, tm_scale: 1.0, tm_ps_scale: 1.0, pcgrad_conflicts: 0/62
2026-07-04 03:23:02.513 | INFO     | __main__:<module>:482 - the 137th epoch 
2026-07-04 03:23:02.951 | INFO     | __main__:<module>:917 - lr:0.1 weight_nat: 0.2533418291110947, nat_loss: 0.012423530220985413, weight_adv: 0.7466581708889053, adv_loss: 0.022965215146541595 weight-klloss3 0.08174 Loss3: 0.03697703033685684 clean_ce: 0.14246752858161926, adv_ce: 1.1775859594345093, adv_margin: 0.5535728931427002, clean_gate: 0.5645526647567749, teacher_margin: 0.5016060471534729, teacher_margin_gate: 0.6873456239700317, teacher_clean_gate: 1.0, teacher_adv_gate: 1.0, tm_grad_cos: 0.7813693284988403, tm_scale: 1.0, tm_ps_scale: 1.0, pcgrad_conflicts: 0/62
2026-07-04 03:23:42.244 | INFO     | __main__:<module>:917 - lr:0.1 weight_nat: 0.2548893914439457, nat_loss: 0.009987098164856434, weight_adv: 0.7451106085560544, adv_loss: 0.022992048412561417 weight-klloss3 0.08174 Loss3: 0.027374152094125748 clean_ce: 0.156261146068573, adv_ce: 1.1369558572769165, adv_margin: 0.5171549320220947, clean_gate: 0.5681326985359192, teacher_margin: 0.535495400428772, teacher_margin_gate: 0.7193011045455933, teacher_clean_gate: 1.0, teacher_adv_gate: 1.0, tm_grad_cos: 0.8077282905578613, tm_scale: 1.0, tm_ps_scale: 1.0, pcgrad_conflicts: 0/62
2026-07-04 03:24:21.540 | INFO     | __main__:<module>:917 - lr:0.1 weight_nat: 0.2619603840315806, nat_loss: 0.011300339363515377, weight_adv: 0.7380396159684195, adv_loss: 0.02103200927376747 weight-klloss3 0.08174 Loss3: 0.0240909606218338 clean_ce: 0.154021218419075, adv_ce: 1.200931191444397, adv_margin: 0.5757145285606384, clean_gate: 0.5646228790283203, teacher_margin: 0.47881895303726196, teacher_margin_gate: 0.6854557394981384, teacher_clean_gate: 1.0, teacher_adv_gate: 1.0, tm_grad_cos: 0.800003707408905, tm_scale: 1.0, tm_ps_scale: 1.0, pcgrad_conflicts: 0/62
2026-07-04 03:25:00.713 | INFO     | __main__:<module>:917 - lr:0.1 weight_nat: 0.25531937124571297, nat_loss: 0.012191355228424072, weight_adv: 0.7446806287542871, adv_loss: 0.021210119128227234 weight-klloss3 0.08174 Loss3: 0.03267284482717514 clean_ce: 0.15551906824111938, adv_ce: 1.1630511283874512, adv_margin: 0.5396285653114319, clean_gate: 0.5823184251785278, teacher_margin: 0.37899285554885864, teacher_margin_gate: 0.6593044996261597, teacher_clean_gate: 1.0, teacher_adv_gate: 1.0, tm_grad_cos: 0.7133270502090454, tm_scale: 1.0, tm_ps_scale: 1.0, pcgrad_conflicts: 0/62
2026-07-04 03:25:35.521 | INFO     | __main__:<module>:482 - the 138th epoch 
2026-07-04 03:25:35.954 | INFO     | __main__:<module>:917 - lr:0.1 weight_nat: 0.25631155165959846, nat_loss: 0.01706688664853573, weight_adv: 0.7436884483404016, adv_loss: 0.020484551787376404 weight-klloss3 0.08174 Loss3: 0.029911043122410774 clean_ce: 0.13536641001701355, adv_ce: 1.0803061723709106, adv_margin: 0.5111438632011414, clean_gate: 0.623738169670105, teacher_margin: 0.4144099950790405, teacher_margin_gate: 0.7152150869369507, teacher_clean_gate: 1.0, teacher_adv_gate: 1.0, tm_grad_cos: 0.7663704752922058, tm_scale: 1.0, tm_ps_scale: 1.0, pcgrad_conflicts: 0/62
2026-07-04 03:26:14.807 | INFO     | __main__:<module>:917 - lr:0.1 weight_nat: 0.2539374284093424, nat_loss: 0.008720739744603634, weight_adv: 0.7460625715906576, adv_loss: 0.019327260553836823 weight-klloss3 0.08174 Loss3: 0.03254055976867676 clean_ce: 0.1457485854625702, adv_ce: 1.0099093914031982, adv_margin: 0.3753536343574524, clean_gate: 0.6070066690444946, teacher_margin: 0.49533993005752563, teacher_margin_gate: 0.7337361574172974, teacher_clean_gate: 1.0, teacher_adv_gate: 1.0, tm_grad_cos: 0.8117820024490356, tm_scale: 1.0, tm_ps_scale: 1.0, pcgrad_conflicts: 0/62
2026-07-04 03:26:53.644 | INFO     | __main__:<module>:917 - lr:0.1 weight_nat: 0.25017767351975617, nat_loss: 0.012966248206794262, weight_adv: 0.7498223264802439, adv_loss: 0.01924308016896248 weight-klloss3 0.08174 Loss3: 0.041763294488191605 clean_ce: 0.1538611352443695, adv_ce: 1.092017412185669, adv_margin: 0.49858272075653076, clean_gate: 0.5924975872039795, teacher_margin: 0.43822264671325684, teacher_margin_gate: 0.7223928570747375, teacher_clean_gate: 1.0, teacher_adv_gate: 1.0, tm_grad_cos: 0.7820590734481812, tm_scale: 1.0, tm_ps_scale: 1.0, pcgrad_conflicts: 0/62
2026-07-04 03:27:32.507 | INFO     | __main__:<module>:917 - lr:0.1 weight_nat: 0.24504522932323308, nat_loss: 0.014090356417000294, weight_adv: 0.7549547706767669, adv_loss: 0.02213512547314167 weight-klloss3 0.08174 Loss3: 0.04039020836353302 clean_ce: 0.14660105109214783, adv_ce: 1.1995552778244019, adv_margin: 0.6037033796310425, clean_gate: 0.5669135451316833, teacher_margin: 0.5066710114479065, teacher_margin_gate: 0.7020444869995117, teacher_clean_gate: 1.0, teacher_adv_gate: 1.0, tm_grad_cos: 0.7644098401069641, tm_scale: 1.0, tm_ps_scale: 1.0, pcgrad_conflicts: 0/62
2026-07-04 03:28:07.301 | INFO     | __main__:<module>:482 - the 139th epoch 
2026-07-04 03:28:07.735 | INFO     | __main__:<module>:917 - lr:0.1 weight_nat: 0.24861797712101524, nat_loss: 0.011679424904286861, weight_adv: 0.7513820228789849, adv_loss: 0.02268664911389351 weight-klloss3 0.08174 Loss3: 0.032861143350601196 clean_ce: 0.14931872487068176, adv_ce: 1.0958492755889893, adv_margin: 0.5073102712631226, clean_gate: 0.5671188235282898, teacher_margin: 0.5334409475326538, teacher_margin_gate: 0.7056944370269775, teacher_clean_gate: 1.0, teacher_adv_gate: 1.0, tm_grad_cos: 0.8176385760307312, tm_scale: 1.0, tm_ps_scale: 1.0, pcgrad_conflicts: 0/62
2026-07-04 03:28:46.556 | INFO     | __main__:<module>:917 - lr:0.1 weight_nat: 0.24726199495622733, nat_loss: 0.012399004772305489, weight_adv: 0.7527380050437729, adv_loss: 0.020998340100049973 weight-klloss3 0.08174 Loss3: 0.03157644346356392 clean_ce: 0.16194681823253632, adv_ce: 0.9918148517608643, adv_margin: 0.40665411949157715, clean_gate: 0.6264528036117554, teacher_margin: 0.49688607454299927, teacher_margin_gate: 0.7454110383987427, teacher_clean_gate: 1.0, teacher_adv_gate: 1.0, tm_grad_cos: 0.7759405374526978, tm_scale: 1.0, tm_ps_scale: 1.0, pcgrad_conflicts: 0/62
2026-07-04 03:29:25.372 | INFO     | __main__:<module>:917 - lr:0.1 weight_nat: 0.24354625160200447, nat_loss: 0.009650910273194313, weight_adv: 0.7564537483979956, adv_loss: 0.020941782742738724 weight-klloss3 0.08174 Loss3: 0.03356581926345825 clean_ce: 0.14708161354064941, adv_ce: 1.1243358850479126, adv_margin: 0.564313530921936, clean_gate: 0.5658210515975952, teacher_margin: 0.4605146050453186, teacher_margin_gate: 0.6839317083358765, teacher_clean_gate: 1.0, teacher_adv_gate: 1.0, tm_grad_cos: 0.7824727892875671, tm_scale: 1.0, tm_ps_scale: 1.0, pcgrad_conflicts: 0/62
2026-07-04 03:30:04.221 | INFO     | __main__:<module>:917 - lr:0.1 weight_nat: 0.24621125787591086, nat_loss: 0.010927250608801842, weight_adv: 0.7537887421240891, adv_loss: 0.020561426877975464 weight-klloss3 0.08174 Loss3: 0.04668324813246727 clean_ce: 0.1457105278968811, adv_ce: 1.0030714273452759, adv_margin: 0.3970072567462921, clean_gate: 0.6053839325904846, teacher_margin: 0.5043537616729736, teacher_margin_gate: 0.7382217645645142, teacher_clean_gate: 1.0, teacher_adv_gate: 1.0, tm_grad_cos: 0.7858045101165771, tm_scale: 1.0, tm_ps_scale: 1.0, pcgrad_conflicts: 0/62
2026-07-04 03:30:39.072 | INFO     | __main__:<module>:482 - the 140th epoch 
2026-07-04 03:30:39.507 | INFO     | __main__:<module>:917 - lr:0.1 weight_nat: 0.24836218499967755, nat_loss: 0.01103486493229866, weight_adv: 0.7516378150003225, adv_loss: 0.02099675126373768 weight-klloss3 0.08174 Loss3: 0.04231034591794014 clean_ce: 0.15045443177223206, adv_ce: 1.1125339269638062, adv_margin: 0.4734179973602295, clean_gate: 0.589094877243042, teacher_margin: 0.49628710746765137, teacher_margin_gate: 0.7142184972763062, teacher_clean_gate: 1.0, teacher_adv_gate: 1.0, tm_grad_cos: 0.80242919921875, tm_scale: 1.0, tm_ps_scale: 1.0, pcgrad_conflicts: 0/62
2026-07-04 03:31:18.343 | INFO     | __main__:<module>:917 - lr:0.1 weight_nat: 0.25885695631225586, nat_loss: 0.012954944744706154, weight_adv: 0.7411430436877442, adv_loss: 0.021881166845560074 weight-klloss3 0.08174 Loss3: 0.022316541522741318 clean_ce: 0.14721955358982086, adv_ce: 1.0604757070541382, adv_margin: 0.4834887981414795, clean_gate: 0.6029574871063232, teacher_margin: 0.4470752775669098, teacher_margin_gate: 0.7112659215927124, teacher_clean_gate: 1.0, teacher_adv_gate: 1.0, tm_grad_cos: 0.7498484253883362, tm_scale: 1.0, tm_ps_scale: 1.0, pcgrad_conflicts: 0/62
2026-07-04 03:31:57.145 | INFO     | __main__:<module>:917 - lr:0.1 weight_nat: 0.25036761395345725, nat_loss: 0.00870373472571373, weight_adv: 0.7496323860465428, adv_loss: 0.02193693071603775 weight-klloss3 0.08174 Loss3: 0.03769420087337494 clean_ce: 0.1455429643392563, adv_ce: 1.0155731439590454, adv_margin: 0.446491539478302, clean_gate: 0.6288780570030212, teacher_margin: 0.5124890804290771, teacher_margin_gate: 0.7694677710533142, teacher_clean_gate: 1.0, teacher_adv_gate: 1.0, tm_grad_cos: 0.8091912269592285, tm_scale: 1.0, tm_ps_scale: 1.0, pcgrad_conflicts: 0/62
2026-07-04 03:32:35.927 | INFO     | __main__:<module>:917 - lr:0.1 weight_nat: 0.2504227089540618, nat_loss: 0.012537896633148193, weight_adv: 0.7495772910459383, adv_loss: 0.02305900678038597 weight-klloss3 0.08174 Loss3: 0.02630055695772171 clean_ce: 0.1527702659368515, adv_ce: 1.114571213722229, adv_margin: 0.49589139223098755, clean_gate: 0.5674642324447632, teacher_margin: 0.5886188745498657, teacher_margin_gate: 0.7375330924987793, teacher_clean_gate: 1.0, teacher_adv_gate: 1.0, tm_grad_cos: 0.8334507942199707, tm_scale: 1.0, tm_ps_scale: 1.0, pcgrad_conflicts: 0/62
2026-07-04 03:33:28.641 | INFO     | __main__:<module>:974 - student robust acc 0.5247, teacher robust acc 0.6671, nat teacher robust acc 0.5369
2026-07-04 03:33:33.614 | INFO     | __main__:<module>:1061 - student natural acc 0.8882, adv teacher natural acc 0.8742, nat teacher natural acc 0.9318
2026-07-04 03:33:33.616 | INFO     | __main__:<module>:482 - the 141th epoch 
2026-07-04 03:33:34.024 | INFO     | __main__:<module>:917 - lr:0.1 weight_nat: 0.24787647102187998, nat_loss: 0.01204138994216919, weight_adv: 0.7521235289781201, adv_loss: 0.02184712141752243 weight-klloss3 0.08174 Loss3: 0.030733613297343254 clean_ce: 0.1490420401096344, adv_ce: 1.1259256601333618, adv_margin: 0.4612712860107422, clean_gate: 0.5618993043899536, teacher_margin: 0.47282683849334717, teacher_margin_gate: 0.6593077182769775, teacher_clean_gate: 1.0, teacher_adv_gate: 1.0, tm_grad_cos: 0.7987248301506042, tm_scale: 1.0, tm_ps_scale: 1.0, pcgrad_conflicts: 0/62
2026-07-04 03:34:12.784 | INFO     | __main__:<module>:917 - lr:0.1 weight_nat: 0.2507328391117365, nat_loss: 0.011543583124876022, weight_adv: 0.7492671608882635, adv_loss: 0.029012788087129593 weight-klloss3 0.08174 Loss3: 0.03463394567370415 clean_ce: 0.1407516896724701, adv_ce: 1.2733584642410278, adv_margin: 0.7366040945053101, clean_gate: 0.5376757383346558, teacher_margin: 0.5834131836891174, teacher_margin_gate: 0.7093688249588013, teacher_clean_gate: 1.0, teacher_adv_gate: 1.0, tm_grad_cos: 0.7837006449699402, tm_scale: 1.0, tm_ps_scale: 1.0, pcgrad_conflicts: 0/62
2026-07-04 03:34:51.555 | INFO     | __main__:<module>:917 - lr:0.1 weight_nat: 0.26466475662207367, nat_loss: 0.009757527150213718, weight_adv: 0.7353352433779264, adv_loss: 0.021533653140068054 weight-klloss3 0.08174 Loss3: 0.025904066860675812 clean_ce: 0.1530194878578186, adv_ce: 1.0725740194320679, adv_margin: 0.4444778561592102, clean_gate: 0.5931190252304077, teacher_margin: 0.49086523056030273, teacher_margin_gate: 0.7171311378479004, teacher_clean_gate: 1.0, teacher_adv_gate: 1.0, tm_grad_cos: 0.776727557182312, tm_scale: 1.0, tm_ps_scale: 1.0, pcgrad_conflicts: 0/62
2026-07-04 03:35:30.306 | INFO     | __main__:<module>:917 - lr:0.1 weight_nat: 0.2536467318074889, nat_loss: 0.013319596648216248, weight_adv: 0.7463532681925111, adv_loss: 0.02320278249680996 weight-klloss3 0.08174 Loss3: 0.0325222983956337 clean_ce: 0.15307806432247162, adv_ce: 1.181014895439148, adv_margin: 0.5631775856018066, clean_gate: 0.5500764846801758, teacher_margin: 0.5147393941879272, teacher_margin_gate: 0.6636581420898438, teacher_clean_gate: 1.0, teacher_adv_gate: 1.0, tm_grad_cos: 0.8144802451133728, tm_scale: 1.0, tm_ps_scale: 1.0, pcgrad_conflicts: 0/62
2026-07-04 03:36:05.023 | INFO     | __main__:<module>:482 - the 142th epoch 
2026-07-04 03:36:05.455 | INFO     | __main__:<module>:917 - lr:0.1 weight_nat: 0.25272296014870393, nat_loss: 0.009742182679474354, weight_adv: 0.7472770398512961, adv_loss: 0.018376417458057404 weight-klloss3 0.08174 Loss3: 0.03688617795705795 clean_ce: 0.14793050289154053, adv_ce: 1.0458099842071533, adv_margin: 0.47521162033081055, clean_gate: 0.603195071220398, teacher_margin: 0.4014822840690613, teacher_margin_gate: 0.6975870132446289, teacher_clean_gate: 1.0, teacher_adv_gate: 1.0, tm_grad_cos: 0.7594798803329468, tm_scale: 1.0, tm_ps_scale: 1.0, pcgrad_conflicts: 0/62
2026-07-04 03:36:44.233 | INFO     | __main__:<module>:917 - lr:0.1 weight_nat: 0.2600014502566022, nat_loss: 0.011340423487126827, weight_adv: 0.7399985497433978, adv_loss: 0.0193898007273674 weight-klloss3 0.08174 Loss3: 0.03467429429292679 clean_ce: 0.15577533841133118, adv_ce: 1.0428873300552368, adv_margin: 0.47493472695350647, clean_gate: 0.6198582649230957, teacher_margin: 0.4517486095428467, teacher_margin_gate: 0.7396324276924133, teacher_clean_gate: 1.0, teacher_adv_gate: 1.0, tm_grad_cos: 0.7747018337249756, tm_scale: 1.0, tm_ps_scale: 1.0, pcgrad_conflicts: 0/62
2026-07-04 03:37:23.391 | INFO     | __main__:<module>:917 - lr:0.1 weight_nat: 0.2543364631680943, nat_loss: 0.009471429511904716, weight_adv: 0.7456635368319058, adv_loss: 0.023466065526008606 weight-klloss3 0.08174 Loss3: 0.042725928127765656 clean_ce: 0.13963161408901215, adv_ce: 1.2442753314971924, adv_margin: 0.5867296457290649, clean_gate: 0.5407109260559082, teacher_margin: 0.539305567741394, teacher_margin_gate: 0.6804009079933167, teacher_clean_gate: 1.0, teacher_adv_gate: 1.0, tm_grad_cos: 0.7927103042602539, tm_scale: 1.0, tm_ps_scale: 1.0, pcgrad_conflicts: 0/62
2026-07-04 03:38:02.628 | INFO     | __main__:<module>:917 - lr:0.1 weight_nat: 0.2540462578644992, nat_loss: 0.013443628326058388, weight_adv: 0.7459537421355008, adv_loss: 0.02471891976892948 weight-klloss3 0.08174 Loss3: 0.037390463054180145 clean_ce: 0.16179750859737396, adv_ce: 1.2056174278259277, adv_margin: 0.6123985052108765, clean_gate: 0.5666103363037109, teacher_margin: 0.5145140290260315, teacher_margin_gate: 0.7100595831871033, teacher_clean_gate: 1.0, teacher_adv_gate: 1.0, tm_grad_cos: 0.7640327215194702, tm_scale: 1.0, tm_ps_scale: 1.0, pcgrad_conflicts: 0/62
2026-07-04 03:38:37.792 | INFO     | __main__:<module>:482 - the 143th epoch 
2026-07-04 03:38:38.229 | INFO     | __main__:<module>:917 - lr:0.1 weight_nat: 0.24709516097783746, nat_loss: 0.008651698008179665, weight_adv: 0.7529048390221625, adv_loss: 0.019507374614477158 weight-klloss3 0.08174 Loss3: 0.03339606523513794 clean_ce: 0.1682492047548294, adv_ce: 1.0812970399856567, adv_margin: 0.4916483461856842, clean_gate: 0.5839316844940186, teacher_margin: 0.4466457962989807, teacher_margin_gate: 0.6896350383758545, teacher_clean_gate: 1.0, teacher_adv_gate: 1.0, tm_grad_cos: 0.7836006879806519, tm_scale: 1.0, tm_ps_scale: 1.0, pcgrad_conflicts: 0/62
2026-07-04 03:39:17.481 | INFO     | __main__:<module>:917 - lr:0.1 weight_nat: 0.25575546073329475, nat_loss: 0.009087830781936646, weight_adv: 0.7442445392667053, adv_loss: 0.018254516646265984 weight-klloss3 0.08174 Loss3: 0.03829987719655037 clean_ce: 0.13423606753349304, adv_ce: 1.0701035261154175, adv_margin: 0.5221048593521118, clean_gate: 0.5834976434707642, teacher_margin: 0.44141095876693726, teacher_margin_gate: 0.6902817487716675, teacher_clean_gate: 1.0, teacher_adv_gate: 1.0, tm_grad_cos: 0.8034271597862244, tm_scale: 1.0, tm_ps_scale: 1.0, pcgrad_conflicts: 0/62
2026-07-04 03:39:56.726 | INFO     | __main__:<module>:917 - lr:0.1 weight_nat: 0.2507743663356014, nat_loss: 0.011414731852710247, weight_adv: 0.7492256336643986, adv_loss: 0.0222134031355381 weight-klloss3 0.08174 Loss3: 0.03562268987298012 clean_ce: 0.1506715714931488, adv_ce: 1.0808085203170776, adv_margin: 0.5261234045028687, clean_gate: 0.5889602303504944, teacher_margin: 0.5067743062973022, teacher_margin_gate: 0.725656270980835, teacher_clean_gate: 1.0, teacher_adv_gate: 1.0, tm_grad_cos: 0.7749892473220825, tm_scale: 1.0, tm_ps_scale: 1.0, pcgrad_conflicts: 0/62
2026-07-04 03:40:35.582 | INFO     | __main__:<module>:917 - lr:0.1 weight_nat: 0.2459155710144025, nat_loss: 0.011370404623448849, weight_adv: 0.7540844289855977, adv_loss: 0.02305510640144348 weight-klloss3 0.08174 Loss3: 0.03067486733198166 clean_ce: 0.15157447755336761, adv_ce: 1.0940208435058594, adv_margin: 0.46694454550743103, clean_gate: 0.5825413465499878, teacher_margin: 0.560217022895813, teacher_margin_gate: 0.7395375967025757, teacher_clean_gate: 1.0, teacher_adv_gate: 1.0, tm_grad_cos: 0.8245242238044739, tm_scale: 1.0, tm_ps_scale: 1.0, pcgrad_conflicts: 0/62
2026-07-04 03:41:10.319 | INFO     | __main__:<module>:482 - the 144th epoch 
2026-07-04 03:41:10.750 | INFO     | __main__:<module>:917 - lr:0.1 weight_nat: 0.2490643569820193, nat_loss: 0.010242129676043987, weight_adv: 0.7509356430179805, adv_loss: 0.023170337080955505 weight-klloss3 0.08174 Loss3: 0.030730031430721283 clean_ce: 0.14791075885295868, adv_ce: 1.109162449836731, adv_margin: 0.5320858955383301, clean_gate: 0.5785919427871704, teacher_margin: 0.5115407705307007, teacher_margin_gate: 0.7261241674423218, teacher_clean_gate: 1.0, teacher_adv_gate: 1.0, tm_grad_cos: 0.8097822070121765, tm_scale: 1.0, tm_ps_scale: 1.0, pcgrad_conflicts: 0/62
2026-07-04 03:41:49.568 | INFO     | __main__:<module>:917 - lr:0.1 weight_nat: 0.25366334424817877, nat_loss: 0.010450105182826519, weight_adv: 0.7463366557518213, adv_loss: 0.015228614211082458 weight-klloss3 0.08174 Loss3: 0.034715376794338226 clean_ce: 0.12413130700588226, adv_ce: 1.153082251548767, adv_margin: 0.6039983034133911, clean_gate: 0.5855188369750977, teacher_margin: 0.3335944414138794, teacher_margin_gate: 0.6662323474884033, teacher_clean_gate: 1.0, teacher_adv_gate: 1.0, tm_grad_cos: 0.703723669052124, tm_scale: 1.0, tm_ps_scale: 1.0, pcgrad_conflicts: 1/62
2026-07-04 03:42:28.371 | INFO     | __main__:<module>:917 - lr:0.1 weight_nat: 0.25647072190358117, nat_loss: 0.010724741965532303, weight_adv: 0.7435292780964189, adv_loss: 0.019058773294091225 weight-klloss3 0.08174 Loss3: 0.02818656712770462 clean_ce: 0.1460413932800293, adv_ce: 1.080121636390686, adv_margin: 0.4858570694923401, clean_gate: 0.6027477979660034, teacher_margin: 0.4554802179336548, teacher_margin_gate: 0.7190054655075073, teacher_clean_gate: 1.0, teacher_adv_gate: 1.0, tm_grad_cos: 0.7818140983581543, tm_scale: 1.0, tm_ps_scale: 1.0, pcgrad_conflicts: 0/62
2026-07-04 03:43:07.181 | INFO     | __main__:<module>:917 - lr:0.1 weight_nat: 0.24540110316337752, nat_loss: 0.01199256256222725, weight_adv: 0.7545988968366226, adv_loss: 0.021044693887233734 weight-klloss3 0.08174 Loss3: 0.04509430006146431 clean_ce: 0.13805623352527618, adv_ce: 1.1378027200698853, adv_margin: 0.5511863231658936, clean_gate: 0.5976200103759766, teacher_margin: 0.4505407214164734, teacher_margin_gate: 0.7169981002807617, teacher_clean_gate: 1.0, teacher_adv_gate: 1.0, tm_grad_cos: 0.8003337979316711, tm_scale: 1.0, tm_ps_scale: 1.0, pcgrad_conflicts: 0/62
2026-07-04 03:43:41.933 | INFO     | __main__:<module>:482 - the 145th epoch 
2026-07-04 03:43:42.366 | INFO     | __main__:<module>:917 - lr:0.1 weight_nat: 0.24905749655047982, nat_loss: 0.007848109118640423, weight_adv: 0.7509425034495202, adv_loss: 0.02076055482029915 weight-klloss3 0.08174 Loss3: 0.03838840499520302 clean_ce: 0.14927521347999573, adv_ce: 1.0459750890731812, adv_margin: 0.4319084882736206, clean_gate: 0.6100741624832153, teacher_margin: 0.458476722240448, teacher_margin_gate: 0.729562520980835, teacher_clean_gate: 1.0, teacher_adv_gate: 1.0, tm_grad_cos: 0.7702734470367432, tm_scale: 1.0, tm_ps_scale: 1.0, pcgrad_conflicts: 0/62
2026-07-04 03:44:21.141 | INFO     | __main__:<module>:917 - lr:0.1 weight_nat: 0.2567971793724295, nat_loss: 0.009999528527259827, weight_adv: 0.7432028206275705, adv_loss: 0.024786517024040222 weight-klloss3 0.08174 Loss3: 0.03171071782708168 clean_ce: 0.1472547948360443, adv_ce: 1.2480286359786987, adv_margin: 0.6594610214233398, clean_gate: 0.5493270754814148, teacher_margin: 0.5050202012062073, teacher_margin_gate: 0.6654200553894043, teacher_clean_gate: 1.0, teacher_adv_gate: 1.0, tm_grad_cos: 0.7802294492721558, tm_scale: 1.0, tm_ps_scale: 1.0, pcgrad_conflicts: 0/62
2026-07-04 03:44:59.881 | INFO     | __main__:<module>:917 - lr:0.1 weight_nat: 0.2576642132676634, nat_loss: 0.011129887774586678, weight_adv: 0.7423357867323367, adv_loss: 0.01937604695558548 weight-klloss3 0.08174 Loss3: 0.03580183908343315 clean_ce: 0.15401040017604828, adv_ce: 1.1273218393325806, adv_margin: 0.5102343559265137, clean_gate: 0.583159327507019, teacher_margin: 0.4630814790725708, teacher_margin_gate: 0.7016483545303345, teacher_clean_gate: 1.0, teacher_adv_gate: 1.0, tm_grad_cos: 0.7834985852241516, tm_scale: 1.0, tm_ps_scale: 1.0, pcgrad_conflicts: 1/62
2026-07-04 03:45:38.629 | INFO     | __main__:<module>:917 - lr:0.1 weight_nat: 0.25814851398844446, nat_loss: 0.012635457329452038, weight_adv: 0.7418514860115556, adv_loss: 0.02940942347049713 weight-klloss3 0.08174 Loss3: 0.0316118448972702 clean_ce: 0.12764428555965424, adv_ce: 1.192243218421936, adv_margin: 0.7142108678817749, clean_gate: 0.5702283382415771, teacher_margin: 0.6029559373855591, teacher_margin_gate: 0.7449329495429993, teacher_clean_gate: 1.0, teacher_adv_gate: 1.0, tm_grad_cos: 0.8173817992210388, tm_scale: 1.0, tm_ps_scale: 1.0, pcgrad_conflicts: 0/62
2026-07-04 03:46:13.369 | INFO     | __main__:<module>:482 - the 146th epoch 
2026-07-04 03:46:13.803 | INFO     | __main__:<module>:917 - lr:0.1 weight_nat: 0.25232749071334615, nat_loss: 0.011774963699281216, weight_adv: 0.7476725092866539, adv_loss: 0.03296491876244545 weight-klloss3 0.08174 Loss3: 0.04363720864057541 clean_ce: 0.13259318470954895, adv_ce: 1.263830304145813, adv_margin: 0.7490159273147583, clean_gate: 0.5544207096099854, teacher_margin: 0.6290237307548523, teacher_margin_gate: 0.7383421659469604, teacher_clean_gate: 1.0, teacher_adv_gate: 1.0, tm_grad_cos: 0.8102763295173645, tm_scale: 1.0, tm_ps_scale: 1.0, pcgrad_conflicts: 0/62
2026-07-04 03:46:52.632 | INFO     | __main__:<module>:917 - lr:0.1 weight_nat: 0.25945677700883796, nat_loss: 0.010513054206967354, weight_adv: 0.7405432229911622, adv_loss: 0.018379859626293182 weight-klloss3 0.08174 Loss3: 0.02982054278254509 clean_ce: 0.1500924825668335, adv_ce: 1.09841787815094, adv_margin: 0.5185605883598328, clean_gate: 0.612074077129364, teacher_margin: 0.3341938257217407, teacher_margin_gate: 0.6728225946426392, teacher_clean_gate: 1.0, teacher_adv_gate: 1.0, tm_grad_cos: 0.7694539427757263, tm_scale: 1.0, tm_ps_scale: 1.0, pcgrad_conflicts: 0/62
2026-07-04 03:47:31.448 | INFO     | __main__:<module>:917 - lr:0.1 weight_nat: 0.24909240447363806, nat_loss: 0.014029514975845814, weight_adv: 0.750907595526362, adv_loss: 0.02629103884100914 weight-klloss3 0.08174 Loss3: 0.026942383497953415 clean_ce: 0.12258146703243256, adv_ce: 1.2625529766082764, adv_margin: 0.6740178465843201, clean_gate: 0.5348289012908936, teacher_margin: 0.5652614831924438, teacher_margin_gate: 0.6872793436050415, teacher_clean_gate: 1.0, teacher_adv_gate: 1.0, tm_grad_cos: 0.7964336276054382, tm_scale: 1.0, tm_ps_scale: 1.0, pcgrad_conflicts: 0/62
2026-07-04 03:48:10.245 | INFO     | __main__:<module>:917 - lr:0.1 weight_nat: 0.24934859887278366, nat_loss: 0.011600482277572155, weight_adv: 0.7506514011272165, adv_loss: 0.023024991154670715 weight-klloss3 0.08174 Loss3: 0.021468892693519592 clean_ce: 0.1398792415857315, adv_ce: 0.9871465563774109, adv_margin: 0.43914249539375305, clean_gate: 0.6274929046630859, teacher_margin: 0.46894729137420654, teacher_margin_gate: 0.7473531365394592, teacher_clean_gate: 1.0, teacher_adv_gate: 1.0, tm_grad_cos: 0.764714777469635, tm_scale: 1.0, tm_ps_scale: 1.0, pcgrad_conflicts: 0/62
2026-07-04 03:48:45.034 | INFO     | __main__:<module>:482 - the 147th epoch 
2026-07-04 03:48:45.468 | INFO     | __main__:<module>:917 - lr:0.1 weight_nat: 0.2507979885851693, nat_loss: 0.014098635874688625, weight_adv: 0.7492020114148308, adv_loss: 0.020232386887073517 weight-klloss3 0.08174 Loss3: 0.03902477025985718 clean_ce: 0.16121479868888855, adv_ce: 1.2008192539215088, adv_margin: 0.5999107360839844, clean_gate: 0.5752856731414795, teacher_margin: 0.3985419273376465, teacher_margin_gate: 0.6729199886322021, teacher_clean_gate: 1.0, teacher_adv_gate: 1.0, tm_grad_cos: 0.7142689228057861, tm_scale: 1.0, tm_ps_scale: 1.0, pcgrad_conflicts: 0/62
2026-07-04 03:49:24.340 | INFO     | __main__:<module>:917 - lr:0.1 weight_nat: 0.24996946610088489, nat_loss: 0.012288021855056286, weight_adv: 0.7500305338991151, adv_loss: 0.018516145646572113 weight-klloss3 0.08174 Loss3: 0.03091520443558693 clean_ce: 0.15217077732086182, adv_ce: 1.007427453994751, adv_margin: 0.41936349868774414, clean_gate: 0.6348083019256592, teacher_margin: 0.431973397731781, teacher_margin_gate: 0.7371983528137207, teacher_clean_gate: 1.0, teacher_adv_gate: 1.0, tm_grad_cos: 0.7878516316413879, tm_scale: 1.0, tm_ps_scale: 1.0, pcgrad_conflicts: 0/62
2026-07-04 03:50:03.242 | INFO     | __main__:<module>:917 - lr:0.1 weight_nat: 0.24773014046163397, nat_loss: 0.009414142929017544, weight_adv: 0.7522698595383659, adv_loss: 0.021985944360494614 weight-klloss3 0.08174 Loss3: 0.04041954129934311 clean_ce: 0.14741116762161255, adv_ce: 1.156019687652588, adv_margin: 0.5200250148773193, clean_gate: 0.566956639289856, teacher_margin: 0.5296461582183838, teacher_margin_gate: 0.7108975648880005, teacher_clean_gate: 1.0, teacher_adv_gate: 1.0, tm_grad_cos: 0.81435227394104, tm_scale: 1.0, tm_ps_scale: 1.0, pcgrad_conflicts: 0/62
2026-07-04 03:50:42.134 | INFO     | __main__:<module>:917 - lr:0.1 weight_nat: 0.24804519007655906, nat_loss: 0.011617436073720455, weight_adv: 0.751954809923441, adv_loss: 0.027230020612478256 weight-klloss3 0.08174 Loss3: 0.03230569511651993 clean_ce: 0.1333874762058258, adv_ce: 1.275254726409912, adv_margin: 0.6559526324272156, clean_gate: 0.517113983631134, teacher_margin: 0.618585467338562, teacher_margin_gate: 0.6691363453865051, teacher_clean_gate: 1.0, teacher_adv_gate: 1.0, tm_grad_cos: 0.819505512714386, tm_scale: 1.0, tm_ps_scale: 1.0, pcgrad_conflicts: 0/62
2026-07-04 03:51:17.339 | INFO     | __main__:<module>:482 - the 148th epoch 
2026-07-04 03:51:17.775 | INFO     | __main__:<module>:917 - lr:0.1 weight_nat: 0.2498728150270176, nat_loss: 0.008081692270934582, weight_adv: 0.7501271849729824, adv_loss: 0.015903988853096962 weight-klloss3 0.08174 Loss3: 0.030355267226696014 clean_ce: 0.147870272397995, adv_ce: 0.9211973547935486, adv_margin: 0.3617100417613983, clean_gate: 0.6475610136985779, teacher_margin: 0.37594857811927795, teacher_margin_gate: 0.738932192325592, teacher_clean_gate: 1.0, teacher_adv_gate: 1.0, tm_grad_cos: 0.7734220623970032, tm_scale: 1.0, tm_ps_scale: 1.0, pcgrad_conflicts: 0/62
2026-07-04 03:51:56.873 | INFO     | __main__:<module>:917 - lr:0.1 weight_nat: 0.25678477311480213, nat_loss: 0.010280425660312176, weight_adv: 0.7432152268851979, adv_loss: 0.0189914982765913 weight-klloss3 0.08174 Loss3: 0.03317912667989731 clean_ce: 0.1544041633605957, adv_ce: 1.0623505115509033, adv_margin: 0.4852239489555359, clean_gate: 0.6073018312454224, teacher_margin: 0.4471921920776367, teacher_margin_gate: 0.7261731624603271, teacher_clean_gate: 1.0, teacher_adv_gate: 1.0, tm_grad_cos: 0.7877894043922424, tm_scale: 1.0, tm_ps_scale: 1.0, pcgrad_conflicts: 0/62
2026-07-04 03:52:35.596 | INFO     | __main__:<module>:917 - lr:0.1 weight_nat: 0.25059885977497004, nat_loss: 0.012371956370770931, weight_adv: 0.74940114022503, adv_loss: 0.022646043449640274 weight-klloss3 0.08174 Loss3: 0.03290453180670738 clean_ce: 0.14385725557804108, adv_ce: 1.1304067373275757, adv_margin: 0.5142441391944885, clean_gate: 0.5450353622436523, teacher_margin: 0.5687211751937866, teacher_margin_gate: 0.7019343376159668, teacher_clean_gate: 1.0, teacher_adv_gate: 1.0, tm_grad_cos: 0.809903621673584, tm_scale: 1.0, tm_ps_scale: 1.0, pcgrad_conflicts: 0/62
2026-07-04 03:53:14.297 | INFO     | __main__:<module>:917 - lr:0.1 weight_nat: 0.2552308470961153, nat_loss: 0.0095995357260108, weight_adv: 0.7447691529038848, adv_loss: 0.022537846118211746 weight-klloss3 0.08174 Loss3: 0.03396294265985489 clean_ce: 0.13857132196426392, adv_ce: 1.1936638355255127, adv_margin: 0.6009408831596375, clean_gate: 0.5418652892112732, teacher_margin: 0.5124504566192627, teacher_margin_gate: 0.6740785837173462, teacher_clean_gate: 1.0, teacher_adv_gate: 1.0, tm_grad_cos: 0.7799137234687805, tm_scale: 1.0, tm_ps_scale: 1.0, pcgrad_conflicts: 0/62
2026-07-04 03:53:48.996 | INFO     | __main__:<module>:482 - the 149th epoch 
2026-07-04 03:53:49.427 | INFO     | __main__:<module>:917 - lr:0.1 weight_nat: 0.2552145972406657, nat_loss: 0.018739107996225357, weight_adv: 0.7447854027593344, adv_loss: 0.023705560714006424 weight-klloss3 0.08174 Loss3: 0.04156415909528732 clean_ce: 0.1467565894126892, adv_ce: 1.1320157051086426, adv_margin: 0.5153363943099976, clean_gate: 0.5546939373016357, teacher_margin: 0.5043662786483765, teacher_margin_gate: 0.6949816942214966, teacher_clean_gate: 1.0, teacher_adv_gate: 1.0, tm_grad_cos: 0.785254955291748, tm_scale: 1.0, tm_ps_scale: 1.0, pcgrad_conflicts: 0/62
2026-07-04 03:54:27.992 | INFO     | __main__:<module>:917 - lr:0.1 weight_nat: 0.26009142619431763, nat_loss: 0.0102308364585042, weight_adv: 0.7399085738056824, adv_loss: 0.020386945456266403 weight-klloss3 0.08174 Loss3: 0.0417943075299263 clean_ce: 0.14750930666923523, adv_ce: 1.0840463638305664, adv_margin: 0.484386682510376, clean_gate: 0.5828061103820801, teacher_margin: 0.4549667537212372, teacher_margin_gate: 0.7060750126838684, teacher_clean_gate: 1.0, teacher_adv_gate: 1.0, tm_grad_cos: 0.7758037447929382, tm_scale: 1.0, tm_ps_scale: 1.0, pcgrad_conflicts: 0/62
2026-07-04 03:55:06.499 | INFO     | __main__:<module>:917 - lr:0.1 weight_nat: 0.25380807635065034, nat_loss: 0.010024993680417538, weight_adv: 0.7461919236493496, adv_loss: 0.02129191905260086 weight-klloss3 0.08174 Loss3: 0.03183869644999504 clean_ce: 0.15656787157058716, adv_ce: 1.0712677240371704, adv_margin: 0.4396953582763672, clean_gate: 0.5939580202102661, teacher_margin: 0.43721893429756165, teacher_margin_gate: 0.7039703130722046, teacher_clean_gate: 1.0, teacher_adv_gate: 1.0, tm_grad_cos: 0.7692166566848755, tm_scale: 1.0, tm_ps_scale: 1.0, pcgrad_conflicts: 0/62
2026-07-04 03:55:45.013 | INFO     | __main__:<module>:917 - lr:0.1 weight_nat: 0.2596642026504008, nat_loss: 0.014982910826802254, weight_adv: 0.7403357973495992, adv_loss: 0.02939443476498127 weight-klloss3 0.08174 Loss3: 0.043313927948474884 clean_ce: 0.13951383531093597, adv_ce: 1.2616840600967407, adv_margin: 0.646378219127655, clean_gate: 0.5135172605514526, teacher_margin: 0.6746623516082764, teacher_margin_gate: 0.708437979221344, teacher_clean_gate: 1.0, teacher_adv_gate: 1.0, tm_grad_cos: 0.8237156271934509, tm_scale: 1.0, tm_ps_scale: 1.0, pcgrad_conflicts: 0/62
2026-07-04 03:56:19.586 | INFO     | __main__:<module>:482 - the 150th epoch 
2026-07-04 03:56:20.016 | INFO     | __main__:<module>:917 - lr:0.1 weight_nat: 0.24782097775206255, nat_loss: 0.012519137933850288, weight_adv: 0.7521790222479375, adv_loss: 0.025902308523654938 weight-klloss3 0.08174 Loss3: 0.037760742008686066 clean_ce: 0.1255549192428589, adv_ce: 1.2834296226501465, adv_margin: 0.6903312802314758, clean_gate: 0.5218902230262756, teacher_margin: 0.5662665367126465, teacher_margin_gate: 0.6791115999221802, teacher_clean_gate: 1.0, teacher_adv_gate: 1.0, tm_grad_cos: 0.7866608500480652, tm_scale: 1.0, tm_ps_scale: 1.0, pcgrad_conflicts: 0/62
2026-07-04 03:56:58.528 | INFO     | __main__:<module>:917 - lr:0.1 weight_nat: 0.25228960646745635, nat_loss: 0.009380786679685116, weight_adv: 0.7477103935325436, adv_loss: 0.019360406324267387 weight-klloss3 0.08174 Loss3: 0.022221535444259644 clean_ce: 0.14200511574745178, adv_ce: 0.9062252640724182, adv_margin: 0.3416006863117218, clean_gate: 0.6470681428909302, teacher_margin: 0.5225057601928711, teacher_margin_gate: 0.7948464155197144, teacher_clean_gate: 1.0, teacher_adv_gate: 1.0, tm_grad_cos: 0.8263527154922485, tm_scale: 1.0, tm_ps_scale: 1.0, pcgrad_conflicts: 0/62
2026-07-04 03:57:37.061 | INFO     | __main__:<module>:917 - lr:0.1 weight_nat: 0.25673251331679653, nat_loss: 0.01186248380690813, weight_adv: 0.7432674866832035, adv_loss: 0.02493058517575264 weight-klloss3 0.08174 Loss3: 0.04181620478630066 clean_ce: 0.13561825454235077, adv_ce: 1.2495404481887817, adv_margin: 0.6139186024665833, clean_gate: 0.5329546928405762, teacher_margin: 0.5619257688522339, teacher_margin_gate: 0.6911958456039429, teacher_clean_gate: 1.0, teacher_adv_gate: 1.0, tm_grad_cos: 0.7893608808517456, tm_scale: 1.0, tm_ps_scale: 1.0, pcgrad_conflicts: 0/62
2026-07-04 03:58:15.598 | INFO     | __main__:<module>:917 - lr:0.1 weight_nat: 0.2540843170943808, nat_loss: 0.013379829935729504, weight_adv: 0.7459156829056193, adv_loss: 0.018636628985404968 weight-klloss3 0.08174 Loss3: 0.02457558736205101 clean_ce: 0.15655487775802612, adv_ce: 1.1406869888305664, adv_margin: 0.5671939849853516, clean_gate: 0.575843870639801, teacher_margin: 0.44608449935913086, teacher_margin_gate: 0.6902080178260803, teacher_clean_gate: 1.0, teacher_adv_gate: 1.0, tm_grad_cos: 0.7755100131034851, tm_scale: 1.0, tm_ps_scale: 1.0, pcgrad_conflicts: 0/62
2026-07-04 03:59:08.294 | INFO     | __main__:<module>:974 - student robust acc 0.5300, teacher robust acc 0.6691, nat teacher robust acc 0.5423
2026-07-04 03:59:14.728 | INFO     | __main__:<module>:1058 - best accuracy:0.7091000000000001
2026-07-04 03:59:14.729 | INFO     | __main__:<module>:1061 - student natural acc 0.8882, adv teacher natural acc 0.8766, nat teacher natural acc 0.9318
2026-07-04 03:59:14.730 | INFO     | __main__:<module>:482 - the 151th epoch 
2026-07-04 03:59:15.141 | INFO     | __main__:<module>:917 - lr:0.09998898973418141 weight_nat: 0.25190220360597304, nat_loss: 0.011926360428333282, weight_adv: 0.748097796394027, adv_loss: 0.02217826247215271 weight-klloss3 0.08174 Loss3: 0.029125496745109558 clean_ce: 0.1362636685371399, adv_ce: 1.2125835418701172, adv_margin: 0.5747577548027039, clean_gate: 0.5397542715072632, teacher_margin: 0.46470218896865845, teacher_margin_gate: 0.6525834202766418, teacher_clean_gate: 1.0, teacher_adv_gate: 1.0, tm_grad_cos: 0.7851558923721313, tm_scale: 1.0, tm_ps_scale: 1.0, pcgrad_conflicts: 0/62
2026-07-04 03:59:54.047 | INFO     | __main__:<module>:917 - lr:0.09998898973418141 weight_nat: 0.25327830471512786, nat_loss: 0.010695683769881725, weight_adv: 0.7467216952848722, adv_loss: 0.02383667603135109 weight-klloss3 0.08174 Loss3: 0.03512986749410629 clean_ce: 0.13800117373466492, adv_ce: 1.1246509552001953, adv_margin: 0.5548223257064819, clean_gate: 0.5787656307220459, teacher_margin: 0.5373653769493103, teacher_margin_gate: 0.7273893356323242, teacher_clean_gate: 1.0, teacher_adv_gate: 1.0, tm_grad_cos: 0.8246060609817505, tm_scale: 1.0, tm_ps_scale: 1.0, pcgrad_conflicts: 0/62
2026-07-04 04:00:32.958 | INFO     | __main__:<module>:917 - lr:0.09998898973418141 weight_nat: 0.25442059147586427, nat_loss: 0.009807819500565529, weight_adv: 0.7455794085241357, adv_loss: 0.017368782311677933 weight-klloss3 0.08174 Loss3: 0.031744666397571564 clean_ce: 0.16056519746780396, adv_ce: 1.0504268407821655, adv_margin: 0.46904850006103516, clean_gate: 0.5835542678833008, teacher_margin: 0.4416448473930359, teacher_margin_gate: 0.6825947761535645, teacher_clean_gate: 1.0, teacher_adv_gate: 1.0, tm_grad_cos: 0.7746943831443787, tm_scale: 1.0, tm_ps_scale: 1.0, pcgrad_conflicts: 0/62
2026-07-04 04:01:11.892 | INFO     | __main__:<module>:917 - lr:0.09998898973418141 weight_nat: 0.2500682637965709, nat_loss: 0.01301519013941288, weight_adv: 0.7499317362034291, adv_loss: 0.025429200381040573 weight-klloss3 0.08174 Loss3: 0.0360197052359581 clean_ce: 0.12968158721923828, adv_ce: 1.2372725009918213, adv_margin: 0.607643187046051, clean_gate: 0.526881217956543, teacher_margin: 0.5363572835922241, teacher_margin_gate: 0.6675994396209717, teacher_clean_gate: 1.0, teacher_adv_gate: 1.0, tm_grad_cos: 0.7849413752555847, tm_scale: 1.0, tm_ps_scale: 1.0, pcgrad_conflicts: 0/62
2026-07-04 04:01:46.771 | INFO     | __main__:<module>:482 - the 152th epoch 
2026-07-04 04:01:47.204 | INFO     | __main__:<module>:917 - lr:0.09995596380529374 weight_nat: 0.25479084682613307, nat_loss: 0.008362578228116035, weight_adv: 0.745209153173867, adv_loss: 0.01915854960680008 weight-klloss3 0.08174 Loss3: 0.03189978376030922 clean_ce: 0.15175342559814453, adv_ce: 1.0834059715270996, adv_margin: 0.5515895485877991, clean_gate: 0.6129410266876221, teacher_margin: 0.37450873851776123, teacher_margin_gate: 0.7044603228569031, teacher_clean_gate: 1.0, teacher_adv_gate: 1.0, tm_grad_cos: 0.763091504573822, tm_scale: 1.0, tm_ps_scale: 1.0, pcgrad_conflicts: 0/62
2026-07-04 04:02:26.125 | INFO     | __main__:<module>:917 - lr:0.09995596380529374 weight_nat: 0.24892887227212743, nat_loss: 0.010820122435688972, weight_adv: 0.7510711277278724, adv_loss: 0.018827123567461967 weight-klloss3 0.08174 Loss3: 0.03388945385813713 clean_ce: 0.16401228308677673, adv_ce: 0.9871513843536377, adv_margin: 0.39273494482040405, clean_gate: 0.6205713152885437, teacher_margin: 0.42600134015083313, teacher_margin_gate: 0.7387984991073608, teacher_clean_gate: 1.0, teacher_adv_gate: 1.0, tm_grad_cos: 0.7763752937316895, tm_scale: 1.0, tm_ps_scale: 1.0, pcgrad_conflicts: 0/62
2026-07-04 04:03:05.058 | INFO     | __main__:<module>:917 - lr:0.09995596380529374 weight_nat: 0.25276162776437716, nat_loss: 0.015451258979737759, weight_adv: 0.747238372235623, adv_loss: 0.02280323952436447 weight-klloss3 0.08174 Loss3: 0.02935715951025486 clean_ce: 0.14105641841888428, adv_ce: 1.2227773666381836, adv_margin: 0.6313871145248413, clean_gate: 0.5471637845039368, teacher_margin: 0.47911524772644043, teacher_margin_gate: 0.6713473796844482, teacher_clean_gate: 1.0, teacher_adv_gate: 1.0, tm_grad_cos: 0.7872971892356873, tm_scale: 1.0, tm_ps_scale: 1.0, pcgrad_conflicts: 0/62
2026-07-04 04:03:43.985 | INFO     | __main__:<module>:917 - lr:0.09995596380529374 weight_nat: 0.25655511150782484, nat_loss: 0.010381399653851986, weight_adv: 0.7434448884921752, adv_loss: 0.025453370064496994 weight-klloss3 0.08174 Loss3: 0.03992607817053795 clean_ce: 0.12484670430421829, adv_ce: 1.2308858633041382, adv_margin: 0.67434161901474, clean_gate: 0.5218979120254517, teacher_margin: 0.5586598515510559, teacher_margin_gate: 0.674421489238739, teacher_clean_gate: 1.0, teacher_adv_gate: 1.0, tm_grad_cos: 0.8009217381477356, tm_scale: 1.0, tm_ps_scale: 1.0, pcgrad_conflicts: 0/62
2026-07-04 04:04:18.803 | INFO     | __main__:<module>:482 - the 153th epoch 
2026-07-04 04:04:19.237 | INFO     | __main__:<module>:917 - lr:0.09990093681686711 weight_nat: 0.24712061880285663, nat_loss: 0.009343201294541359, weight_adv: 0.7528793811971434, adv_loss: 0.02055094763636589 weight-klloss3 0.08174 Loss3: 0.03507004305720329 clean_ce: 0.14701628684997559, adv_ce: 1.0653725862503052, adv_margin: 0.44810813665390015, clean_gate: 0.6079190969467163, teacher_margin: 0.47193965315818787, teacher_margin_gate: 0.7277281284332275, teacher_clean_gate: 1.0, teacher_adv_gate: 1.0, tm_grad_cos: 0.7928665280342102, tm_scale: 1.0, tm_ps_scale: 1.0, pcgrad_conflicts: 0/62
2026-07-04 04:04:58.357 | INFO     | __main__:<module>:917 - lr:0.09990093681686711 weight_nat: 0.2543148446043459, nat_loss: 0.011739752255380154, weight_adv: 0.7456851553956542, adv_loss: 0.02041207253932953 weight-klloss3 0.08174 Loss3: 0.03926656395196915 clean_ce: 0.15655696392059326, adv_ce: 1.0703849792480469, adv_margin: 0.48703712224960327, clean_gate: 0.5902363061904907, teacher_margin: 0.4788939952850342, teacher_margin_gate: 0.7114003896713257, teacher_clean_gate: 1.0, teacher_adv_gate: 1.0, tm_grad_cos: 0.7997370958328247, tm_scale: 1.0, tm_ps_scale: 1.0, pcgrad_conflicts: 0/62
2026-07-04 04:05:37.732 | INFO     | __main__:<module>:917 - lr:0.09990093681686711 weight_nat: 0.25497848540691015, nat_loss: 0.01086043007671833, weight_adv: 0.7450215145930899, adv_loss: 0.018003001809120178 weight-klloss3 0.08174 Loss3: 0.02451293356716633 clean_ce: 0.1526172161102295, adv_ce: 1.0834481716156006, adv_margin: 0.4711252450942993, clean_gate: 0.5827597379684448, teacher_margin: 0.4438985586166382, teacher_margin_gate: 0.6921504735946655, teacher_clean_gate: 1.0, teacher_adv_gate: 1.0, tm_grad_cos: 0.7810755968093872, tm_scale: 1.0, tm_ps_scale: 1.0, pcgrad_conflicts: 0/62
2026-07-04 04:06:17.105 | INFO     | __main__:<module>:917 - lr:0.09990093681686711 weight_nat: 0.24741979357987542, nat_loss: 0.010646022856235504, weight_adv: 0.7525802064201246, adv_loss: 0.020489167422056198 weight-klloss3 0.08174 Loss3: 0.028448309749364853 clean_ce: 0.1394410878419876, adv_ce: 1.1845747232437134, adv_margin: 0.5995444655418396, clean_gate: 0.5595695972442627, teacher_margin: 0.4743574857711792, teacher_margin_gate: 0.6896828413009644, teacher_clean_gate: 1.0, teacher_adv_gate: 1.0, tm_grad_cos: 0.7957771420478821, tm_scale: 1.0, tm_ps_scale: 1.0, pcgrad_conflicts: 0/62
2026-07-04 04:06:52.392 | INFO     | __main__:<module>:482 - the 154th epoch 
2026-07-04 04:06:52.830 | INFO     | __main__:<module>:917 - lr:0.09982393310087144 weight_nat: 0.2514549831607538, nat_loss: 0.009952062740921974, weight_adv: 0.7485450168392462, adv_loss: 0.019489601254463196 weight-klloss3 0.08174 Loss3: 0.03852435573935509 clean_ce: 0.1580556035041809, adv_ce: 0.9751169085502625, adv_margin: 0.41736504435539246, clean_gate: 0.6205055713653564, teacher_margin: 0.3917907774448395, teacher_margin_gate: 0.7114678621292114, teacher_clean_gate: 1.0, teacher_adv_gate: 1.0, tm_grad_cos: 0.7413602471351624, tm_scale: 1.0, tm_ps_scale: 1.0, pcgrad_conflicts: 0/62
2026-07-04 04:07:32.194 | INFO     | __main__:<module>:917 - lr:0.09982393310087144 weight_nat: 0.2505336630637094, nat_loss: 0.00986546277999878, weight_adv: 0.7494663369362906, adv_loss: 0.025589976459741592 weight-klloss3 0.08174 Loss3: 0.0391521193087101 clean_ce: 0.13267464935779572, adv_ce: 1.2651829719543457, adv_margin: 0.660470724105835, clean_gate: 0.5374984741210938, teacher_margin: 0.5238645076751709, teacher_margin_gate: 0.6722681522369385, teacher_clean_gate: 1.0, teacher_adv_gate: 1.0, tm_grad_cos: 0.760539174079895, tm_scale: 1.0, tm_ps_scale: 1.0, pcgrad_conflicts: 0/62
2026-07-04 04:08:11.221 | INFO     | __main__:<module>:917 - lr:0.09982393310087144 weight_nat: 0.25309280063325135, nat_loss: 0.012154118157923222, weight_adv: 0.7469071993667488, adv_loss: 0.02213110402226448 weight-klloss3 0.08174 Loss3: 0.0377054400742054 clean_ce: 0.13027971982955933, adv_ce: 1.238741397857666, adv_margin: 0.6524686813354492, clean_gate: 0.5179195404052734, teacher_margin: 0.5198086500167847, teacher_margin_gate: 0.6668257713317871, teacher_clean_gate: 1.0, teacher_adv_gate: 1.0, tm_grad_cos: 0.8056001663208008, tm_scale: 1.0, tm_ps_scale: 1.0, pcgrad_conflicts: 0/62
2026-07-04 04:08:49.949 | INFO     | __main__:<module>:917 - lr:0.09982393310087144 weight_nat: 0.2475279829594611, nat_loss: 0.011223025619983673, weight_adv: 0.7524720170405389, adv_loss: 0.02148360013961792 weight-klloss3 0.08174 Loss3: 0.030590806156396866 clean_ce: 0.15907174348831177, adv_ce: 1.1117143630981445, adv_margin: 0.5098287463188171, clean_gate: 0.571509063243866, teacher_margin: 0.4696522355079651, teacher_margin_gate: 0.6925901770591736, teacher_clean_gate: 1.0, teacher_adv_gate: 1.0, tm_grad_cos: 0.8026749491691589, tm_scale: 1.0, tm_ps_scale: 1.0, pcgrad_conflicts: 0/62
2026-07-04 04:09:24.653 | INFO     | __main__:<module>:482 - the 155th epoch 
2026-07-04 04:09:25.084 | INFO     | __main__:<module>:917 - lr:0.09972498670684993 weight_nat: 0.24901549936366252, nat_loss: 0.008877476677298546, weight_adv: 0.7509845006363376, adv_loss: 0.021527623757719994 weight-klloss3 0.08174 Loss3: 0.03543964773416519 clean_ce: 0.13924238085746765, adv_ce: 1.253602147102356, adv_margin: 0.6854474544525146, clean_gate: 0.5304770469665527, teacher_margin: 0.4604412317276001, teacher_margin_gate: 0.6389092206954956, teacher_clean_gate: 1.0, teacher_adv_gate: 1.0, tm_grad_cos: 0.7812560200691223, tm_scale: 1.0, tm_ps_scale: 1.0, pcgrad_conflicts: 0/62
2026-07-04 04:10:03.811 | INFO     | __main__:<module>:917 - lr:0.09972498670684993 weight_nat: 0.2510402307573285, nat_loss: 0.00913930218666792, weight_adv: 0.7489597692426716, adv_loss: 0.02134774997830391 weight-klloss3 0.08174 Loss3: 0.02726418524980545 clean_ce: 0.15101128816604614, adv_ce: 1.0117899179458618, adv_margin: 0.48994550108909607, clean_gate: 0.6347337961196899, teacher_margin: 0.4177807867527008, teacher_margin_gate: 0.7437999248504639, teacher_clean_gate: 1.0, teacher_adv_gate: 1.0, tm_grad_cos: 0.7224631905555725, tm_scale: 1.0, tm_ps_scale: 1.0, pcgrad_conflicts: 0/62
2026-07-04 04:10:42.562 | INFO     | __main__:<module>:917 - lr:0.09972498670684993 weight_nat: 0.25029626334954996, nat_loss: 0.011316724121570587, weight_adv: 0.7497037366504501, adv_loss: 0.022183451801538467 weight-klloss3 0.08174 Loss3: 0.04330917447805405 clean_ce: 0.15060295164585114, adv_ce: 1.1587553024291992, adv_margin: 0.5293365716934204, clean_gate: 0.5694073438644409, teacher_margin: 0.5021508932113647, teacher_margin_gate: 0.7152623534202576, teacher_clean_gate: 1.0, teacher_adv_gate: 1.0, tm_grad_cos: 0.7910680770874023, tm_scale: 1.0, tm_ps_scale: 1.0, pcgrad_conflicts: 0/62
2026-07-04 04:11:21.431 | INFO     | __main__:<module>:917 - lr:0.09972498670684993 weight_nat: 0.25266655474108746, nat_loss: 0.009890563786029816, weight_adv: 0.7473334452589127, adv_loss: 0.020061498507857323 weight-klloss3 0.08174 Loss3: 0.03183164447546005 clean_ce: 0.1369045376777649, adv_ce: 0.9841821193695068, adv_margin: 0.44488441944122314, clean_gate: 0.6130965948104858, teacher_margin: 0.4686911106109619, teacher_margin_gate: 0.7352331280708313, teacher_clean_gate: 1.0, teacher_adv_gate: 1.0, tm_grad_cos: 0.7927097678184509, tm_scale: 1.0, tm_ps_scale: 1.0, pcgrad_conflicts: 0/62
2026-07-04 04:11:56.265 | INFO     | __main__:<module>:482 - the 156th epoch 
2026-07-04 04:11:56.697 | INFO     | __main__:<module>:917 - lr:0.0996041413867123 weight_nat: 0.24850846746486632, nat_loss: 0.009035991504788399, weight_adv: 0.7514915325351337, adv_loss: 0.016681179404258728 weight-klloss3 0.08174 Loss3: 0.026688136160373688 clean_ce: 0.15189293026924133, adv_ce: 1.03816556930542, adv_margin: 0.4922448396682739, clean_gate: 0.6201386451721191, teacher_margin: 0.3623053729534149, teacher_margin_gate: 0.6910473108291626, teacher_clean_gate: 1.0, teacher_adv_gate: 1.0, tm_grad_cos: 0.7466284036636353, tm_scale: 1.0, tm_ps_scale: 1.0, pcgrad_conflicts: 0/62
2026-07-04 04:12:35.616 | INFO     | __main__:<module>:917 - lr:0.0996041413867123 weight_nat: 0.24862218470099953, nat_loss: 0.010376565158367157, weight_adv: 0.7513778152990005, adv_loss: 0.021916843950748444 weight-klloss3 0.08174 Loss3: 0.040804386138916016 clean_ce: 0.15726877748966217, adv_ce: 0.942556619644165, adv_margin: 0.34205591678619385, clean_gate: 0.6391995549201965, teacher_margin: 0.550453245639801, teacher_margin_gate: 0.7851210236549377, teacher_clean_gate: 1.0, teacher_adv_gate: 1.0, tm_grad_cos: 0.8042078018188477, tm_scale: 1.0, tm_ps_scale: 1.0, pcgrad_conflicts: 0/62
2026-07-04 04:13:14.540 | INFO     | __main__:<module>:917 - lr:0.0996041413867123 weight_nat: 0.25099085720353653, nat_loss: 0.009213981218636036, weight_adv: 0.7490091427964636, adv_loss: 0.022042665630578995 weight-klloss3 0.08174 Loss3: 0.022926002740859985 clean_ce: 0.13841116428375244, adv_ce: 1.1885313987731934, adv_margin: 0.6288247108459473, clean_gate: 0.5746052265167236, teacher_margin: 0.4588487446308136, teacher_margin_gate: 0.6951361894607544, teacher_clean_gate: 1.0, teacher_adv_gate: 1.0, tm_grad_cos: 0.7683095932006836, tm_scale: 1.0, tm_ps_scale: 1.0, pcgrad_conflicts: 0/62
2026-07-04 04:13:53.464 | INFO     | __main__:<module>:917 - lr:0.0996041413867123 weight_nat: 0.25677195382120266, nat_loss: 0.011969874612987041, weight_adv: 0.7432280461787975, adv_loss: 0.021507367491722107 weight-klloss3 0.08174 Loss3: 0.04018796980381012 clean_ce: 0.14129608869552612, adv_ce: 1.043182611465454, adv_margin: 0.44182077050209045, clean_gate: 0.6049151420593262, teacher_margin: 0.5017495155334473, teacher_margin_gate: 0.7266938090324402, teacher_clean_gate: 1.0, teacher_adv_gate: 1.0, tm_grad_cos: 0.7947585582733154, tm_scale: 1.0, tm_ps_scale: 1.0, pcgrad_conflicts: 0/62
2026-07-04 04:14:28.302 | INFO     | __main__:<module>:482 - the 157th epoch 
2026-07-04 04:14:28.734 | INFO     | __main__:<module>:917 - lr:0.09946145057519529 weight_nat: 0.24674925419218535, nat_loss: 0.008641287684440613, weight_adv: 0.7532507458078147, adv_loss: 0.021887432783842087 weight-klloss3 0.08174 Loss3: 0.04110536724328995 clean_ce: 0.1437985897064209, adv_ce: 1.050157070159912, adv_margin: 0.5074074268341064, clean_gate: 0.5895935297012329, teacher_margin: 0.5198863744735718, teacher_margin_gate: 0.7356185913085938, teacher_clean_gate: 1.0, teacher_adv_gate: 1.0, tm_grad_cos: 0.8157232403755188, tm_scale: 1.0, tm_ps_scale: 1.0, pcgrad_conflicts: 0/62
2026-07-04 04:15:07.610 | INFO     | __main__:<module>:917 - lr:0.09946145057519529 weight_nat: 0.25644915499544, nat_loss: 0.008663474582135677, weight_adv: 0.7435508450045599, adv_loss: 0.021309472620487213 weight-klloss3 0.08174 Loss3: 0.02659822627902031 clean_ce: 0.1451849341392517, adv_ce: 1.0640170574188232, adv_margin: 0.467959463596344, clean_gate: 0.6105086803436279, teacher_margin: 0.48253393173217773, teacher_margin_gate: 0.7208567261695862, teacher_clean_gate: 1.0, teacher_adv_gate: 1.0, tm_grad_cos: 0.7657076120376587, tm_scale: 1.0, tm_ps_scale: 1.0, pcgrad_conflicts: 0/62
2026-07-04 04:15:46.407 | INFO     | __main__:<module>:917 - lr:0.09946145057519529 weight_nat: 0.2544497009532915, nat_loss: 0.01102980226278305, weight_adv: 0.7455502990467086, adv_loss: 0.027528313919901848 weight-klloss3 0.08174 Loss3: 0.03222417086362839 clean_ce: 0.14833323657512665, adv_ce: 1.2201716899871826, adv_margin: 0.5821020603179932, clean_gate: 0.5538040399551392, teacher_margin: 0.5653335452079773, teacher_margin_gate: 0.6951413154602051, teacher_clean_gate: 1.0, teacher_adv_gate: 1.0, tm_grad_cos: 0.7935941219329834, tm_scale: 1.0, tm_ps_scale: 1.0, pcgrad_conflicts: 0/62
2026-07-04 04:16:25.236 | INFO     | __main__:<module>:917 - lr:0.09946145057519529 weight_nat: 0.2554638641340523, nat_loss: 0.011065731756389141, weight_adv: 0.7445361358659478, adv_loss: 0.02336117997765541 weight-klloss3 0.08174 Loss3: 0.031915269792079926 clean_ce: 0.1421811878681183, adv_ce: 1.1438370943069458, adv_margin: 0.5852438807487488, clean_gate: 0.5791414976119995, teacher_margin: 0.51020348072052, teacher_margin_gate: 0.7272311449050903, teacher_clean_gate: 1.0, teacher_adv_gate: 1.0, tm_grad_cos: 0.8016077876091003, tm_scale: 1.0, tm_ps_scale: 1.0, pcgrad_conflicts: 0/62
2026-07-04 04:17:00.020 | INFO     | __main__:<module>:482 - the 158th epoch 
2026-07-04 04:17:00.453 | INFO     | __main__:<module>:917 - lr:0.09929697736599877 weight_nat: 0.2549451029917572, nat_loss: 0.015343166887760162, weight_adv: 0.7450548970082429, adv_loss: 0.023654082790017128 weight-klloss3 0.08174 Loss3: 0.03919199854135513 clean_ce: 0.1513136923313141, adv_ce: 1.101597547531128, adv_margin: 0.48158034682273865, clean_gate: 0.587192952632904, teacher_margin: 0.5594252943992615, teacher_margin_gate: 0.721326470375061, teacher_clean_gate: 1.0, teacher_adv_gate: 1.0, tm_grad_cos: 0.7828659415245056, tm_scale: 1.0, tm_ps_scale: 1.0, pcgrad_conflicts: 0/62
2026-07-04 04:17:39.287 | INFO     | __main__:<module>:917 - lr:0.09929697736599877 weight_nat: 0.2565807469969302, nat_loss: 0.017010172829031944, weight_adv: 0.7434192530030699, adv_loss: 0.026494834572076797 weight-klloss3 0.08174 Loss3: 0.018520139157772064 clean_ce: 0.12887051701545715, adv_ce: 1.2592997550964355, adv_margin: 0.6052461862564087, clean_gate: 0.5167707204818726, teacher_margin: 0.5850312113761902, teacher_margin_gate: 0.671399712562561, teacher_clean_gate: 1.0, teacher_adv_gate: 1.0, tm_grad_cos: 0.7887784838676453, tm_scale: 1.0, tm_ps_scale: 1.0, pcgrad_conflicts: 0/62
2026-07-04 04:18:18.180 | INFO     | __main__:<module>:917 - lr:0.09929697736599877 weight_nat: 0.2533443028230595, nat_loss: 0.01219217199832201, weight_adv: 0.7466556971769405, adv_loss: 0.02137770503759384 weight-klloss3 0.08174 Loss3: 0.026028022170066833 clean_ce: 0.13619333505630493, adv_ce: 1.047055721282959, adv_margin: 0.48058921098709106, clean_gate: 0.5952377915382385, teacher_margin: 0.5015217661857605, teacher_margin_gate: 0.7525342106819153, teacher_clean_gate: 1.0, teacher_adv_gate: 1.0, tm_grad_cos: 0.8316989541053772, tm_scale: 1.0, tm_ps_scale: 1.0, pcgrad_conflicts: 0/62
2026-07-04 04:18:57.000 | INFO     | __main__:<module>:917 - lr:0.09929697736599877 weight_nat: 0.2516071648760099, nat_loss: 0.013199563138186932, weight_adv: 0.7483928351239901, adv_loss: 0.02049700915813446 weight-klloss3 0.08174 Loss3: 0.030937330797314644 clean_ce: 0.1490573137998581, adv_ce: 1.1216239929199219, adv_margin: 0.5387513637542725, clean_gate: 0.5693415403366089, teacher_margin: 0.48391127586364746, teacher_margin_gate: 0.7078900337219238, teacher_clean_gate: 1.0, teacher_adv_gate: 1.0, tm_grad_cos: 0.7902243137359619, tm_scale: 1.0, tm_ps_scale: 1.0, pcgrad_conflicts: 0/62
2026-07-04 04:19:31.774 | INFO     | __main__:<module>:482 - the 159th epoch 
2026-07-04 04:19:32.208 | INFO     | __main__:<module>:917 - lr:0.09911079448360846 weight_nat: 0.25089868238966406, nat_loss: 0.010983091779053211, weight_adv: 0.7491013176103359, adv_loss: 0.024599527940154076 weight-klloss3 0.08174 Loss3: 0.03536319360136986 clean_ce: 0.1482681930065155, adv_ce: 1.202019214630127, adv_margin: 0.6014957427978516, clean_gate: 0.5640918016433716, teacher_margin: 0.5446888208389282, teacher_margin_gate: 0.7185835838317871, teacher_clean_gate: 1.0, teacher_adv_gate: 1.0, tm_grad_cos: 0.7811897397041321, tm_scale: 1.0, tm_ps_scale: 1.0, pcgrad_conflicts: 0/62
2026-07-04 04:20:11.486 | INFO     | __main__:<module>:917 - lr:0.09911079448360846 weight_nat: 0.2582585624915021, nat_loss: 0.008855221793055534, weight_adv: 0.741741437508498, adv_loss: 0.021906819194555283 weight-klloss3 0.08174 Loss3: 0.03618743643164635 clean_ce: 0.1465088129043579, adv_ce: 0.9932894110679626, adv_margin: 0.41171902418136597, clean_gate: 0.6204293966293335, teacher_margin: 0.5223634243011475, teacher_margin_gate: 0.7694841623306274, teacher_clean_gate: 1.0, teacher_adv_gate: 1.0, tm_grad_cos: 0.8137684464454651, tm_scale: 1.0, tm_ps_scale: 1.0, pcgrad_conflicts: 0/62
2026-07-04 04:20:50.800 | INFO     | __main__:<module>:917 - lr:0.09911079448360846 weight_nat: 0.2536738210594184, nat_loss: 0.01027646940201521, weight_adv: 0.7463261789405817, adv_loss: 0.022398032248020172 weight-klloss3 0.08174 Loss3: 0.02320678159594536 clean_ce: 0.14148321747779846, adv_ce: 1.2324823141098022, adv_margin: 0.573123574256897, clean_gate: 0.5469514727592468, teacher_margin: 0.47247618436813354, teacher_margin_gate: 0.6529759168624878, teacher_clean_gate: 1.0, teacher_adv_gate: 1.0, tm_grad_cos: 0.7795197367668152, tm_scale: 1.0, tm_ps_scale: 1.0, pcgrad_conflicts: 0/62
2026-07-04 04:21:30.119 | INFO     | __main__:<module>:917 - lr:0.09911079448360846 weight_nat: 0.25156096737439065, nat_loss: 0.009796482510864735, weight_adv: 0.7484390326256093, adv_loss: 0.022747965529561043 weight-klloss3 0.08174 Loss3: 0.03277621418237686 clean_ce: 0.1395290493965149, adv_ce: 1.0810266733169556, adv_margin: 0.50098717212677, clean_gate: 0.5940346717834473, teacher_margin: 0.5106472373008728, teacher_margin_gate: 0.7381598949432373, teacher_clean_gate: 1.0, teacher_adv_gate: 1.0, tm_grad_cos: 0.8177266716957092, tm_scale: 1.0, tm_ps_scale: 1.0, pcgrad_conflicts: 0/62
2026-07-04 04:22:05.443 | INFO     | __main__:<module>:482 - the 160th epoch 
2026-07-04 04:22:05.881 | INFO     | __main__:<module>:917 - lr:0.09890298425081796 weight_nat: 0.2509864902652196, nat_loss: 0.01066675316542387, weight_adv: 0.7490135097347804, adv_loss: 0.021900933235883713 weight-klloss3 0.08174 Loss3: 0.03926452249288559 clean_ce: 0.13831765949726105, adv_ce: 1.1775518655776978, adv_margin: 0.5863400101661682, clean_gate: 0.5523789525032043, teacher_margin: 0.584140956401825, teacher_margin_gate: 0.7094099521636963, teacher_clean_gate: 1.0, teacher_adv_gate: 1.0, tm_grad_cos: 0.8118031620979309, tm_scale: 1.0, tm_ps_scale: 1.0, pcgrad_conflicts: 0/62
2026-07-04 04:22:45.248 | INFO     | __main__:<module>:917 - lr:0.09890298425081796 weight_nat: 0.255047339280294, nat_loss: 0.010041790083050728, weight_adv: 0.744952660719706, adv_loss: 0.01849355548620224 weight-klloss3 0.08174 Loss3: 0.026246901601552963 clean_ce: 0.1681874543428421, adv_ce: 0.9726696610450745, adv_margin: 0.38661664724349976, clean_gate: 0.6203423738479614, teacher_margin: 0.476601779460907, teacher_margin_gate: 0.7353338003158569, teacher_clean_gate: 1.0, teacher_adv_gate: 1.0, tm_grad_cos: 0.8196125030517578, tm_scale: 1.0, tm_ps_scale: 1.0, pcgrad_conflicts: 0/62
2026-07-04 04:23:24.289 | INFO     | __main__:<module>:917 - lr:0.09890298425081796 weight_nat: 0.25695400883092273, nat_loss: 0.008265272714197636, weight_adv: 0.7430459911690773, adv_loss: 0.024332009255886078 weight-klloss3 0.08174 Loss3: 0.03480684757232666 clean_ce: 0.13774988055229187, adv_ce: 1.110833764076233, adv_margin: 0.5816831588745117, clean_gate: 0.5874755382537842, teacher_margin: 0.5514336824417114, teacher_margin_gate: 0.7428581714630127, teacher_clean_gate: 1.0, teacher_adv_gate: 1.0, tm_grad_cos: 0.8020893931388855, tm_scale: 1.0, tm_ps_scale: 1.0, pcgrad_conflicts: 0/62
2026-07-04 04:24:03.176 | INFO     | __main__:<module>:917 - lr:0.09890298425081796 weight_nat: 0.24650139696200057, nat_loss: 0.008685418404638767, weight_adv: 0.7534986030379995, adv_loss: 0.0198025181889534 weight-klloss3 0.08174 Loss3: 0.02405313402414322 clean_ce: 0.16247054934501648, adv_ce: 0.8853917717933655, adv_margin: 0.3222121596336365, clean_gate: 0.6533023715019226, teacher_margin: 0.4025765061378479, teacher_margin_gate: 0.7434550523757935, teacher_clean_gate: 1.0, teacher_adv_gate: 1.0, tm_grad_cos: 0.7791536450386047, tm_scale: 1.0, tm_ps_scale: 1.0, pcgrad_conflicts: 0/62
2026-07-04 04:24:56.923 | INFO     | __main__:<module>:974 - student robust acc 0.5294, teacher robust acc 0.6667, nat teacher robust acc 0.5491
2026-07-04 04:25:02.326 | INFO     | __main__:<module>:1061 - student natural acc 0.8877, adv teacher natural acc 0.8770, nat teacher natural acc 0.9318
2026-07-04 04:25:02.329 | INFO     | __main__:<module>:482 - the 161th epoch 
2026-07-04 04:25:02.749 | INFO     | __main__:<module>:917 - lr:0.09867363855196438 weight_nat: 0.2481728887469714, nat_loss: 0.008450968191027641, weight_adv: 0.7518271112530287, adv_loss: 0.020117703825235367 weight-klloss3 0.08174 Loss3: 0.027325505390763283 clean_ce: 0.16508856415748596, adv_ce: 0.9634108543395996, adv_margin: 0.36088287830352783, clean_gate: 0.6182683110237122, teacher_margin: 0.5093976855278015, teacher_margin_gate: 0.7593618631362915, teacher_clean_gate: 1.0, teacher_adv_gate: 1.0, tm_grad_cos: 0.8288873434066772, tm_scale: 1.0, tm_ps_scale: 1.0, pcgrad_conflicts: 0/62
2026-07-04 04:25:41.660 | INFO     | __main__:<module>:917 - lr:0.09867363855196438 weight_nat: 0.2535549548181805, nat_loss: 0.012304176576435566, weight_adv: 0.7464450451818194, adv_loss: 0.022705350071191788 weight-klloss3 0.08174 Loss3: 0.025482993572950363 clean_ce: 0.14149582386016846, adv_ce: 1.1490672826766968, adv_margin: 0.5201185941696167, clean_gate: 0.5672341585159302, teacher_margin: 0.5400078892707825, teacher_margin_gate: 0.7202413082122803, teacher_clean_gate: 1.0, teacher_adv_gate: 1.0, tm_grad_cos: 0.8069530129432678, tm_scale: 1.0, tm_ps_scale: 1.0, pcgrad_conflicts: 0/62
2026-07-04 04:26:20.485 | INFO     | __main__:<module>:917 - lr:0.09867363855196438 weight_nat: 0.24766548084166146, nat_loss: 0.009949798695743084, weight_adv: 0.7523345191583386, adv_loss: 0.026855580508708954 weight-klloss3 0.08174 Loss3: 0.035276271402835846 clean_ce: 0.1452411264181137, adv_ce: 1.1135742664337158, adv_margin: 0.4646357595920563, clean_gate: 0.5615881681442261, teacher_margin: 0.626858651638031, teacher_margin_gate: 0.7342780828475952, teacher_clean_gate: 1.0, teacher_adv_gate: 1.0, tm_grad_cos: 0.8119155764579773, tm_scale: 1.0, tm_ps_scale: 1.0, pcgrad_conflicts: 0/62
2026-07-04 04:26:59.332 | INFO     | __main__:<module>:917 - lr:0.09867363855196438 weight_nat: 0.2519851910874615, nat_loss: 0.012287827208638191, weight_adv: 0.7480148089125386, adv_loss: 0.024412423372268677 weight-klloss3 0.08174 Loss3: 0.03475335240364075 clean_ce: 0.1350167989730835, adv_ce: 1.2908772230148315, adv_margin: 0.6886574029922485, clean_gate: 0.5246312618255615, teacher_margin: 0.48748600482940674, teacher_margin_gate: 0.6549242734909058, teacher_clean_gate: 1.0, teacher_adv_gate: 1.0, tm_grad_cos: 0.7963422536849976, tm_scale: 1.0, tm_ps_scale: 1.0, pcgrad_conflicts: 0/62
2026-07-04 04:27:34.068 | INFO     | __main__:<module>:482 - the 162th epoch 
2026-07-04 04:27:34.499 | INFO     | __main__:<module>:917 - lr:0.09842285879189458 weight_nat: 0.250089989145829, nat_loss: 0.00965848658233881, weight_adv: 0.7499100108541711, adv_loss: 0.023008450865745544 weight-klloss3 0.08174 Loss3: 0.028757745400071144 clean_ce: 0.14898842573165894, adv_ce: 1.1660596132278442, adv_margin: 0.538774847984314, clean_gate: 0.551604151725769, teacher_margin: 0.4927637577056885, teacher_margin_gate: 0.677579402923584, teacher_clean_gate: 1.0, teacher_adv_gate: 1.0, tm_grad_cos: 0.809884786605835, tm_scale: 1.0, tm_ps_scale: 1.0, pcgrad_conflicts: 0/62
2026-07-04 04:28:13.277 | INFO     | __main__:<module>:917 - lr:0.09842285879189458 weight_nat: 0.25142240007430433, nat_loss: 0.007874862290918827, weight_adv: 0.7485775999256957, adv_loss: 0.02305074781179428 weight-klloss3 0.08174 Loss3: 0.046800386160612106 clean_ce: 0.13390204310417175, adv_ce: 1.0249931812286377, adv_margin: 0.42723721265792847, clean_gate: 0.6077008247375488, teacher_margin: 0.5930752754211426, teacher_margin_gate: 0.7566196918487549, teacher_clean_gate: 1.0, teacher_adv_gate: 1.0, tm_grad_cos: 0.8190813064575195, tm_scale: 1.0, tm_ps_scale: 1.0, pcgrad_conflicts: 0/62
2026-07-04 04:28:51.920 | INFO     | __main__:<module>:917 - lr:0.09842285879189458 weight_nat: 0.2565339730179043, nat_loss: 0.010923479683697224, weight_adv: 0.7434660269820957, adv_loss: 0.022920290008187294 weight-klloss3 0.08174 Loss3: 0.035413891077041626 clean_ce: 0.13075147569179535, adv_ce: 1.2155205011367798, adv_margin: 0.581916332244873, clean_gate: 0.5424903631210327, teacher_margin: 0.535045862197876, teacher_margin_gate: 0.6867581009864807, teacher_clean_gate: 1.0, teacher_adv_gate: 1.0, tm_grad_cos: 0.7984859943389893, tm_scale: 1.0, tm_ps_scale: 1.0, pcgrad_conflicts: 0/62
2026-07-04 04:29:30.556 | INFO     | __main__:<module>:917 - lr:0.09842285879189458 weight_nat: 0.25649868795677694, nat_loss: 0.013064217753708363, weight_adv: 0.7435013120432231, adv_loss: 0.024609433487057686 weight-klloss3 0.08174 Loss3: 0.031490571796894073 clean_ce: 0.12151074409484863, adv_ce: 1.3082168102264404, adv_margin: 0.7410551905632019, clean_gate: 0.49314236640930176, teacher_margin: 0.5316373109817505, teacher_margin_gate: 0.619547963142395, teacher_clean_gate: 1.0, teacher_adv_gate: 1.0, tm_grad_cos: 0.7849145531654358, tm_scale: 1.0, tm_ps_scale: 1.0, pcgrad_conflicts: 0/62
2026-07-04 04:30:05.153 | INFO     | __main__:<module>:482 - the 163th epoch 
2026-07-04 04:30:05.585 | INFO     | __main__:<module>:917 - lr:0.09815075585068012 weight_nat: 0.2522522582598347, nat_loss: 0.010269722901284695, weight_adv: 0.7477477417401653, adv_loss: 0.018498940393328667 weight-klloss3 0.08174 Loss3: 0.03298433870077133 clean_ce: 0.1429477334022522, adv_ce: 1.1440153121948242, adv_margin: 0.5576897859573364, clean_gate: 0.5796922445297241, teacher_margin: 0.40209677815437317, teacher_margin_gate: 0.6692958474159241, teacher_clean_gate: 1.0, teacher_adv_gate: 1.0, tm_grad_cos: 0.7499773502349854, tm_scale: 1.0, tm_ps_scale: 1.0, pcgrad_conflicts: 0/62
2026-07-04 04:30:44.256 | INFO     | __main__:<module>:917 - lr:0.09815075585068012 weight_nat: 0.2609958657372889, nat_loss: 0.011575297452509403, weight_adv: 0.7390041342627112, adv_loss: 0.018410494551062584 weight-klloss3 0.08174 Loss3: 0.024564027786254883 clean_ce: 0.14292407035827637, adv_ce: 1.1423150300979614, adv_margin: 0.5582569241523743, clean_gate: 0.575976550579071, teacher_margin: 0.37826278805732727, teacher_margin_gate: 0.6723558306694031, teacher_clean_gate: 1.0, teacher_adv_gate: 1.0, tm_grad_cos: 0.7426862716674805, tm_scale: 1.0, tm_ps_scale: 1.0, pcgrad_conflicts: 0/62
2026-07-04 04:31:22.912 | INFO     | __main__:<module>:917 - lr:0.09815075585068012 weight_nat: 0.2572332118279321, nat_loss: 0.00924998801201582, weight_adv: 0.7427667881720679, adv_loss: 0.01609743759036064 weight-klloss3 0.08174 Loss3: 0.0302424319088459 clean_ce: 0.1663866490125656, adv_ce: 1.023898959159851, adv_margin: 0.46270322799682617, clean_gate: 0.6063724756240845, teacher_margin: 0.3729066848754883, teacher_margin_gate: 0.6977697014808655, teacher_clean_gate: 1.0, teacher_adv_gate: 1.0, tm_grad_cos: 0.7763935923576355, tm_scale: 1.0, tm_ps_scale: 1.0, pcgrad_conflicts: 0/62
2026-07-04 04:32:01.566 | INFO     | __main__:<module>:917 - lr:0.09815075585068012 weight_nat: 0.25249093465554096, nat_loss: 0.013133615255355835, weight_adv: 0.7475090653444592, adv_loss: 0.020143549889326096 weight-klloss3 0.08174 Loss3: 0.02970639057457447 clean_ce: 0.13759630918502808, adv_ce: 1.2027733325958252, adv_margin: 0.668840765953064, clean_gate: 0.5758566856384277, teacher_margin: 0.39518073201179504, teacher_margin_gate: 0.6766963601112366, teacher_clean_gate: 1.0, teacher_adv_gate: 1.0, tm_grad_cos: 0.757670521736145, tm_scale: 1.0, tm_ps_scale: 1.0, pcgrad_conflicts: 0/62
2026-07-04 04:32:36.242 | INFO     | __main__:<module>:482 - the 164th epoch 
2026-07-04 04:32:36.676 | INFO     | __main__:<module>:917 - lr:0.09785745003410154 weight_nat: 0.2503407494092253, nat_loss: 0.0092690484598279, weight_adv: 0.7496592505907747, adv_loss: 0.02009788155555725 weight-klloss3 0.08174 Loss3: 0.0311095230281353 clean_ce: 0.14542225003242493, adv_ce: 1.057020902633667, adv_margin: 0.5024735331535339, clean_gate: 0.6049268245697021, teacher_margin: 0.4398473799228668, teacher_margin_gate: 0.7201019525527954, teacher_clean_gate: 1.0, teacher_adv_gate: 1.0, tm_grad_cos: 0.7789130806922913, tm_scale: 1.0, tm_ps_scale: 1.0, pcgrad_conflicts: 0/62
2026-07-04 04:33:15.375 | INFO     | __main__:<module>:917 - lr:0.09785745003410154 weight_nat: 0.2697615624327607, nat_loss: 0.008788186125457287, weight_adv: 0.7302384375672393, adv_loss: 0.015442479401826859 weight-klloss3 0.08174 Loss3: 0.026333320885896683 clean_ce: 0.15811705589294434, adv_ce: 0.8916929960250854, adv_margin: 0.32743269205093384, clean_gate: 0.6582401990890503, teacher_margin: 0.3688628077507019, teacher_margin_gate: 0.7346609830856323, teacher_clean_gate: 1.0, teacher_adv_gate: 1.0, tm_grad_cos: 0.766583263874054, tm_scale: 1.0, tm_ps_scale: 1.0, pcgrad_conflicts: 0/62
2026-07-04 04:33:54.076 | INFO     | __main__:<module>:917 - lr:0.09785745003410154 weight_nat: 0.257454817984815, nat_loss: 0.012487135827541351, weight_adv: 0.742545182015185, adv_loss: 0.019744133576750755 weight-klloss3 0.08174 Loss3: 0.02270450070500374 clean_ce: 0.13469016551971436, adv_ce: 1.115417242050171, adv_margin: 0.5066810250282288, clean_gate: 0.5943103432655334, teacher_margin: 0.46415963768959045, teacher_margin_gate: 0.6982340812683105, teacher_clean_gate: 1.0, teacher_adv_gate: 1.0, tm_grad_cos: 0.7759138345718384, tm_scale: 1.0, tm_ps_scale: 1.0, pcgrad_conflicts: 0/62
2026-07-04 04:34:33.021 | INFO     | __main__:<module>:917 - lr:0.09785745003410154 weight_nat: 0.25331270073858975, nat_loss: 0.018533984199166298, weight_adv: 0.7466872992614103, adv_loss: 0.022403672337532043 weight-klloss3 0.08174 Loss3: 0.0275096595287323 clean_ce: 0.13528874516487122, adv_ce: 1.2147552967071533, adv_margin: 0.582148551940918, clean_gate: 0.5569592714309692, teacher_margin: 0.48802241683006287, teacher_margin_gate: 0.6956076622009277, teacher_clean_gate: 1.0, teacher_adv_gate: 1.0, tm_grad_cos: 0.7946503758430481, tm_scale: 1.0, tm_ps_scale: 1.0, pcgrad_conflicts: 0/62
2026-07-04 04:35:08.208 | INFO     | __main__:<module>:482 - the 165th epoch 
2026-07-04 04:35:08.645 | INFO     | __main__:<module>:917 - lr:0.09754307101992409 weight_nat: 0.25544903204240527, nat_loss: 0.0105383126065135, weight_adv: 0.7445509679575948, adv_loss: 0.020352832973003387 weight-klloss3 0.08174 Loss3: 0.031056752428412437 clean_ce: 0.1485084593296051, adv_ce: 1.1132943630218506, adv_margin: 0.5091418623924255, clean_gate: 0.586029052734375, teacher_margin: 0.5173035860061646, teacher_margin_gate: 0.7304731607437134, teacher_clean_gate: 1.0, teacher_adv_gate: 1.0, tm_grad_cos: 0.8243221640586853, tm_scale: 1.0, tm_ps_scale: 1.0, pcgrad_conflicts: 0/62
2026-07-04 04:35:47.930 | INFO     | __main__:<module>:917 - lr:0.09754307101992409 weight_nat: 0.25538561654043507, nat_loss: 0.01002694945782423, weight_adv: 0.7446143834595649, adv_loss: 0.021850232034921646 weight-klloss3 0.08174 Loss3: 0.022996850311756134 clean_ce: 0.15634506940841675, adv_ce: 1.0642497539520264, adv_margin: 0.5024771690368652, clean_gate: 0.5973868370056152, teacher_margin: 0.43748074769973755, teacher_margin_gate: 0.6985064744949341, teacher_clean_gate: 1.0, teacher_adv_gate: 1.0, tm_grad_cos: 0.7448843121528625, tm_scale: 1.0, tm_ps_scale: 1.0, pcgrad_conflicts: 0/62
2026-07-04 04:36:27.210 | INFO     | __main__:<module>:917 - lr:0.09754307101992409 weight_nat: 0.25983251235801175, nat_loss: 0.01742575876414776, weight_adv: 0.7401674876419883, adv_loss: 0.026022151112556458 weight-klloss3 0.08174 Loss3: 0.029094120487570763 clean_ce: 0.13904795050621033, adv_ce: 1.2523491382598877, adv_margin: 0.6345012187957764, clean_gate: 0.5320347547531128, teacher_margin: 0.6029406785964966, teacher_margin_gate: 0.703181266784668, teacher_clean_gate: 1.0, teacher_adv_gate: 1.0, tm_grad_cos: 0.7916019558906555, tm_scale: 1.0, tm_ps_scale: 1.0, pcgrad_conflicts: 0/62
2026-07-04 04:37:06.360 | INFO     | __main__:<module>:917 - lr:0.09754307101992409 weight_nat: 0.2500080068810896, nat_loss: 0.010279371403157711, weight_adv: 0.7499919931189104, adv_loss: 0.02239847555756569 weight-klloss3 0.08174 Loss3: 0.03578716889023781 clean_ce: 0.1345318704843521, adv_ce: 1.156957983970642, adv_margin: 0.579937219619751, clean_gate: 0.5675258040428162, teacher_margin: 0.4785795211791992, teacher_margin_gate: 0.6830228567123413, teacher_clean_gate: 1.0, teacher_adv_gate: 1.0, tm_grad_cos: 0.7956938743591309, tm_scale: 1.0, tm_ps_scale: 1.0, pcgrad_conflicts: 0/62
2026-07-04 04:37:41.293 | INFO     | __main__:<module>:482 - the 166th epoch 
2026-07-04 04:37:41.724 | INFO     | __main__:<module>:917 - lr:0.09720775779998915 weight_nat: 0.25056147323341305, nat_loss: 0.010348147712647915, weight_adv: 0.749438526766587, adv_loss: 0.021864082664251328 weight-klloss3 0.08174 Loss3: 0.03599758446216583 clean_ce: 0.14928331971168518, adv_ce: 0.9460437297821045, adv_margin: 0.33644819259643555, clean_gate: 0.6348643898963928, teacher_margin: 0.5236395597457886, teacher_margin_gate: 0.7750933170318604, teacher_clean_gate: 1.0, teacher_adv_gate: 1.0, tm_grad_cos: 0.8024495244026184, tm_scale: 1.0, tm_ps_scale: 1.0, pcgrad_conflicts: 0/62
2026-07-04 04:38:20.474 | INFO     | __main__:<module>:917 - lr:0.09720775779998915 weight_nat: 0.2542166429821347, nat_loss: 0.012471909634768963, weight_adv: 0.7457833570178652, adv_loss: 0.024430546909570694 weight-klloss3 0.08174 Loss3: 0.03052925132215023 clean_ce: 0.12822917103767395, adv_ce: 1.2556835412979126, adv_margin: 0.6557276248931885, clean_gate: 0.5361238718032837, teacher_margin: 0.5653715133666992, teacher_margin_gate: 0.6872906684875488, teacher_clean_gate: 1.0, teacher_adv_gate: 1.0, tm_grad_cos: 0.7961958646774292, tm_scale: 1.0, tm_ps_scale: 1.0, pcgrad_conflicts: 0/62
2026-07-04 04:38:59.238 | INFO     | __main__:<module>:917 - lr:0.09720775779998915 weight_nat: 0.2582110734216602, nat_loss: 0.013877637684345245, weight_adv: 0.7417889265783398, adv_loss: 0.02129659801721573 weight-klloss3 0.08174 Loss3: 0.028449274599552155 clean_ce: 0.13728013634681702, adv_ce: 1.1121633052825928, adv_margin: 0.513787031173706, clean_gate: 0.597995400428772, teacher_margin: 0.41314220428466797, teacher_margin_gate: 0.697048008441925, teacher_clean_gate: 1.0, teacher_adv_gate: 1.0, tm_grad_cos: 0.7666574120521545, tm_scale: 1.0, tm_ps_scale: 1.0, pcgrad_conflicts: 0/62
2026-07-04 04:39:37.996 | INFO     | __main__:<module>:917 - lr:0.09720775779998915 weight_nat: 0.24942354749793821, nat_loss: 0.012385970912873745, weight_adv: 0.7505764525020618, adv_loss: 0.019849902018904686 weight-klloss3 0.08174 Loss3: 0.028040502220392227 clean_ce: 0.1566367745399475, adv_ce: 1.1010725498199463, adv_margin: 0.5061146020889282, clean_gate: 0.6022536754608154, teacher_margin: 0.4366980493068695, teacher_margin_gate: 0.7000293731689453, teacher_clean_gate: 1.0, teacher_adv_gate: 1.0, tm_grad_cos: 0.7656699419021606, tm_scale: 1.0, tm_ps_scale: 1.0, pcgrad_conflicts: 0/62
2026-07-04 04:40:12.682 | INFO     | __main__:<module>:482 - the 167th epoch 
2026-07-04 04:40:13.116 | INFO     | __main__:<module>:917 - lr:0.09685165861814751 weight_nat: 0.25265146708921454, nat_loss: 0.010158209130167961, weight_adv: 0.7473485329107855, adv_loss: 0.02158854901790619 weight-klloss3 0.08174 Loss3: 0.037252239882946014 clean_ce: 0.14991186559200287, adv_ce: 1.0287035703659058, adv_margin: 0.3564133644104004, clean_gate: 0.6165738701820374, teacher_margin: 0.5486981868743896, teacher_margin_gate: 0.7701700329780579, teacher_clean_gate: 1.0, teacher_adv_gate: 1.0, tm_grad_cos: 0.8164215683937073, tm_scale: 1.0, tm_ps_scale: 1.0, pcgrad_conflicts: 0/62
2026-07-04 04:40:51.797 | INFO     | __main__:<module>:917 - lr:0.09685165861814751 weight_nat: 0.25755619898770127, nat_loss: 0.007918688468635082, weight_adv: 0.7424438010122987, adv_loss: 0.018897173926234245 weight-klloss3 0.08174 Loss3: 0.02980249747633934 clean_ce: 0.14283159375190735, adv_ce: 0.9817042350769043, adv_margin: 0.4084413945674896, clean_gate: 0.6254609823226929, teacher_margin: 0.41655099391937256, teacher_margin_gate: 0.726799488067627, teacher_clean_gate: 1.0, teacher_adv_gate: 1.0, tm_grad_cos: 0.7886553406715393, tm_scale: 1.0, tm_ps_scale: 1.0, pcgrad_conflicts: 0/62
2026-07-04 04:41:30.576 | INFO     | __main__:<module>:917 - lr:0.09685165861814751 weight_nat: 0.26354854296087005, nat_loss: 0.010239715687930584, weight_adv: 0.7364514570391301, adv_loss: 0.021371137350797653 weight-klloss3 0.08174 Loss3: 0.023698341101408005 clean_ce: 0.13975518941879272, adv_ce: 1.101582407951355, adv_margin: 0.5709941387176514, clean_gate: 0.5926216840744019, teacher_margin: 0.4292812943458557, teacher_margin_gate: 0.6968525052070618, teacher_clean_gate: 1.0, teacher_adv_gate: 1.0, tm_grad_cos: 0.7753479480743408, tm_scale: 1.0, tm_ps_scale: 1.0, pcgrad_conflicts: 0/62
2026-07-04 04:42:09.419 | INFO     | __main__:<module>:917 - lr:0.09685165861814751 weight_nat: 0.25352379077873843, nat_loss: 0.009795146994292736, weight_adv: 0.7464762092212617, adv_loss: 0.02504132315516472 weight-klloss3 0.08174 Loss3: 0.03659064695239067 clean_ce: 0.14261844754219055, adv_ce: 1.142677903175354, adv_margin: 0.5879995822906494, clean_gate: 0.5872989296913147, teacher_margin: 0.5466404557228088, teacher_margin_gate: 0.7352486848831177, teacher_clean_gate: 1.0, teacher_adv_gate: 1.0, tm_grad_cos: 0.7750898003578186, tm_scale: 1.0, tm_ps_scale: 1.0, pcgrad_conflicts: 0/62
2026-07-04 04:42:44.184 | INFO     | __main__:<module>:482 - the 168th epoch 
2026-07-04 04:42:44.617 | INFO     | __main__:<module>:917 - lr:0.0964749309040623 weight_nat: 0.2578012886742774, nat_loss: 0.01915302313864231, weight_adv: 0.7421987113257227, adv_loss: 0.020826037973165512 weight-klloss3 0.08174 Loss3: 0.023252904415130615 clean_ce: 0.14231562614440918, adv_ce: 1.100012183189392, adv_margin: 0.5239242911338806, clean_gate: 0.5987399816513062, teacher_margin: 0.4523168206214905, teacher_margin_gate: 0.7132543325424194, teacher_clean_gate: 1.0, teacher_adv_gate: 1.0, tm_grad_cos: 0.7587471008300781, tm_scale: 1.0, tm_ps_scale: 1.0, pcgrad_conflicts: 0/62
2026-07-04 04:43:23.444 | INFO     | __main__:<module>:917 - lr:0.0964749309040623 weight_nat: 0.25787739686056405, nat_loss: 0.01305151917040348, weight_adv: 0.742122603139436, adv_loss: 0.022653214633464813 weight-klloss3 0.08174 Loss3: 0.030248446390032768 clean_ce: 0.13427665829658508, adv_ce: 1.121099591255188, adv_margin: 0.5132290124893188, clean_gate: 0.5912086963653564, teacher_margin: 0.5435945391654968, teacher_margin_gate: 0.7356638312339783, teacher_clean_gate: 1.0, teacher_adv_gate: 1.0, tm_grad_cos: 0.7885357737541199, tm_scale: 1.0, tm_ps_scale: 1.0, pcgrad_conflicts: 0/62
2026-07-04 04:44:02.280 | INFO     | __main__:<module>:917 - lr:0.0964749309040623 weight_nat: 0.256639259467667, nat_loss: 0.009884399361908436, weight_adv: 0.7433607405323329, adv_loss: 0.02035083994269371 weight-klloss3 0.08174 Loss3: 0.025604993104934692 clean_ce: 0.14972317218780518, adv_ce: 1.061666488647461, adv_margin: 0.5061381459236145, clean_gate: 0.6135313510894775, teacher_margin: 0.42383450269699097, teacher_margin_gate: 0.7072540521621704, teacher_clean_gate: 1.0, teacher_adv_gate: 1.0, tm_grad_cos: 0.7636110186576843, tm_scale: 1.0, tm_ps_scale: 1.0, pcgrad_conflicts: 0/62
2026-07-04 04:44:41.121 | INFO     | __main__:<module>:917 - lr:0.0964749309040623 weight_nat: 0.26285130625962094, nat_loss: 0.013132482767105103, weight_adv: 0.7371486937403791, adv_loss: 0.02373822219669819 weight-klloss3 0.08174 Loss3: 0.02295890636742115 clean_ce: 0.14963461458683014, adv_ce: 1.1696022748947144, adv_margin: 0.6013418436050415, clean_gate: 0.5759522914886475, teacher_margin: 0.4683876037597656, teacher_margin_gate: 0.7007611989974976, teacher_clean_gate: 1.0, teacher_adv_gate: 1.0, tm_grad_cos: 0.7578868269920349, tm_scale: 1.0, tm_ps_scale: 1.0, pcgrad_conflicts: 0/62
2026-07-04 04:45:15.932 | INFO     | __main__:<module>:482 - the 169th epoch 
2026-07-04 04:45:16.365 | INFO     | __main__:<module>:917 - lr:0.09607774120291135 weight_nat: 0.24739014233803217, nat_loss: 0.00957411527633667, weight_adv: 0.7526098576619678, adv_loss: 0.01701628789305687 weight-klloss3 0.08174 Loss3: 0.034943219274282455 clean_ce: 0.17233005166053772, adv_ce: 0.9472470283508301, adv_margin: 0.3647332191467285, clean_gate: 0.6499202847480774, teacher_margin: 0.42292320728302, teacher_margin_gate: 0.7603090405464172, teacher_clean_gate: 1.0, teacher_adv_gate: 1.0, tm_grad_cos: 0.8152443170547485, tm_scale: 1.0, tm_ps_scale: 1.0, pcgrad_conflicts: 0/62
2026-07-04 04:45:55.170 | INFO     | __main__:<module>:917 - lr:0.09607774120291135 weight_nat: 0.2576574179568019, nat_loss: 0.012943662703037262, weight_adv: 0.7423425820431981, adv_loss: 0.023427467793226242 weight-klloss3 0.08174 Loss3: 0.02959621697664261 clean_ce: 0.1405031681060791, adv_ce: 1.2182281017303467, adv_margin: 0.5562106370925903, clean_gate: 0.5442522764205933, teacher_margin: 0.5371376276016235, teacher_margin_gate: 0.6759659647941589, teacher_clean_gate: 1.0, teacher_adv_gate: 1.0, tm_grad_cos: 0.7847853899002075, tm_scale: 1.0, tm_ps_scale: 1.0, pcgrad_conflicts: 0/62
2026-07-04 04:46:33.967 | INFO     | __main__:<module>:917 - lr:0.09607774120291135 weight_nat: 0.25788817865733277, nat_loss: 0.010718352161347866, weight_adv: 0.7421118213426673, adv_loss: 0.02138315513730049 weight-klloss3 0.08174 Loss3: 0.04217902198433876 clean_ce: 0.13436201214790344, adv_ce: 1.2421510219573975, adv_margin: 0.6510944366455078, clean_gate: 0.5530201196670532, teacher_margin: 0.41646820306777954, teacher_margin_gate: 0.655158281326294, teacher_clean_gate: 1.0, teacher_adv_gate: 1.0, tm_grad_cos: 0.7434009909629822, tm_scale: 1.0, tm_ps_scale: 1.0, pcgrad_conflicts: 0/62
2026-07-04 04:47:12.785 | INFO     | __main__:<module>:917 - lr:0.09607774120291135 weight_nat: 0.25322146715180516, nat_loss: 0.01295587606728077, weight_adv: 0.7467785328481948, adv_loss: 0.023960091173648834 weight-klloss3 0.08174 Loss3: 0.03570838272571564 clean_ce: 0.14323657751083374, adv_ce: 1.1405457258224487, adv_margin: 0.5684164762496948, clean_gate: 0.5772605538368225, teacher_margin: 0.5605921745300293, teacher_margin_gate: 0.7268439531326294, teacher_clean_gate: 1.0, teacher_adv_gate: 1.0, tm_grad_cos: 0.7899516820907593, tm_scale: 1.0, tm_ps_scale: 1.0, pcgrad_conflicts: 0/62
2026-07-04 04:47:47.627 | INFO     | __main__:<module>:482 - the 170th epoch 
2026-07-04 04:47:48.061 | INFO     | __main__:<module>:917 - lr:0.09566026510102077 weight_nat: 0.2556323345514599, nat_loss: 0.01463329792022705, weight_adv: 0.7443676654485402, adv_loss: 0.01739487424492836 weight-klloss3 0.08174 Loss3: 0.023552685976028442 clean_ce: 0.14275150001049042, adv_ce: 1.114213228225708, adv_margin: 0.49448537826538086, clean_gate: 0.5888047814369202, teacher_margin: 0.3303380608558655, teacher_margin_gate: 0.6454282402992249, teacher_clean_gate: 1.0, teacher_adv_gate: 1.0, tm_grad_cos: 0.7263403534889221, tm_scale: 1.0, tm_ps_scale: 1.0, pcgrad_conflicts: 4/62
2026-07-04 04:48:26.938 | INFO     | __main__:<module>:917 - lr:0.09566026510102077 weight_nat: 0.2600600722903499, nat_loss: 0.011846723966300488, weight_adv: 0.7399399277096502, adv_loss: 0.022570226341485977 weight-klloss3 0.08174 Loss3: 0.024931300431489944 clean_ce: 0.1354987770318985, adv_ce: 1.1376291513442993, adv_margin: 0.583405613899231, clean_gate: 0.5738503932952881, teacher_margin: 0.46655791997909546, teacher_margin_gate: 0.6981755495071411, teacher_clean_gate: 1.0, teacher_adv_gate: 1.0, tm_grad_cos: 0.7778849005699158, tm_scale: 1.0, tm_ps_scale: 1.0, pcgrad_conflicts: 0/62
2026-07-04 04:49:05.755 | INFO     | __main__:<module>:917 - lr:0.09566026510102077 weight_nat: 0.25413717085560783, nat_loss: 0.01143611129373312, weight_adv: 0.7458628291443923, adv_loss: 0.02042590267956257 weight-klloss3 0.08174 Loss3: 0.03890259191393852 clean_ce: 0.13479134440422058, adv_ce: 1.1137608289718628, adv_margin: 0.517585277557373, clean_gate: 0.592168927192688, teacher_margin: 0.4718146324157715, teacher_margin_gate: 0.7056574821472168, teacher_clean_gate: 1.0, teacher_adv_gate: 1.0, tm_grad_cos: 0.7802203893661499, tm_scale: 1.0, tm_ps_scale: 1.0, pcgrad_conflicts: 0/62
2026-07-04 04:49:44.957 | INFO     | __main__:<module>:917 - lr:0.09566026510102077 weight_nat: 0.25664255086212373, nat_loss: 0.010327599942684174, weight_adv: 0.7433574491378764, adv_loss: 0.022652415558695793 weight-klloss3 0.08174 Loss3: 0.037895649671554565 clean_ce: 0.1523461788892746, adv_ce: 1.0854249000549316, adv_margin: 0.49905773997306824, clean_gate: 0.5914167165756226, teacher_margin: 0.5052899718284607, teacher_margin_gate: 0.7297476530075073, teacher_clean_gate: 1.0, teacher_adv_gate: 1.0, tm_grad_cos: 0.807857871055603, tm_scale: 1.0, tm_ps_scale: 1.0, pcgrad_conflicts: 0/62
2026-07-04 04:50:38.455 | INFO     | __main__:<module>:974 - student robust acc 0.5301, teacher robust acc 0.6677, nat teacher robust acc 0.5536
2026-07-04 04:50:43.668 | INFO     | __main__:<module>:1061 - student natural acc 0.8877, adv teacher natural acc 0.8777, nat teacher natural acc 0.9318
2026-07-04 04:50:43.671 | INFO     | __main__:<module>:482 - the 171th epoch 
2026-07-04 04:50:44.084 | INFO     | __main__:<module>:917 - lr:0.09522268714746318 weight_nat: 0.24871512479029628, nat_loss: 0.010835661552846432, weight_adv: 0.7512848752097038, adv_loss: 0.02593766711652279 weight-klloss3 0.08174 Loss3: 0.03318101167678833 clean_ce: 0.12780693173408508, adv_ce: 1.2606736421585083, adv_margin: 0.7611137628555298, clean_gate: 0.54793381690979, teacher_margin: 0.47845977544784546, teacher_margin_gate: 0.678122878074646, teacher_clean_gate: 1.0, teacher_adv_gate: 1.0, tm_grad_cos: 0.7455624938011169, tm_scale: 1.0, tm_ps_scale: 1.0, pcgrad_conflicts: 0/62
2026-07-04 04:51:23.351 | INFO     | __main__:<module>:917 - lr:0.09522268714746318 weight_nat: 0.2539005745736023, nat_loss: 0.01507397647947073, weight_adv: 0.7460994254263976, adv_loss: 0.022336915135383606 weight-klloss3 0.08174 Loss3: 0.031771980226039886 clean_ce: 0.13461075723171234, adv_ce: 1.2299805879592896, adv_margin: 0.6478838324546814, clean_gate: 0.5433552265167236, teacher_margin: 0.5140798091888428, teacher_margin_gate: 0.6827470660209656, teacher_clean_gate: 1.0, teacher_adv_gate: 1.0, tm_grad_cos: 0.7991649508476257, tm_scale: 1.0, tm_ps_scale: 1.0, pcgrad_conflicts: 0/62
2026-07-04 04:52:02.635 | INFO     | __main__:<module>:917 - lr:0.09522268714746318 weight_nat: 0.2530259357429989, nat_loss: 0.008553399704396725, weight_adv: 0.7469740642570012, adv_loss: 0.01826201006770134 weight-klloss3 0.08174 Loss3: 0.029850535094738007 clean_ce: 0.14867082238197327, adv_ce: 1.0697391033172607, adv_margin: 0.4865530729293823, clean_gate: 0.6121793389320374, teacher_margin: 0.39385050535202026, teacher_margin_gate: 0.6947247385978699, teacher_clean_gate: 1.0, teacher_adv_gate: 1.0, tm_grad_cos: 0.7585496306419373, tm_scale: 1.0, tm_ps_scale: 1.0, pcgrad_conflicts: 0/62
2026-07-04 04:52:41.728 | INFO     | __main__:<module>:917 - lr:0.09522268714746318 weight_nat: 0.25469333814582734, nat_loss: 0.012103795073926449, weight_adv: 0.7453066618541727, adv_loss: 0.0213024839758873 weight-klloss3 0.08174 Loss3: 0.0201848354190588 clean_ce: 0.14407911896705627, adv_ce: 1.2101858854293823, adv_margin: 0.5998349189758301, clean_gate: 0.543803334236145, teacher_margin: 0.4437689781188965, teacher_margin_gate: 0.6444545984268188, teacher_clean_gate: 1.0, teacher_adv_gate: 1.0, tm_grad_cos: 0.7389160394668579, tm_scale: 1.0, tm_ps_scale: 1.0, pcgrad_conflicts: 0/62
2026-07-04 04:53:16.578 | INFO     | __main__:<module>:482 - the 172th epoch 
2026-07-04 04:53:17.012 | INFO     | __main__:<module>:917 - lr:0.09476520077165564 weight_nat: 0.2566977832768775, nat_loss: 0.010798885487020016, weight_adv: 0.7433022167231225, adv_loss: 0.01959550753235817 weight-klloss3 0.08174 Loss3: 0.02860086038708687 clean_ce: 0.1473371684551239, adv_ce: 1.0386818647384644, adv_margin: 0.45594948530197144, clean_gate: 0.5988850593566895, teacher_margin: 0.4538872539997101, teacher_margin_gate: 0.7006701231002808, teacher_clean_gate: 1.0, teacher_adv_gate: 1.0, tm_grad_cos: 0.8035406470298767, tm_scale: 1.0, tm_ps_scale: 1.0, pcgrad_conflicts: 0/62
2026-07-04 04:53:55.900 | INFO     | __main__:<module>:917 - lr:0.09476520077165564 weight_nat: 0.2556860853808359, nat_loss: 0.0087922727689147, weight_adv: 0.7443139146191642, adv_loss: 0.01842314377427101 weight-klloss3 0.08174 Loss3: 0.030026337131857872 clean_ce: 0.14795252680778503, adv_ce: 0.9807924032211304, adv_margin: 0.3645626902580261, clean_gate: 0.6351689100265503, teacher_margin: 0.375660240650177, teacher_margin_gate: 0.7133795619010925, teacher_clean_gate: 1.0, teacher_adv_gate: 1.0, tm_grad_cos: 0.7691757082939148, tm_scale: 1.0, tm_ps_scale: 1.0, pcgrad_conflicts: 0/62
2026-07-04 04:54:34.722 | INFO     | __main__:<module>:917 - lr:0.09476520077165564 weight_nat: 0.2562270631336798, nat_loss: 0.013407871127128601, weight_adv: 0.7437729368663203, adv_loss: 0.019895803183317184 weight-klloss3 0.08174 Loss3: 0.0277327261865139 clean_ce: 0.13725540041923523, adv_ce: 1.2533702850341797, adv_margin: 0.6282939910888672, clean_gate: 0.5328845977783203, teacher_margin: 0.441059947013855, teacher_margin_gate: 0.6491600275039673, teacher_clean_gate: 1.0, teacher_adv_gate: 1.0, tm_grad_cos: 0.7641565203666687, tm_scale: 1.0, tm_ps_scale: 1.0, pcgrad_conflicts: 0/62
2026-07-04 04:55:13.569 | INFO     | __main__:<module>:917 - lr:0.09476520077165564 weight_nat: 0.25448668904904503, nat_loss: 0.011450004763901234, weight_adv: 0.745513310950955, adv_loss: 0.025500338524580002 weight-klloss3 0.08174 Loss3: 0.04271766543388367 clean_ce: 0.16522693634033203, adv_ce: 1.1341540813446045, adv_margin: 0.5626373291015625, clean_gate: 0.5774495601654053, teacher_margin: 0.557295560836792, teacher_margin_gate: 0.7368416786193848, teacher_clean_gate: 1.0, teacher_adv_gate: 1.0, tm_grad_cos: 0.8088335990905762, tm_scale: 1.0, tm_ps_scale: 1.0, pcgrad_conflicts: 0/62
2026-07-04 04:55:48.324 | INFO     | __main__:<module>:482 - the 173th epoch 
2026-07-04 04:55:48.758 | INFO     | __main__:<module>:917 - lr:0.09428800819699468 weight_nat: 0.2550600099563062, nat_loss: 0.012807282619178295, weight_adv: 0.7449399900436939, adv_loss: 0.021604087203741074 weight-klloss3 0.08174 Loss3: 0.03850382938981056 clean_ce: 0.13019151985645294, adv_ce: 1.2218124866485596, adv_margin: 0.6268294453620911, clean_gate: 0.5416178703308105, teacher_margin: 0.46081021428108215, teacher_margin_gate: 0.663170337677002, teacher_clean_gate: 1.0, teacher_adv_gate: 1.0, tm_grad_cos: 0.7876672148704529, tm_scale: 1.0, tm_ps_scale: 1.0, pcgrad_conflicts: 0/62
2026-07-04 04:56:27.585 | INFO     | __main__:<module>:917 - lr:0.09428800819699468 weight_nat: 0.25575421234652046, nat_loss: 0.008900142274796963, weight_adv: 0.7442457876534796, adv_loss: 0.02023390308022499 weight-klloss3 0.08174 Loss3: 0.03946049511432648 clean_ce: 0.13756078481674194, adv_ce: 1.0911381244659424, adv_margin: 0.4917839765548706, clean_gate: 0.5799812078475952, teacher_margin: 0.48551076650619507, teacher_margin_gate: 0.7026817202568054, teacher_clean_gate: 1.0, teacher_adv_gate: 1.0, tm_grad_cos: 0.7923294901847839, tm_scale: 1.0, tm_ps_scale: 1.0, pcgrad_conflicts: 0/62
2026-07-04 04:57:06.403 | INFO     | __main__:<module>:917 - lr:0.09428800819699468 weight_nat: 0.25327948830803915, nat_loss: 0.010480716824531555, weight_adv: 0.746720511691961, adv_loss: 0.020004019141197205 weight-klloss3 0.08174 Loss3: 0.0306676235049963 clean_ce: 0.15567611157894135, adv_ce: 1.0302993059158325, adv_margin: 0.4128108620643616, clean_gate: 0.6115254163742065, teacher_margin: 0.5115880966186523, teacher_margin_gate: 0.7470645904541016, teacher_clean_gate: 1.0, teacher_adv_gate: 1.0, tm_grad_cos: 0.7834933400154114, tm_scale: 1.0, tm_ps_scale: 1.0, pcgrad_conflicts: 0/62
2026-07-04 04:57:45.234 | INFO     | __main__:<module>:917 - lr:0.09428800819699468 weight_nat: 0.25423897115095045, nat_loss: 0.009711556136608124, weight_adv: 0.7457610288490495, adv_loss: 0.01796051487326622 weight-klloss3 0.08174 Loss3: 0.03000953420996666 clean_ce: 0.15916934609413147, adv_ce: 0.9174957275390625, adv_margin: 0.3735240697860718, clean_gate: 0.642501950263977, teacher_margin: 0.3916199207305908, teacher_margin_gate: 0.7357200384140015, teacher_clean_gate: 1.0, teacher_adv_gate: 1.0, tm_grad_cos: 0.777052104473114, tm_scale: 1.0, tm_ps_scale: 1.0, pcgrad_conflicts: 0/62
2026-07-04 04:58:20.018 | INFO     | __main__:<module>:482 - the 174th epoch 
2026-07-04 04:58:20.455 | INFO     | __main__:<module>:917 - lr:0.09379132035056717 weight_nat: 0.25203609430129326, nat_loss: 0.009325732477009296, weight_adv: 0.7479639056987067, adv_loss: 0.018930848687887192 weight-klloss3 0.08174 Loss3: 0.041876330971717834 clean_ce: 0.14677099883556366, adv_ce: 0.9997694492340088, adv_margin: 0.45253786444664, clean_gate: 0.6092163324356079, teacher_margin: 0.4404721260070801, teacher_margin_gate: 0.7143099904060364, teacher_clean_gate: 1.0, teacher_adv_gate: 1.0, tm_grad_cos: 0.7744205594062805, tm_scale: 1.0, tm_ps_scale: 1.0, pcgrad_conflicts: 0/62
2026-07-04 04:58:59.264 | INFO     | __main__:<module>:917 - lr:0.09379132035056717 weight_nat: 0.2611527039300671, nat_loss: 0.011829100549221039, weight_adv: 0.7388472960699329, adv_loss: 0.016193563118577003 weight-klloss3 0.08174 Loss3: 0.037658192217350006 clean_ce: 0.15538792312145233, adv_ce: 0.9776687622070312, adv_margin: 0.4356708228588104, clean_gate: 0.6305352449417114, teacher_margin: 0.3608572483062744, teacher_margin_gate: 0.6976572871208191, teacher_clean_gate: 1.0, teacher_adv_gate: 1.0, tm_grad_cos: 0.7681337594985962, tm_scale: 1.0, tm_ps_scale: 1.0, pcgrad_conflicts: 0/62
2026-07-04 04:59:38.094 | INFO     | __main__:<module>:917 - lr:0.09379132035056717 weight_nat: 0.25525675202815934, nat_loss: 0.010353934019804, weight_adv: 0.7447432479718407, adv_loss: 0.01565307378768921 weight-klloss3 0.08174 Loss3: 0.030943945050239563 clean_ce: 0.14820238947868347, adv_ce: 0.9626722931861877, adv_margin: 0.4186294674873352, clean_gate: 0.6437627077102661, teacher_margin: 0.3407125473022461, teacher_margin_gate: 0.71736079454422, teacher_clean_gate: 1.0, teacher_adv_gate: 1.0, tm_grad_cos: 0.7824655771255493, tm_scale: 1.0, tm_ps_scale: 1.0, pcgrad_conflicts: 0/62
2026-07-04 05:00:16.933 | INFO     | __main__:<module>:917 - lr:0.09379132035056717 weight_nat: 0.2543725120942181, nat_loss: 0.013678686693310738, weight_adv: 0.7456274879057819, adv_loss: 0.023978566750884056 weight-klloss3 0.08174 Loss3: 0.0300680510699749 clean_ce: 0.12935715913772583, adv_ce: 1.1463901996612549, adv_margin: 0.5825037360191345, clean_gate: 0.5733007192611694, teacher_margin: 0.4918833374977112, teacher_margin_gate: 0.7130928039550781, teacher_clean_gate: 1.0, teacher_adv_gate: 1.0, tm_grad_cos: 0.7896231412887573, tm_scale: 1.0, tm_ps_scale: 1.0, pcgrad_conflicts: 0/62
2026-07-04 05:00:51.693 | INFO     | __main__:<module>:482 - the 175th epoch 
2026-07-04 05:00:52.125 | INFO     | __main__:<module>:917 - lr:0.09327535676897769 weight_nat: 0.2542400532778617, nat_loss: 0.011034426279366016, weight_adv: 0.7457599467221383, adv_loss: 0.01975543051958084 weight-klloss3 0.08174 Loss3: 0.029595155268907547 clean_ce: 0.1296924650669098, adv_ce: 1.0984309911727905, adv_margin: 0.5082967281341553, clean_gate: 0.5867780447006226, teacher_margin: 0.43327587842941284, teacher_margin_gate: 0.7073006629943848, teacher_clean_gate: 1.0, teacher_adv_gate: 1.0, tm_grad_cos: 0.7798110842704773, tm_scale: 1.0, tm_ps_scale: 1.0, pcgrad_conflicts: 0/62
2026-07-04 05:01:30.917 | INFO     | __main__:<module>:917 - lr:0.09327535676897769 weight_nat: 0.26181895285089074, nat_loss: 0.011637263000011444, weight_adv: 0.7381810471491094, adv_loss: 0.01782321184873581 weight-klloss3 0.08174 Loss3: 0.02685072273015976 clean_ce: 0.14998331665992737, adv_ce: 1.0592461824417114, adv_margin: 0.4776917099952698, clean_gate: 0.6115269660949707, teacher_margin: 0.4042775630950928, teacher_margin_gate: 0.7195142507553101, teacher_clean_gate: 1.0, teacher_adv_gate: 1.0, tm_grad_cos: 0.7644521594047546, tm_scale: 1.0, tm_ps_scale: 1.0, pcgrad_conflicts: 0/62
2026-07-04 05:02:09.699 | INFO     | __main__:<module>:917 - lr:0.09327535676897769 weight_nat: 0.25302176483773176, nat_loss: 0.01018449291586876, weight_adv: 0.7469782351622682, adv_loss: 0.02192758023738861 weight-klloss3 0.08174 Loss3: 0.03392014652490616 clean_ce: 0.1514647901058197, adv_ce: 1.0347975492477417, adv_margin: 0.4727077782154083, clean_gate: 0.6161893606185913, teacher_margin: 0.44495177268981934, teacher_margin_gate: 0.7464971542358398, teacher_clean_gate: 1.0, teacher_adv_gate: 1.0, tm_grad_cos: 0.7456737756729126, tm_scale: 1.0, tm_ps_scale: 1.0, pcgrad_conflicts: 0/62
2026-07-04 05:02:48.508 | INFO     | __main__:<module>:917 - lr:0.09327535676897769 weight_nat: 0.25724993997160217, nat_loss: 0.009881329722702503, weight_adv: 0.7427500600283978, adv_loss: 0.01864844746887684 weight-klloss3 0.08174 Loss3: 0.02650589495897293 clean_ce: 0.17329198122024536, adv_ce: 1.0331910848617554, adv_margin: 0.40382465720176697, clean_gate: 0.6234890222549438, teacher_margin: 0.41113632917404175, teacher_margin_gate: 0.7261297106742859, teacher_clean_gate: 1.0, teacher_adv_gate: 1.0, tm_grad_cos: 0.7839210033416748, tm_scale: 1.0, tm_ps_scale: 1.0, pcgrad_conflicts: 0/62
2026-07-04 05:03:23.256 | INFO     | __main__:<module>:482 - the 176th epoch 
2026-07-04 05:03:23.689 | INFO     | __main__:<module>:917 - lr:0.09274034550033461 weight_nat: 0.2468303795710489, nat_loss: 0.01122215110808611, weight_adv: 0.7531696204289512, adv_loss: 0.024059638381004333 weight-klloss3 0.08174 Loss3: 0.03570326417684555 clean_ce: 0.1517753303050995, adv_ce: 1.116331696510315, adv_margin: 0.5314210653305054, clean_gate: 0.576760470867157, teacher_margin: 0.5322585105895996, teacher_margin_gate: 0.7362521886825562, teacher_clean_gate: 1.0, teacher_adv_gate: 1.0, tm_grad_cos: 0.8049111366271973, tm_scale: 1.0, tm_ps_scale: 1.0, pcgrad_conflicts: 0/62
2026-07-04 05:04:02.459 | INFO     | __main__:<module>:917 - lr:0.09274034550033461 weight_nat: 0.2506792293259275, nat_loss: 0.00916318129748106, weight_adv: 0.7493207706740725, adv_loss: 0.02154400385916233 weight-klloss3 0.08174 Loss3: 0.038894690573215485 clean_ce: 0.13350661098957062, adv_ce: 1.143084168434143, adv_margin: 0.5726771354675293, clean_gate: 0.5637091398239136, teacher_margin: 0.4481320381164551, teacher_margin_gate: 0.6894983053207397, teacher_clean_gate: 1.0, teacher_adv_gate: 1.0, tm_grad_cos: 0.7932227849960327, tm_scale: 1.0, tm_ps_scale: 1.0, pcgrad_conflicts: 0/62
2026-07-04 05:04:41.260 | INFO     | __main__:<module>:917 - lr:0.09274034550033461 weight_nat: 0.2529848653916098, nat_loss: 0.010773497633635998, weight_adv: 0.7470151346083902, adv_loss: 0.024189697578549385 weight-klloss3 0.08174 Loss3: 0.028523536399006844 clean_ce: 0.14257368445396423, adv_ce: 1.1188409328460693, adv_margin: 0.5027543306350708, clean_gate: 0.5793166160583496, teacher_margin: 0.49729448556900024, teacher_margin_gate: 0.700859546661377, teacher_clean_gate: 1.0, teacher_adv_gate: 1.0, tm_grad_cos: 0.7762633562088013, tm_scale: 1.0, tm_ps_scale: 1.0, pcgrad_conflicts: 0/62
2026-07-04 05:05:20.117 | INFO     | __main__:<module>:917 - lr:0.09274034550033461 weight_nat: 0.252584842042846, nat_loss: 0.018568245694041252, weight_adv: 0.7474151579571541, adv_loss: 0.023929856717586517 weight-klloss3 0.08174 Loss3: 0.021802406758069992 clean_ce: 0.14502570033073425, adv_ce: 1.1958996057510376, adv_margin: 0.5435513257980347, clean_gate: 0.5536460876464844, teacher_margin: 0.5456505417823792, teacher_margin_gate: 0.6974725723266602, teacher_clean_gate: 1.0, teacher_adv_gate: 1.0, tm_grad_cos: 0.8171682953834534, tm_scale: 1.0, tm_ps_scale: 1.0, pcgrad_conflicts: 0/62
2026-07-04 05:05:55.002 | INFO     | __main__:<module>:482 - the 177th epoch 
2026-07-04 05:05:55.435 | INFO     | __main__:<module>:917 - lr:0.09218652300243912 weight_nat: 0.2565482110984468, nat_loss: 0.011230183765292168, weight_adv: 0.7434517889015533, adv_loss: 0.01718914695084095 weight-klloss3 0.08174 Loss3: 0.017457643523812294 clean_ce: 0.15235230326652527, adv_ce: 0.974424421787262, adv_margin: 0.40164393186569214, clean_gate: 0.636337161064148, teacher_margin: 0.3852705955505371, teacher_margin_gate: 0.7305205464363098, teacher_clean_gate: 1.0, teacher_adv_gate: 1.0, tm_grad_cos: 0.7716138958930969, tm_scale: 1.0, tm_ps_scale: 1.0, pcgrad_conflicts: 0/62
2026-07-04 05:06:34.285 | INFO     | __main__:<module>:917 - lr:0.09218652300243912 weight_nat: 0.2582029091901875, nat_loss: 0.008677097968757153, weight_adv: 0.7417970908098125, adv_loss: 0.01884934864938259 weight-klloss3 0.08174 Loss3: 0.030116356909275055 clean_ce: 0.12621749937534332, adv_ce: 1.0275812149047852, adv_margin: 0.4646244943141937, clean_gate: 0.6103874444961548, teacher_margin: 0.4496881365776062, teacher_margin_gate: 0.7224959135055542, teacher_clean_gate: 1.0, teacher_adv_gate: 1.0, tm_grad_cos: 0.8077000975608826, tm_scale: 1.0, tm_ps_scale: 1.0, pcgrad_conflicts: 0/62
2026-07-04 05:07:13.305 | INFO     | __main__:<module>:917 - lr:0.09218652300243912 weight_nat: 0.25320398686123796, nat_loss: 0.012301556766033173, weight_adv: 0.7467960131387621, adv_loss: 0.024417918175458908 weight-klloss3 0.08174 Loss3: 0.022111250087618828 clean_ce: 0.11893792450428009, adv_ce: 1.3630280494689941, adv_margin: 0.7636500597000122, clean_gate: 0.5110681056976318, teacher_margin: 0.5523401498794556, teacher_margin_gate: 0.6613268852233887, teacher_clean_gate: 1.0, teacher_adv_gate: 1.0, tm_grad_cos: 0.791299045085907, tm_scale: 1.0, tm_ps_scale: 1.0, pcgrad_conflicts: 0/62
2026-07-04 05:07:52.675 | INFO     | __main__:<module>:917 - lr:0.09218652300243912 weight_nat: 0.25952149512537065, nat_loss: 0.015943584963679314, weight_adv: 0.7404785048746293, adv_loss: 0.020357374101877213 weight-klloss3 0.08174 Loss3: 0.025634795427322388 clean_ce: 0.1386253833770752, adv_ce: 1.0902111530303955, adv_margin: 0.5076968669891357, clean_gate: 0.6019165515899658, teacher_margin: 0.45166271924972534, teacher_margin_gate: 0.7075598239898682, teacher_clean_gate: 1.0, teacher_adv_gate: 1.0, tm_grad_cos: 0.7856292724609375, tm_scale: 1.0, tm_ps_scale: 1.0, pcgrad_conflicts: 0/62
2026-07-04 05:08:27.957 | INFO     | __main__:<module>:482 - the 178th epoch 
2026-07-04 05:08:28.394 | INFO     | __main__:<module>:917 - lr:0.09161413403722336 weight_nat: 0.25626001842980456, nat_loss: 0.012833132408559322, weight_adv: 0.7437399815701955, adv_loss: 0.019902853295207024 weight-klloss3 0.08174 Loss3: 0.026834234595298767 clean_ce: 0.14648771286010742, adv_ce: 1.069806456565857, adv_margin: 0.4424879848957062, clean_gate: 0.5991576313972473, teacher_margin: 0.45388108491897583, teacher_margin_gate: 0.7160009741783142, teacher_clean_gate: 1.0, teacher_adv_gate: 1.0, tm_grad_cos: 0.7999895215034485, tm_scale: 1.0, tm_ps_scale: 1.0, pcgrad_conflicts: 0/62
2026-07-04 05:09:07.742 | INFO     | __main__:<module>:917 - lr:0.09161413403722336 weight_nat: 0.25335159407724456, nat_loss: 0.008512354455888271, weight_adv: 0.7466484059227554, adv_loss: 0.021370653063058853 weight-klloss3 0.08174 Loss3: 0.028106410056352615 clean_ce: 0.12189345061779022, adv_ce: 1.1354838609695435, adv_margin: 0.6285192966461182, clean_gate: 0.5642979145050049, teacher_margin: 0.5091803669929504, teacher_margin_gate: 0.6969500780105591, teacher_clean_gate: 1.0, teacher_adv_gate: 1.0, tm_grad_cos: 0.8067360520362854, tm_scale: 1.0, tm_ps_scale: 1.0, pcgrad_conflicts: 0/62
2026-07-04 05:09:47.026 | INFO     | __main__:<module>:917 - lr:0.09161413403722336 weight_nat: 0.26455634358186103, nat_loss: 0.011428815312683582, weight_adv: 0.7354436564181389, adv_loss: 0.024615131318569183 weight-klloss3 0.08174 Loss3: 0.03842398151755333 clean_ce: 0.16797900199890137, adv_ce: 1.0439002513885498, adv_margin: 0.4429463744163513, clean_gate: 0.6094765663146973, teacher_margin: 0.49970507621765137, teacher_margin_gate: 0.7387610673904419, teacher_clean_gate: 1.0, teacher_adv_gate: 1.0, tm_grad_cos: 0.764661431312561, tm_scale: 1.0, tm_ps_scale: 1.0, pcgrad_conflicts: 0/62
2026-07-04 05:10:25.717 | INFO     | __main__:<module>:917 - lr:0.09161413403722336 weight_nat: 0.24965175094624095, nat_loss: 0.008307564072310925, weight_adv: 0.7503482490537591, adv_loss: 0.01957813650369644 weight-klloss3 0.08174 Loss3: 0.02624623291194439 clean_ce: 0.13991525769233704, adv_ce: 1.0473275184631348, adv_margin: 0.4550495743751526, clean_gate: 0.604820966720581, teacher_margin: 0.39386439323425293, teacher_margin_gate: 0.7041734457015991, teacher_clean_gate: 1.0, teacher_adv_gate: 1.0, tm_grad_cos: 0.7648808360099792, tm_scale: 1.0, tm_ps_scale: 1.0, pcgrad_conflicts: 0/62
2026-07-04 05:11:00.329 | INFO     | __main__:<module>:482 - the 179th epoch 
2026-07-04 05:11:00.762 | INFO     | __main__:<module>:917 - lr:0.09102343156148424 weight_nat: 0.25578200747912855, nat_loss: 0.011162533424794674, weight_adv: 0.7442179925208714, adv_loss: 0.023406565189361572 weight-klloss3 0.08174 Loss3: 0.03772973269224167 clean_ce: 0.13756349682807922, adv_ce: 1.2217248678207397, adv_margin: 0.6613467931747437, clean_gate: 0.5249711871147156, teacher_margin: 0.5136667490005493, teacher_margin_gate: 0.6755993366241455, teacher_clean_gate: 1.0, teacher_adv_gate: 1.0, tm_grad_cos: 0.7779980897903442, tm_scale: 1.0, tm_ps_scale: 1.0, pcgrad_conflicts: 0/62
2026-07-04 05:11:39.385 | INFO     | __main__:<module>:917 - lr:0.09102343156148424 weight_nat: 0.25705786893658156, nat_loss: 0.008450213819742203, weight_adv: 0.7429421310634186, adv_loss: 0.02102329209446907 weight-klloss3 0.08174 Loss3: 0.04386596381664276 clean_ce: 0.13545840978622437, adv_ce: 1.0601258277893066, adv_margin: 0.49885499477386475, clean_gate: 0.5796460509300232, teacher_margin: 0.5524341464042664, teacher_margin_gate: 0.732881486415863, teacher_clean_gate: 1.0, teacher_adv_gate: 1.0, tm_grad_cos: 0.8276767730712891, tm_scale: 1.0, tm_ps_scale: 1.0, pcgrad_conflicts: 0/62
2026-07-04 05:12:18.021 | INFO     | __main__:<module>:917 - lr:0.09102343156148424 weight_nat: 0.2560960430825662, nat_loss: 0.010740221478044987, weight_adv: 0.7439039569174338, adv_loss: 0.021482132375240326 weight-klloss3 0.08174 Loss3: 0.024273859336972237 clean_ce: 0.14160075783729553, adv_ce: 1.0359421968460083, adv_margin: 0.4807887077331543, clean_gate: 0.6144128441810608, teacher_margin: 0.4888691306114197, teacher_margin_gate: 0.7497661113739014, teacher_clean_gate: 1.0, teacher_adv_gate: 1.0, tm_grad_cos: 0.801629364490509, tm_scale: 1.0, tm_ps_scale: 1.0, pcgrad_conflicts: 0/62
2026-07-04 05:12:56.644 | INFO     | __main__:<module>:917 - lr:0.09102343156148424 weight_nat: 0.2607495434663527, nat_loss: 0.01118092704564333, weight_adv: 0.7392504565336474, adv_loss: 0.021758727729320526 weight-klloss3 0.08174 Loss3: 0.033718645572662354 clean_ce: 0.1464826911687851, adv_ce: 1.0000041723251343, adv_margin: 0.4316985309123993, clean_gate: 0.6101601719856262, teacher_margin: 0.502859354019165, teacher_margin_gate: 0.757095217704773, teacher_clean_gate: 1.0, teacher_adv_gate: 1.0, tm_grad_cos: 0.822903573513031, tm_scale: 1.0, tm_ps_scale: 1.0, pcgrad_conflicts: 0/62
2026-07-04 05:13:31.388 | INFO     | __main__:<module>:482 - the 180th epoch 
2026-07-04 05:13:31.820 | INFO     | __main__:<module>:917 - lr:0.09041467661396314 weight_nat: 0.25629854806236635, nat_loss: 0.008083983324468136, weight_adv: 0.7437014519376337, adv_loss: 0.019477492198348045 weight-klloss3 0.08174 Loss3: 0.035284437239170074 clean_ce: 0.14656856656074524, adv_ce: 1.0436713695526123, adv_margin: 0.4587748050689697, clean_gate: 0.6198786497116089, teacher_margin: 0.44419437646865845, teacher_margin_gate: 0.7273107767105103, teacher_clean_gate: 1.0, teacher_adv_gate: 1.0, tm_grad_cos: 0.7905325293540955, tm_scale: 1.0, tm_ps_scale: 1.0, pcgrad_conflicts: 0/62
2026-07-04 05:14:10.711 | INFO     | __main__:<module>:917 - lr:0.09041467661396314 weight_nat: 0.26360318371302727, nat_loss: 0.009893815033137798, weight_adv: 0.7363968162869727, adv_loss: 0.017080171033740044 weight-klloss3 0.08174 Loss3: 0.037306204438209534 clean_ce: 0.14400972425937653, adv_ce: 1.0387722253799438, adv_margin: 0.4990324378013611, clean_gate: 0.6189046502113342, teacher_margin: 0.41924387216567993, teacher_margin_gate: 0.7142991423606873, teacher_clean_gate: 1.0, teacher_adv_gate: 1.0, tm_grad_cos: 0.7752376794815063, tm_scale: 1.0, tm_ps_scale: 1.0, pcgrad_conflicts: 0/62
2026-07-04 05:14:49.593 | INFO     | __main__:<module>:917 - lr:0.09041467661396314 weight_nat: 0.265947521645149, nat_loss: 0.01410318911075592, weight_adv: 0.734052478354851, adv_loss: 0.023509720340371132 weight-klloss3 0.08174 Loss3: 0.025803357362747192 clean_ce: 0.13241368532180786, adv_ce: 1.1359481811523438, adv_margin: 0.542757511138916, clean_gate: 0.5714924335479736, teacher_margin: 0.5087254047393799, teacher_margin_gate: 0.7113814949989319, teacher_clean_gate: 1.0, teacher_adv_gate: 1.0, tm_grad_cos: 0.7810484170913696, tm_scale: 1.0, tm_ps_scale: 1.0, pcgrad_conflicts: 0/62
2026-07-04 05:15:28.445 | INFO     | __main__:<module>:917 - lr:0.09041467661396314 weight_nat: 0.2567088712213069, nat_loss: 0.008525668643414974, weight_adv: 0.7432911287786931, adv_loss: 0.022494835779070854 weight-klloss3 0.08174 Loss3: 0.036874063313007355 clean_ce: 0.12418175488710403, adv_ce: 1.1022210121154785, adv_margin: 0.5058032274246216, clean_gate: 0.5963242053985596, teacher_margin: 0.45366591215133667, teacher_margin_gate: 0.7101039886474609, teacher_clean_gate: 1.0, teacher_adv_gate: 1.0, tm_grad_cos: 0.7627111077308655, tm_scale: 1.0, tm_ps_scale: 1.0, pcgrad_conflicts: 0/62
2026-07-04 05:16:21.315 | INFO     | __main__:<module>:974 - student robust acc 0.5342, teacher robust acc 0.6686, nat teacher robust acc 0.5608
2026-07-04 05:16:27.058 | INFO     | __main__:<module>:1058 - best accuracy:0.7121500000000001
2026-07-04 05:16:27.058 | INFO     | __main__:<module>:1061 - student natural acc 0.8901, adv teacher natural acc 0.8784, nat teacher natural acc 0.9318
2026-07-04 05:16:27.060 | INFO     | __main__:<module>:482 - the 181th epoch 
2026-07-04 05:16:27.471 | INFO     | __main__:<module>:917 - lr:0.08978813819882181 weight_nat: 0.25143235576964895, nat_loss: 0.01029916387051344, weight_adv: 0.748567644230351, adv_loss: 0.019142288714647293 weight-klloss3 0.08174 Loss3: 0.025028590112924576 clean_ce: 0.13995735347270966, adv_ce: 1.1124480962753296, adv_margin: 0.5819952487945557, clean_gate: 0.5855640769004822, teacher_margin: 0.3809741139411926, teacher_margin_gate: 0.6811881065368652, teacher_clean_gate: 1.0, teacher_adv_gate: 1.0, tm_grad_cos: 0.7361677289009094, tm_scale: 1.0, tm_ps_scale: 1.0, pcgrad_conflicts: 0/62
2026-07-04 05:17:06.382 | INFO     | __main__:<module>:917 - lr:0.08978813819882181 weight_nat: 0.2538349133772493, nat_loss: 0.013694959692656994, weight_adv: 0.7461650866227508, adv_loss: 0.020708920434117317 weight-klloss3 0.08174 Loss3: 0.021661756560206413 clean_ce: 0.15199041366577148, adv_ce: 1.1148309707641602, adv_margin: 0.5045419335365295, clean_gate: 0.578549861907959, teacher_margin: 0.4544357657432556, teacher_margin_gate: 0.6766085624694824, teacher_clean_gate: 1.0, teacher_adv_gate: 1.0, tm_grad_cos: 0.7818531394004822, tm_scale: 1.0, tm_ps_scale: 1.0, pcgrad_conflicts: 0/62
2026-07-04 05:17:45.334 | INFO     | __main__:<module>:917 - lr:0.08978813819882181 weight_nat: 0.25542516750113103, nat_loss: 0.015919053927063942, weight_adv: 0.744574832498869, adv_loss: 0.016503959894180298 weight-klloss3 0.08174 Loss3: 0.026363415643572807 clean_ce: 0.1278267502784729, adv_ce: 1.1920171976089478, adv_margin: 0.6298561096191406, clean_gate: 0.5743618011474609, teacher_margin: 0.38362976908683777, teacher_margin_gate: 0.6694923639297485, teacher_clean_gate: 1.0, teacher_adv_gate: 1.0, tm_grad_cos: 0.8106656074523926, tm_scale: 1.0, tm_ps_scale: 1.0, pcgrad_conflicts: 0/62
2026-07-04 05:18:24.228 | INFO     | __main__:<module>:917 - lr:0.08978813819882181 weight_nat: 0.25172949679574635, nat_loss: 0.010502563789486885, weight_adv: 0.7482705032042537, adv_loss: 0.020283009856939316 weight-klloss3 0.08174 Loss3: 0.03340698778629303 clean_ce: 0.1390857696533203, adv_ce: 1.071169137954712, adv_margin: 0.493185818195343, clean_gate: 0.5986281633377075, teacher_margin: 0.43190911412239075, teacher_margin_gate: 0.7107774019241333, teacher_clean_gate: 1.0, teacher_adv_gate: 1.0, tm_grad_cos: 0.7517921924591064, tm_scale: 1.0, tm_ps_scale: 1.0, pcgrad_conflicts: 0/62
2026-07-04 05:18:59.049 | INFO     | __main__:<module>:482 - the 182th epoch 
2026-07-04 05:18:59.480 | INFO     | __main__:<module>:917 - lr:0.08914409316556651 weight_nat: 0.2503076621910415, nat_loss: 0.009569767862558365, weight_adv: 0.7496923378089585, adv_loss: 0.021458597853779793 weight-klloss3 0.08174 Loss3: 0.03537562116980553 clean_ce: 0.14244988560676575, adv_ce: 1.1445820331573486, adv_margin: 0.5618764758110046, clean_gate: 0.5746262073516846, teacher_margin: 0.501060962677002, teacher_margin_gate: 0.7076723575592041, teacher_clean_gate: 1.0, teacher_adv_gate: 1.0, tm_grad_cos: 0.7848324179649353, tm_scale: 1.0, tm_ps_scale: 1.0, pcgrad_conflicts: 0/62
2026-07-04 05:19:38.348 | INFO     | __main__:<module>:917 - lr:0.08914409316556651 weight_nat: 0.2567924258565157, nat_loss: 0.008547121658921242, weight_adv: 0.7432075741434844, adv_loss: 0.012847197242081165 weight-klloss3 0.08174 Loss3: 0.01965503767132759 clean_ce: 0.15634439885616302, adv_ce: 0.8820565342903137, adv_margin: 0.33627617359161377, clean_gate: 0.6650410294532776, teacher_margin: 0.32588687539100647, teacher_margin_gate: 0.7390162944793701, teacher_clean_gate: 1.0, teacher_adv_gate: 1.0, tm_grad_cos: 0.7670609951019287, tm_scale: 1.0, tm_ps_scale: 1.0, pcgrad_conflicts: 0/62
2026-07-04 05:20:17.206 | INFO     | __main__:<module>:917 - lr:0.08914409316556651 weight_nat: 0.26531754563937565, nat_loss: 0.010940774343907833, weight_adv: 0.7346824543606244, adv_loss: 0.023962125182151794 weight-klloss3 0.08174 Loss3: 0.026266057044267654 clean_ce: 0.12993331253528595, adv_ce: 1.0969244241714478, adv_margin: 0.5224034190177917, clean_gate: 0.5864404439926147, teacher_margin: 0.597954511642456, teacher_margin_gate: 0.7501444220542908, teacher_clean_gate: 1.0, teacher_adv_gate: 1.0, tm_grad_cos: 0.8182836174964905, tm_scale: 1.0, tm_ps_scale: 1.0, pcgrad_conflicts: 0/62
2026-07-04 05:20:55.996 | INFO     | __main__:<module>:917 - lr:0.08914409316556651 weight_nat: 0.2557376839962973, nat_loss: 0.010125222615897655, weight_adv: 0.7442623160037027, adv_loss: 0.019704628735780716 weight-klloss3 0.08174 Loss3: 0.027037780731916428 clean_ce: 0.13849782943725586, adv_ce: 1.157480239868164, adv_margin: 0.5907677412033081, clean_gate: 0.5867912173271179, teacher_margin: 0.4116528034210205, teacher_margin_gate: 0.6872560977935791, teacher_clean_gate: 1.0, teacher_adv_gate: 1.0, tm_grad_cos: 0.7446063756942749, tm_scale: 1.0, tm_ps_scale: 1.0, pcgrad_conflicts: 0/62
2026-07-04 05:21:30.746 | INFO     | __main__:<module>:482 - the 183th epoch 
2026-07-04 05:21:31.179 | INFO     | __main__:<module>:917 - lr:0.08848282608547543 weight_nat: 0.2524701622272446, nat_loss: 0.012560442090034485, weight_adv: 0.7475298377727555, adv_loss: 0.01843181438744068 weight-klloss3 0.08174 Loss3: 0.018590053543448448 clean_ce: 0.14012497663497925, adv_ce: 1.1376477479934692, adv_margin: 0.5325680375099182, clean_gate: 0.5669890642166138, teacher_margin: 0.43016737699508667, teacher_margin_gate: 0.6720801591873169, teacher_clean_gate: 1.0, teacher_adv_gate: 1.0, tm_grad_cos: 0.7634799480438232, tm_scale: 1.0, tm_ps_scale: 1.0, pcgrad_conflicts: 0/62
2026-07-04 05:22:10.088 | INFO     | __main__:<module>:917 - lr:0.08848282608547543 weight_nat: 0.2566453020893662, nat_loss: 0.009894193150103092, weight_adv: 0.7433546979106339, adv_loss: 0.01896151527762413 weight-klloss3 0.08174 Loss3: 0.030726060271263123 clean_ce: 0.1472180038690567, adv_ce: 0.9980568289756775, adv_margin: 0.47774991393089294, clean_gate: 0.6281204223632812, teacher_margin: 0.4752185344696045, teacher_margin_gate: 0.7545108795166016, teacher_clean_gate: 1.0, teacher_adv_gate: 1.0, tm_grad_cos: 0.772664487361908, tm_scale: 1.0, tm_ps_scale: 1.0, pcgrad_conflicts: 0/62
2026-07-04 05:22:49.406 | INFO     | __main__:<module>:917 - lr:0.08848282608547543 weight_nat: 0.2553543762031332, nat_loss: 0.011093935929238796, weight_adv: 0.7446456237968668, adv_loss: 0.02665673941373825 weight-klloss3 0.08174 Loss3: 0.04004983231425285 clean_ce: 0.12242473661899567, adv_ce: 1.2631155252456665, adv_margin: 0.7141618728637695, clean_gate: 0.538969874382019, teacher_margin: 0.5556375980377197, teacher_margin_gate: 0.6972451210021973, teacher_clean_gate: 1.0, teacher_adv_gate: 1.0, tm_grad_cos: 0.8103268146514893, tm_scale: 1.0, tm_ps_scale: 1.0, pcgrad_conflicts: 0/62
2026-07-04 05:23:28.729 | INFO     | __main__:<module>:917 - lr:0.08848282608547543 weight_nat: 0.2475956813810461, nat_loss: 0.01309966016560793, weight_adv: 0.752404318618954, adv_loss: 0.021193204447627068 weight-klloss3 0.08174 Loss3: 0.026971155777573586 clean_ce: 0.12258319556713104, adv_ce: 1.2284283638000488, adv_margin: 0.6597303152084351, clean_gate: 0.5419942140579224, teacher_margin: 0.4714185297489166, teacher_margin_gate: 0.6531199216842651, teacher_clean_gate: 1.0, teacher_adv_gate: 1.0, tm_grad_cos: 0.7679685354232788, tm_scale: 1.0, tm_ps_scale: 1.0, pcgrad_conflicts: 0/62
2026-07-04 05:24:03.954 | INFO     | __main__:<module>:482 - the 184th epoch 
2026-07-04 05:24:04.391 | INFO     | __main__:<module>:917 - lr:0.08780462912458382 weight_nat: 0.2499377270736622, nat_loss: 0.012274528853595257, weight_adv: 0.7500622729263378, adv_loss: 0.022633949294686317 weight-klloss3 0.08174 Loss3: 0.03349326550960541 clean_ce: 0.13513585925102234, adv_ce: 1.097498893737793, adv_margin: 0.5148477554321289, clean_gate: 0.5877872705459595, teacher_margin: 0.5773624777793884, teacher_margin_gate: 0.7357755303382874, teacher_clean_gate: 1.0, teacher_adv_gate: 1.0, tm_grad_cos: 0.7954960465431213, tm_scale: 1.0, tm_ps_scale: 1.0, pcgrad_conflicts: 0/62
2026-07-04 05:24:43.725 | INFO     | __main__:<module>:917 - lr:0.08780462912458382 weight_nat: 0.26023064703542825, nat_loss: 0.014419222250580788, weight_adv: 0.7397693529645718, adv_loss: 0.020222105085849762 weight-klloss3 0.08174 Loss3: 0.03701617568731308 clean_ce: 0.15983784198760986, adv_ce: 1.0288466215133667, adv_margin: 0.45999738574028015, clean_gate: 0.6150305271148682, teacher_margin: 0.41696667671203613, teacher_margin_gate: 0.7119892239570618, teacher_clean_gate: 1.0, teacher_adv_gate: 1.0, tm_grad_cos: 0.7502397298812866, tm_scale: 1.0, tm_ps_scale: 1.0, pcgrad_conflicts: 0/62
2026-07-04 05:25:22.508 | INFO     | __main__:<module>:917 - lr:0.08780462912458382 weight_nat: 0.2601463590307547, nat_loss: 0.012684732675552368, weight_adv: 0.7398536409692453, adv_loss: 0.02393147721886635 weight-klloss3 0.08174 Loss3: 0.032753147184848785 clean_ce: 0.13909558951854706, adv_ce: 1.1349601745605469, adv_margin: 0.5289321541786194, clean_gate: 0.5658091306686401, teacher_margin: 0.5408883094787598, teacher_margin_gate: 0.7093157172203064, teacher_clean_gate: 1.0, teacher_adv_gate: 1.0, tm_grad_cos: 0.7968366146087646, tm_scale: 1.0, tm_ps_scale: 1.0, pcgrad_conflicts: 0/62
2026-07-04 05:26:01.351 | INFO     | __main__:<module>:917 - lr:0.08780462912458382 weight_nat: 0.2533646375558215, nat_loss: 0.008121654391288757, weight_adv: 0.7466353624441785, adv_loss: 0.020260659977793694 weight-klloss3 0.08174 Loss3: 0.022754782810807228 clean_ce: 0.14177891612052917, adv_ce: 1.031349539756775, adv_margin: 0.440341591835022, clean_gate: 0.6000640988349915, teacher_margin: 0.4827330708503723, teacher_margin_gate: 0.7268270254135132, teacher_clean_gate: 1.0, teacher_adv_gate: 1.0, tm_grad_cos: 0.8038557767868042, tm_scale: 1.0, tm_ps_scale: 1.0, pcgrad_conflicts: 0/62
2026-07-04 05:26:36.178 | INFO     | __main__:<module>:482 - the 185th epoch 
2026-07-04 05:26:36.610 | INFO     | __main__:<module>:917 - lr:0.08710980191328506 weight_nat: 0.2596937389327718, nat_loss: 0.010143214836716652, weight_adv: 0.7403062610672283, adv_loss: 0.017544865608215332 weight-klloss3 0.08174 Loss3: 0.03995317593216896 clean_ce: 0.15279878675937653, adv_ce: 0.9326457977294922, adv_margin: 0.36594146490097046, clean_gate: 0.6454792022705078, teacher_margin: 0.45980799198150635, teacher_margin_gate: 0.7778530120849609, teacher_clean_gate: 1.0, teacher_adv_gate: 1.0, tm_grad_cos: 0.8176435828208923, tm_scale: 1.0, tm_ps_scale: 1.0, pcgrad_conflicts: 0/62
2026-07-04 05:27:15.397 | INFO     | __main__:<module>:917 - lr:0.08710980191328506 weight_nat: 0.25272842935947465, nat_loss: 0.008837154135107994, weight_adv: 0.7472715706405254, adv_loss: 0.020724140107631683 weight-klloss3 0.08174 Loss3: 0.04024238884449005 clean_ce: 0.14025035500526428, adv_ce: 1.0855705738067627, adv_margin: 0.5694699883460999, clean_gate: 0.5970381498336792, teacher_margin: 0.45221468806266785, teacher_margin_gate: 0.7058136463165283, teacher_clean_gate: 1.0, teacher_adv_gate: 1.0, tm_grad_cos: 0.7610731720924377, tm_scale: 1.0, tm_ps_scale: 1.0, pcgrad_conflicts: 0/62
2026-07-04 05:27:54.226 | INFO     | __main__:<module>:917 - lr:0.08710980191328506 weight_nat: 0.2597168637877422, nat_loss: 0.008962211199104786, weight_adv: 0.7402831362122578, adv_loss: 0.017954152077436447 weight-klloss3 0.08174 Loss3: 0.03483760729432106 clean_ce: 0.1525244116783142, adv_ce: 0.9761500358581543, adv_margin: 0.4257604479789734, clean_gate: 0.6299463510513306, teacher_margin: 0.43163394927978516, teacher_margin_gate: 0.7462466955184937, teacher_clean_gate: 1.0, teacher_adv_gate: 1.0, tm_grad_cos: 0.8044195175170898, tm_scale: 1.0, tm_ps_scale: 1.0, pcgrad_conflicts: 0/62
2026-07-04 05:28:33.075 | INFO     | __main__:<module>:917 - lr:0.08710980191328506 weight_nat: 0.2590132809530281, nat_loss: 0.010184289887547493, weight_adv: 0.7409867190469719, adv_loss: 0.017162110656499863 weight-klloss3 0.08174 Loss3: 0.02358078956604004 clean_ce: 0.1556863933801651, adv_ce: 1.0391209125518799, adv_margin: 0.4599987268447876, clean_gate: 0.5965489745140076, teacher_margin: 0.4110575020313263, teacher_margin_gate: 0.6946919560432434, teacher_clean_gate: 1.0, teacher_adv_gate: 1.0, tm_grad_cos: 0.7841232419013977, tm_scale: 1.0, tm_ps_scale: 1.0, pcgrad_conflicts: 0/62
2026-07-04 05:29:07.904 | INFO     | __main__:<module>:482 - the 186th epoch 
2026-07-04 05:29:08.338 | INFO     | __main__:<module>:917 - lr:0.08639865141260522 weight_nat: 0.2598348636957476, nat_loss: 0.008542882278561592, weight_adv: 0.7401651363042524, adv_loss: 0.021015580743551254 weight-klloss3 0.08174 Loss3: 0.02068226970732212 clean_ce: 0.14092352986335754, adv_ce: 1.1187351942062378, adv_margin: 0.5232371091842651, clean_gate: 0.5775197744369507, teacher_margin: 0.45059630274772644, teacher_margin_gate: 0.6822770833969116, teacher_clean_gate: 1.0, teacher_adv_gate: 1.0, tm_grad_cos: 0.7936181426048279, tm_scale: 1.0, tm_ps_scale: 1.0, pcgrad_conflicts: 0/62
2026-07-04 05:29:47.197 | INFO     | __main__:<module>:917 - lr:0.08639865141260522 weight_nat: 0.25549838221884535, nat_loss: 0.01242638286203146, weight_adv: 0.7445016177811546, adv_loss: 0.024109063670039177 weight-klloss3 0.08174 Loss3: 0.0233919620513916 clean_ce: 0.11499267816543579, adv_ce: 1.2368074655532837, adv_margin: 0.6753590106964111, clean_gate: 0.5495479106903076, teacher_margin: 0.5205696225166321, teacher_margin_gate: 0.696892261505127, teacher_clean_gate: 1.0, teacher_adv_gate: 1.0, tm_grad_cos: 0.7932702898979187, tm_scale: 1.0, tm_ps_scale: 1.0, pcgrad_conflicts: 0/62
2026-07-04 05:30:26.038 | INFO     | __main__:<module>:917 - lr:0.08639865141260522 weight_nat: 0.2579757143210051, nat_loss: 0.012172595597803593, weight_adv: 0.7420242856789949, adv_loss: 0.0227348729968071 weight-klloss3 0.08174 Loss3: 0.027327563613653183 clean_ce: 0.1324215978384018, adv_ce: 1.2013845443725586, adv_margin: 0.6168457269668579, clean_gate: 0.5543946027755737, teacher_margin: 0.4920199513435364, teacher_margin_gate: 0.6886048316955566, teacher_clean_gate: 1.0, teacher_adv_gate: 1.0, tm_grad_cos: 0.7753706574440002, tm_scale: 1.0, tm_ps_scale: 1.0, pcgrad_conflicts: 0/62
2026-07-04 05:31:04.843 | INFO     | __main__:<module>:917 - lr:0.08639865141260522 weight_nat: 0.2613455051786262, nat_loss: 0.011189411394298077, weight_adv: 0.7386544948213738, adv_loss: 0.017112433910369873 weight-klloss3 0.08174 Loss3: 0.0368582159280777 clean_ce: 0.13786424696445465, adv_ce: 1.0999821424484253, adv_margin: 0.5370936393737793, clean_gate: 0.5987310409545898, teacher_margin: 0.38689684867858887, teacher_margin_gate: 0.6901274919509888, teacher_clean_gate: 1.0, teacher_adv_gate: 1.0, tm_grad_cos: 0.7560657858848572, tm_scale: 1.0, tm_ps_scale: 1.0, pcgrad_conflicts: 0/62
2026-07-04 05:31:39.575 | INFO     | __main__:<module>:482 - the 187th epoch 
2026-07-04 05:31:40.008 | INFO     | __main__:<module>:917 - lr:0.08567149177721237 weight_nat: 0.2519445179212396, nat_loss: 0.009536663070321083, weight_adv: 0.7480554820787604, adv_loss: 0.0163375586271286 weight-klloss3 0.08174 Loss3: 0.030957292765378952 clean_ce: 0.1403615027666092, adv_ce: 1.0934349298477173, adv_margin: 0.5376142859458923, clean_gate: 0.6156976222991943, teacher_margin: 0.3493121564388275, teacher_margin_gate: 0.695818305015564, teacher_clean_gate: 1.0, teacher_adv_gate: 1.0, tm_grad_cos: 0.7392532825469971, tm_scale: 1.0, tm_ps_scale: 1.0, pcgrad_conflicts: 0/62
2026-07-04 05:32:18.788 | INFO     | __main__:<module>:917 - lr:0.08567149177721237 weight_nat: 0.2659786211686259, nat_loss: 0.007248088251799345, weight_adv: 0.7340213788313742, adv_loss: 0.017423614859580994 weight-klloss3 0.08174 Loss3: 0.034804344177246094 clean_ce: 0.1334323137998581, adv_ce: 0.9635712504386902, adv_margin: 0.4265214204788208, clean_gate: 0.6157879829406738, teacher_margin: 0.42963331937789917, teacher_margin_gate: 0.7330306768417358, teacher_clean_gate: 1.0, teacher_adv_gate: 1.0, tm_grad_cos: 0.780458390712738, tm_scale: 1.0, tm_ps_scale: 1.0, pcgrad_conflicts: 0/62
2026-07-04 05:32:57.569 | INFO     | __main__:<module>:917 - lr:0.08567149177721237 weight_nat: 0.2574824151990799, nat_loss: 0.0076298038475215435, weight_adv: 0.7425175848009202, adv_loss: 0.020734544843435287 weight-klloss3 0.08174 Loss3: 0.037773288786411285 clean_ce: 0.1323416531085968, adv_ce: 1.0105174779891968, adv_margin: 0.4304980933666229, clean_gate: 0.6078604459762573, teacher_margin: 0.5351709127426147, teacher_margin_gate: 0.7512097358703613, teacher_clean_gate: 1.0, teacher_adv_gate: 1.0, tm_grad_cos: 0.8232964277267456, tm_scale: 1.0, tm_ps_scale: 1.0, pcgrad_conflicts: 0/62
2026-07-04 05:33:36.358 | INFO     | __main__:<module>:917 - lr:0.08567149177721237 weight_nat: 0.2545236207660561, nat_loss: 0.013364443555474281, weight_adv: 0.7454763792339438, adv_loss: 0.024780292063951492 weight-klloss3 0.08174 Loss3: 0.032139260321855545 clean_ce: 0.13834330439567566, adv_ce: 1.2211341857910156, adv_margin: 0.5755615234375, clean_gate: 0.5527183413505554, teacher_margin: 0.5628602504730225, teacher_margin_gate: 0.7008760571479797, teacher_clean_gate: 1.0, teacher_adv_gate: 1.0, tm_grad_cos: 0.7822533845901489, tm_scale: 1.0, tm_ps_scale: 1.0, pcgrad_conflicts: 0/62
2026-07-04 05:34:11.115 | INFO     | __main__:<module>:482 - the 188th epoch 
2026-07-04 05:34:11.548 | INFO     | __main__:<module>:917 - lr:0.08492864421522149 weight_nat: 0.2518098934272526, nat_loss: 0.01147060189396143, weight_adv: 0.7481901065727474, adv_loss: 0.019022196531295776 weight-klloss3 0.08174 Loss3: 0.03062496893107891 clean_ce: 0.1335933804512024, adv_ce: 1.0226761102676392, adv_margin: 0.4754564166069031, clean_gate: 0.6165846586227417, teacher_margin: 0.4164718687534332, teacher_margin_gate: 0.7096899747848511, teacher_clean_gate: 1.0, teacher_adv_gate: 1.0, tm_grad_cos: 0.7903479337692261, tm_scale: 1.0, tm_ps_scale: 1.0, pcgrad_conflicts: 0/62
2026-07-04 05:34:50.386 | INFO     | __main__:<module>:917 - lr:0.08492864421522149 weight_nat: 0.2680472833298985, nat_loss: 0.011951369233429432, weight_adv: 0.7319527166701015, adv_loss: 0.015266173519194126 weight-klloss3 0.08174 Loss3: 0.030408713966608047 clean_ce: 0.13802681863307953, adv_ce: 1.0413800477981567, adv_margin: 0.46087244153022766, clean_gate: 0.6260082721710205, teacher_margin: 0.3496110439300537, teacher_margin_gate: 0.7214770913124084, teacher_clean_gate: 1.0, teacher_adv_gate: 1.0, tm_grad_cos: 0.7442357540130615, tm_scale: 1.0, tm_ps_scale: 1.0, pcgrad_conflicts: 0/62
2026-07-04 05:35:29.307 | INFO     | __main__:<module>:917 - lr:0.08492864421522149 weight_nat: 0.26448525367328857, nat_loss: 0.01331199612468481, weight_adv: 0.7355147463267115, adv_loss: 0.023334823548793793 weight-klloss3 0.08174 Loss3: 0.027390629053115845 clean_ce: 0.13042549788951874, adv_ce: 1.1585278511047363, adv_margin: 0.5682563781738281, clean_gate: 0.5697673559188843, teacher_margin: 0.5226079821586609, teacher_margin_gate: 0.7085995078086853, teacher_clean_gate: 1.0, teacher_adv_gate: 1.0, tm_grad_cos: 0.7855052351951599, tm_scale: 1.0, tm_ps_scale: 1.0, pcgrad_conflicts: 0/62
2026-07-04 05:36:08.230 | INFO     | __main__:<module>:917 - lr:0.08492864421522149 weight_nat: 0.26475406971344867, nat_loss: 0.011954918503761292, weight_adv: 0.7352459302865514, adv_loss: 0.022604085505008698 weight-klloss3 0.08174 Loss3: 0.02878056839108467 clean_ce: 0.13986581563949585, adv_ce: 1.0602458715438843, adv_margin: 0.524323582649231, clean_gate: 0.6322110891342163, teacher_margin: 0.5067086815834045, teacher_margin_gate: 0.7566423416137695, teacher_clean_gate: 1.0, teacher_adv_gate: 1.0, tm_grad_cos: 0.7804331183433533, tm_scale: 1.0, tm_ps_scale: 1.0, pcgrad_conflicts: 0/62
2026-07-04 05:36:43.173 | INFO     | __main__:<module>:482 - the 189th epoch 
2026-07-04 05:36:43.611 | INFO     | __main__:<module>:917 - lr:0.08417043684485821 weight_nat: 0.2612781934205621, nat_loss: 0.01041409932076931, weight_adv: 0.738721806579438, adv_loss: 0.01688757725059986 weight-klloss3 0.08174 Loss3: 0.02868446335196495 clean_ce: 0.13750070333480835, adv_ce: 1.0199717283248901, adv_margin: 0.43832892179489136, clean_gate: 0.6197022199630737, teacher_margin: 0.3353389799594879, teacher_margin_gate: 0.6942517757415771, teacher_clean_gate: 1.0, teacher_adv_gate: 1.0, tm_grad_cos: 0.7379146814346313, tm_scale: 1.0, tm_ps_scale: 1.0, pcgrad_conflicts: 0/62
2026-07-04 05:37:22.934 | INFO     | __main__:<module>:917 - lr:0.08417043684485821 weight_nat: 0.2601935537218087, nat_loss: 0.008631247095763683, weight_adv: 0.7398064462781914, adv_loss: 0.016942176967859268 weight-klloss3 0.08174 Loss3: 0.03472016751766205 clean_ce: 0.12428469210863113, adv_ce: 1.0197070837020874, adv_margin: 0.524410605430603, clean_gate: 0.6288769841194153, teacher_margin: 0.38157880306243896, teacher_margin_gate: 0.7226011753082275, teacher_clean_gate: 1.0, teacher_adv_gate: 1.0, tm_grad_cos: 0.7838110327720642, tm_scale: 1.0, tm_ps_scale: 1.0, pcgrad_conflicts: 0/62
2026-07-04 05:38:02.328 | INFO     | __main__:<module>:917 - lr:0.08417043684485821 weight_nat: 0.2613250763828127, nat_loss: 0.00928319152444601, weight_adv: 0.7386749236171873, adv_loss: 0.01953290030360222 weight-klloss3 0.08174 Loss3: 0.02844076231122017 clean_ce: 0.1415967345237732, adv_ce: 1.0864338874816895, adv_margin: 0.4812173843383789, clean_gate: 0.5918527841567993, teacher_margin: 0.4218911826610565, teacher_margin_gate: 0.6972357034683228, teacher_clean_gate: 1.0, teacher_adv_gate: 1.0, tm_grad_cos: 0.7594407796859741, tm_scale: 1.0, tm_ps_scale: 1.0, pcgrad_conflicts: 0/62
2026-07-04 05:38:41.738 | INFO     | __main__:<module>:917 - lr:0.08417043684485821 weight_nat: 0.2580425427450839, nat_loss: 0.007852823473513126, weight_adv: 0.7419574572549161, adv_loss: 0.023560993373394012 weight-klloss3 0.08174 Loss3: 0.03164864331483841 clean_ce: 0.13672086596488953, adv_ce: 0.9704177975654602, adv_margin: 0.4259103834629059, clean_gate: 0.628021240234375, teacher_margin: 0.5148332118988037, teacher_margin_gate: 0.767971396446228, teacher_clean_gate: 1.0, teacher_adv_gate: 1.0, tm_grad_cos: 0.7872359156608582, tm_scale: 1.0, tm_ps_scale: 1.0, pcgrad_conflicts: 0/62
2026-07-04 05:39:16.982 | INFO     | __main__:<module>:482 - the 190th epoch 
2026-07-04 05:39:17.420 | INFO     | __main__:<module>:917 - lr:0.08339720454804611 weight_nat: 0.2615965983476236, nat_loss: 0.01027249451726675, weight_adv: 0.7384034016523764, adv_loss: 0.02056707814335823 weight-klloss3 0.08174 Loss3: 0.03949672728776932 clean_ce: 0.11144939810037613, adv_ce: 1.2473443746566772, adv_margin: 0.7151365280151367, clean_gate: 0.544008731842041, teacher_margin: 0.43557536602020264, teacher_margin_gate: 0.6653449535369873, teacher_clean_gate: 1.0, teacher_adv_gate: 1.0, tm_grad_cos: 0.7834230661392212, tm_scale: 1.0, tm_ps_scale: 1.0, pcgrad_conflicts: 0/62
2026-07-04 05:39:56.207 | INFO     | __main__:<module>:917 - lr:0.08339720454804611 weight_nat: 0.2721608011724773, nat_loss: 0.009731224738061428, weight_adv: 0.7278391988275227, adv_loss: 0.01568443514406681 weight-klloss3 0.08174 Loss3: 0.024006221443414688 clean_ce: 0.12639299035072327, adv_ce: 1.0390489101409912, adv_margin: 0.4949214458465576, clean_gate: 0.6323332786560059, teacher_margin: 0.32198479771614075, teacher_margin_gate: 0.6966465711593628, teacher_clean_gate: 1.0, teacher_adv_gate: 1.0, tm_grad_cos: 0.7232357263565063, tm_scale: 1.0, tm_ps_scale: 1.0, pcgrad_conflicts: 0/62
2026-07-04 05:40:34.982 | INFO     | __main__:<module>:917 - lr:0.08339720454804611 weight_nat: 0.2661900308335976, nat_loss: 0.012237193062901497, weight_adv: 0.7338099691664024, adv_loss: 0.020812232047319412 weight-klloss3 0.08174 Loss3: 0.02854972705245018 clean_ce: 0.14760369062423706, adv_ce: 1.0342247486114502, adv_margin: 0.4827413856983185, clean_gate: 0.6294082999229431, teacher_margin: 0.4771682024002075, teacher_margin_gate: 0.7336320877075195, teacher_clean_gate: 1.0, teacher_adv_gate: 1.0, tm_grad_cos: 0.7774931788444519, tm_scale: 1.0, tm_ps_scale: 1.0, pcgrad_conflicts: 0/62
2026-07-04 05:41:13.897 | INFO     | __main__:<module>:917 - lr:0.08339720454804611 weight_nat: 0.25640497908984505, nat_loss: 0.009960074909031391, weight_adv: 0.7435950209101551, adv_loss: 0.018562115728855133 weight-klloss3 0.08174 Loss3: 0.025598911568522453 clean_ce: 0.14134931564331055, adv_ce: 1.1325112581253052, adv_margin: 0.5837072134017944, clean_gate: 0.5928394198417664, teacher_margin: 0.4253178834915161, teacher_margin_gate: 0.7033320069313049, teacher_clean_gate: 1.0, teacher_adv_gate: 1.0, tm_grad_cos: 0.7747553586959839, tm_scale: 1.0, tm_ps_scale: 1.0, pcgrad_conflicts: 0/62
2026-07-04 05:42:06.776 | INFO     | __main__:<module>:974 - student robust acc 0.5335, teacher robust acc 0.6685, nat teacher robust acc 0.5639
2026-07-04 05:42:11.745 | INFO     | __main__:<module>:1061 - student natural acc 0.8891, adv teacher natural acc 0.8785, nat teacher natural acc 0.9318
2026-07-04 05:42:11.748 | INFO     | __main__:<module>:482 - the 191th epoch 
2026-07-04 05:42:12.163 | INFO     | __main__:<module>:917 - lr:0.08260928882098305 weight_nat: 0.25383018425938664, nat_loss: 0.00932940561324358, weight_adv: 0.7461698157406135, adv_loss: 0.020632125437259674 weight-klloss3 0.08174 Loss3: 0.02536911703646183 clean_ce: 0.15699811279773712, adv_ce: 0.9837558269500732, adv_margin: 0.42680248618125916, clean_gate: 0.6196671724319458, teacher_margin: 0.46920883655548096, teacher_margin_gate: 0.7295658588409424, teacher_clean_gate: 1.0, teacher_adv_gate: 1.0, tm_grad_cos: 0.7929597496986389, tm_scale: 1.0, tm_ps_scale: 1.0, pcgrad_conflicts: 0/62
2026-07-04 05:42:51.060 | INFO     | __main__:<module>:917 - lr:0.08260928882098305 weight_nat: 0.2566732260083355, nat_loss: 0.010462421923875809, weight_adv: 0.7433267739916645, adv_loss: 0.017688974738121033 weight-klloss3 0.08174 Loss3: 0.02728796750307083 clean_ce: 0.14497382938861847, adv_ce: 1.0234458446502686, adv_margin: 0.46097835898399353, clean_gate: 0.6239763498306274, teacher_margin: 0.36229056119918823, teacher_margin_gate: 0.7084439992904663, teacher_clean_gate: 1.0, teacher_adv_gate: 1.0, tm_grad_cos: 0.7535191774368286, tm_scale: 1.0, tm_ps_scale: 1.0, pcgrad_conflicts: 0/62
2026-07-04 05:43:29.948 | INFO     | __main__:<module>:917 - lr:0.08260928882098305 weight_nat: 0.253237836550379, nat_loss: 0.007353392895311117, weight_adv: 0.7467621634496211, adv_loss: 0.01806575059890747 weight-klloss3 0.08174 Loss3: 0.0300713200122118 clean_ce: 0.13182009756565094, adv_ce: 0.9535687565803528, adv_margin: 0.4242687225341797, clean_gate: 0.6434738039970398, teacher_margin: 0.41254299879074097, teacher_margin_gate: 0.7609573602676392, teacher_clean_gate: 1.0, teacher_adv_gate: 1.0, tm_grad_cos: 0.7966707348823547, tm_scale: 1.0, tm_ps_scale: 1.0, pcgrad_conflicts: 0/62
2026-07-04 05:44:08.809 | INFO     | __main__:<module>:917 - lr:0.08260928882098305 weight_nat: 0.25240818180013297, nat_loss: 0.008197604678571224, weight_adv: 0.7475918181998671, adv_loss: 0.016514703631401062 weight-klloss3 0.08174 Loss3: 0.024318229407072067 clean_ce: 0.15186193585395813, adv_ce: 0.9336578845977783, adv_margin: 0.3451862037181854, clean_gate: 0.6420138478279114, teacher_margin: 0.4331701397895813, teacher_margin_gate: 0.7477572560310364, teacher_clean_gate: 1.0, teacher_adv_gate: 1.0, tm_grad_cos: 0.7984551191329956, tm_scale: 1.0, tm_ps_scale: 1.0, pcgrad_conflicts: 0/62
2026-07-04 05:44:43.561 | INFO     | __main__:<module>:482 - the 192th epoch 
2026-07-04 05:44:43.993 | INFO     | __main__:<module>:917 - lr:0.08180703762177413 weight_nat: 0.25611489307637303, nat_loss: 0.010241883806884289, weight_adv: 0.7438851069236271, adv_loss: 0.01876469887793064 weight-klloss3 0.08174 Loss3: 0.03091234154999256 clean_ce: 0.15414203703403473, adv_ce: 0.9325181841850281, adv_margin: 0.4054749011993408, clean_gate: 0.6388928890228271, teacher_margin: 0.41580915451049805, teacher_margin_gate: 0.7393598556518555, teacher_clean_gate: 1.0, teacher_adv_gate: 1.0, tm_grad_cos: 0.774421215057373, tm_scale: 1.0, tm_ps_scale: 1.0, pcgrad_conflicts: 0/62
2026-07-04 05:45:22.792 | INFO     | __main__:<module>:917 - lr:0.08180703762177413 weight_nat: 0.26590913615026757, nat_loss: 0.00996548030525446, weight_adv: 0.7340908638497324, adv_loss: 0.01993679255247116 weight-klloss3 0.08174 Loss3: 0.027963589876890182 clean_ce: 0.11988483369350433, adv_ce: 1.1942613124847412, adv_margin: 0.6234789490699768, clean_gate: 0.5546199083328247, teacher_margin: 0.4692869186401367, teacher_margin_gate: 0.6746906042098999, teacher_clean_gate: 1.0, teacher_adv_gate: 1.0, tm_grad_cos: 0.7951043248176575, tm_scale: 1.0, tm_ps_scale: 1.0, pcgrad_conflicts: 0/62
2026-07-04 05:46:01.591 | INFO     | __main__:<module>:917 - lr:0.08180703762177413 weight_nat: 0.2581675204695183, nat_loss: 0.009743479080498219, weight_adv: 0.7418324795304817, adv_loss: 0.016010183840990067 weight-klloss3 0.08174 Loss3: 0.033500924706459045 clean_ce: 0.12777557969093323, adv_ce: 1.070128321647644, adv_margin: 0.5494500398635864, clean_gate: 0.6019761562347412, teacher_margin: 0.3558907210826874, teacher_margin_gate: 0.689765989780426, teacher_clean_gate: 1.0, teacher_adv_gate: 1.0, tm_grad_cos: 0.7629159092903137, tm_scale: 1.0, tm_ps_scale: 1.0, pcgrad_conflicts: 0/62
2026-07-04 05:46:40.374 | INFO     | __main__:<module>:917 - lr:0.08180703762177413 weight_nat: 0.2562764709278357, nat_loss: 0.010055787861347198, weight_adv: 0.7437235290721644, adv_loss: 0.018650256097316742 weight-klloss3 0.08174 Loss3: 0.025803672149777412 clean_ce: 0.13042941689491272, adv_ce: 1.0044018030166626, adv_margin: 0.4837977886199951, clean_gate: 0.6102880239486694, teacher_margin: 0.4134123921394348, teacher_margin_gate: 0.6949425935745239, teacher_clean_gate: 1.0, teacher_adv_gate: 1.0, tm_grad_cos: 0.7581695318222046, tm_scale: 1.0, tm_ps_scale: 1.0, pcgrad_conflicts: 0/62
2026-07-04 05:47:15.149 | INFO     | __main__:<module>:482 - the 193th epoch 
2026-07-04 05:47:15.581 | INFO     | __main__:<module>:917 - lr:0.0809908052151894 weight_nat: 0.2538101863199109, nat_loss: 0.009470894932746887, weight_adv: 0.7461898136800891, adv_loss: 0.01797681301832199 weight-klloss3 0.08174 Loss3: 0.032155074179172516 clean_ce: 0.12430424988269806, adv_ce: 1.1693516969680786, adv_margin: 0.6471071839332581, clean_gate: 0.578342080116272, teacher_margin: 0.39875975251197815, teacher_margin_gate: 0.6815276145935059, teacher_clean_gate: 1.0, teacher_adv_gate: 1.0, tm_grad_cos: 0.771105170249939, tm_scale: 1.0, tm_ps_scale: 1.0, pcgrad_conflicts: 0/62
2026-07-04 05:47:54.418 | INFO     | __main__:<module>:917 - lr:0.0809908052151894 weight_nat: 0.2851851307533549, nat_loss: 0.010421051643788815, weight_adv: 0.7148148692466452, adv_loss: 0.018706906586885452 weight-klloss3 0.08174 Loss3: 0.03855203837156296 clean_ce: 0.15766236186027527, adv_ce: 1.0252643823623657, adv_margin: 0.5109827518463135, clean_gate: 0.6017414331436157, teacher_margin: 0.43019112944602966, teacher_margin_gate: 0.7211892604827881, teacher_clean_gate: 1.0, teacher_adv_gate: 1.0, tm_grad_cos: 0.7737302780151367, tm_scale: 1.0, tm_ps_scale: 1.0, pcgrad_conflicts: 0/62
2026-07-04 05:48:33.329 | INFO     | __main__:<module>:917 - lr:0.0809908052151894 weight_nat: 0.2654833425191778, nat_loss: 0.011733866296708584, weight_adv: 0.7345166574808222, adv_loss: 0.019978180527687073 weight-klloss3 0.08174 Loss3: 0.03300679847598076 clean_ce: 0.13289302587509155, adv_ce: 1.0753341913223267, adv_margin: 0.5348607301712036, clean_gate: 0.6101176142692566, teacher_margin: 0.44536736607551575, teacher_margin_gate: 0.7386102676391602, teacher_clean_gate: 1.0, teacher_adv_gate: 1.0, tm_grad_cos: 0.7741231918334961, tm_scale: 1.0, tm_ps_scale: 1.0, pcgrad_conflicts: 0/62
2026-07-04 05:49:12.212 | INFO     | __main__:<module>:917 - lr:0.0809908052151894 weight_nat: 0.2634785367044325, nat_loss: 0.010359218344092369, weight_adv: 0.7365214632955674, adv_loss: 0.021316200494766235 weight-klloss3 0.08174 Loss3: 0.040398113429546356 clean_ce: 0.12501585483551025, adv_ce: 1.162356972694397, adv_margin: 0.5774273872375488, clean_gate: 0.5763609409332275, teacher_margin: 0.44049209356307983, teacher_margin_gate: 0.6841156482696533, teacher_clean_gate: 1.0, teacher_adv_gate: 1.0, tm_grad_cos: 0.7626702189445496, tm_scale: 1.0, tm_ps_scale: 1.0, pcgrad_conflicts: 0/62
2026-07-04 05:49:47.007 | INFO     | __main__:<module>:482 - the 194th epoch 
2026-07-04 05:49:47.440 | INFO     | __main__:<module>:917 - lr:0.0801609520146163 weight_nat: 0.2535643689491265, nat_loss: 0.009347077459096909, weight_adv: 0.7464356310508735, adv_loss: 0.017538463696837425 weight-klloss3 0.08174 Loss3: 0.03123825043439865 clean_ce: 0.1462562382221222, adv_ce: 0.9119324684143066, adv_margin: 0.37339484691619873, clean_gate: 0.6591402888298035, teacher_margin: 0.39934903383255005, teacher_margin_gate: 0.7470144033432007, teacher_clean_gate: 1.0, teacher_adv_gate: 1.0, tm_grad_cos: 0.7731791734695435, tm_scale: 1.0, tm_ps_scale: 1.0, pcgrad_conflicts: 0/62
2026-07-04 05:50:26.312 | INFO     | __main__:<module>:917 - lr:0.0801609520146163 weight_nat: 0.2595052813653158, nat_loss: 0.01007310301065445, weight_adv: 0.7404947186346842, adv_loss: 0.015278711915016174 weight-klloss3 0.08174 Loss3: 0.02998533844947815 clean_ce: 0.12406772375106812, adv_ce: 0.9840860366821289, adv_margin: 0.4569551944732666, clean_gate: 0.6297107338905334, teacher_margin: 0.3746822476387024, teacher_margin_gate: 0.7204509973526001, teacher_clean_gate: 1.0, teacher_adv_gate: 1.0, tm_grad_cos: 0.7789378762245178, tm_scale: 1.0, tm_ps_scale: 1.0, pcgrad_conflicts: 0/62
2026-07-04 05:51:05.134 | INFO     | __main__:<module>:917 - lr:0.0801609520146163 weight_nat: 0.2637992036779469, nat_loss: 0.010164279490709305, weight_adv: 0.7362007963220532, adv_loss: 0.018294688314199448 weight-klloss3 0.08174 Loss3: 0.025258701294660568 clean_ce: 0.13851593434810638, adv_ce: 1.0913639068603516, adv_margin: 0.5254507660865784, clean_gate: 0.6114401817321777, teacher_margin: 0.40758225321769714, teacher_margin_gate: 0.7214000225067139, teacher_clean_gate: 1.0, teacher_adv_gate: 1.0, tm_grad_cos: 0.7692171335220337, tm_scale: 1.0, tm_ps_scale: 1.0, pcgrad_conflicts: 0/62
2026-07-04 05:51:43.976 | INFO     | __main__:<module>:917 - lr:0.0801609520146163 weight_nat: 0.26472412027145725, nat_loss: 0.009636402130126953, weight_adv: 0.7352758797285428, adv_loss: 0.01991991512477398 weight-klloss3 0.08174 Loss3: 0.029150674119591713 clean_ce: 0.1412474364042282, adv_ce: 1.0418298244476318, adv_margin: 0.4871002435684204, clean_gate: 0.6091543436050415, teacher_margin: 0.42241331934928894, teacher_margin_gate: 0.7082327008247375, teacher_clean_gate: 1.0, teacher_adv_gate: 1.0, tm_grad_cos: 0.7854464650154114, tm_scale: 1.0, tm_ps_scale: 1.0, pcgrad_conflicts: 0/62
2026-07-04 05:52:18.893 | INFO     | __main__:<module>:482 - the 195th epoch 
2026-07-04 05:52:19.331 | INFO     | __main__:<module>:917 - lr:0.07931784442127823 weight_nat: 0.26198530981647133, nat_loss: 0.009823816828429699, weight_adv: 0.7380146901835286, adv_loss: 0.021479887887835503 weight-klloss3 0.08174 Loss3: 0.03231664001941681 clean_ce: 0.14401358366012573, adv_ce: 1.0203701257705688, adv_margin: 0.4191106855869293, clean_gate: 0.61609947681427, teacher_margin: 0.48409146070480347, teacher_margin_gate: 0.7261945009231567, teacher_clean_gate: 1.0, teacher_adv_gate: 1.0, tm_grad_cos: 0.7727017998695374, tm_scale: 1.0, tm_ps_scale: 1.0, pcgrad_conflicts: 0/62
2026-07-04 05:52:58.755 | INFO     | __main__:<module>:917 - lr:0.07931784442127823 weight_nat: 0.26279317898941695, nat_loss: 0.0076591940596699715, weight_adv: 0.737206821010583, adv_loss: 0.015709880739450455 weight-klloss3 0.08174 Loss3: 0.022984497249126434 clean_ce: 0.1463172435760498, adv_ce: 0.8998107314109802, adv_margin: 0.3677443861961365, clean_gate: 0.6872447729110718, teacher_margin: 0.3354508578777313, teacher_margin_gate: 0.7628318071365356, teacher_clean_gate: 1.0, teacher_adv_gate: 1.0, tm_grad_cos: 0.7608249187469482, tm_scale: 1.0, tm_ps_scale: 1.0, pcgrad_conflicts: 0/62
2026-07-04 05:53:38.176 | INFO     | __main__:<module>:917 - lr:0.07931784442127823 weight_nat: 0.27044526032289906, nat_loss: 0.007908311672508717, weight_adv: 0.729554739677101, adv_loss: 0.01990143582224846 weight-klloss3 0.08174 Loss3: 0.03889167308807373 clean_ce: 0.14814934134483337, adv_ce: 0.9082040190696716, adv_margin: 0.4089118242263794, clean_gate: 0.6704251766204834, teacher_margin: 0.4101850688457489, teacher_margin_gate: 0.7781810760498047, teacher_clean_gate: 1.0, teacher_adv_gate: 1.0, tm_grad_cos: 0.7653160691261292, tm_scale: 1.0, tm_ps_scale: 1.0, pcgrad_conflicts: 0/62
2026-07-04 05:54:17.516 | INFO     | __main__:<module>:917 - lr:0.07931784442127823 weight_nat: 0.26720829675217606, nat_loss: 0.010811865329742432, weight_adv: 0.732791703247824, adv_loss: 0.016429223120212555 weight-klloss3 0.08174 Loss3: 0.029917553067207336 clean_ce: 0.15345481038093567, adv_ce: 1.154968023300171, adv_margin: 0.5649476051330566, clean_gate: 0.5756944417953491, teacher_margin: 0.32911184430122375, teacher_margin_gate: 0.6444200277328491, teacher_clean_gate: 1.0, teacher_adv_gate: 1.0, tm_grad_cos: 0.733964204788208, tm_scale: 1.0, tm_ps_scale: 1.0, pcgrad_conflicts: 0/62
2026-07-04 05:54:52.508 | INFO     | __main__:<module>:482 - the 196th epoch 
2026-07-04 05:54:52.940 | INFO     | __main__:<module>:917 - lr:0.0784618546607908 weight_nat: 0.26560418389188595, nat_loss: 0.009676261804997921, weight_adv: 0.7343958161081141, adv_loss: 0.018453918397426605 weight-klloss3 0.08174 Loss3: 0.03205636516213417 clean_ce: 0.13674107193946838, adv_ce: 1.0515751838684082, adv_margin: 0.5025148987770081, clean_gate: 0.6072333455085754, teacher_margin: 0.4020289182662964, teacher_margin_gate: 0.701982855796814, teacher_clean_gate: 1.0, teacher_adv_gate: 1.0, tm_grad_cos: 0.7422455549240112, tm_scale: 1.0, tm_ps_scale: 1.0, pcgrad_conflicts: 0/62
2026-07-04 05:55:31.893 | INFO     | __main__:<module>:917 - lr:0.0784618546607908 weight_nat: 0.26472046336608707, nat_loss: 0.007367068435996771, weight_adv: 0.735279536633913, adv_loss: 0.015497297048568726 weight-klloss3 0.08174 Loss3: 0.03276614844799042 clean_ce: 0.14473707973957062, adv_ce: 0.9580469727516174, adv_margin: 0.39763790369033813, clean_gate: 0.6455158591270447, teacher_margin: 0.37713292241096497, teacher_margin_gate: 0.7326846122741699, teacher_clean_gate: 1.0, teacher_adv_gate: 1.0, tm_grad_cos: 0.7810965180397034, tm_scale: 1.0, tm_ps_scale: 1.0, pcgrad_conflicts: 0/62
2026-07-04 05:56:10.780 | INFO     | __main__:<module>:917 - lr:0.0784618546607908 weight_nat: 0.26393087294380463, nat_loss: 0.011347992345690727, weight_adv: 0.7360691270561954, adv_loss: 0.016235658898949623 weight-klloss3 0.08174 Loss3: 0.034098945558071136 clean_ce: 0.1572808027267456, adv_ce: 0.9963642954826355, adv_margin: 0.4227987229824066, clean_gate: 0.6090941429138184, teacher_margin: 0.37138938903808594, teacher_margin_gate: 0.6756559610366821, teacher_clean_gate: 1.0, teacher_adv_gate: 1.0, tm_grad_cos: 0.7529955506324768, tm_scale: 1.0, tm_ps_scale: 1.0, pcgrad_conflicts: 0/62
2026-07-04 05:56:49.679 | INFO     | __main__:<module>:917 - lr:0.0784618546607908 weight_nat: 0.26562447360935365, nat_loss: 0.009633131325244904, weight_adv: 0.7343755263906464, adv_loss: 0.022729340940713882 weight-klloss3 0.08174 Loss3: 0.03263789415359497 clean_ce: 0.12617598474025726, adv_ce: 1.0726298093795776, adv_margin: 0.47062188386917114, clean_gate: 0.5828982591629028, teacher_margin: 0.5264251232147217, teacher_margin_gate: 0.7204957008361816, teacher_clean_gate: 1.0, teacher_adv_gate: 1.0, tm_grad_cos: 0.7902097105979919, tm_scale: 1.0, tm_ps_scale: 1.0, pcgrad_conflicts: 0/62
2026-07-04 05:57:24.529 | INFO     | __main__:<module>:482 - the 197th epoch 
2026-07-04 05:57:24.961 | INFO     | __main__:<module>:917 - lr:0.07759336061712988 weight_nat: 0.2625844223326541, nat_loss: 0.011639808304607868, weight_adv: 0.7374155776673459, adv_loss: 0.018709778785705566 weight-klloss3 0.08174 Loss3: 0.03150716423988342 clean_ce: 0.13817542791366577, adv_ce: 0.9459155797958374, adv_margin: 0.352801650762558, clean_gate: 0.6512748003005981, teacher_margin: 0.4004114270210266, teacher_margin_gate: 0.7501347064971924, teacher_clean_gate: 1.0, teacher_adv_gate: 1.0, tm_grad_cos: 0.7651667594909668, tm_scale: 1.0, tm_ps_scale: 1.0, pcgrad_conflicts: 0/62
2026-07-04 05:58:03.847 | INFO     | __main__:<module>:917 - lr:0.07759336061712988 weight_nat: 0.26061943538747634, nat_loss: 0.009621686302125454, weight_adv: 0.7393805646125237, adv_loss: 0.01838410273194313 weight-klloss3 0.08174 Loss3: 0.02669667638838291 clean_ce: 0.12762124836444855, adv_ce: 1.0567193031311035, adv_margin: 0.5173121690750122, clean_gate: 0.6031011343002319, teacher_margin: 0.41094914078712463, teacher_margin_gate: 0.7044816017150879, teacher_clean_gate: 1.0, teacher_adv_gate: 1.0, tm_grad_cos: 0.750373363494873, tm_scale: 1.0, tm_ps_scale: 1.0, pcgrad_conflicts: 0/62
2026-07-04 05:58:42.724 | INFO     | __main__:<module>:917 - lr:0.07759336061712988 weight_nat: 0.260043134308804, nat_loss: 0.009412775747478008, weight_adv: 0.739956865691196, adv_loss: 0.016547951847314835 weight-klloss3 0.08174 Loss3: 0.025579607114195824 clean_ce: 0.13932332396507263, adv_ce: 0.9087725281715393, adv_margin: 0.37211012840270996, clean_gate: 0.6654251217842102, teacher_margin: 0.41381973028182983, teacher_margin_gate: 0.7705968618392944, teacher_clean_gate: 1.0, teacher_adv_gate: 1.0, tm_grad_cos: 0.7817680239677429, tm_scale: 1.0, tm_ps_scale: 1.0, pcgrad_conflicts: 0/62
2026-07-04 05:59:21.546 | INFO     | __main__:<module>:917 - lr:0.07759336061712988 weight_nat: 0.2624599462800401, nat_loss: 0.007967222481966019, weight_adv: 0.7375400537199599, adv_loss: 0.0175333134829998 weight-klloss3 0.08174 Loss3: 0.03265705704689026 clean_ce: 0.14680564403533936, adv_ce: 1.0175989866256714, adv_margin: 0.4986998736858368, clean_gate: 0.6463478803634644, teacher_margin: 0.39731451869010925, teacher_margin_gate: 0.7342947721481323, teacher_clean_gate: 1.0, teacher_adv_gate: 1.0, tm_grad_cos: 0.7425858974456787, tm_scale: 1.0, tm_ps_scale: 1.0, pcgrad_conflicts: 0/62
2026-07-04 05:59:56.402 | INFO     | __main__:<module>:482 - the 198th epoch 
2026-07-04 05:59:56.837 | INFO     | __main__:<module>:917 - lr:0.07671274566408602 weight_nat: 0.2645643744806482, nat_loss: 0.011153205297887325, weight_adv: 0.7354356255193518, adv_loss: 0.017343219369649887 weight-klloss3 0.08174 Loss3: 0.033717673271894455 clean_ce: 0.1580182909965515, adv_ce: 0.9805245399475098, adv_margin: 0.4345005750656128, clean_gate: 0.6466382741928101, teacher_margin: 0.34465453028678894, teacher_margin_gate: 0.7145354151725769, teacher_clean_gate: 1.0, teacher_adv_gate: 1.0, tm_grad_cos: 0.7419486045837402, tm_scale: 1.0, tm_ps_scale: 1.0, pcgrad_conflicts: 0/62
2026-07-04 06:00:35.745 | INFO     | __main__:<module>:917 - lr:0.07671274566408602 weight_nat: 0.282248918968569, nat_loss: 0.012839287519454956, weight_adv: 0.717751081031431, adv_loss: 0.01542750932276249 weight-klloss3 0.08174 Loss3: 0.02382001467049122 clean_ce: 0.1387433409690857, adv_ce: 0.9846619367599487, adv_margin: 0.44499385356903076, clean_gate: 0.644816517829895, teacher_margin: 0.3647792339324951, teacher_margin_gate: 0.7358232736587524, teacher_clean_gate: 1.0, teacher_adv_gate: 1.0, tm_grad_cos: 0.7942301630973816, tm_scale: 1.0, tm_ps_scale: 1.0, pcgrad_conflicts: 0/62
2026-07-04 06:01:14.632 | INFO     | __main__:<module>:917 - lr:0.07671274566408602 weight_nat: 0.2707721336035447, nat_loss: 0.010135959833860397, weight_adv: 0.7292278663964553, adv_loss: 0.019348088651895523 weight-klloss3 0.08174 Loss3: 0.028236787766218185 clean_ce: 0.13494530320167542, adv_ce: 1.1391018629074097, adv_margin: 0.5619639158248901, clean_gate: 0.5839539766311646, teacher_margin: 0.3963385820388794, teacher_margin_gate: 0.6590624451637268, teacher_clean_gate: 1.0, teacher_adv_gate: 1.0, tm_grad_cos: 0.7334708571434021, tm_scale: 1.0, tm_ps_scale: 1.0, pcgrad_conflicts: 0/62
2026-07-04 06:01:53.440 | INFO     | __main__:<module>:917 - lr:0.07671274566408602 weight_nat: 0.26428227106447966, nat_loss: 0.011185827665030956, weight_adv: 0.7357177289355205, adv_loss: 0.020056789740920067 weight-klloss3 0.08174 Loss3: 0.03132878243923187 clean_ce: 0.14476612210273743, adv_ce: 1.029815673828125, adv_margin: 0.5016016960144043, clean_gate: 0.6149331331253052, teacher_margin: 0.45859768986701965, teacher_margin_gate: 0.7302443981170654, teacher_clean_gate: 1.0, teacher_adv_gate: 1.0, tm_grad_cos: 0.7935025095939636, tm_scale: 1.0, tm_ps_scale: 1.0, pcgrad_conflicts: 0/62
2026-07-04 06:02:28.195 | INFO     | __main__:<module>:482 - the 199th epoch 
2026-07-04 06:02:28.628 | INFO     | __main__:<module>:917 - lr:0.07582039849428059 weight_nat: 0.2675384098330696, nat_loss: 0.012969783507287502, weight_adv: 0.7324615901669304, adv_loss: 0.014922675676643848 weight-klloss3 0.08174 Loss3: 0.025087149813771248 clean_ce: 0.14151059091091156, adv_ce: 1.0479323863983154, adv_margin: 0.5129860043525696, clean_gate: 0.6050010919570923, teacher_margin: 0.32730767130851746, teacher_margin_gate: 0.6688958406448364, teacher_clean_gate: 1.0, teacher_adv_gate: 1.0, tm_grad_cos: 0.7190257906913757, tm_scale: 1.0, tm_ps_scale: 1.0, pcgrad_conflicts: 0/62
2026-07-04 06:03:07.423 | INFO     | __main__:<module>:917 - lr:0.07582039849428059 weight_nat: 0.2722145729285385, nat_loss: 0.009762563742697239, weight_adv: 0.7277854270714615, adv_loss: 0.0250284131616354 weight-klloss3 0.08174 Loss3: 0.027881164103746414 clean_ce: 0.1104615330696106, adv_ce: 1.2069168090820312, adv_margin: 0.6708419322967529, clean_gate: 0.5584642887115479, teacher_margin: 0.5528321266174316, teacher_margin_gate: 0.7075273990631104, teacher_clean_gate: 1.0, teacher_adv_gate: 1.0, tm_grad_cos: 0.7927342057228088, tm_scale: 1.0, tm_ps_scale: 1.0, pcgrad_conflicts: 0/62
2026-07-04 06:03:46.198 | INFO     | __main__:<module>:917 - lr:0.07582039849428059 weight_nat: 0.2720424738603726, nat_loss: 0.009141783230006695, weight_adv: 0.7279575261396274, adv_loss: 0.016105053946375847 weight-klloss3 0.08174 Loss3: 0.02997376024723053 clean_ce: 0.14539262652397156, adv_ce: 1.0287725925445557, adv_margin: 0.48242345452308655, clean_gate: 0.6272029280662537, teacher_margin: 0.37112948298454285, teacher_margin_gate: 0.6991151571273804, teacher_clean_gate: 1.0, teacher_adv_gate: 1.0, tm_grad_cos: 0.7316890954971313, tm_scale: 1.0, tm_ps_scale: 1.0, pcgrad_conflicts: 0/62
2026-07-04 06:04:25.046 | INFO     | __main__:<module>:917 - lr:0.07582039849428059 weight_nat: 0.2637754191492073, nat_loss: 0.011311848647892475, weight_adv: 0.7362245808507928, adv_loss: 0.018454287201166153 weight-klloss3 0.08174 Loss3: 0.027239849790930748 clean_ce: 0.13024954497814178, adv_ce: 1.0967810153961182, adv_margin: 0.5622943043708801, clean_gate: 0.6016952991485596, teacher_margin: 0.38781481981277466, teacher_margin_gate: 0.6996211409568787, teacher_clean_gate: 1.0, teacher_adv_gate: 1.0, tm_grad_cos: 0.7292445302009583, tm_scale: 1.0, tm_ps_scale: 1.0, pcgrad_conflicts: 0/62
2026-07-04 06:04:59.939 | INFO     | __main__:<module>:482 - the 200th epoch 
2026-07-04 06:05:00.373 | INFO     | __main__:<module>:917 - lr:0.07491671294582096 weight_nat: 0.25897175473713807, nat_loss: 0.011747847311198711, weight_adv: 0.7410282452628619, adv_loss: 0.01992495357990265 weight-klloss3 0.08174 Loss3: 0.018376924097537994 clean_ce: 0.14685757458209991, adv_ce: 1.0782324075698853, adv_margin: 0.5136466026306152, clean_gate: 0.6009551286697388, teacher_margin: 0.37176263332366943, teacher_margin_gate: 0.6759079694747925, teacher_clean_gate: 1.0, teacher_adv_gate: 1.0, tm_grad_cos: 0.7243410348892212, tm_scale: 1.0, tm_ps_scale: 1.0, pcgrad_conflicts: 0/62
2026-07-04 06:05:39.183 | INFO     | __main__:<module>:917 - lr:0.07491671294582096 weight_nat: 0.2691218546679127, nat_loss: 0.01011755969375372, weight_adv: 0.7308781453320874, adv_loss: 0.02097521722316742 weight-klloss3 0.08174 Loss3: 0.026067234575748444 clean_ce: 0.1330316960811615, adv_ce: 1.0451726913452148, adv_margin: 0.4781382381916046, clean_gate: 0.5980955958366394, teacher_margin: 0.47848987579345703, teacher_margin_gate: 0.7243238687515259, teacher_clean_gate: 1.0, teacher_adv_gate: 1.0, tm_grad_cos: 0.7754006385803223, tm_scale: 1.0, tm_ps_scale: 1.0, pcgrad_conflicts: 0/62
2026-07-04 06:06:17.995 | INFO     | __main__:<module>:917 - lr:0.07491671294582096 weight_nat: 0.259790295042106, nat_loss: 0.010897482745349407, weight_adv: 0.7402097049578941, adv_loss: 0.022663991898298264 weight-klloss3 0.08174 Loss3: 0.025306139141321182 clean_ce: 0.13184687495231628, adv_ce: 1.0911624431610107, adv_margin: 0.5975638628005981, clean_gate: 0.5901852250099182, teacher_margin: 0.4834243357181549, teacher_margin_gate: 0.7259775400161743, teacher_clean_gate: 1.0, teacher_adv_gate: 1.0, tm_grad_cos: 0.7872424721717834, tm_scale: 1.0, tm_ps_scale: 1.0, pcgrad_conflicts: 0/62
2026-07-04 06:06:56.755 | INFO     | __main__:<module>:917 - lr:0.07491671294582096 weight_nat: 0.2606350166162341, nat_loss: 0.010326807387173176, weight_adv: 0.7393649833837659, adv_loss: 0.018297698348760605 weight-klloss3 0.08174 Loss3: 0.02930328994989395 clean_ce: 0.14576752483844757, adv_ce: 1.0290714502334595, adv_margin: 0.47172898054122925, clean_gate: 0.6317610740661621, teacher_margin: 0.3799804449081421, teacher_margin_gate: 0.7251716256141663, teacher_clean_gate: 1.0, teacher_adv_gate: 1.0, tm_grad_cos: 0.7435877323150635, tm_scale: 1.0, tm_ps_scale: 1.0, pcgrad_conflicts: 0/62
2026-07-04 06:07:49.491 | INFO     | __main__:<module>:974 - student robust acc 0.5362, teacher robust acc 0.6674, nat teacher robust acc 0.5753
2026-07-04 06:07:55.182 | INFO     | __main__:<module>:1061 - student natural acc 0.8878, adv teacher natural acc 0.8782, nat teacher natural acc 0.9318
2026-07-04 06:07:55.184 | INFO     | __main__:<module>:482 - the 201th epoch 
2026-07-04 06:07:55.594 | INFO     | __main__:<module>:917 - lr:0.07400208782667249 weight_nat: 0.27029589524586967, nat_loss: 0.0134247662499547, weight_adv: 0.7297041047541304, adv_loss: 0.015614661388099194 weight-klloss3 0.08174 Loss3: 0.024022754281759262 clean_ce: 0.13298043608665466, adv_ce: 0.934363842010498, adv_margin: 0.40546876192092896, clean_gate: 0.636277437210083, teacher_margin: 0.37217891216278076, teacher_margin_gate: 0.7167459726333618, teacher_clean_gate: 1.0, teacher_adv_gate: 1.0, tm_grad_cos: 0.8030609488487244, tm_scale: 1.0, tm_ps_scale: 1.0, pcgrad_conflicts: 0/62
2026-07-04 06:08:34.441 | INFO     | __main__:<module>:917 - lr:0.07400208782667249 weight_nat: 0.267371951574101, nat_loss: 0.009832745417952538, weight_adv: 0.732628048425899, adv_loss: 0.017962928861379623 weight-klloss3 0.08174 Loss3: 0.03234477341175079 clean_ce: 0.13692229986190796, adv_ce: 1.0998693704605103, adv_margin: 0.5234627723693848, clean_gate: 0.6027125716209412, teacher_margin: 0.3858712911605835, teacher_margin_gate: 0.6914430856704712, teacher_clean_gate: 1.0, teacher_adv_gate: 1.0, tm_grad_cos: 0.7345887422561646, tm_scale: 1.0, tm_ps_scale: 1.0, pcgrad_conflicts: 0/62
2026-07-04 06:09:13.745 | INFO     | __main__:<module>:917 - lr:0.07400208782667249 weight_nat: 0.2701421636255411, nat_loss: 0.011926381848752499, weight_adv: 0.7298578363744589, adv_loss: 0.017161041498184204 weight-klloss3 0.08174 Loss3: 0.022235628217458725 clean_ce: 0.1198754534125328, adv_ce: 1.1660990715026855, adv_margin: 0.626469612121582, clean_gate: 0.57307368516922, teacher_margin: 0.34296491742134094, teacher_margin_gate: 0.6487232446670532, teacher_clean_gate: 1.0, teacher_adv_gate: 1.0, tm_grad_cos: 0.7507125735282898, tm_scale: 1.0, tm_ps_scale: 1.0, pcgrad_conflicts: 0/62
2026-07-04 06:09:53.049 | INFO     | __main__:<module>:917 - lr:0.07400208782667249 weight_nat: 0.27481156411319385, nat_loss: 0.01153365708887577, weight_adv: 0.7251884358868061, adv_loss: 0.02023761160671711 weight-klloss3 0.08174 Loss3: 0.028967831283807755 clean_ce: 0.11729124188423157, adv_ce: 1.267337679862976, adv_margin: 0.7635791897773743, clean_gate: 0.5752439498901367, teacher_margin: 0.44178009033203125, teacher_margin_gate: 0.6921038627624512, teacher_clean_gate: 1.0, teacher_adv_gate: 1.0, tm_grad_cos: 0.7484288215637207, tm_scale: 1.0, tm_ps_scale: 1.0, pcgrad_conflicts: 0/62
2026-07-04 06:10:28.260 | INFO     | __main__:<module>:482 - the 202th epoch 
2026-07-04 06:10:28.698 | INFO     | __main__:<module>:917 - lr:0.07307692673682611 weight_nat: 0.26286183174906097, nat_loss: 0.008938680402934551, weight_adv: 0.737138168250939, adv_loss: 0.015557522885501385 weight-klloss3 0.08174 Loss3: 0.029555559158325195 clean_ce: 0.16923873126506805, adv_ce: 0.8678624629974365, adv_margin: 0.29882389307022095, clean_gate: 0.6779444217681885, teacher_margin: 0.3829557001590729, teacher_margin_gate: 0.7637953758239746, teacher_clean_gate: 1.0, teacher_adv_gate: 1.0, tm_grad_cos: 0.7646675109863281, tm_scale: 1.0, tm_ps_scale: 1.0, pcgrad_conflicts: 1/62
2026-07-04 06:11:07.971 | INFO     | __main__:<module>:917 - lr:0.07307692673682611 weight_nat: 0.27631227862247165, nat_loss: 0.010891403071582317, weight_adv: 0.7236877213775283, adv_loss: 0.012728013098239899 weight-klloss3 0.08174 Loss3: 0.026654750108718872 clean_ce: 0.14030911028385162, adv_ce: 0.9105048179626465, adv_margin: 0.3959042429924011, clean_gate: 0.6523211598396301, teacher_margin: 0.30835819244384766, teacher_margin_gate: 0.714172899723053, teacher_clean_gate: 1.0, teacher_adv_gate: 1.0, tm_grad_cos: 0.7338979244232178, tm_scale: 1.0, tm_ps_scale: 1.0, pcgrad_conflicts: 1/62
2026-07-04 06:11:46.871 | INFO     | __main__:<module>:917 - lr:0.07307692673682611 weight_nat: 0.26725053825002343, nat_loss: 0.009148798882961273, weight_adv: 0.7327494617499766, adv_loss: 0.015731394290924072 weight-klloss3 0.08174 Loss3: 0.022831205278635025 clean_ce: 0.12924888730049133, adv_ce: 0.9887016415596008, adv_margin: 0.4757344722747803, clean_gate: 0.6445695161819458, teacher_margin: 0.3492327630519867, teacher_margin_gate: 0.7231754660606384, teacher_clean_gate: 1.0, teacher_adv_gate: 1.0, tm_grad_cos: 0.7577939629554749, tm_scale: 1.0, tm_ps_scale: 1.0, pcgrad_conflicts: 0/62
2026-07-04 06:12:25.738 | INFO     | __main__:<module>:917 - lr:0.07307692673682611 weight_nat: 0.2648353872720976, nat_loss: 0.01062223594635725, weight_adv: 0.7351646127279023, adv_loss: 0.021906714886426926 weight-klloss3 0.08174 Loss3: 0.03915578871965408 clean_ce: 0.12987543642520905, adv_ce: 1.0645859241485596, adv_margin: 0.5004318952560425, clean_gate: 0.5985972285270691, teacher_margin: 0.5315930247306824, teacher_margin_gate: 0.7319717407226562, teacher_clean_gate: 1.0, teacher_adv_gate: 1.0, tm_grad_cos: 0.7806718945503235, tm_scale: 1.0, tm_ps_scale: 1.0, pcgrad_conflicts: 0/62
2026-07-04 06:13:00.507 | INFO     | __main__:<module>:482 - the 203th epoch 
2026-07-04 06:13:00.939 | INFO     | __main__:<module>:917 - lr:0.07214163788834171 weight_nat: 0.2714965375619151, nat_loss: 0.009494480676949024, weight_adv: 0.728503462438085, adv_loss: 0.01590096950531006 weight-klloss3 0.08174 Loss3: 0.02510509081184864 clean_ce: 0.13146699965000153, adv_ce: 0.9755309224128723, adv_margin: 0.43599867820739746, clean_gate: 0.637494683265686, teacher_margin: 0.3272092342376709, teacher_margin_gate: 0.6978766918182373, teacher_clean_gate: 1.0, teacher_adv_gate: 1.0, tm_grad_cos: 0.7604020237922668, tm_scale: 1.0, tm_ps_scale: 1.0, pcgrad_conflicts: 0/62
2026-07-04 06:13:39.753 | INFO     | __main__:<module>:917 - lr:0.07214163788834171 weight_nat: 0.271278132037176, nat_loss: 0.009773902595043182, weight_adv: 0.728721867962824, adv_loss: 0.013570822775363922 weight-klloss3 0.08174 Loss3: 0.016019780188798904 clean_ce: 0.13410399854183197, adv_ce: 0.9884994029998779, adv_margin: 0.46995750069618225, clean_gate: 0.6338052749633789, teacher_margin: 0.3138733208179474, teacher_margin_gate: 0.688294529914856, teacher_clean_gate: 1.0, teacher_adv_gate: 1.0, tm_grad_cos: 0.7555688619613647, tm_scale: 1.0, tm_ps_scale: 1.0, pcgrad_conflicts: 0/62
2026-07-04 06:14:18.626 | INFO     | __main__:<module>:917 - lr:0.07214163788834171 weight_nat: 0.2730171261361088, nat_loss: 0.009516136720776558, weight_adv: 0.7269828738638913, adv_loss: 0.013347022235393524 weight-klloss3 0.08174 Loss3: 0.016140615567564964 clean_ce: 0.14936977624893188, adv_ce: 0.9513245224952698, adv_margin: 0.43223512172698975, clean_gate: 0.648440957069397, teacher_margin: 0.3125767707824707, teacher_margin_gate: 0.7100940942764282, teacher_clean_gate: 1.0, teacher_adv_gate: 1.0, tm_grad_cos: 0.756563127040863, tm_scale: 1.0, tm_ps_scale: 1.0, pcgrad_conflicts: 0/62
2026-07-04 06:14:57.413 | INFO     | __main__:<module>:917 - lr:0.07214163788834171 weight_nat: 0.26808892229737175, nat_loss: 0.008703827857971191, weight_adv: 0.7319110777026283, adv_loss: 0.01885661855340004 weight-klloss3 0.08174 Loss3: 0.027411622926592827 clean_ce: 0.13685955107212067, adv_ce: 0.9710380434989929, adv_margin: 0.43204545974731445, clean_gate: 0.638761043548584, teacher_margin: 0.3721733093261719, teacher_margin_gate: 0.7157017588615417, teacher_clean_gate: 1.0, teacher_adv_gate: 1.0, tm_grad_cos: 0.7217053174972534, tm_scale: 1.0, tm_ps_scale: 1.0, pcgrad_conflicts: 0/62
2026-07-04 06:15:32.208 | INFO     | __main__:<module>:482 - the 204th epoch 
2026-07-04 06:15:32.640 | INFO     | __main__:<module>:917 - lr:0.07119663392334794 weight_nat: 0.26501767521756464, nat_loss: 0.010775595903396606, weight_adv: 0.7349823247824353, adv_loss: 0.017072519287467003 weight-klloss3 0.08174 Loss3: 0.03400418907403946 clean_ce: 0.12639540433883667, adv_ce: 1.1365224123001099, adv_margin: 0.6241630911827087, clean_gate: 0.5695490837097168, teacher_margin: 0.411461740732193, teacher_margin_gate: 0.6786685585975647, teacher_clean_gate: 1.0, teacher_adv_gate: 1.0, tm_grad_cos: 0.7529155015945435, tm_scale: 1.0, tm_ps_scale: 1.0, pcgrad_conflicts: 0/62
2026-07-04 06:16:11.491 | INFO     | __main__:<module>:917 - lr:0.07119663392334794 weight_nat: 0.26848225682042987, nat_loss: 0.01082823146134615, weight_adv: 0.7315177431795701, adv_loss: 0.015839703381061554 weight-klloss3 0.08174 Loss3: 0.030277011916041374 clean_ce: 0.11363568902015686, adv_ce: 1.107609748840332, adv_margin: 0.6268541812896729, clean_gate: 0.594510555267334, teacher_margin: 0.3636346161365509, teacher_margin_gate: 0.6906880736351013, teacher_clean_gate: 1.0, teacher_adv_gate: 1.0, tm_grad_cos: 0.7877687811851501, tm_scale: 1.0, tm_ps_scale: 1.0, pcgrad_conflicts: 0/62
2026-07-04 06:16:50.407 | INFO     | __main__:<module>:917 - lr:0.07119663392334794 weight_nat: 0.2713742172464716, nat_loss: 0.008541709743440151, weight_adv: 0.7286257827535284, adv_loss: 0.015889886766672134 weight-klloss3 0.08174 Loss3: 0.02869449555873871 clean_ce: 0.1313500702381134, adv_ce: 0.9468778371810913, adv_margin: 0.39737337827682495, clean_gate: 0.6318696737289429, teacher_margin: 0.3476165235042572, teacher_margin_gate: 0.705575168132782, teacher_clean_gate: 1.0, teacher_adv_gate: 1.0, tm_grad_cos: 0.7524033188819885, tm_scale: 1.0, tm_ps_scale: 1.0, pcgrad_conflicts: 0/62
2026-07-04 06:17:29.218 | INFO     | __main__:<module>:917 - lr:0.07119663392334794 weight_nat: 0.26882177319349465, nat_loss: 0.00853783544152975, weight_adv: 0.7311782268065055, adv_loss: 0.017602985724806786 weight-klloss3 0.08174 Loss3: 0.031164508312940598 clean_ce: 0.13514018058776855, adv_ce: 0.9694761037826538, adv_margin: 0.3887506127357483, clean_gate: 0.6463199853897095, teacher_margin: 0.45298027992248535, teacher_margin_gate: 0.7508410215377808, teacher_clean_gate: 1.0, teacher_adv_gate: 1.0, tm_grad_cos: 0.7469227313995361, tm_scale: 1.0, tm_ps_scale: 1.0, pcgrad_conflicts: 0/62
2026-07-04 06:18:03.996 | INFO     | __main__:<module>:482 - the 205th epoch 
2026-07-04 06:18:04.429 | INFO     | __main__:<module>:917 - lr:0.07024233173008022 weight_nat: 0.2709486601317017, nat_loss: 0.008613846264779568, weight_adv: 0.7290513398682984, adv_loss: 0.014680920168757439 weight-klloss3 0.08174 Loss3: 0.03316239267587662 clean_ce: 0.13682302832603455, adv_ce: 0.9454498291015625, adv_margin: 0.4343951642513275, clean_gate: 0.6551408767700195, teacher_margin: 0.33432576060295105, teacher_margin_gate: 0.730322003364563, teacher_clean_gate: 1.0, teacher_adv_gate: 1.0, tm_grad_cos: 0.7573474645614624, tm_scale: 1.0, tm_ps_scale: 1.0, pcgrad_conflicts: 0/62
2026-07-04 06:18:43.260 | INFO     | __main__:<module>:917 - lr:0.07024233173008022 weight_nat: 0.2769645704561239, nat_loss: 0.00980360433459282, weight_adv: 0.7230354295438761, adv_loss: 0.015417445451021194 weight-klloss3 0.08174 Loss3: 0.02516932785511017 clean_ce: 0.12892910838127136, adv_ce: 1.1611894369125366, adv_margin: 0.5804538726806641, clean_gate: 0.5668360590934753, teacher_margin: 0.3255575895309448, teacher_margin_gate: 0.6256930828094482, teacher_clean_gate: 1.0, teacher_adv_gate: 1.0, tm_grad_cos: 0.7320160865783691, tm_scale: 1.0, tm_ps_scale: 1.0, pcgrad_conflicts: 0/62
2026-07-04 06:19:22.059 | INFO     | __main__:<module>:917 - lr:0.07024233173008022 weight_nat: 0.2739937768287526, nat_loss: 0.007946190424263477, weight_adv: 0.7260062231712474, adv_loss: 0.020047618076205254 weight-klloss3 0.08174 Loss3: 0.026629991829395294 clean_ce: 0.12958452105522156, adv_ce: 1.113197684288025, adv_margin: 0.5696616172790527, clean_gate: 0.5913128852844238, teacher_margin: 0.45826640725135803, teacher_margin_gate: 0.7171227931976318, teacher_clean_gate: 1.0, teacher_adv_gate: 1.0, tm_grad_cos: 0.7953380942344666, tm_scale: 1.0, tm_ps_scale: 1.0, pcgrad_conflicts: 0/62
2026-07-04 06:20:00.955 | INFO     | __main__:<module>:917 - lr:0.07024233173008022 weight_nat: 0.2672210112455275, nat_loss: 0.01088214386254549, weight_adv: 0.7327789887544724, adv_loss: 0.02060025930404663 weight-klloss3 0.08174 Loss3: 0.034086715430021286 clean_ce: 0.14926792681217194, adv_ce: 1.0673770904541016, adv_margin: 0.4447048604488373, clean_gate: 0.5930793285369873, teacher_margin: 0.44966450333595276, teacher_margin_gate: 0.6957199573516846, teacher_clean_gate: 1.0, teacher_adv_gate: 1.0, tm_grad_cos: 0.7878004312515259, tm_scale: 1.0, tm_ps_scale: 1.0, pcgrad_conflicts: 0/62
2026-07-04 06:20:35.765 | INFO     | __main__:<module>:482 - the 206th epoch 
2026-07-04 06:20:36.198 | INFO     | __main__:<module>:917 - lr:0.0692791522570401 weight_nat: 0.26481589355204366, nat_loss: 0.008159360848367214, weight_adv: 0.7351841064479564, adv_loss: 0.015052721835672855 weight-klloss3 0.08174 Loss3: 0.033807508647441864 clean_ce: 0.14037883281707764, adv_ce: 0.9336473941802979, adv_margin: 0.42276257276535034, clean_gate: 0.6483129858970642, teacher_margin: 0.32387232780456543, teacher_margin_gate: 0.7212539911270142, teacher_clean_gate: 1.0, teacher_adv_gate: 1.0, tm_grad_cos: 0.7596422433853149, tm_scale: 1.0, tm_ps_scale: 1.0, pcgrad_conflicts: 0/62
2026-07-04 06:21:14.967 | INFO     | __main__:<module>:917 - lr:0.0692791522570401 weight_nat: 0.266036955607493, nat_loss: 0.009678314439952374, weight_adv: 0.7339630443925069, adv_loss: 0.014920724555850029 weight-klloss3 0.08174 Loss3: 0.02721724472939968 clean_ce: 0.1593327820301056, adv_ce: 0.8648540377616882, adv_margin: 0.3324064016342163, clean_gate: 0.6881032586097717, teacher_margin: 0.34170758724212646, teacher_margin_gate: 0.7702295780181885, teacher_clean_gate: 1.0, teacher_adv_gate: 1.0, tm_grad_cos: 0.7594324946403503, tm_scale: 1.0, tm_ps_scale: 1.0, pcgrad_conflicts: 0/62
2026-07-04 06:21:53.757 | INFO     | __main__:<module>:917 - lr:0.0692791522570401 weight_nat: 0.2726988635372312, nat_loss: 0.007937117479741573, weight_adv: 0.7273011364627688, adv_loss: 0.016474524512887 weight-klloss3 0.08174 Loss3: 0.03191278874874115 clean_ce: 0.13655391335487366, adv_ce: 0.857429027557373, adv_margin: 0.3440711796283722, clean_gate: 0.6640403270721436, teacher_margin: 0.4144221246242523, teacher_margin_gate: 0.7733017206192017, teacher_clean_gate: 1.0, teacher_adv_gate: 1.0, tm_grad_cos: 0.7921460866928101, tm_scale: 1.0, tm_ps_scale: 1.0, pcgrad_conflicts: 0/62
2026-07-04 06:22:32.513 | INFO     | __main__:<module>:917 - lr:0.0692791522570401 weight_nat: 0.27028396544572947, nat_loss: 0.008658708073198795, weight_adv: 0.7297160345542706, adv_loss: 0.017478078603744507 weight-klloss3 0.08174 Loss3: 0.032521020621061325 clean_ce: 0.13066402077674866, adv_ce: 1.1032819747924805, adv_margin: 0.568558931350708, clean_gate: 0.5994184017181396, teacher_margin: 0.3662962019443512, teacher_margin_gate: 0.6828905344009399, teacher_clean_gate: 1.0, teacher_adv_gate: 1.0, tm_grad_cos: 0.7529858350753784, tm_scale: 1.0, tm_ps_scale: 1.0, pcgrad_conflicts: 0/62
2026-07-04 06:23:07.267 | INFO     | __main__:<module>:482 - the 207th epoch 
2026-07-04 06:23:07.701 | INFO     | __main__:<module>:917 - lr:0.06830752032535861 weight_nat: 0.26774328671487724, nat_loss: 0.008981960825622082, weight_adv: 0.7322567132851228, adv_loss: 0.01920083537697792 weight-klloss3 0.08174 Loss3: 0.01948675513267517 clean_ce: 0.1082928478717804, adv_ce: 1.1508792638778687, adv_margin: 0.6558212041854858, clean_gate: 0.5758220553398132, teacher_margin: 0.3969869315624237, teacher_margin_gate: 0.6809414625167847, teacher_clean_gate: 1.0, teacher_adv_gate: 1.0, tm_grad_cos: 0.7346308827400208, tm_scale: 1.0, tm_ps_scale: 1.0, pcgrad_conflicts: 0/62
2026-07-04 06:23:46.630 | INFO     | __main__:<module>:917 - lr:0.06830752032535861 weight_nat: 0.27109744577907824, nat_loss: 0.0100737689062953, weight_adv: 0.7289025542209219, adv_loss: 0.015185147523880005 weight-klloss3 0.08174 Loss3: 0.019745947793126106 clean_ce: 0.14175312221050262, adv_ce: 0.9332131743431091, adv_margin: 0.44284623861312866, clean_gate: 0.6581817269325256, teacher_margin: 0.3208751678466797, teacher_margin_gate: 0.7287729978561401, teacher_clean_gate: 1.0, teacher_adv_gate: 1.0, tm_grad_cos: 0.7495242357254028, tm_scale: 1.0, tm_ps_scale: 1.0, pcgrad_conflicts: 0/62
2026-07-04 06:24:25.940 | INFO     | __main__:<module>:917 - lr:0.06830752032535861 weight_nat: 0.2749528514833555, nat_loss: 0.011913246475160122, weight_adv: 0.7250471485166445, adv_loss: 0.016224930062890053 weight-klloss3 0.08174 Loss3: 0.028282009065151215 clean_ce: 0.1187010258436203, adv_ce: 1.1174588203430176, adv_margin: 0.6114760041236877, clean_gate: 0.5938335657119751, teacher_margin: 0.3372844457626343, teacher_margin_gate: 0.6722267270088196, teacher_clean_gate: 1.0, teacher_adv_gate: 1.0, tm_grad_cos: 0.746009111404419, tm_scale: 1.0, tm_ps_scale: 1.0, pcgrad_conflicts: 0/62
2026-07-04 06:25:05.229 | INFO     | __main__:<module>:917 - lr:0.06830752032535861 weight_nat: 0.2682602351722362, nat_loss: 0.009005778469145298, weight_adv: 0.7317397648277639, adv_loss: 0.017277255654335022 weight-klloss3 0.08174 Loss3: 0.02644510567188263 clean_ce: 0.1460978388786316, adv_ce: 1.109391212463379, adv_margin: 0.5786443948745728, clean_gate: 0.6045077443122864, teacher_margin: 0.344049334526062, teacher_margin_gate: 0.6857377290725708, teacher_clean_gate: 1.0, teacher_adv_gate: 1.0, tm_grad_cos: 0.7285626530647278, tm_scale: 1.0, tm_ps_scale: 1.0, pcgrad_conflicts: 0/62
2026-07-04 06:25:40.435 | INFO     | __main__:<module>:482 - the 208th epoch 
2026-07-04 06:25:40.872 | INFO     | __main__:<module>:917 - lr:0.06732786443944867 weight_nat: 0.26825997961382153, nat_loss: 0.008264024741947651, weight_adv: 0.7317400203861786, adv_loss: 0.01473836787045002 weight-klloss3 0.08174 Loss3: 0.03423377871513367 clean_ce: 0.1337844431400299, adv_ce: 1.0530099868774414, adv_margin: 0.5118816494941711, clean_gate: 0.6108465194702148, teacher_margin: 0.34873610734939575, teacher_margin_gate: 0.681891918182373, teacher_clean_gate: 1.0, teacher_adv_gate: 1.0, tm_grad_cos: 0.7836757302284241, tm_scale: 1.0, tm_ps_scale: 1.0, pcgrad_conflicts: 0/62
2026-07-04 06:26:20.168 | INFO     | __main__:<module>:917 - lr:0.06732786443944867 weight_nat: 0.28067842809821053, nat_loss: 0.008505773730576038, weight_adv: 0.7193215719017895, adv_loss: 0.014641247689723969 weight-klloss3 0.08174 Loss3: 0.017709316685795784 clean_ce: 0.1524977684020996, adv_ce: 0.9001813530921936, adv_margin: 0.3697313070297241, clean_gate: 0.6649298667907715, teacher_margin: 0.3645656704902649, teacher_margin_gate: 0.7447700500488281, teacher_clean_gate: 1.0, teacher_adv_gate: 1.0, tm_grad_cos: 0.7722044587135315, tm_scale: 1.0, tm_ps_scale: 1.0, pcgrad_conflicts: 0/62
2026-07-04 06:26:58.882 | INFO     | __main__:<module>:917 - lr:0.06732786443944867 weight_nat: 0.27408682779512544, nat_loss: 0.010125872679054737, weight_adv: 0.7259131722048746, adv_loss: 0.020700648427009583 weight-klloss3 0.08174 Loss3: 0.03243987262248993 clean_ce: 0.13182270526885986, adv_ce: 1.0202943086624146, adv_margin: 0.515052318572998, clean_gate: 0.6172330379486084, teacher_margin: 0.4689381420612335, teacher_margin_gate: 0.7350503206253052, teacher_clean_gate: 1.0, teacher_adv_gate: 1.0, tm_grad_cos: 0.7764002680778503, tm_scale: 1.0, tm_ps_scale: 1.0, pcgrad_conflicts: 0/62
2026-07-04 06:27:37.468 | INFO     | __main__:<module>:917 - lr:0.06732786443944867 weight_nat: 0.27729984076949193, nat_loss: 0.014356076717376709, weight_adv: 0.7227001592305081, adv_loss: 0.017967253923416138 weight-klloss3 0.08174 Loss3: 0.027389461174607277 clean_ce: 0.11732279509305954, adv_ce: 1.11951744556427, adv_margin: 0.5613453984260559, clean_gate: 0.5917007923126221, teacher_margin: 0.40952301025390625, teacher_margin_gate: 0.7018431425094604, teacher_clean_gate: 1.0, teacher_adv_gate: 1.0, tm_grad_cos: 0.791428804397583, tm_scale: 1.0, tm_ps_scale: 1.0, pcgrad_conflicts: 0/62
2026-07-04 06:28:12.224 | INFO     | __main__:<module>:482 - the 209th epoch 
2026-07-04 06:28:12.658 | INFO     | __main__:<module>:917 - lr:0.06634061659603142 weight_nat: 0.26572638674375854, nat_loss: 0.00841617863625288, weight_adv: 0.7342736132562415, adv_loss: 0.01781075820326805 weight-klloss3 0.08174 Loss3: 0.028062116354703903 clean_ce: 0.12928268313407898, adv_ce: 0.9452314376831055, adv_margin: 0.42075127363204956, clean_gate: 0.6302880048751831, teacher_margin: 0.3896547555923462, teacher_margin_gate: 0.7144335508346558, teacher_clean_gate: 1.0, teacher_adv_gate: 1.0, tm_grad_cos: 0.764772891998291, tm_scale: 1.0, tm_ps_scale: 1.0, pcgrad_conflicts: 0/62
2026-07-04 06:28:51.478 | INFO     | __main__:<module>:917 - lr:0.06634061659603142 weight_nat: 0.2819595004161401, nat_loss: 0.006693089846521616, weight_adv: 0.7180404995838598, adv_loss: 0.0129289161413908 weight-klloss3 0.08174 Loss3: 0.027044299989938736 clean_ce: 0.12640509009361267, adv_ce: 0.8875271677970886, adv_margin: 0.40828585624694824, clean_gate: 0.6715463995933533, teacher_margin: 0.2921728789806366, teacher_margin_gate: 0.7189995646476746, teacher_clean_gate: 1.0, teacher_adv_gate: 1.0, tm_grad_cos: 0.7398579716682434, tm_scale: 1.0, tm_ps_scale: 1.0, pcgrad_conflicts: 0/62
2026-07-04 06:29:30.277 | INFO     | __main__:<module>:917 - lr:0.06634061659603142 weight_nat: 0.2679581401381787, nat_loss: 0.009851552546024323, weight_adv: 0.7320418598618212, adv_loss: 0.016310367733240128 weight-klloss3 0.08174 Loss3: 0.027921825647354126 clean_ce: 0.12035574018955231, adv_ce: 1.081192970275879, adv_margin: 0.568757951259613, clean_gate: 0.6084348559379578, teacher_margin: 0.3777208924293518, teacher_margin_gate: 0.7082445621490479, teacher_clean_gate: 1.0, teacher_adv_gate: 1.0, tm_grad_cos: 0.7790176868438721, tm_scale: 1.0, tm_ps_scale: 1.0, pcgrad_conflicts: 0/62
2026-07-04 06:30:09.051 | INFO     | __main__:<module>:917 - lr:0.06634061659603142 weight_nat: 0.2701782051136028, nat_loss: 0.010823658667504787, weight_adv: 0.7298217948863973, adv_loss: 0.016184061765670776 weight-klloss3 0.08174 Loss3: 0.03391572833061218 clean_ce: 0.13742470741271973, adv_ce: 0.9352388978004456, adv_margin: 0.4031495451927185, clean_gate: 0.6396780014038086, teacher_margin: 0.37596720457077026, teacher_margin_gate: 0.7270623445510864, teacher_clean_gate: 1.0, teacher_adv_gate: 1.0, tm_grad_cos: 0.7860024571418762, tm_scale: 1.0, tm_ps_scale: 1.0, pcgrad_conflicts: 0/62
2026-07-04 06:30:43.806 | INFO     | __main__:<module>:482 - the 210th epoch 
2026-07-04 06:30:44.240 | INFO     | __main__:<module>:917 - lr:0.06534621209162177 weight_nat: 0.26892182449309215, nat_loss: 0.007936363108456135, weight_adv: 0.7310781755069079, adv_loss: 0.011498459614813328 weight-klloss3 0.08174 Loss3: 0.022812094539403915 clean_ce: 0.15365271270275116, adv_ce: 0.8824745416641235, adv_margin: 0.38121896982192993, clean_gate: 0.6720138192176819, teacher_margin: 0.2724652588367462, teacher_margin_gate: 0.7246382832527161, teacher_clean_gate: 1.0, teacher_adv_gate: 1.0, tm_grad_cos: 0.7392100095748901, tm_scale: 1.0, tm_ps_scale: 1.0, pcgrad_conflicts: 0/62
2026-07-04 06:31:22.999 | INFO     | __main__:<module>:917 - lr:0.06534621209162177 weight_nat: 0.2771544944465542, nat_loss: 0.00965277012437582, weight_adv: 0.7228455055534458, adv_loss: 0.0167727991938591 weight-klloss3 0.08174 Loss3: 0.021946191787719727 clean_ce: 0.11558076739311218, adv_ce: 1.1644549369812012, adv_margin: 0.5718345642089844, clean_gate: 0.559600293636322, teacher_margin: 0.42010873556137085, teacher_margin_gate: 0.655847430229187, teacher_clean_gate: 1.0, teacher_adv_gate: 1.0, tm_grad_cos: 0.7734127044677734, tm_scale: 1.0, tm_ps_scale: 1.0, pcgrad_conflicts: 0/62
2026-07-04 06:32:01.778 | INFO     | __main__:<module>:917 - lr:0.06534621209162177 weight_nat: 0.2815478129152238, nat_loss: 0.008301838301122189, weight_adv: 0.7184521870847762, adv_loss: 0.01637217216193676 weight-klloss3 0.08174 Loss3: 0.03034690022468567 clean_ce: 0.11868314445018768, adv_ce: 1.113357424736023, adv_margin: 0.6388850212097168, clean_gate: 0.5894317626953125, teacher_margin: 0.3302621841430664, teacher_margin_gate: 0.6528791785240173, teacher_clean_gate: 1.0, teacher_adv_gate: 1.0, tm_grad_cos: 0.7007085084915161, tm_scale: 1.0, tm_ps_scale: 1.0, pcgrad_conflicts: 0/62
2026-07-04 06:32:40.582 | INFO     | __main__:<module>:917 - lr:0.06534621209162177 weight_nat: 0.2754255123594021, nat_loss: 0.008252125233411789, weight_adv: 0.724574487640598, adv_loss: 0.01760309934616089 weight-klloss3 0.08174 Loss3: 0.028294069692492485 clean_ce: 0.1273251324892044, adv_ce: 1.1019107103347778, adv_margin: 0.5256769061088562, clean_gate: 0.582690954208374, teacher_margin: 0.4178566336631775, teacher_margin_gate: 0.6679744124412537, teacher_clean_gate: 1.0, teacher_adv_gate: 1.0, tm_grad_cos: 0.7567826509475708, tm_scale: 1.0, tm_ps_scale: 1.0, pcgrad_conflicts: 1/62
2026-07-04 06:33:33.324 | INFO     | __main__:<module>:974 - student robust acc 0.5383, teacher robust acc 0.6675, nat teacher robust acc 0.5766
2026-07-04 06:33:38.978 | INFO     | __main__:<module>:1058 - best accuracy:0.71285
2026-07-04 06:33:38.978 | INFO     | __main__:<module>:1061 - student natural acc 0.8874, adv teacher natural acc 0.8783, nat teacher natural acc 0.9318
2026-07-04 06:33:38.979 | INFO     | __main__:<module>:482 - the 211th epoch 
2026-07-04 06:33:39.392 | INFO     | __main__:<module>:917 - lr:0.06434508932856041 weight_nat: 0.27575096405035193, nat_loss: 0.01107686385512352, weight_adv: 0.7242490359496482, adv_loss: 0.015771452337503433 weight-klloss3 0.08174 Loss3: 0.01982351392507553 clean_ce: 0.11504784971475601, adv_ce: 1.173361897468567, adv_margin: 0.6090530157089233, clean_gate: 0.5795349478721619, teacher_margin: 0.3336103558540344, teacher_margin_gate: 0.6574753522872925, teacher_clean_gate: 1.0, teacher_adv_gate: 1.0, tm_grad_cos: 0.7479025721549988, tm_scale: 1.0, tm_ps_scale: 1.0, pcgrad_conflicts: 0/62
2026-07-04 06:34:18.233 | INFO     | __main__:<module>:917 - lr:0.06434508932856041 weight_nat: 0.27913602824732536, nat_loss: 0.007856338284909725, weight_adv: 0.7208639717526747, adv_loss: 0.013798569329082966 weight-klloss3 0.08174 Loss3: 0.020918836817145348 clean_ce: 0.1386020928621292, adv_ce: 0.9012706875801086, adv_margin: 0.4067455530166626, clean_gate: 0.677108108997345, teacher_margin: 0.31090885400772095, teacher_margin_gate: 0.7374435067176819, teacher_clean_gate: 1.0, teacher_adv_gate: 1.0, tm_grad_cos: 0.7469455003738403, tm_scale: 1.0, tm_ps_scale: 1.0, pcgrad_conflicts: 0/62
2026-07-04 06:34:57.087 | INFO     | __main__:<module>:917 - lr:0.06434508932856041 weight_nat: 0.27800629500486473, nat_loss: 0.006218707654625177, weight_adv: 0.7219937049951354, adv_loss: 0.014024751260876656 weight-klloss3 0.08174 Loss3: 0.02550056390464306 clean_ce: 0.14195100963115692, adv_ce: 0.8441317081451416, adv_margin: 0.3237759470939636, clean_gate: 0.6809445023536682, teacher_margin: 0.3243076205253601, teacher_margin_gate: 0.7537906169891357, teacher_clean_gate: 1.0, teacher_adv_gate: 1.0, tm_grad_cos: 0.7439734935760498, tm_scale: 1.0, tm_ps_scale: 1.0, pcgrad_conflicts: 0/62
2026-07-04 06:35:35.933 | INFO     | __main__:<module>:917 - lr:0.06434508932856041 weight_nat: 0.27660899189234134, nat_loss: 0.009850218892097473, weight_adv: 0.7233910081076587, adv_loss: 0.014772966504096985 weight-klloss3 0.08174 Loss3: 0.027902189642190933 clean_ce: 0.14869090914726257, adv_ce: 0.9347164034843445, adv_margin: 0.4013187289237976, clean_gate: 0.6559572815895081, teacher_margin: 0.34643346071243286, teacher_margin_gate: 0.7378743886947632, teacher_clean_gate: 1.0, teacher_adv_gate: 1.0, tm_grad_cos: 0.7590162754058838, tm_scale: 1.0, tm_ps_scale: 1.0, pcgrad_conflicts: 0/62
2026-07-04 06:36:10.753 | INFO     | __main__:<module>:482 - the 212th epoch 
2026-07-04 06:36:11.186 | INFO     | __main__:<module>:917 - lr:0.06333768961967892 weight_nat: 0.2754395868951052, nat_loss: 0.022895723581314087, weight_adv: 0.7245604131048947, adv_loss: 0.021256525069475174 weight-klloss3 0.08174 Loss3: 0.024800429120659828 clean_ce: 0.12780913710594177, adv_ce: 1.198742389678955, adv_margin: 0.6019085645675659, clean_gate: 0.5493347644805908, teacher_margin: 0.4947444796562195, teacher_margin_gate: 0.6762481927871704, teacher_clean_gate: 1.0, teacher_adv_gate: 1.0, tm_grad_cos: 0.7744275331497192, tm_scale: 1.0, tm_ps_scale: 1.0, pcgrad_conflicts: 0/62
2026-07-04 06:36:50.024 | INFO     | __main__:<module>:917 - lr:0.06333768961967892 weight_nat: 0.2720060580756614, nat_loss: 0.009021221660077572, weight_adv: 0.7279939419243385, adv_loss: 0.013636525720357895 weight-klloss3 0.08174 Loss3: 0.026127807796001434 clean_ce: 0.12607741355895996, adv_ce: 1.0239592790603638, adv_margin: 0.4969708025455475, clean_gate: 0.6223949193954468, teacher_margin: 0.3219285011291504, teacher_margin_gate: 0.6947775483131409, teacher_clean_gate: 1.0, teacher_adv_gate: 1.0, tm_grad_cos: 0.7465839982032776, tm_scale: 1.0, tm_ps_scale: 1.0, pcgrad_conflicts: 0/62
2026-07-04 06:37:28.813 | INFO     | __main__:<module>:917 - lr:0.06333768961967892 weight_nat: 0.28234586896495345, nat_loss: 0.0075171771459281445, weight_adv: 0.7176541310350466, adv_loss: 0.01360592246055603 weight-klloss3 0.08174 Loss3: 0.031593047082424164 clean_ce: 0.1467803716659546, adv_ce: 0.8096164464950562, adv_margin: 0.31019362807273865, clean_gate: 0.7074661254882812, teacher_margin: 0.30831748247146606, teacher_margin_gate: 0.7649818658828735, teacher_clean_gate: 1.0, teacher_adv_gate: 1.0, tm_grad_cos: 0.7562536001205444, tm_scale: 1.0, tm_ps_scale: 1.0, pcgrad_conflicts: 0/62
2026-07-04 06:38:07.598 | INFO     | __main__:<module>:917 - lr:0.06333768961967892 weight_nat: 0.27307164374011794, nat_loss: 0.008373535238206387, weight_adv: 0.7269283562598822, adv_loss: 0.017376508563756943 weight-klloss3 0.08174 Loss3: 0.03475821018218994 clean_ce: 0.1445820927619934, adv_ce: 0.8322651386260986, adv_margin: 0.30812397599220276, clean_gate: 0.6862713098526001, teacher_margin: 0.3931048810482025, teacher_margin_gate: 0.7807297110557556, teacher_clean_gate: 1.0, teacher_adv_gate: 1.0, tm_grad_cos: 0.7723281979560852, tm_scale: 1.0, tm_ps_scale: 1.0, pcgrad_conflicts: 0/62
2026-07-04 06:38:42.524 | INFO     | __main__:<module>:482 - the 213th epoch 
2026-07-04 06:38:42.961 | INFO     | __main__:<module>:917 - lr:0.06232445699168568 weight_nat: 0.27353368354502977, nat_loss: 0.012055348604917526, weight_adv: 0.7264663164549703, adv_loss: 0.015858590602874756 weight-klloss3 0.08174 Loss3: 0.024341663345694542 clean_ce: 0.12569791078567505, adv_ce: 1.0705944299697876, adv_margin: 0.5268169045448303, clean_gate: 0.6039395928382874, teacher_margin: 0.3553255796432495, teacher_margin_gate: 0.677716851234436, teacher_clean_gate: 1.0, teacher_adv_gate: 1.0, tm_grad_cos: 0.7656896710395813, tm_scale: 1.0, tm_ps_scale: 1.0, pcgrad_conflicts: 0/62
2026-07-04 06:39:22.235 | INFO     | __main__:<module>:917 - lr:0.06232445699168568 weight_nat: 0.290008266676996, nat_loss: 0.01087512169033289, weight_adv: 0.709991733323004, adv_loss: 0.01579567790031433 weight-klloss3 0.08174 Loss3: 0.020612575113773346 clean_ce: 0.1383848786354065, adv_ce: 0.9798714518547058, adv_margin: 0.4466584026813507, clean_gate: 0.6252181529998779, teacher_margin: 0.3626543879508972, teacher_margin_gate: 0.6952739953994751, teacher_clean_gate: 1.0, teacher_adv_gate: 1.0, tm_grad_cos: 0.7411723136901855, tm_scale: 1.0, tm_ps_scale: 1.0, pcgrad_conflicts: 0/62
2026-07-04 06:40:01.500 | INFO     | __main__:<module>:917 - lr:0.06232445699168568 weight_nat: 0.2813228435760175, nat_loss: 0.010883908718824387, weight_adv: 0.7186771564239826, adv_loss: 0.014937044121325016 weight-klloss3 0.08174 Loss3: 0.030370842665433884 clean_ce: 0.13484178483486176, adv_ce: 0.9463147521018982, adv_margin: 0.44134339690208435, clean_gate: 0.6588009595870972, teacher_margin: 0.30728060007095337, teacher_margin_gate: 0.7272734642028809, teacher_clean_gate: 1.0, teacher_adv_gate: 1.0, tm_grad_cos: 0.7046009302139282, tm_scale: 1.0, tm_ps_scale: 1.0, pcgrad_conflicts: 0/62
2026-07-04 06:40:40.764 | INFO     | __main__:<module>:917 - lr:0.06232445699168568 weight_nat: 0.2751171342843848, nat_loss: 0.008227015845477581, weight_adv: 0.7248828657156152, adv_loss: 0.01570883020758629 weight-klloss3 0.08174 Loss3: 0.03795702010393143 clean_ce: 0.1490602195262909, adv_ce: 0.7804782390594482, adv_margin: 0.2720215916633606, clean_gate: 0.6915640234947205, teacher_margin: 0.39663606882095337, teacher_margin_gate: 0.7970380783081055, teacher_clean_gate: 1.0, teacher_adv_gate: 1.0, tm_grad_cos: 0.7858231067657471, tm_scale: 1.0, tm_ps_scale: 1.0, pcgrad_conflicts: 0/62
2026-07-04 06:41:15.947 | INFO     | __main__:<module>:482 - the 214th epoch 
2026-07-04 06:41:16.383 | INFO     | __main__:<module>:917 - lr:0.06130583798736121 weight_nat: 0.2833505720619252, nat_loss: 0.011222894303500652, weight_adv: 0.7166494279380748, adv_loss: 0.012306269258260727 weight-klloss3 0.08174 Loss3: 0.02347419783473015 clean_ce: 0.14187774062156677, adv_ce: 1.0585269927978516, adv_margin: 0.5417176485061646, clean_gate: 0.616776704788208, teacher_margin: 0.30612897872924805, teacher_margin_gate: 0.6745425462722778, teacher_clean_gate: 1.0, teacher_adv_gate: 1.0, tm_grad_cos: 0.7378389239311218, tm_scale: 1.0, tm_ps_scale: 1.0, pcgrad_conflicts: 0/62
2026-07-04 06:41:55.154 | INFO     | __main__:<module>:917 - lr:0.06130583798736121 weight_nat: 0.28359835204921013, nat_loss: 0.009947101585566998, weight_adv: 0.71640164795079, adv_loss: 0.015444289892911911 weight-klloss3 0.08174 Loss3: 0.025871986523270607 clean_ce: 0.14255568385124207, adv_ce: 1.132912039756775, adv_margin: 0.5576492547988892, clean_gate: 0.599267840385437, teacher_margin: 0.3423013389110565, teacher_margin_gate: 0.675481915473938, teacher_clean_gate: 1.0, teacher_adv_gate: 1.0, tm_grad_cos: 0.7332382798194885, tm_scale: 1.0, tm_ps_scale: 1.0, pcgrad_conflicts: 0/62
2026-07-04 06:42:33.895 | INFO     | __main__:<module>:917 - lr:0.06130583798736121 weight_nat: 0.27871642704541716, nat_loss: 0.008086683228611946, weight_adv: 0.7212835729545828, adv_loss: 0.015649760141968727 weight-klloss3 0.08174 Loss3: 0.03504250943660736 clean_ce: 0.12327884137630463, adv_ce: 1.0483695268630981, adv_margin: 0.5757924914360046, clean_gate: 0.6206703186035156, teacher_margin: 0.3450477123260498, teacher_margin_gate: 0.6988813877105713, teacher_clean_gate: 1.0, teacher_adv_gate: 1.0, tm_grad_cos: 0.7193028926849365, tm_scale: 1.0, tm_ps_scale: 1.0, pcgrad_conflicts: 0/62
2026-07-04 06:43:12.654 | INFO     | __main__:<module>:917 - lr:0.06130583798736121 weight_nat: 0.2840642020894714, nat_loss: 0.009861907921731472, weight_adv: 0.7159357979105286, adv_loss: 0.013800429180264473 weight-klloss3 0.08174 Loss3: 0.03149213269352913 clean_ce: 0.13739138841629028, adv_ce: 0.9741628170013428, adv_margin: 0.4618300795555115, clean_gate: 0.6473399996757507, teacher_margin: 0.37460583448410034, teacher_margin_gate: 0.7394165992736816, teacher_clean_gate: 1.0, teacher_adv_gate: 1.0, tm_grad_cos: 0.7846265435218811, tm_scale: 1.0, tm_ps_scale: 1.0, pcgrad_conflicts: 0/62
2026-07-04 06:43:47.396 | INFO     | __main__:<module>:482 - the 215th epoch 
2026-07-04 06:43:47.827 | INFO     | __main__:<module>:917 - lr:0.060282281466651357 weight_nat: 0.27385910456855467, nat_loss: 0.007334171328693628, weight_adv: 0.7261408954314453, adv_loss: 0.012347470968961716 weight-klloss3 0.08174 Loss3: 0.02512955665588379 clean_ce: 0.12840035557746887, adv_ce: 0.9232865571975708, adv_margin: 0.45217588543891907, clean_gate: 0.6533666849136353, teacher_margin: 0.2676568627357483, teacher_margin_gate: 0.6855306625366211, teacher_clean_gate: 1.0, teacher_adv_gate: 1.0, tm_grad_cos: 0.7098301649093628, tm_scale: 1.0, tm_ps_scale: 1.0, pcgrad_conflicts: 0/62
2026-07-04 06:44:26.587 | INFO     | __main__:<module>:917 - lr:0.060282281466651357 weight_nat: 0.2737251305860742, nat_loss: 0.006730932742357254, weight_adv: 0.7262748694139258, adv_loss: 0.01324907224625349 weight-klloss3 0.08174 Loss3: 0.026998421177268028 clean_ce: 0.14147260785102844, adv_ce: 0.7907764911651611, adv_margin: 0.3014031946659088, clean_gate: 0.6962685585021973, teacher_margin: 0.3458763659000397, teacher_margin_gate: 0.7688243389129639, teacher_clean_gate: 1.0, teacher_adv_gate: 1.0, tm_grad_cos: 0.7610113024711609, tm_scale: 1.0, tm_ps_scale: 1.0, pcgrad_conflicts: 0/62
2026-07-04 06:45:05.372 | INFO     | __main__:<module>:917 - lr:0.060282281466651357 weight_nat: 0.2737251305860742, nat_loss: 0.012377484701573849, weight_adv: 0.7262748694139258, adv_loss: 0.013367732055485249 weight-klloss3 0.08174 Loss3: 0.015436870977282524 clean_ce: 0.13326922059059143, adv_ce: 0.970630943775177, adv_margin: 0.4480283260345459, clean_gate: 0.6315392851829529, teacher_margin: 0.30115893483161926, teacher_margin_gate: 0.6865451335906982, teacher_clean_gate: 1.0, teacher_adv_gate: 1.0, tm_grad_cos: 0.7247471809387207, tm_scale: 1.0, tm_ps_scale: 1.0, pcgrad_conflicts: 0/62
2026-07-04 06:45:44.129 | INFO     | __main__:<module>:917 - lr:0.060282281466651357 weight_nat: 0.2737251305860742, nat_loss: 0.008799150586128235, weight_adv: 0.7262748694139258, adv_loss: 0.021778296679258347 weight-klloss3 0.08174 Loss3: 0.025282736867666245 clean_ce: 0.11280306428670883, adv_ce: 1.1694598197937012, adv_margin: 0.6329212784767151, clean_gate: 0.5762907266616821, teacher_margin: 0.45698490738868713, teacher_margin_gate: 0.6948938965797424, teacher_clean_gate: 1.0, teacher_adv_gate: 1.0, tm_grad_cos: 0.7647027969360352, tm_scale: 1.0, tm_ps_scale: 1.0, pcgrad_conflicts: 0/62
2026-07-04 06:46:18.872 | INFO     | __main__:<module>:482 - the 216th epoch 
2026-07-04 06:46:19.307 | INFO     | __main__:<module>:917 - lr:0.05925423840674787 weight_nat: 0.2737251305860742, nat_loss: 0.009059282951056957, weight_adv: 0.7262748694139258, adv_loss: 0.016492502763867378 weight-klloss3 0.08174 Loss3: 0.03519272804260254 clean_ce: 0.12729401886463165, adv_ce: 1.084086537361145, adv_margin: 0.5909447073936462, clean_gate: 0.6247628927230835, teacher_margin: 0.35031944513320923, teacher_margin_gate: 0.7101548910140991, teacher_clean_gate: 1.0, teacher_adv_gate: 1.0, tm_grad_cos: 0.7236388921737671, tm_scale: 1.0, tm_ps_scale: 1.0, pcgrad_conflicts: 0/62
2026-07-04 06:46:58.117 | INFO     | __main__:<module>:917 - lr:0.05925423840674787 weight_nat: 0.2737251305860742, nat_loss: 0.008782642893493176, weight_adv: 0.7262748694139258, adv_loss: 0.011974269524216652 weight-klloss3 0.08174 Loss3: 0.02753767929971218 clean_ce: 0.12793703377246857, adv_ce: 1.0028496980667114, adv_margin: 0.47033214569091797, clean_gate: 0.6208831071853638, teacher_margin: 0.298113614320755, teacher_margin_gate: 0.6755695343017578, teacher_clean_gate: 1.0, teacher_adv_gate: 1.0, tm_grad_cos: 0.7446234822273254, tm_scale: 1.0, tm_ps_scale: 1.0, pcgrad_conflicts: 0/62
2026-07-04 06:47:36.947 | INFO     | __main__:<module>:917 - lr:0.05925423840674787 weight_nat: 0.2737251305860742, nat_loss: 0.009318649768829346, weight_adv: 0.7262748694139258, adv_loss: 0.015397414565086365 weight-klloss3 0.08174 Loss3: 0.028043173253536224 clean_ce: 0.1324528008699417, adv_ce: 1.0055291652679443, adv_margin: 0.48913854360580444, clean_gate: 0.6256587505340576, teacher_margin: 0.33383703231811523, teacher_margin_gate: 0.6896010637283325, teacher_clean_gate: 1.0, teacher_adv_gate: 1.0, tm_grad_cos: 0.7360705733299255, tm_scale: 1.0, tm_ps_scale: 1.0, pcgrad_conflicts: 0/62
2026-07-04 06:48:15.782 | INFO     | __main__:<module>:917 - lr:0.05925423840674787 weight_nat: 0.2737251305860742, nat_loss: 0.007832801900804043, weight_adv: 0.7262748694139258, adv_loss: 0.012105628848075867 weight-klloss3 0.08174 Loss3: 0.031525298953056335 clean_ce: 0.139008566737175, adv_ce: 0.9109835624694824, adv_margin: 0.3653145432472229, clean_gate: 0.6649960279464722, teacher_margin: 0.3211178183555603, teacher_margin_gate: 0.7362996339797974, teacher_clean_gate: 1.0, teacher_adv_gate: 1.0, tm_grad_cos: 0.7514656186103821, tm_scale: 1.0, tm_ps_scale: 1.0, pcgrad_conflicts: 0/62
2026-07-04 06:48:50.569 | INFO     | __main__:<module>:482 - the 217th epoch 
2026-07-04 06:48:51.002 | INFO     | __main__:<module>:917 - lr:0.05822216170124611 weight_nat: 0.2737251305860742, nat_loss: 0.00890123751014471, weight_adv: 0.7262748694139258, adv_loss: 0.01346628088504076 weight-klloss3 0.08174 Loss3: 0.026034288108348846 clean_ce: 0.134700745344162, adv_ce: 0.9271844625473022, adv_margin: 0.407592236995697, clean_gate: 0.6549683809280396, teacher_margin: 0.3236094117164612, teacher_margin_gate: 0.7270299196243286, teacher_clean_gate: 1.0, teacher_adv_gate: 1.0, tm_grad_cos: 0.7541626691818237, tm_scale: 1.0, tm_ps_scale: 1.0, pcgrad_conflicts: 0/62
2026-07-04 06:49:29.796 | INFO     | __main__:<module>:917 - lr:0.05822216170124611 weight_nat: 0.2737251305860742, nat_loss: 0.006238771136850119, weight_adv: 0.7262748694139258, adv_loss: 0.012482690624892712 weight-klloss3 0.08174 Loss3: 0.022389128804206848 clean_ce: 0.14175060391426086, adv_ce: 0.8385882377624512, adv_margin: 0.3882620930671692, clean_gate: 0.6934465169906616, teacher_margin: 0.3001878559589386, teacher_margin_gate: 0.7708125710487366, teacher_clean_gate: 1.0, teacher_adv_gate: 1.0, tm_grad_cos: 0.7230595350265503, tm_scale: 1.0, tm_ps_scale: 1.0, pcgrad_conflicts: 0/62
2026-07-04 06:50:08.569 | INFO     | __main__:<module>:917 - lr:0.05822216170124611 weight_nat: 0.2737251305860742, nat_loss: 0.006514510605484247, weight_adv: 0.7262748694139258, adv_loss: 0.016058333218097687 weight-klloss3 0.08174 Loss3: 0.026128379628062248 clean_ce: 0.1344251036643982, adv_ce: 0.9528297781944275, adv_margin: 0.4399064779281616, clean_gate: 0.6382462978363037, teacher_margin: 0.38485151529312134, teacher_margin_gate: 0.7172074913978577, teacher_clean_gate: 1.0, teacher_adv_gate: 1.0, tm_grad_cos: 0.7622053027153015, tm_scale: 1.0, tm_ps_scale: 1.0, pcgrad_conflicts: 0/62
2026-07-04 06:50:47.318 | INFO     | __main__:<module>:917 - lr:0.05822216170124611 weight_nat: 0.2737251305860742, nat_loss: 0.008896385319530964, weight_adv: 0.7262748694139258, adv_loss: 0.01413637027144432 weight-klloss3 0.08174 Loss3: 0.02282462641596794 clean_ce: 0.12385512888431549, adv_ce: 1.0198769569396973, adv_margin: 0.5431039333343506, clean_gate: 0.6316312551498413, teacher_margin: 0.3409651517868042, teacher_margin_gate: 0.7058044672012329, teacher_clean_gate: 1.0, teacher_adv_gate: 1.0, tm_grad_cos: 0.752220630645752, tm_scale: 1.0, tm_ps_scale: 1.0, pcgrad_conflicts: 0/62
2026-07-04 06:51:22.075 | INFO     | __main__:<module>:482 - the 218th epoch 
2026-07-04 06:51:22.507 | INFO     | __main__:<module>:917 - lr:0.05718650595846991 weight_nat: 0.2737251305860742, nat_loss: 0.008105108514428139, weight_adv: 0.7262748694139258, adv_loss: 0.01073923334479332 weight-klloss3 0.08174 Loss3: 0.03138227388262749 clean_ce: 0.12841661274433136, adv_ce: 0.8977597951889038, adv_margin: 0.3907642066478729, clean_gate: 0.6614333391189575, teacher_margin: 0.2625439465045929, teacher_margin_gate: 0.7153232097625732, teacher_clean_gate: 1.0, teacher_adv_gate: 1.0, tm_grad_cos: 0.7023990750312805, tm_scale: 1.0, tm_ps_scale: 1.0, pcgrad_conflicts: 0/62
2026-07-04 06:52:01.385 | INFO     | __main__:<module>:917 - lr:0.05718650595846991 weight_nat: 0.2737251305860742, nat_loss: 0.007425262127071619, weight_adv: 0.7262748694139258, adv_loss: 0.013731064274907112 weight-klloss3 0.08174 Loss3: 0.02231365256011486 clean_ce: 0.12912307679653168, adv_ce: 0.9991669654846191, adv_margin: 0.47847622632980347, clean_gate: 0.6287246942520142, teacher_margin: 0.3165254294872284, teacher_margin_gate: 0.6783294677734375, teacher_clean_gate: 1.0, teacher_adv_gate: 1.0, tm_grad_cos: 0.7283251285552979, tm_scale: 1.0, tm_ps_scale: 1.0, pcgrad_conflicts: 0/62
2026-07-04 06:52:40.214 | INFO     | __main__:<module>:917 - lr:0.05718650595846991 weight_nat: 0.2737251305860742, nat_loss: 0.007544118445366621, weight_adv: 0.7262748694139258, adv_loss: 0.015312865376472473 weight-klloss3 0.08174 Loss3: 0.01843072846531868 clean_ce: 0.12933260202407837, adv_ce: 0.9575546383857727, adv_margin: 0.3952864706516266, clean_gate: 0.6352831125259399, teacher_margin: 0.37452584505081177, teacher_margin_gate: 0.7212444543838501, teacher_clean_gate: 1.0, teacher_adv_gate: 1.0, tm_grad_cos: 0.7894724607467651, tm_scale: 1.0, tm_ps_scale: 1.0, pcgrad_conflicts: 0/62
2026-07-04 06:53:19.485 | INFO     | __main__:<module>:917 - lr:0.05718650595846991 weight_nat: 0.2737251305860742, nat_loss: 0.006845896132290363, weight_adv: 0.7262748694139258, adv_loss: 0.015522804111242294 weight-klloss3 0.08174 Loss3: 0.03681685030460358 clean_ce: 0.14224569499492645, adv_ce: 0.9660193920135498, adv_margin: 0.37134864926338196, clean_gate: 0.6244230270385742, teacher_margin: 0.369995653629303, teacher_margin_gate: 0.7042762637138367, teacher_clean_gate: 1.0, teacher_adv_gate: 1.0, tm_grad_cos: 0.7788469195365906, tm_scale: 1.0, tm_ps_scale: 1.0, pcgrad_conflicts: 0/62
2026-07-04 06:53:54.686 | INFO     | __main__:<module>:482 - the 219th epoch 
2026-07-04 06:53:55.123 | INFO     | __main__:<module>:917 - lr:0.05614772729905422 weight_nat: 0.2737251305860742, nat_loss: 0.008813231252133846, weight_adv: 0.7262748694139258, adv_loss: 0.011648561805486679 weight-klloss3 0.08174 Loss3: 0.015610450878739357 clean_ce: 0.12218903005123138, adv_ce: 1.019596815109253, adv_margin: 0.5196654796600342, clean_gate: 0.6161755919456482, teacher_margin: 0.2198745757341385, teacher_margin_gate: 0.6423424482345581, teacher_clean_gate: 1.0, teacher_adv_gate: 1.0, tm_grad_cos: 0.6745035648345947, tm_scale: 1.0, tm_ps_scale: 1.0, pcgrad_conflicts: 0/62
2026-07-04 06:54:34.413 | INFO     | __main__:<module>:917 - lr:0.05614772729905422 weight_nat: 0.2737251305860742, nat_loss: 0.006922483444213867, weight_adv: 0.7262748694139258, adv_loss: 0.012261761352419853 weight-klloss3 0.08174 Loss3: 0.018351402133703232 clean_ce: 0.1350823938846588, adv_ce: 0.9750320315361023, adv_margin: 0.46152591705322266, clean_gate: 0.645165741443634, teacher_margin: 0.2809771001338959, teacher_margin_gate: 0.6939665079116821, teacher_clean_gate: 1.0, teacher_adv_gate: 1.0, tm_grad_cos: 0.7286056280136108, tm_scale: 1.0, tm_ps_scale: 1.0, pcgrad_conflicts: 0/62
2026-07-04 06:55:13.705 | INFO     | __main__:<module>:917 - lr:0.05614772729905422 weight_nat: 0.2737251305860742, nat_loss: 0.008243975229561329, weight_adv: 0.7262748694139258, adv_loss: 0.01366508100181818 weight-klloss3 0.08174 Loss3: 0.029195822775363922 clean_ce: 0.14047390222549438, adv_ce: 0.9177088737487793, adv_margin: 0.38289278745651245, clean_gate: 0.6530318260192871, teacher_margin: 0.3138883411884308, teacher_margin_gate: 0.7142037153244019, teacher_clean_gate: 1.0, teacher_adv_gate: 1.0, tm_grad_cos: 0.7428947687149048, tm_scale: 1.0, tm_ps_scale: 1.0, pcgrad_conflicts: 0/62
2026-07-04 06:55:52.696 | INFO     | __main__:<module>:917 - lr:0.05614772729905422 weight_nat: 0.2737251305860742, nat_loss: 0.00879883673042059, weight_adv: 0.7262748694139258, adv_loss: 0.015154905617237091 weight-klloss3 0.08174 Loss3: 0.02518506534397602 clean_ce: 0.13257643580436707, adv_ce: 0.9392909407615662, adv_margin: 0.4053061604499817, clean_gate: 0.6513785719871521, teacher_margin: 0.3720587193965912, teacher_margin_gate: 0.73021399974823, teacher_clean_gate: 1.0, teacher_adv_gate: 1.0, tm_grad_cos: 0.7604079246520996, tm_scale: 1.0, tm_ps_scale: 1.0, pcgrad_conflicts: 0/62
2026-07-04 06:56:27.451 | INFO     | __main__:<module>:482 - the 220th epoch 
2026-07-04 06:56:27.883 | INFO     | __main__:<module>:917 - lr:0.05510628315287637 weight_nat: 0.2737251305860742, nat_loss: 0.007414596620947123, weight_adv: 0.7262748694139258, adv_loss: 0.012990438379347324 weight-klloss3 0.08174 Loss3: 0.02974466234445572 clean_ce: 0.13957715034484863, adv_ce: 0.9471997022628784, adv_margin: 0.4016738831996918, clean_gate: 0.6419496536254883, teacher_margin: 0.3369762897491455, teacher_margin_gate: 0.7098454236984253, teacher_clean_gate: 1.0, teacher_adv_gate: 1.0, tm_grad_cos: 0.7299652099609375, tm_scale: 1.0, tm_ps_scale: 1.0, pcgrad_conflicts: 0/62
2026-07-04 06:57:06.623 | INFO     | __main__:<module>:917 - lr:0.05510628315287637 weight_nat: 0.2737251305860742, nat_loss: 0.006909483578056097, weight_adv: 0.7262748694139258, adv_loss: 0.00978817418217659 weight-klloss3 0.08174 Loss3: 0.020177742466330528 clean_ce: 0.14785656332969666, adv_ce: 0.9008602499961853, adv_margin: 0.4171958863735199, clean_gate: 0.6736406683921814, teacher_margin: 0.18369612097740173, teacher_margin_gate: 0.6917685270309448, teacher_clean_gate: 1.0, teacher_adv_gate: 1.0, tm_grad_cos: 0.6671869158744812, tm_scale: 1.0, tm_ps_scale: 1.0, pcgrad_conflicts: 0/62
2026-07-04 06:57:45.357 | INFO     | __main__:<module>:917 - lr:0.05510628315287637 weight_nat: 0.2737251305860742, nat_loss: 0.008423473685979843, weight_adv: 0.7262748694139258, adv_loss: 0.015218216925859451 weight-klloss3 0.08174 Loss3: 0.027735654264688492 clean_ce: 0.1310611069202423, adv_ce: 1.0949673652648926, adv_margin: 0.6218681931495667, clean_gate: 0.6172990798950195, teacher_margin: 0.31778180599212646, teacher_margin_gate: 0.6860861778259277, teacher_clean_gate: 1.0, teacher_adv_gate: 1.0, tm_grad_cos: 0.6872438788414001, tm_scale: 1.0, tm_ps_scale: 1.0, pcgrad_conflicts: 0/62
2026-07-04 06:58:24.171 | INFO     | __main__:<module>:917 - lr:0.05510628315287637 weight_nat: 0.2737251305860742, nat_loss: 0.01016817893832922, weight_adv: 0.7262748694139258, adv_loss: 0.01500001735985279 weight-klloss3 0.08174 Loss3: 0.026440463960170746 clean_ce: 0.12182547897100449, adv_ce: 1.0748107433319092, adv_margin: 0.5204861760139465, clean_gate: 0.5867682099342346, teacher_margin: 0.3404352068901062, teacher_margin_gate: 0.6453651189804077, teacher_clean_gate: 1.0, teacher_adv_gate: 1.0, tm_grad_cos: 0.7373052835464478, tm_scale: 1.0, tm_ps_scale: 1.0, pcgrad_conflicts: 0/62
2026-07-04 06:59:16.940 | INFO     | __main__:<module>:974 - student robust acc 0.5412, teacher robust acc 0.6688, nat teacher robust acc 0.5917
2026-07-04 06:59:22.633 | INFO     | __main__:<module>:1058 - best accuracy:0.7148
2026-07-04 06:59:22.634 | INFO     | __main__:<module>:1061 - student natural acc 0.8884, adv teacher natural acc 0.8789, nat teacher natural acc 0.9318
2026-07-04 06:59:22.635 | INFO     | __main__:<module>:482 - the 221th epoch 
2026-07-04 06:59:23.045 | INFO     | __main__:<module>:917 - lr:0.05406263205542694 weight_nat: 0.2737251305860742, nat_loss: 0.008029282093048096, weight_adv: 0.7262748694139258, adv_loss: 0.011115014553070068 weight-klloss3 0.08174 Loss3: 0.020926639437675476 clean_ce: 0.15080803632736206, adv_ce: 0.8304136991500854, adv_margin: 0.2881164252758026, clean_gate: 0.6907141208648682, teacher_margin: 0.27514973282814026, teacher_margin_gate: 0.732078492641449, teacher_clean_gate: 1.0, teacher_adv_gate: 1.0, tm_grad_cos: 0.7337791919708252, tm_scale: 1.0, tm_ps_scale: 1.0, pcgrad_conflicts: 0/62
2026-07-04 07:00:01.851 | INFO     | __main__:<module>:917 - lr:0.05406263205542694 weight_nat: 0.2737251305860742, nat_loss: 0.008115679025650024, weight_adv: 0.7262748694139258, adv_loss: 0.015054196119308472 weight-klloss3 0.08174 Loss3: 0.026192285120487213 clean_ce: 0.11627905815839767, adv_ce: 1.022655963897705, adv_margin: 0.4921201169490814, clean_gate: 0.6146945953369141, teacher_margin: 0.38658058643341064, teacher_margin_gate: 0.706031322479248, teacher_clean_gate: 1.0, teacher_adv_gate: 1.0, tm_grad_cos: 0.7715175747871399, tm_scale: 1.0, tm_ps_scale: 1.0, pcgrad_conflicts: 0/62
2026-07-04 07:00:40.680 | INFO     | __main__:<module>:917 - lr:0.05406263205542694 weight_nat: 0.2737251305860742, nat_loss: 0.008376573212444782, weight_adv: 0.7262748694139258, adv_loss: 0.01367159653455019 weight-klloss3 0.08174 Loss3: 0.037298209965229034 clean_ce: 0.14658531546592712, adv_ce: 0.9977768063545227, adv_margin: 0.430961549282074, clean_gate: 0.6162031888961792, teacher_margin: 0.3380763828754425, teacher_margin_gate: 0.6582723259925842, teacher_clean_gate: 1.0, teacher_adv_gate: 1.0, tm_grad_cos: 0.7446655035018921, tm_scale: 1.0, tm_ps_scale: 1.0, pcgrad_conflicts: 0/62
2026-07-04 07:01:19.475 | INFO     | __main__:<module>:917 - lr:0.05406263205542694 weight_nat: 0.2737251305860742, nat_loss: 0.009298889897763729, weight_adv: 0.7262748694139258, adv_loss: 0.014873048290610313 weight-klloss3 0.08174 Loss3: 0.02749704197049141 clean_ce: 0.12712518870830536, adv_ce: 0.9742985963821411, adv_margin: 0.4622107148170471, clean_gate: 0.6305895447731018, teacher_margin: 0.34778764843940735, teacher_margin_gate: 0.7154029607772827, teacher_clean_gate: 1.0, teacher_adv_gate: 1.0, tm_grad_cos: 0.7459411025047302, tm_scale: 1.0, tm_ps_scale: 1.0, pcgrad_conflicts: 0/62
2026-07-04 07:01:54.217 | INFO     | __main__:<module>:482 - the 222th epoch 
2026-07-04 07:01:54.649 | INFO     | __main__:<module>:917 - lr:0.05301723344371193 weight_nat: 0.2737251305860742, nat_loss: 0.00829731673002243, weight_adv: 0.7262748694139258, adv_loss: 0.013993669301271439 weight-klloss3 0.08174 Loss3: 0.028850125148892403 clean_ce: 0.12475106120109558, adv_ce: 0.9713398814201355, adv_margin: 0.40989381074905396, clean_gate: 0.6308086514472961, teacher_margin: 0.3408316373825073, teacher_margin_gate: 0.7082151174545288, teacher_clean_gate: 1.0, teacher_adv_gate: 1.0, tm_grad_cos: 0.7414806485176086, tm_scale: 1.0, tm_ps_scale: 1.0, pcgrad_conflicts: 0/62
2026-07-04 07:02:33.443 | INFO     | __main__:<module>:917 - lr:0.05301723344371193 weight_nat: 0.2737251305860742, nat_loss: 0.008417580276727676, weight_adv: 0.7262748694139258, adv_loss: 0.012058206833899021 weight-klloss3 0.08174 Loss3: 0.01704893447458744 clean_ce: 0.15288075804710388, adv_ce: 0.9090573787689209, adv_margin: 0.4146985411643982, clean_gate: 0.6600081324577332, teacher_margin: 0.29174840450286865, teacher_margin_gate: 0.707689642906189, teacher_clean_gate: 1.0, teacher_adv_gate: 1.0, tm_grad_cos: 0.738162100315094, tm_scale: 1.0, tm_ps_scale: 1.0, pcgrad_conflicts: 0/62
2026-07-04 07:03:12.218 | INFO     | __main__:<module>:917 - lr:0.05301723344371193 weight_nat: 0.2737251305860742, nat_loss: 0.007646775338798761, weight_adv: 0.7262748694139258, adv_loss: 0.010782144963741302 weight-klloss3 0.08174 Loss3: 0.016709372401237488 clean_ce: 0.14679649472236633, adv_ce: 0.8340615630149841, adv_margin: 0.34133610129356384, clean_gate: 0.6802157759666443, teacher_margin: 0.23858752846717834, teacher_margin_gate: 0.7071586847305298, teacher_clean_gate: 1.0, teacher_adv_gate: 1.0, tm_grad_cos: 0.6767006516456604, tm_scale: 1.0, tm_ps_scale: 1.0, pcgrad_conflicts: 0/62
2026-07-04 07:03:51.038 | INFO     | __main__:<module>:917 - lr:0.05301723344371193 weight_nat: 0.2737251305860742, nat_loss: 0.00864983070641756, weight_adv: 0.7262748694139258, adv_loss: 0.014979356899857521 weight-klloss3 0.08174 Loss3: 0.0196766946464777 clean_ce: 0.1450217366218567, adv_ce: 0.956814706325531, adv_margin: 0.3991522789001465, clean_gate: 0.6228763461112976, teacher_margin: 0.32789909839630127, teacher_margin_gate: 0.6786795854568481, teacher_clean_gate: 1.0, teacher_adv_gate: 1.0, tm_grad_cos: 0.7694819569587708, tm_scale: 1.0, tm_ps_scale: 1.0, pcgrad_conflicts: 0/62
2026-07-04 07:04:25.802 | INFO     | __main__:<module>:482 - the 223th epoch 
2026-07-04 07:04:26.234 | INFO     | __main__:<module>:917 - lr:0.051970547451777246 weight_nat: 0.2737251305860742, nat_loss: 0.007345971651375294, weight_adv: 0.7262748694139258, adv_loss: 0.01293212454766035 weight-klloss3 0.08174 Loss3: 0.031581904739141464 clean_ce: 0.13888019323349, adv_ce: 1.0066510438919067, adv_margin: 0.49595731496810913, clean_gate: 0.6383321285247803, teacher_margin: 0.292269766330719, teacher_margin_gate: 0.681438684463501, teacher_clean_gate: 1.0, teacher_adv_gate: 1.0, tm_grad_cos: 0.7588418126106262, tm_scale: 1.0, tm_ps_scale: 1.0, pcgrad_conflicts: 0/62
2026-07-04 07:05:05.025 | INFO     | __main__:<module>:917 - lr:0.051970547451777246 weight_nat: 0.2737251305860742, nat_loss: 0.009188815951347351, weight_adv: 0.7262748694139258, adv_loss: 0.013621872290968895 weight-klloss3 0.08174 Loss3: 0.02748584747314453 clean_ce: 0.1248774379491806, adv_ce: 0.9508711099624634, adv_margin: 0.4366157054901123, clean_gate: 0.636171817779541, teacher_margin: 0.306003212928772, teacher_margin_gate: 0.6826903820037842, teacher_clean_gate: 1.0, teacher_adv_gate: 1.0, tm_grad_cos: 0.7327988147735596, tm_scale: 1.0, tm_ps_scale: 1.0, pcgrad_conflicts: 0/62
2026-07-04 07:05:43.819 | INFO     | __main__:<module>:917 - lr:0.051970547451777246 weight_nat: 0.2737251305860742, nat_loss: 0.009680049493908882, weight_adv: 0.7262748694139258, adv_loss: 0.012652901001274586 weight-klloss3 0.08174 Loss3: 0.03027132898569107 clean_ce: 0.13809525966644287, adv_ce: 0.9755592346191406, adv_margin: 0.46529507637023926, clean_gate: 0.6479015350341797, teacher_margin: 0.22520217299461365, teacher_margin_gate: 0.6856672763824463, teacher_clean_gate: 1.0, teacher_adv_gate: 1.0, tm_grad_cos: 0.6828462481498718, tm_scale: 1.0, tm_ps_scale: 1.0, pcgrad_conflicts: 0/62
2026-07-04 07:06:22.603 | INFO     | __main__:<module>:917 - lr:0.051970547451777246 weight_nat: 0.2737251305860742, nat_loss: 0.010419524274766445, weight_adv: 0.7262748694139258, adv_loss: 0.014693159610033035 weight-klloss3 0.08174 Loss3: 0.018673596903681755 clean_ce: 0.12788379192352295, adv_ce: 1.0033317804336548, adv_margin: 0.4582020044326782, clean_gate: 0.6229126453399658, teacher_margin: 0.3383864164352417, teacher_margin_gate: 0.694372832775116, teacher_clean_gate: 1.0, teacher_adv_gate: 1.0, tm_grad_cos: 0.7190881967544556, tm_scale: 1.0, tm_ps_scale: 1.0, pcgrad_conflicts: 0/62
2026-07-04 07:06:57.582 | INFO     | __main__:<module>:482 - the 224th epoch 
2026-07-04 07:06:58.025 | INFO     | __main__:<module>:917 - lr:0.05092303470594787 weight_nat: 0.2737251305860742, nat_loss: 0.004461783450096846, weight_adv: 0.7262748694139258, adv_loss: 0.009826671332120895 weight-klloss3 0.08174 Loss3: 0.021366732195019722 clean_ce: 0.14760932326316833, adv_ce: 0.6729793548583984, adv_margin: 0.22210952639579773, clean_gate: 0.7594537734985352, teacher_margin: 0.22487595677375793, teacher_margin_gate: 0.7741300463676453, teacher_clean_gate: 1.0, teacher_adv_gate: 1.0, tm_grad_cos: 0.7124897837638855, tm_scale: 1.0, tm_ps_scale: 1.0, pcgrad_conflicts: 0/62
2026-07-04 07:07:37.345 | INFO     | __main__:<module>:917 - lr:0.05092303470594787 weight_nat: 0.2737251305860742, nat_loss: 0.008488553576171398, weight_adv: 0.7262748694139258, adv_loss: 0.010669156908988953 weight-klloss3 0.08174 Loss3: 0.02655533142387867 clean_ce: 0.1323522925376892, adv_ce: 0.9624350666999817, adv_margin: 0.4662308990955353, clean_gate: 0.6494446992874146, teacher_margin: 0.24336332082748413, teacher_margin_gate: 0.6843730211257935, teacher_clean_gate: 1.0, teacher_adv_gate: 1.0, tm_grad_cos: 0.7294536232948303, tm_scale: 1.0, tm_ps_scale: 1.0, pcgrad_conflicts: 0/62
2026-07-04 07:08:16.629 | INFO     | __main__:<module>:917 - lr:0.05092303470594787 weight_nat: 0.2737251305860742, nat_loss: 0.007142832037061453, weight_adv: 0.7262748694139258, adv_loss: 0.013804800808429718 weight-klloss3 0.08174 Loss3: 0.02471233531832695 clean_ce: 0.13316093385219574, adv_ce: 0.9976996779441833, adv_margin: 0.47870057821273804, clean_gate: 0.6207517385482788, teacher_margin: 0.3281363248825073, teacher_margin_gate: 0.6931669116020203, teacher_clean_gate: 1.0, teacher_adv_gate: 1.0, tm_grad_cos: 0.7524743676185608, tm_scale: 1.0, tm_ps_scale: 1.0, pcgrad_conflicts: 0/62
2026-07-04 07:08:55.909 | INFO     | __main__:<module>:917 - lr:0.05092303470594787 weight_nat: 0.2737251305860742, nat_loss: 0.005809502676129341, weight_adv: 0.7262748694139258, adv_loss: 0.01287950947880745 weight-klloss3 0.08174 Loss3: 0.026129793375730515 clean_ce: 0.12153967469930649, adv_ce: 0.9508600234985352, adv_margin: 0.4410293698310852, clean_gate: 0.6374427080154419, teacher_margin: 0.33129122853279114, teacher_margin_gate: 0.7120274305343628, teacher_clean_gate: 1.0, teacher_adv_gate: 1.0, tm_grad_cos: 0.7821556329727173, tm_scale: 1.0, tm_ps_scale: 1.0, pcgrad_conflicts: 0/62
2026-07-04 07:09:31.096 | INFO     | __main__:<module>:482 - the 225th epoch 
2026-07-04 07:09:31.533 | INFO     | __main__:<module>:917 - lr:0.049875156119873004 weight_nat: 0.2737251305860742, nat_loss: 0.006278556771576405, weight_adv: 0.7262748694139258, adv_loss: 0.014780111610889435 weight-klloss3 0.08174 Loss3: 0.020120594650506973 clean_ce: 0.13336533308029175, adv_ce: 0.9342330694198608, adv_margin: 0.4289664328098297, clean_gate: 0.6531480550765991, teacher_margin: 0.36814260482788086, teacher_margin_gate: 0.724602997303009, teacher_clean_gate: 1.0, teacher_adv_gate: 1.0, tm_grad_cos: 0.7689739465713501, tm_scale: 1.0, tm_ps_scale: 1.0, pcgrad_conflicts: 0/62
2026-07-04 07:10:10.568 | INFO     | __main__:<module>:917 - lr:0.049875156119873004 weight_nat: 0.2737251305860742, nat_loss: 0.007096373941749334, weight_adv: 0.7262748694139258, adv_loss: 0.011991539038717747 weight-klloss3 0.08174 Loss3: 0.030893348157405853 clean_ce: 0.14397978782653809, adv_ce: 0.7990885972976685, adv_margin: 0.31625813245773315, clean_gate: 0.708907961845398, teacher_margin: 0.2881428897380829, teacher_margin_gate: 0.7620075941085815, teacher_clean_gate: 1.0, teacher_adv_gate: 1.0, tm_grad_cos: 0.7102010250091553, tm_scale: 1.0, tm_ps_scale: 1.0, pcgrad_conflicts: 0/62
2026-07-04 07:10:49.383 | INFO     | __main__:<module>:917 - lr:0.049875156119873004 weight_nat: 0.2737251305860742, nat_loss: 0.00635629752650857, weight_adv: 0.7262748694139258, adv_loss: 0.013323699124157429 weight-klloss3 0.08174 Loss3: 0.024617698043584824 clean_ce: 0.13229084014892578, adv_ce: 0.9620488882064819, adv_margin: 0.44850483536720276, clean_gate: 0.6428759098052979, teacher_margin: 0.32628098130226135, teacher_margin_gate: 0.7043981552124023, teacher_clean_gate: 1.0, teacher_adv_gate: 1.0, tm_grad_cos: 0.729537308216095, tm_scale: 1.0, tm_ps_scale: 1.0, pcgrad_conflicts: 0/62
2026-07-04 07:11:28.191 | INFO     | __main__:<module>:917 - lr:0.049875156119873004 weight_nat: 0.2737251305860742, nat_loss: 0.008078922517597675, weight_adv: 0.7262748694139258, adv_loss: 0.012226780876517296 weight-klloss3 0.08174 Loss3: 0.020837951451539993 clean_ce: 0.1181912049651146, adv_ce: 1.032283902168274, adv_margin: 0.5353165864944458, clean_gate: 0.6258440613746643, teacher_margin: 0.30841097235679626, teacher_margin_gate: 0.692717432975769, teacher_clean_gate: 1.0, teacher_adv_gate: 1.0, tm_grad_cos: 0.7661508917808533, tm_scale: 1.0, tm_ps_scale: 1.0, pcgrad_conflicts: 0/62
2026-07-04 07:12:02.969 | INFO     | __main__:<module>:482 - the 226th epoch 
2026-07-04 07:12:03.402 | INFO     | __main__:<module>:917 - lr:0.048827372689469545 weight_nat: 0.2737251305860742, nat_loss: 0.00838057603687048, weight_adv: 0.7262748694139258, adv_loss: 0.012162636034190655 weight-klloss3 0.08174 Loss3: 0.015498031862080097 clean_ce: 0.1299838423728943, adv_ce: 0.9466812014579773, adv_margin: 0.4514668583869934, clean_gate: 0.652462899684906, teacher_margin: 0.26797357201576233, teacher_margin_gate: 0.6945362687110901, teacher_clean_gate: 1.0, teacher_adv_gate: 1.0, tm_grad_cos: 0.7165466547012329, tm_scale: 1.0, tm_ps_scale: 1.0, pcgrad_conflicts: 0/62
2026-07-04 07:12:42.228 | INFO     | __main__:<module>:917 - lr:0.048827372689469545 weight_nat: 0.2737251305860742, nat_loss: 0.008684295229613781, weight_adv: 0.7262748694139258, adv_loss: 0.014441244304180145 weight-klloss3 0.08174 Loss3: 0.024291375651955605 clean_ce: 0.14932873845100403, adv_ce: 1.022291660308838, adv_margin: 0.5327427983283997, clean_gate: 0.6160809993743896, teacher_margin: 0.33101391792297363, teacher_margin_gate: 0.682159423828125, teacher_clean_gate: 1.0, teacher_adv_gate: 1.0, tm_grad_cos: 0.7306082844734192, tm_scale: 1.0, tm_ps_scale: 1.0, pcgrad_conflicts: 0/62
2026-07-04 07:13:21.038 | INFO     | __main__:<module>:917 - lr:0.048827372689469545 weight_nat: 0.2737251305860742, nat_loss: 0.0080167381092906, weight_adv: 0.7262748694139258, adv_loss: 0.014229684136807919 weight-klloss3 0.08174 Loss3: 0.03819367289543152 clean_ce: 0.11968327313661575, adv_ce: 1.1032408475875854, adv_margin: 0.5920926332473755, clean_gate: 0.5867691040039062, teacher_margin: 0.3160991072654724, teacher_margin_gate: 0.6530721187591553, teacher_clean_gate: 1.0, teacher_adv_gate: 1.0, tm_grad_cos: 0.7280259728431702, tm_scale: 1.0, tm_ps_scale: 1.0, pcgrad_conflicts: 0/62
2026-07-04 07:13:59.805 | INFO     | __main__:<module>:917 - lr:0.048827372689469545 weight_nat: 0.2737251305860742, nat_loss: 0.011625553481280804, weight_adv: 0.7262748694139258, adv_loss: 0.020929832011461258 weight-klloss3 0.08174 Loss3: 0.03475627303123474 clean_ce: 0.1314634084701538, adv_ce: 1.074186086654663, adv_margin: 0.47483885288238525, clean_gate: 0.5906838178634644, teacher_margin: 0.48614996671676636, teacher_margin_gate: 0.6968157291412354, teacher_clean_gate: 1.0, teacher_adv_gate: 1.0, tm_grad_cos: 0.7822278141975403, tm_scale: 1.0, tm_ps_scale: 1.0, pcgrad_conflicts: 0/62
2026-07-04 07:14:34.537 | INFO     | __main__:<module>:482 - the 227th epoch 
2026-07-04 07:14:34.969 | INFO     | __main__:<module>:917 - lr:0.04778014528785533 weight_nat: 0.2737251305860742, nat_loss: 0.013312290422618389, weight_adv: 0.7262748694139258, adv_loss: 0.011187754571437836 weight-klloss3 0.08174 Loss3: 0.018342480063438416 clean_ce: 0.1473028063774109, adv_ce: 0.9399747848510742, adv_margin: 0.41191810369491577, clean_gate: 0.6689899563789368, teacher_margin: 0.2381005585193634, teacher_margin_gate: 0.6983174085617065, teacher_clean_gate: 1.0, teacher_adv_gate: 1.0, tm_grad_cos: 0.7203829288482666, tm_scale: 1.0, tm_ps_scale: 1.0, pcgrad_conflicts: 0/62
2026-07-04 07:15:13.775 | INFO     | __main__:<module>:917 - lr:0.04778014528785533 weight_nat: 0.2737251305860742, nat_loss: 0.006115960422903299, weight_adv: 0.7262748694139258, adv_loss: 0.009644003584980965 weight-klloss3 0.08174 Loss3: 0.02273521199822426 clean_ce: 0.14704982936382294, adv_ce: 0.7102482318878174, adv_margin: 0.2494092732667923, clean_gate: 0.7325680255889893, teacher_margin: 0.2314620018005371, teacher_margin_gate: 0.7696564197540283, teacher_clean_gate: 1.0, teacher_adv_gate: 1.0, tm_grad_cos: 0.7189624905586243, tm_scale: 1.0, tm_ps_scale: 1.0, pcgrad_conflicts: 0/62
2026-07-04 07:15:52.647 | INFO     | __main__:<module>:917 - lr:0.04778014528785533 weight_nat: 0.2737251305860742, nat_loss: 0.006904603447765112, weight_adv: 0.7262748694139258, adv_loss: 0.012230688706040382 weight-klloss3 0.08174 Loss3: 0.02215830236673355 clean_ce: 0.13872477412223816, adv_ce: 0.9271860122680664, adv_margin: 0.40525856614112854, clean_gate: 0.6515282988548279, teacher_margin: 0.27791357040405273, teacher_margin_gate: 0.6860337257385254, teacher_clean_gate: 1.0, teacher_adv_gate: 1.0, tm_grad_cos: 0.747624933719635, tm_scale: 1.0, tm_ps_scale: 1.0, pcgrad_conflicts: 0/62
2026-07-04 07:16:31.446 | INFO     | __main__:<module>:917 - lr:0.04778014528785533 weight_nat: 0.2737251305860742, nat_loss: 0.005749539937824011, weight_adv: 0.7262748694139258, adv_loss: 0.013107553124427795 weight-klloss3 0.08174 Loss3: 0.027734050527215004 clean_ce: 0.1613560914993286, adv_ce: 0.7932915687561035, adv_margin: 0.29089343547821045, clean_gate: 0.6949775218963623, teacher_margin: 0.30965739488601685, teacher_margin_gate: 0.7568892240524292, teacher_clean_gate: 1.0, teacher_adv_gate: 1.0, tm_grad_cos: 0.7055301666259766, tm_scale: 1.0, tm_ps_scale: 1.0, pcgrad_conflicts: 0/62
2026-07-04 07:17:06.265 | INFO     | __main__:<module>:482 - the 228th epoch 
2026-07-04 07:17:06.696 | INFO     | __main__:<module>:917 - lr:0.04673393446036483 weight_nat: 0.2737251305860742, nat_loss: 0.013871053233742714, weight_adv: 0.7262748694139258, adv_loss: 0.018609847873449326 weight-klloss3 0.08174 Loss3: 0.021800126880407333 clean_ce: 0.11976591497659683, adv_ce: 1.0246894359588623, adv_margin: 0.4878934919834137, clean_gate: 0.6114842891693115, teacher_margin: 0.42559921741485596, teacher_margin_gate: 0.7194234132766724, teacher_clean_gate: 1.0, teacher_adv_gate: 1.0, tm_grad_cos: 0.7768247723579407, tm_scale: 1.0, tm_ps_scale: 1.0, pcgrad_conflicts: 0/62
2026-07-04 07:17:45.492 | INFO     | __main__:<module>:917 - lr:0.04673393446036483 weight_nat: 0.2737251305860742, nat_loss: 0.008721930906176567, weight_adv: 0.7262748694139258, adv_loss: 0.01104169711470604 weight-klloss3 0.08174 Loss3: 0.022660084068775177 clean_ce: 0.13875961303710938, adv_ce: 0.8355227112770081, adv_margin: 0.3313885033130646, clean_gate: 0.708929181098938, teacher_margin: 0.25298255681991577, teacher_margin_gate: 0.7387802600860596, teacher_clean_gate: 1.0, teacher_adv_gate: 1.0, tm_grad_cos: 0.7194475531578064, tm_scale: 1.0, tm_ps_scale: 1.0, pcgrad_conflicts: 0/62
2026-07-04 07:18:24.288 | INFO     | __main__:<module>:917 - lr:0.04673393446036483 weight_nat: 0.2737251305860742, nat_loss: 0.008105778135359287, weight_adv: 0.7262748694139258, adv_loss: 0.012455789372324944 weight-klloss3 0.08174 Loss3: 0.018315976485610008 clean_ce: 0.13406410813331604, adv_ce: 0.9173918962478638, adv_margin: 0.4268582761287689, clean_gate: 0.6568909883499146, teacher_margin: 0.25221455097198486, teacher_margin_gate: 0.6810707449913025, teacher_clean_gate: 1.0, teacher_adv_gate: 1.0, tm_grad_cos: 0.7120804190635681, tm_scale: 1.0, tm_ps_scale: 1.0, pcgrad_conflicts: 0/62
2026-07-04 07:19:03.086 | INFO     | __main__:<module>:917 - lr:0.04673393446036483 weight_nat: 0.2737251305860742, nat_loss: 0.007583834230899811, weight_adv: 0.7262748694139258, adv_loss: 0.014224451035261154 weight-klloss3 0.08174 Loss3: 0.026614800095558167 clean_ce: 0.14130401611328125, adv_ce: 0.8768712878227234, adv_margin: 0.3887680172920227, clean_gate: 0.6636500954627991, teacher_margin: 0.34435826539993286, teacher_margin_gate: 0.7345467805862427, teacher_clean_gate: 1.0, teacher_adv_gate: 1.0, tm_grad_cos: 0.7521597743034363, tm_scale: 1.0, tm_ps_scale: 1.0, pcgrad_conflicts: 0/62
2026-07-04 07:19:37.835 | INFO     | __main__:<module>:482 - the 229th epoch 
2026-07-04 07:19:38.267 | INFO     | __main__:<module>:917 - lr:0.045689200219738255 weight_nat: 0.2737251305860742, nat_loss: 0.007911947555840015, weight_adv: 0.7262748694139258, adv_loss: 0.014311959967017174 weight-klloss3 0.08174 Loss3: 0.025688186287879944 clean_ce: 0.12863805890083313, adv_ce: 1.0569003820419312, adv_margin: 0.5810169577598572, clean_gate: 0.6090905666351318, teacher_margin: 0.30056363344192505, teacher_margin_gate: 0.6619458794593811, teacher_clean_gate: 1.0, teacher_adv_gate: 1.0, tm_grad_cos: 0.6922916173934937, tm_scale: 1.0, tm_ps_scale: 1.0, pcgrad_conflicts: 0/62
2026-07-04 07:20:17.015 | INFO     | __main__:<module>:917 - lr:0.045689200219738255 weight_nat: 0.2737251305860742, nat_loss: 0.007097674999386072, weight_adv: 0.7262748694139258, adv_loss: 0.010007069446146488 weight-klloss3 0.08174 Loss3: 0.027191312983632088 clean_ce: 0.1326066106557846, adv_ce: 0.9310359954833984, adv_margin: 0.4126763343811035, clean_gate: 0.6503918766975403, teacher_margin: 0.21914339065551758, teacher_margin_gate: 0.6737222671508789, teacher_clean_gate: 1.0, teacher_adv_gate: 1.0, tm_grad_cos: 0.7067698836326599, tm_scale: 1.0, tm_ps_scale: 1.0, pcgrad_conflicts: 0/62
2026-07-04 07:20:55.787 | INFO     | __main__:<module>:917 - lr:0.045689200219738255 weight_nat: 0.2737251305860742, nat_loss: 0.007252947427332401, weight_adv: 0.7262748694139258, adv_loss: 0.012093239463865757 weight-klloss3 0.08174 Loss3: 0.0375741682946682 clean_ce: 0.13588649034500122, adv_ce: 0.8843581080436707, adv_margin: 0.38236069679260254, clean_gate: 0.6681344509124756, teacher_margin: 0.31312239170074463, teacher_margin_gate: 0.737992525100708, teacher_clean_gate: 1.0, teacher_adv_gate: 1.0, tm_grad_cos: 0.7244976162910461, tm_scale: 1.0, tm_ps_scale: 1.0, pcgrad_conflicts: 0/62
2026-07-04 07:21:34.903 | INFO     | __main__:<module>:917 - lr:0.045689200219738255 weight_nat: 0.2737251305860742, nat_loss: 0.0073290481232106686, weight_adv: 0.7262748694139258, adv_loss: 0.011607270687818527 weight-klloss3 0.08174 Loss3: 0.03280027210712433 clean_ce: 0.13570567965507507, adv_ce: 0.863578200340271, adv_margin: 0.40185779333114624, clean_gate: 0.6878604888916016, teacher_margin: 0.2845519781112671, teacher_margin_gate: 0.7377269268035889, teacher_clean_gate: 1.0, teacher_adv_gate: 1.0, tm_grad_cos: 0.7549653053283691, tm_scale: 1.0, tm_ps_scale: 1.0, pcgrad_conflicts: 0/62
2026-07-04 07:22:10.117 | INFO     | __main__:<module>:482 - the 230th epoch 
2026-07-04 07:22:10.554 | INFO     | __main__:<module>:917 - lr:0.044646401841576866 weight_nat: 0.2737251305860742, nat_loss: 0.00736198527738452, weight_adv: 0.7262748694139258, adv_loss: 0.009986194781959057 weight-klloss3 0.08174 Loss3: 0.018998946994543076 clean_ce: 0.12271299213171005, adv_ce: 0.9362877011299133, adv_margin: 0.4852735698223114, clean_gate: 0.6495900750160217, teacher_margin: 0.2028626948595047, teacher_margin_gate: 0.653783917427063, teacher_clean_gate: 1.0, teacher_adv_gate: 1.0, tm_grad_cos: 0.6270284056663513, tm_scale: 1.0, tm_ps_scale: 1.0, pcgrad_conflicts: 0/62
2026-07-04 07:22:49.832 | INFO     | __main__:<module>:917 - lr:0.044646401841576866 weight_nat: 0.2737251305860742, nat_loss: 0.0075735836289823055, weight_adv: 0.7262748694139258, adv_loss: 0.010783796198666096 weight-klloss3 0.08174 Loss3: 0.01859676092863083 clean_ce: 0.13651901483535767, adv_ce: 0.9042955040931702, adv_margin: 0.4279152452945709, clean_gate: 0.6605008840560913, teacher_margin: 0.2588358521461487, teacher_margin_gate: 0.7093605995178223, teacher_clean_gate: 1.0, teacher_adv_gate: 1.0, tm_grad_cos: 0.7351570725440979, tm_scale: 1.0, tm_ps_scale: 1.0, pcgrad_conflicts: 0/62
2026-07-04 07:23:29.143 | INFO     | __main__:<module>:917 - lr:0.044646401841576866 weight_nat: 0.2737251305860742, nat_loss: 0.011533002369105816, weight_adv: 0.7262748694139258, adv_loss: 0.009821556508541107 weight-klloss3 0.08174 Loss3: 0.025556813925504684 clean_ce: 0.12676618993282318, adv_ce: 0.9350643754005432, adv_margin: 0.45364245772361755, clean_gate: 0.6592466831207275, teacher_margin: 0.1934354603290558, teacher_margin_gate: 0.6651409864425659, teacher_clean_gate: 1.0, teacher_adv_gate: 1.0, tm_grad_cos: 0.6575799584388733, tm_scale: 1.0, tm_ps_scale: 1.0, pcgrad_conflicts: 0/62
2026-07-04 07:24:08.473 | INFO     | __main__:<module>:917 - lr:0.044646401841576866 weight_nat: 0.2737251305860742, nat_loss: 0.009317721240222454, weight_adv: 0.7262748694139258, adv_loss: 0.014220798388123512 weight-klloss3 0.08174 Loss3: 0.02927476353943348 clean_ce: 0.1288623809814453, adv_ce: 0.8335239887237549, adv_margin: 0.32647043466567993, clean_gate: 0.6844809651374817, teacher_margin: 0.31559476256370544, teacher_margin_gate: 0.7363461256027222, teacher_clean_gate: 1.0, teacher_adv_gate: 1.0, tm_grad_cos: 0.7520623803138733, tm_scale: 1.0, tm_ps_scale: 1.0, pcgrad_conflicts: 0/62
2026-07-04 07:25:01.200 | INFO     | __main__:<module>:974 - student robust acc 0.5416, teacher robust acc 0.6705, nat teacher robust acc 0.5976
2026-07-04 07:25:06.886 | INFO     | __main__:<module>:1058 - best accuracy:0.7152000000000001
2026-07-04 07:25:06.886 | INFO     | __main__:<module>:1061 - student natural acc 0.8888, adv teacher natural acc 0.8786, nat teacher natural acc 0.9318
2026-07-04 07:25:06.888 | INFO     | __main__:<module>:482 - the 231th epoch 
2026-07-04 07:25:07.300 | INFO     | __main__:<module>:917 - lr:0.04360599766015518 weight_nat: 0.2737251305860742, nat_loss: 0.009561526589095592, weight_adv: 0.7262748694139258, adv_loss: 0.009326418861746788 weight-klloss3 0.08174 Loss3: 0.042004525661468506 clean_ce: 0.14655879139900208, adv_ce: 0.9112783670425415, adv_margin: 0.382217675447464, clean_gate: 0.6656993627548218, teacher_margin: 0.2395288348197937, teacher_margin_gate: 0.7031118869781494, teacher_clean_gate: 1.0, teacher_adv_gate: 1.0, tm_grad_cos: 0.7153470516204834, tm_scale: 1.0, tm_ps_scale: 1.0, pcgrad_conflicts: 0/62
2026-07-04 07:25:46.145 | INFO     | __main__:<module>:917 - lr:0.04360599766015518 weight_nat: 0.2737251305860742, nat_loss: 0.008291296660900116, weight_adv: 0.7262748694139258, adv_loss: 0.01057400181889534 weight-klloss3 0.08174 Loss3: 0.023328881710767746 clean_ce: 0.13432598114013672, adv_ce: 0.8207656145095825, adv_margin: 0.35789141058921814, clean_gate: 0.6978018879890442, teacher_margin: 0.2464243471622467, teacher_margin_gate: 0.724555492401123, teacher_clean_gate: 1.0, teacher_adv_gate: 1.0, tm_grad_cos: 0.7091889977455139, tm_scale: 1.0, tm_ps_scale: 1.0, pcgrad_conflicts: 0/62
2026-07-04 07:26:25.006 | INFO     | __main__:<module>:917 - lr:0.04360599766015518 weight_nat: 0.2737251305860742, nat_loss: 0.007192600518465042, weight_adv: 0.7262748694139258, adv_loss: 0.014631773345172405 weight-klloss3 0.08174 Loss3: 0.029671810567378998 clean_ce: 0.13085129857063293, adv_ce: 0.9542570114135742, adv_margin: 0.4231741428375244, clean_gate: 0.6417371034622192, teacher_margin: 0.366929292678833, teacher_margin_gate: 0.7240428328514099, teacher_clean_gate: 1.0, teacher_adv_gate: 1.0, tm_grad_cos: 0.7576980590820312, tm_scale: 1.0, tm_ps_scale: 1.0, pcgrad_conflicts: 0/62
2026-07-04 07:27:03.830 | INFO     | __main__:<module>:917 - lr:0.04360599766015518 weight_nat: 0.2737251305860742, nat_loss: 0.00722393998876214, weight_adv: 0.7262748694139258, adv_loss: 0.012464507482945919 weight-klloss3 0.08174 Loss3: 0.03259219601750374 clean_ce: 0.1283838003873825, adv_ce: 0.9344763159751892, adv_margin: 0.3979927897453308, clean_gate: 0.6571750640869141, teacher_margin: 0.3308477997779846, teacher_margin_gate: 0.72562575340271, teacher_clean_gate: 1.0, teacher_adv_gate: 1.0, tm_grad_cos: 0.756492555141449, tm_scale: 1.0, tm_ps_scale: 1.0, pcgrad_conflicts: 0/62
2026-07-04 07:27:38.648 | INFO     | __main__:<module>:482 - the 232th epoch 
2026-07-04 07:27:39.081 | INFO     | __main__:<module>:917 - lr:0.04256844486468253 weight_nat: 0.2737251305860742, nat_loss: 0.005728236399590969, weight_adv: 0.7262748694139258, adv_loss: 0.007855303585529327 weight-klloss3 0.08174 Loss3: 0.02979021891951561 clean_ce: 0.1445588618516922, adv_ce: 0.7987676858901978, adv_margin: 0.3279005289077759, clean_gate: 0.6990777254104614, teacher_margin: 0.17571042478084564, teacher_margin_gate: 0.7082915902137756, teacher_clean_gate: 1.0, teacher_adv_gate: 1.0, tm_grad_cos: 0.6945390701293945, tm_scale: 1.0, tm_ps_scale: 1.0, pcgrad_conflicts: 0/62
2026-07-04 07:28:17.894 | INFO     | __main__:<module>:917 - lr:0.04256844486468253 weight_nat: 0.2737251305860742, nat_loss: 0.007051817607134581, weight_adv: 0.7262748694139258, adv_loss: 0.011716376058757305 weight-klloss3 0.08174 Loss3: 0.01845633052289486 clean_ce: 0.13770397007465363, adv_ce: 0.8866893649101257, adv_margin: 0.37792786955833435, clean_gate: 0.672061026096344, teacher_margin: 0.2785784602165222, teacher_margin_gate: 0.7199792265892029, teacher_clean_gate: 1.0, teacher_adv_gate: 1.0, tm_grad_cos: 0.7291138172149658, tm_scale: 1.0, tm_ps_scale: 1.0, pcgrad_conflicts: 0/62
2026-07-04 07:28:56.669 | INFO     | __main__:<module>:917 - lr:0.04256844486468253 weight_nat: 0.2737251305860742, nat_loss: 0.007234976626932621, weight_adv: 0.7262748694139258, adv_loss: 0.014218445867300034 weight-klloss3 0.08174 Loss3: 0.029532404616475105 clean_ce: 0.12584534287452698, adv_ce: 1.098703384399414, adv_margin: 0.6032005548477173, clean_gate: 0.6181306838989258, teacher_margin: 0.31502148509025574, teacher_margin_gate: 0.6871047019958496, teacher_clean_gate: 1.0, teacher_adv_gate: 1.0, tm_grad_cos: 0.7339462041854858, tm_scale: 1.0, tm_ps_scale: 1.0, pcgrad_conflicts: 0/62
2026-07-04 07:29:35.447 | INFO     | __main__:<module>:917 - lr:0.04256844486468253 weight_nat: 0.2737251305860742, nat_loss: 0.008456232026219368, weight_adv: 0.7262748694139258, adv_loss: 0.01305568590760231 weight-klloss3 0.08174 Loss3: 0.03157072886824608 clean_ce: 0.12718772888183594, adv_ce: 0.8546656370162964, adv_margin: 0.3664156496524811, clean_gate: 0.6616823673248291, teacher_margin: 0.33646997809410095, teacher_margin_gate: 0.7299044132232666, teacher_clean_gate: 1.0, teacher_adv_gate: 1.0, tm_grad_cos: 0.720329225063324, tm_scale: 1.0, tm_ps_scale: 1.0, pcgrad_conflicts: 0/62
2026-07-04 07:30:10.162 | INFO     | __main__:<module>:482 - the 233th epoch 
2026-07-04 07:30:10.595 | INFO     | __main__:<module>:917 - lr:0.04153419929610434 weight_nat: 0.2737251305860742, nat_loss: 0.008239504881203175, weight_adv: 0.7262748694139258, adv_loss: 0.009917095303535461 weight-klloss3 0.08174 Loss3: 0.02262009121477604 clean_ce: 0.1383250653743744, adv_ce: 0.7261269688606262, adv_margin: 0.2519804835319519, clean_gate: 0.7418906688690186, teacher_margin: 0.2096092402935028, teacher_margin_gate: 0.762982964515686, teacher_clean_gate: 1.0, teacher_adv_gate: 1.0, tm_grad_cos: 0.6991829872131348, tm_scale: 1.0, tm_ps_scale: 1.0, pcgrad_conflicts: 0/62
2026-07-04 07:30:49.361 | INFO     | __main__:<module>:917 - lr:0.04153419929610434 weight_nat: 0.2737251305860742, nat_loss: 0.00649943808093667, weight_adv: 0.7262748694139258, adv_loss: 0.010237735696136951 weight-klloss3 0.08174 Loss3: 0.026833675801753998 clean_ce: 0.14534905552864075, adv_ce: 0.8295937180519104, adv_margin: 0.3746607005596161, clean_gate: 0.6825136542320251, teacher_margin: 0.2384842485189438, teacher_margin_gate: 0.7098671197891235, teacher_clean_gate: 1.0, teacher_adv_gate: 1.0, tm_grad_cos: 0.7021600604057312, tm_scale: 1.0, tm_ps_scale: 1.0, pcgrad_conflicts: 0/62
2026-07-04 07:31:28.126 | INFO     | __main__:<module>:917 - lr:0.04153419929610434 weight_nat: 0.2737251305860742, nat_loss: 0.007508461829274893, weight_adv: 0.7262748694139258, adv_loss: 0.0099489139392972 weight-klloss3 0.08174 Loss3: 0.025584958493709564 clean_ce: 0.14214009046554565, adv_ce: 0.8726017475128174, adv_margin: 0.37684231996536255, clean_gate: 0.6798216104507446, teacher_margin: 0.23245099186897278, teacher_margin_gate: 0.7100680470466614, teacher_clean_gate: 1.0, teacher_adv_gate: 1.0, tm_grad_cos: 0.7149344086647034, tm_scale: 1.0, tm_ps_scale: 1.0, pcgrad_conflicts: 0/62
2026-07-04 07:32:06.887 | INFO     | __main__:<module>:917 - lr:0.04153419929610434 weight_nat: 0.2737251305860742, nat_loss: 0.007064929697662592, weight_adv: 0.7262748694139258, adv_loss: 0.010440625250339508 weight-klloss3 0.08174 Loss3: 0.0250706747174263 clean_ce: 0.1376057267189026, adv_ce: 0.9026821255683899, adv_margin: 0.4123659133911133, clean_gate: 0.6728358864784241, teacher_margin: 0.23073776066303253, teacher_margin_gate: 0.7074661254882812, teacher_clean_gate: 1.0, teacher_adv_gate: 1.0, tm_grad_cos: 0.6718953251838684, tm_scale: 1.0, tm_ps_scale: 1.0, pcgrad_conflicts: 0/62
2026-07-04 07:32:41.648 | INFO     | __main__:<module>:482 - the 234th epoch 
2026-07-04 07:32:42.081 | INFO     | __main__:<module>:917 - lr:0.040503715244535096 weight_nat: 0.2737251305860742, nat_loss: 0.006167241837829351, weight_adv: 0.7262748694139258, adv_loss: 0.008166673593223095 weight-klloss3 0.08174 Loss3: 0.008940239436924458 clean_ce: 0.1511271595954895, adv_ce: 0.76093590259552, adv_margin: 0.29369738698005676, clean_gate: 0.7160477638244629, teacher_margin: 0.1773170828819275, teacher_margin_gate: 0.7065417766571045, teacher_clean_gate: 1.0, teacher_adv_gate: 1.0, tm_grad_cos: 0.6761752963066101, tm_scale: 1.0, tm_ps_scale: 1.0, pcgrad_conflicts: 0/62
2026-07-04 07:33:20.880 | INFO     | __main__:<module>:917 - lr:0.040503715244535096 weight_nat: 0.2737251305860742, nat_loss: 0.005790635012090206, weight_adv: 0.7262748694139258, adv_loss: 0.009157739579677582 weight-klloss3 0.08174 Loss3: 0.021887123584747314 clean_ce: 0.15407875180244446, adv_ce: 0.8722734451293945, adv_margin: 0.39924272894859314, clean_gate: 0.6815112829208374, teacher_margin: 0.23538121581077576, teacher_margin_gate: 0.6957051157951355, teacher_clean_gate: 1.0, teacher_adv_gate: 1.0, tm_grad_cos: 0.7020642161369324, tm_scale: 1.0, tm_ps_scale: 1.0, pcgrad_conflicts: 0/62
2026-07-04 07:33:59.712 | INFO     | __main__:<module>:917 - lr:0.040503715244535096 weight_nat: 0.2737251305860742, nat_loss: 0.006135169416666031, weight_adv: 0.7262748694139258, adv_loss: 0.00794038362801075 weight-klloss3 0.08174 Loss3: 0.02997506968677044 clean_ce: 0.14430414140224457, adv_ce: 0.8481749296188354, adv_margin: 0.3839196264743805, clean_gate: 0.6797782182693481, teacher_margin: 0.18081405758857727, teacher_margin_gate: 0.6801352500915527, teacher_clean_gate: 1.0, teacher_adv_gate: 1.0, tm_grad_cos: 0.677514910697937, tm_scale: 1.0, tm_ps_scale: 1.0, pcgrad_conflicts: 0/62
2026-07-04 07:34:38.577 | INFO     | __main__:<module>:917 - lr:0.040503715244535096 weight_nat: 0.2737251305860742, nat_loss: 0.006733298301696777, weight_adv: 0.7262748694139258, adv_loss: 0.009636064991354942 weight-klloss3 0.08174 Loss3: 0.014951660297811031 clean_ce: 0.12070547044277191, adv_ce: 0.7750993967056274, adv_margin: 0.3359238803386688, clean_gate: 0.720430850982666, teacher_margin: 0.23721849918365479, teacher_margin_gate: 0.7575692534446716, teacher_clean_gate: 1.0, teacher_adv_gate: 1.0, tm_grad_cos: 0.6830268502235413, tm_scale: 1.0, tm_ps_scale: 1.0, pcgrad_conflicts: 0/62
2026-07-04 07:35:13.389 | INFO     | __main__:<module>:482 - the 235th epoch 
2026-07-04 07:35:13.823 | INFO     | __main__:<module>:917 - lr:0.03947744524741262 weight_nat: 0.2737251305860742, nat_loss: 0.007138182409107685, weight_adv: 0.7262748694139258, adv_loss: 0.009987691417336464 weight-klloss3 0.08174 Loss3: 0.02666117064654827 clean_ce: 0.13248427212238312, adv_ce: 0.7939057350158691, adv_margin: 0.3355122208595276, clean_gate: 0.6858112215995789, teacher_margin: 0.22819580137729645, teacher_margin_gate: 0.7050572633743286, teacher_clean_gate: 1.0, teacher_adv_gate: 1.0, tm_grad_cos: 0.6752272248268127, tm_scale: 1.0, tm_ps_scale: 1.0, pcgrad_conflicts: 0/62
2026-07-04 07:35:52.907 | INFO     | __main__:<module>:917 - lr:0.03947744524741262 weight_nat: 0.2737251305860742, nat_loss: 0.0063758715987205505, weight_adv: 0.7262748694139258, adv_loss: 0.009780650027096272 weight-klloss3 0.08174 Loss3: 0.031795430928468704 clean_ce: 0.13256558775901794, adv_ce: 0.9447107315063477, adv_margin: 0.4782874584197998, clean_gate: 0.653389036655426, teacher_margin: 0.23072634637355804, teacher_margin_gate: 0.6876091957092285, teacher_clean_gate: 1.0, teacher_adv_gate: 1.0, tm_grad_cos: 0.6504350900650024, tm_scale: 1.0, tm_ps_scale: 1.0, pcgrad_conflicts: 0/62
2026-07-04 07:36:32.269 | INFO     | __main__:<module>:917 - lr:0.03947744524741262 weight_nat: 0.2737251305860742, nat_loss: 0.005973252933472395, weight_adv: 0.7262748694139258, adv_loss: 0.01659170351922512 weight-klloss3 0.08174 Loss3: 0.02565702423453331 clean_ce: 0.12984800338745117, adv_ce: 0.9118534326553345, adv_margin: 0.473391056060791, clean_gate: 0.6605687141418457, teacher_margin: 0.31258779764175415, teacher_margin_gate: 0.7301361560821533, teacher_clean_gate: 1.0, teacher_adv_gate: 1.0, tm_grad_cos: 0.7411730885505676, tm_scale: 1.0, tm_ps_scale: 1.0, pcgrad_conflicts: 0/62
2026-07-04 07:37:11.592 | INFO     | __main__:<module>:917 - lr:0.03947744524741262 weight_nat: 0.2737251305860742, nat_loss: 0.008422437123954296, weight_adv: 0.7262748694139258, adv_loss: 0.012033200822770596 weight-klloss3 0.08174 Loss3: 0.01992606185376644 clean_ce: 0.13684192299842834, adv_ce: 0.8923412561416626, adv_margin: 0.4873053729534149, clean_gate: 0.6819534301757812, teacher_margin: 0.2110835462808609, teacher_margin_gate: 0.7017658948898315, teacher_clean_gate: 1.0, teacher_adv_gate: 1.0, tm_grad_cos: 0.7163971066474915, tm_scale: 1.0, tm_ps_scale: 1.0, pcgrad_conflicts: 0/62
2026-07-04 07:37:46.837 | INFO     | __main__:<module>:482 - the 236th epoch 
2026-07-04 07:37:47.275 | INFO     | __main__:<module>:917 - lr:0.03845583988846525 weight_nat: 0.2737251305860742, nat_loss: 0.006119314581155777, weight_adv: 0.7262748694139258, adv_loss: 0.009149852208793163 weight-klloss3 0.08174 Loss3: 0.022538818418979645 clean_ce: 0.13494950532913208, adv_ce: 0.8511289954185486, adv_margin: 0.3990548849105835, clean_gate: 0.6836838722229004, teacher_margin: 0.19965296983718872, teacher_margin_gate: 0.6944764852523804, teacher_clean_gate: 1.0, teacher_adv_gate: 1.0, tm_grad_cos: 0.6808874607086182, tm_scale: 1.0, tm_ps_scale: 1.0, pcgrad_conflicts: 0/62
2026-07-04 07:38:26.583 | INFO     | __main__:<module>:917 - lr:0.03845583988846525 weight_nat: 0.2737251305860742, nat_loss: 0.007191810291260481, weight_adv: 0.7262748694139258, adv_loss: 0.008839095011353493 weight-klloss3 0.08174 Loss3: 0.020429620519280434 clean_ce: 0.13787099719047546, adv_ce: 0.7769818902015686, adv_margin: 0.3214292526245117, clean_gate: 0.7142406105995178, teacher_margin: 0.16573287546634674, teacher_margin_gate: 0.7193248271942139, teacher_clean_gate: 1.0, teacher_adv_gate: 1.0, tm_grad_cos: 0.664945125579834, tm_scale: 1.0, tm_ps_scale: 1.0, pcgrad_conflicts: 0/62
2026-07-04 07:39:05.407 | INFO     | __main__:<module>:917 - lr:0.03845583988846525 weight_nat: 0.2737251305860742, nat_loss: 0.006845421623438597, weight_adv: 0.7262748694139258, adv_loss: 0.00942385382950306 weight-klloss3 0.08174 Loss3: 0.022617047652602196 clean_ce: 0.131097212433815, adv_ce: 0.8381504416465759, adv_margin: 0.39030763506889343, clean_gate: 0.6774659156799316, teacher_margin: 0.21427397429943085, teacher_margin_gate: 0.7012549042701721, teacher_clean_gate: 1.0, teacher_adv_gate: 1.0, tm_grad_cos: 0.7259071469306946, tm_scale: 1.0, tm_ps_scale: 1.0, pcgrad_conflicts: 0/62
2026-07-04 07:39:44.281 | INFO     | __main__:<module>:917 - lr:0.03845583988846525 weight_nat: 0.2737251305860742, nat_loss: 0.008159433491528034, weight_adv: 0.7262748694139258, adv_loss: 0.010783988982439041 weight-klloss3 0.08174 Loss3: 0.03331226110458374 clean_ce: 0.15354079008102417, adv_ce: 0.8591455817222595, adv_margin: 0.3985275626182556, clean_gate: 0.7068426609039307, teacher_margin: 0.21456925570964813, teacher_margin_gate: 0.7304983139038086, teacher_clean_gate: 1.0, teacher_adv_gate: 1.0, tm_grad_cos: 0.6783252954483032, tm_scale: 1.0, tm_ps_scale: 1.0, pcgrad_conflicts: 0/62
2026-07-04 07:40:19.041 | INFO     | __main__:<module>:482 - the 237th epoch 
2026-07-04 07:40:19.474 | INFO     | __main__:<module>:917 - lr:0.037439347597580934 weight_nat: 0.2737251305860742, nat_loss: 0.006075659301131964, weight_adv: 0.7262748694139258, adv_loss: 0.007704479619860649 weight-klloss3 0.08174 Loss3: 0.02471829205751419 clean_ce: 0.14410677552223206, adv_ce: 0.7918128371238708, adv_margin: 0.3134576678276062, clean_gate: 0.7168548107147217, teacher_margin: 0.136415034532547, teacher_margin_gate: 0.6897724866867065, teacher_clean_gate: 1.0, teacher_adv_gate: 1.0, tm_grad_cos: 0.5534665584564209, tm_scale: 1.0, tm_ps_scale: 1.0, pcgrad_conflicts: 0/62
2026-07-04 07:40:58.253 | INFO     | __main__:<module>:917 - lr:0.037439347597580934 weight_nat: 0.2737251305860742, nat_loss: 0.008099991828203201, weight_adv: 0.7262748694139258, adv_loss: 0.008365770801901817 weight-klloss3 0.08174 Loss3: 0.022511444985866547 clean_ce: 0.1346132904291153, adv_ce: 0.8951598405838013, adv_margin: 0.45917797088623047, clean_gate: 0.6792832612991333, teacher_margin: 0.16052338480949402, teacher_margin_gate: 0.6800754070281982, teacher_clean_gate: 1.0, teacher_adv_gate: 1.0, tm_grad_cos: 0.5752087831497192, tm_scale: 1.0, tm_ps_scale: 1.0, pcgrad_conflicts: 0/62
2026-07-04 07:41:37.034 | INFO     | __main__:<module>:917 - lr:0.037439347597580934 weight_nat: 0.2737251305860742, nat_loss: 0.006390416529029608, weight_adv: 0.7262748694139258, adv_loss: 0.010857140645384789 weight-klloss3 0.08174 Loss3: 0.020061008632183075 clean_ce: 0.14838646352291107, adv_ce: 0.9440354108810425, adv_margin: 0.4687820076942444, clean_gate: 0.676318347454071, teacher_margin: 0.2058323174715042, teacher_margin_gate: 0.7079532146453857, teacher_clean_gate: 1.0, teacher_adv_gate: 1.0, tm_grad_cos: 0.6559928059577942, tm_scale: 1.0, tm_ps_scale: 1.0, pcgrad_conflicts: 0/62
2026-07-04 07:42:15.809 | INFO     | __main__:<module>:917 - lr:0.037439347597580934 weight_nat: 0.2737251305860742, nat_loss: 0.005540693644434214, weight_adv: 0.7262748694139258, adv_loss: 0.008458588272333145 weight-klloss3 0.08174 Loss3: 0.017107702791690826 clean_ce: 0.14489462971687317, adv_ce: 0.7773808240890503, adv_margin: 0.2880316376686096, clean_gate: 0.7067221403121948, teacher_margin: 0.2211003452539444, teacher_margin_gate: 0.7167518138885498, teacher_clean_gate: 1.0, teacher_adv_gate: 1.0, tm_grad_cos: 0.6868717074394226, tm_scale: 1.0, tm_ps_scale: 1.0, pcgrad_conflicts: 0/62
2026-07-04 07:42:50.571 | INFO     | __main__:<module>:482 - the 238th epoch 
2026-07-04 07:42:51.004 | INFO     | __main__:<module>:917 - lr:0.03642841445166847 weight_nat: 0.2737251305860742, nat_loss: 0.007087972946465015, weight_adv: 0.7262748694139258, adv_loss: 0.009636832401156425 weight-klloss3 0.08174 Loss3: 0.021222710609436035 clean_ce: 0.1233697384595871, adv_ce: 0.8037417531013489, adv_margin: 0.34557250142097473, clean_gate: 0.7073463201522827, teacher_margin: 0.18131355941295624, teacher_margin_gate: 0.7311133146286011, teacher_clean_gate: 1.0, teacher_adv_gate: 1.0, tm_grad_cos: 0.6581099629402161, tm_scale: 1.0, tm_ps_scale: 1.0, pcgrad_conflicts: 0/62
2026-07-04 07:43:29.784 | INFO     | __main__:<module>:917 - lr:0.03642841445166847 weight_nat: 0.2737251305860742, nat_loss: 0.008068512193858624, weight_adv: 0.7262748694139258, adv_loss: 0.009445934556424618 weight-klloss3 0.08174 Loss3: 0.02430892549455166 clean_ce: 0.13779029250144958, adv_ce: 0.8285918235778809, adv_margin: 0.3838244080543518, clean_gate: 0.6932709217071533, teacher_margin: 0.2565717101097107, teacher_margin_gate: 0.7385318279266357, teacher_clean_gate: 1.0, teacher_adv_gate: 1.0, tm_grad_cos: 0.7376476526260376, tm_scale: 1.0, tm_ps_scale: 1.0, pcgrad_conflicts: 0/62
2026-07-04 07:44:08.562 | INFO     | __main__:<module>:917 - lr:0.03642841445166847 weight_nat: 0.2737251305860742, nat_loss: 0.007253276649862528, weight_adv: 0.7262748694139258, adv_loss: 0.009000972844660282 weight-klloss3 0.08174 Loss3: 0.02318269945681095 clean_ce: 0.1416330635547638, adv_ce: 0.7793117761611938, adv_margin: 0.3658420741558075, clean_gate: 0.711921751499176, teacher_margin: 0.21366694569587708, teacher_margin_gate: 0.733649492263794, teacher_clean_gate: 1.0, teacher_adv_gate: 1.0, tm_grad_cos: 0.7088320851325989, tm_scale: 1.0, tm_ps_scale: 1.0, pcgrad_conflicts: 0/62
2026-07-04 07:44:47.388 | INFO     | __main__:<module>:917 - lr:0.03642841445166847 weight_nat: 0.2737251305860742, nat_loss: 0.007627647370100021, weight_adv: 0.7262748694139258, adv_loss: 0.010739041492342949 weight-klloss3 0.08174 Loss3: 0.01901507005095482 clean_ce: 0.12127083539962769, adv_ce: 0.8870778679847717, adv_margin: 0.42503926157951355, clean_gate: 0.6781259775161743, teacher_margin: 0.2429271787405014, teacher_margin_gate: 0.7043112516403198, teacher_clean_gate: 1.0, teacher_adv_gate: 1.0, tm_grad_cos: 0.6979636549949646, tm_scale: 1.0, tm_ps_scale: 1.0, pcgrad_conflicts: 0/62
2026-07-04 07:45:22.155 | INFO     | __main__:<module>:482 - the 239th epoch 
2026-07-04 07:45:22.588 | INFO     | __main__:<module>:917 - lr:0.03542348397659967 weight_nat: 0.2737251305860742, nat_loss: 0.00549141364172101, weight_adv: 0.7262748694139258, adv_loss: 0.009016362950205803 weight-klloss3 0.08174 Loss3: 0.014150053262710571 clean_ce: 0.13659986853599548, adv_ce: 0.753353476524353, adv_margin: 0.3176124095916748, clean_gate: 0.7286343574523926, teacher_margin: 0.12749283015727997, teacher_margin_gate: 0.6932068467140198, teacher_clean_gate: 1.0, teacher_adv_gate: 1.0, tm_grad_cos: 0.511850893497467, tm_scale: 1.0, tm_ps_scale: 1.0, pcgrad_conflicts: 0/62
2026-07-04 07:46:01.416 | INFO     | __main__:<module>:917 - lr:0.03542348397659967 weight_nat: 0.2737251305860742, nat_loss: 0.004605490248650312, weight_adv: 0.7262748694139258, adv_loss: 0.007531027775257826 weight-klloss3 0.08174 Loss3: 0.024928297847509384 clean_ce: 0.13608714938163757, adv_ce: 0.7859846353530884, adv_margin: 0.31545788049697876, clean_gate: 0.7091890573501587, teacher_margin: 0.1608877032995224, teacher_margin_gate: 0.7024374008178711, teacher_clean_gate: 1.0, teacher_adv_gate: 1.0, tm_grad_cos: 0.6160992383956909, tm_scale: 1.0, tm_ps_scale: 1.0, pcgrad_conflicts: 0/62
2026-07-04 07:46:40.234 | INFO     | __main__:<module>:917 - lr:0.03542348397659967 weight_nat: 0.2737251305860742, nat_loss: 0.006607194431126118, weight_adv: 0.7262748694139258, adv_loss: 0.008871100842952728 weight-klloss3 0.08174 Loss3: 0.022890692576766014 clean_ce: 0.14044803380966187, adv_ce: 0.8292871713638306, adv_margin: 0.3680827021598816, clean_gate: 0.6926826238632202, teacher_margin: 0.18406713008880615, teacher_margin_gate: 0.6879434585571289, teacher_clean_gate: 1.0, teacher_adv_gate: 1.0, tm_grad_cos: 0.6731165051460266, tm_scale: 1.0, tm_ps_scale: 1.0, pcgrad_conflicts: 0/62
2026-07-04 07:47:19.125 | INFO     | __main__:<module>:917 - lr:0.03542348397659967 weight_nat: 0.2737251305860742, nat_loss: 0.005671048536896706, weight_adv: 0.7262748694139258, adv_loss: 0.009180199354887009 weight-klloss3 0.08174 Loss3: 0.02625359408557415 clean_ce: 0.12861542403697968, adv_ce: 0.9680739045143127, adv_margin: 0.49998903274536133, clean_gate: 0.6499650478363037, teacher_margin: 0.17371392250061035, teacher_margin_gate: 0.6584151387214661, teacher_clean_gate: 1.0, teacher_adv_gate: 1.0, tm_grad_cos: 0.6432878375053406, tm_scale: 1.0, tm_ps_scale: 1.0, pcgrad_conflicts: 0/62
2026-07-04 07:47:53.916 | INFO     | __main__:<module>:482 - the 240th epoch 
2026-07-04 07:47:54.349 | INFO     | __main__:<module>:917 - lr:0.03442499695032136 weight_nat: 0.2737251305860742, nat_loss: 0.006281337235122919, weight_adv: 0.7262748694139258, adv_loss: 0.0069916145876049995 weight-klloss3 0.08174 Loss3: 0.02411123551428318 clean_ce: 0.1317688524723053, adv_ce: 0.8282577991485596, adv_margin: 0.3643220067024231, clean_gate: 0.6860940456390381, teacher_margin: 0.16164527833461761, teacher_margin_gate: 0.6772323846817017, teacher_clean_gate: 1.0, teacher_adv_gate: 1.0, tm_grad_cos: 0.6321761012077332, tm_scale: 1.0, tm_ps_scale: 1.0, pcgrad_conflicts: 0/62
2026-07-04 07:48:33.167 | INFO     | __main__:<module>:917 - lr:0.03442499695032136 weight_nat: 0.2737251305860742, nat_loss: 0.006077356170862913, weight_adv: 0.7262748694139258, adv_loss: 0.007185048423707485 weight-klloss3 0.08174 Loss3: 0.023457370698451996 clean_ce: 0.13827010989189148, adv_ce: 0.6768662929534912, adv_margin: 0.2694474160671234, clean_gate: 0.7498093247413635, teacher_margin: 0.1682688444852829, teacher_margin_gate: 0.7454378604888916, teacher_clean_gate: 1.0, teacher_adv_gate: 1.0, tm_grad_cos: 0.6786090731620789, tm_scale: 1.0, tm_ps_scale: 1.0, pcgrad_conflicts: 0/62
2026-07-04 07:49:12.020 | INFO     | __main__:<module>:917 - lr:0.03442499695032136 weight_nat: 0.2737251305860742, nat_loss: 0.007135243620723486, weight_adv: 0.7262748694139258, adv_loss: 0.011279160156846046 weight-klloss3 0.08174 Loss3: 0.02592342346906662 clean_ce: 0.13752536475658417, adv_ce: 0.8315756916999817, adv_margin: 0.3670766055583954, clean_gate: 0.680850088596344, teacher_margin: 0.2717798352241516, teacher_margin_gate: 0.7276537418365479, teacher_clean_gate: 1.0, teacher_adv_gate: 1.0, tm_grad_cos: 0.7057921886444092, tm_scale: 1.0, tm_ps_scale: 1.0, pcgrad_conflicts: 0/62
2026-07-04 07:49:51.268 | INFO     | __main__:<module>:917 - lr:0.03442499695032136 weight_nat: 0.2737251305860742, nat_loss: 0.009576784446835518, weight_adv: 0.7262748694139258, adv_loss: 0.010924335569143295 weight-klloss3 0.08174 Loss3: 0.026822350919246674 clean_ce: 0.12115739285945892, adv_ce: 0.9946717023849487, adv_margin: 0.5266445279121399, clean_gate: 0.6347643733024597, teacher_margin: 0.24633848667144775, teacher_margin_gate: 0.6671285629272461, teacher_clean_gate: 1.0, teacher_adv_gate: 1.0, tm_grad_cos: 0.7343166470527649, tm_scale: 1.0, tm_ps_scale: 1.0, pcgrad_conflicts: 1/62
2026-07-04 07:50:44.923 | INFO     | __main__:<module>:974 - student robust acc 0.5428, teacher robust acc 0.6699, nat teacher robust acc 0.6061
2026-07-04 07:50:50.189 | INFO     | __main__:<module>:1061 - student natural acc 0.8875, adv teacher natural acc 0.8807, nat teacher natural acc 0.9318
2026-07-04 07:50:50.192 | INFO     | __main__:<module>:482 - the 241th epoch 
2026-07-04 07:50:50.608 | INFO     | __main__:<module>:917 - lr:0.03343339120722491 weight_nat: 0.2737251305860742, nat_loss: 0.007783967535942793, weight_adv: 0.7262748694139258, adv_loss: 0.0075974916107952595 weight-klloss3 0.08174 Loss3: 0.02130797877907753 clean_ce: 0.14015339314937592, adv_ce: 0.858275830745697, adv_margin: 0.37934887409210205, clean_gate: 0.6801532506942749, teacher_margin: 0.1977037787437439, teacher_margin_gate: 0.6900728940963745, teacher_clean_gate: 1.0, teacher_adv_gate: 1.0, tm_grad_cos: 0.7021250128746033, tm_scale: 1.0, tm_ps_scale: 1.0, pcgrad_conflicts: 0/62
2026-07-04 07:51:29.941 | INFO     | __main__:<module>:917 - lr:0.03343339120722491 weight_nat: 0.2737251305860742, nat_loss: 0.0077004763297736645, weight_adv: 0.7262748694139258, adv_loss: 0.008592400699853897 weight-klloss3 0.08174 Loss3: 0.022930271923542023 clean_ce: 0.1474551260471344, adv_ce: 0.8127533793449402, adv_margin: 0.36862754821777344, clean_gate: 0.7060875296592712, teacher_margin: 0.17390546202659607, teacher_margin_gate: 0.7025064826011658, teacher_clean_gate: 1.0, teacher_adv_gate: 1.0, tm_grad_cos: 0.605316698551178, tm_scale: 1.0, tm_ps_scale: 1.0, pcgrad_conflicts: 0/62
2026-07-04 07:52:09.247 | INFO     | __main__:<module>:917 - lr:0.03343339120722491 weight_nat: 0.2737251305860742, nat_loss: 0.005923281889408827, weight_adv: 0.7262748694139258, adv_loss: 0.008437303826212883 weight-klloss3 0.08174 Loss3: 0.023927785456180573 clean_ce: 0.14082005620002747, adv_ce: 0.8235171437263489, adv_margin: 0.37169620394706726, clean_gate: 0.7045065760612488, teacher_margin: 0.23983746767044067, teacher_margin_gate: 0.7282274961471558, teacher_clean_gate: 1.0, teacher_adv_gate: 1.0, tm_grad_cos: 0.7170386910438538, tm_scale: 1.0, tm_ps_scale: 1.0, pcgrad_conflicts: 0/62
2026-07-04 07:52:48.266 | INFO     | __main__:<module>:917 - lr:0.03343339120722491 weight_nat: 0.2737251305860742, nat_loss: 0.007045985199511051, weight_adv: 0.7262748694139258, adv_loss: 0.010109682567417622 weight-klloss3 0.08174 Loss3: 0.022894151508808136 clean_ce: 0.1432695835828781, adv_ce: 0.9544228911399841, adv_margin: 0.42486119270324707, clean_gate: 0.6538972854614258, teacher_margin: 0.21998998522758484, teacher_margin_gate: 0.6628624200820923, teacher_clean_gate: 1.0, teacher_adv_gate: 1.0, tm_grad_cos: 0.6861627101898193, tm_scale: 1.0, tm_ps_scale: 1.0, pcgrad_conflicts: 0/62
2026-07-04 07:53:23.015 | INFO     | __main__:<module>:482 - the 242th epoch 
2026-07-04 07:53:23.447 | INFO     | __main__:<module>:917 - lr:0.03244910144386133 weight_nat: 0.2737251305860742, nat_loss: 0.008077035658061504, weight_adv: 0.7262748694139258, adv_loss: 0.006338542327284813 weight-klloss3 0.08174 Loss3: 0.023148829117417336 clean_ce: 0.13452865183353424, adv_ce: 0.7493610382080078, adv_margin: 0.2984178066253662, clean_gate: 0.7149935364723206, teacher_margin: 0.14074896275997162, teacher_margin_gate: 0.6978063583374023, teacher_clean_gate: 1.0, teacher_adv_gate: 1.0, tm_grad_cos: 0.5484055876731873, tm_scale: 1.0, tm_ps_scale: 1.0, pcgrad_conflicts: 2/62
2026-07-04 07:54:02.250 | INFO     | __main__:<module>:917 - lr:0.03244910144386133 weight_nat: 0.2737251305860742, nat_loss: 0.006486083846539259, weight_adv: 0.7262748694139258, adv_loss: 0.007476205006241798 weight-klloss3 0.08174 Loss3: 0.026778722181916237 clean_ce: 0.1323952078819275, adv_ce: 0.8419626951217651, adv_margin: 0.3684251308441162, clean_gate: 0.6850577592849731, teacher_margin: 0.20298969745635986, teacher_margin_gate: 0.6956137418746948, teacher_clean_gate: 1.0, teacher_adv_gate: 1.0, tm_grad_cos: 0.7039034962654114, tm_scale: 1.0, tm_ps_scale: 1.0, pcgrad_conflicts: 0/62
2026-07-04 07:54:41.041 | INFO     | __main__:<module>:917 - lr:0.03244910144386133 weight_nat: 0.2737251305860742, nat_loss: 0.007531083654612303, weight_adv: 0.7262748694139258, adv_loss: 0.007216332014650106 weight-klloss3 0.08174 Loss3: 0.02049444057047367 clean_ce: 0.13745607435703278, adv_ce: 0.9511255025863647, adv_margin: 0.5076348781585693, clean_gate: 0.6503633856773376, teacher_margin: 0.159432053565979, teacher_margin_gate: 0.6384857296943665, teacher_clean_gate: 1.0, teacher_adv_gate: 1.0, tm_grad_cos: 0.6152006387710571, tm_scale: 1.0, tm_ps_scale: 1.0, pcgrad_conflicts: 0/62
2026-07-04 07:55:19.863 | INFO     | __main__:<module>:917 - lr:0.03244910144386133 weight_nat: 0.2737251305860742, nat_loss: 0.007503932807594538, weight_adv: 0.7262748694139258, adv_loss: 0.010212397202849388 weight-klloss3 0.08174 Loss3: 0.019572287797927856 clean_ce: 0.11953337490558624, adv_ce: 0.8838468790054321, adv_margin: 0.3842088580131531, clean_gate: 0.6759121417999268, teacher_margin: 0.23179203271865845, teacher_margin_gate: 0.7006665468215942, teacher_clean_gate: 1.0, teacher_adv_gate: 1.0, tm_grad_cos: 0.7233536243438721, tm_scale: 1.0, tm_ps_scale: 1.0, pcgrad_conflicts: 0/62
2026-07-04 07:55:54.627 | INFO     | __main__:<module>:482 - the 243th epoch 
2026-07-04 07:55:55.060 | INFO     | __main__:<module>:917 - lr:0.03147255902608835 weight_nat: 0.2737251305860742, nat_loss: 0.006196096073836088, weight_adv: 0.7262748694139258, adv_loss: 0.008066754788160324 weight-klloss3 0.08174 Loss3: 0.018078934401273727 clean_ce: 0.1452300250530243, adv_ce: 0.8200637698173523, adv_margin: 0.3442312180995941, clean_gate: 0.7070633769035339, teacher_margin: 0.20475232601165771, teacher_margin_gate: 0.7259694337844849, teacher_clean_gate: 1.0, teacher_adv_gate: 1.0, tm_grad_cos: 0.7295790314674377, tm_scale: 1.0, tm_ps_scale: 1.0, pcgrad_conflicts: 0/62
2026-07-04 07:56:33.861 | INFO     | __main__:<module>:917 - lr:0.03147255902608835 weight_nat: 0.2737251305860742, nat_loss: 0.004916724748909473, weight_adv: 0.7262748694139258, adv_loss: 0.006195102818310261 weight-klloss3 0.08174 Loss3: 0.02927430346608162 clean_ce: 0.14529423415660858, adv_ce: 0.6848233938217163, adv_margin: 0.2268238067626953, clean_gate: 0.7361055612564087, teacher_margin: 0.17414869368076324, teacher_margin_gate: 0.742832362651825, teacher_clean_gate: 1.0, teacher_adv_gate: 1.0, tm_grad_cos: 0.676651656627655, tm_scale: 1.0, tm_ps_scale: 1.0, pcgrad_conflicts: 0/62
2026-07-04 07:57:12.685 | INFO     | __main__:<module>:917 - lr:0.03147255902608835 weight_nat: 0.2737251305860742, nat_loss: 0.005819055717438459, weight_adv: 0.7262748694139258, adv_loss: 0.007967415265738964 weight-klloss3 0.08174 Loss3: 0.026299627497792244 clean_ce: 0.133564293384552, adv_ce: 0.845202624797821, adv_margin: 0.3861941695213318, clean_gate: 0.6841837167739868, teacher_margin: 0.18447744846343994, teacher_margin_gate: 0.6897257566452026, teacher_clean_gate: 1.0, teacher_adv_gate: 1.0, tm_grad_cos: 0.6918442249298096, tm_scale: 1.0, tm_ps_scale: 1.0, pcgrad_conflicts: 0/62
2026-07-04 07:57:51.539 | INFO     | __main__:<module>:917 - lr:0.03147255902608835 weight_nat: 0.2737251305860742, nat_loss: 0.006133506540209055, weight_adv: 0.7262748694139258, adv_loss: 0.009109590202569962 weight-klloss3 0.08174 Loss3: 0.019696146249771118 clean_ce: 0.1365758776664734, adv_ce: 0.7473544478416443, adv_margin: 0.31014394760131836, clean_gate: 0.7382879257202148, teacher_margin: 0.21464131772518158, teacher_margin_gate: 0.757278323173523, teacher_clean_gate: 1.0, teacher_adv_gate: 1.0, tm_grad_cos: 0.7012156248092651, tm_scale: 1.0, tm_ps_scale: 1.0, pcgrad_conflicts: 0/62
2026-07-04 07:58:26.369 | INFO     | __main__:<module>:482 - the 244th epoch 
2026-07-04 07:58:26.802 | INFO     | __main__:<module>:917 - lr:0.030504191797736106 weight_nat: 0.2737251305860742, nat_loss: 0.007605432067066431, weight_adv: 0.7262748694139258, adv_loss: 0.010031277313828468 weight-klloss3 0.08174 Loss3: 0.02700938656926155 clean_ce: 0.14919228851795197, adv_ce: 0.8550398349761963, adv_margin: 0.3842558264732361, clean_gate: 0.6929937601089478, teacher_margin: 0.2137679010629654, teacher_margin_gate: 0.7167593240737915, teacher_clean_gate: 1.0, teacher_adv_gate: 1.0, tm_grad_cos: 0.665156900882721, tm_scale: 1.0, tm_ps_scale: 1.0, pcgrad_conflicts: 0/62
2026-07-04 07:59:05.710 | INFO     | __main__:<module>:917 - lr:0.030504191797736106 weight_nat: 0.2737251305860742, nat_loss: 0.007172079291194677, weight_adv: 0.7262748694139258, adv_loss: 0.006969914771616459 weight-klloss3 0.08174 Loss3: 0.025725606828927994 clean_ce: 0.14762970805168152, adv_ce: 0.7710511684417725, adv_margin: 0.3241073191165924, clean_gate: 0.7380807399749756, teacher_margin: 0.11849901080131531, teacher_margin_gate: 0.725674569606781, teacher_clean_gate: 1.0, teacher_adv_gate: 1.0, tm_grad_cos: 0.614750862121582, tm_scale: 1.0, tm_ps_scale: 1.0, pcgrad_conflicts: 0/62
2026-07-04 07:59:44.607 | INFO     | __main__:<module>:917 - lr:0.030504191797736106 weight_nat: 0.2737251305860742, nat_loss: 0.006076521705836058, weight_adv: 0.7262748694139258, adv_loss: 0.008706463500857353 weight-klloss3 0.08174 Loss3: 0.02484646998345852 clean_ce: 0.1340647041797638, adv_ce: 0.8588576912879944, adv_margin: 0.3860461711883545, clean_gate: 0.6750342845916748, teacher_margin: 0.2081892490386963, teacher_margin_gate: 0.6863629817962646, teacher_clean_gate: 1.0, teacher_adv_gate: 1.0, tm_grad_cos: 0.6676489114761353, tm_scale: 1.0, tm_ps_scale: 1.0, pcgrad_conflicts: 0/62
2026-07-04 08:00:23.456 | INFO     | __main__:<module>:917 - lr:0.030504191797736106 weight_nat: 0.2737251305860742, nat_loss: 0.006548597011715174, weight_adv: 0.7262748694139258, adv_loss: 0.010485728271305561 weight-klloss3 0.08174 Loss3: 0.02663152664899826 clean_ce: 0.1314067542552948, adv_ce: 0.8688080310821533, adv_margin: 0.425001323223114, clean_gate: 0.6771913766860962, teacher_margin: 0.22506646811962128, teacher_margin_gate: 0.7096271514892578, teacher_clean_gate: 1.0, teacher_adv_gate: 1.0, tm_grad_cos: 0.672143816947937, tm_scale: 1.0, tm_ps_scale: 1.0, pcgrad_conflicts: 0/62
2026-07-04 08:00:58.216 | INFO     | __main__:<module>:482 - the 245th epoch 
2026-07-04 08:00:58.649 | INFO     | __main__:<module>:917 - lr:0.02954442389087664 weight_nat: 0.2737251305860742, nat_loss: 0.005347008351236582, weight_adv: 0.7262748694139258, adv_loss: 0.006785736419260502 weight-klloss3 0.08174 Loss3: 0.022877376526594162 clean_ce: 0.13584908843040466, adv_ce: 0.8010203838348389, adv_margin: 0.3750094175338745, clean_gate: 0.7215641736984253, teacher_margin: 0.15556704998016357, teacher_margin_gate: 0.7255489826202393, teacher_clean_gate: 1.0, teacher_adv_gate: 1.0, tm_grad_cos: 0.638572633266449, tm_scale: 1.0, tm_ps_scale: 1.0, pcgrad_conflicts: 0/62
2026-07-04 08:01:37.506 | INFO     | __main__:<module>:917 - lr:0.02954442389087664 weight_nat: 0.2737251305860742, nat_loss: 0.006039852742105722, weight_adv: 0.7262748694139258, adv_loss: 0.007471882738173008 weight-klloss3 0.08174 Loss3: 0.02020619809627533 clean_ce: 0.14207270741462708, adv_ce: 0.7657942175865173, adv_margin: 0.31202802062034607, clean_gate: 0.7160946726799011, teacher_margin: 0.15313804149627686, teacher_margin_gate: 0.695334792137146, teacher_clean_gate: 1.0, teacher_adv_gate: 1.0, tm_grad_cos: 0.5910917520523071, tm_scale: 1.0, tm_ps_scale: 1.0, pcgrad_conflicts: 0/62
2026-07-04 08:02:16.340 | INFO     | __main__:<module>:917 - lr:0.02954442389087664 weight_nat: 0.2737251305860742, nat_loss: 0.007443441543728113, weight_adv: 0.7262748694139258, adv_loss: 0.009656768292188644 weight-klloss3 0.08174 Loss3: 0.018771955743432045 clean_ce: 0.12106756865978241, adv_ce: 1.0302245616912842, adv_margin: 0.557466447353363, clean_gate: 0.6388155221939087, teacher_margin: 0.1636914163827896, teacher_margin_gate: 0.6402515172958374, teacher_clean_gate: 1.0, teacher_adv_gate: 1.0, tm_grad_cos: 0.6124393343925476, tm_scale: 1.0, tm_ps_scale: 1.0, pcgrad_conflicts: 0/62
2026-07-04 08:02:55.313 | INFO     | __main__:<module>:917 - lr:0.02954442389087664 weight_nat: 0.2737251305860742, nat_loss: 0.007963827811181545, weight_adv: 0.7262748694139258, adv_loss: 0.009887931868433952 weight-klloss3 0.08174 Loss3: 0.025402747094631195 clean_ce: 0.12924332916736603, adv_ce: 0.8823453187942505, adv_margin: 0.3846118450164795, clean_gate: 0.6689987182617188, teacher_margin: 0.26852765679359436, teacher_margin_gate: 0.69673752784729, teacher_clean_gate: 1.0, teacher_adv_gate: 1.0, tm_grad_cos: 0.7006613612174988, tm_scale: 1.0, tm_ps_scale: 1.0, pcgrad_conflicts: 0/62
2026-07-04 08:03:30.099 | INFO     | __main__:<module>:482 - the 246th epoch 
2026-07-04 08:03:30.533 | INFO     | __main__:<module>:917 - lr:0.028593675537782214 weight_nat: 0.2737251305860742, nat_loss: 0.006267386954277754, weight_adv: 0.7262748694139258, adv_loss: 0.008332310244441032 weight-klloss3 0.08174 Loss3: 0.027011264115571976 clean_ce: 0.14264081418514252, adv_ce: 0.7209012508392334, adv_margin: 0.28659021854400635, clean_gate: 0.7270891666412354, teacher_margin: 0.19620142877101898, teacher_margin_gate: 0.7367425560951233, teacher_clean_gate: 1.0, teacher_adv_gate: 1.0, tm_grad_cos: 0.6703131198883057, tm_scale: 1.0, tm_ps_scale: 1.0, pcgrad_conflicts: 0/62
2026-07-04 08:04:09.544 | INFO     | __main__:<module>:917 - lr:0.028593675537782214 weight_nat: 0.2737251305860742, nat_loss: 0.005639526527374983, weight_adv: 0.7262748694139258, adv_loss: 0.008144200779497623 weight-klloss3 0.08174 Loss3: 0.022274451330304146 clean_ce: 0.12918365001678467, adv_ce: 0.8395912647247314, adv_margin: 0.35143667459487915, clean_gate: 0.6874445080757141, teacher_margin: 0.1829322874546051, teacher_margin_gate: 0.6757063865661621, teacher_clean_gate: 1.0, teacher_adv_gate: 1.0, tm_grad_cos: 0.6466022729873657, tm_scale: 1.0, tm_ps_scale: 1.0, pcgrad_conflicts: 0/62
2026-07-04 08:04:48.858 | INFO     | __main__:<module>:917 - lr:0.028593675537782214 weight_nat: 0.2737251305860742, nat_loss: 0.007192310877144337, weight_adv: 0.7262748694139258, adv_loss: 0.008743807673454285 weight-klloss3 0.08174 Loss3: 0.023102160543203354 clean_ce: 0.12820804119110107, adv_ce: 0.9439393281936646, adv_margin: 0.4446697235107422, clean_gate: 0.653231680393219, teacher_margin: 0.1823507696390152, teacher_margin_gate: 0.6548194885253906, teacher_clean_gate: 1.0, teacher_adv_gate: 1.0, tm_grad_cos: 0.6697720289230347, tm_scale: 1.0, tm_ps_scale: 1.0, pcgrad_conflicts: 0/62
2026-07-04 08:05:28.176 | INFO     | __main__:<module>:917 - lr:0.028593675537782214 weight_nat: 0.2737251305860742, nat_loss: 0.006622286047786474, weight_adv: 0.7262748694139258, adv_loss: 0.006972417235374451 weight-klloss3 0.08174 Loss3: 0.029140017926692963 clean_ce: 0.1258743703365326, adv_ce: 0.8639379739761353, adv_margin: 0.44859036803245544, clean_gate: 0.6903780698776245, teacher_margin: 0.1674649566411972, teacher_margin_gate: 0.7001422643661499, teacher_clean_gate: 1.0, teacher_adv_gate: 1.0, tm_grad_cos: 0.6328922510147095, tm_scale: 1.0, tm_ps_scale: 1.0, pcgrad_conflicts: 0/62
2026-07-04 08:06:03.474 | INFO     | __main__:<module>:482 - the 247th epoch 
2026-07-04 08:06:03.912 | INFO     | __main__:<module>:917 - lr:0.02765236288465644 weight_nat: 0.2737251305860742, nat_loss: 0.005113630555570126, weight_adv: 0.7262748694139258, adv_loss: 0.0087228799238801 weight-klloss3 0.08174 Loss3: 0.019290978088974953 clean_ce: 0.13395825028419495, adv_ce: 0.8142987489700317, adv_margin: 0.34876376390457153, clean_gate: 0.6993296146392822, teacher_margin: 0.1802457869052887, teacher_margin_gate: 0.7032938003540039, teacher_clean_gate: 1.0, teacher_adv_gate: 1.0, tm_grad_cos: 0.6355124711990356, tm_scale: 1.0, tm_ps_scale: 1.0, pcgrad_conflicts: 0/62
2026-07-04 08:06:43.219 | INFO     | __main__:<module>:917 - lr:0.02765236288465644 weight_nat: 0.2737251305860742, nat_loss: 0.006125544663518667, weight_adv: 0.7262748694139258, adv_loss: 0.007742960471659899 weight-klloss3 0.08174 Loss3: 0.0226895809173584 clean_ce: 0.12338361144065857, adv_ce: 0.9176279902458191, adv_margin: 0.45804956555366516, clean_gate: 0.6675367951393127, teacher_margin: 0.16391728818416595, teacher_margin_gate: 0.6676971912384033, teacher_clean_gate: 1.0, teacher_adv_gate: 1.0, tm_grad_cos: 0.6293389201164246, tm_scale: 1.0, tm_ps_scale: 1.0, pcgrad_conflicts: 0/62
2026-07-04 08:07:22.359 | INFO     | __main__:<module>:917 - lr:0.02765236288465644 weight_nat: 0.2737251305860742, nat_loss: 0.00630142679437995, weight_adv: 0.7262748694139258, adv_loss: 0.00813126191496849 weight-klloss3 0.08174 Loss3: 0.019628455862402916 clean_ce: 0.13970595598220825, adv_ce: 0.7836135625839233, adv_margin: 0.32349446415901184, clean_gate: 0.7154672145843506, teacher_margin: 0.18749037384986877, teacher_margin_gate: 0.7157772779464722, teacher_clean_gate: 1.0, teacher_adv_gate: 1.0, tm_grad_cos: 0.6253971457481384, tm_scale: 1.0, tm_ps_scale: 1.0, pcgrad_conflicts: 0/62
2026-07-04 08:08:01.187 | INFO     | __main__:<module>:917 - lr:0.02765236288465644 weight_nat: 0.2737251305860742, nat_loss: 0.005819288082420826, weight_adv: 0.7262748694139258, adv_loss: 0.00532177509739995 weight-klloss3 0.08174 Loss3: 0.02500593103468418 clean_ce: 0.13598062098026276, adv_ce: 0.7170577049255371, adv_margin: 0.3081427216529846, clean_gate: 0.7353026866912842, teacher_margin: 0.10402204841375351, teacher_margin_gate: 0.7049832344055176, teacher_clean_gate: 1.0, teacher_adv_gate: 1.0, tm_grad_cos: 0.5784416198730469, tm_scale: 1.0, tm_ps_scale: 1.0, pcgrad_conflicts: 0/62
2026-07-04 08:08:36.015 | INFO     | __main__:<module>:482 - the 248th epoch 
2026-07-04 08:08:36.447 | INFO     | __main__:<module>:917 - lr:0.0267208978072214 weight_nat: 0.2737251305860742, nat_loss: 0.006258939392864704, weight_adv: 0.7262748694139258, adv_loss: 0.0076266126707196236 weight-klloss3 0.08174 Loss3: 0.023166563361883163 clean_ce: 0.13484236598014832, adv_ce: 0.8030309677124023, adv_margin: 0.3639867901802063, clean_gate: 0.7152831554412842, teacher_margin: 0.16765131056308746, teacher_margin_gate: 0.7266777157783508, teacher_clean_gate: 1.0, teacher_adv_gate: 1.0, tm_grad_cos: 0.6240893602371216, tm_scale: 1.0, tm_ps_scale: 1.0, pcgrad_conflicts: 0/62
2026-07-04 08:09:15.278 | INFO     | __main__:<module>:917 - lr:0.0267208978072214 weight_nat: 0.2737251305860742, nat_loss: 0.00733306584879756, weight_adv: 0.7262748694139258, adv_loss: 0.006280937232077122 weight-klloss3 0.08174 Loss3: 0.026329411193728447 clean_ce: 0.14465364813804626, adv_ce: 0.6861362457275391, adv_margin: 0.2356010526418686, clean_gate: 0.7496554851531982, teacher_margin: 0.1623973548412323, teacher_margin_gate: 0.746792197227478, teacher_clean_gate: 1.0, teacher_adv_gate: 1.0, tm_grad_cos: 0.661556601524353, tm_scale: 1.0, tm_ps_scale: 1.0, pcgrad_conflicts: 0/62
2026-07-04 08:09:54.084 | INFO     | __main__:<module>:917 - lr:0.0267208978072214 weight_nat: 0.2737251305860742, nat_loss: 0.006751249078661203, weight_adv: 0.7262748694139258, adv_loss: 0.007423242088407278 weight-klloss3 0.08174 Loss3: 0.02397938445210457 clean_ce: 0.1447036862373352, adv_ce: 0.748014509677887, adv_margin: 0.2911423444747925, clean_gate: 0.7140036821365356, teacher_margin: 0.15545248985290527, teacher_margin_gate: 0.7026623487472534, teacher_clean_gate: 1.0, teacher_adv_gate: 1.0, tm_grad_cos: 0.6331809759140015, tm_scale: 1.0, tm_ps_scale: 1.0, pcgrad_conflicts: 0/62
2026-07-04 08:10:32.947 | INFO     | __main__:<module>:917 - lr:0.0267208978072214 weight_nat: 0.2737251305860742, nat_loss: 0.0057151466608047485, weight_adv: 0.7262748694139258, adv_loss: 0.007933760061860085 weight-klloss3 0.08174 Loss3: 0.02356661483645439 clean_ce: 0.14525499939918518, adv_ce: 0.8220318555831909, adv_margin: 0.3803521394729614, clean_gate: 0.6983844637870789, teacher_margin: 0.16083182394504547, teacher_margin_gate: 0.6978307962417603, teacher_clean_gate: 1.0, teacher_adv_gate: 1.0, tm_grad_cos: 0.6185528039932251, tm_scale: 1.0, tm_ps_scale: 1.0, pcgrad_conflicts: 0/62
2026-07-04 08:11:07.706 | INFO     | __main__:<module>:482 - the 249th epoch 
2026-07-04 08:11:08.138 | INFO     | __main__:<module>:917 - lr:0.02579968772824318 weight_nat: 0.2737251305860742, nat_loss: 0.006333146244287491, weight_adv: 0.7262748694139258, adv_loss: 0.005515136756002903 weight-klloss3 0.08174 Loss3: 0.026599805802106857 clean_ce: 0.13157245516777039, adv_ce: 0.7271024584770203, adv_margin: 0.3403109014034271, clean_gate: 0.7250721454620361, teacher_margin: 0.09325560182332993, teacher_margin_gate: 0.7011165618896484, teacher_clean_gate: 1.0, teacher_adv_gate: 1.0, tm_grad_cos: 0.5802597999572754, tm_scale: 1.0, tm_ps_scale: 1.0, pcgrad_conflicts: 0/62
2026-07-04 08:11:47.026 | INFO     | __main__:<module>:917 - lr:0.02579968772824318 weight_nat: 0.2737251305860742, nat_loss: 0.006784567143768072, weight_adv: 0.7262748694139258, adv_loss: 0.007404018193483353 weight-klloss3 0.08174 Loss3: 0.022291274741292 clean_ce: 0.13492019474506378, adv_ce: 0.7864845991134644, adv_margin: 0.3256817162036896, clean_gate: 0.7120945453643799, teacher_margin: 0.1588241457939148, teacher_margin_gate: 0.7146855592727661, teacher_clean_gate: 1.0, teacher_adv_gate: 1.0, tm_grad_cos: 0.6444038152694702, tm_scale: 1.0, tm_ps_scale: 1.0, pcgrad_conflicts: 0/62
2026-07-04 08:12:25.897 | INFO     | __main__:<module>:917 - lr:0.02579968772824318 weight_nat: 0.2737251305860742, nat_loss: 0.005596236325800419, weight_adv: 0.7262748694139258, adv_loss: 0.006028478499501944 weight-klloss3 0.08174 Loss3: 0.019356245175004005 clean_ce: 0.12967407703399658, adv_ce: 0.7368215918540955, adv_margin: 0.30276793241500854, clean_gate: 0.7209523320198059, teacher_margin: 0.1769874393939972, teacher_margin_gate: 0.7124481201171875, teacher_clean_gate: 1.0, teacher_adv_gate: 1.0, tm_grad_cos: 0.7202655673027039, tm_scale: 1.0, tm_ps_scale: 1.0, pcgrad_conflicts: 0/62
2026-07-04 08:13:04.786 | INFO     | __main__:<module>:917 - lr:0.02579968772824318 weight_nat: 0.2737251305860742, nat_loss: 0.006521277129650116, weight_adv: 0.7262748694139258, adv_loss: 0.006402979604899883 weight-klloss3 0.08174 Loss3: 0.03140763193368912 clean_ce: 0.1508227288722992, adv_ce: 0.794177234172821, adv_margin: 0.36659759283065796, clean_gate: 0.7137218117713928, teacher_margin: 0.16016292572021484, teacher_margin_gate: 0.7073633670806885, teacher_clean_gate: 1.0, teacher_adv_gate: 1.0, tm_grad_cos: 0.6688258647918701, tm_scale: 1.0, tm_ps_scale: 1.0, pcgrad_conflicts: 0/62
2026-07-04 08:13:39.580 | INFO     | __main__:<module>:482 - the 250th epoch 
2026-07-04 08:13:40.012 | INFO     | __main__:<module>:917 - lr:0.024889135437077315 weight_nat: 0.2737251305860742, nat_loss: 0.006143085192888975, weight_adv: 0.7262748694139258, adv_loss: 0.005556645803153515 weight-klloss3 0.08174 Loss3: 0.016603384166955948 clean_ce: 0.13337442278862, adv_ce: 0.7317158579826355, adv_margin: 0.30827102065086365, clean_gate: 0.7500495314598083, teacher_margin: 0.1328388750553131, teacher_margin_gate: 0.7305497527122498, teacher_clean_gate: 1.0, teacher_adv_gate: 1.0, tm_grad_cos: 0.6342902779579163, tm_scale: 1.0, tm_ps_scale: 1.0, pcgrad_conflicts: 0/62
2026-07-04 08:14:18.963 | INFO     | __main__:<module>:917 - lr:0.024889135437077315 weight_nat: 0.2737251305860742, nat_loss: 0.005566603038460016, weight_adv: 0.7262748694139258, adv_loss: 0.005887901410460472 weight-klloss3 0.08174 Loss3: 0.02518707886338234 clean_ce: 0.14121344685554504, adv_ce: 0.8344300985336304, adv_margin: 0.34759771823883057, clean_gate: 0.7060349583625793, teacher_margin: 0.09409273415803909, teacher_margin_gate: 0.6484423875808716, teacher_clean_gate: 1.0, teacher_adv_gate: 1.0, tm_grad_cos: 0.4882829487323761, tm_scale: 1.0, tm_ps_scale: 1.0, pcgrad_conflicts: 0/62
2026-07-04 08:14:57.866 | INFO     | __main__:<module>:917 - lr:0.024889135437077315 weight_nat: 0.2737251305860742, nat_loss: 0.005237319506704807, weight_adv: 0.7262748694139258, adv_loss: 0.006796882953494787 weight-klloss3 0.08174 Loss3: 0.018056832253932953 clean_ce: 0.14087125658988953, adv_ce: 0.696752667427063, adv_margin: 0.25163891911506653, clean_gate: 0.749015748500824, teacher_margin: 0.14474648237228394, teacher_margin_gate: 0.7325750589370728, teacher_clean_gate: 1.0, teacher_adv_gate: 1.0, tm_grad_cos: 0.5991750955581665, tm_scale: 1.0, tm_ps_scale: 1.0, pcgrad_conflicts: 0/62
2026-07-04 08:15:36.735 | INFO     | __main__:<module>:917 - lr:0.024889135437077315 weight_nat: 0.2737251305860742, nat_loss: 0.0066702826879918575, weight_adv: 0.7262748694139258, adv_loss: 0.006594228092581034 weight-klloss3 0.08174 Loss3: 0.02885551005601883 clean_ce: 0.13481080532073975, adv_ce: 0.7776051759719849, adv_margin: 0.3266386389732361, clean_gate: 0.7206904888153076, teacher_margin: 0.1455339938402176, teacher_margin_gate: 0.7058295607566833, teacher_clean_gate: 1.0, teacher_adv_gate: 1.0, tm_grad_cos: 0.6391294598579407, tm_scale: 1.0, tm_ps_scale: 1.0, pcgrad_conflicts: 0/62
2026-07-04 08:16:29.536 | INFO     | __main__:<module>:974 - student robust acc 0.5446, teacher robust acc 0.6733, nat teacher robust acc 0.6156
2026-07-04 08:16:36.033 | INFO     | __main__:<module>:1058 - best accuracy:0.71575
2026-07-04 08:16:36.033 | INFO     | __main__:<module>:1061 - student natural acc 0.8869, adv teacher natural acc 0.8796, nat teacher natural acc 0.9318
2026-07-04 08:16:36.035 | INFO     | __main__:<module>:482 - the 251th epoch 
2026-07-04 08:16:36.447 | INFO     | __main__:<module>:917 - lr:0.023989638911314483 weight_nat: 0.2737251305860742, nat_loss: 0.005368844140321016, weight_adv: 0.7262748694139258, adv_loss: 0.005213600117713213 weight-klloss3 0.08174 Loss3: 0.01757538691163063 clean_ce: 0.14109818637371063, adv_ce: 0.6412296891212463, adv_margin: 0.24063298106193542, clean_gate: 0.7607035636901855, teacher_margin: 0.12727439403533936, teacher_margin_gate: 0.7429097294807434, teacher_clean_gate: 1.0, teacher_adv_gate: 1.0, tm_grad_cos: 0.6312922239303589, tm_scale: 1.0, tm_ps_scale: 1.0, pcgrad_conflicts: 0/62
2026-07-04 08:17:15.342 | INFO     | __main__:<module>:917 - lr:0.023989638911314483 weight_nat: 0.2737251305860742, nat_loss: 0.00508173368871212, weight_adv: 0.7262748694139258, adv_loss: 0.005394166335463524 weight-klloss3 0.08174 Loss3: 0.020785760134458542 clean_ce: 0.13587069511413574, adv_ce: 0.7462326288223267, adv_margin: 0.3251342177391052, clean_gate: 0.7387264370918274, teacher_margin: 0.10769140720367432, teacher_margin_gate: 0.7082132697105408, teacher_clean_gate: 1.0, teacher_adv_gate: 1.0, tm_grad_cos: 0.5218849778175354, tm_scale: 1.0, tm_ps_scale: 1.0, pcgrad_conflicts: 0/62
2026-07-04 08:17:54.162 | INFO     | __main__:<module>:917 - lr:0.023989638911314483 weight_nat: 0.2737251305860742, nat_loss: 0.005711796227842569, weight_adv: 0.7262748694139258, adv_loss: 0.006072716787457466 weight-klloss3 0.08174 Loss3: 0.024848977103829384 clean_ce: 0.12584272027015686, adv_ce: 0.8840906023979187, adv_margin: 0.43394261598587036, clean_gate: 0.6805947422981262, teacher_margin: 0.1902349591255188, teacher_margin_gate: 0.6897873878479004, teacher_clean_gate: 1.0, teacher_adv_gate: 1.0, tm_grad_cos: 0.6780201196670532, tm_scale: 1.0, tm_ps_scale: 1.0, pcgrad_conflicts: 0/62
2026-07-04 08:18:33.006 | INFO     | __main__:<module>:917 - lr:0.023989638911314483 weight_nat: 0.2737251305860742, nat_loss: 0.005291345063596964, weight_adv: 0.7262748694139258, adv_loss: 0.006758544128388166 weight-klloss3 0.08174 Loss3: 0.022415051236748695 clean_ce: 0.13349030911922455, adv_ce: 0.7443929314613342, adv_margin: 0.30460605025291443, clean_gate: 0.7233785390853882, teacher_margin: 0.14389009773731232, teacher_margin_gate: 0.7102370262145996, teacher_clean_gate: 1.0, teacher_adv_gate: 1.0, tm_grad_cos: 0.691706120967865, tm_scale: 1.0, tm_ps_scale: 1.0, pcgrad_conflicts: 0/62
2026-07-04 08:19:26.107 | INFO     | __main__:<module>:974 - student robust acc 0.5453, teacher robust acc 0.6727, nat teacher robust acc 0.6127
2026-07-04 08:19:32.854 | INFO     | __main__:<module>:1058 - best accuracy:0.7159
2026-07-04 08:19:32.855 | INFO     | __main__:<module>:1061 - student natural acc 0.8865, adv teacher natural acc 0.8796, nat teacher natural acc 0.9318
2026-07-04 08:19:32.856 | INFO     | __main__:<module>:482 - the 252th epoch 
2026-07-04 08:19:33.274 | INFO     | __main__:<module>:917 - lr:0.02310159114060635 weight_nat: 0.2737251305860742, nat_loss: 0.005915246903896332, weight_adv: 0.7262748694139258, adv_loss: 0.0050708092749118805 weight-klloss3 0.08174 Loss3: 0.024899320676922798 clean_ce: 0.15873491764068604, adv_ce: 0.7168654203414917, adv_margin: 0.29981738328933716, clean_gate: 0.7482534646987915, teacher_margin: 0.0758240669965744, teacher_margin_gate: 0.7082046270370483, teacher_clean_gate: 1.0, teacher_adv_gate: 1.0, tm_grad_cos: 0.5951231718063354, tm_scale: 1.0, tm_ps_scale: 1.0, pcgrad_conflicts: 0/62
2026-07-04 08:20:12.637 | INFO     | __main__:<module>:917 - lr:0.02310159114060635 weight_nat: 0.2737251305860742, nat_loss: 0.0056713903322815895, weight_adv: 0.7262748694139258, adv_loss: 0.004712150432169437 weight-klloss3 0.08174 Loss3: 0.012505387887358665 clean_ce: 0.13787841796875, adv_ce: 0.786113977432251, adv_margin: 0.34972280263900757, clean_gate: 0.7206865549087524, teacher_margin: 0.07987497746944427, teacher_margin_gate: 0.6741200089454651, teacher_clean_gate: 1.0, teacher_adv_gate: 1.0, tm_grad_cos: 0.4582500159740448, tm_scale: 1.0, tm_ps_scale: 1.0, pcgrad_conflicts: 0/62
2026-07-04 08:20:51.932 | INFO     | __main__:<module>:917 - lr:0.02310159114060635 weight_nat: 0.2737251305860742, nat_loss: 0.006872483994811773, weight_adv: 0.7262748694139258, adv_loss: 0.006289762444794178 weight-klloss3 0.08174 Loss3: 0.0289069265127182 clean_ce: 0.14105147123336792, adv_ce: 0.7139620184898376, adv_margin: 0.2690010666847229, clean_gate: 0.7301409244537354, teacher_margin: 0.16702258586883545, teacher_margin_gate: 0.7253776788711548, teacher_clean_gate: 1.0, teacher_adv_gate: 1.0, tm_grad_cos: 0.6663113236427307, tm_scale: 1.0, tm_ps_scale: 1.0, pcgrad_conflicts: 0/62
2026-07-04 08:21:31.273 | INFO     | __main__:<module>:917 - lr:0.02310159114060635 weight_nat: 0.2737251305860742, nat_loss: 0.005775766912847757, weight_adv: 0.7262748694139258, adv_loss: 0.007110467180609703 weight-klloss3 0.08174 Loss3: 0.017668120563030243 clean_ce: 0.13549648225307465, adv_ce: 0.8546919226646423, adv_margin: 0.44731101393699646, clean_gate: 0.6914447546005249, teacher_margin: 0.14619788527488708, teacher_margin_gate: 0.6849628686904907, teacher_clean_gate: 1.0, teacher_adv_gate: 1.0, tm_grad_cos: 0.6715101003646851, tm_scale: 1.0, tm_ps_scale: 1.0, pcgrad_conflicts: 0/62
2026-07-04 08:22:25.178 | INFO     | __main__:<module>:974 - student robust acc 0.5451, teacher robust acc 0.6720, nat teacher robust acc 0.6136
2026-07-04 08:22:30.899 | INFO     | __main__:<module>:1061 - student natural acc 0.8862, adv teacher natural acc 0.8783, nat teacher natural acc 0.9318
2026-07-04 08:22:30.901 | INFO     | __main__:<module>:482 - the 253th epoch 
2026-07-04 08:22:31.311 | INFO     | __main__:<module>:917 - lr:0.02222537995275011 weight_nat: 0.2737251305860742, nat_loss: 0.00998727884143591, weight_adv: 0.7262748694139258, adv_loss: 0.005385430064052343 weight-klloss3 0.08174 Loss3: 0.017444241791963577 clean_ce: 0.12769459187984467, adv_ce: 0.9075772762298584, adv_margin: 0.4443868398666382, clean_gate: 0.6867197751998901, teacher_margin: 0.052409663796424866, teacher_margin_gate: 0.6307249069213867, teacher_clean_gate: 1.0, teacher_adv_gate: 1.0, tm_grad_cos: 0.38021203875541687, tm_scale: 1.0, tm_ps_scale: 1.0, pcgrad_conflicts: 1/62
2026-07-04 08:23:10.212 | INFO     | __main__:<module>:917 - lr:0.02222537995275011 weight_nat: 0.2737251305860742, nat_loss: 0.0056794313713908195, weight_adv: 0.7262748694139258, adv_loss: 0.006026819348335266 weight-klloss3 0.08174 Loss3: 0.025634072721004486 clean_ce: 0.12624964118003845, adv_ce: 0.7427986264228821, adv_margin: 0.3258470892906189, clean_gate: 0.7225300669670105, teacher_margin: 0.1247488260269165, teacher_margin_gate: 0.7045701742172241, teacher_clean_gate: 1.0, teacher_adv_gate: 1.0, tm_grad_cos: 0.5791982412338257, tm_scale: 1.0, tm_ps_scale: 1.0, pcgrad_conflicts: 0/62
2026-07-04 08:23:49.163 | INFO     | __main__:<module>:917 - lr:0.02222537995275011 weight_nat: 0.2737251305860742, nat_loss: 0.005658634938299656, weight_adv: 0.7262748694139258, adv_loss: 0.005472446791827679 weight-klloss3 0.08174 Loss3: 0.02617829293012619 clean_ce: 0.15410035848617554, adv_ce: 0.636151909828186, adv_margin: 0.21072816848754883, clean_gate: 0.7760257124900818, teacher_margin: 0.1330098956823349, teacher_margin_gate: 0.7598154544830322, teacher_clean_gate: 1.0, teacher_adv_gate: 1.0, tm_grad_cos: 0.6741899251937866, tm_scale: 1.0, tm_ps_scale: 1.0, pcgrad_conflicts: 0/62
2026-07-04 08:24:28.102 | INFO     | __main__:<module>:917 - lr:0.02222537995275011 weight_nat: 0.2737251305860742, nat_loss: 0.005108172539621592, weight_adv: 0.7262748694139258, adv_loss: 0.0048154182732105255 weight-klloss3 0.08174 Loss3: 0.024095242843031883 clean_ce: 0.13926099240779877, adv_ce: 0.7859082818031311, adv_margin: 0.3474145233631134, clean_gate: 0.7232615947723389, teacher_margin: 0.08227422833442688, teacher_margin_gate: 0.6797478199005127, teacher_clean_gate: 1.0, teacher_adv_gate: 1.0, tm_grad_cos: 0.4570810794830322, tm_scale: 1.0, tm_ps_scale: 1.0, pcgrad_conflicts: 0/62
2026-07-04 08:25:21.015 | INFO     | __main__:<module>:974 - student robust acc 0.5457, teacher robust acc 0.6746, nat teacher robust acc 0.6155
2026-07-04 08:25:26.734 | INFO     | __main__:<module>:1061 - student natural acc 0.8860, adv teacher natural acc 0.8780, nat teacher natural acc 0.9318
2026-07-04 08:25:26.736 | INFO     | __main__:<module>:482 - the 254th epoch 
2026-07-04 08:25:27.149 | INFO     | __main__:<module>:917 - lr:0.021361387842109093 weight_nat: 0.2737251305860742, nat_loss: 0.006879064720124006, weight_adv: 0.7262748694139258, adv_loss: 0.005510883405804634 weight-klloss3 0.08174 Loss3: 0.02527560666203499 clean_ce: 0.13658714294433594, adv_ce: 0.926394522190094, adv_margin: 0.44837015867233276, clean_gate: 0.6599729061126709, teacher_margin: 0.13098081946372986, teacher_margin_gate: 0.6315910816192627, teacher_clean_gate: 1.0, teacher_adv_gate: 1.0, tm_grad_cos: 0.590976357460022, tm_scale: 1.0, tm_ps_scale: 1.0, pcgrad_conflicts: 0/62
2026-07-04 08:26:06.033 | INFO     | __main__:<module>:917 - lr:0.021361387842109093 weight_nat: 0.2737251305860742, nat_loss: 0.007628337945789099, weight_adv: 0.7262748694139258, adv_loss: 0.005489124916493893 weight-klloss3 0.08174 Loss3: 0.027638133615255356 clean_ce: 0.13439202308654785, adv_ce: 0.7777596116065979, adv_margin: 0.3335888385772705, clean_gate: 0.711279034614563, teacher_margin: 0.1622876077890396, teacher_margin_gate: 0.6960133910179138, teacher_clean_gate: 1.0, teacher_adv_gate: 1.0, tm_grad_cos: 0.6434917449951172, tm_scale: 1.0, tm_ps_scale: 1.0, pcgrad_conflicts: 2/62
2026-07-04 08:26:44.941 | INFO     | __main__:<module>:917 - lr:0.021361387842109093 weight_nat: 0.2737251305860742, nat_loss: 0.005413123406469822, weight_adv: 0.7262748694139258, adv_loss: 0.005548432003706694 weight-klloss3 0.08174 Loss3: 0.020628003403544426 clean_ce: 0.1301840841770172, adv_ce: 0.7768839001655579, adv_margin: 0.35757556557655334, clean_gate: 0.709193229675293, teacher_margin: 0.11657451093196869, teacher_margin_gate: 0.6827411651611328, teacher_clean_gate: 1.0, teacher_adv_gate: 1.0, tm_grad_cos: 0.5891841650009155, tm_scale: 1.0, tm_ps_scale: 1.0, pcgrad_conflicts: 0/62
2026-07-04 08:27:23.814 | INFO     | __main__:<module>:917 - lr:0.021361387842109093 weight_nat: 0.2737251305860742, nat_loss: 0.004972209222614765, weight_adv: 0.7262748694139258, adv_loss: 0.004729016218334436 weight-klloss3 0.08174 Loss3: 0.02410581335425377 clean_ce: 0.14725065231323242, adv_ce: 0.7206611633300781, adv_margin: 0.321036159992218, clean_gate: 0.7392913103103638, teacher_margin: 0.07866314798593521, teacher_margin_gate: 0.7013489007949829, teacher_clean_gate: 1.0, teacher_adv_gate: 1.0, tm_grad_cos: 0.5017797350883484, tm_scale: 1.0, tm_ps_scale: 1.0, pcgrad_conflicts: 0/62
2026-07-04 08:28:16.659 | INFO     | __main__:<module>:974 - student robust acc 0.5463, teacher robust acc 0.6746, nat teacher robust acc 0.6158
2026-07-04 08:28:23.213 | INFO     | __main__:<module>:1058 - best accuracy:0.7161500000000001
2026-07-04 08:28:23.214 | INFO     | __main__:<module>:1061 - student natural acc 0.8860, adv teacher natural acc 0.8790, nat teacher natural acc 0.9318
2026-07-04 08:28:23.215 | INFO     | __main__:<module>:482 - the 255th epoch 
2026-07-04 08:28:23.627 | INFO     | __main__:<module>:917 - lr:0.020509991800446135 weight_nat: 0.2737251305860742, nat_loss: 0.005668274592608213, weight_adv: 0.7262748694139258, adv_loss: 0.007351882755756378 weight-klloss3 0.08174 Loss3: 0.015582110732793808 clean_ce: 0.1424088031053543, adv_ce: 0.7106043100357056, adv_margin: 0.2904219925403595, clean_gate: 0.7263323068618774, teacher_margin: 0.13943442702293396, teacher_margin_gate: 0.6995799541473389, teacher_clean_gate: 1.0, teacher_adv_gate: 1.0, tm_grad_cos: 0.5881749391555786, tm_scale: 1.0, tm_ps_scale: 1.0, pcgrad_conflicts: 0/62
2026-07-04 08:29:02.538 | INFO     | __main__:<module>:917 - lr:0.020509991800446135 weight_nat: 0.2737251305860742, nat_loss: 0.0056912885047495365, weight_adv: 0.7262748694139258, adv_loss: 0.005414523184299469 weight-klloss3 0.08174 Loss3: 0.022133784368634224 clean_ce: 0.13972458243370056, adv_ce: 0.7572367787361145, adv_margin: 0.3394768238067627, clean_gate: 0.72802734375, teacher_margin: 0.11024314910173416, teacher_margin_gate: 0.7045108079910278, teacher_clean_gate: 1.0, teacher_adv_gate: 1.0, tm_grad_cos: 0.546021580696106, tm_scale: 1.0, tm_ps_scale: 1.0, pcgrad_conflicts: 0/62
2026-07-04 08:29:41.411 | INFO     | __main__:<module>:917 - lr:0.020509991800446135 weight_nat: 0.2737251305860742, nat_loss: 0.005577356554567814, weight_adv: 0.7262748694139258, adv_loss: 0.004810042679309845 weight-klloss3 0.08174 Loss3: 0.016328517347574234 clean_ce: 0.14560872316360474, adv_ce: 0.6673798561096191, adv_margin: 0.2703814208507538, clean_gate: 0.7609151601791382, teacher_margin: 0.1038614884018898, teacher_margin_gate: 0.7222998142242432, teacher_clean_gate: 1.0, teacher_adv_gate: 1.0, tm_grad_cos: 0.6217737197875977, tm_scale: 1.0, tm_ps_scale: 1.0, pcgrad_conflicts: 0/62
2026-07-04 08:30:20.309 | INFO     | __main__:<module>:917 - lr:0.020509991800446135 weight_nat: 0.2737251305860742, nat_loss: 0.004091919865459204, weight_adv: 0.7262748694139258, adv_loss: 0.005613453220576048 weight-klloss3 0.08174 Loss3: 0.01929168589413166 clean_ce: 0.14015425741672516, adv_ce: 0.7100353837013245, adv_margin: 0.2914840579032898, clean_gate: 0.7355252504348755, teacher_margin: 0.12337704747915268, teacher_margin_gate: 0.7140122652053833, teacher_clean_gate: 1.0, teacher_adv_gate: 1.0, tm_grad_cos: 0.5780465006828308, tm_scale: 1.0, tm_ps_scale: 1.0, pcgrad_conflicts: 0/62
2026-07-04 08:31:13.194 | INFO     | __main__:<module>:974 - student robust acc 0.5480, teacher robust acc 0.6749, nat teacher robust acc 0.6142
2026-07-04 08:31:19.661 | INFO     | __main__:<module>:1058 - best accuracy:0.71705
2026-07-04 08:31:19.662 | INFO     | __main__:<module>:1061 - student natural acc 0.8861, adv teacher natural acc 0.8800, nat teacher natural acc 0.9318
2026-07-04 08:31:19.664 | INFO     | __main__:<module>:482 - the 256th epoch 
2026-07-04 08:31:20.080 | INFO     | __main__:<module>:917 - lr:0.019671563150245056 weight_nat: 0.2737251305860742, nat_loss: 0.008264327421784401, weight_adv: 0.7262748694139258, adv_loss: 0.005765596870332956 weight-klloss3 0.08174 Loss3: 0.02105533331632614 clean_ce: 0.12242210656404495, adv_ce: 0.9640697836875916, adv_margin: 0.44497108459472656, clean_gate: 0.6644203662872314, teacher_margin: 0.11891227960586548, teacher_margin_gate: 0.646621584892273, teacher_clean_gate: 1.0, teacher_adv_gate: 1.0, tm_grad_cos: 0.5269215703010559, tm_scale: 1.0, tm_ps_scale: 1.0, pcgrad_conflicts: 8/62
2026-07-04 08:31:58.969 | INFO     | __main__:<module>:917 - lr:0.019671563150245056 weight_nat: 0.2737251305860742, nat_loss: 0.005164544563740492, weight_adv: 0.7262748694139258, adv_loss: 0.005267660599201918 weight-klloss3 0.08174 Loss3: 0.019123811274766922 clean_ce: 0.1433270275592804, adv_ce: 0.7310979962348938, adv_margin: 0.2874864935874939, clean_gate: 0.7285995483398438, teacher_margin: 0.07185263931751251, teacher_margin_gate: 0.6815100908279419, teacher_clean_gate: 1.0, teacher_adv_gate: 1.0, tm_grad_cos: 0.4316433072090149, tm_scale: 1.0, tm_ps_scale: 1.0, pcgrad_conflicts: 0/62
2026-07-04 08:32:37.847 | INFO     | __main__:<module>:917 - lr:0.019671563150245056 weight_nat: 0.2737251305860742, nat_loss: 0.004995712079107761, weight_adv: 0.7262748694139258, adv_loss: 0.005182521417737007 weight-klloss3 0.08174 Loss3: 0.015366250649094582 clean_ce: 0.1401767134666443, adv_ce: 0.6774529218673706, adv_margin: 0.2944520115852356, clean_gate: 0.7558947801589966, teacher_margin: 0.09722968935966492, teacher_margin_gate: 0.7245628237724304, teacher_clean_gate: 1.0, teacher_adv_gate: 1.0, tm_grad_cos: 0.52590411901474, tm_scale: 1.0, tm_ps_scale: 1.0, pcgrad_conflicts: 0/62
2026-07-04 08:33:16.865 | INFO     | __main__:<module>:917 - lr:0.019671563150245056 weight_nat: 0.2737251305860742, nat_loss: 0.005262894090265036, weight_adv: 0.7262748694139258, adv_loss: 0.004634195473045111 weight-klloss3 0.08174 Loss3: 0.0213337279856205 clean_ce: 0.14920926094055176, adv_ce: 0.6766737103462219, adv_margin: 0.254159152507782, clean_gate: 0.7623953223228455, teacher_margin: 0.09255088865756989, teacher_margin_gate: 0.7286837100982666, teacher_clean_gate: 1.0, teacher_adv_gate: 1.0, tm_grad_cos: 0.609372079372406, tm_scale: 1.0, tm_ps_scale: 1.0, pcgrad_conflicts: 0/62
2026-07-04 08:34:11.095 | INFO     | __main__:<module>:974 - student robust acc 0.5485, teacher robust acc 0.6743, nat teacher robust acc 0.6158
2026-07-04 08:34:17.959 | INFO     | __main__:<module>:1058 - best accuracy:0.71755
2026-07-04 08:34:17.959 | INFO     | __main__:<module>:1061 - student natural acc 0.8866, adv teacher natural acc 0.8795, nat teacher natural acc 0.9318
2026-07-04 08:34:17.961 | INFO     | __main__:<module>:482 - the 257th epoch 
2026-07-04 08:34:18.377 | INFO     | __main__:<module>:917 - lr:0.01884646738059459 weight_nat: 0.2737251305860742, nat_loss: 0.0060403901152312756, weight_adv: 0.7262748694139258, adv_loss: 0.004494462162256241 weight-klloss3 0.08174 Loss3: 0.022849615663290024 clean_ce: 0.1482168287038803, adv_ce: 0.651616096496582, adv_margin: 0.22771677374839783, clean_gate: 0.7576966285705566, teacher_margin: 0.10137617588043213, teacher_margin_gate: 0.7170841097831726, teacher_clean_gate: 1.0, teacher_adv_gate: 1.0, tm_grad_cos: 0.5655379891395569, tm_scale: 1.0, tm_ps_scale: 1.0, pcgrad_conflicts: 0/62
2026-07-04 08:34:57.751 | INFO     | __main__:<module>:917 - lr:0.01884646738059459 weight_nat: 0.2737251305860742, nat_loss: 0.006852451246231794, weight_adv: 0.7262748694139258, adv_loss: 0.006093577016144991 weight-klloss3 0.08174 Loss3: 0.023173121735453606 clean_ce: 0.1278451383113861, adv_ce: 0.8024123907089233, adv_margin: 0.3708244562149048, clean_gate: 0.7163024544715881, teacher_margin: 0.1279754638671875, teacher_margin_gate: 0.7009090781211853, teacher_clean_gate: 1.0, teacher_adv_gate: 1.0, tm_grad_cos: 0.5921267867088318, tm_scale: 1.0, tm_ps_scale: 1.0, pcgrad_conflicts: 0/62
2026-07-04 08:35:37.096 | INFO     | __main__:<module>:917 - lr:0.01884646738059459 weight_nat: 0.2737251305860742, nat_loss: 0.00589956808835268, weight_adv: 0.7262748694139258, adv_loss: 0.005096768029034138 weight-klloss3 0.08174 Loss3: 0.024718279018998146 clean_ce: 0.1374647319316864, adv_ce: 0.6741740703582764, adv_margin: 0.27473241090774536, clean_gate: 0.7466996908187866, teacher_margin: 0.10552320629358292, teacher_margin_gate: 0.716332197189331, teacher_clean_gate: 1.0, teacher_adv_gate: 1.0, tm_grad_cos: 0.554715096950531, tm_scale: 1.0, tm_ps_scale: 1.0, pcgrad_conflicts: 0/62
2026-07-04 08:36:16.286 | INFO     | __main__:<module>:917 - lr:0.01884646738059459 weight_nat: 0.2737251305860742, nat_loss: 0.00561148626729846, weight_adv: 0.7262748694139258, adv_loss: 0.005649231839925051 weight-klloss3 0.08174 Loss3: 0.024785351008176804 clean_ce: 0.13565343618392944, adv_ce: 0.8528960943222046, adv_margin: 0.374394029378891, clean_gate: 0.6842638254165649, teacher_margin: 0.1305193305015564, teacher_margin_gate: 0.6651321053504944, teacher_clean_gate: 1.0, teacher_adv_gate: 1.0, tm_grad_cos: 0.5963740348815918, tm_scale: 1.0, tm_ps_scale: 1.0, pcgrad_conflicts: 0/62
2026-07-04 08:37:09.198 | INFO     | __main__:<module>:974 - student robust acc 0.5476, teacher robust acc 0.6750, nat teacher robust acc 0.6200
2026-07-04 08:37:14.904 | INFO     | __main__:<module>:1061 - student natural acc 0.8868, adv teacher natural acc 0.8776, nat teacher natural acc 0.9318
2026-07-04 08:37:14.906 | INFO     | __main__:<module>:482 - the 258th epoch 
2026-07-04 08:37:15.319 | INFO     | __main__:<module>:917 - lr:0.018035063985707728 weight_nat: 0.2737251305860742, nat_loss: 0.005375594832003117, weight_adv: 0.7262748694139258, adv_loss: 0.0037880055606365204 weight-klloss3 0.08174 Loss3: 0.017834343016147614 clean_ce: 0.15108512341976166, adv_ce: 0.7138240337371826, adv_margin: 0.280551552772522, clean_gate: 0.7385572195053101, teacher_margin: 0.08041200041770935, teacher_margin_gate: 0.6965482831001282, teacher_clean_gate: 1.0, teacher_adv_gate: 1.0, tm_grad_cos: 0.5459541082382202, tm_scale: 1.0, tm_ps_scale: 1.0, pcgrad_conflicts: 0/62
2026-07-04 08:37:54.140 | INFO     | __main__:<module>:917 - lr:0.018035063985707728 weight_nat: 0.2737251305860742, nat_loss: 0.006364778615534306, weight_adv: 0.7262748694139258, adv_loss: 0.006034069694578648 weight-klloss3 0.08174 Loss3: 0.020823219791054726 clean_ce: 0.14784842729568481, adv_ce: 0.8178272247314453, adv_margin: 0.3433431386947632, clean_gate: 0.724706768989563, teacher_margin: 0.11129584908485413, teacher_margin_gate: 0.6813259720802307, teacher_clean_gate: 1.0, teacher_adv_gate: 1.0, tm_grad_cos: 0.5700798034667969, tm_scale: 1.0, tm_ps_scale: 1.0, pcgrad_conflicts: 0/62
2026-07-04 08:38:33.061 | INFO     | __main__:<module>:917 - lr:0.018035063985707728 weight_nat: 0.2737251305860742, nat_loss: 0.006805004086345434, weight_adv: 0.7262748694139258, adv_loss: 0.005081078037619591 weight-klloss3 0.08174 Loss3: 0.015520980581641197 clean_ce: 0.1458003669977188, adv_ce: 0.7366867065429688, adv_margin: 0.28179931640625, clean_gate: 0.738398551940918, teacher_margin: 0.10974089801311493, teacher_margin_gate: 0.7128953337669373, teacher_clean_gate: 1.0, teacher_adv_gate: 1.0, tm_grad_cos: 0.5652082562446594, tm_scale: 1.0, tm_ps_scale: 1.0, pcgrad_conflicts: 0/62
2026-07-04 08:39:11.946 | INFO     | __main__:<module>:917 - lr:0.018035063985707728 weight_nat: 0.2737251305860742, nat_loss: 0.005451002158224583, weight_adv: 0.7262748694139258, adv_loss: 0.00537438178434968 weight-klloss3 0.08174 Loss3: 0.030071744695305824 clean_ce: 0.14692968130111694, adv_ce: 0.6458262801170349, adv_margin: 0.21977195143699646, clean_gate: 0.7699021100997925, teacher_margin: 0.12035942077636719, teacher_margin_gate: 0.7386829853057861, teacher_clean_gate: 1.0, teacher_adv_gate: 1.0, tm_grad_cos: 0.5745428204536438, tm_scale: 1.0, tm_ps_scale: 1.0, pcgrad_conflicts: 0/62
2026-07-04 08:40:04.800 | INFO     | __main__:<module>:974 - student robust acc 0.5484, teacher robust acc 0.6747, nat teacher robust acc 0.6163
2026-07-04 08:40:10.488 | INFO     | __main__:<module>:1061 - student natural acc 0.8866, adv teacher natural acc 0.8783, nat teacher natural acc 0.9318
2026-07-04 08:40:10.490 | INFO     | __main__:<module>:482 - the 259th epoch 
2026-07-04 08:40:10.901 | INFO     | __main__:<module>:917 - lr:0.017237706306148577 weight_nat: 0.2737251305860742, nat_loss: 0.006603775080293417, weight_adv: 0.7262748694139258, adv_loss: 0.004176716785877943 weight-klloss3 0.08174 Loss3: 0.02548396959900856 clean_ce: 0.14124920964241028, adv_ce: 0.7561866641044617, adv_margin: 0.2973233461380005, clean_gate: 0.7227653861045837, teacher_margin: 0.0919405072927475, teacher_margin_gate: 0.6934226751327515, teacher_clean_gate: 1.0, teacher_adv_gate: 1.0, tm_grad_cos: 0.6038475036621094, tm_scale: 1.0, tm_ps_scale: 1.0, pcgrad_conflicts: 0/62
2026-07-04 08:40:49.708 | INFO     | __main__:<module>:917 - lr:0.017237706306148577 weight_nat: 0.2737251305860742, nat_loss: 0.006907936185598373, weight_adv: 0.7262748694139258, adv_loss: 0.003861664794385433 weight-klloss3 0.08174 Loss3: 0.014961056411266327 clean_ce: 0.14234991371631622, adv_ce: 0.7285028696060181, adv_margin: 0.29838764667510986, clean_gate: 0.7392262816429138, teacher_margin: 0.0717080682516098, teacher_margin_gate: 0.6725618839263916, teacher_clean_gate: 1.0, teacher_adv_gate: 1.0, tm_grad_cos: 0.4492371678352356, tm_scale: 1.0, tm_ps_scale: 1.0, pcgrad_conflicts: 0/62
2026-07-04 08:41:28.545 | INFO     | __main__:<module>:917 - lr:0.017237706306148577 weight_nat: 0.2737251305860742, nat_loss: 0.005521043669432402, weight_adv: 0.7262748694139258, adv_loss: 0.004331392701715231 weight-klloss3 0.08174 Loss3: 0.023130357265472412 clean_ce: 0.14862501621246338, adv_ce: 0.7203850746154785, adv_margin: 0.310282826423645, clean_gate: 0.7476306557655334, teacher_margin: 0.11247602105140686, teacher_margin_gate: 0.7152677774429321, teacher_clean_gate: 1.0, teacher_adv_gate: 1.0, tm_grad_cos: 0.6006299257278442, tm_scale: 1.0, tm_ps_scale: 1.0, pcgrad_conflicts: 0/62
2026-07-04 08:42:07.455 | INFO     | __main__:<module>:917 - lr:0.017237706306148577 weight_nat: 0.2737251305860742, nat_loss: 0.006131397094577551, weight_adv: 0.7262748694139258, adv_loss: 0.005149340722709894 weight-klloss3 0.08174 Loss3: 0.02487204596400261 clean_ce: 0.14010101556777954, adv_ce: 0.7349647283554077, adv_margin: 0.3102409541606903, clean_gate: 0.7283037900924683, teacher_margin: 0.1275995373725891, teacher_margin_gate: 0.7042101621627808, teacher_clean_gate: 1.0, teacher_adv_gate: 1.0, tm_grad_cos: 0.6010363101959229, tm_scale: 1.0, tm_ps_scale: 1.0, pcgrad_conflicts: 0/62
2026-07-04 08:43:00.385 | INFO     | __main__:<module>:974 - student robust acc 0.5477, teacher robust acc 0.6765, nat teacher robust acc 0.6127
2026-07-04 08:43:06.055 | INFO     | __main__:<module>:1061 - student natural acc 0.8864, adv teacher natural acc 0.8799, nat teacher natural acc 0.9318
2026-07-04 08:43:06.057 | INFO     | __main__:<module>:482 - the 260th epoch 
2026-07-04 08:43:06.471 | INFO     | __main__:<module>:917 - lr:0.01645474137283715 weight_nat: 0.2737251305860742, nat_loss: 0.006230700295418501, weight_adv: 0.7262748694139258, adv_loss: 0.005539881065487862 weight-klloss3 0.08174 Loss3: 0.020476002246141434 clean_ce: 0.12891966104507446, adv_ce: 0.843635082244873, adv_margin: 0.4122748374938965, clean_gate: 0.6955193281173706, teacher_margin: 0.10701870918273926, teacher_margin_gate: 0.6728621125221252, teacher_clean_gate: 1.0, teacher_adv_gate: 1.0, tm_grad_cos: 0.5419889688491821, tm_scale: 1.0, tm_ps_scale: 1.0, pcgrad_conflicts: 0/62
2026-07-04 08:43:45.315 | INFO     | __main__:<module>:917 - lr:0.01645474137283715 weight_nat: 0.2737251305860742, nat_loss: 0.0059885126538574696, weight_adv: 0.7262748694139258, adv_loss: 0.0036234608851373196 weight-klloss3 0.08174 Loss3: 0.0332091748714447 clean_ce: 0.137334942817688, adv_ce: 0.7506153583526611, adv_margin: 0.35609424114227295, clean_gate: 0.7412331104278564, teacher_margin: 0.0833093523979187, teacher_margin_gate: 0.7171629667282104, teacher_clean_gate: 1.0, teacher_adv_gate: 1.0, tm_grad_cos: 0.5785104632377625, tm_scale: 1.0, tm_ps_scale: 1.0, pcgrad_conflicts: 0/62
2026-07-04 08:44:24.149 | INFO     | __main__:<module>:917 - lr:0.01645474137283715 weight_nat: 0.2737251305860742, nat_loss: 0.005687512457370758, weight_adv: 0.7262748694139258, adv_loss: 0.004676605109125376 weight-klloss3 0.08174 Loss3: 0.016606351360678673 clean_ce: 0.13464221358299255, adv_ce: 0.7816948890686035, adv_margin: 0.36104458570480347, clean_gate: 0.7182798981666565, teacher_margin: 0.06627209484577179, teacher_margin_gate: 0.6646716594696045, teacher_clean_gate: 1.0, teacher_adv_gate: 1.0, tm_grad_cos: 0.48269662261009216, tm_scale: 1.0, tm_ps_scale: 1.0, pcgrad_conflicts: 0/62
2026-07-04 08:45:03.033 | INFO     | __main__:<module>:917 - lr:0.01645474137283715 weight_nat: 0.2737251305860742, nat_loss: 0.005320894531905651, weight_adv: 0.7262748694139258, adv_loss: 0.00443296181038022 weight-klloss3 0.08174 Loss3: 0.016753055155277252 clean_ce: 0.143336221575737, adv_ce: 0.7062354683876038, adv_margin: 0.28895556926727295, clean_gate: 0.7590751647949219, teacher_margin: 0.07376833260059357, teacher_margin_gate: 0.7121133804321289, teacher_clean_gate: 1.0, teacher_adv_gate: 1.0, tm_grad_cos: 0.49674370884895325, tm_scale: 1.0, tm_ps_scale: 1.0, pcgrad_conflicts: 0/62
2026-07-04 08:45:55.944 | INFO     | __main__:<module>:974 - student robust acc 0.5473, teacher robust acc 0.6748, nat teacher robust acc 0.6156
2026-07-04 08:46:01.704 | INFO     | __main__:<module>:1061 - student natural acc 0.8867, adv teacher natural acc 0.8801, nat teacher natural acc 0.9318
2026-07-04 08:46:01.706 | INFO     | __main__:<module>:482 - the 261th epoch 
2026-07-04 08:46:02.118 | INFO     | __main__:<module>:917 - lr:0.01568650975390193 weight_nat: 0.2737251305860742, nat_loss: 0.004477667156606913, weight_adv: 0.7262748694139258, adv_loss: 0.003764186752960086 weight-klloss3 0.08174 Loss3: 0.022380588576197624 clean_ce: 0.1423397809267044, adv_ce: 0.640628457069397, adv_margin: 0.24860116839408875, clean_gate: 0.7787178754806519, teacher_margin: 0.07220136374235153, teacher_margin_gate: 0.7274817228317261, teacher_clean_gate: 1.0, teacher_adv_gate: 1.0, tm_grad_cos: 0.5007289052009583, tm_scale: 1.0, tm_ps_scale: 1.0, pcgrad_conflicts: 0/62
2026-07-04 08:46:41.017 | INFO     | __main__:<module>:917 - lr:0.01568650975390193 weight_nat: 0.2737251305860742, nat_loss: 0.005186193622648716, weight_adv: 0.7262748694139258, adv_loss: 0.004478493705391884 weight-klloss3 0.08174 Loss3: 0.032674264162778854 clean_ce: 0.14509132504463196, adv_ce: 0.7360073924064636, adv_margin: 0.27965760231018066, clean_gate: 0.7357912063598633, teacher_margin: 0.07830828428268433, teacher_margin_gate: 0.6831207275390625, teacher_clean_gate: 1.0, teacher_adv_gate: 1.0, tm_grad_cos: 0.5101116299629211, tm_scale: 1.0, tm_ps_scale: 1.0, pcgrad_conflicts: 0/62
2026-07-04 08:47:19.909 | INFO     | __main__:<module>:917 - lr:0.01568650975390193 weight_nat: 0.2737251305860742, nat_loss: 0.005912726745009422, weight_adv: 0.7262748694139258, adv_loss: 0.0037410082295536995 weight-klloss3 0.08174 Loss3: 0.02812528982758522 clean_ce: 0.15224438905715942, adv_ce: 0.6530974507331848, adv_margin: 0.21483509242534637, clean_gate: 0.7587576508522034, teacher_margin: 0.08384791016578674, teacher_margin_gate: 0.7078515291213989, teacher_clean_gate: 1.0, teacher_adv_gate: 1.0, tm_grad_cos: 0.519903302192688, tm_scale: 1.0, tm_ps_scale: 1.0, pcgrad_conflicts: 0/62
2026-07-04 08:47:58.945 | INFO     | __main__:<module>:917 - lr:0.01568650975390193 weight_nat: 0.2737251305860742, nat_loss: 0.005837488453835249, weight_adv: 0.7262748694139258, adv_loss: 0.004306266084313393 weight-klloss3 0.08174 Loss3: 0.020319372415542603 clean_ce: 0.1560254693031311, adv_ce: 0.7175318598747253, adv_margin: 0.28665149211883545, clean_gate: 0.7453756332397461, teacher_margin: 0.09154488891363144, teacher_margin_gate: 0.7235198616981506, teacher_clean_gate: 1.0, teacher_adv_gate: 1.0, tm_grad_cos: 0.5230708718299866, tm_scale: 1.0, tm_ps_scale: 1.0, pcgrad_conflicts: 1/62
2026-07-04 08:48:52.512 | INFO     | __main__:<module>:974 - student robust acc 0.5459, teacher robust acc 0.6754, nat teacher robust acc 0.6161
2026-07-04 08:48:58.514 | INFO     | __main__:<module>:1061 - student natural acc 0.8866, adv teacher natural acc 0.8789, nat teacher natural acc 0.9318
2026-07-04 08:48:58.516 | INFO     | __main__:<module>:482 - the 262th epoch 
2026-07-04 08:48:58.930 | INFO     | __main__:<module>:917 - lr:0.01493334540444774 weight_nat: 0.2737251305860742, nat_loss: 0.004681238904595375, weight_adv: 0.7262748694139258, adv_loss: 0.004041395615786314 weight-klloss3 0.08174 Loss3: 0.027723994106054306 clean_ce: 0.13782992959022522, adv_ce: 0.6680893301963806, adv_margin: 0.27662235498428345, clean_gate: 0.7696520090103149, teacher_margin: 0.07460154592990875, teacher_margin_gate: 0.7218067646026611, teacher_clean_gate: 1.0, teacher_adv_gate: 1.0, tm_grad_cos: 0.5837641954421997, tm_scale: 1.0, tm_ps_scale: 1.0, pcgrad_conflicts: 0/62
2026-07-04 08:49:38.303 | INFO     | __main__:<module>:917 - lr:0.01493334540444774 weight_nat: 0.2737251305860742, nat_loss: 0.0040391115471720695, weight_adv: 0.7262748694139258, adv_loss: 0.003402050817385316 weight-klloss3 0.08174 Loss3: 0.02490970492362976 clean_ce: 0.15405729413032532, adv_ce: 0.6050491333007812, adv_margin: 0.21950367093086243, clean_gate: 0.7902593612670898, teacher_margin: 0.037604931741952896, teacher_margin_gate: 0.7298493981361389, teacher_clean_gate: 1.0, teacher_adv_gate: 1.0, tm_grad_cos: 0.31742170453071594, tm_scale: 1.0, tm_ps_scale: 1.0, pcgrad_conflicts: 2/62
2026-07-04 08:50:17.642 | INFO     | __main__:<module>:917 - lr:0.01493334540444774 weight_nat: 0.2737251305860742, nat_loss: 0.004494927823543549, weight_adv: 0.7262748694139258, adv_loss: 0.004051344934850931 weight-klloss3 0.08174 Loss3: 0.014246076345443726 clean_ce: 0.15091857314109802, adv_ce: 0.7248303294181824, adv_margin: 0.2857068181037903, clean_gate: 0.7222508192062378, teacher_margin: 0.09220612049102783, teacher_margin_gate: 0.6741513609886169, teacher_clean_gate: 1.0, teacher_adv_gate: 1.0, tm_grad_cos: 0.5782639980316162, tm_scale: 1.0, tm_ps_scale: 1.0, pcgrad_conflicts: 0/62
2026-07-04 08:50:56.791 | INFO     | __main__:<module>:917 - lr:0.01493334540444774 weight_nat: 0.2737251305860742, nat_loss: 0.004360328894108534, weight_adv: 0.7262748694139258, adv_loss: 0.003585891565307975 weight-klloss3 0.08174 Loss3: 0.01647564396262169 clean_ce: 0.13190189003944397, adv_ce: 0.7542855143547058, adv_margin: 0.3799867033958435, clean_gate: 0.7420123219490051, teacher_margin: 0.034787099808454514, teacher_margin_gate: 0.681175172328949, teacher_clean_gate: 1.0, teacher_adv_gate: 1.0, tm_grad_cos: 0.2907421886920929, tm_scale: 1.0, tm_ps_scale: 1.0, pcgrad_conflicts: 2/62
2026-07-04 08:51:49.667 | INFO     | __main__:<module>:974 - student robust acc 0.5460, teacher robust acc 0.6758, nat teacher robust acc 0.6140
2026-07-04 08:51:55.320 | INFO     | __main__:<module>:1061 - student natural acc 0.8864, adv teacher natural acc 0.8790, nat teacher natural acc 0.9318
2026-07-04 08:51:55.322 | INFO     | __main__:<module>:482 - the 263th epoch 
2026-07-04 08:51:55.729 | INFO     | __main__:<module>:917 - lr:0.01419557551930627 weight_nat: 0.2737251305860742, nat_loss: 0.005523759871721268, weight_adv: 0.7262748694139258, adv_loss: 0.0035971831530332565 weight-klloss3 0.08174 Loss3: 0.021473146975040436 clean_ce: 0.13571004569530487, adv_ce: 0.8141459226608276, adv_margin: 0.35992342233657837, clean_gate: 0.7023061513900757, teacher_margin: 0.07909592986106873, teacher_margin_gate: 0.6592286825180054, teacher_clean_gate: 1.0, teacher_adv_gate: 1.0, tm_grad_cos: 0.46290624141693115, tm_scale: 1.0, tm_ps_scale: 1.0, pcgrad_conflicts: 0/62
2026-07-04 08:52:34.559 | INFO     | __main__:<module>:917 - lr:0.01419557551930627 weight_nat: 0.2737251305860742, nat_loss: 0.005717987194657326, weight_adv: 0.7262748694139258, adv_loss: 0.0033761034719645977 weight-klloss3 0.08174 Loss3: 0.020030386745929718 clean_ce: 0.13997551798820496, adv_ce: 0.7454172372817993, adv_margin: 0.30912911891937256, clean_gate: 0.7204133868217468, teacher_margin: 0.06310170888900757, teacher_margin_gate: 0.6500557661056519, teacher_clean_gate: 1.0, teacher_adv_gate: 1.0, tm_grad_cos: 0.45487579703330994, tm_scale: 1.0, tm_ps_scale: 1.0, pcgrad_conflicts: 0/62
2026-07-04 08:53:13.369 | INFO     | __main__:<module>:917 - lr:0.01419557551930627 weight_nat: 0.2737251305860742, nat_loss: 0.00419569481164217, weight_adv: 0.7262748694139258, adv_loss: 0.004495176021009684 weight-klloss3 0.08174 Loss3: 0.02451581321656704 clean_ce: 0.1354673206806183, adv_ce: 0.6179609894752502, adv_margin: 0.22525346279144287, clean_gate: 0.7772078514099121, teacher_margin: 0.07857252657413483, teacher_margin_gate: 0.7200112342834473, teacher_clean_gate: 1.0, teacher_adv_gate: 1.0, tm_grad_cos: 0.4798213839530945, tm_scale: 1.0, tm_ps_scale: 1.0, pcgrad_conflicts: 0/62
2026-07-04 08:53:52.137 | INFO     | __main__:<module>:917 - lr:0.01419557551930627 weight_nat: 0.2737251305860742, nat_loss: 0.005351891741156578, weight_adv: 0.7262748694139258, adv_loss: 0.004035331308841705 weight-klloss3 0.08174 Loss3: 0.023606382310390472 clean_ce: 0.1281965970993042, adv_ce: 0.81833815574646, adv_margin: 0.38035064935684204, clean_gate: 0.7190147042274475, teacher_margin: 0.10605597496032715, teacher_margin_gate: 0.6942123174667358, teacher_clean_gate: 1.0, teacher_adv_gate: 1.0, tm_grad_cos: 0.6011056900024414, tm_scale: 1.0, tm_ps_scale: 1.0, pcgrad_conflicts: 0/62
2026-07-04 08:54:44.978 | INFO     | __main__:<module>:974 - student robust acc 0.5467, teacher robust acc 0.6765, nat teacher robust acc 0.6130
2026-07-04 08:54:50.661 | INFO     | __main__:<module>:1061 - student natural acc 0.8861, adv teacher natural acc 0.8804, nat teacher natural acc 0.9318
2026-07-04 08:54:50.662 | INFO     | __main__:<module>:482 - the 264th epoch 
2026-07-04 08:54:51.074 | INFO     | __main__:<module>:917 - lr:0.013473520388834273 weight_nat: 0.2737251305860742, nat_loss: 0.0054144891910254955, weight_adv: 0.7262748694139258, adv_loss: 0.003711855970323086 weight-klloss3 0.08174 Loss3: 0.021499251946806908 clean_ce: 0.14072677493095398, adv_ce: 0.6495658159255981, adv_margin: 0.22546297311782837, clean_gate: 0.7648699283599854, teacher_margin: 0.07302017509937286, teacher_margin_gate: 0.6977419257164001, teacher_clean_gate: 1.0, teacher_adv_gate: 1.0, tm_grad_cos: 0.4673754870891571, tm_scale: 1.0, tm_ps_scale: 1.0, pcgrad_conflicts: 0/62
2026-07-04 08:55:29.930 | INFO     | __main__:<module>:917 - lr:0.013473520388834273 weight_nat: 0.2737251305860742, nat_loss: 0.005433192010968924, weight_adv: 0.7262748694139258, adv_loss: 0.004003707319498062 weight-klloss3 0.08174 Loss3: 0.023040175437927246 clean_ce: 0.1530950963497162, adv_ce: 0.7923871278762817, adv_margin: 0.3717147409915924, clean_gate: 0.7094380855560303, teacher_margin: 0.07526083290576935, teacher_margin_gate: 0.6610184907913208, teacher_clean_gate: 1.0, teacher_adv_gate: 1.0, tm_grad_cos: 0.5181326866149902, tm_scale: 1.0, tm_ps_scale: 1.0, pcgrad_conflicts: 0/62
2026-07-04 08:56:08.801 | INFO     | __main__:<module>:917 - lr:0.013473520388834273 weight_nat: 0.2737251305860742, nat_loss: 0.004154743626713753, weight_adv: 0.7262748694139258, adv_loss: 0.003138219239190221 weight-klloss3 0.08174 Loss3: 0.020941918715834618 clean_ce: 0.14387808740139008, adv_ce: 0.6387487649917603, adv_margin: 0.2401684820652008, clean_gate: 0.7831952571868896, teacher_margin: 0.059019461274147034, teacher_margin_gate: 0.7189756631851196, teacher_clean_gate: 1.0, teacher_adv_gate: 1.0, tm_grad_cos: 0.4635242521762848, tm_scale: 1.0, tm_ps_scale: 1.0, pcgrad_conflicts: 0/62
2026-07-04 08:56:47.557 | INFO     | __main__:<module>:917 - lr:0.013473520388834273 weight_nat: 0.2737251305860742, nat_loss: 0.005293145775794983, weight_adv: 0.7262748694139258, adv_loss: 0.003723963163793087 weight-klloss3 0.08174 Loss3: 0.02094574272632599 clean_ce: 0.14145714044570923, adv_ce: 0.6981383562088013, adv_margin: 0.2516810894012451, clean_gate: 0.7617539167404175, teacher_margin: 0.09498348832130432, teacher_margin_gate: 0.7237135171890259, teacher_clean_gate: 1.0, teacher_adv_gate: 1.0, tm_grad_cos: 0.5538069605827332, tm_scale: 1.0, tm_ps_scale: 1.0, pcgrad_conflicts: 0/62
2026-07-04 08:57:39.935 | INFO     | __main__:<module>:974 - student robust acc 0.5449, teacher robust acc 0.6750, nat teacher robust acc 0.6117
2026-07-04 08:57:45.523 | INFO     | __main__:<module>:1061 - student natural acc 0.8865, adv teacher natural acc 0.8788, nat teacher natural acc 0.9318
2026-07-04 08:57:45.525 | INFO     | __main__:<module>:482 - the 265th epoch 
2026-07-04 08:57:45.932 | INFO     | __main__:<module>:917 - lr:0.012767493257823852 weight_nat: 0.2737251305860742, nat_loss: 0.004425130318850279, weight_adv: 0.7262748694139258, adv_loss: 0.0034487133380025625 weight-klloss3 0.08174 Loss3: 0.01748589053750038 clean_ce: 0.14572544395923615, adv_ce: 0.6443321704864502, adv_margin: 0.24922867119312286, clean_gate: 0.7645541429519653, teacher_margin: 0.032818712294101715, teacher_margin_gate: 0.6815845370292664, teacher_clean_gate: 1.0, teacher_adv_gate: 1.0, tm_grad_cos: 0.30766957998275757, tm_scale: 1.0, tm_ps_scale: 1.0, pcgrad_conflicts: 4/62
2026-07-04 08:58:24.416 | INFO     | __main__:<module>:917 - lr:0.012767493257823852 weight_nat: 0.2737251305860742, nat_loss: 0.0039569176733493805, weight_adv: 0.7262748694139258, adv_loss: 0.003644445212557912 weight-klloss3 0.08174 Loss3: 0.017658408731222153 clean_ce: 0.13507080078125, adv_ce: 0.6603311896324158, adv_margin: 0.2520497441291809, clean_gate: 0.7542070150375366, teacher_margin: 0.05247947573661804, teacher_margin_gate: 0.6972669959068298, teacher_clean_gate: 1.0, teacher_adv_gate: 1.0, tm_grad_cos: 0.39758944511413574, tm_scale: 1.0, tm_ps_scale: 1.0, pcgrad_conflicts: 0/62
2026-07-04 08:59:02.908 | INFO     | __main__:<module>:917 - lr:0.012767493257823852 weight_nat: 0.2737251305860742, nat_loss: 0.003358280984684825, weight_adv: 0.7262748694139258, adv_loss: 0.003912826534360647 weight-klloss3 0.08174 Loss3: 0.015277150087058544 clean_ce: 0.13974125683307648, adv_ce: 0.6507613658905029, adv_margin: 0.2908284068107605, clean_gate: 0.7750411033630371, teacher_margin: 0.0699712485074997, teacher_margin_gate: 0.740444540977478, teacher_clean_gate: 1.0, teacher_adv_gate: 1.0, tm_grad_cos: 0.4986971318721771, tm_scale: 1.0, tm_ps_scale: 1.0, pcgrad_conflicts: 0/62
2026-07-04 08:59:41.394 | INFO     | __main__:<module>:917 - lr:0.012767493257823852 weight_nat: 0.2737251305860742, nat_loss: 0.0042282585054636, weight_adv: 0.7262748694139258, adv_loss: 0.0035752917174249887 weight-klloss3 0.08174 Loss3: 0.01767059601843357 clean_ce: 0.14148297905921936, adv_ce: 0.7143468260765076, adv_margin: 0.2969529628753662, clean_gate: 0.7496069669723511, teacher_margin: 0.060953013598918915, teacher_margin_gate: 0.7036303877830505, teacher_clean_gate: 1.0, teacher_adv_gate: 1.0, tm_grad_cos: 0.45794814825057983, tm_scale: 1.0, tm_ps_scale: 1.0, pcgrad_conflicts: 0/62
2026-07-04 09:00:33.710 | INFO     | __main__:<module>:974 - student robust acc 0.5464, teacher robust acc 0.6750, nat teacher robust acc 0.6166
2026-07-04 09:00:39.286 | INFO     | __main__:<module>:1061 - student natural acc 0.8872, adv teacher natural acc 0.8785, nat teacher natural acc 0.9318
2026-07-04 09:00:39.288 | INFO     | __main__:<module>:482 - the 266th epoch 
2026-07-04 09:00:39.695 | INFO     | __main__:<module>:917 - lr:0.012077800187587227 weight_nat: 0.2737251305860742, nat_loss: 0.005506874527782202, weight_adv: 0.7262748694139258, adv_loss: 0.00317968986928463 weight-klloss3 0.08174 Loss3: 0.013491968624293804 clean_ce: 0.13678008317947388, adv_ce: 0.6997783184051514, adv_margin: 0.31303882598876953, clean_gate: 0.7617852687835693, teacher_margin: 0.02542104199528694, teacher_margin_gate: 0.6853061318397522, teacher_clean_gate: 1.0, teacher_adv_gate: 1.0, tm_grad_cos: 0.25088584423065186, tm_scale: 1.0, tm_ps_scale: 1.0, pcgrad_conflicts: 6/62
2026-07-04 09:01:18.242 | INFO     | __main__:<module>:917 - lr:0.012077800187587227 weight_nat: 0.2737251305860742, nat_loss: 0.0046718851663172245, weight_adv: 0.7262748694139258, adv_loss: 0.0033037911634892225 weight-klloss3 0.08174 Loss3: 0.024989422410726547 clean_ce: 0.14230948686599731, adv_ce: 0.6395253539085388, adv_margin: 0.23905646800994873, clean_gate: 0.7708467245101929, teacher_margin: 0.04582354426383972, teacher_margin_gate: 0.7079472541809082, teacher_clean_gate: 1.0, teacher_adv_gate: 1.0, tm_grad_cos: 0.4895743131637573, tm_scale: 1.0, tm_ps_scale: 1.0, pcgrad_conflicts: 0/62
2026-07-04 09:01:57.107 | INFO     | __main__:<module>:917 - lr:0.012077800187587227 weight_nat: 0.2737251305860742, nat_loss: 0.004776518791913986, weight_adv: 0.7262748694139258, adv_loss: 0.0063241226598620415 weight-klloss3 0.08174 Loss3: 0.034285906702280045 clean_ce: 0.14909687638282776, adv_ce: 0.594355046749115, adv_margin: 0.17892397940158844, clean_gate: 0.778389573097229, teacher_margin: 0.13119308650493622, teacher_margin_gate: 0.7563905715942383, teacher_clean_gate: 1.0, teacher_adv_gate: 1.0, tm_grad_cos: 0.6680735349655151, tm_scale: 1.0, tm_ps_scale: 1.0, pcgrad_conflicts: 0/62
2026-07-04 09:02:36.084 | INFO     | __main__:<module>:917 - lr:0.012077800187587227 weight_nat: 0.2737251305860742, nat_loss: 0.005296564660966396, weight_adv: 0.7262748694139258, adv_loss: 0.004025569651275873 weight-klloss3 0.08174 Loss3: 0.02561701275408268 clean_ce: 0.11862806230783463, adv_ce: 0.8507187366485596, adv_margin: 0.43497902154922485, clean_gate: 0.7036838531494141, teacher_margin: 0.04465562850236893, teacher_margin_gate: 0.6318830251693726, teacher_clean_gate: 1.0, teacher_adv_gate: 1.0, tm_grad_cos: 0.4388188421726227, tm_scale: 1.0, tm_ps_scale: 1.0, pcgrad_conflicts: 0/62
2026-07-04 09:03:29.231 | INFO     | __main__:<module>:974 - student robust acc 0.5458, teacher robust acc 0.6760, nat teacher robust acc 0.6133
2026-07-04 09:03:34.928 | INFO     | __main__:<module>:1061 - student natural acc 0.8870, adv teacher natural acc 0.8797, nat teacher natural acc 0.9318
2026-07-04 09:03:34.930 | INFO     | __main__:<module>:482 - the 267th epoch 
2026-07-04 09:03:35.387 | INFO     | __main__:<module>:917 - lr:0.011404739921277048 weight_nat: 0.2737251305860742, nat_loss: 0.006804365664720535, weight_adv: 0.7262748694139258, adv_loss: 0.0038838298059999943 weight-klloss3 0.08174 Loss3: 0.01451911125332117 clean_ce: 0.12428098171949387, adv_ce: 0.7140586972236633, adv_margin: 0.2911476194858551, clean_gate: 0.7343441247940063, teacher_margin: 0.05843270197510719, teacher_margin_gate: 0.6626585125923157, teacher_clean_gate: 1.0, teacher_adv_gate: 1.0, tm_grad_cos: 0.46229490637779236, tm_scale: 1.0, tm_ps_scale: 1.0, pcgrad_conflicts: 2/62
2026-07-04 09:04:14.750 | INFO     | __main__:<module>:917 - lr:0.011404739921277048 weight_nat: 0.2737251305860742, nat_loss: 0.005058597773313522, weight_adv: 0.7262748694139258, adv_loss: 0.003354710293933749 weight-klloss3 0.08174 Loss3: 0.019508883357048035 clean_ce: 0.13886524736881256, adv_ce: 0.6989370584487915, adv_margin: 0.3127918839454651, clean_gate: 0.7541366815567017, teacher_margin: 0.05150778591632843, teacher_margin_gate: 0.710336446762085, teacher_clean_gate: 1.0, teacher_adv_gate: 1.0, tm_grad_cos: 0.4485781788825989, tm_scale: 1.0, tm_ps_scale: 1.0, pcgrad_conflicts: 0/62
2026-07-04 09:04:54.105 | INFO     | __main__:<module>:917 - lr:0.011404739921277048 weight_nat: 0.2737251305860742, nat_loss: 0.005227585788816214, weight_adv: 0.7262748694139258, adv_loss: 0.0036699578631669283 weight-klloss3 0.08174 Loss3: 0.016757816076278687 clean_ce: 0.13346564769744873, adv_ce: 0.7909029722213745, adv_margin: 0.3725404441356659, clean_gate: 0.7176072001457214, teacher_margin: 0.044198520481586456, teacher_margin_gate: 0.6484220623970032, teacher_clean_gate: 1.0, teacher_adv_gate: 1.0, tm_grad_cos: 0.3839043974876404, tm_scale: 1.0, tm_ps_scale: 1.0, pcgrad_conflicts: 0/62
2026-07-04 09:05:33.487 | INFO     | __main__:<module>:917 - lr:0.011404739921277048 weight_nat: 0.2737251305860742, nat_loss: 0.004266864154487848, weight_adv: 0.7262748694139258, adv_loss: 0.004321712534874678 weight-klloss3 0.08174 Loss3: 0.020766960456967354 clean_ce: 0.14827579259872437, adv_ce: 0.6736626029014587, adv_margin: 0.2768356204032898, clean_gate: 0.7524362802505493, teacher_margin: 0.055753193795681, teacher_margin_gate: 0.6962147951126099, teacher_clean_gate: 1.0, teacher_adv_gate: 1.0, tm_grad_cos: 0.42197832465171814, tm_scale: 1.0, tm_ps_scale: 1.0, pcgrad_conflicts: 1/62
2026-07-04 09:06:26.404 | INFO     | __main__:<module>:974 - student robust acc 0.5470, teacher robust acc 0.6779, nat teacher robust acc 0.6115
2026-07-04 09:06:32.105 | INFO     | __main__:<module>:1061 - student natural acc 0.8873, adv teacher natural acc 0.8792, nat teacher natural acc 0.9318
2026-07-04 09:06:32.106 | INFO     | __main__:<module>:482 - the 268th epoch 
2026-07-04 09:06:32.518 | INFO     | __main__:<module>:917 - lr:0.010748603752502549 weight_nat: 0.2737251305860742, nat_loss: 0.004545141011476517, weight_adv: 0.7262748694139258, adv_loss: 0.003949431236833334 weight-klloss3 0.08174 Loss3: 0.019199557602405548 clean_ce: 0.12516751885414124, adv_ce: 0.7901086807250977, adv_margin: 0.39426389336586, clean_gate: 0.7290350198745728, teacher_margin: 0.06818941235542297, teacher_margin_gate: 0.6964579820632935, teacher_clean_gate: 1.0, teacher_adv_gate: 1.0, tm_grad_cos: 0.5232059359550476, tm_scale: 1.0, tm_ps_scale: 1.0, pcgrad_conflicts: 0/62
2026-07-04 09:07:11.405 | INFO     | __main__:<module>:917 - lr:0.010748603752502549 weight_nat: 0.2737251305860742, nat_loss: 0.00443948432803154, weight_adv: 0.7262748694139258, adv_loss: 0.0037852278910577297 weight-klloss3 0.08174 Loss3: 0.020994042977690697 clean_ce: 0.12786267697811127, adv_ce: 0.708100438117981, adv_margin: 0.30002230405807495, clean_gate: 0.7492234706878662, teacher_margin: 0.06877700984477997, teacher_margin_gate: 0.6971991062164307, teacher_clean_gate: 1.0, teacher_adv_gate: 1.0, tm_grad_cos: 0.4574100375175476, tm_scale: 1.0, tm_ps_scale: 1.0, pcgrad_conflicts: 0/62
2026-07-04 09:07:50.274 | INFO     | __main__:<module>:917 - lr:0.010748603752502549 weight_nat: 0.2737251305860742, nat_loss: 0.005162392742931843, weight_adv: 0.7262748694139258, adv_loss: 0.002901367610320449 weight-klloss3 0.08174 Loss3: 0.018802594393491745 clean_ce: 0.1463301181793213, adv_ce: 0.6544763445854187, adv_margin: 0.28401094675064087, clean_gate: 0.7776880264282227, teacher_margin: 0.054090823978185654, teacher_margin_gate: 0.7367252111434937, teacher_clean_gate: 1.0, teacher_adv_gate: 1.0, tm_grad_cos: 0.48385584354400635, tm_scale: 1.0, tm_ps_scale: 1.0, pcgrad_conflicts: 0/62
2026-07-04 09:08:29.134 | INFO     | __main__:<module>:917 - lr:0.010748603752502549 weight_nat: 0.2737251305860742, nat_loss: 0.006168356630951166, weight_adv: 0.7262748694139258, adv_loss: 0.0037530953995883465 weight-klloss3 0.08174 Loss3: 0.025224344804883003 clean_ce: 0.14148882031440735, adv_ce: 0.697054386138916, adv_margin: 0.28642594814300537, clean_gate: 0.7677569389343262, teacher_margin: 0.06587912142276764, teacher_margin_gate: 0.723002552986145, teacher_clean_gate: 1.0, teacher_adv_gate: 1.0, tm_grad_cos: 0.5165561437606812, tm_scale: 1.0, tm_ps_scale: 1.0, pcgrad_conflicts: 0/62
2026-07-04 09:09:21.876 | INFO     | __main__:<module>:974 - student robust acc 0.5462, teacher robust acc 0.6769, nat teacher robust acc 0.6093
2026-07-04 09:09:27.622 | INFO     | __main__:<module>:1061 - student natural acc 0.8870, adv teacher natural acc 0.8798, nat teacher natural acc 0.9318
2026-07-04 09:09:27.624 | INFO     | __main__:<module>:482 - the 269th epoch 
2026-07-04 09:09:28.034 | INFO     | __main__:<module>:917 - lr:0.010109675397299088 weight_nat: 0.2737251305860742, nat_loss: 0.00539488485082984, weight_adv: 0.7262748694139258, adv_loss: 0.0033297971822321415 weight-klloss3 0.08174 Loss3: 0.021557623520493507 clean_ce: 0.1384301632642746, adv_ce: 0.744336724281311, adv_margin: 0.34186580777168274, clean_gate: 0.7502100467681885, teacher_margin: 0.044184282422065735, teacher_margin_gate: 0.6920947432518005, teacher_clean_gate: 1.0, teacher_adv_gate: 1.0, tm_grad_cos: 0.4235697090625763, tm_scale: 1.0, tm_ps_scale: 1.0, pcgrad_conflicts: 0/62
2026-07-04 09:10:06.911 | INFO     | __main__:<module>:917 - lr:0.010109675397299088 weight_nat: 0.2737251305860742, nat_loss: 0.004172013606876135, weight_adv: 0.7262748694139258, adv_loss: 0.0026568896137177944 weight-klloss3 0.08174 Loss3: 0.024729598313570023 clean_ce: 0.14024245738983154, adv_ce: 0.5957775712013245, adv_margin: 0.17612585425376892, clean_gate: 0.7966910004615784, teacher_margin: 0.04982012137770653, teacher_margin_gate: 0.7409855127334595, teacher_clean_gate: 1.0, teacher_adv_gate: 1.0, tm_grad_cos: 0.46767160296440125, tm_scale: 1.0, tm_ps_scale: 1.0, pcgrad_conflicts: 1/62
2026-07-04 09:10:45.744 | INFO     | __main__:<module>:917 - lr:0.010109675397299088 weight_nat: 0.2737251305860742, nat_loss: 0.005366556346416473, weight_adv: 0.7262748694139258, adv_loss: 0.003377649700269103 weight-klloss3 0.08174 Loss3: 0.021523579955101013 clean_ce: 0.14173650741577148, adv_ce: 0.6501789689064026, adv_margin: 0.24867413938045502, clean_gate: 0.7678452134132385, teacher_margin: 0.06454670429229736, teacher_margin_gate: 0.7125387191772461, teacher_clean_gate: 1.0, teacher_adv_gate: 1.0, tm_grad_cos: 0.46799710392951965, tm_scale: 1.0, tm_ps_scale: 1.0, pcgrad_conflicts: 0/62
2026-07-04 09:11:24.512 | INFO     | __main__:<module>:917 - lr:0.010109675397299088 weight_nat: 0.2737251305860742, nat_loss: 0.005365895573049784, weight_adv: 0.7262748694139258, adv_loss: 0.0037217866629362106 weight-klloss3 0.08174 Loss3: 0.016725603491067886 clean_ce: 0.15819618105888367, adv_ce: 0.5548253059387207, adv_margin: 0.1709403693675995, clean_gate: 0.8063772916793823, teacher_margin: 0.06143338978290558, teacher_margin_gate: 0.7702934741973877, teacher_clean_gate: 1.0, teacher_adv_gate: 1.0, tm_grad_cos: 0.5381980538368225, tm_scale: 1.0, tm_ps_scale: 1.0, pcgrad_conflicts: 0/62
2026-07-04 09:12:16.940 | INFO     | __main__:<module>:974 - student robust acc 0.5469, teacher robust acc 0.6779, nat teacher robust acc 0.6093
2026-07-04 09:12:22.512 | INFO     | __main__:<module>:1061 - student natural acc 0.8863, adv teacher natural acc 0.8784, nat teacher natural acc 0.9318
2026-07-04 09:12:22.513 | INFO     | __main__:<module>:482 - the 270th epoch 
2026-07-04 09:12:22.929 | INFO     | __main__:<module>:917 - lr:0.00948823086950831 weight_nat: 0.2737251305860742, nat_loss: 0.004744413774460554, weight_adv: 0.7262748694139258, adv_loss: 0.0034988820552825928 weight-klloss3 0.08174 Loss3: 0.02425219677388668 clean_ce: 0.15091735124588013, adv_ce: 0.6771328449249268, adv_margin: 0.2760399580001831, clean_gate: 0.7708786129951477, teacher_margin: 0.06988390535116196, teacher_margin_gate: 0.731142520904541, teacher_clean_gate: 1.0, teacher_adv_gate: 1.0, tm_grad_cos: 0.5384933352470398, tm_scale: 1.0, tm_ps_scale: 1.0, pcgrad_conflicts: 0/62
2026-07-04 09:13:01.704 | INFO     | __main__:<module>:917 - lr:0.00948823086950831 weight_nat: 0.2737251305860742, nat_loss: 0.005198454950004816, weight_adv: 0.7262748694139258, adv_loss: 0.002881525084376335 weight-klloss3 0.08174 Loss3: 0.02017362043261528 clean_ce: 0.13674578070640564, adv_ce: 0.632095456123352, adv_margin: 0.1970885992050171, clean_gate: 0.7736481428146362, teacher_margin: 0.06925855576992035, teacher_margin_gate: 0.7040207982063293, teacher_clean_gate: 1.0, teacher_adv_gate: 1.0, tm_grad_cos: 0.4667811691761017, tm_scale: 1.0, tm_ps_scale: 1.0, pcgrad_conflicts: 1/62
2026-07-04 09:13:40.401 | INFO     | __main__:<module>:917 - lr:0.00948823086950831 weight_nat: 0.2737251305860742, nat_loss: 0.0058815390802919865, weight_adv: 0.7262748694139258, adv_loss: 0.004063072148710489 weight-klloss3 0.08174 Loss3: 0.027763720601797104 clean_ce: 0.13840049505233765, adv_ce: 0.7410153150558472, adv_margin: 0.26083284616470337, clean_gate: 0.7391271591186523, teacher_margin: 0.08509352803230286, teacher_margin_gate: 0.6904090642929077, teacher_clean_gate: 1.0, teacher_adv_gate: 1.0, tm_grad_cos: 0.5166037082672119, tm_scale: 1.0, tm_ps_scale: 1.0, pcgrad_conflicts: 5/62
2026-07-04 09:14:19.137 | INFO     | __main__:<module>:917 - lr:0.00948823086950831 weight_nat: 0.2737251305860742, nat_loss: 0.005209346767514944, weight_adv: 0.7262748694139258, adv_loss: 0.0027672331780195236 weight-klloss3 0.08174 Loss3: 0.02357979491353035 clean_ce: 0.12361066788434982, adv_ce: 0.8260926604270935, adv_margin: 0.38684168457984924, clean_gate: 0.7106188535690308, teacher_margin: 0.0656951516866684, teacher_margin_gate: 0.6677646040916443, teacher_clean_gate: 1.0, teacher_adv_gate: 1.0, tm_grad_cos: 0.4549931585788727, tm_scale: 1.0, tm_ps_scale: 1.0, pcgrad_conflicts: 0/62
2026-07-04 09:15:11.652 | INFO     | __main__:<module>:974 - student robust acc 0.5466, teacher robust acc 0.6764, nat teacher robust acc 0.6120
2026-07-04 09:15:17.258 | INFO     | __main__:<module>:1061 - student natural acc 0.8865, adv teacher natural acc 0.8791, nat teacher natural acc 0.9318
2026-07-04 09:15:17.259 | INFO     | __main__:<module>:482 - the 271th epoch 
2026-07-04 09:15:17.667 | INFO     | __main__:<module>:917 - lr:0.008884538359623795 weight_nat: 0.2737251305860742, nat_loss: 0.004527318757027388, weight_adv: 0.7262748694139258, adv_loss: 0.0031847991049289703 weight-klloss3 0.08174 Loss3: 0.020070083439350128 clean_ce: 0.13357198238372803, adv_ce: 0.6440340876579285, adv_margin: 0.2544456422328949, clean_gate: 0.7763339877128601, teacher_margin: 0.043103866279125214, teacher_margin_gate: 0.723423957824707, teacher_clean_gate: 1.0, teacher_adv_gate: 1.0, tm_grad_cos: 0.41262131929397583, tm_scale: 1.0, tm_ps_scale: 1.0, pcgrad_conflicts: 0/62
2026-07-04 09:15:56.363 | INFO     | __main__:<module>:917 - lr:0.008884538359623795 weight_nat: 0.2737251305860742, nat_loss: 0.0034939453471451998, weight_adv: 0.7262748694139258, adv_loss: 0.0033056410029530525 weight-klloss3 0.08174 Loss3: 0.018478896468877792 clean_ce: 0.15625016391277313, adv_ce: 0.5677322745323181, adv_margin: 0.157369464635849, clean_gate: 0.8148751258850098, teacher_margin: 0.07709923386573792, teacher_margin_gate: 0.771698534488678, teacher_clean_gate: 1.0, teacher_adv_gate: 1.0, tm_grad_cos: 0.424479603767395, tm_scale: 1.0, tm_ps_scale: 1.0, pcgrad_conflicts: 1/62
2026-07-04 09:16:35.280 | INFO     | __main__:<module>:917 - lr:0.008884538359623795 weight_nat: 0.2737251305860742, nat_loss: 0.004667834844440222, weight_adv: 0.7262748694139258, adv_loss: 0.0038663684390485287 weight-klloss3 0.08174 Loss3: 0.021059630438685417 clean_ce: 0.1426125466823578, adv_ce: 0.8142604827880859, adv_margin: 0.37416350841522217, clean_gate: 0.6927705407142639, teacher_margin: 0.0858532264828682, teacher_margin_gate: 0.6462960243225098, teacher_clean_gate: 1.0, teacher_adv_gate: 1.0, tm_grad_cos: 0.5432143211364746, tm_scale: 1.0, tm_ps_scale: 1.0, pcgrad_conflicts: 0/62
2026-07-04 09:17:14.224 | INFO     | __main__:<module>:917 - lr:0.008884538359623795 weight_nat: 0.2737251305860742, nat_loss: 0.004832107108086348, weight_adv: 0.7262748694139258, adv_loss: 0.0032194668892771006 weight-klloss3 0.08174 Loss3: 0.01574387028813362 clean_ce: 0.13595832884311676, adv_ce: 0.720736563205719, adv_margin: 0.31170129776000977, clean_gate: 0.7379019260406494, teacher_margin: 0.0387568473815918, teacher_margin_gate: 0.6625996828079224, teacher_clean_gate: 1.0, teacher_adv_gate: 1.0, tm_grad_cos: 0.3699248135089874, tm_scale: 1.0, tm_ps_scale: 1.0, pcgrad_conflicts: 1/62
2026-07-04 09:18:07.141 | INFO     | __main__:<module>:974 - student robust acc 0.5464, teacher robust acc 0.6764, nat teacher robust acc 0.6066
2026-07-04 09:18:12.919 | INFO     | __main__:<module>:1061 - student natural acc 0.8865, adv teacher natural acc 0.8792, nat teacher natural acc 0.9318
2026-07-04 09:18:12.921 | INFO     | __main__:<module>:482 - the 272th epoch 
2026-07-04 09:18:13.330 | INFO     | __main__:<module>:917 - lr:0.008298858117155928 weight_nat: 0.2737251305860742, nat_loss: 0.005353766027837992, weight_adv: 0.7262748694139258, adv_loss: 0.002599473111331463 weight-klloss3 0.08174 Loss3: 0.025030506774783134 clean_ce: 0.15421780943870544, adv_ce: 0.6163623929023743, adv_margin: 0.20833605527877808, clean_gate: 0.7867426872253418, teacher_margin: 0.04012754186987877, teacher_margin_gate: 0.704773485660553, teacher_clean_gate: 1.0, teacher_adv_gate: 1.0, tm_grad_cos: 0.34293726086616516, tm_scale: 1.0, tm_ps_scale: 1.0, pcgrad_conflicts: 0/62
2026-07-04 09:18:52.191 | INFO     | __main__:<module>:917 - lr:0.008298858117155928 weight_nat: 0.2737251305860742, nat_loss: 0.0051930793561041355, weight_adv: 0.7262748694139258, adv_loss: 0.00337259192019701 weight-klloss3 0.08174 Loss3: 0.02194886840879917 clean_ce: 0.15516763925552368, adv_ce: 0.7811724543571472, adv_margin: 0.34976232051849365, clean_gate: 0.7327739000320435, teacher_margin: 0.04790537431836128, teacher_margin_gate: 0.6709729433059692, teacher_clean_gate: 1.0, teacher_adv_gate: 1.0, tm_grad_cos: 0.36576130986213684, tm_scale: 1.0, tm_ps_scale: 1.0, pcgrad_conflicts: 1/62
2026-07-04 09:19:31.158 | INFO     | __main__:<module>:917 - lr:0.008298858117155928 weight_nat: 0.2737251305860742, nat_loss: 0.003939435351639986, weight_adv: 0.7262748694139258, adv_loss: 0.0027190702967345715 weight-klloss3 0.08174 Loss3: 0.025424791499972343 clean_ce: 0.14435835182666779, adv_ce: 0.634179413318634, adv_margin: 0.2539873719215393, clean_gate: 0.7704613208770752, teacher_margin: 0.029635611921548843, teacher_margin_gate: 0.6910803318023682, teacher_clean_gate: 1.0, teacher_adv_gate: 1.0, tm_grad_cos: 0.3581221103668213, tm_scale: 1.0, tm_ps_scale: 1.0, pcgrad_conflicts: 0/62
2026-07-04 09:20:09.766 | INFO     | __main__:<module>:917 - lr:0.008298858117155928 weight_nat: 0.2737251305860742, nat_loss: 0.004330390598624945, weight_adv: 0.7262748694139258, adv_loss: 0.004238945432007313 weight-klloss3 0.08174 Loss3: 0.026754936203360558 clean_ce: 0.14416080713272095, adv_ce: 0.6511408686637878, adv_margin: 0.2342863827943802, clean_gate: 0.753774106502533, teacher_margin: 0.08084144443273544, teacher_margin_gate: 0.7027423977851868, teacher_clean_gate: 1.0, teacher_adv_gate: 1.0, tm_grad_cos: 0.5026761889457703, tm_scale: 1.0, tm_ps_scale: 1.0, pcgrad_conflicts: 0/62
2026-07-04 09:21:02.147 | INFO     | __main__:<module>:974 - student robust acc 0.5452, teacher robust acc 0.6775, nat teacher robust acc 0.6082
2026-07-04 09:21:07.688 | INFO     | __main__:<module>:1061 - student natural acc 0.8872, adv teacher natural acc 0.8790, nat teacher natural acc 0.9318
2026-07-04 09:21:07.690 | INFO     | __main__:<module>:482 - the 273th epoch 
2026-07-04 09:21:08.096 | INFO     | __main__:<module>:917 - lr:0.007731442336567935 weight_nat: 0.2737251305860742, nat_loss: 0.004199701827019453, weight_adv: 0.7262748694139258, adv_loss: 0.0035856158938258886 weight-klloss3 0.08174 Loss3: 0.03220755606889725 clean_ce: 0.14331111311912537, adv_ce: 0.6549533605575562, adv_margin: 0.2648141384124756, clean_gate: 0.7664349675178528, teacher_margin: 0.06083808094263077, teacher_margin_gate: 0.7313637733459473, teacher_clean_gate: 1.0, teacher_adv_gate: 1.0, tm_grad_cos: 0.45619794726371765, tm_scale: 1.0, tm_ps_scale: 1.0, pcgrad_conflicts: 0/62
2026-07-04 09:21:46.626 | INFO     | __main__:<module>:917 - lr:0.007731442336567935 weight_nat: 0.2737251305860742, nat_loss: 0.00461546378210187, weight_adv: 0.7262748694139258, adv_loss: 0.0030031553469598293 weight-klloss3 0.08174 Loss3: 0.01652790978550911 clean_ce: 0.1292058825492859, adv_ce: 0.8262959122657776, adv_margin: 0.3885197639465332, clean_gate: 0.7071722745895386, teacher_margin: 0.05756950005888939, teacher_margin_gate: 0.6542350053787231, teacher_clean_gate: 1.0, teacher_adv_gate: 1.0, tm_grad_cos: 0.4296521246433258, tm_scale: 1.0, tm_ps_scale: 1.0, pcgrad_conflicts: 2/62
2026-07-04 09:22:25.130 | INFO     | __main__:<module>:917 - lr:0.007731442336567935 weight_nat: 0.2737251305860742, nat_loss: 0.0036373939365148544, weight_adv: 0.7262748694139258, adv_loss: 0.003847246989607811 weight-klloss3 0.08174 Loss3: 0.022777345031499863 clean_ce: 0.13310055434703827, adv_ce: 0.6240437030792236, adv_margin: 0.2172239124774933, clean_gate: 0.783905565738678, teacher_margin: 0.06071637570858002, teacher_margin_gate: 0.7373123168945312, teacher_clean_gate: 1.0, teacher_adv_gate: 1.0, tm_grad_cos: 0.4489218294620514, tm_scale: 1.0, tm_ps_scale: 1.0, pcgrad_conflicts: 0/62
2026-07-04 09:23:03.647 | INFO     | __main__:<module>:917 - lr:0.007731442336567935 weight_nat: 0.2737251305860742, nat_loss: 0.004812703933566809, weight_adv: 0.7262748694139258, adv_loss: 0.003515067044645548 weight-klloss3 0.08174 Loss3: 0.026470480486750603 clean_ce: 0.13675975799560547, adv_ce: 0.6712746024131775, adv_margin: 0.27819907665252686, clean_gate: 0.7641212344169617, teacher_margin: 0.07822038233280182, teacher_margin_gate: 0.7274425625801086, teacher_clean_gate: 1.0, teacher_adv_gate: 1.0, tm_grad_cos: 0.5027316212654114, tm_scale: 1.0, tm_ps_scale: 1.0, pcgrad_conflicts: 1/62
2026-07-04 09:23:55.895 | INFO     | __main__:<module>:974 - student robust acc 0.5462, teacher robust acc 0.6771, nat teacher robust acc 0.6108
2026-07-04 09:24:01.430 | INFO     | __main__:<module>:1061 - student natural acc 0.8866, adv teacher natural acc 0.8799, nat teacher natural acc 0.9318
2026-07-04 09:24:01.431 | INFO     | __main__:<module>:482 - the 274th epoch 
2026-07-04 09:24:01.837 | INFO     | __main__:<module>:917 - lr:0.007182535046833534 weight_nat: 0.2737251305860742, nat_loss: 0.004120157565921545, weight_adv: 0.7262748694139258, adv_loss: 0.002730374690145254 weight-klloss3 0.08174 Loss3: 0.022372037172317505 clean_ce: 0.14219141006469727, adv_ce: 0.7713408470153809, adv_margin: 0.2956039309501648, clean_gate: 0.7176307439804077, teacher_margin: 0.03925786912441254, teacher_margin_gate: 0.6370892524719238, teacher_clean_gate: 1.0, teacher_adv_gate: 1.0, tm_grad_cos: 0.33198797702789307, tm_scale: 1.0, tm_ps_scale: 1.0, pcgrad_conflicts: 0/62
2026-07-04 09:24:40.285 | INFO     | __main__:<module>:917 - lr:0.007182535046833534 weight_nat: 0.2737251305860742, nat_loss: 0.00418844586238265, weight_adv: 0.7262748694139258, adv_loss: 0.0033190567046403885 weight-klloss3 0.08174 Loss3: 0.02596583403646946 clean_ce: 0.1480649709701538, adv_ce: 0.7241827249526978, adv_margin: 0.30502840876579285, clean_gate: 0.7488023042678833, teacher_margin: 0.0762636736035347, teacher_margin_gate: 0.708560049533844, teacher_clean_gate: 1.0, teacher_adv_gate: 1.0, tm_grad_cos: 0.5273444652557373, tm_scale: 1.0, tm_ps_scale: 1.0, pcgrad_conflicts: 0/62
2026-07-04 09:25:18.791 | INFO     | __main__:<module>:917 - lr:0.007182535046833534 weight_nat: 0.2737251305860742, nat_loss: 0.0037836760748177767, weight_adv: 0.7262748694139258, adv_loss: 0.002588875126093626 weight-klloss3 0.08174 Loss3: 0.012227853760123253 clean_ce: 0.13934405148029327, adv_ce: 0.6048818826675415, adv_margin: 0.21127310395240784, clean_gate: 0.7896779775619507, teacher_margin: 0.02986459620296955, teacher_margin_gate: 0.7138772010803223, teacher_clean_gate: 1.0, teacher_adv_gate: 1.0, tm_grad_cos: 0.38563525676727295, tm_scale: 1.0, tm_ps_scale: 1.0, pcgrad_conflicts: 0/62
2026-07-04 09:25:57.518 | INFO     | __main__:<module>:917 - lr:0.007182535046833534 weight_nat: 0.2737251305860742, nat_loss: 0.00462025823071599, weight_adv: 0.7262748694139258, adv_loss: 0.00351417763158679 weight-klloss3 0.08174 Loss3: 0.027129538357257843 clean_ce: 0.13966864347457886, adv_ce: 0.7646816372871399, adv_margin: 0.3002600073814392, clean_gate: 0.7239550352096558, teacher_margin: 0.0726286843419075, teacher_margin_gate: 0.6648576259613037, teacher_clean_gate: 1.0, teacher_adv_gate: 1.0, tm_grad_cos: 0.48046255111694336, tm_scale: 1.0, tm_ps_scale: 1.0, pcgrad_conflicts: 0/62
2026-07-04 09:26:50.044 | INFO     | __main__:<module>:974 - student robust acc 0.5458, teacher robust acc 0.6771, nat teacher robust acc 0.6071
2026-07-04 09:26:55.597 | INFO     | __main__:<module>:1061 - student natural acc 0.8871, adv teacher natural acc 0.8796, nat teacher natural acc 0.9318
2026-07-04 09:26:55.599 | INFO     | __main__:<module>:482 - the 275th epoch 
2026-07-04 09:26:56.005 | INFO     | __main__:<module>:917 - lr:0.006652372004664825 weight_nat: 0.2737251305860742, nat_loss: 0.0047958954237401485, weight_adv: 0.7262748694139258, adv_loss: 0.0029320279136300087 weight-klloss3 0.08174 Loss3: 0.023402202874422073 clean_ce: 0.14030525088310242, adv_ce: 0.6561158895492554, adv_margin: 0.23599646985530853, clean_gate: 0.7764484286308289, teacher_margin: 0.05247213691473007, teacher_margin_gate: 0.7123100757598877, teacher_clean_gate: 1.0, teacher_adv_gate: 1.0, tm_grad_cos: 0.4255886375904083, tm_scale: 1.0, tm_ps_scale: 1.0, pcgrad_conflicts: 0/62
2026-07-04 09:27:34.589 | INFO     | __main__:<module>:917 - lr:0.006652372004664825 weight_nat: 0.2737251305860742, nat_loss: 0.00492043187841773, weight_adv: 0.7262748694139258, adv_loss: 0.0033048386685550213 weight-klloss3 0.08174 Loss3: 0.016480039805173874 clean_ce: 0.13322511315345764, adv_ce: 0.5539296269416809, adv_margin: 0.17791934311389923, clean_gate: 0.8020728230476379, teacher_margin: 0.060258615761995316, teacher_margin_gate: 0.7565311789512634, teacher_clean_gate: 1.0, teacher_adv_gate: 1.0, tm_grad_cos: 0.557000994682312, tm_scale: 1.0, tm_ps_scale: 1.0, pcgrad_conflicts: 0/62
2026-07-04 09:28:13.147 | INFO     | __main__:<module>:917 - lr:0.006652372004664825 weight_nat: 0.2737251305860742, nat_loss: 0.004500828217715025, weight_adv: 0.7262748694139258, adv_loss: 0.0026275503914803267 weight-klloss3 0.08174 Loss3: 0.02068563923239708 clean_ce: 0.13004258275032043, adv_ce: 0.6385625004768372, adv_margin: 0.23482629656791687, clean_gate: 0.7773939371109009, teacher_margin: 0.05125715211033821, teacher_margin_gate: 0.7105731964111328, teacher_clean_gate: 1.0, teacher_adv_gate: 1.0, tm_grad_cos: 0.3681495487689972, tm_scale: 1.0, tm_ps_scale: 1.0, pcgrad_conflicts: 0/62
2026-07-04 09:28:51.784 | INFO     | __main__:<module>:917 - lr:0.006652372004664825 weight_nat: 0.2737251305860742, nat_loss: 0.005131402984261513, weight_adv: 0.7262748694139258, adv_loss: 0.0028725871816277504 weight-klloss3 0.08174 Loss3: 0.02180008590221405 clean_ce: 0.1453162133693695, adv_ce: 0.7574298977851868, adv_margin: 0.34681248664855957, clean_gate: 0.7447400689125061, teacher_margin: 0.05812574177980423, teacher_margin_gate: 0.6998825073242188, teacher_clean_gate: 1.0, teacher_adv_gate: 1.0, tm_grad_cos: 0.45394960045814514, tm_scale: 1.0, tm_ps_scale: 1.0, pcgrad_conflicts: 0/62
2026-07-04 09:29:44.221 | INFO     | __main__:<module>:974 - student robust acc 0.5456, teacher robust acc 0.6787, nat teacher robust acc 0.6087
2026-07-04 09:29:49.789 | INFO     | __main__:<module>:1061 - student natural acc 0.8878, adv teacher natural acc 0.8794, nat teacher natural acc 0.9318
2026-07-04 09:29:49.791 | INFO     | __main__:<module>:482 - the 276th epoch 
2026-07-04 09:29:50.198 | INFO     | __main__:<module>:917 - lr:0.0061411805914575665 weight_nat: 0.2737251305860742, nat_loss: 0.0042408304288983345, weight_adv: 0.7262748694139258, adv_loss: 0.002883744891732931 weight-klloss3 0.08174 Loss3: 0.018792666494846344 clean_ce: 0.14668379724025726, adv_ce: 0.6261712312698364, adv_margin: 0.2164686620235443, clean_gate: 0.7722872495651245, teacher_margin: 0.05888624116778374, teacher_margin_gate: 0.70829838514328, teacher_clean_gate: 1.0, teacher_adv_gate: 1.0, tm_grad_cos: 0.4359354078769684, tm_scale: 1.0, tm_ps_scale: 1.0, pcgrad_conflicts: 0/62
2026-07-04 09:30:28.851 | INFO     | __main__:<module>:917 - lr:0.0061411805914575665 weight_nat: 0.2737251305860742, nat_loss: 0.004333279561251402, weight_adv: 0.7262748694139258, adv_loss: 0.0030300801154226065 weight-klloss3 0.08174 Loss3: 0.018663804978132248 clean_ce: 0.13720838725566864, adv_ce: 0.6453472971916199, adv_margin: 0.23358339071273804, clean_gate: 0.7583236694335938, teacher_margin: 0.058172911405563354, teacher_margin_gate: 0.7014226913452148, teacher_clean_gate: 1.0, teacher_adv_gate: 1.0, tm_grad_cos: 0.4930894672870636, tm_scale: 1.0, tm_ps_scale: 1.0, pcgrad_conflicts: 1/62
2026-07-04 09:31:07.638 | INFO     | __main__:<module>:917 - lr:0.0061411805914575665 weight_nat: 0.2737251305860742, nat_loss: 0.004676329903304577, weight_adv: 0.7262748694139258, adv_loss: 0.0023414436727762222 weight-klloss3 0.08174 Loss3: 0.026128016412258148 clean_ce: 0.1347792148590088, adv_ce: 0.7041860818862915, adv_margin: 0.31416594982147217, clean_gate: 0.743851363658905, teacher_margin: 0.03946652635931969, teacher_margin_gate: 0.6801314353942871, teacher_clean_gate: 1.0, teacher_adv_gate: 1.0, tm_grad_cos: 0.40076833963394165, tm_scale: 1.0, tm_ps_scale: 1.0, pcgrad_conflicts: 2/62
2026-07-04 09:31:46.367 | INFO     | __main__:<module>:917 - lr:0.0061411805914575665 weight_nat: 0.2737251305860742, nat_loss: 0.005495788995176554, weight_adv: 0.7262748694139258, adv_loss: 0.0026793854776769876 weight-klloss3 0.08174 Loss3: 0.026553042232990265 clean_ce: 0.16410185396671295, adv_ce: 0.6081398129463196, adv_margin: 0.2132621556520462, clean_gate: 0.8093549013137817, teacher_margin: 0.02917148359119892, teacher_margin_gate: 0.7462428212165833, teacher_clean_gate: 1.0, teacher_adv_gate: 1.0, tm_grad_cos: 0.3130961060523987, tm_scale: 1.0, tm_ps_scale: 1.0, pcgrad_conflicts: 2/62
2026-07-04 09:32:39.018 | INFO     | __main__:<module>:974 - student robust acc 0.5446, teacher robust acc 0.6786, nat teacher robust acc 0.6044
2026-07-04 09:32:44.704 | INFO     | __main__:<module>:1061 - student natural acc 0.8876, adv teacher natural acc 0.8787, nat teacher natural acc 0.9318
2026-07-04 09:32:44.706 | INFO     | __main__:<module>:482 - the 277th epoch 
2026-07-04 09:32:45.114 | INFO     | __main__:<module>:917 - lr:0.005649179713999378 weight_nat: 0.2737251305860742, nat_loss: 0.004996664356440306, weight_adv: 0.7262748694139258, adv_loss: 0.0038904021494090557 weight-klloss3 0.08174 Loss3: 0.03222370147705078 clean_ce: 0.15562281012535095, adv_ce: 0.7806596755981445, adv_margin: 0.2882872223854065, clean_gate: 0.7176762223243713, teacher_margin: 0.07465831935405731, teacher_margin_gate: 0.6415458917617798, teacher_clean_gate: 1.0, teacher_adv_gate: 1.0, tm_grad_cos: 0.42517417669296265, tm_scale: 1.0, tm_ps_scale: 1.0, pcgrad_conflicts: 0/62
2026-07-04 09:33:23.841 | INFO     | __main__:<module>:917 - lr:0.005649179713999378 weight_nat: 0.2737251305860742, nat_loss: 0.0047232587821781635, weight_adv: 0.7262748694139258, adv_loss: 0.0027092047967016697 weight-klloss3 0.08174 Loss3: 0.02304711937904358 clean_ce: 0.14420877397060394, adv_ce: 0.7054459452629089, adv_margin: 0.27317196130752563, clean_gate: 0.7596986293792725, teacher_margin: 0.05280016362667084, teacher_margin_gate: 0.6945253014564514, teacher_clean_gate: 1.0, teacher_adv_gate: 1.0, tm_grad_cos: 0.4242616593837738, tm_scale: 1.0, tm_ps_scale: 1.0, pcgrad_conflicts: 1/62
2026-07-04 09:34:02.333 | INFO     | __main__:<module>:917 - lr:0.005649179713999378 weight_nat: 0.2737251305860742, nat_loss: 0.004277834203094244, weight_adv: 0.7262748694139258, adv_loss: 0.002930262591689825 weight-klloss3 0.08174 Loss3: 0.017648816108703613 clean_ce: 0.1351611614227295, adv_ce: 0.8334524631500244, adv_margin: 0.3901555836200714, clean_gate: 0.7076792120933533, teacher_margin: 0.049402251839637756, teacher_margin_gate: 0.6352252960205078, teacher_clean_gate: 1.0, teacher_adv_gate: 1.0, tm_grad_cos: 0.46667593717575073, tm_scale: 1.0, tm_ps_scale: 1.0, pcgrad_conflicts: 0/62
2026-07-04 09:34:40.824 | INFO     | __main__:<module>:917 - lr:0.005649179713999378 weight_nat: 0.2737251305860742, nat_loss: 0.00391211686655879, weight_adv: 0.7262748694139258, adv_loss: 0.0029414035379886627 weight-klloss3 0.08174 Loss3: 0.00994148664176464 clean_ce: 0.1340838074684143, adv_ce: 0.7076529860496521, adv_margin: 0.2927010953426361, clean_gate: 0.7499685287475586, teacher_margin: 0.0419597327709198, teacher_margin_gate: 0.6803889274597168, teacher_clean_gate: 1.0, teacher_adv_gate: 1.0, tm_grad_cos: 0.45615458488464355, tm_scale: 1.0, tm_ps_scale: 1.0, pcgrad_conflicts: 1/62
2026-07-04 09:35:33.143 | INFO     | __main__:<module>:974 - student robust acc 0.5447, teacher robust acc 0.6774, nat teacher robust acc 0.6029
2026-07-04 09:35:38.704 | INFO     | __main__:<module>:1061 - student natural acc 0.8880, adv teacher natural acc 0.8798, nat teacher natural acc 0.9318
2026-07-04 09:35:38.705 | INFO     | __main__:<module>:482 - the 278th epoch 
2026-07-04 09:35:39.112 | INFO     | __main__:<module>:917 - lr:0.005176579708984169 weight_nat: 0.2737251305860742, nat_loss: 0.0041355108842253685, weight_adv: 0.7262748694139258, adv_loss: 0.0027208630926907063 weight-klloss3 0.08174 Loss3: 0.012189717032015324 clean_ce: 0.13155069947242737, adv_ce: 0.7797151803970337, adv_margin: 0.36154472827911377, clean_gate: 0.7397831678390503, teacher_margin: 0.03396828472614288, teacher_margin_gate: 0.6737217903137207, teacher_clean_gate: 1.0, teacher_adv_gate: 1.0, tm_grad_cos: 0.3578810393810272, tm_scale: 1.0, tm_ps_scale: 1.0, pcgrad_conflicts: 5/62
2026-07-04 09:36:17.605 | INFO     | __main__:<module>:917 - lr:0.005176579708984169 weight_nat: 0.2737251305860742, nat_loss: 0.00487856101244688, weight_adv: 0.7262748694139258, adv_loss: 0.00249078799970448 weight-klloss3 0.08174 Loss3: 0.023245252668857574 clean_ce: 0.13389763236045837, adv_ce: 0.6994941234588623, adv_margin: 0.3267582654953003, clean_gate: 0.7497353553771973, teacher_margin: 0.024554362520575523, teacher_margin_gate: 0.6696836352348328, teacher_clean_gate: 1.0, teacher_adv_gate: 1.0, tm_grad_cos: 0.33705368638038635, tm_scale: 1.0, tm_ps_scale: 1.0, pcgrad_conflicts: 4/62
2026-07-04 09:36:56.093 | INFO     | __main__:<module>:917 - lr:0.005176579708984169 weight_nat: 0.2737251305860742, nat_loss: 0.003881102427840233, weight_adv: 0.7262748694139258, adv_loss: 0.0022922188509255648 weight-klloss3 0.08174 Loss3: 0.018916364759206772 clean_ce: 0.1500333845615387, adv_ce: 0.5960816144943237, adv_margin: 0.2073010355234146, clean_gate: 0.8002438545227051, teacher_margin: 0.02309163473546505, teacher_margin_gate: 0.7340641021728516, teacher_clean_gate: 1.0, teacher_adv_gate: 1.0, tm_grad_cos: 0.26093021035194397, tm_scale: 1.0, tm_ps_scale: 1.0, pcgrad_conflicts: 1/62
2026-07-04 09:37:34.633 | INFO     | __main__:<module>:917 - lr:0.005176579708984169 weight_nat: 0.2737251305860742, nat_loss: 0.003977238666266203, weight_adv: 0.7262748694139258, adv_loss: 0.002950879279524088 weight-klloss3 0.08174 Loss3: 0.01619035191833973 clean_ce: 0.1305561065673828, adv_ce: 0.7693607211112976, adv_margin: 0.3373863101005554, clean_gate: 0.7111517190933228, teacher_margin: 0.056403517723083496, teacher_margin_gate: 0.6498293876647949, teacher_clean_gate: 1.0, teacher_adv_gate: 1.0, tm_grad_cos: 0.42516660690307617, tm_scale: 1.0, tm_ps_scale: 1.0, pcgrad_conflicts: 0/62
2026-07-04 09:38:26.985 | INFO     | __main__:<module>:974 - student robust acc 0.5428, teacher robust acc 0.6786, nat teacher robust acc 0.6043
2026-07-04 09:38:32.536 | INFO     | __main__:<module>:1061 - student natural acc 0.8884, adv teacher natural acc 0.8793, nat teacher natural acc 0.9318
2026-07-04 09:38:32.538 | INFO     | __main__:<module>:482 - the 279th epoch 
2026-07-04 09:38:32.944 | INFO     | __main__:<module>:917 - lr:0.004723582251375188 weight_nat: 0.2737251305860742, nat_loss: 0.004470049869269133, weight_adv: 0.7262748694139258, adv_loss: 0.0025645201094448566 weight-klloss3 0.08174 Loss3: 0.021438881754875183 clean_ce: 0.13730762898921967, adv_ce: 0.739372193813324, adv_margin: 0.33238768577575684, clean_gate: 0.7421208620071411, teacher_margin: 0.04030080512166023, teacher_margin_gate: 0.682220458984375, teacher_clean_gate: 1.0, teacher_adv_gate: 1.0, tm_grad_cos: 0.46483114361763, tm_scale: 1.0, tm_ps_scale: 1.0, pcgrad_conflicts: 1/62
2026-07-04 09:39:11.472 | INFO     | __main__:<module>:917 - lr:0.004723582251375188 weight_nat: 0.2737251305860742, nat_loss: 0.0034760483540594578, weight_adv: 0.7262748694139258, adv_loss: 0.0024396730586886406 weight-klloss3 0.08174 Loss3: 0.021012865006923676 clean_ce: 0.1285582184791565, adv_ce: 0.6743972897529602, adv_margin: 0.28774410486221313, clean_gate: 0.7663697004318237, teacher_margin: 0.03692588582634926, teacher_margin_gate: 0.708177387714386, teacher_clean_gate: 1.0, teacher_adv_gate: 1.0, tm_grad_cos: 0.4014793038368225, tm_scale: 1.0, tm_ps_scale: 1.0, pcgrad_conflicts: 1/62
2026-07-04 09:39:50.008 | INFO     | __main__:<module>:917 - lr:0.004723582251375188 weight_nat: 0.2737251305860742, nat_loss: 0.005333850160241127, weight_adv: 0.7262748694139258, adv_loss: 0.0024000895209610462 weight-klloss3 0.08174 Loss3: 0.03035358339548111 clean_ce: 0.143295556306839, adv_ce: 0.7350809574127197, adv_margin: 0.2991500496864319, clean_gate: 0.7391668558120728, teacher_margin: 0.041896577924489975, teacher_margin_gate: 0.6617010235786438, teacher_clean_gate: 1.0, teacher_adv_gate: 1.0, tm_grad_cos: 0.3176618218421936, tm_scale: 1.0, tm_ps_scale: 1.0, pcgrad_conflicts: 1/62
2026-07-04 09:40:28.591 | INFO     | __main__:<module>:917 - lr:0.004723582251375188 weight_nat: 0.2737251305860742, nat_loss: 0.005132000427693129, weight_adv: 0.7262748694139258, adv_loss: 0.0026545776054263115 weight-klloss3 0.08174 Loss3: 0.022979889065027237 clean_ce: 0.15166854858398438, adv_ce: 0.6506332755088806, adv_margin: 0.2616526484489441, clean_gate: 0.7816822528839111, teacher_margin: 0.02654547430574894, teacher_margin_gate: 0.7091615200042725, teacher_clean_gate: 1.0, teacher_adv_gate: 1.0, tm_grad_cos: 0.28422030806541443, tm_scale: 1.0, tm_ps_scale: 1.0, pcgrad_conflicts: 6/62
2026-07-04 09:41:20.977 | INFO     | __main__:<module>:974 - student robust acc 0.5431, teacher robust acc 0.6786, nat teacher robust acc 0.6045
2026-07-04 09:41:26.612 | INFO     | __main__:<module>:1061 - student natural acc 0.8890, adv teacher natural acc 0.8802, nat teacher natural acc 0.9318
2026-07-04 09:41:26.614 | INFO     | __main__:<module>:482 - the 280th epoch 
2026-07-04 09:41:27.021 | INFO     | __main__:<module>:917 - lr:0.004290380266656729 weight_nat: 0.2737251305860742, nat_loss: 0.003995141480118036, weight_adv: 0.7262748694139258, adv_loss: 0.002300810068845749 weight-klloss3 0.08174 Loss3: 0.015438031405210495 clean_ce: 0.14263874292373657, adv_ce: 0.6318331360816956, adv_margin: 0.26859164237976074, clean_gate: 0.7878081798553467, teacher_margin: 0.037512749433517456, teacher_margin_gate: 0.7316285371780396, teacher_clean_gate: 1.0, teacher_adv_gate: 1.0, tm_grad_cos: 0.3311484754085541, tm_scale: 1.0, tm_ps_scale: 1.0, pcgrad_conflicts: 0/62
2026-07-04 09:42:05.617 | INFO     | __main__:<module>:917 - lr:0.004290380266656729 weight_nat: 0.2737251305860742, nat_loss: 0.003864829195663333, weight_adv: 0.7262748694139258, adv_loss: 0.002353951334953308 weight-klloss3 0.08174 Loss3: 0.022059667855501175 clean_ce: 0.14445757865905762, adv_ce: 0.655410885810852, adv_margin: 0.2571207880973816, clean_gate: 0.7780835628509521, teacher_margin: 0.046936050057411194, teacher_margin_gate: 0.7171577215194702, teacher_clean_gate: 1.0, teacher_adv_gate: 1.0, tm_grad_cos: 0.37795180082321167, tm_scale: 1.0, tm_ps_scale: 1.0, pcgrad_conflicts: 0/62
2026-07-04 09:42:44.193 | INFO     | __main__:<module>:917 - lr:0.004290380266656729 weight_nat: 0.2737251305860742, nat_loss: 0.005240071099251509, weight_adv: 0.7262748694139258, adv_loss: 0.0027681924402713776 weight-klloss3 0.08174 Loss3: 0.02457820251584053 clean_ce: 0.14437568187713623, adv_ce: 0.6829618215560913, adv_margin: 0.25959646701812744, clean_gate: 0.760488748550415, teacher_margin: 0.060646384954452515, teacher_margin_gate: 0.7074016332626343, teacher_clean_gate: 1.0, teacher_adv_gate: 1.0, tm_grad_cos: 0.4679357707500458, tm_scale: 1.0, tm_ps_scale: 1.0, pcgrad_conflicts: 1/62
2026-07-04 09:43:22.812 | INFO     | __main__:<module>:917 - lr:0.004290380266656729 weight_nat: 0.2737251305860742, nat_loss: 0.004714236594736576, weight_adv: 0.7262748694139258, adv_loss: 0.002408653497695923 weight-klloss3 0.08174 Loss3: 0.02651812508702278 clean_ce: 0.1345571130514145, adv_ce: 0.8412896394729614, adv_margin: 0.4409366846084595, clean_gate: 0.6936162710189819, teacher_margin: 0.04331301152706146, teacher_margin_gate: 0.6294658184051514, teacher_clean_gate: 1.0, teacher_adv_gate: 1.0, tm_grad_cos: 0.41129547357559204, tm_scale: 1.0, tm_ps_scale: 1.0, pcgrad_conflicts: 0/62
2026-07-04 09:44:15.399 | INFO     | __main__:<module>:974 - student robust acc 0.5422, teacher robust acc 0.6782, nat teacher robust acc 0.6060
2026-07-04 09:44:21.202 | INFO     | __main__:<module>:1061 - student natural acc 0.8887, adv teacher natural acc 0.8782, nat teacher natural acc 0.9318
2026-07-04 09:44:21.204 | INFO     | __main__:<module>:482 - the 281th epoch 
2026-07-04 09:44:21.613 | INFO     | __main__:<module>:917 - lr:0.0038771578470128847 weight_nat: 0.2737251305860742, nat_loss: 0.004780856426805258, weight_adv: 0.7262748694139258, adv_loss: 0.002442674245685339 weight-klloss3 0.08174 Loss3: 0.019625775516033173 clean_ce: 0.14440953731536865, adv_ce: 0.5712129473686218, adv_margin: 0.16612759232521057, clean_gate: 0.8032134175300598, teacher_margin: 0.06437475979328156, teacher_margin_gate: 0.737312912940979, teacher_clean_gate: 1.0, teacher_adv_gate: 1.0, tm_grad_cos: 0.5233660936355591, tm_scale: 1.0, tm_ps_scale: 1.0, pcgrad_conflicts: 0/62
2026-07-04 09:45:00.491 | INFO     | __main__:<module>:917 - lr:0.0038771578470128847 weight_nat: 0.2737251305860742, nat_loss: 0.005152839235961437, weight_adv: 0.7262748694139258, adv_loss: 0.0026840900536626577 weight-klloss3 0.08174 Loss3: 0.02915295585989952 clean_ce: 0.13945527374744415, adv_ce: 0.7241231203079224, adv_margin: 0.2880910038948059, clean_gate: 0.7393844127655029, teacher_margin: 0.03865434229373932, teacher_margin_gate: 0.6567792892456055, teacher_clean_gate: 1.0, teacher_adv_gate: 1.0, tm_grad_cos: 0.3685036897659302, tm_scale: 1.0, tm_ps_scale: 1.0, pcgrad_conflicts: 5/62
2026-07-04 09:45:39.345 | INFO     | __main__:<module>:917 - lr:0.0038771578470128847 weight_nat: 0.2737251305860742, nat_loss: 0.004635999444872141, weight_adv: 0.7262748694139258, adv_loss: 0.0024296208284795284 weight-klloss3 0.08174 Loss3: 0.025012418627738953 clean_ce: 0.16426387429237366, adv_ce: 0.513663113117218, adv_margin: 0.1299351453781128, clean_gate: 0.8245472311973572, teacher_margin: 0.04338902235031128, teacher_margin_gate: 0.7593120336532593, teacher_clean_gate: 1.0, teacher_adv_gate: 1.0, tm_grad_cos: 0.4042331278324127, tm_scale: 1.0, tm_ps_scale: 1.0, pcgrad_conflicts: 1/62
2026-07-04 09:46:18.175 | INFO     | __main__:<module>:917 - lr:0.0038771578470128847 weight_nat: 0.2737251305860742, nat_loss: 0.004292013589292765, weight_adv: 0.7262748694139258, adv_loss: 0.0027125414926558733 weight-klloss3 0.08174 Loss3: 0.028987672179937363 clean_ce: 0.14750483632087708, adv_ce: 0.6973688006401062, adv_margin: 0.2800352871417999, clean_gate: 0.7619312405586243, teacher_margin: 0.04689428210258484, teacher_margin_gate: 0.7153948545455933, teacher_clean_gate: 1.0, teacher_adv_gate: 1.0, tm_grad_cos: 0.43333378434181213, tm_scale: 1.0, tm_ps_scale: 1.0, pcgrad_conflicts: 0/62
2026-07-04 09:47:10.891 | INFO     | __main__:<module>:974 - student robust acc 0.5414, teacher robust acc 0.6765, nat teacher robust acc 0.6040
2026-07-04 09:47:16.490 | INFO     | __main__:<module>:1061 - student natural acc 0.8893, adv teacher natural acc 0.8793, nat teacher natural acc 0.9318
2026-07-04 09:47:16.491 | INFO     | __main__:<module>:482 - the 282th epoch 
2026-07-04 09:47:16.898 | INFO     | __main__:<module>:917 - lr:0.003484090171470245 weight_nat: 0.2737251305860742, nat_loss: 0.0035294690169394016, weight_adv: 0.7262748694139258, adv_loss: 0.0022439067251980305 weight-klloss3 0.08174 Loss3: 0.020962096750736237 clean_ce: 0.13606227934360504, adv_ce: 0.6304114460945129, adv_margin: 0.23853331804275513, clean_gate: 0.7754669189453125, teacher_margin: 0.03250085934996605, teacher_margin_gate: 0.7098920345306396, teacher_clean_gate: 1.0, teacher_adv_gate: 1.0, tm_grad_cos: 0.39343249797821045, tm_scale: 1.0, tm_ps_scale: 1.0, pcgrad_conflicts: 0/62
2026-07-04 09:47:55.393 | INFO     | __main__:<module>:917 - lr:0.003484090171470245 weight_nat: 0.2737251305860742, nat_loss: 0.005488900002092123, weight_adv: 0.7262748694139258, adv_loss: 0.002964785322546959 weight-klloss3 0.08174 Loss3: 0.024839652702212334 clean_ce: 0.12527436017990112, adv_ce: 0.8711332082748413, adv_margin: 0.42755791544914246, clean_gate: 0.6865638494491577, teacher_margin: 0.04809243232011795, teacher_margin_gate: 0.6189643740653992, teacher_clean_gate: 1.0, teacher_adv_gate: 1.0, tm_grad_cos: 0.3564980626106262, tm_scale: 1.0, tm_ps_scale: 1.0, pcgrad_conflicts: 1/62
2026-07-04 09:48:33.905 | INFO     | __main__:<module>:917 - lr:0.003484090171470245 weight_nat: 0.2737251305860742, nat_loss: 0.0037982482463121414, weight_adv: 0.7262748694139258, adv_loss: 0.0023068618029356003 weight-klloss3 0.08174 Loss3: 0.021116875112056732 clean_ce: 0.13904517889022827, adv_ce: 0.6940476894378662, adv_margin: 0.3120555579662323, clean_gate: 0.7698036432266235, teacher_margin: 0.03338664770126343, teacher_margin_gate: 0.7132192850112915, teacher_clean_gate: 1.0, teacher_adv_gate: 1.0, tm_grad_cos: 0.3484072983264923, tm_scale: 1.0, tm_ps_scale: 1.0, pcgrad_conflicts: 1/62
2026-07-04 09:49:12.396 | INFO     | __main__:<module>:917 - lr:0.003484090171470245 weight_nat: 0.2737251305860742, nat_loss: 0.004878637846559286, weight_adv: 0.7262748694139258, adv_loss: 0.002233601873740554 weight-klloss3 0.08174 Loss3: 0.023355811834335327 clean_ce: 0.15747201442718506, adv_ce: 0.5747818946838379, adv_margin: 0.19696754217147827, clean_gate: 0.8044971227645874, teacher_margin: 0.03287462890148163, teacher_margin_gate: 0.7388134598731995, teacher_clean_gate: 1.0, teacher_adv_gate: 1.0, tm_grad_cos: 0.2761564254760742, tm_scale: 1.0, tm_ps_scale: 1.0, pcgrad_conflicts: 3/62
2026-07-04 09:50:04.792 | INFO     | __main__:<module>:974 - student robust acc 0.5423, teacher robust acc 0.6771, nat teacher robust acc 0.6055
2026-07-04 09:50:10.380 | INFO     | __main__:<module>:1061 - student natural acc 0.8889, adv teacher natural acc 0.8793, nat teacher natural acc 0.9318
2026-07-04 09:50:10.382 | INFO     | __main__:<module>:482 - the 283th epoch 
2026-07-04 09:50:10.789 | INFO     | __main__:<module>:917 - lr:0.0031113434300391535 weight_nat: 0.2737251305860742, nat_loss: 0.005724753253161907, weight_adv: 0.7262748694139258, adv_loss: 0.002357754623517394 weight-klloss3 0.08174 Loss3: 0.020687587559223175 clean_ce: 0.15721336007118225, adv_ce: 0.5136877298355103, adv_margin: 0.15874972939491272, clean_gate: 0.8244928121566772, teacher_margin: 0.03251047059893608, teacher_margin_gate: 0.7628820538520813, teacher_clean_gate: 1.0, teacher_adv_gate: 1.0, tm_grad_cos: 0.4027394950389862, tm_scale: 1.0, tm_ps_scale: 1.0, pcgrad_conflicts: 0/62
2026-07-04 09:50:49.308 | INFO     | __main__:<module>:917 - lr:0.0031113434300391535 weight_nat: 0.2737251305860742, nat_loss: 0.004209635779261589, weight_adv: 0.7262748694139258, adv_loss: 0.0027627903036773205 weight-klloss3 0.08174 Loss3: 0.017220284789800644 clean_ce: 0.13759440183639526, adv_ce: 0.6905595064163208, adv_margin: 0.23819801211357117, clean_gate: 0.7380329370498657, teacher_margin: 0.03767728805541992, teacher_margin_gate: 0.6508987545967102, teacher_clean_gate: 1.0, teacher_adv_gate: 1.0, tm_grad_cos: 0.3258756399154663, tm_scale: 1.0, tm_ps_scale: 1.0, pcgrad_conflicts: 0/62
2026-07-04 09:51:27.831 | INFO     | __main__:<module>:917 - lr:0.0031113434300391535 weight_nat: 0.2737251305860742, nat_loss: 0.004107491113245487, weight_adv: 0.7262748694139258, adv_loss: 0.0026403137017041445 weight-klloss3 0.08174 Loss3: 0.027020219713449478 clean_ce: 0.14143222570419312, adv_ce: 0.7307469844818115, adv_margin: 0.2943389117717743, clean_gate: 0.7548284530639648, teacher_margin: 0.03791660815477371, teacher_margin_gate: 0.69576096534729, teacher_clean_gate: 1.0, teacher_adv_gate: 1.0, tm_grad_cos: 0.4058529734611511, tm_scale: 1.0, tm_ps_scale: 1.0, pcgrad_conflicts: 0/62
2026-07-04 09:52:06.352 | INFO     | __main__:<module>:917 - lr:0.0031113434300391535 weight_nat: 0.2737251305860742, nat_loss: 0.00386025314219296, weight_adv: 0.7262748694139258, adv_loss: 0.0021197188179939985 weight-klloss3 0.08174 Loss3: 0.023770688101649284 clean_ce: 0.13841941952705383, adv_ce: 0.6304511427879333, adv_margin: 0.2424703985452652, clean_gate: 0.7733124494552612, teacher_margin: 0.027448046952486038, teacher_margin_gate: 0.7002594470977783, teacher_clean_gate: 1.0, teacher_adv_gate: 1.0, tm_grad_cos: 0.2640731632709503, tm_scale: 1.0, tm_ps_scale: 1.0, pcgrad_conflicts: 2/62
2026-07-04 09:52:58.778 | INFO     | __main__:<module>:974 - student robust acc 0.5417, teacher robust acc 0.6780, nat teacher robust acc 0.6016
2026-07-04 09:53:04.378 | INFO     | __main__:<module>:1061 - student natural acc 0.8896, adv teacher natural acc 0.8790, nat teacher natural acc 0.9318
2026-07-04 09:53:04.379 | INFO     | __main__:<module>:482 - the 284th epoch 
2026-07-04 09:53:04.792 | INFO     | __main__:<module>:917 - lr:0.0027590747518870004 weight_nat: 0.2737251305860742, nat_loss: 0.0037899580784142017, weight_adv: 0.7262748694139258, adv_loss: 0.0024802712723612785 weight-klloss3 0.08174 Loss3: 0.026308443397283554 clean_ce: 0.14138710498809814, adv_ce: 0.5834405422210693, adv_margin: 0.16348282992839813, clean_gate: 0.8019533157348633, teacher_margin: 0.04165665805339813, teacher_margin_gate: 0.7462804317474365, teacher_clean_gate: 1.0, teacher_adv_gate: 1.0, tm_grad_cos: 0.4252941608428955, tm_scale: 1.0, tm_ps_scale: 1.0, pcgrad_conflicts: 0/62
2026-07-04 09:53:43.377 | INFO     | __main__:<module>:917 - lr:0.0027590747518870004 weight_nat: 0.2737251305860742, nat_loss: 0.005172403063625097, weight_adv: 0.7262748694139258, adv_loss: 0.0024212258867919445 weight-klloss3 0.08174 Loss3: 0.026283998042345047 clean_ce: 0.1448347270488739, adv_ce: 0.6576352119445801, adv_margin: 0.25747162103652954, clean_gate: 0.762372612953186, teacher_margin: 0.03330128639936447, teacher_margin_gate: 0.6805986166000366, teacher_clean_gate: 1.0, teacher_adv_gate: 1.0, tm_grad_cos: 0.36287328600883484, tm_scale: 1.0, tm_ps_scale: 1.0, pcgrad_conflicts: 3/62
2026-07-04 09:54:21.957 | INFO     | __main__:<module>:917 - lr:0.0027590747518870004 weight_nat: 0.2737251305860742, nat_loss: 0.004790342412889004, weight_adv: 0.7262748694139258, adv_loss: 0.00200344854965806 weight-klloss3 0.08174 Loss3: 0.02186691015958786 clean_ce: 0.15727996826171875, adv_ce: 0.47806215286254883, adv_margin: 0.11694885045289993, clean_gate: 0.8359737396240234, teacher_margin: 0.01864311471581459, teacher_margin_gate: 0.770716667175293, teacher_clean_gate: 1.0, teacher_adv_gate: 1.0, tm_grad_cos: 0.32240599393844604, tm_scale: 1.0, tm_ps_scale: 1.0, pcgrad_conflicts: 6/62
2026-07-04 09:55:00.523 | INFO     | __main__:<module>:917 - lr:0.0027590747518870004 weight_nat: 0.2737251305860742, nat_loss: 0.0035198982805013657, weight_adv: 0.7262748694139258, adv_loss: 0.0024674227461218834 weight-klloss3 0.08174 Loss3: 0.015093386173248291 clean_ce: 0.13929331302642822, adv_ce: 0.6205855011940002, adv_margin: 0.24167245626449585, clean_gate: 0.7802426815032959, teacher_margin: 0.034790221601724625, teacher_margin_gate: 0.7028655409812927, teacher_clean_gate: 1.0, teacher_adv_gate: 1.0, tm_grad_cos: 0.319407194852829, tm_scale: 1.0, tm_ps_scale: 1.0, pcgrad_conflicts: 1/62
2026-07-04 09:55:52.927 | INFO     | __main__:<module>:974 - student robust acc 0.5423, teacher robust acc 0.6783, nat teacher robust acc 0.5999
2026-07-04 09:55:58.532 | INFO     | __main__:<module>:1061 - student natural acc 0.8889, adv teacher natural acc 0.8795, nat teacher natural acc 0.9318
2026-07-04 09:55:58.534 | INFO     | __main__:<module>:482 - the 285th epoch 
2026-07-04 09:55:58.942 | INFO     | __main__:<module>:917 - lr:0.0024274321375744377 weight_nat: 0.2737251305860742, nat_loss: 0.004681028891354799, weight_adv: 0.7262748694139258, adv_loss: 0.002397218719124794 weight-klloss3 0.08174 Loss3: 0.03064236417412758 clean_ce: 0.14189893007278442, adv_ce: 0.5929262638092041, adv_margin: 0.18774819374084473, clean_gate: 0.7870514392852783, teacher_margin: 0.033885929733514786, teacher_margin_gate: 0.7085367441177368, teacher_clean_gate: 1.0, teacher_adv_gate: 1.0, tm_grad_cos: 0.3702550530433655, tm_scale: 1.0, tm_ps_scale: 1.0, pcgrad_conflicts: 4/62
2026-07-04 09:56:37.429 | INFO     | __main__:<module>:917 - lr:0.0024274321375744377 weight_nat: 0.2737251305860742, nat_loss: 0.004251967649906874, weight_adv: 0.7262748694139258, adv_loss: 0.0028943822253495455 weight-klloss3 0.08174 Loss3: 0.015721194446086884 clean_ce: 0.1383659988641739, adv_ce: 0.5933169722557068, adv_margin: 0.22405295073986053, clean_gate: 0.7946001291275024, teacher_margin: 0.04510926455259323, teacher_margin_gate: 0.726330041885376, teacher_clean_gate: 1.0, teacher_adv_gate: 1.0, tm_grad_cos: 0.3811352849006653, tm_scale: 1.0, tm_ps_scale: 1.0, pcgrad_conflicts: 0/62
2026-07-04 09:57:15.917 | INFO     | __main__:<module>:917 - lr:0.0024274321375744377 weight_nat: 0.2737251305860742, nat_loss: 0.0036759672220796347, weight_adv: 0.7262748694139258, adv_loss: 0.0026982331182807684 weight-klloss3 0.08174 Loss3: 0.019278284162282944 clean_ce: 0.1335940957069397, adv_ce: 0.7074850797653198, adv_margin: 0.27295708656311035, clean_gate: 0.7448947429656982, teacher_margin: 0.04282819852232933, teacher_margin_gate: 0.6625712513923645, teacher_clean_gate: 1.0, teacher_adv_gate: 1.0, tm_grad_cos: 0.3534168601036072, tm_scale: 1.0, tm_ps_scale: 1.0, pcgrad_conflicts: 3/62
2026-07-04 09:57:54.388 | INFO     | __main__:<module>:917 - lr:0.0024274321375744377 weight_nat: 0.2737251305860742, nat_loss: 0.005395809654146433, weight_adv: 0.7262748694139258, adv_loss: 0.002405969426035881 weight-klloss3 0.08174 Loss3: 0.027733320370316505 clean_ce: 0.15373259782791138, adv_ce: 0.6081326007843018, adv_margin: 0.172052800655365, clean_gate: 0.7763358354568481, teacher_margin: 0.04412427544593811, teacher_margin_gate: 0.7066185474395752, teacher_clean_gate: 1.0, teacher_adv_gate: 1.0, tm_grad_cos: 0.3469976782798767, tm_scale: 1.0, tm_ps_scale: 1.0, pcgrad_conflicts: 1/62
2026-07-04 09:58:46.798 | INFO     | __main__:<module>:974 - student robust acc 0.5408, teacher robust acc 0.6793, nat teacher robust acc 0.6015
2026-07-04 09:58:52.471 | INFO     | __main__:<module>:1061 - student natural acc 0.8888, adv teacher natural acc 0.8794, nat teacher natural acc 0.9318
2026-07-04 09:58:52.473 | INFO     | __main__:<module>:482 - the 286th epoch 
2026-07-04 09:58:52.887 | INFO     | __main__:<module>:917 - lr:0.002116554395384172 weight_nat: 0.2737251305860742, nat_loss: 0.003880868898704648, weight_adv: 0.7262748694139258, adv_loss: 0.0021210943814367056 weight-klloss3 0.08174 Loss3: 0.0215268824249506 clean_ce: 0.13976967334747314, adv_ce: 0.7218433022499084, adv_margin: 0.2853087782859802, clean_gate: 0.7454081773757935, teacher_margin: 0.029429841786623, teacher_margin_gate: 0.6650550365447998, teacher_clean_gate: 1.0, teacher_adv_gate: 1.0, tm_grad_cos: 0.3142556846141815, tm_scale: 1.0, tm_ps_scale: 1.0, pcgrad_conflicts: 0/62
2026-07-04 09:59:31.752 | INFO     | __main__:<module>:917 - lr:0.002116554395384172 weight_nat: 0.2737251305860742, nat_loss: 0.004221122246235609, weight_adv: 0.7262748694139258, adv_loss: 0.002014256315305829 weight-klloss3 0.08174 Loss3: 0.019878603518009186 clean_ce: 0.1280372142791748, adv_ce: 0.6750814914703369, adv_margin: 0.30239835381507874, clean_gate: 0.7628588676452637, teacher_margin: 0.03418882563710213, teacher_margin_gate: 0.7081015706062317, teacher_clean_gate: 1.0, teacher_adv_gate: 1.0, tm_grad_cos: 0.332815557718277, tm_scale: 1.0, tm_ps_scale: 1.0, pcgrad_conflicts: 7/62
2026-07-04 10:00:10.619 | INFO     | __main__:<module>:917 - lr:0.002116554395384172 weight_nat: 0.2737251305860742, nat_loss: 0.004359468352049589, weight_adv: 0.7262748694139258, adv_loss: 0.0023994368966668844 weight-klloss3 0.08174 Loss3: 0.03499753400683403 clean_ce: 0.1407194435596466, adv_ce: 0.6551612019538879, adv_margin: 0.24360111355781555, clean_gate: 0.7688698768615723, teacher_margin: 0.04667951539158821, teacher_margin_gate: 0.7083245515823364, teacher_clean_gate: 1.0, teacher_adv_gate: 1.0, tm_grad_cos: 0.38063517212867737, tm_scale: 1.0, tm_ps_scale: 1.0, pcgrad_conflicts: 0/62
2026-07-04 10:00:49.351 | INFO     | __main__:<module>:917 - lr:0.002116554395384172 weight_nat: 0.2737251305860742, nat_loss: 0.003982126247137785, weight_adv: 0.7262748694139258, adv_loss: 0.002118703443557024 weight-klloss3 0.08174 Loss3: 0.03273501992225647 clean_ce: 0.15267857909202576, adv_ce: 0.5335625410079956, adv_margin: 0.1532505750656128, clean_gate: 0.8209841251373291, teacher_margin: 0.03444826975464821, teacher_margin_gate: 0.7692997455596924, teacher_clean_gate: 1.0, teacher_adv_gate: 1.0, tm_grad_cos: 0.3117423951625824, tm_scale: 1.0, tm_ps_scale: 1.0, pcgrad_conflicts: 0/62
2026-07-04 10:01:41.894 | INFO     | __main__:<module>:974 - student robust acc 0.5412, teacher robust acc 0.6786, nat teacher robust acc 0.6015
2026-07-04 10:01:47.475 | INFO     | __main__:<module>:1061 - student natural acc 0.8889, adv teacher natural acc 0.8790, nat teacher natural acc 0.9318
2026-07-04 10:01:47.477 | INFO     | __main__:<module>:482 - the 287th epoch 
2026-07-04 10:01:47.885 | INFO     | __main__:<module>:917 - lr:0.001826571081769875 weight_nat: 0.2737251305860742, nat_loss: 0.004590263590216637, weight_adv: 0.7262748694139258, adv_loss: 0.0021987217478454113 weight-klloss3 0.08174 Loss3: 0.016561400145292282 clean_ce: 0.14337259531021118, adv_ce: 0.7014966607093811, adv_margin: 0.2945154011249542, clean_gate: 0.7560981512069702, teacher_margin: 0.03287714719772339, teacher_margin_gate: 0.6966089010238647, teacher_clean_gate: 1.0, teacher_adv_gate: 1.0, tm_grad_cos: 0.37485185265541077, tm_scale: 1.0, tm_ps_scale: 1.0, pcgrad_conflicts: 0/62
2026-07-04 10:02:26.353 | INFO     | __main__:<module>:917 - lr:0.001826571081769875 weight_nat: 0.2737251305860742, nat_loss: 0.0047613405622541904, weight_adv: 0.7262748694139258, adv_loss: 0.002385721541941166 weight-klloss3 0.08174 Loss3: 0.020672261714935303 clean_ce: 0.1611480861902237, adv_ce: 0.6346404552459717, adv_margin: 0.2043149173259735, clean_gate: 0.7809187173843384, teacher_margin: 0.030887864530086517, teacher_margin_gate: 0.7042053937911987, teacher_clean_gate: 1.0, teacher_adv_gate: 1.0, tm_grad_cos: 0.3623756170272827, tm_scale: 1.0, tm_ps_scale: 1.0, pcgrad_conflicts: 0/62
2026-07-04 10:03:04.846 | INFO     | __main__:<module>:917 - lr:0.001826571081769875 weight_nat: 0.2737251305860742, nat_loss: 0.003993432968854904, weight_adv: 0.7262748694139258, adv_loss: 0.0025516594760119915 weight-klloss3 0.08174 Loss3: 0.022759268060326576 clean_ce: 0.133218914270401, adv_ce: 0.652206540107727, adv_margin: 0.23891906440258026, clean_gate: 0.7727981805801392, teacher_margin: 0.0496373325586319, teacher_margin_gate: 0.7214723825454712, teacher_clean_gate: 1.0, teacher_adv_gate: 1.0, tm_grad_cos: 0.4718641936779022, tm_scale: 1.0, tm_ps_scale: 1.0, pcgrad_conflicts: 0/62
2026-07-04 10:03:43.310 | INFO     | __main__:<module>:917 - lr:0.001826571081769875 weight_nat: 0.2737251305860742, nat_loss: 0.005384416319429874, weight_adv: 0.7262748694139258, adv_loss: 0.002351062837988138 weight-klloss3 0.08174 Loss3: 0.01684577204287052 clean_ce: 0.14251567423343658, adv_ce: 0.6332365870475769, adv_margin: 0.2333223819732666, clean_gate: 0.777285635471344, teacher_margin: 0.03803539648652077, teacher_margin_gate: 0.7222535610198975, teacher_clean_gate: 1.0, teacher_adv_gate: 1.0, tm_grad_cos: 0.3080783486366272, tm_scale: 1.0, tm_ps_scale: 1.0, pcgrad_conflicts: 6/62
2026-07-04 10:04:35.679 | INFO     | __main__:<module>:974 - student robust acc 0.5427, teacher robust acc 0.6803, nat teacher robust acc 0.6032
2026-07-04 10:04:41.312 | INFO     | __main__:<module>:1061 - student natural acc 0.8888, adv teacher natural acc 0.8797, nat teacher natural acc 0.9318
2026-07-04 10:04:41.313 | INFO     | __main__:<module>:482 - the 288th epoch 
2026-07-04 10:04:41.724 | INFO     | __main__:<module>:917 - lr:0.001557602445950919 weight_nat: 0.2737251305860742, nat_loss: 0.0043907128274440765, weight_adv: 0.7262748694139258, adv_loss: 0.0026026421692222357 weight-klloss3 0.08174 Loss3: 0.02708587795495987 clean_ce: 0.12916114926338196, adv_ce: 0.716001033782959, adv_margin: 0.3309862017631531, clean_gate: 0.7541671991348267, teacher_margin: 0.04366433620452881, teacher_margin_gate: 0.6975983381271362, teacher_clean_gate: 1.0, teacher_adv_gate: 1.0, tm_grad_cos: 0.36085790395736694, tm_scale: 1.0, tm_ps_scale: 1.0, pcgrad_conflicts: 3/62
2026-07-04 10:05:20.235 | INFO     | __main__:<module>:917 - lr:0.001557602445950919 weight_nat: 0.2737251305860742, nat_loss: 0.0042547076009213924, weight_adv: 0.7262748694139258, adv_loss: 0.0028621943201869726 weight-klloss3 0.08174 Loss3: 0.019299663603305817 clean_ce: 0.14841718971729279, adv_ce: 0.5910565257072449, adv_margin: 0.19594909250736237, clean_gate: 0.8005937337875366, teacher_margin: 0.06303605437278748, teacher_margin_gate: 0.744451642036438, teacher_clean_gate: 1.0, teacher_adv_gate: 1.0, tm_grad_cos: 0.48592087626457214, tm_scale: 1.0, tm_ps_scale: 1.0, pcgrad_conflicts: 1/62
2026-07-04 10:05:58.765 | INFO     | __main__:<module>:917 - lr:0.001557602445950919 weight_nat: 0.2737251305860742, nat_loss: 0.00446477672085166, weight_adv: 0.7262748694139258, adv_loss: 0.002459184266626835 weight-klloss3 0.08174 Loss3: 0.019140811637043953 clean_ce: 0.1399208903312683, adv_ce: 0.6877169609069824, adv_margin: 0.27755361795425415, clean_gate: 0.7715460062026978, teacher_margin: 0.03253766521811485, teacher_margin_gate: 0.6917743682861328, teacher_clean_gate: 1.0, teacher_adv_gate: 1.0, tm_grad_cos: 0.3437997102737427, tm_scale: 1.0, tm_ps_scale: 1.0, pcgrad_conflicts: 4/62
2026-07-04 10:06:37.266 | INFO     | __main__:<module>:917 - lr:0.001557602445950919 weight_nat: 0.2737251305860742, nat_loss: 0.004579243715852499, weight_adv: 0.7262748694139258, adv_loss: 0.0021479674614965916 weight-klloss3 0.08174 Loss3: 0.02470467798411846 clean_ce: 0.15191765129566193, adv_ce: 0.622147798538208, adv_margin: 0.2006269246339798, clean_gate: 0.7759761214256287, teacher_margin: 0.0366121381521225, teacher_margin_gate: 0.7035282850265503, teacher_clean_gate: 1.0, teacher_adv_gate: 1.0, tm_grad_cos: 0.3232816755771637, tm_scale: 1.0, tm_ps_scale: 1.0, pcgrad_conflicts: 4/62
2026-07-04 10:07:29.642 | INFO     | __main__:<module>:974 - student robust acc 0.5418, teacher robust acc 0.6796, nat teacher robust acc 0.6007
2026-07-04 10:07:35.266 | INFO     | __main__:<module>:1061 - student natural acc 0.8889, adv teacher natural acc 0.8786, nat teacher natural acc 0.9318
2026-07-04 10:07:35.268 | INFO     | __main__:<module>:482 - the 289th epoch 
2026-07-04 10:07:35.679 | INFO     | __main__:<module>:917 - lr:0.0013097593786767722 weight_nat: 0.2737251305860742, nat_loss: 0.0038411736022681, weight_adv: 0.7262748694139258, adv_loss: 0.0023466600105166435 weight-klloss3 0.08174 Loss3: 0.015946276485919952 clean_ce: 0.1361689269542694, adv_ce: 0.6242228150367737, adv_margin: 0.2210017591714859, clean_gate: 0.779426097869873, teacher_margin: 0.02229495160281658, teacher_margin_gate: 0.696021556854248, teacher_clean_gate: 1.0, teacher_adv_gate: 1.0, tm_grad_cos: 0.29523444175720215, tm_scale: 1.0, tm_ps_scale: 1.0, pcgrad_conflicts: 4/62
2026-07-04 10:08:14.154 | INFO     | __main__:<module>:917 - lr:0.0013097593786767722 weight_nat: 0.2737251305860742, nat_loss: 0.003417978063225746, weight_adv: 0.7262748694139258, adv_loss: 0.0020723436027765274 weight-klloss3 0.08174 Loss3: 0.02169891819357872 clean_ce: 0.1542918086051941, adv_ce: 0.5217351317405701, adv_margin: 0.17219340801239014, clean_gate: 0.8141133785247803, teacher_margin: 0.03398057818412781, teacher_margin_gate: 0.746403694152832, teacher_clean_gate: 1.0, teacher_adv_gate: 1.0, tm_grad_cos: 0.34600040316581726, tm_scale: 1.0, tm_ps_scale: 1.0, pcgrad_conflicts: 1/62
2026-07-04 10:08:52.710 | INFO     | __main__:<module>:917 - lr:0.0013097593786767722 weight_nat: 0.2737251305860742, nat_loss: 0.00438908813521266, weight_adv: 0.7262748694139258, adv_loss: 0.0025177327916026115 weight-klloss3 0.08174 Loss3: 0.016440562903881073 clean_ce: 0.14029192924499512, adv_ce: 0.7436425089836121, adv_margin: 0.28921350836753845, clean_gate: 0.7402544021606445, teacher_margin: 0.043290186673402786, teacher_margin_gate: 0.670767068862915, teacher_clean_gate: 1.0, teacher_adv_gate: 1.0, tm_grad_cos: 0.42057812213897705, tm_scale: 1.0, tm_ps_scale: 1.0, pcgrad_conflicts: 0/62
2026-07-04 10:09:31.205 | INFO     | __main__:<module>:917 - lr:0.0013097593786767722 weight_nat: 0.2737251305860742, nat_loss: 0.005428135860711336, weight_adv: 0.7262748694139258, adv_loss: 0.0026184876915067434 weight-klloss3 0.08174 Loss3: 0.028470579534769058 clean_ce: 0.1500091403722763, adv_ce: 0.7823238968849182, adv_margin: 0.33939799666404724, clean_gate: 0.7299317121505737, teacher_margin: 0.03412291780114174, teacher_margin_gate: 0.6421639919281006, teacher_clean_gate: 1.0, teacher_adv_gate: 1.0, tm_grad_cos: 0.3088081479072571, tm_scale: 1.0, tm_ps_scale: 1.0, pcgrad_conflicts: 0/62
2026-07-04 10:10:23.547 | INFO     | __main__:<module>:974 - student robust acc 0.5412, teacher robust acc 0.6809, nat teacher robust acc 0.6041
2026-07-04 10:10:29.137 | INFO     | __main__:<module>:1061 - student natural acc 0.8891, adv teacher natural acc 0.8788, nat teacher natural acc 0.9318
2026-07-04 10:10:29.139 | INFO     | __main__:<module>:482 - the 290th epoch 
2026-07-04 10:10:29.546 | INFO     | __main__:<module>:917 - lr:0.0010831433651830678 weight_nat: 0.2737251305860742, nat_loss: 0.0038860042113810778, weight_adv: 0.7262748694139258, adv_loss: 0.0023723586928099394 weight-klloss3 0.08174 Loss3: 0.01848534122109413 clean_ce: 0.1363186538219452, adv_ce: 0.6892046332359314, adv_margin: 0.25053638219833374, clean_gate: 0.7603703737258911, teacher_margin: 0.028516024351119995, teacher_margin_gate: 0.681454598903656, teacher_clean_gate: 1.0, teacher_adv_gate: 1.0, tm_grad_cos: 0.2935020625591278, tm_scale: 1.0, tm_ps_scale: 1.0, pcgrad_conflicts: 1/62
2026-07-04 10:11:08.127 | INFO     | __main__:<module>:917 - lr:0.0010831433651830678 weight_nat: 0.2737251305860742, nat_loss: 0.0037230090238153934, weight_adv: 0.7262748694139258, adv_loss: 0.0022627166472375393 weight-klloss3 0.08174 Loss3: 0.017786554992198944 clean_ce: 0.14168158173561096, adv_ce: 0.6735420823097229, adv_margin: 0.2732061445713043, clean_gate: 0.751657247543335, teacher_margin: 0.026277877390384674, teacher_margin_gate: 0.6703023910522461, teacher_clean_gate: 1.0, teacher_adv_gate: 1.0, tm_grad_cos: 0.2753390967845917, tm_scale: 1.0, tm_ps_scale: 1.0, pcgrad_conflicts: 2/62
2026-07-04 10:11:46.806 | INFO     | __main__:<module>:917 - lr:0.0010831433651830678 weight_nat: 0.2737251305860742, nat_loss: 0.0036732018925249577, weight_adv: 0.7262748694139258, adv_loss: 0.002168760634958744 weight-klloss3 0.08174 Loss3: 0.024648413062095642 clean_ce: 0.1336650848388672, adv_ce: 0.6538596153259277, adv_margin: 0.2468363344669342, clean_gate: 0.7628262042999268, teacher_margin: 0.03716083988547325, teacher_margin_gate: 0.6966797113418579, teacher_clean_gate: 1.0, teacher_adv_gate: 1.0, tm_grad_cos: 0.3899957239627838, tm_scale: 1.0, tm_ps_scale: 1.0, pcgrad_conflicts: 0/62
2026-07-04 10:12:25.307 | INFO     | __main__:<module>:917 - lr:0.0010831433651830678 weight_nat: 0.2737251305860742, nat_loss: 0.004510853439569473, weight_adv: 0.7262748694139258, adv_loss: 0.002722145291045308 weight-klloss3 0.08174 Loss3: 0.02522563561797142 clean_ce: 0.15677915513515472, adv_ce: 0.6464505791664124, adv_margin: 0.23184894025325775, clean_gate: 0.7810521125793457, teacher_margin: 0.04533876106142998, teacher_margin_gate: 0.7053597569465637, teacher_clean_gate: 1.0, teacher_adv_gate: 1.0, tm_grad_cos: 0.42466840147972107, tm_scale: 1.0, tm_ps_scale: 1.0, pcgrad_conflicts: 0/62
2026-07-04 10:13:17.674 | INFO     | __main__:<module>:974 - student robust acc 0.5413, teacher robust acc 0.6797, nat teacher robust acc 0.6004
2026-07-04 10:13:23.217 | INFO     | __main__:<module>:1061 - student natural acc 0.8887, adv teacher natural acc 0.8794, nat teacher natural acc 0.9318
2026-07-04 10:13:23.219 | INFO     | __main__:<module>:482 - the 291th epoch 
2026-07-04 10:13:23.625 | INFO     | __main__:<module>:917 - lr:0.0008778464423593912 weight_nat: 0.2737251305860742, nat_loss: 0.0036475230008363724, weight_adv: 0.7262748694139258, adv_loss: 0.002473076805472374 weight-klloss3 0.08174 Loss3: 0.01567104086279869 clean_ce: 0.1353045254945755, adv_ce: 0.7058314681053162, adv_margin: 0.26820510625839233, clean_gate: 0.739599347114563, teacher_margin: 0.03060625120997429, teacher_margin_gate: 0.6513913869857788, teacher_clean_gate: 1.0, teacher_adv_gate: 1.0, tm_grad_cos: 0.23886269330978394, tm_scale: 1.0, tm_ps_scale: 1.0, pcgrad_conflicts: 5/62
2026-07-04 10:14:02.248 | INFO     | __main__:<module>:917 - lr:0.0008778464423593912 weight_nat: 0.2737251305860742, nat_loss: 0.004063050728291273, weight_adv: 0.7262748694139258, adv_loss: 0.0020987102761864662 weight-klloss3 0.08174 Loss3: 0.02906653843820095 clean_ce: 0.1435549259185791, adv_ce: 0.6231815218925476, adv_margin: 0.22677142918109894, clean_gate: 0.7894668579101562, teacher_margin: 0.025612620636820793, teacher_margin_gate: 0.7276222705841064, teacher_clean_gate: 1.0, teacher_adv_gate: 1.0, tm_grad_cos: 0.2826023995876312, tm_scale: 1.0, tm_ps_scale: 1.0, pcgrad_conflicts: 3/62
2026-07-04 10:14:40.775 | INFO     | __main__:<module>:917 - lr:0.0008778464423593912 weight_nat: 0.2737251305860742, nat_loss: 0.004099718295037746, weight_adv: 0.7262748694139258, adv_loss: 0.0022749113850295544 weight-klloss3 0.08174 Loss3: 0.02513604238629341 clean_ce: 0.15486539900302887, adv_ce: 0.5292922258377075, adv_margin: 0.1381024718284607, clean_gate: 0.8272945880889893, teacher_margin: 0.03459014743566513, teacher_margin_gate: 0.7674498558044434, teacher_clean_gate: 1.0, teacher_adv_gate: 1.0, tm_grad_cos: 0.3313956558704376, tm_scale: 1.0, tm_ps_scale: 1.0, pcgrad_conflicts: 3/62
2026-07-04 10:15:19.256 | INFO     | __main__:<module>:917 - lr:0.0008778464423593912 weight_nat: 0.2737251305860742, nat_loss: 0.005143389105796814, weight_adv: 0.7262748694139258, adv_loss: 0.0021101990714669228 weight-klloss3 0.08174 Loss3: 0.023230375722050667 clean_ce: 0.14711123704910278, adv_ce: 0.6669132113456726, adv_margin: 0.26458287239074707, clean_gate: 0.763091504573822, teacher_margin: 0.02446582540869713, teacher_margin_gate: 0.6872021555900574, teacher_clean_gate: 1.0, teacher_adv_gate: 1.0, tm_grad_cos: 0.21813872456550598, tm_scale: 1.0, tm_ps_scale: 1.0, pcgrad_conflicts: 1/62
2026-07-04 10:16:12.137 | INFO     | __main__:<module>:974 - student robust acc 0.5403, teacher robust acc 0.6801, nat teacher robust acc 0.5962
2026-07-04 10:16:17.735 | INFO     | __main__:<module>:1061 - student natural acc 0.8891, adv teacher natural acc 0.8796, nat teacher natural acc 0.9318
2026-07-04 10:16:17.737 | INFO     | __main__:<module>:482 - the 292th epoch 
2026-07-04 10:16:18.143 | INFO     | __main__:<module>:917 - lr:0.0006939511601469648 weight_nat: 0.2737251305860742, nat_loss: 0.0038730173837393522, weight_adv: 0.7262748694139258, adv_loss: 0.002008490264415741 weight-klloss3 0.08174 Loss3: 0.01629275642335415 clean_ce: 0.1395517885684967, adv_ce: 0.5819487571716309, adv_margin: 0.2043212205171585, clean_gate: 0.7840649485588074, teacher_margin: 0.031744375824928284, teacher_margin_gate: 0.7176288366317749, teacher_clean_gate: 1.0, teacher_adv_gate: 1.0, tm_grad_cos: 0.3236366808414459, tm_scale: 1.0, tm_ps_scale: 1.0, pcgrad_conflicts: 0/62
2026-07-04 10:16:56.880 | INFO     | __main__:<module>:917 - lr:0.0006939511601469648 weight_nat: 0.2737251305860742, nat_loss: 0.003557262709364295, weight_adv: 0.7262748694139258, adv_loss: 0.002411309629678726 weight-klloss3 0.08174 Loss3: 0.019012030214071274 clean_ce: 0.14006635546684265, adv_ce: 0.662949800491333, adv_margin: 0.2454110085964203, clean_gate: 0.7599499225616455, teacher_margin: 0.02453828975558281, teacher_margin_gate: 0.685718297958374, teacher_clean_gate: 1.0, teacher_adv_gate: 1.0, tm_grad_cos: 0.3349507451057434, tm_scale: 1.0, tm_ps_scale: 1.0, pcgrad_conflicts: 2/62
2026-07-04 10:17:35.633 | INFO     | __main__:<module>:917 - lr:0.0006939511601469648 weight_nat: 0.2737251305860742, nat_loss: 0.004012878518551588, weight_adv: 0.7262748694139258, adv_loss: 0.0019800709560513496 weight-klloss3 0.08174 Loss3: 0.02111135795712471 clean_ce: 0.1479458510875702, adv_ce: 0.6180850267410278, adv_margin: 0.20417295396327972, clean_gate: 0.7854801416397095, teacher_margin: 0.032819975167512894, teacher_margin_gate: 0.7233001589775085, teacher_clean_gate: 1.0, teacher_adv_gate: 1.0, tm_grad_cos: 0.3356499969959259, tm_scale: 1.0, tm_ps_scale: 1.0, pcgrad_conflicts: 0/62
2026-07-04 10:18:14.273 | INFO     | __main__:<module>:917 - lr:0.0006939511601469648 weight_nat: 0.2737251305860742, nat_loss: 0.004139991942793131, weight_adv: 0.7262748694139258, adv_loss: 0.002477080561220646 weight-klloss3 0.08174 Loss3: 0.027707751840353012 clean_ce: 0.13920560479164124, adv_ce: 0.685029149055481, adv_margin: 0.2814505696296692, clean_gate: 0.7502295970916748, teacher_margin: 0.04246603697538376, teacher_margin_gate: 0.6913316249847412, teacher_clean_gate: 1.0, teacher_adv_gate: 1.0, tm_grad_cos: 0.41614261269569397, tm_scale: 1.0, tm_ps_scale: 1.0, pcgrad_conflicts: 1/62
2026-07-04 10:19:06.841 | INFO     | __main__:<module>:974 - student robust acc 0.5410, teacher robust acc 0.6798, nat teacher robust acc 0.6033
2026-07-04 10:19:12.506 | INFO     | __main__:<module>:1061 - student natural acc 0.8893, adv teacher natural acc 0.8797, nat teacher natural acc 0.9318
2026-07-04 10:19:12.508 | INFO     | __main__:<module>:482 - the 293th epoch 
2026-07-04 10:19:12.914 | INFO     | __main__:<module>:917 - lr:0.000531530547182537 weight_nat: 0.2737251305860742, nat_loss: 0.004153796471655369, weight_adv: 0.7262748694139258, adv_loss: 0.0024831024929881096 weight-klloss3 0.08174 Loss3: 0.021140702068805695 clean_ce: 0.11998186260461807, adv_ce: 0.8122295141220093, adv_margin: 0.42347627878189087, clean_gate: 0.712005615234375, teacher_margin: 0.0269333329051733, teacher_margin_gate: 0.6486241817474365, teacher_clean_gate: 1.0, teacher_adv_gate: 1.0, tm_grad_cos: 0.24002978205680847, tm_scale: 1.0, tm_ps_scale: 1.0, pcgrad_conflicts: 1/62
2026-07-04 10:19:51.513 | INFO     | __main__:<module>:917 - lr:0.000531530547182537 weight_nat: 0.2737251305860742, nat_loss: 0.003621575189754367, weight_adv: 0.7262748694139258, adv_loss: 0.0030683609656989574 weight-klloss3 0.08174 Loss3: 0.015776026993989944 clean_ce: 0.13082468509674072, adv_ce: 0.6490116119384766, adv_margin: 0.275496244430542, clean_gate: 0.7722890973091125, teacher_margin: 0.025079602375626564, teacher_margin_gate: 0.7086653709411621, teacher_clean_gate: 1.0, teacher_adv_gate: 1.0, tm_grad_cos: 0.2826388478279114, tm_scale: 1.0, tm_ps_scale: 1.0, pcgrad_conflicts: 0/62
2026-07-04 10:20:30.059 | INFO     | __main__:<module>:917 - lr:0.000531530547182537 weight_nat: 0.2737251305860742, nat_loss: 0.0032625736203044653, weight_adv: 0.7262748694139258, adv_loss: 0.0023322775959968567 weight-klloss3 0.08174 Loss3: 0.021396338939666748 clean_ce: 0.15263797342777252, adv_ce: 0.5638307929039001, adv_margin: 0.14961665868759155, clean_gate: 0.8016946315765381, teacher_margin: 0.039492860436439514, teacher_margin_gate: 0.7407635450363159, teacher_clean_gate: 1.0, teacher_adv_gate: 1.0, tm_grad_cos: 0.38655686378479004, tm_scale: 1.0, tm_ps_scale: 1.0, pcgrad_conflicts: 0/62
2026-07-04 10:21:08.494 | INFO     | __main__:<module>:917 - lr:0.000531530547182537 weight_nat: 0.2737251305860742, nat_loss: 0.004897293634712696, weight_adv: 0.7262748694139258, adv_loss: 0.002167853992432356 weight-klloss3 0.08174 Loss3: 0.02088705264031887 clean_ce: 0.15833517909049988, adv_ce: 0.6416504383087158, adv_margin: 0.2241436243057251, clean_gate: 0.7819263935089111, teacher_margin: 0.03980033099651337, teacher_margin_gate: 0.7176227569580078, teacher_clean_gate: 1.0, teacher_adv_gate: 1.0, tm_grad_cos: 0.41018620133399963, tm_scale: 1.0, tm_ps_scale: 1.0, pcgrad_conflicts: 0/62
2026-07-04 10:22:00.829 | INFO     | __main__:<module>:974 - student robust acc 0.5407, teacher robust acc 0.6796, nat teacher robust acc 0.5964
2026-07-04 10:22:06.424 | INFO     | __main__:<module>:1061 - student natural acc 0.8893, adv teacher natural acc 0.8790, nat teacher natural acc 0.9318
2026-07-04 10:22:06.426 | INFO     | __main__:<module>:482 - the 294th epoch 
2026-07-04 10:22:06.838 | INFO     | __main__:<module>:917 - lr:0.000390648080702743 weight_nat: 0.2737251305860742, nat_loss: 0.004191689658910036, weight_adv: 0.7262748694139258, adv_loss: 0.002288894960656762 weight-klloss3 0.08174 Loss3: 0.019928067922592163 clean_ce: 0.1299339234828949, adv_ce: 0.7112799882888794, adv_margin: 0.2619800865650177, clean_gate: 0.7534006834030151, teacher_margin: 0.028471454977989197, teacher_margin_gate: 0.6798380613327026, teacher_clean_gate: 1.0, teacher_adv_gate: 1.0, tm_grad_cos: 0.29625675082206726, tm_scale: 1.0, tm_ps_scale: 1.0, pcgrad_conflicts: 0/62
2026-07-04 10:22:45.500 | INFO     | __main__:<module>:917 - lr:0.000390648080702743 weight_nat: 0.2737251305860742, nat_loss: 0.0038338229060173035, weight_adv: 0.7262748694139258, adv_loss: 0.0021329643204808235 weight-klloss3 0.08174 Loss3: 0.017994949594140053 clean_ce: 0.13538268208503723, adv_ce: 0.6745593547821045, adv_margin: 0.2764393389225006, clean_gate: 0.7627245783805847, teacher_margin: 0.023915231227874756, teacher_margin_gate: 0.6857494115829468, teacher_clean_gate: 1.0, teacher_adv_gate: 1.0, tm_grad_cos: 0.218316912651062, tm_scale: 1.0, tm_ps_scale: 1.0, pcgrad_conflicts: 2/62
2026-07-04 10:23:23.942 | INFO     | __main__:<module>:917 - lr:0.000390648080702743 weight_nat: 0.2737251305860742, nat_loss: 0.004530666396021843, weight_adv: 0.7262748694139258, adv_loss: 0.0025181579403579235 weight-klloss3 0.08174 Loss3: 0.029430806636810303 clean_ce: 0.13611648976802826, adv_ce: 0.6627640724182129, adv_margin: 0.2480878233909607, clean_gate: 0.7638641595840454, teacher_margin: 0.031021535396575928, teacher_margin_gate: 0.6855759024620056, teacher_clean_gate: 1.0, teacher_adv_gate: 1.0, tm_grad_cos: 0.33948081731796265, tm_scale: 1.0, tm_ps_scale: 1.0, pcgrad_conflicts: 0/62
2026-07-04 10:24:02.375 | INFO     | __main__:<module>:917 - lr:0.000390648080702743 weight_nat: 0.2737251305860742, nat_loss: 0.0045624724589288235, weight_adv: 0.7262748694139258, adv_loss: 0.0022685108706355095 weight-klloss3 0.08174 Loss3: 0.013837364502251148 clean_ce: 0.14088678359985352, adv_ce: 0.7753151655197144, adv_margin: 0.3638257086277008, clean_gate: 0.7175575494766235, teacher_margin: 0.02736225724220276, teacher_margin_gate: 0.6431276798248291, teacher_clean_gate: 1.0, teacher_adv_gate: 1.0, tm_grad_cos: 0.25411462783813477, tm_scale: 1.0, tm_ps_scale: 1.0, pcgrad_conflicts: 0/62
2026-07-04 10:24:54.614 | INFO     | __main__:<module>:974 - student robust acc 0.5394, teacher robust acc 0.6793, nat teacher robust acc 0.5990
2026-07-04 10:25:00.162 | INFO     | __main__:<module>:1061 - student natural acc 0.8896, adv teacher natural acc 0.8788, nat teacher natural acc 0.9318
2026-07-04 10:25:00.163 | INFO     | __main__:<module>:482 - the 295th epoch 
2026-07-04 10:25:00.573 | INFO     | __main__:<module>:917 - lr:0.00027135766072145613 weight_nat: 0.2737251305860742, nat_loss: 0.004239680711179972, weight_adv: 0.7262748694139258, adv_loss: 0.0025967522524297237 weight-klloss3 0.08174 Loss3: 0.021755410358309746 clean_ce: 0.1352003514766693, adv_ce: 0.6982134580612183, adv_margin: 0.28569310903549194, clean_gate: 0.7609146237373352, teacher_margin: 0.04140257090330124, teacher_margin_gate: 0.6968507766723633, teacher_clean_gate: 1.0, teacher_adv_gate: 1.0, tm_grad_cos: 0.38776683807373047, tm_scale: 1.0, tm_ps_scale: 1.0, pcgrad_conflicts: 0/62
2026-07-04 10:25:39.014 | INFO     | __main__:<module>:917 - lr:0.00027135766072145613 weight_nat: 0.2737251305860742, nat_loss: 0.005772694479674101, weight_adv: 0.7262748694139258, adv_loss: 0.002169796032831073 weight-klloss3 0.08174 Loss3: 0.02916121296584606 clean_ce: 0.1514929234981537, adv_ce: 0.649450421333313, adv_margin: 0.256614625453949, clean_gate: 0.7526458501815796, teacher_margin: 0.03602376952767372, teacher_margin_gate: 0.6833052635192871, teacher_clean_gate: 1.0, teacher_adv_gate: 1.0, tm_grad_cos: 0.4151186943054199, tm_scale: 1.0, tm_ps_scale: 1.0, pcgrad_conflicts: 0/62
2026-07-04 10:26:17.495 | INFO     | __main__:<module>:917 - lr:0.00027135766072145613 weight_nat: 0.2737251305860742, nat_loss: 0.004070537630468607, weight_adv: 0.7262748694139258, adv_loss: 0.002421123441308737 weight-klloss3 0.08174 Loss3: 0.0197590384632349 clean_ce: 0.14485642313957214, adv_ce: 0.6027405261993408, adv_margin: 0.2109498381614685, clean_gate: 0.7939510345458984, teacher_margin: 0.027073871344327927, teacher_margin_gate: 0.7313516139984131, teacher_clean_gate: 1.0, teacher_adv_gate: 1.0, tm_grad_cos: 0.29901596903800964, tm_scale: 1.0, tm_ps_scale: 1.0, pcgrad_conflicts: 6/62
2026-07-04 10:26:55.953 | INFO     | __main__:<module>:917 - lr:0.00027135766072145613 weight_nat: 0.2737251305860742, nat_loss: 0.004112176597118378, weight_adv: 0.7262748694139258, adv_loss: 0.002149534411728382 weight-klloss3 0.08174 Loss3: 0.0145276989787817 clean_ce: 0.13691461086273193, adv_ce: 0.6561967730522156, adv_margin: 0.25328999757766724, clean_gate: 0.7797947525978088, teacher_margin: 0.040888238698244095, teacher_margin_gate: 0.7120903730392456, teacher_clean_gate: 1.0, teacher_adv_gate: 1.0, tm_grad_cos: 0.4027504324913025, tm_scale: 1.0, tm_ps_scale: 1.0, pcgrad_conflicts: 1/62
2026-07-04 10:27:48.269 | INFO     | __main__:<module>:974 - student robust acc 0.5411, teacher robust acc 0.6799, nat teacher robust acc 0.6006
2026-07-04 10:27:53.802 | INFO     | __main__:<module>:1061 - student natural acc 0.8897, adv teacher natural acc 0.8798, nat teacher natural acc 0.9318
2026-07-04 10:27:53.804 | INFO     | __main__:<module>:482 - the 296th epoch 
2026-07-04 10:27:54.209 | INFO     | __main__:<module>:917 - lr:0.00017370358849060823 weight_nat: 0.2737251305860742, nat_loss: 0.00325469090603292, weight_adv: 0.7262748694139258, adv_loss: 0.0023883627727627754 weight-klloss3 0.08174 Loss3: 0.02595093473792076 clean_ce: 0.162550687789917, adv_ce: 0.5936355590820312, adv_margin: 0.1753922998905182, clean_gate: 0.7993561029434204, teacher_margin: 0.03209299221634865, teacher_margin_gate: 0.7266383171081543, teacher_clean_gate: 1.0, teacher_adv_gate: 1.0, tm_grad_cos: 0.28243428468704224, tm_scale: 1.0, tm_ps_scale: 1.0, pcgrad_conflicts: 1/62
2026-07-04 10:28:32.616 | INFO     | __main__:<module>:917 - lr:0.00017370358849060823 weight_nat: 0.2737251305860742, nat_loss: 0.004416672512888908, weight_adv: 0.7262748694139258, adv_loss: 0.002291907323524356 weight-klloss3 0.08174 Loss3: 0.028704792261123657 clean_ce: 0.14251555502414703, adv_ce: 0.7200444936752319, adv_margin: 0.29963165521621704, clean_gate: 0.7495895624160767, teacher_margin: 0.020365051925182343, teacher_margin_gate: 0.6733897924423218, teacher_clean_gate: 1.0, teacher_adv_gate: 1.0, tm_grad_cos: 0.1849737912416458, tm_scale: 1.0, tm_ps_scale: 1.0, pcgrad_conflicts: 12/62
2026-07-04 10:29:10.978 | INFO     | __main__:<module>:917 - lr:0.00017370358849060823 weight_nat: 0.2737251305860742, nat_loss: 0.003997548948973417, weight_adv: 0.7262748694139258, adv_loss: 0.0021595756988972425 weight-klloss3 0.08174 Loss3: 0.01804826781153679 clean_ce: 0.13615815341472626, adv_ce: 0.7160889506340027, adv_margin: 0.31476640701293945, clean_gate: 0.7565155029296875, teacher_margin: 0.018908800557255745, teacher_margin_gate: 0.6889656186103821, teacher_clean_gate: 1.0, teacher_adv_gate: 1.0, tm_grad_cos: 0.22218601405620575, tm_scale: 1.0, tm_ps_scale: 1.0, pcgrad_conflicts: 13/62
2026-07-04 10:29:49.338 | INFO     | __main__:<module>:917 - lr:0.00017370358849060823 weight_nat: 0.2737251305860742, nat_loss: 0.003384449752047658, weight_adv: 0.7262748694139258, adv_loss: 0.0019920929335057735 weight-klloss3 0.08174 Loss3: 0.018298273906111717 clean_ce: 0.1466233879327774, adv_ce: 0.5561665296554565, adv_margin: 0.19702263176441193, clean_gate: 0.8083995580673218, teacher_margin: 0.02288622222840786, teacher_margin_gate: 0.7419014573097229, teacher_clean_gate: 1.0, teacher_adv_gate: 1.0, tm_grad_cos: 0.244733989238739, tm_scale: 1.0, tm_ps_scale: 1.0, pcgrad_conflicts: 1/62
2026-07-04 10:30:41.745 | INFO     | __main__:<module>:974 - student robust acc 0.5407, teacher robust acc 0.6769, nat teacher robust acc 0.5944
2026-07-04 10:30:47.315 | INFO     | __main__:<module>:1061 - student natural acc 0.8899, adv teacher natural acc 0.8792, nat teacher natural acc 0.9318
2026-07-04 10:30:47.317 | INFO     | __main__:<module>:482 - the 297th epoch 
2026-07-04 10:30:47.722 | INFO     | __main__:<module>:917 - lr:9.77205492530278e-05 weight_nat: 0.2737251305860742, nat_loss: 0.0037517377641052008, weight_adv: 0.7262748694139258, adv_loss: 0.0021806382574141026 weight-klloss3 0.08174 Loss3: 0.023490723222494125 clean_ce: 0.14689365029335022, adv_ce: 0.5568628311157227, adv_margin: 0.16900259256362915, clean_gate: 0.8067705631256104, teacher_margin: 0.026629798114299774, teacher_margin_gate: 0.7277578711509705, teacher_clean_gate: 1.0, teacher_adv_gate: 1.0, tm_grad_cos: 0.2186373621225357, tm_scale: 1.0, tm_ps_scale: 1.0, pcgrad_conflicts: 1/62
2026-07-04 10:31:26.204 | INFO     | __main__:<module>:917 - lr:9.77205492530278e-05 weight_nat: 0.2737251305860742, nat_loss: 0.005639224778860807, weight_adv: 0.7262748694139258, adv_loss: 0.0025899559259414673 weight-klloss3 0.08174 Loss3: 0.023735059425234795 clean_ce: 0.14287567138671875, adv_ce: 0.6730115413665771, adv_margin: 0.2720024585723877, clean_gate: 0.7690377235412598, teacher_margin: 0.042351946234703064, teacher_margin_gate: 0.715746283531189, teacher_clean_gate: 1.0, teacher_adv_gate: 1.0, tm_grad_cos: 0.3739160895347595, tm_scale: 1.0, tm_ps_scale: 1.0, pcgrad_conflicts: 1/62
2026-07-04 10:32:04.702 | INFO     | __main__:<module>:917 - lr:9.77205492530278e-05 weight_nat: 0.2737251305860742, nat_loss: 0.0038576386868953705, weight_adv: 0.7262748694139258, adv_loss: 0.002251501427963376 weight-klloss3 0.08174 Loss3: 0.020291317254304886 clean_ce: 0.13195648789405823, adv_ce: 0.6937599778175354, adv_margin: 0.27137893438339233, clean_gate: 0.7440081238746643, teacher_margin: 0.023093463853001595, teacher_margin_gate: 0.657439112663269, teacher_clean_gate: 1.0, teacher_adv_gate: 1.0, tm_grad_cos: 0.3840717673301697, tm_scale: 1.0, tm_ps_scale: 1.0, pcgrad_conflicts: 3/62
2026-07-04 10:32:43.299 | INFO     | __main__:<module>:917 - lr:9.77205492530278e-05 weight_nat: 0.2737251305860742, nat_loss: 0.004490473307669163, weight_adv: 0.7262748694139258, adv_loss: 0.00237651658244431 weight-klloss3 0.08174 Loss3: 0.022435523569583893 clean_ce: 0.1224309504032135, adv_ce: 0.8139622211456299, adv_margin: 0.3883971571922302, clean_gate: 0.7161274552345276, teacher_margin: 0.031364068388938904, teacher_margin_gate: 0.6462181210517883, teacher_clean_gate: 1.0, teacher_adv_gate: 1.0, tm_grad_cos: 0.275910347700119, tm_scale: 1.0, tm_ps_scale: 1.0, pcgrad_conflicts: 10/62
2026-07-04 10:33:36.086 | INFO     | __main__:<module>:974 - student robust acc 0.5394, teacher robust acc 0.6799, nat teacher robust acc 0.6025
2026-07-04 10:33:41.847 | INFO     | __main__:<module>:1061 - student natural acc 0.8898, adv teacher natural acc 0.8804, nat teacher natural acc 0.9318
2026-07-04 10:33:41.849 | INFO     | __main__:<module>:482 - the 298th epoch 
2026-07-04 10:33:42.258 | INFO     | __main__:<module>:917 - lr:4.343359929395441e-05 weight_nat: 0.2737251305860742, nat_loss: 0.004191233776509762, weight_adv: 0.7262748694139258, adv_loss: 0.0021768349688500166 weight-klloss3 0.08174 Loss3: 0.026801200583577156 clean_ce: 0.14015322923660278, adv_ce: 0.6105504035949707, adv_margin: 0.2034371793270111, clean_gate: 0.7698695063591003, teacher_margin: 0.03377702832221985, teacher_margin_gate: 0.6954602599143982, teacher_clean_gate: 1.0, teacher_adv_gate: 1.0, tm_grad_cos: 0.359274685382843, tm_scale: 1.0, tm_ps_scale: 1.0, pcgrad_conflicts: 0/62
2026-07-04 10:34:21.167 | INFO     | __main__:<module>:917 - lr:4.343359929395441e-05 weight_nat: 0.2737251305860742, nat_loss: 0.004172814544290304, weight_adv: 0.7262748694139258, adv_loss: 0.001946114469319582 weight-klloss3 0.08174 Loss3: 0.022366318851709366 clean_ce: 0.14286814630031586, adv_ce: 0.5733890533447266, adv_margin: 0.19239424169063568, clean_gate: 0.8014801740646362, teacher_margin: 0.02891748584806919, teacher_margin_gate: 0.7323362827301025, teacher_clean_gate: 1.0, teacher_adv_gate: 1.0, tm_grad_cos: 0.3649088442325592, tm_scale: 1.0, tm_ps_scale: 1.0, pcgrad_conflicts: 0/62
2026-07-04 10:34:59.993 | INFO     | __main__:<module>:917 - lr:4.343359929395441e-05 weight_nat: 0.2737251305860742, nat_loss: 0.004795182030647993, weight_adv: 0.7262748694139258, adv_loss: 0.00224373210221529 weight-klloss3 0.08174 Loss3: 0.02332267165184021 clean_ce: 0.14519965648651123, adv_ce: 0.6078801155090332, adv_margin: 0.19121053814888, clean_gate: 0.7827452421188354, teacher_margin: 0.03396933898329735, teacher_margin_gate: 0.7137832641601562, teacher_clean_gate: 1.0, teacher_adv_gate: 1.0, tm_grad_cos: 0.3918806314468384, tm_scale: 1.0, tm_ps_scale: 1.0, pcgrad_conflicts: 0/62
2026-07-04 10:35:38.673 | INFO     | __main__:<module>:917 - lr:4.343359929395441e-05 weight_nat: 0.2737251305860742, nat_loss: 0.0030831818003207445, weight_adv: 0.7262748694139258, adv_loss: 0.0020130318589508533 weight-klloss3 0.08174 Loss3: 0.018680822104215622 clean_ce: 0.12469005584716797, adv_ce: 0.7374006509780884, adv_margin: 0.36160141229629517, clean_gate: 0.7339321374893188, teacher_margin: 0.0197024866938591, teacher_margin_gate: 0.6630858182907104, teacher_clean_gate: 1.0, teacher_adv_gate: 1.0, tm_grad_cos: 0.23473617434501648, tm_scale: 1.0, tm_ps_scale: 1.0, pcgrad_conflicts: 0/62
2026-07-04 10:36:32.224 | INFO     | __main__:<module>:974 - student robust acc 0.5409, teacher robust acc 0.6787, nat teacher robust acc 0.5990
2026-07-04 10:36:38.002 | INFO     | __main__:<module>:1061 - student natural acc 0.8901, adv teacher natural acc 0.8795, nat teacher natural acc 0.9318
2026-07-04 10:36:38.004 | INFO     | __main__:<module>:482 - the 299th epoch 
2026-07-04 10:36:38.461 | INFO     | __main__:<module>:917 - lr:1.085815729596553e-05 weight_nat: 0.2737251305860742, nat_loss: 0.00432190764695406, weight_adv: 0.7262748694139258, adv_loss: 0.002353804185986519 weight-klloss3 0.08174 Loss3: 0.0260505061596632 clean_ce: 0.1354396492242813, adv_ce: 0.7763655781745911, adv_margin: 0.350949227809906, clean_gate: 0.726764440536499, teacher_margin: 0.038544923067092896, teacher_margin_gate: 0.6552408933639526, teacher_clean_gate: 1.0, teacher_adv_gate: 1.0, tm_grad_cos: 0.3587023913860321, tm_scale: 1.0, tm_ps_scale: 1.0, pcgrad_conflicts: 2/62
2026-07-04 10:37:17.385 | INFO     | __main__:<module>:917 - lr:1.085815729596553e-05 weight_nat: 0.2737251305860742, nat_loss: 0.0039541893638670444, weight_adv: 0.7262748694139258, adv_loss: 0.0023871567100286484 weight-klloss3 0.08174 Loss3: 0.01960838958621025 clean_ce: 0.14168480038642883, adv_ce: 0.6322958469390869, adv_margin: 0.23936277627944946, clean_gate: 0.7666348218917847, teacher_margin: 0.04062151908874512, teacher_margin_gate: 0.6925838589668274, teacher_clean_gate: 1.0, teacher_adv_gate: 1.0, tm_grad_cos: 0.4356701076030731, tm_scale: 1.0, tm_ps_scale: 1.0, pcgrad_conflicts: 1/62
2026-07-04 10:37:56.390 | INFO     | __main__:<module>:917 - lr:1.085815729596553e-05 weight_nat: 0.2737251305860742, nat_loss: 0.003710384713485837, weight_adv: 0.7262748694139258, adv_loss: 0.0022553259041160345 weight-klloss3 0.08174 Loss3: 0.023169487714767456 clean_ce: 0.14656424522399902, adv_ce: 0.6537665128707886, adv_margin: 0.20916831493377686, clean_gate: 0.7673531770706177, teacher_margin: 0.03325117379426956, teacher_margin_gate: 0.6891696453094482, teacher_clean_gate: 1.0, teacher_adv_gate: 1.0, tm_grad_cos: 0.28012189269065857, tm_scale: 1.0, tm_ps_scale: 1.0, pcgrad_conflicts: 1/62
2026-07-04 10:38:35.298 | INFO     | __main__:<module>:917 - lr:1.085815729596553e-05 weight_nat: 0.2737251305860742, nat_loss: 0.004249930381774902, weight_adv: 0.7262748694139258, adv_loss: 0.0021014087833464146 weight-klloss3 0.08174 Loss3: 0.017360098659992218 clean_ce: 0.14732035994529724, adv_ce: 0.6673540472984314, adv_margin: 0.2803317904472351, clean_gate: 0.7651002407073975, teacher_margin: 0.03150627762079239, teacher_margin_gate: 0.6986356973648071, teacher_clean_gate: 1.0, teacher_adv_gate: 1.0, tm_grad_cos: 0.3384735584259033, tm_scale: 1.0, tm_ps_scale: 1.0, pcgrad_conflicts: 1/62
2026-07-04 10:39:28.337 | INFO     | __main__:<module>:974 - student robust acc 0.5402, teacher robust acc 0.6796, nat teacher robust acc 0.5980
2026-07-04 10:39:34.097 | INFO     | __main__:<module>:1061 - student natural acc 0.8901, adv teacher natural acc 0.8789, nat teacher natural acc 0.9318
2026-07-04 10:39:34.099 | INFO     | __main__:<module>:482 - the 300th epoch 
2026-07-04 10:39:34.508 | INFO     | __main__:<module>:917 - lr:0.0 weight_nat: 0.2737251305860742, nat_loss: 0.00441577285528183, weight_adv: 0.7262748694139258, adv_loss: 0.002543970476835966 weight-klloss3 0.08174 Loss3: 0.0170831810683012 clean_ce: 0.13804121315479279, adv_ce: 0.672873318195343, adv_margin: 0.2639557719230652, clean_gate: 0.767853319644928, teacher_margin: 0.03800784796476364, teacher_margin_gate: 0.6938258409500122, teacher_clean_gate: 1.0, teacher_adv_gate: 1.0, tm_grad_cos: 0.3409450054168701, tm_scale: 1.0, tm_ps_scale: 1.0, pcgrad_conflicts: 0/62
2026-07-04 10:40:13.331 | INFO     | __main__:<module>:917 - lr:0.0 weight_nat: 0.2737251305860742, nat_loss: 0.0035973393823951483, weight_adv: 0.7262748694139258, adv_loss: 0.0022694042418152094 weight-klloss3 0.08174 Loss3: 0.017792046070098877 clean_ce: 0.13728466629981995, adv_ce: 0.7257708311080933, adv_margin: 0.2861860394477844, clean_gate: 0.7337373495101929, teacher_margin: 0.026485778391361237, teacher_margin_gate: 0.6542825698852539, teacher_clean_gate: 1.0, teacher_adv_gate: 1.0, tm_grad_cos: 0.3453863561153412, tm_scale: 1.0, tm_ps_scale: 1.0, pcgrad_conflicts: 4/62
2026-07-04 10:40:52.020 | INFO     | __main__:<module>:917 - lr:0.0 weight_nat: 0.2737251305860742, nat_loss: 0.004019585903733969, weight_adv: 0.7262748694139258, adv_loss: 0.0021949056535959244 weight-klloss3 0.08174 Loss3: 0.022258328273892403 clean_ce: 0.13583648204803467, adv_ce: 0.6678117513656616, adv_margin: 0.27225208282470703, clean_gate: 0.770017147064209, teacher_margin: 0.0246755201369524, teacher_margin_gate: 0.6961276531219482, teacher_clean_gate: 1.0, teacher_adv_gate: 1.0, tm_grad_cos: 0.2916690409183502, tm_scale: 1.0, tm_ps_scale: 1.0, pcgrad_conflicts: 4/62
2026-07-04 10:41:30.658 | INFO     | __main__:<module>:917 - lr:0.0 weight_nat: 0.2737251305860742, nat_loss: 0.0038247646298259497, weight_adv: 0.7262748694139258, adv_loss: 0.0024504077155143023 weight-klloss3 0.08174 Loss3: 0.02172377146780491 clean_ce: 0.14327013492584229, adv_ce: 0.7113469243049622, adv_margin: 0.2541622817516327, clean_gate: 0.742512583732605, teacher_margin: 0.02576565369963646, teacher_margin_gate: 0.6576745510101318, teacher_clean_gate: 1.0, teacher_adv_gate: 1.0, tm_grad_cos: 0.2563754618167877, tm_scale: 1.0, tm_ps_scale: 1.0, pcgrad_conflicts: 1/62
2026-07-04 10:42:23.387 | INFO     | __main__:<module>:974 - student robust acc 0.5402, teacher robust acc 0.6789, nat teacher robust acc 0.5978
2026-07-04 10:42:29.714 | INFO     | __main__:<module>:1061 - student natural acc 0.8903, adv teacher natural acc 0.8786, nat teacher natural acc 0.9318
2026-07-04 10:42:29.716 | INFO     | __main__:<module>:1083 - ============================================================
2026-07-04 10:42:29.716 | INFO     | __main__:<module>:1084 - WEIGHT SPACE AVERAGING (Model Soup)
2026-07-04 10:42:29.716 | INFO     | __main__:<module>:1085 -   pre-margin checkpoint:  ./model/Cifar10_ResNet18_0703_pcgrad_optuna_transfer/student_pre_margin.pth
2026-07-04 10:42:29.716 | INFO     | __main__:<module>:1086 -   post-margin checkpoint: ./model/Cifar10_ResNet18_0703_pcgrad_optuna_transfer/student_best.pth
2026-07-04 10:42:29.716 | INFO     | __main__:<module>:1088 -   alpha = 0.5 (1.0=white-box-optimal, 0.0=black-box-optimal)
2026-07-04 10:42:55.939 | INFO     | __main__:<module>:1139 - Weight-averaged model (alpha=0.5):
2026-07-04 10:42:55.940 | INFO     | __main__:<module>:1140 -   Clean acc:   0.7662
2026-07-04 10:42:55.940 | INFO     | __main__:<module>:1141 -   Robust acc:  0.4145 (white-box PGD-20)
2026-07-04 10:42:55.940 | INFO     | __main__:<module>:1142 -   (Compare with final model: clean=0.8903, robust=0.5402)
2026-07-04 10:42:56.009 | INFO     | __main__:<module>:1148 -   Saved to: ./model/Cifar10_ResNet18_0703_pcgrad_optuna_transfer/student_weight_averaged.pth
2026-07-04 10:42:56.009 | INFO     | __main__:<module>:1149 - ============================================================
2026-07-04 10:42:56.009 | INFO     | __main__:<module>:1152 - Sweeping alpha to find best trade-off...
2026-07-04 10:43:21.873 | INFO     | __main__:<module>:1184 -   alpha=0.0: clean=0.8866, robust=0.5479, score=0.7173
2026-07-04 10:43:47.740 | INFO     | __main__:<module>:1184 -   alpha=0.2: clean=0.7676, robust=0.4307, score=0.5991
2026-07-04 10:44:13.607 | INFO     | __main__:<module>:1184 -   alpha=0.3: clean=0.7356, robust=0.3993, score=0.5675
2026-07-04 10:44:39.477 | INFO     | __main__:<module>:1184 -   alpha=0.4: clean=0.7388, robust=0.3991, score=0.5690
2026-07-04 10:45:05.348 | INFO     | __main__:<module>:1184 -   alpha=0.5: clean=0.7662, robust=0.4145, score=0.5903
2026-07-04 10:45:31.234 | INFO     | __main__:<module>:1184 -   alpha=0.6: clean=0.8030, robust=0.4446, score=0.6238
2026-07-04 10:45:57.108 | INFO     | __main__:<module>:1184 -   alpha=0.7: clean=0.8364, robust=0.4755, score=0.6560
2026-07-04 10:46:23.058 | INFO     | __main__:<module>:1184 -   alpha=0.8: clean=0.8645, robust=0.4989, score=0.6817
2026-07-04 10:46:48.932 | INFO     | __main__:<module>:1184 -   alpha=1.0: clean=0.8870, robust=0.5198, score=0.7034
2026-07-04 10:46:48.932 | INFO     | __main__:<module>:1189 - Best alpha=0.0 with score=0.7173
2026-07-04 10:46:48.932 | INFO     | __main__:<module>:1190 - To use best alpha, set CFG['wa_alpha']=0.0 and re-run
